dataset,backbone,condition,image_idx,silhouette
WRD25,resnet50,clean,0,0.0211230497807264
WRD25,resnet50,clean,1,0.0038268358912318
WRD25,resnet50,clean,2,0.0159569717943668
WRD25,resnet50,clean,3,0.0481678768992424
WRD25,resnet50,clean,4,0.0390637256205081
WRD25,resnet50,clean,5,0.0510395318269729
WRD25,resnet50,clean,6,0.0230587553232908
WRD25,resnet50,clean,7,0.0051461579278111
WRD25,resnet50,clean,8,0.0367468483746051
WRD25,resnet50,clean,9,0.0314853489398956
WRD25,resnet50,clean,10,0.0377102904021739
WRD25,resnet50,clean,11,0.0335523411631584
WRD25,resnet50,clean,12,0.0084540238603949
WRD25,resnet50,clean,13,0.0170921292155981
WRD25,resnet50,clean,14,0.0358742699027061
WRD25,resnet50,clean,15,0.0476259738206863
WRD25,resnet50,clean,16,0.0474541671574115
WRD25,resnet50,clean,17,0.0432471334934234
WRD25,resnet50,clean,18,-0.0066212210804224
WRD25,resnet50,clean,19,-0.003224957967177
WRD25,resnet50,clean,20,0.0252846460789442
WRD25,resnet50,clean,21,0.0565222725272178
WRD25,resnet50,clean,22,0.0303590353578329
WRD25,resnet50,clean,23,0.0504879131913185
WRD25,resnet50,clean,24,0.0577546060085296
WRD25,resnet50,clean,25,0.051459651440382
WRD25,resnet50,clean,26,0.0465791076421737
WRD25,resnet50,clean,27,0.0231250133365392
WRD25,resnet50,clean,28,0.0206700153648853
WRD25,resnet50,clean,29,0.0445148684084415
WRD25,resnet50,clean,30,0.0286806914955377
WRD25,resnet50,clean,31,0.2646174132823944
WRD25,resnet50,clean,32,0.13608118891716
WRD25,resnet50,clean,33,0.0669020637869834
WRD25,resnet50,clean,34,0.0267502609640359
WRD25,resnet50,clean,35,0.0130569543689489
WRD25,resnet50,clean,36,0.0445655658841133
WRD25,resnet50,clean,37,0.0460766442120075
WRD25,resnet50,clean,38,0.0723872557282447
WRD25,resnet50,clean,39,0.2102375775575637
WRD25,resnet50,clean,40,0.0054941079579293
WRD25,resnet50,clean,41,0.096746802330017
WRD25,resnet50,clean,42,0.0619699358940124
WRD25,resnet50,clean,43,0.1183916628360748
WRD25,resnet50,clean,44,0.1004361882805824
WRD25,resnet50,clean,45,0.0060359830968081
WRD25,resnet50,clean,46,0.0188475977629423
WRD25,resnet50,clean,47,0.004533692728728
WRD25,resnet50,clean,48,0.0333060957491397
WRD25,resnet50,clean,49,0.0094668380916118
WRD25,resnet50,clean,50,0.0258874259889125
WRD25,resnet50,clean,51,0.0268235392868518
WRD25,resnet50,clean,52,0.0159144792705774
WRD25,resnet50,clean,53,0.001851909328252
WRD25,resnet50,clean,54,0.0390314795076847
WRD25,resnet50,clean,55,0.041372999548912
WRD25,resnet50,clean,56,0.0548373237252235
WRD25,resnet50,clean,57,0.0231361053884029
WRD25,resnet50,clean,58,-0.0255984291434288
WRD25,resnet50,clean,59,0.001871354994364
WRD25,resnet50,clean,60,0.0183647293597459
WRD25,resnet50,clean,61,0.0151137225329875
WRD25,resnet50,clean,62,0.0332420133054256
WRD25,resnet50,clean,63,0.0110163651406764
WRD25,resnet50,clean,64,0.0308191962540149
WRD25,resnet50,clean,65,0.004121228121221
WRD25,resnet50,clean,66,0.0273905526846647
WRD25,resnet50,clean,67,0.0066422657109797
WRD25,resnet50,clean,68,0.046685341745615
WRD25,resnet50,clean,69,0.0118242148309946
WRD25,resnet50,clean,70,0.0204626806080341
WRD25,resnet50,clean,71,0.0207782015204429
WRD25,resnet50,clean,72,0.019981849938631
WRD25,resnet50,clean,73,0.0210665836930274
WRD25,resnet50,clean,74,0.0273412857204675
WRD25,resnet50,clean,75,0.0418329685926437
WRD25,resnet50,clean,76,0.0113902417942881
WRD25,resnet50,clean,77,0.0098383873701095
WRD25,resnet50,clean,78,0.0095201414078474
WRD25,resnet50,clean,79,0.0179667063057422
WRD25,resnet50,clean,80,0.0358225293457508
WRD25,resnet50,clean,81,0.024843294173479
WRD25,resnet50,clean,82,0.0207358673214912
WRD25,resnet50,clean,83,0.0166141409426927
WRD25,resnet50,clean,84,0.005271753296256
WRD25,resnet50,clean,85,0.0186582636088132
WRD25,resnet50,clean,86,0.063735544681549
WRD25,resnet50,clean,87,0.0407428108155727
WRD25,resnet50,clean,88,0.0370830409228801
WRD25,resnet50,clean,89,0.0221513975411653
WRD25,resnet50,clean,90,0.0581470616161823
WRD25,resnet50,clean,91,0.1819895356893539
WRD25,resnet50,clean,92,0.0543073154985904
WRD25,resnet50,clean,93,0.0238541048020124
WRD25,resnet50,clean,94,0.0750213712453842
WRD25,resnet50,clean,95,0.029704138636589
WRD25,resnet50,clean,96,0.1266388595104217
WRD25,resnet50,clean,97,0.0503642298281192
WRD25,resnet50,clean,98,0.0111801298335194
WRD25,resnet50,clean,99,0.0921089574694633
WRD25,resnet50,clean,100,0.0138976965099573
WRD25,resnet50,clean,101,0.0250334981828928
WRD25,resnet50,clean,102,0.0876403152942657
WRD25,resnet50,clean,103,0.0779266133904457
WRD25,resnet50,clean,104,0.0900728106498718
WRD25,resnet50,clean,105,0.1029379963874816
WRD25,resnet50,clean,106,0.1214538961648941
WRD25,resnet50,clean,107,0.0535738207399845
WRD25,resnet50,clean,108,0.0978479012846946
WRD25,resnet50,clean,109,0.0356897860765457
WRD25,resnet50,clean,110,0.1260532736778259
WRD25,resnet50,clean,111,0.1031839698553085
WRD25,resnet50,clean,112,0.1068209335207939
WRD25,resnet50,clean,113,0.0642046555876731
WRD25,resnet50,clean,114,0.0560261085629463
WRD25,resnet50,clean,115,0.0220747236162424
WRD25,resnet50,clean,116,0.0560365095734596
WRD25,resnet50,clean,117,0.0297038219869136
WRD25,resnet50,clean,118,0.0243334304541349
WRD25,resnet50,clean,119,0.0171313341706991
WRD25,resnet50,clean,120,-0.0149755766615271
WRD25,resnet50,clean,121,0.020052284002304
WRD25,resnet50,clean,122,0.0123391756787896
WRD25,resnet50,clean,123,0.0029860618524253
WRD25,resnet50,clean,124,-0.0095040453597903
WRD25,resnet50,clean,125,0.0205458868294954
WRD25,resnet50,clean,126,0.016979593783617
WRD25,resnet50,clean,127,0.0304906424134969
WRD25,resnet50,clean,128,0.0271279513835906
WRD25,resnet50,clean,129,0.0326497890055179
WRD25,resnet50,clean,130,0.0278787761926651
WRD25,resnet50,clean,131,0.0312435254454612
WRD25,resnet50,clean,132,0.0187991838902235
WRD25,resnet50,clean,133,0.0290393382310867
WRD25,resnet50,clean,134,0.0364097282290458
WRD25,resnet50,clean,135,0.0187510382384061
WRD25,resnet50,clean,136,0.018382953479886
WRD25,resnet50,clean,137,0.0328835807740688
WRD25,resnet50,clean,138,0.0198479499667882
WRD25,resnet50,clean,139,0.0017927188891917
WRD25,resnet50,clean,140,0.0250914543867111
WRD25,resnet50,clean,141,0.0030316819902509
WRD25,resnet50,clean,142,0.0135167520493268
WRD25,resnet50,clean,143,-0.0044574467465281
WRD25,resnet50,clean,144,0.0253426805138587
WRD25,resnet50,clean,145,0.0245648305863142
WRD25,resnet50,clean,146,0.0154661731794476
WRD25,resnet50,clean,147,0.0234224945306777
WRD25,resnet50,clean,148,0.021750746294856
WRD25,resnet50,clean,149,0.0424795746803283
WRD25,resnet50,clean,150,0.0312157236039638
WRD25,resnet50,clean,151,0.0197982881218194
WRD25,resnet50,clean,152,0.0125130340456962
WRD25,resnet50,clean,153,0.0132396193221211
WRD25,resnet50,clean,154,0.0260796379297971
WRD25,resnet50,clean,155,0.0693579837679863
WRD25,resnet50,clean,156,0.0234914701431989
WRD25,resnet50,clean,157,0.0276711042970418
WRD25,resnet50,clean,158,0.0133333001285791
WRD25,resnet50,clean,159,0.027332941070199
WRD25,resnet50,clean,160,0.0050632436759769
WRD25,resnet50,clean,161,0.0201046913862228
WRD25,resnet50,clean,162,0.0189804844558239
WRD25,resnet50,clean,163,0.0057474561035633
WRD25,resnet50,clean,164,0.021767234429717
WRD25,resnet50,clean,165,0.0315764248371124
WRD25,resnet50,clean,166,0.0156354177743196
WRD25,resnet50,clean,167,0.0186528842896223
WRD25,resnet50,clean,168,0.0118527999147772
WRD25,resnet50,clean,169,0.0203898437321186
WRD25,resnet50,clean,170,0.0005736828316003
WRD25,resnet50,clean,171,0.0406338386237621
WRD25,resnet50,clean,172,0.0249012243002653
WRD25,resnet50,clean,173,0.0135151464492082
WRD25,resnet50,clean,174,0.0375394225120544
WRD25,resnet50,clean,175,0.0341262780129909
WRD25,resnet50,clean,176,0.022215636447072
WRD25,resnet50,clean,177,0.0232115127146244
WRD25,resnet50,clean,178,0.020701702684164
WRD25,resnet50,clean,179,0.0292598716914653
WRD25,resnet50,clean,180,0.0156148793175816
WRD25,resnet50,clean,181,0.0342433117330074
WRD25,resnet50,clean,182,0.0039799269288778
WRD25,resnet50,clean,183,0.0167185496538877
WRD25,resnet50,clean,184,0.0403014719486236
WRD25,resnet50,clean,185,0.0124602718278765
WRD25,resnet50,clean,186,0.0222609229385852
WRD25,resnet50,clean,187,0.0150170354172587
WRD25,resnet50,clean,188,0.1284954845905304
WRD25,resnet50,clean,189,0.062182892113924
WRD25,resnet50,clean,190,0.00943224132061
WRD25,resnet50,clean,191,0.0082004712894558
WRD25,resnet50,clean,192,0.0091073280200362
WRD25,resnet50,clean,193,0.0405950844287872
WRD25,resnet50,clean,194,0.0046582436189055
WRD25,resnet50,clean,195,-0.0340409949421882
WRD25,resnet50,clean,196,0.002575836610049
WRD25,resnet50,clean,197,0.022717960178852
WRD25,resnet50,clean,198,0.0067089623771607
WRD25,resnet50,clean,199,0.0552802085876464
WRD25,efficientnet_b3,clean,0,-0.0056460667401552
WRD25,efficientnet_b3,clean,1,0.0111323641613125
WRD25,efficientnet_b3,clean,2,-0.0009814540389925
WRD25,efficientnet_b3,clean,3,0.0008672737167216
WRD25,efficientnet_b3,clean,4,-0.0046943943016231
WRD25,efficientnet_b3,clean,5,0.0176132936030626
WRD25,efficientnet_b3,clean,6,0.0205503106117248
WRD25,efficientnet_b3,clean,7,0.016344329342246
WRD25,efficientnet_b3,clean,8,0.0077770929783582
WRD25,efficientnet_b3,clean,9,0.0175089612603187
WRD25,efficientnet_b3,clean,10,0.0233825724571943
WRD25,efficientnet_b3,clean,11,0.0241957083344459
WRD25,efficientnet_b3,clean,12,-0.0028760957065969
WRD25,efficientnet_b3,clean,13,0.0020719547756016
WRD25,efficientnet_b3,clean,14,0.0026532281190156
WRD25,efficientnet_b3,clean,15,-0.0033597236033529
WRD25,efficientnet_b3,clean,16,-0.0119234807789325
WRD25,efficientnet_b3,clean,17,-0.0039148833602666
WRD25,efficientnet_b3,clean,18,-0.0195900648832321
WRD25,efficientnet_b3,clean,19,-0.0170181617140769
WRD25,efficientnet_b3,clean,20,-0.0208575241267681
WRD25,efficientnet_b3,clean,21,0.0026881350204348
WRD25,efficientnet_b3,clean,22,0.0037290549371391
WRD25,efficientnet_b3,clean,23,0.0043233935721218
WRD25,efficientnet_b3,clean,24,0.0138954799622297
WRD25,efficientnet_b3,clean,25,0.0292000994086265
WRD25,efficientnet_b3,clean,26,0.0100130932405591
WRD25,efficientnet_b3,clean,27,0.0156516209244728
WRD25,efficientnet_b3,clean,28,0.0112438201904296
WRD25,efficientnet_b3,clean,29,0.0379086285829544
WRD25,efficientnet_b3,clean,30,0.0249220877885818
WRD25,efficientnet_b3,clean,31,-0.0086978767067193
WRD25,efficientnet_b3,clean,32,-0.0097383586689829
WRD25,efficientnet_b3,clean,33,0.0325148291885852
WRD25,efficientnet_b3,clean,34,-0.0102228932082653
WRD25,efficientnet_b3,clean,35,0.0156091982498765
WRD25,efficientnet_b3,clean,36,0.0103114377707242
WRD25,efficientnet_b3,clean,37,-0.0024385855067521
WRD25,efficientnet_b3,clean,38,0.0078652771189808
WRD25,efficientnet_b3,clean,39,-0.0098269553855061
WRD25,efficientnet_b3,clean,40,7.019853364909068e-05
WRD25,efficientnet_b3,clean,41,-0.0090056471526622
WRD25,efficientnet_b3,clean,42,0.0146693093702197
WRD25,efficientnet_b3,clean,43,-0.0056317639537155
WRD25,efficientnet_b3,clean,44,-0.0045839985832571
WRD25,efficientnet_b3,clean,45,-0.0047944043762981
WRD25,efficientnet_b3,clean,46,-0.0097270524129271
WRD25,efficientnet_b3,clean,47,0.0044325636699795
WRD25,efficientnet_b3,clean,48,-0.0371878780424594
WRD25,efficientnet_b3,clean,49,0.0587181150913238
WRD25,efficientnet_b3,clean,50,0.010274639353156
WRD25,efficientnet_b3,clean,51,-0.0148486290127038
WRD25,efficientnet_b3,clean,52,-0.0190238784998655
WRD25,efficientnet_b3,clean,53,-0.005241259932518
WRD25,efficientnet_b3,clean,54,0.0182585623115301
WRD25,efficientnet_b3,clean,55,0.0414171330630779
WRD25,efficientnet_b3,clean,56,0.037113606929779
WRD25,efficientnet_b3,clean,57,0.004737673792988
WRD25,efficientnet_b3,clean,58,7.347750943154097e-05
WRD25,efficientnet_b3,clean,59,0.0030120476149022
WRD25,efficientnet_b3,clean,60,0.0015199026092886
WRD25,efficientnet_b3,clean,61,0.0007494450546801
WRD25,efficientnet_b3,clean,62,0.0189381185919046
WRD25,efficientnet_b3,clean,63,0.0033307366538792
WRD25,efficientnet_b3,clean,64,0.0250600799918174
WRD25,efficientnet_b3,clean,65,-0.009577521122992
WRD25,efficientnet_b3,clean,66,-0.0045982510782778
WRD25,efficientnet_b3,clean,67,-0.0058715986087918
WRD25,efficientnet_b3,clean,68,0.0135610504075884
WRD25,efficientnet_b3,clean,69,-0.0013342049205675
WRD25,efficientnet_b3,clean,70,0.0035303148906677
WRD25,efficientnet_b3,clean,71,0.0100918775424361
WRD25,efficientnet_b3,clean,72,0.0194093994796276
WRD25,efficientnet_b3,clean,73,0.0142918583005666
WRD25,efficientnet_b3,clean,74,0.0123702408745884
WRD25,efficientnet_b3,clean,75,0.0265152640640735
WRD25,efficientnet_b3,clean,76,-0.0194786582142114
WRD25,efficientnet_b3,clean,77,-0.0080926306545734
WRD25,efficientnet_b3,clean,78,-0.0074126790277659
WRD25,efficientnet_b3,clean,79,-0.0030951439402997
WRD25,efficientnet_b3,clean,80,-0.0088121201843023
WRD25,efficientnet_b3,clean,81,0.004036673810333
WRD25,efficientnet_b3,clean,82,-0.0123090576380491
WRD25,efficientnet_b3,clean,83,-0.0064883260056376
WRD25,efficientnet_b3,clean,84,-0.0116101754829287
WRD25,efficientnet_b3,clean,85,-0.0058553791604936
WRD25,efficientnet_b3,clean,86,-0.0036776654887944
WRD25,efficientnet_b3,clean,87,0.0259867776185274
WRD25,efficientnet_b3,clean,88,5.210340168559924e-05
WRD25,efficientnet_b3,clean,89,0.0247926637530326
WRD25,efficientnet_b3,clean,90,0.0181591678410768
WRD25,efficientnet_b3,clean,91,0.0225961562246084
WRD25,efficientnet_b3,clean,92,0.0040928963571786
WRD25,efficientnet_b3,clean,93,0.0104373302310705
WRD25,efficientnet_b3,clean,94,0.0141441579908132
WRD25,efficientnet_b3,clean,95,0.0025476915761828
WRD25,efficientnet_b3,clean,96,0.0102843726053833
WRD25,efficientnet_b3,clean,97,0.0049237865023314
WRD25,efficientnet_b3,clean,98,-0.0003973362618125
WRD25,efficientnet_b3,clean,99,0.0037299380637705
WRD25,efficientnet_b3,clean,100,0.0067893825471401
WRD25,efficientnet_b3,clean,101,0.0033278497867286
WRD25,efficientnet_b3,clean,102,0.0182774625718593
WRD25,efficientnet_b3,clean,103,0.0038969158194959
WRD25,efficientnet_b3,clean,104,0.0025720954872667
WRD25,efficientnet_b3,clean,105,0.0051624616608023
WRD25,efficientnet_b3,clean,106,0.0072375563904643
WRD25,efficientnet_b3,clean,107,0.0024414234794676
WRD25,efficientnet_b3,clean,108,0.0218908879905939
WRD25,efficientnet_b3,clean,109,0.003608971601352
WRD25,efficientnet_b3,clean,110,0.0117160314694046
WRD25,efficientnet_b3,clean,111,0.0104268416762351
WRD25,efficientnet_b3,clean,112,0.0243518482893705
WRD25,efficientnet_b3,clean,113,-0.0006197443581186
WRD25,efficientnet_b3,clean,114,-0.0104777924716472
WRD25,efficientnet_b3,clean,115,0.0218096245080232
WRD25,efficientnet_b3,clean,116,-0.024431137368083
WRD25,efficientnet_b3,clean,117,-0.0240748357027769
WRD25,efficientnet_b3,clean,118,0.0068856733851134
WRD25,efficientnet_b3,clean,119,0.0353603065013885
WRD25,efficientnet_b3,clean,120,-0.0147972246631979
WRD25,efficientnet_b3,clean,121,-0.0320379063487052
WRD25,efficientnet_b3,clean,122,0.0329294428229332
WRD25,efficientnet_b3,clean,123,0.0092798573896288
WRD25,efficientnet_b3,clean,124,0.0321695692837238
WRD25,efficientnet_b3,clean,125,-0.0152659304440021
WRD25,efficientnet_b3,clean,126,-0.0014328520046547
WRD25,efficientnet_b3,clean,127,-9.04856060515158e-05
WRD25,efficientnet_b3,clean,128,-0.0052481051534414
WRD25,efficientnet_b3,clean,129,-0.00454290676862
WRD25,efficientnet_b3,clean,130,0.0105687649920582
WRD25,efficientnet_b3,clean,131,-0.0027035942766815
WRD25,efficientnet_b3,clean,132,0.0155679062008857
WRD25,efficientnet_b3,clean,133,-0.0018688450800254
WRD25,efficientnet_b3,clean,134,0.0140779046341776
WRD25,efficientnet_b3,clean,135,-0.0037660445086658
WRD25,efficientnet_b3,clean,136,-0.0026239971630275
WRD25,efficientnet_b3,clean,137,0.0031416304409503
WRD25,efficientnet_b3,clean,138,0.0102973096072673
WRD25,efficientnet_b3,clean,139,-0.004483294673264
WRD25,efficientnet_b3,clean,140,-0.0009260661317966
WRD25,efficientnet_b3,clean,141,0.0019823445472866
WRD25,efficientnet_b3,clean,142,0.0080204335972666
WRD25,efficientnet_b3,clean,143,0.0008590254583396
WRD25,efficientnet_b3,clean,144,0.0152190662920475
WRD25,efficientnet_b3,clean,145,0.0151504902169108
WRD25,efficientnet_b3,clean,146,0.0104757575318217
WRD25,efficientnet_b3,clean,147,0.00776639720425
WRD25,efficientnet_b3,clean,148,0.0245958417654037
WRD25,efficientnet_b3,clean,149,0.0145867839455604
WRD25,efficientnet_b3,clean,150,0.0177930239588022
WRD25,efficientnet_b3,clean,151,-0.009594751521945
WRD25,efficientnet_b3,clean,152,0.0050122612155973
WRD25,efficientnet_b3,clean,153,-0.0027603241614997
WRD25,efficientnet_b3,clean,154,0.0160733889788389
WRD25,efficientnet_b3,clean,155,0.0275242421776056
WRD25,efficientnet_b3,clean,156,0.0048728017136454
WRD25,efficientnet_b3,clean,157,0.0066734696738421
WRD25,efficientnet_b3,clean,158,0.0131695931777358
WRD25,efficientnet_b3,clean,159,0.0082904156297445
WRD25,efficientnet_b3,clean,160,0.0020309307146817
WRD25,efficientnet_b3,clean,161,-0.0198241770267486
WRD25,efficientnet_b3,clean,162,-0.0114911934360861
WRD25,efficientnet_b3,clean,163,-0.0143758226186037
WRD25,efficientnet_b3,clean,164,0.0026587962638586
WRD25,efficientnet_b3,clean,165,-0.0051563275046646
WRD25,efficientnet_b3,clean,166,-0.0042353644967079
WRD25,efficientnet_b3,clean,167,0.0242248270660638
WRD25,efficientnet_b3,clean,168,0.0191609263420104
WRD25,efficientnet_b3,clean,169,-0.0028514843434095
WRD25,efficientnet_b3,clean,170,0.0002993215457536
WRD25,efficientnet_b3,clean,171,0.0115909874439239
WRD25,efficientnet_b3,clean,172,0.0117085082456469
WRD25,efficientnet_b3,clean,173,-0.0018878856208175
WRD25,efficientnet_b3,clean,174,-0.0033852963242679
WRD25,efficientnet_b3,clean,175,0.0056067258119583
WRD25,efficientnet_b3,clean,176,-0.0003903392935171
WRD25,efficientnet_b3,clean,177,-0.0043906741775572
WRD25,efficientnet_b3,clean,178,-0.0075358799658715
WRD25,efficientnet_b3,clean,179,0.0103739527985453
WRD25,efficientnet_b3,clean,180,0.0037272041663527
WRD25,efficientnet_b3,clean,181,-0.0036707965191453
WRD25,efficientnet_b3,clean,182,0.0033566271886229
WRD25,efficientnet_b3,clean,183,0.0175747033208608
WRD25,efficientnet_b3,clean,184,-0.0182509087026119
WRD25,efficientnet_b3,clean,185,0.0468600392341613
WRD25,efficientnet_b3,clean,186,-0.0194201134145259
WRD25,efficientnet_b3,clean,187,-0.0013771852245554
WRD25,efficientnet_b3,clean,188,-0.002060595434159
WRD25,efficientnet_b3,clean,189,0.0002881848777178
WRD25,efficientnet_b3,clean,190,-0.0023933167103677
WRD25,efficientnet_b3,clean,191,-0.0080325054004788
WRD25,efficientnet_b3,clean,192,0.0342487543821334
WRD25,efficientnet_b3,clean,193,0.018041918054223
WRD25,efficientnet_b3,clean,194,-0.0067465137690305
WRD25,efficientnet_b3,clean,195,0.0064447498880326
WRD25,efficientnet_b3,clean,196,0.0090197883546352
WRD25,efficientnet_b3,clean,197,0.0027484465390443
WRD25,efficientnet_b3,clean,198,-0.0020360776688903
WRD25,efficientnet_b3,clean,199,-0.0073168841190636
WRD25,convnext_tiny,clean,0,0.2656180560588836
WRD25,convnext_tiny,clean,1,0.0040688314475119
WRD25,convnext_tiny,clean,2,0.1544813513755798
WRD25,convnext_tiny,clean,3,0.0965583175420761
WRD25,convnext_tiny,clean,4,0.06122313067317
WRD25,convnext_tiny,clean,5,-0.0291340015828609
WRD25,convnext_tiny,clean,6,0.1362106800079345
WRD25,convnext_tiny,clean,7,0.0391579568386077
WRD25,convnext_tiny,clean,8,0.0669228658080101
WRD25,convnext_tiny,clean,9,0.1049196794629097
WRD25,convnext_tiny,clean,10,0.001485927728936
WRD25,convnext_tiny,clean,11,0.0355593338608741
WRD25,convnext_tiny,clean,12,0.0969311818480491
WRD25,convnext_tiny,clean,13,-0.0086466697975993
WRD25,convnext_tiny,clean,14,-0.0007233339711092
WRD25,convnext_tiny,clean,15,-0.0236035846173763
WRD25,convnext_tiny,clean,16,0.0915349349379539
WRD25,convnext_tiny,clean,17,0.060088887810707
WRD25,convnext_tiny,clean,18,-0.0320368111133575
WRD25,convnext_tiny,clean,19,-0.0999330207705497
WRD25,convnext_tiny,clean,20,-0.0153002738952636
WRD25,convnext_tiny,clean,21,0.0004511156294029
WRD25,convnext_tiny,clean,22,0.0263364240527153
WRD25,convnext_tiny,clean,23,-0.0156674776226282
WRD25,convnext_tiny,clean,24,0.0004299970169086
WRD25,convnext_tiny,clean,25,0.0301456861197948
WRD25,convnext_tiny,clean,26,0.0499809086322784
WRD25,convnext_tiny,clean,27,0.0479200631380081
WRD25,convnext_tiny,clean,28,0.0542287044227123
WRD25,convnext_tiny,clean,29,0.0382547713816165
WRD25,convnext_tiny,clean,30,0.0497621893882751
WRD25,convnext_tiny,clean,31,0.0353646613657474
WRD25,convnext_tiny,clean,32,-0.0427761562168598
WRD25,convnext_tiny,clean,33,-0.0482246354222297
WRD25,convnext_tiny,clean,34,0.0192654151469469
WRD25,convnext_tiny,clean,35,0.0731219351291656
WRD25,convnext_tiny,clean,36,0.0129457935690879
WRD25,convnext_tiny,clean,37,0.0150768877938389
WRD25,convnext_tiny,clean,38,-0.065637782216072
WRD25,convnext_tiny,clean,39,-0.0683070421218872
WRD25,convnext_tiny,clean,40,0.2951738834381103
WRD25,convnext_tiny,clean,41,0.0663962960243225
WRD25,convnext_tiny,clean,42,-0.3121252655982971
WRD25,convnext_tiny,clean,43,0.139065146446228
WRD25,convnext_tiny,clean,44,0.0129154492169618
WRD25,convnext_tiny,clean,45,0.346478134393692
WRD25,convnext_tiny,clean,46,-0.047512199729681
WRD25,convnext_tiny,clean,47,-0.0370748713612556
WRD25,convnext_tiny,clean,48,-0.0184754990041255
WRD25,convnext_tiny,clean,49,-0.0239506028592586
WRD25,convnext_tiny,clean,50,0.0295025035738945
WRD25,convnext_tiny,clean,51,0.0532065853476524
WRD25,convnext_tiny,clean,52,0.0
WRD25,convnext_tiny,clean,53,-0.0174634084105491
WRD25,convnext_tiny,clean,54,0.0
WRD25,convnext_tiny,clean,55,0.1055200323462486
WRD25,convnext_tiny,clean,56,0.2230394780635833
WRD25,convnext_tiny,clean,57,0.1991657763719558
WRD25,convnext_tiny,clean,58,0.0173749588429927
WRD25,convnext_tiny,clean,59,0.0852783322334289
WRD25,convnext_tiny,clean,60,0.1736719906330108
WRD25,convnext_tiny,clean,61,0.0
WRD25,convnext_tiny,clean,62,0.1023427993059158
WRD25,convnext_tiny,clean,63,-0.0154870934784412
WRD25,convnext_tiny,clean,64,0.0851871818304061
WRD25,convnext_tiny,clean,65,0.0161281414330005
WRD25,convnext_tiny,clean,66,0.3628411591053009
WRD25,convnext_tiny,clean,67,-0.0136881778016686
WRD25,convnext_tiny,clean,68,0.0764265656471252
WRD25,convnext_tiny,clean,69,0.0
WRD25,convnext_tiny,clean,70,0.0370286777615547
WRD25,convnext_tiny,clean,71,0.2988016307353973
WRD25,convnext_tiny,clean,72,0.1621177494525909
WRD25,convnext_tiny,clean,73,0.0712675675749778
WRD25,convnext_tiny,clean,74,0.1329282224178314
WRD25,convnext_tiny,clean,75,0.0
WRD25,convnext_tiny,clean,76,0.0567761696875095
WRD25,convnext_tiny,clean,77,0.0
WRD25,convnext_tiny,clean,78,0.1531312763690948
WRD25,convnext_tiny,clean,79,0.0974593535065651
WRD25,convnext_tiny,clean,80,-0.10407455265522
WRD25,convnext_tiny,clean,81,0.0515799075365066
WRD25,convnext_tiny,clean,82,0.0191150642931461
WRD25,convnext_tiny,clean,83,-0.1002416983246803
WRD25,convnext_tiny,clean,84,0.2361544072628021
WRD25,convnext_tiny,clean,85,0.0259625371545553
WRD25,convnext_tiny,clean,86,0.0193512979894876
WRD25,convnext_tiny,clean,87,0.1051425039768219
WRD25,convnext_tiny,clean,88,0.1521278023719787
WRD25,convnext_tiny,clean,89,-0.1162684112787246
WRD25,convnext_tiny,clean,90,0.0
WRD25,convnext_tiny,clean,91,-0.0375983044505119
WRD25,convnext_tiny,clean,92,0.0
WRD25,convnext_tiny,clean,93,0.0
WRD25,convnext_tiny,clean,94,0.071697361767292
WRD25,convnext_tiny,clean,95,-0.0081334700807929
WRD25,convnext_tiny,clean,96,0.0552554614841938
WRD25,convnext_tiny,clean,97,0.0090708918869495
WRD25,convnext_tiny,clean,98,-0.249120756983757
WRD25,convnext_tiny,clean,99,0.037045918405056
WRD25,convnext_tiny,clean,100,0.0612859390676021
WRD25,convnext_tiny,clean,101,-0.3039011657238006
WRD25,convnext_tiny,clean,102,-0.0079281898215413
WRD25,convnext_tiny,clean,103,-0.0147000076249241
WRD25,convnext_tiny,clean,104,-0.0507786311209201
WRD25,convnext_tiny,clean,105,-0.0343440398573875
WRD25,convnext_tiny,clean,106,-0.08156219124794
WRD25,convnext_tiny,clean,107,-0.108060672879219
WRD25,convnext_tiny,clean,108,-0.0734447166323661
WRD25,convnext_tiny,clean,109,0.0511562228202819
WRD25,convnext_tiny,clean,110,-0.0298667419701814
WRD25,convnext_tiny,clean,111,-0.0002099591802107
WRD25,convnext_tiny,clean,112,-0.0450179949402809
WRD25,convnext_tiny,clean,113,-0.0089638866484165
WRD25,convnext_tiny,clean,114,0.072323702275753
WRD25,convnext_tiny,clean,115,-0.2152575254440307
WRD25,convnext_tiny,clean,116,-0.060100857168436
WRD25,convnext_tiny,clean,117,-0.1038419976830482
WRD25,convnext_tiny,clean,118,0.0014543365687131
WRD25,convnext_tiny,clean,119,-0.0019552130252122
WRD25,convnext_tiny,clean,120,0.1885675638914108
WRD25,convnext_tiny,clean,121,0.0326032415032386
WRD25,convnext_tiny,clean,122,-0.0316490605473518
WRD25,convnext_tiny,clean,123,-0.0136225335299968
WRD25,convnext_tiny,clean,124,-0.0199393425136804
WRD25,convnext_tiny,clean,125,0.1285804063081741
WRD25,convnext_tiny,clean,126,0.1312485784292221
WRD25,convnext_tiny,clean,127,0.0548106990754604
WRD25,convnext_tiny,clean,128,0.0829129591584205
WRD25,convnext_tiny,clean,129,-0.0160831380635499
WRD25,convnext_tiny,clean,130,0.0
WRD25,convnext_tiny,clean,131,0.0283627696335315
WRD25,convnext_tiny,clean,132,-0.0427182093262672
WRD25,convnext_tiny,clean,133,0.1025993749499321
WRD25,convnext_tiny,clean,134,-0.0911896377801895
WRD25,convnext_tiny,clean,135,0.1670967191457748
WRD25,convnext_tiny,clean,136,0.082758143544197
WRD25,convnext_tiny,clean,137,0.0222961995750665
WRD25,convnext_tiny,clean,138,0.1021186485886573
WRD25,convnext_tiny,clean,139,0.0226365886628627
WRD25,convnext_tiny,clean,140,-0.0327941104769706
WRD25,convnext_tiny,clean,141,-0.110170654952526
WRD25,convnext_tiny,clean,142,0.0
WRD25,convnext_tiny,clean,143,0.0
WRD25,convnext_tiny,clean,144,-0.0561389550566673
WRD25,convnext_tiny,clean,145,-0.0314772017300128
WRD25,convnext_tiny,clean,146,-0.0250568073242902
WRD25,convnext_tiny,clean,147,-0.0516887195408344
WRD25,convnext_tiny,clean,148,-0.0184122305363416
WRD25,convnext_tiny,clean,149,0.1001541465520858
WRD25,convnext_tiny,clean,150,0.1375838071107864
WRD25,convnext_tiny,clean,151,-0.0639721751213073
WRD25,convnext_tiny,clean,152,0.216732382774353
WRD25,convnext_tiny,clean,153,-0.0366748794913291
WRD25,convnext_tiny,clean,154,0.101268745958805
WRD25,convnext_tiny,clean,155,0.0668425858020782
WRD25,convnext_tiny,clean,156,0.0739033296704292
WRD25,convnext_tiny,clean,157,0.0454162396490573
WRD25,convnext_tiny,clean,158,0.1005603671073913
WRD25,convnext_tiny,clean,159,-0.0389296859502792
WRD25,convnext_tiny,clean,160,0.2040446996688842
WRD25,convnext_tiny,clean,161,0.0587094463407993
WRD25,convnext_tiny,clean,162,-0.0647592172026634
WRD25,convnext_tiny,clean,163,-0.0469317138195037
WRD25,convnext_tiny,clean,164,-0.0052688680589199
WRD25,convnext_tiny,clean,165,0.0926492735743522
WRD25,convnext_tiny,clean,166,0.0705992430448532
WRD25,convnext_tiny,clean,167,-0.0455697402358055
WRD25,convnext_tiny,clean,168,0.062471330165863
WRD25,convnext_tiny,clean,169,0.0074452115222811
WRD25,convnext_tiny,clean,170,-0.0359889306128025
WRD25,convnext_tiny,clean,171,0.0085308626294136
WRD25,convnext_tiny,clean,172,0.0025748538319021
WRD25,convnext_tiny,clean,173,0.0
WRD25,convnext_tiny,clean,174,0.0100742308422923
WRD25,convnext_tiny,clean,175,-0.0653785541653633
WRD25,convnext_tiny,clean,176,0.0390044339001178
WRD25,convnext_tiny,clean,177,-0.0648938715457916
WRD25,convnext_tiny,clean,178,0.0072600925341248
WRD25,convnext_tiny,clean,179,0.06464234739542
WRD25,convnext_tiny,clean,180,-0.0936354845762252
WRD25,convnext_tiny,clean,181,-0.0300164725631475
WRD25,convnext_tiny,clean,182,0.1621398478746414
WRD25,convnext_tiny,clean,183,0.0080847740173339
WRD25,convnext_tiny,clean,184,-0.0521967597305774
WRD25,convnext_tiny,clean,185,0.0733527466654777
WRD25,convnext_tiny,clean,186,-0.0145652731880545
WRD25,convnext_tiny,clean,187,-0.0869713053107261
WRD25,convnext_tiny,clean,188,-0.0308366306126117
WRD25,convnext_tiny,clean,189,-0.0079276682808995
WRD25,convnext_tiny,clean,190,0.0537865683436393
WRD25,convnext_tiny,clean,191,0.0326688550412654
WRD25,convnext_tiny,clean,192,0.006282159127295
WRD25,convnext_tiny,clean,193,-0.1138907745480537
WRD25,convnext_tiny,clean,194,0.0062588611617684
WRD25,convnext_tiny,clean,195,0.0061458870768547
WRD25,convnext_tiny,clean,196,0.0070711388252675
WRD25,convnext_tiny,clean,197,-0.0145483762025833
WRD25,convnext_tiny,clean,198,0.010986877605319
WRD25,convnext_tiny,clean,199,0.0049242647364735
WRD25,swin_tiny,clean,0,-0.1003008633852005
WRD25,swin_tiny,clean,1,0.0100461831316351
WRD25,swin_tiny,clean,2,-0.0743597298860549
WRD25,swin_tiny,clean,3,0.0702093392610549
WRD25,swin_tiny,clean,4,-0.0072831632569432
WRD25,swin_tiny,clean,5,-0.0106577025726437
WRD25,swin_tiny,clean,6,0.0429382361471653
WRD25,swin_tiny,clean,7,-0.0373607613146305
WRD25,swin_tiny,clean,8,-0.211805522441864
WRD25,swin_tiny,clean,9,0.0850042626261711
WRD25,swin_tiny,clean,10,0.0663000494241714
WRD25,swin_tiny,clean,11,0.0904415473341941
WRD25,swin_tiny,clean,12,-0.1058981046080589
WRD25,swin_tiny,clean,13,0.0609894879162311
WRD25,swin_tiny,clean,14,0.076244980096817
WRD25,swin_tiny,clean,15,0.0787511244416236
WRD25,swin_tiny,clean,16,0.0577719211578369
WRD25,swin_tiny,clean,17,0.0519682541489601
WRD25,swin_tiny,clean,18,-0.0927599817514419
WRD25,swin_tiny,clean,19,-0.1744399517774582
WRD25,swin_tiny,clean,20,-0.0606619007885456
WRD25,swin_tiny,clean,21,-0.1174684166908264
WRD25,swin_tiny,clean,22,-0.1581314504146576
WRD25,swin_tiny,clean,23,-0.1171024367213249
WRD25,swin_tiny,clean,24,-0.0720145925879478
WRD25,swin_tiny,clean,25,-0.0024775243364274
WRD25,swin_tiny,clean,26,-0.0658141821622848
WRD25,swin_tiny,clean,27,0.144434317946434
WRD25,swin_tiny,clean,28,0.1271934062242508
WRD25,swin_tiny,clean,29,0.1153316870331764
WRD25,swin_tiny,clean,30,0.0362363345921039
WRD25,swin_tiny,clean,31,0.1556107401847839
WRD25,swin_tiny,clean,32,-0.1127519086003303
WRD25,swin_tiny,clean,33,-0.1080857068300247
WRD25,swin_tiny,clean,34,-0.1830545216798782
WRD25,swin_tiny,clean,35,-0.1745316833257675
WRD25,swin_tiny,clean,36,-0.1790667176246643
WRD25,swin_tiny,clean,37,-0.0097667640075087
WRD25,swin_tiny,clean,38,-0.0912225842475891
WRD25,swin_tiny,clean,39,-0.0750511884689331
WRD25,swin_tiny,clean,40,-0.0721541717648506
WRD25,swin_tiny,clean,41,-0.1929016560316085
WRD25,swin_tiny,clean,42,-0.038485050201416
WRD25,swin_tiny,clean,43,-0.1496377885341644
WRD25,swin_tiny,clean,44,0.0874469056725502
WRD25,swin_tiny,clean,45,-0.1042841225862503
WRD25,swin_tiny,clean,46,0.1211118102073669
WRD25,swin_tiny,clean,47,-0.1426315903663635
WRD25,swin_tiny,clean,48,0.1736008524894714
WRD25,swin_tiny,clean,49,0.035212155431509
WRD25,swin_tiny,clean,50,-0.174640268087387
WRD25,swin_tiny,clean,51,0.0463376939296722
WRD25,swin_tiny,clean,52,-0.1066914349794387
WRD25,swin_tiny,clean,53,0.0813912153244018
WRD25,swin_tiny,clean,54,0.156928613781929
WRD25,swin_tiny,clean,55,-0.1030626893043518
WRD25,swin_tiny,clean,56,0.1024717912077903
WRD25,swin_tiny,clean,57,0.1108870804309845
WRD25,swin_tiny,clean,58,0.0715687647461891
WRD25,swin_tiny,clean,59,0.2151882946491241
WRD25,swin_tiny,clean,60,0.1311657428741455
WRD25,swin_tiny,clean,61,0.161466047167778
WRD25,swin_tiny,clean,62,0.104296326637268
WRD25,swin_tiny,clean,63,0.0781211480498313
WRD25,swin_tiny,clean,64,0.075368732213974
WRD25,swin_tiny,clean,65,0.1114093661308288
WRD25,swin_tiny,clean,66,0.183928370475769
WRD25,swin_tiny,clean,67,0.2927871644496918
WRD25,swin_tiny,clean,68,-0.0240837465971708
WRD25,swin_tiny,clean,69,0.0993614718317985
WRD25,swin_tiny,clean,70,-0.0229247435927391
WRD25,swin_tiny,clean,71,-0.1387022584676742
WRD25,swin_tiny,clean,72,-0.2040262818336486
WRD25,swin_tiny,clean,73,0.087527684867382
WRD25,swin_tiny,clean,74,0.1450358629226684
WRD25,swin_tiny,clean,75,-0.1116610765457153
WRD25,swin_tiny,clean,76,0.1998465210199356
WRD25,swin_tiny,clean,77,0.1285763531923294
WRD25,swin_tiny,clean,78,0.1137846335768699
WRD25,swin_tiny,clean,79,0.096725583076477
WRD25,swin_tiny,clean,80,-0.1702440679073333
WRD25,swin_tiny,clean,81,-0.0740095749497413
WRD25,swin_tiny,clean,82,-0.153251051902771
WRD25,swin_tiny,clean,83,-0.1068276762962341
WRD25,swin_tiny,clean,84,-0.071876123547554
WRD25,swin_tiny,clean,85,-0.1544945240020752
WRD25,swin_tiny,clean,86,0.166369691491127
WRD25,swin_tiny,clean,87,-0.1705657839775085
WRD25,swin_tiny,clean,88,0.1263738125562667
WRD25,swin_tiny,clean,89,-0.0281179510056972
WRD25,swin_tiny,clean,90,-0.0739283040165901
WRD25,swin_tiny,clean,91,-0.0603959038853645
WRD25,swin_tiny,clean,92,0.0243000444024801
WRD25,swin_tiny,clean,93,-0.0368571281433105
WRD25,swin_tiny,clean,94,-0.1704419553279876
WRD25,swin_tiny,clean,95,-0.1448893696069717
WRD25,swin_tiny,clean,96,-0.0457818396389484
WRD25,swin_tiny,clean,97,-0.1238044649362564
WRD25,swin_tiny,clean,98,-0.1400623172521591
WRD25,swin_tiny,clean,99,0.0490363165736198
WRD25,swin_tiny,clean,100,0.1448040306568145
WRD25,swin_tiny,clean,101,0.1381597518920898
WRD25,swin_tiny,clean,102,0.203308030962944
WRD25,swin_tiny,clean,103,0.1979968547821045
WRD25,swin_tiny,clean,104,-0.1335535794496536
WRD25,swin_tiny,clean,105,0.1456925123929977
WRD25,swin_tiny,clean,106,-0.1310204714536667
WRD25,swin_tiny,clean,107,0.0218681469559669
WRD25,swin_tiny,clean,108,0.0912590250372886
WRD25,swin_tiny,clean,109,0.1397319138050079
WRD25,swin_tiny,clean,110,0.1569824814796447
WRD25,swin_tiny,clean,111,-0.0860544443130493
WRD25,swin_tiny,clean,112,-0.1219816729426384
WRD25,swin_tiny,clean,113,0.058632705360651
WRD25,swin_tiny,clean,114,-0.1109495088458061
WRD25,swin_tiny,clean,115,-0.1857011318206787
WRD25,swin_tiny,clean,116,-0.1598369181156158
WRD25,swin_tiny,clean,117,-0.1106971204280853
WRD25,swin_tiny,clean,118,-0.2002786546945572
WRD25,swin_tiny,clean,119,0.0795082002878189
WRD25,swin_tiny,clean,120,-0.0449019074440002
WRD25,swin_tiny,clean,121,0.0727041363716125
WRD25,swin_tiny,clean,122,-0.2070968747138977
WRD25,swin_tiny,clean,123,0.0496262088418006
WRD25,swin_tiny,clean,124,0.0024212661664932
WRD25,swin_tiny,clean,125,0.2516607642173767
WRD25,swin_tiny,clean,126,-0.0521289631724357
WRD25,swin_tiny,clean,127,0.0583485178649425
WRD25,swin_tiny,clean,128,0.0631036013364791
WRD25,swin_tiny,clean,129,0.105279192328453
WRD25,swin_tiny,clean,130,-0.0350398421287536
WRD25,swin_tiny,clean,131,0.1100808754563331
WRD25,swin_tiny,clean,132,0.1269661784172058
WRD25,swin_tiny,clean,133,-0.1198469698429107
WRD25,swin_tiny,clean,134,0.0655087754130363
WRD25,swin_tiny,clean,135,0.0318255126476287
WRD25,swin_tiny,clean,136,0.0472659394145011
WRD25,swin_tiny,clean,137,0.0439043641090393
WRD25,swin_tiny,clean,138,-0.1784541457891464
WRD25,swin_tiny,clean,139,-0.145683616399765
WRD25,swin_tiny,clean,140,-0.0088765453547239
WRD25,swin_tiny,clean,141,-0.1633126735687255
WRD25,swin_tiny,clean,142,-0.1839666366577148
WRD25,swin_tiny,clean,143,-0.1871271580457687
WRD25,swin_tiny,clean,144,0.0962359383702278
WRD25,swin_tiny,clean,145,-0.0767062753438949
WRD25,swin_tiny,clean,146,0.0812838971614837
WRD25,swin_tiny,clean,147,0.0327993854880332
WRD25,swin_tiny,clean,148,-0.1470482796430587
WRD25,swin_tiny,clean,149,-0.1061004027724266
WRD25,swin_tiny,clean,150,-0.1244797632098198
WRD25,swin_tiny,clean,151,-0.1009019017219543
WRD25,swin_tiny,clean,152,0.0965656340122222
WRD25,swin_tiny,clean,153,0.1368986070156097
WRD25,swin_tiny,clean,154,0.092990294098854
WRD25,swin_tiny,clean,155,-0.1220137327909469
WRD25,swin_tiny,clean,156,0.0859689489006996
WRD25,swin_tiny,clean,157,-0.1560825854539871
WRD25,swin_tiny,clean,158,-0.0037199209909886
WRD25,swin_tiny,clean,159,-0.0666503235697746
WRD25,swin_tiny,clean,160,0.1254997849464416
WRD25,swin_tiny,clean,161,-0.1895771622657776
WRD25,swin_tiny,clean,162,0.0943967849016189
WRD25,swin_tiny,clean,163,-0.10388695448637
WRD25,swin_tiny,clean,164,-0.095724269747734
WRD25,swin_tiny,clean,165,-0.1015311032533645
WRD25,swin_tiny,clean,166,0.1310410052537918
WRD25,swin_tiny,clean,167,0.1652882844209671
WRD25,swin_tiny,clean,168,0.1115872114896774
WRD25,swin_tiny,clean,169,0.077064536511898
WRD25,swin_tiny,clean,170,0.123877465724945
WRD25,swin_tiny,clean,171,-0.1108305603265762
WRD25,swin_tiny,clean,172,-0.0923835188150405
WRD25,swin_tiny,clean,173,0.1525739431381225
WRD25,swin_tiny,clean,174,-0.0834804847836494
WRD25,swin_tiny,clean,175,-0.1126971766352653
WRD25,swin_tiny,clean,176,-0.0699964687228202
WRD25,swin_tiny,clean,177,-0.0404530018568038
WRD25,swin_tiny,clean,178,-0.2013241499662399
WRD25,swin_tiny,clean,179,0.0974739417433738
WRD25,swin_tiny,clean,180,0.1242172271013259
WRD25,swin_tiny,clean,181,0.148926630616188
WRD25,swin_tiny,clean,182,-0.0697039812803268
WRD25,swin_tiny,clean,183,-0.1169971525669097
WRD25,swin_tiny,clean,184,-0.0722940117120742
WRD25,swin_tiny,clean,185,-0.1336125135421753
WRD25,swin_tiny,clean,186,-0.150729551911354
WRD25,swin_tiny,clean,187,0.1476564854383468
WRD25,swin_tiny,clean,188,-0.0929749086499214
WRD25,swin_tiny,clean,189,-0.0612873136997222
WRD25,swin_tiny,clean,190,-0.002701592631638
WRD25,swin_tiny,clean,191,0.0982446447014808
WRD25,swin_tiny,clean,192,-0.064603067934513
WRD25,swin_tiny,clean,193,-0.0558773316442966
WRD25,swin_tiny,clean,194,-0.2265316247940063
WRD25,swin_tiny,clean,195,0.0948085188865661
WRD25,swin_tiny,clean,196,0.1507409960031509
WRD25,swin_tiny,clean,197,-0.13432078063488
WRD25,swin_tiny,clean,198,0.0253408290445804
WRD25,swin_tiny,clean,199,-0.1290282607078552
WRD25,dinov2_b,clean,0,0.0224121399223804
WRD25,dinov2_b,clean,1,0.0144035294651985
WRD25,dinov2_b,clean,2,0.0160538088530302
WRD25,dinov2_b,clean,3,0.0023993463255465
WRD25,dinov2_b,clean,4,0.0136896818876266
WRD25,dinov2_b,clean,5,0.0178763810545206
WRD25,dinov2_b,clean,6,0.0363294929265975
WRD25,dinov2_b,clean,7,0.0190122984349727
WRD25,dinov2_b,clean,8,0.0212654210627079
WRD25,dinov2_b,clean,9,0.0192470550537109
WRD25,dinov2_b,clean,10,0.0523856282234191
WRD25,dinov2_b,clean,11,0.0313182920217514
WRD25,dinov2_b,clean,12,0.0293540079146623
WRD25,dinov2_b,clean,13,0.0249154083430767
WRD25,dinov2_b,clean,14,0.0173452869057655
WRD25,dinov2_b,clean,15,0.0287612006068229
WRD25,dinov2_b,clean,16,0.0213266555219888
WRD25,dinov2_b,clean,17,0.0308153349906206
WRD25,dinov2_b,clean,18,0.0259740501642227
WRD25,dinov2_b,clean,19,0.0119417235255241
WRD25,dinov2_b,clean,20,0.0272922441363334
WRD25,dinov2_b,clean,21,0.0169030725955963
WRD25,dinov2_b,clean,22,0.043075755238533
WRD25,dinov2_b,clean,23,0.0291139502078294
WRD25,dinov2_b,clean,24,0.0240613631904125
WRD25,dinov2_b,clean,25,0.0237115081399679
WRD25,dinov2_b,clean,26,0.0640318840742111
WRD25,dinov2_b,clean,27,0.0404017791152
WRD25,dinov2_b,clean,28,0.0367827638983726
WRD25,dinov2_b,clean,29,0.0167441498488187
WRD25,dinov2_b,clean,30,0.0155601212754845
WRD25,dinov2_b,clean,31,0.0676186829805374
WRD25,dinov2_b,clean,32,0.0532381758093833
WRD25,dinov2_b,clean,33,0.0341079905629158
WRD25,dinov2_b,clean,34,0.0272633992135524
WRD25,dinov2_b,clean,35,0.0259993895888328
WRD25,dinov2_b,clean,36,0.0445064902305603
WRD25,dinov2_b,clean,37,0.0297852344810962
WRD25,dinov2_b,clean,38,0.0471956133842468
WRD25,dinov2_b,clean,39,0.0701843053102493
WRD25,dinov2_b,clean,40,0.0565903894603252
WRD25,dinov2_b,clean,41,0.0365767478942871
WRD25,dinov2_b,clean,42,0.0565430521965026
WRD25,dinov2_b,clean,43,0.0420208349823951
WRD25,dinov2_b,clean,44,0.0431799292564392
WRD25,dinov2_b,clean,45,0.0673990398645401
WRD25,dinov2_b,clean,46,0.041208554059267
WRD25,dinov2_b,clean,47,0.0330419465899467
WRD25,dinov2_b,clean,48,0.0276256948709487
WRD25,dinov2_b,clean,49,0.0339905619621276
WRD25,dinov2_b,clean,50,0.0417502000927925
WRD25,dinov2_b,clean,51,0.0319488905370235
WRD25,dinov2_b,clean,52,0.0336106047034263
WRD25,dinov2_b,clean,53,0.0218016635626554
WRD25,dinov2_b,clean,54,0.041472315788269
WRD25,dinov2_b,clean,55,0.0321329496800899
WRD25,dinov2_b,clean,56,0.03835129737854
WRD25,dinov2_b,clean,57,0.0226960815489292
WRD25,dinov2_b,clean,58,0.0168473422527313
WRD25,dinov2_b,clean,59,0.0313253700733184
WRD25,dinov2_b,clean,60,0.0196503773331642
WRD25,dinov2_b,clean,61,0.0224230587482452
WRD25,dinov2_b,clean,62,0.0394099503755569
WRD25,dinov2_b,clean,63,0.0183604974299669
WRD25,dinov2_b,clean,64,0.0504585430026054
WRD25,dinov2_b,clean,65,0.0487013272941112
WRD25,dinov2_b,clean,66,0.0336307696998119
WRD25,dinov2_b,clean,67,0.0644871070981025
WRD25,dinov2_b,clean,68,0.0531642250716686
WRD25,dinov2_b,clean,69,0.0271816737949848
WRD25,dinov2_b,clean,70,0.0053855399601161
WRD25,dinov2_b,clean,71,0.0452465899288654
WRD25,dinov2_b,clean,72,0.0325028374791145
WRD25,dinov2_b,clean,73,0.0165888611227273
WRD25,dinov2_b,clean,74,0.0123302452266216
WRD25,dinov2_b,clean,75,0.0015702489763498
WRD25,dinov2_b,clean,76,0.0205637719482183
WRD25,dinov2_b,clean,77,0.0078964307904243
WRD25,dinov2_b,clean,78,0.0184331201016902
WRD25,dinov2_b,clean,79,0.0061137564480304
WRD25,dinov2_b,clean,80,0.0060737100429832
WRD25,dinov2_b,clean,81,0.0473211780190467
WRD25,dinov2_b,clean,82,0.0611996762454509
WRD25,dinov2_b,clean,83,0.0454592779278755
WRD25,dinov2_b,clean,84,0.0073802922852337
WRD25,dinov2_b,clean,85,0.0183782652020454
WRD25,dinov2_b,clean,86,0.0188938826322555
WRD25,dinov2_b,clean,87,0.0312290005385875
WRD25,dinov2_b,clean,88,0.0384943336248397
WRD25,dinov2_b,clean,89,0.0450785085558891
WRD25,dinov2_b,clean,90,0.0211510099470615
WRD25,dinov2_b,clean,91,0.0421102419495582
WRD25,dinov2_b,clean,92,0.0298109389841556
WRD25,dinov2_b,clean,93,0.0196338631212711
WRD25,dinov2_b,clean,94,0.0205826926976442
WRD25,dinov2_b,clean,95,0.023413335904479
WRD25,dinov2_b,clean,96,0.0278072655200958
WRD25,dinov2_b,clean,97,0.0431453101336956
WRD25,dinov2_b,clean,98,0.0231591835618019
WRD25,dinov2_b,clean,99,0.011522876098752
WRD25,dinov2_b,clean,100,0.0223955661058425
WRD25,dinov2_b,clean,101,0.0305083356797695
WRD25,dinov2_b,clean,102,0.0119473794475197
WRD25,dinov2_b,clean,103,0.0349160507321357
WRD25,dinov2_b,clean,104,0.0173985101282596
WRD25,dinov2_b,clean,105,0.0244965907186269
WRD25,dinov2_b,clean,106,0.0168973915278911
WRD25,dinov2_b,clean,107,0.0622131898999214
WRD25,dinov2_b,clean,108,0.0469619035720825
WRD25,dinov2_b,clean,109,0.0701375007629394
WRD25,dinov2_b,clean,110,0.0468693971633911
WRD25,dinov2_b,clean,111,0.0612035654485225
WRD25,dinov2_b,clean,112,0.0646574795246124
WRD25,dinov2_b,clean,113,0.0491809025406837
WRD25,dinov2_b,clean,114,0.0301350466907024
WRD25,dinov2_b,clean,115,0.0053279567509889
WRD25,dinov2_b,clean,116,0.0107335885986685
WRD25,dinov2_b,clean,117,0.0093306917697191
WRD25,dinov2_b,clean,118,-0.0159688126295804
WRD25,dinov2_b,clean,119,-0.0055784848518669
WRD25,dinov2_b,clean,120,0.0301460474729537
WRD25,dinov2_b,clean,121,0.0145816970616579
WRD25,dinov2_b,clean,122,0.0075135696679353
WRD25,dinov2_b,clean,123,0.0025211602915078
WRD25,dinov2_b,clean,124,0.0107748173177242
WRD25,dinov2_b,clean,125,0.0397312939167022
WRD25,dinov2_b,clean,126,0.0369064025580883
WRD25,dinov2_b,clean,127,0.0549744255840778
WRD25,dinov2_b,clean,128,0.0524764768779277
WRD25,dinov2_b,clean,129,0.030345981940627
WRD25,dinov2_b,clean,130,0.0477224811911582
WRD25,dinov2_b,clean,131,0.0457584336400032
WRD25,dinov2_b,clean,132,0.0458863414824008
WRD25,dinov2_b,clean,133,0.0459023937582969
WRD25,dinov2_b,clean,134,0.0431536994874477
WRD25,dinov2_b,clean,135,0.0251799970865249
WRD25,dinov2_b,clean,136,0.0222108773887157
WRD25,dinov2_b,clean,137,0.056982472538948
WRD25,dinov2_b,clean,138,0.0313151665031909
WRD25,dinov2_b,clean,139,0.0102830128744244
WRD25,dinov2_b,clean,140,0.0128544736653566
WRD25,dinov2_b,clean,141,0.0074375956319272
WRD25,dinov2_b,clean,142,0.0092915836721658
WRD25,dinov2_b,clean,143,0.0096316840499639
WRD25,dinov2_b,clean,144,0.0409483462572097
WRD25,dinov2_b,clean,145,0.0276288203895092
WRD25,dinov2_b,clean,146,0.0289546735584735
WRD25,dinov2_b,clean,147,0.0362098179757595
WRD25,dinov2_b,clean,148,0.0505242496728897
WRD25,dinov2_b,clean,149,0.0422150045633316
WRD25,dinov2_b,clean,150,0.0344940051436424
WRD25,dinov2_b,clean,151,0.0725752040743827
WRD25,dinov2_b,clean,152,0.0394936352968215
WRD25,dinov2_b,clean,153,0.0090327467769384
WRD25,dinov2_b,clean,154,0.0369581058621406
WRD25,dinov2_b,clean,155,0.03321323543787
WRD25,dinov2_b,clean,156,0.0117401340976357
WRD25,dinov2_b,clean,157,0.0270957164466381
WRD25,dinov2_b,clean,158,0.0312971472740173
WRD25,dinov2_b,clean,159,0.0311003066599369
WRD25,dinov2_b,clean,160,0.054035373032093
WRD25,dinov2_b,clean,161,0.0380206555128097
WRD25,dinov2_b,clean,162,0.0407369807362556
WRD25,dinov2_b,clean,163,0.0381004586815834
WRD25,dinov2_b,clean,164,0.0465885028243064
WRD25,dinov2_b,clean,165,0.0279688946902751
WRD25,dinov2_b,clean,166,0.0257954504340887
WRD25,dinov2_b,clean,167,0.0179035924375057
WRD25,dinov2_b,clean,168,0.0441193059086799
WRD25,dinov2_b,clean,169,0.0299470257014036
WRD25,dinov2_b,clean,170,0.0302785392850637
WRD25,dinov2_b,clean,171,0.0296593718230724
WRD25,dinov2_b,clean,172,0.0243317373096942
WRD25,dinov2_b,clean,173,0.0273671671748161
WRD25,dinov2_b,clean,174,0.0660405382514
WRD25,dinov2_b,clean,175,0.057885393500328
WRD25,dinov2_b,clean,176,0.0564832389354705
WRD25,dinov2_b,clean,177,0.0503001995384693
WRD25,dinov2_b,clean,178,0.0229859519749879
WRD25,dinov2_b,clean,179,0.0335430800914764
WRD25,dinov2_b,clean,180,0.0072499243542551
WRD25,dinov2_b,clean,181,0.0214626714587211
WRD25,dinov2_b,clean,182,0.0498862601816654
WRD25,dinov2_b,clean,183,0.0309088230133056
WRD25,dinov2_b,clean,184,0.0234742369502782
WRD25,dinov2_b,clean,185,0.0248938128352165
WRD25,dinov2_b,clean,186,0.001222226768732
WRD25,dinov2_b,clean,187,0.0274042822420597
WRD25,dinov2_b,clean,188,0.0656311511993408
WRD25,dinov2_b,clean,189,0.0183001589030027
WRD25,dinov2_b,clean,190,0.0119185578078031
WRD25,dinov2_b,clean,191,-0.0123349651694297
WRD25,dinov2_b,clean,192,0.0268123839050531
WRD25,dinov2_b,clean,193,0.0462519899010658
WRD25,dinov2_b,clean,194,0.0202000401914119
WRD25,dinov2_b,clean,195,0.0270920395851135
WRD25,dinov2_b,clean,196,0.0154613461345434
WRD25,dinov2_b,clean,197,0.0308454446494579
WRD25,dinov2_b,clean,198,0.0324624627828598
WRD25,dinov2_b,clean,199,0.0174028370529413
WRD25,hrnet32,clean,0,-0.0185033809393644
WRD25,hrnet32,clean,1,0.0454612076282501
WRD25,hrnet32,clean,2,0.0070565249770879
WRD25,hrnet32,clean,3,0.0070912935771048
WRD25,hrnet32,clean,4,-0.0269381515681743
WRD25,hrnet32,clean,5,0.0853050351142883
WRD25,hrnet32,clean,6,0.1202509179711341
WRD25,hrnet32,clean,7,0.0690804123878479
WRD25,hrnet32,clean,8,0.0391598977148532
WRD25,hrnet32,clean,9,0.1105475351214408
WRD25,hrnet32,clean,10,0.0744837969541549
WRD25,hrnet32,clean,11,0.0761012956500053
WRD25,hrnet32,clean,12,0.0068476810120046
WRD25,hrnet32,clean,13,0.0362520478665828
WRD25,hrnet32,clean,14,0.0309724956750869
WRD25,hrnet32,clean,15,0.0156695339828729
WRD25,hrnet32,clean,16,0.0183025989681482
WRD25,hrnet32,clean,17,-0.0158578362315893
WRD25,hrnet32,clean,18,0.0111839305609464
WRD25,hrnet32,clean,19,0.0228351410478353
WRD25,hrnet32,clean,20,0.0055676405318081
WRD25,hrnet32,clean,21,0.0719815865159034
WRD25,hrnet32,clean,22,0.0240057446062564
WRD25,hrnet32,clean,23,0.0566098690032959
WRD25,hrnet32,clean,24,0.033448476344347
WRD25,hrnet32,clean,25,0.024900633841753
WRD25,hrnet32,clean,26,0.0354371182620525
WRD25,hrnet32,clean,27,0.0089607527479529
WRD25,hrnet32,clean,28,-0.0149849820882081
WRD25,hrnet32,clean,29,0.0144090456888079
WRD25,hrnet32,clean,30,0.0268278531730175
WRD25,hrnet32,clean,31,0.0574676245450973
WRD25,hrnet32,clean,32,-0.0199597533792257
WRD25,hrnet32,clean,33,0.0702300071716308
WRD25,hrnet32,clean,34,0.0563323944807052
WRD25,hrnet32,clean,35,0.0106619223952293
WRD25,hrnet32,clean,36,0.0294475108385086
WRD25,hrnet32,clean,37,0.0552629344165325
WRD25,hrnet32,clean,38,0.0713244900107383
WRD25,hrnet32,clean,39,0.0157139226794242
WRD25,hrnet32,clean,40,0.0142941502854228
WRD25,hrnet32,clean,41,0.1047694459557533
WRD25,hrnet32,clean,42,0.0367972627282142
WRD25,hrnet32,clean,43,0.0254040248692035
WRD25,hrnet32,clean,44,0.0934301018714904
WRD25,hrnet32,clean,45,0.037171758711338
WRD25,hrnet32,clean,46,-0.0008382821688428
WRD25,hrnet32,clean,47,0.0427619628608226
WRD25,hrnet32,clean,48,0.0221485793590545
WRD25,hrnet32,clean,49,0.0575219504535198
WRD25,hrnet32,clean,50,0.0121419746428728
WRD25,hrnet32,clean,51,0.0170617494732141
WRD25,hrnet32,clean,52,0.0292098019272089
WRD25,hrnet32,clean,53,0.0006539283203892
WRD25,hrnet32,clean,54,0.0347282364964485
WRD25,hrnet32,clean,55,0.0267392341047525
WRD25,hrnet32,clean,56,0.0497663654386997
WRD25,hrnet32,clean,57,0.0107628544792532
WRD25,hrnet32,clean,58,0.0203831810504198
WRD25,hrnet32,clean,59,-0.0116175413131713
WRD25,hrnet32,clean,60,-0.0019134611357003
WRD25,hrnet32,clean,61,-0.0096123022958636
WRD25,hrnet32,clean,62,-0.0034041472245007
WRD25,hrnet32,clean,63,-0.0004078736819792
WRD25,hrnet32,clean,64,0.0085929790511727
WRD25,hrnet32,clean,65,0.0062852660194039
WRD25,hrnet32,clean,66,0.0275169480592012
WRD25,hrnet32,clean,67,0.0418490767478942
WRD25,hrnet32,clean,68,0.0048134340904653
WRD25,hrnet32,clean,69,0.0159360989928245
WRD25,hrnet32,clean,70,0.0080910976976156
WRD25,hrnet32,clean,71,0.0280612520873546
WRD25,hrnet32,clean,72,0.0094609148800373
WRD25,hrnet32,clean,73,-0.0278410017490386
WRD25,hrnet32,clean,74,0.0320712104439735
WRD25,hrnet32,clean,75,0.0245703477412462
WRD25,hrnet32,clean,76,0.1071572825312614
WRD25,hrnet32,clean,77,0.0307141058146953
WRD25,hrnet32,clean,78,0.0527399219572544
WRD25,hrnet32,clean,79,-0.0079385181888937
WRD25,hrnet32,clean,80,0.0648112893104553
WRD25,hrnet32,clean,81,0.0208036564290523
WRD25,hrnet32,clean,82,0.0327785275876522
WRD25,hrnet32,clean,83,0.0180494729429483
WRD25,hrnet32,clean,84,0.0374209992587566
WRD25,hrnet32,clean,85,0.0396590232849121
WRD25,hrnet32,clean,86,-0.0061949854716658
WRD25,hrnet32,clean,87,0.0566414296627044
WRD25,hrnet32,clean,88,0.0102021368220448
WRD25,hrnet32,clean,89,-0.0093601970002055
WRD25,hrnet32,clean,90,0.0292504169046878
WRD25,hrnet32,clean,91,0.0297897048294544
WRD25,hrnet32,clean,92,0.0184290409088134
WRD25,hrnet32,clean,93,0.0501751154661178
WRD25,hrnet32,clean,94,0.0431573763489723
WRD25,hrnet32,clean,95,-0.0372475013136863
WRD25,hrnet32,clean,96,0.0347475782036781
WRD25,hrnet32,clean,97,0.0100114103406667
WRD25,hrnet32,clean,98,0.0198471117764711
WRD25,hrnet32,clean,99,0.0288954526185989
WRD25,hrnet32,clean,100,0.0123100522905588
WRD25,hrnet32,clean,101,0.0623439252376556
WRD25,hrnet32,clean,102,0.0209034755825996
WRD25,hrnet32,clean,103,0.0674875751137733
WRD25,hrnet32,clean,104,0.0239383932203054
WRD25,hrnet32,clean,105,0.0064656320028007
WRD25,hrnet32,clean,106,-0.0012897630222141
WRD25,hrnet32,clean,107,-0.0084930434823036
WRD25,hrnet32,clean,108,0.0420800969004631
WRD25,hrnet32,clean,109,0.0239639282226562
WRD25,hrnet32,clean,110,0.0223082993179559
WRD25,hrnet32,clean,111,0.0365896485745906
WRD25,hrnet32,clean,112,0.0331102758646011
WRD25,hrnet32,clean,113,0.0174656845629215
WRD25,hrnet32,clean,114,0.0276482291519641
WRD25,hrnet32,clean,115,0.0478960536420345
WRD25,hrnet32,clean,116,0.0872509256005287
WRD25,hrnet32,clean,117,0.0561315640807151
WRD25,hrnet32,clean,118,0.0283580962568521
WRD25,hrnet32,clean,119,0.0366317182779312
WRD25,hrnet32,clean,120,0.0180862843990325
WRD25,hrnet32,clean,121,0.0509411543607711
WRD25,hrnet32,clean,122,0.0346143990755081
WRD25,hrnet32,clean,123,0.0256781671196222
WRD25,hrnet32,clean,124,0.0282505899667739
WRD25,hrnet32,clean,125,0.0710539445281028
WRD25,hrnet32,clean,126,0.004858742468059
WRD25,hrnet32,clean,127,0.0191671382635831
WRD25,hrnet32,clean,128,0.011308841407299
WRD25,hrnet32,clean,129,0.0080425012856721
WRD25,hrnet32,clean,130,0.0551855117082595
WRD25,hrnet32,clean,131,-0.0017423192039132
WRD25,hrnet32,clean,132,0.059113822877407
WRD25,hrnet32,clean,133,-0.0165428053587675
WRD25,hrnet32,clean,134,0.0314485542476177
WRD25,hrnet32,clean,135,0.0148370657116174
WRD25,hrnet32,clean,136,0.0672985464334487
WRD25,hrnet32,clean,137,0.0816817954182624
WRD25,hrnet32,clean,138,0.0625690072774887
WRD25,hrnet32,clean,139,0.011210473254323
WRD25,hrnet32,clean,140,0.0166415348649024
WRD25,hrnet32,clean,141,0.0323887132108211
WRD25,hrnet32,clean,142,0.0631721243262291
WRD25,hrnet32,clean,143,0.0349577479064464
WRD25,hrnet32,clean,144,0.0249509010463953
WRD25,hrnet32,clean,145,0.0122280204668641
WRD25,hrnet32,clean,146,0.0239609647542238
WRD25,hrnet32,clean,147,0.0136300101876258
WRD25,hrnet32,clean,148,0.0305051393806934
WRD25,hrnet32,clean,149,0.042439080774784
WRD25,hrnet32,clean,150,0.0156673919409513
WRD25,hrnet32,clean,151,0.0023177838884294
WRD25,hrnet32,clean,152,0.0196950882673263
WRD25,hrnet32,clean,153,0.0159710962325334
WRD25,hrnet32,clean,154,0.0300317462533712
WRD25,hrnet32,clean,155,0.0835940316319465
WRD25,hrnet32,clean,156,0.0176866743713617
WRD25,hrnet32,clean,157,0.0011264909990131
WRD25,hrnet32,clean,158,0.0406109951436519
WRD25,hrnet32,clean,159,0.0487928874790668
WRD25,hrnet32,clean,160,-0.0246595200151205
WRD25,hrnet32,clean,161,-0.0168231185525655
WRD25,hrnet32,clean,162,0.0052125845104455
WRD25,hrnet32,clean,163,0.0688157752156257
WRD25,hrnet32,clean,164,0.0019181327661499
WRD25,hrnet32,clean,165,0.0500717274844646
WRD25,hrnet32,clean,166,-0.0355360768735408
WRD25,hrnet32,clean,167,0.0031263011042028
WRD25,hrnet32,clean,168,-0.0051314611919224
WRD25,hrnet32,clean,169,0.0238262340426445
WRD25,hrnet32,clean,170,0.0460938140749931
WRD25,hrnet32,clean,171,0.0486865527927875
WRD25,hrnet32,clean,172,0.022201245650649
WRD25,hrnet32,clean,173,0.0337537005543708
WRD25,hrnet32,clean,174,0.0281716957688331
WRD25,hrnet32,clean,175,0.0496780350804328
WRD25,hrnet32,clean,176,0.0108545180410146
WRD25,hrnet32,clean,177,0.0830298736691474
WRD25,hrnet32,clean,178,0.0434290394186973
WRD25,hrnet32,clean,179,0.0848120898008346
WRD25,hrnet32,clean,180,0.0639086738228797
WRD25,hrnet32,clean,181,0.0419075153768062
WRD25,hrnet32,clean,182,0.0090328091755509
WRD25,hrnet32,clean,183,0.019050495699048
WRD25,hrnet32,clean,184,0.0400129295885562
WRD25,hrnet32,clean,185,0.0171211138367652
WRD25,hrnet32,clean,186,-0.009625332430005
WRD25,hrnet32,clean,187,0.0242095924913883
WRD25,hrnet32,clean,188,0.1794535517692566
WRD25,hrnet32,clean,189,0.1010394394397735
WRD25,hrnet32,clean,190,0.0100723076611757
WRD25,hrnet32,clean,191,0.0150597942993044
WRD25,hrnet32,clean,192,0.0704342350363731
WRD25,hrnet32,clean,193,0.0682411938905716
WRD25,hrnet32,clean,194,0.0107889249920845
WRD25,hrnet32,clean,195,0.0089846290647983
WRD25,hrnet32,clean,196,-0.0305073205381631
WRD25,hrnet32,clean,197,0.0156266149133443
WRD25,hrnet32,clean,198,0.0095208957791328
WRD25,hrnet32,clean,199,0.0574237406253814
WRD25,mobilenetv3,clean,0,0.0776301398873329
WRD25,mobilenetv3,clean,1,0.0187671743333339
WRD25,mobilenetv3,clean,2,0.0149950478225946
WRD25,mobilenetv3,clean,3,0.0091019868850708
WRD25,mobilenetv3,clean,4,-0.0004832091508433
WRD25,mobilenetv3,clean,5,0.0289396457374095
WRD25,mobilenetv3,clean,6,0.0453554838895797
WRD25,mobilenetv3,clean,7,0.0245050657540559
WRD25,mobilenetv3,clean,8,0.0050803795456886
WRD25,mobilenetv3,clean,9,0.0578042231500148
WRD25,mobilenetv3,clean,10,0.0273508392274379
WRD25,mobilenetv3,clean,11,0.0708472281694412
WRD25,mobilenetv3,clean,12,0.0114608807489275
WRD25,mobilenetv3,clean,13,0.0028010017704218
WRD25,mobilenetv3,clean,14,0.0234167743474245
WRD25,mobilenetv3,clean,15,0.0084963478147983
WRD25,mobilenetv3,clean,16,0.004741562064737
WRD25,mobilenetv3,clean,17,2.351958210056182e-05
WRD25,mobilenetv3,clean,18,0.0270984955132007
WRD25,mobilenetv3,clean,19,-0.0091430731117725
WRD25,mobilenetv3,clean,20,-0.0279840361326932
WRD25,mobilenetv3,clean,21,0.059827983379364
WRD25,mobilenetv3,clean,22,0.036369577050209
WRD25,mobilenetv3,clean,23,0.032862763851881
WRD25,mobilenetv3,clean,24,0.0394486635923385
WRD25,mobilenetv3,clean,25,0.0536341778934001
WRD25,mobilenetv3,clean,26,0.0496470145881176
WRD25,mobilenetv3,clean,27,0.0454093292355537
WRD25,mobilenetv3,clean,28,0.026392450556159
WRD25,mobilenetv3,clean,29,0.0664427727460861
WRD25,mobilenetv3,clean,30,0.0529873892664909
WRD25,mobilenetv3,clean,31,0.1961261630058288
WRD25,mobilenetv3,clean,32,0.0499116070568561
WRD25,mobilenetv3,clean,33,0.1029897779226303
WRD25,mobilenetv3,clean,34,0.0097104040905833
WRD25,mobilenetv3,clean,35,0.0273832585662603
WRD25,mobilenetv3,clean,36,0.1067723557353019
WRD25,mobilenetv3,clean,37,0.1041462793946266
WRD25,mobilenetv3,clean,38,0.0895586311817169
WRD25,mobilenetv3,clean,39,0.0048607918433845
WRD25,mobilenetv3,clean,40,0.0238447915762662
WRD25,mobilenetv3,clean,41,0.0018691455479711
WRD25,mobilenetv3,clean,42,0.1018081307411193
WRD25,mobilenetv3,clean,43,0.0134110143408179
WRD25,mobilenetv3,clean,44,0.0025557216722518
WRD25,mobilenetv3,clean,45,0.0162404645234346
WRD25,mobilenetv3,clean,46,0.0436846949160099
WRD25,mobilenetv3,clean,47,0.0126878367736935
WRD25,mobilenetv3,clean,48,0.0041109421290457
WRD25,mobilenetv3,clean,49,0.0013162104878574
WRD25,mobilenetv3,clean,50,0.0613218508660793
WRD25,mobilenetv3,clean,51,0.0871255621314048
WRD25,mobilenetv3,clean,52,0.0098277023062109
WRD25,mobilenetv3,clean,53,0.0461909584701061
WRD25,mobilenetv3,clean,54,0.0411595180630683
WRD25,mobilenetv3,clean,55,0.073135107755661
WRD25,mobilenetv3,clean,56,0.0548428706824779
WRD25,mobilenetv3,clean,57,0.0126324826851487
WRD25,mobilenetv3,clean,58,0.0163797084242105
WRD25,mobilenetv3,clean,59,0.0248641781508922
WRD25,mobilenetv3,clean,60,0.0248800907284021
WRD25,mobilenetv3,clean,61,0.02824142947793
WRD25,mobilenetv3,clean,62,0.0380157046020031
WRD25,mobilenetv3,clean,63,0.0444675758481025
WRD25,mobilenetv3,clean,64,0.0424421280622482
WRD25,mobilenetv3,clean,65,0.0046124872751533
WRD25,mobilenetv3,clean,66,0.011408008635044
WRD25,mobilenetv3,clean,67,0.0133751556277275
WRD25,mobilenetv3,clean,68,0.0738391950726509
WRD25,mobilenetv3,clean,69,0.0225981790572404
WRD25,mobilenetv3,clean,70,0.0230991393327713
WRD25,mobilenetv3,clean,71,0.0199008863419294
WRD25,mobilenetv3,clean,72,0.0241240970790386
WRD25,mobilenetv3,clean,73,0.0313751399517059
WRD25,mobilenetv3,clean,74,0.0180402304977178
WRD25,mobilenetv3,clean,75,0.0400887802243232
WRD25,mobilenetv3,clean,76,0.0009454568498767
WRD25,mobilenetv3,clean,77,0.0156197790056467
WRD25,mobilenetv3,clean,78,0.0061604841612279
WRD25,mobilenetv3,clean,79,0.0086027942597866
WRD25,mobilenetv3,clean,80,0.0443725623190403
WRD25,mobilenetv3,clean,81,0.0424472838640213
WRD25,mobilenetv3,clean,82,0.0084505388513207
WRD25,mobilenetv3,clean,83,0.0183839164674282
WRD25,mobilenetv3,clean,84,0.0104110715910792
WRD25,mobilenetv3,clean,85,0.0297944452613592
WRD25,mobilenetv3,clean,86,0.0264453068375587
WRD25,mobilenetv3,clean,87,0.0477612055838108
WRD25,mobilenetv3,clean,88,0.012644656933844
WRD25,mobilenetv3,clean,89,0.0178635492920875
WRD25,mobilenetv3,clean,90,0.0242731962352991
WRD25,mobilenetv3,clean,91,0.0303317997604608
WRD25,mobilenetv3,clean,92,0.0165390018373727
WRD25,mobilenetv3,clean,93,0.0404068976640701
WRD25,mobilenetv3,clean,94,0.0266614202409982
WRD25,mobilenetv3,clean,95,0.0027656583115458
WRD25,mobilenetv3,clean,96,0.0288790687918663
WRD25,mobilenetv3,clean,97,0.0810191482305526
WRD25,mobilenetv3,clean,98,0.0964078307151794
WRD25,mobilenetv3,clean,99,0.0085099870339035
WRD25,mobilenetv3,clean,100,0.0117410644888877
WRD25,mobilenetv3,clean,101,0.0215170718729496
WRD25,mobilenetv3,clean,102,0.0139897027984261
WRD25,mobilenetv3,clean,103,0.0712231397628784
WRD25,mobilenetv3,clean,104,0.0101006021723151
WRD25,mobilenetv3,clean,105,0.0140131721273064
WRD25,mobilenetv3,clean,106,0.0121406316757202
WRD25,mobilenetv3,clean,107,0.0311856660991907
WRD25,mobilenetv3,clean,108,0.0353440307080745
WRD25,mobilenetv3,clean,109,0.0192205756902694
WRD25,mobilenetv3,clean,110,0.0444633923470974
WRD25,mobilenetv3,clean,111,0.0305051486939191
WRD25,mobilenetv3,clean,112,0.090883232653141
WRD25,mobilenetv3,clean,113,0.0073347673751413
WRD25,mobilenetv3,clean,114,0.0095802852883934
WRD25,mobilenetv3,clean,115,0.0287047009915113
WRD25,mobilenetv3,clean,116,0.0574239194393157
WRD25,mobilenetv3,clean,117,0.0497933104634285
WRD25,mobilenetv3,clean,118,0.0211397893726825
WRD25,mobilenetv3,clean,119,0.0183021873235702
WRD25,mobilenetv3,clean,120,-0.0284961685538291
WRD25,mobilenetv3,clean,121,0.0089306542649865
WRD25,mobilenetv3,clean,122,0.0363933742046356
WRD25,mobilenetv3,clean,123,0.011524099856615
WRD25,mobilenetv3,clean,124,0.0398209430277347
WRD25,mobilenetv3,clean,125,0.0570876449346542
WRD25,mobilenetv3,clean,126,0.0067839547991752
WRD25,mobilenetv3,clean,127,0.0035241860896348
WRD25,mobilenetv3,clean,128,0.0037205093540251
WRD25,mobilenetv3,clean,129,0.0039313966408371
WRD25,mobilenetv3,clean,130,0.0274033062160015
WRD25,mobilenetv3,clean,131,0.0055781053379178
WRD25,mobilenetv3,clean,132,0.0270934365689754
WRD25,mobilenetv3,clean,133,0.0070036016404628
WRD25,mobilenetv3,clean,134,0.0319241359829902
WRD25,mobilenetv3,clean,135,0.0017136803362518
WRD25,mobilenetv3,clean,136,0.0211835540831089
WRD25,mobilenetv3,clean,137,0.0206782426685094
WRD25,mobilenetv3,clean,138,0.0303328894078731
WRD25,mobilenetv3,clean,139,0.0028479984030127
WRD25,mobilenetv3,clean,140,0.0020820999052375
WRD25,mobilenetv3,clean,141,-0.0157842375338077
WRD25,mobilenetv3,clean,142,0.0140349958091974
WRD25,mobilenetv3,clean,143,0.0157322213053703
WRD25,mobilenetv3,clean,144,0.0336435511708259
WRD25,mobilenetv3,clean,145,0.0407704561948776
WRD25,mobilenetv3,clean,146,0.023327637463808
WRD25,mobilenetv3,clean,147,0.026565259322524
WRD25,mobilenetv3,clean,148,0.0428480915725231
WRD25,mobilenetv3,clean,149,0.0639875680208206
WRD25,mobilenetv3,clean,150,0.0401447005569934
WRD25,mobilenetv3,clean,151,0.0229409951716661
WRD25,mobilenetv3,clean,152,0.0410635992884635
WRD25,mobilenetv3,clean,153,0.020731896162033
WRD25,mobilenetv3,clean,154,0.013090337626636
WRD25,mobilenetv3,clean,155,0.0347737036645412
WRD25,mobilenetv3,clean,156,0.0129117937758564
WRD25,mobilenetv3,clean,157,0.0284306462854146
WRD25,mobilenetv3,clean,158,0.0149366250261664
WRD25,mobilenetv3,clean,159,0.0228789802640676
WRD25,mobilenetv3,clean,160,0.0034403172321617
WRD25,mobilenetv3,clean,161,0.0424800366163253
WRD25,mobilenetv3,clean,162,-0.0072560175321996
WRD25,mobilenetv3,clean,163,0.0141639439389109
WRD25,mobilenetv3,clean,164,0.0280189365148544
WRD25,mobilenetv3,clean,165,0.0401104241609573
WRD25,mobilenetv3,clean,166,0.0059560621157288
WRD25,mobilenetv3,clean,167,0.0421283543109893
WRD25,mobilenetv3,clean,168,0.023105414584279
WRD25,mobilenetv3,clean,169,0.0179091282188892
WRD25,mobilenetv3,clean,170,0.0269147958606481
WRD25,mobilenetv3,clean,171,0.0211335010826587
WRD25,mobilenetv3,clean,172,0.0292226169258356
WRD25,mobilenetv3,clean,173,0.0107182981446385
WRD25,mobilenetv3,clean,174,0.003637513378635
WRD25,mobilenetv3,clean,175,0.0332505106925964
WRD25,mobilenetv3,clean,176,0.0243407543748617
WRD25,mobilenetv3,clean,177,0.0259172823280096
WRD25,mobilenetv3,clean,178,0.0699896439909935
WRD25,mobilenetv3,clean,179,0.0816655084490776
WRD25,mobilenetv3,clean,180,0.0666785836219787
WRD25,mobilenetv3,clean,181,0.0519780218601226
WRD25,mobilenetv3,clean,182,0.0052651423029601
WRD25,mobilenetv3,clean,183,0.0449159778654575
WRD25,mobilenetv3,clean,184,0.0200337283313274
WRD25,mobilenetv3,clean,185,0.0270194038748741
WRD25,mobilenetv3,clean,186,-0.0029159891419112
WRD25,mobilenetv3,clean,187,0.006839798297733
WRD25,mobilenetv3,clean,188,0.1287406682968139
WRD25,mobilenetv3,clean,189,0.0668713301420211
WRD25,mobilenetv3,clean,190,0.0096088349819183
WRD25,mobilenetv3,clean,191,0.0012072017416357
WRD25,mobilenetv3,clean,192,0.0529103092849254
WRD25,mobilenetv3,clean,193,0.053564466536045
WRD25,mobilenetv3,clean,194,-0.0090498737990856
WRD25,mobilenetv3,clean,195,0.0026949194725602
WRD25,mobilenetv3,clean,196,-0.0204356051981449
WRD25,mobilenetv3,clean,197,-0.0005534160300157
WRD25,mobilenetv3,clean,198,0.00368322012946
WRD25,mobilenetv3,clean,199,0.0356262326240539
DTSR14,resnet50,clean,0,0.0096050770953297
DTSR14,resnet50,clean,1,0.0392220132052898
DTSR14,resnet50,clean,2,0.0874598175287246
DTSR14,resnet50,clean,3,0.034724187105894
DTSR14,resnet50,clean,4,0.0216991286724805
DTSR14,resnet50,clean,5,0.0946196615695953
DTSR14,resnet50,clean,6,0.026237366721034
DTSR14,resnet50,clean,7,0.0170128140598535
DTSR14,resnet50,clean,8,0.0124561712145805
DTSR14,resnet50,clean,9,0.0327751822769641
DTSR14,resnet50,clean,10,0.0273708179593086
DTSR14,resnet50,clean,11,0.024100350216031
DTSR14,resnet50,clean,12,0.0137406382709741
DTSR14,resnet50,clean,13,0.0598489791154861
DTSR14,resnet50,clean,14,0.0373610183596611
DTSR14,resnet50,clean,15,0.0636025443673133
DTSR14,resnet50,clean,16,0.053306758403778
DTSR14,resnet50,clean,17,0.0446303635835647
DTSR14,resnet50,clean,18,0.0204088687896728
DTSR14,resnet50,clean,19,0.017994986847043
DTSR14,resnet50,clean,20,0.019463812932372
DTSR14,resnet50,clean,21,0.038803357630968
DTSR14,resnet50,clean,22,0.0221320707350969
DTSR14,resnet50,clean,23,0.1092390790581703
DTSR14,resnet50,clean,24,0.0567799881100654
DTSR14,resnet50,clean,25,0.0321105271577835
DTSR14,resnet50,clean,26,0.0150065030902624
DTSR14,resnet50,clean,27,0.0228937398642301
DTSR14,resnet50,clean,28,0.026701858267188
DTSR14,resnet50,clean,29,0.0266915578395128
DTSR14,resnet50,clean,30,0.0238581411540508
DTSR14,resnet50,clean,31,0.03436890989542
DTSR14,resnet50,clean,32,0.0286086574196815
DTSR14,resnet50,clean,33,0.0290425065904855
DTSR14,resnet50,clean,34,0.0368154644966125
DTSR14,resnet50,clean,35,0.0296834409236907
DTSR14,resnet50,clean,36,0.0219557583332061
DTSR14,resnet50,clean,37,0.0194966457784175
DTSR14,resnet50,clean,38,0.0405011884868145
DTSR14,resnet50,clean,39,0.0499882884323596
DTSR14,resnet50,clean,40,0.0274309087544679
DTSR14,resnet50,clean,41,0.0293505433946847
DTSR14,resnet50,clean,42,0.0657254233956337
DTSR14,resnet50,clean,43,0.0315304398536682
DTSR14,resnet50,clean,44,0.0809219032526016
DTSR14,resnet50,clean,45,0.0343854948878288
DTSR14,resnet50,clean,46,0.0170570369809865
DTSR14,resnet50,clean,47,0.0168315432965755
DTSR14,resnet50,clean,48,0.0188216604292392
DTSR14,resnet50,clean,49,0.0467433407902717
DTSR14,resnet50,clean,50,0.019493980333209
DTSR14,resnet50,clean,51,7.816783909220248e-05
DTSR14,resnet50,clean,52,0.0427446626126766
DTSR14,resnet50,clean,53,0.0544131584465503
DTSR14,resnet50,clean,54,0.0255285426974296
DTSR14,resnet50,clean,55,0.0392828732728958
DTSR14,resnet50,clean,56,0.0270916763693094
DTSR14,resnet50,clean,57,0.0174245610833168
DTSR14,resnet50,clean,58,0.0396994724869728
DTSR14,resnet50,clean,59,0.0499044582247734
DTSR14,resnet50,clean,60,0.0452205874025821
DTSR14,resnet50,clean,61,0.0488486923277378
DTSR14,resnet50,clean,62,0.0732466951012611
DTSR14,resnet50,clean,63,0.0514469034969806
DTSR14,resnet50,clean,64,0.0240746829658746
DTSR14,resnet50,clean,65,0.0072781685739755
DTSR14,resnet50,clean,66,0.0400090478360652
DTSR14,resnet50,clean,67,0.0390575230121612
DTSR14,resnet50,clean,68,0.0579098984599113
DTSR14,resnet50,clean,69,0.0344237312674522
DTSR14,resnet50,clean,70,0.0273237414658069
DTSR14,resnet50,clean,71,0.0594942308962345
DTSR14,resnet50,clean,72,0.07094207406044
DTSR14,resnet50,clean,73,0.0334038101136684
DTSR14,resnet50,clean,74,0.023388871923089
DTSR14,resnet50,clean,75,0.0227565690875053
DTSR14,resnet50,clean,76,0.0245828088372945
DTSR14,resnet50,clean,77,0.0300378855317831
DTSR14,resnet50,clean,78,0.0184653438627719
DTSR14,resnet50,clean,79,0.0231336541473865
DTSR14,resnet50,clean,80,0.0132717816159129
DTSR14,resnet50,clean,81,0.0230804271996021
DTSR14,resnet50,clean,82,0.0150350257754325
DTSR14,resnet50,clean,83,0.0320384800434112
DTSR14,resnet50,clean,84,0.0330192036926746
DTSR14,resnet50,clean,85,0.0160556640475988
DTSR14,resnet50,clean,86,0.0229701120406389
DTSR14,resnet50,clean,87,0.0555731989443302
DTSR14,resnet50,clean,88,0.0291677322238683
DTSR14,resnet50,clean,89,0.0165891256183385
DTSR14,resnet50,clean,90,0.0461663044989109
DTSR14,resnet50,clean,91,0.0182016100734472
DTSR14,resnet50,clean,92,0.0484100393950939
DTSR14,resnet50,clean,93,0.0136562986299395
DTSR14,resnet50,clean,94,0.0205038730055093
DTSR14,resnet50,clean,95,0.0231397785246372
DTSR14,resnet50,clean,96,0.0250179059803485
DTSR14,resnet50,clean,97,0.0331470593810081
DTSR14,resnet50,clean,98,0.0404500477015972
DTSR14,resnet50,clean,99,0.0265379641205072
DTSR14,resnet50,clean,100,0.0152409560978412
DTSR14,resnet50,clean,101,0.0347794517874717
DTSR14,resnet50,clean,102,0.0117075098678469
DTSR14,resnet50,clean,103,0.0139128975570201
DTSR14,resnet50,clean,104,0.0046848929487168
DTSR14,resnet50,clean,105,0.0262507777661085
DTSR14,resnet50,clean,106,0.0607075504958629
DTSR14,resnet50,clean,107,0.0231463517993688
DTSR14,resnet50,clean,108,0.0088308304548263
DTSR14,resnet50,clean,109,0.0329806506633758
DTSR14,resnet50,clean,110,0.0494827143847942
DTSR14,resnet50,clean,111,0.013703066855669
DTSR14,resnet50,clean,112,0.0405487678945064
DTSR14,resnet50,clean,113,0.0314870811998844
DTSR14,resnet50,clean,114,0.0191695131361484
DTSR14,resnet50,clean,115,0.0308882296085357
DTSR14,resnet50,clean,116,0.0243097692728042
DTSR14,resnet50,clean,117,0.0422498695552349
DTSR14,resnet50,clean,118,0.1253663450479507
DTSR14,resnet50,clean,119,0.068067267537117
DTSR14,resnet50,clean,120,0.0485149584710598
DTSR14,resnet50,clean,121,0.0489334054291248
DTSR14,resnet50,clean,122,0.1049031019210815
DTSR14,resnet50,clean,123,0.0707304999232292
DTSR14,resnet50,clean,124,0.0288960859179496
DTSR14,resnet50,clean,125,0.0281771160662174
DTSR14,resnet50,clean,126,0.0255469940602779
DTSR14,resnet50,clean,127,0.0498964264988899
DTSR14,resnet50,clean,128,0.0409816689789295
DTSR14,resnet50,clean,129,0.0128753464668989
DTSR14,resnet50,clean,130,0.138275921344757
DTSR14,resnet50,clean,131,0.0054008597508072
DTSR14,resnet50,clean,132,0.0147813707590103
DTSR14,resnet50,clean,133,0.0129221966490149
DTSR14,resnet50,clean,134,0.0271242633461952
DTSR14,resnet50,clean,135,0.0146862557157874
DTSR14,resnet50,clean,136,0.0482133664190769
DTSR14,resnet50,clean,137,0.0497494079172611
DTSR14,resnet50,clean,138,0.006508199032396
DTSR14,resnet50,clean,139,0.0419378764927387
DTSR14,resnet50,clean,140,0.0067626554518938
DTSR14,resnet50,clean,141,0.0723784565925598
DTSR14,resnet50,clean,142,0.0240136440843343
DTSR14,resnet50,clean,143,0.0938575491309166
DTSR14,resnet50,clean,144,0.1088034361600875
DTSR14,resnet50,clean,145,0.1210839003324508
DTSR14,resnet50,clean,146,0.1132779419422149
DTSR14,resnet50,clean,147,0.098024658858776
DTSR14,resnet50,clean,148,0.0216369852423667
DTSR14,resnet50,clean,149,0.0607180967926979
DTSR14,resnet50,clean,150,0.0806795507669448
DTSR14,resnet50,clean,151,0.0562939643859863
DTSR14,resnet50,clean,152,0.0303422436118125
DTSR14,resnet50,clean,153,0.0625004693865776
DTSR14,resnet50,clean,154,0.0367977619171142
DTSR14,resnet50,clean,155,0.0341184139251709
DTSR14,resnet50,clean,156,0.037829216569662
DTSR14,resnet50,clean,157,0.0738141313195228
DTSR14,resnet50,clean,158,0.088178664445877
DTSR14,resnet50,clean,159,0.0476235449314117
DTSR14,resnet50,clean,160,0.0984019264578819
DTSR14,resnet50,clean,161,0.0644866675138473
DTSR14,resnet50,clean,162,0.1215063631534576
DTSR14,resnet50,clean,163,0.0794770643115043
DTSR14,resnet50,clean,164,0.0405964069068431
DTSR14,resnet50,clean,165,0.0301598142832517
DTSR14,resnet50,clean,166,0.025468485429883
DTSR14,resnet50,clean,167,0.0338786244392395
DTSR14,resnet50,clean,168,0.0730863213539123
DTSR14,resnet50,clean,169,0.0593492984771728
DTSR14,resnet50,clean,170,0.0290582627058029
DTSR14,resnet50,clean,171,0.0239246264100074
DTSR14,resnet50,clean,172,-0.0014146096073091
DTSR14,resnet50,clean,173,0.0612963177263736
DTSR14,resnet50,clean,174,0.0362028703093528
DTSR14,resnet50,clean,175,0.0674908012151718
DTSR14,resnet50,clean,176,0.0680368542671203
DTSR14,resnet50,clean,177,0.0488351508975029
DTSR14,resnet50,clean,178,0.0266658440232276
DTSR14,resnet50,clean,179,0.0466605983674526
DTSR14,resnet50,clean,180,0.0516605712473392
DTSR14,resnet50,clean,181,0.0092416359111666
DTSR14,resnet50,clean,182,0.02209940738976
DTSR14,resnet50,clean,183,0.0231242403388023
DTSR14,resnet50,clean,184,0.04213148355484
DTSR14,resnet50,clean,185,0.0470441319048404
DTSR14,resnet50,clean,186,0.0140397222712636
DTSR14,resnet50,clean,187,0.0314876511693
DTSR14,resnet50,clean,188,0.0355412662029266
DTSR14,resnet50,clean,189,0.0125941233709454
DTSR14,resnet50,clean,190,0.0004436209565028
DTSR14,resnet50,clean,191,0.0573997013270854
DTSR14,resnet50,clean,192,0.0578277297317981
DTSR14,resnet50,clean,193,0.003678731387481
DTSR14,resnet50,clean,194,0.0511716641485691
DTSR14,resnet50,clean,195,0.0216491147875785
DTSR14,resnet50,clean,196,0.0661705657839775
DTSR14,resnet50,clean,197,0.1157267913222312
DTSR14,resnet50,clean,198,0.0298961903899908
DTSR14,resnet50,clean,199,0.111656405031681
DTSR14,efficientnet_b3,clean,0,-0.0009982195915654
DTSR14,efficientnet_b3,clean,1,0.0029065543785691
DTSR14,efficientnet_b3,clean,2,-0.003711704397574
DTSR14,efficientnet_b3,clean,3,-0.0089465444907546
DTSR14,efficientnet_b3,clean,4,-0.0057384204119443
DTSR14,efficientnet_b3,clean,5,-0.0042408029548823
DTSR14,efficientnet_b3,clean,6,-0.0044569731689989
DTSR14,efficientnet_b3,clean,7,-0.0104432124644517
DTSR14,efficientnet_b3,clean,8,-0.0072086863219738
DTSR14,efficientnet_b3,clean,9,-0.0032385841477662
DTSR14,efficientnet_b3,clean,10,-0.0037869387306272
DTSR14,efficientnet_b3,clean,11,-0.0049630375578999
DTSR14,efficientnet_b3,clean,12,0.0030110520310699
DTSR14,efficientnet_b3,clean,13,-0.0046597733162343
DTSR14,efficientnet_b3,clean,14,0.0165967643260955
DTSR14,efficientnet_b3,clean,15,0.0110931815579533
DTSR14,efficientnet_b3,clean,16,0.0056433207355439
DTSR14,efficientnet_b3,clean,17,0.0067717246711254
DTSR14,efficientnet_b3,clean,18,0.0057925167493522
DTSR14,efficientnet_b3,clean,19,0.0070022097788751
DTSR14,efficientnet_b3,clean,20,0.0039574084803462
DTSR14,efficientnet_b3,clean,21,0.0158446300774812
DTSR14,efficientnet_b3,clean,22,0.0034714508801698
DTSR14,efficientnet_b3,clean,23,-0.002515276428312
DTSR14,efficientnet_b3,clean,24,0.0144205885007977
DTSR14,efficientnet_b3,clean,25,0.0037410801742225
DTSR14,efficientnet_b3,clean,26,0.0002560805296525
DTSR14,efficientnet_b3,clean,27,0.0035937440115958
DTSR14,efficientnet_b3,clean,28,0.0011707311496138
DTSR14,efficientnet_b3,clean,29,0.0058297263458371
DTSR14,efficientnet_b3,clean,30,0.0014601545408368
DTSR14,efficientnet_b3,clean,31,0.0105628604069352
DTSR14,efficientnet_b3,clean,32,-0.0044824001379311
DTSR14,efficientnet_b3,clean,33,-0.0003403859736863
DTSR14,efficientnet_b3,clean,34,-0.0019562041852623
DTSR14,efficientnet_b3,clean,35,0.0106142377480864
DTSR14,efficientnet_b3,clean,36,0.004058860708028
DTSR14,efficientnet_b3,clean,37,0.0013807375216856
DTSR14,efficientnet_b3,clean,38,0.0009473931859247
DTSR14,efficientnet_b3,clean,39,0.0111590847373008
DTSR14,efficientnet_b3,clean,40,0.0135737592354416
DTSR14,efficientnet_b3,clean,41,0.0039028008468449
DTSR14,efficientnet_b3,clean,42,0.009653584100306
DTSR14,efficientnet_b3,clean,43,-0.0001246170431841
DTSR14,efficientnet_b3,clean,44,0.0221789255738258
DTSR14,efficientnet_b3,clean,45,-0.0009291778551414
DTSR14,efficientnet_b3,clean,46,0.027746208012104
DTSR14,efficientnet_b3,clean,47,-0.0074261152185499
DTSR14,efficientnet_b3,clean,48,0.0099864657968282
DTSR14,efficientnet_b3,clean,49,0.0017038051737472
DTSR14,efficientnet_b3,clean,50,-0.0063058948144316
DTSR14,efficientnet_b3,clean,51,-0.0152217671275138
DTSR14,efficientnet_b3,clean,52,0.0025949524715542
DTSR14,efficientnet_b3,clean,53,-0.0071937693282961
DTSR14,efficientnet_b3,clean,54,-0.0033141218591481
DTSR14,efficientnet_b3,clean,55,0.0124678704887628
DTSR14,efficientnet_b3,clean,56,0.0107699995860457
DTSR14,efficientnet_b3,clean,57,0.0195694174617528
DTSR14,efficientnet_b3,clean,58,-0.0013103081146255
DTSR14,efficientnet_b3,clean,59,0.0057940683327615
DTSR14,efficientnet_b3,clean,60,-0.0091532971709966
DTSR14,efficientnet_b3,clean,61,-0.0144770527258515
DTSR14,efficientnet_b3,clean,62,-0.0076599377207458
DTSR14,efficientnet_b3,clean,63,0.0040756333619356
DTSR14,efficientnet_b3,clean,64,-0.0053986520506441
DTSR14,efficientnet_b3,clean,65,-0.0090785734355449
DTSR14,efficientnet_b3,clean,66,-0.0116551602259278
DTSR14,efficientnet_b3,clean,67,0.0004463315126486
DTSR14,efficientnet_b3,clean,68,0.0051434976048767
DTSR14,efficientnet_b3,clean,69,0.0199090112000703
DTSR14,efficientnet_b3,clean,70,0.0020586804021149
DTSR14,efficientnet_b3,clean,71,0.0167386904358863
DTSR14,efficientnet_b3,clean,72,0.0200850516557693
DTSR14,efficientnet_b3,clean,73,-0.0204352308064699
DTSR14,efficientnet_b3,clean,74,0.0158473793417215
DTSR14,efficientnet_b3,clean,75,0.0067598824389278
DTSR14,efficientnet_b3,clean,76,0.0074322712607681
DTSR14,efficientnet_b3,clean,77,0.0157359912991523
DTSR14,efficientnet_b3,clean,78,0.0048868940211832
DTSR14,efficientnet_b3,clean,79,0.0064143827185034
DTSR14,efficientnet_b3,clean,80,0.0112333027645945
DTSR14,efficientnet_b3,clean,81,0.0175087880343198
DTSR14,efficientnet_b3,clean,82,0.0083584496751427
DTSR14,efficientnet_b3,clean,83,0.0037867610808461
DTSR14,efficientnet_b3,clean,84,0.0272574760019779
DTSR14,efficientnet_b3,clean,85,0.0025305156596004
DTSR14,efficientnet_b3,clean,86,-0.0153113482519984
DTSR14,efficientnet_b3,clean,87,0.0013743026647716
DTSR14,efficientnet_b3,clean,88,0.011034513823688
DTSR14,efficientnet_b3,clean,89,-0.0051388861611485
DTSR14,efficientnet_b3,clean,90,-0.0033646817319095
DTSR14,efficientnet_b3,clean,91,0.001293063047342
DTSR14,efficientnet_b3,clean,92,0.0125230522826313
DTSR14,efficientnet_b3,clean,93,0.0065976725891232
DTSR14,efficientnet_b3,clean,94,-0.0037008963990956
DTSR14,efficientnet_b3,clean,95,0.0073495367541909
DTSR14,efficientnet_b3,clean,96,0.0018933298997581
DTSR14,efficientnet_b3,clean,97,-0.007229174952954
DTSR14,efficientnet_b3,clean,98,0.0201736316084861
DTSR14,efficientnet_b3,clean,99,-0.0205425210297107
DTSR14,efficientnet_b3,clean,100,0.0003734918136615
DTSR14,efficientnet_b3,clean,101,0.0011259202146902
DTSR14,efficientnet_b3,clean,102,0.0229812264442443
DTSR14,efficientnet_b3,clean,103,0.0004094465984962
DTSR14,efficientnet_b3,clean,104,-0.0176735110580921
DTSR14,efficientnet_b3,clean,105,0.0052479798905551
DTSR14,efficientnet_b3,clean,106,-0.008745128288865
DTSR14,efficientnet_b3,clean,107,0.013822479173541
DTSR14,efficientnet_b3,clean,108,0.0213546007871627
DTSR14,efficientnet_b3,clean,109,0.0059922402724623
DTSR14,efficientnet_b3,clean,110,0.0011937441304326
DTSR14,efficientnet_b3,clean,111,0.0246997345238924
DTSR14,efficientnet_b3,clean,112,-0.0085588572546839
DTSR14,efficientnet_b3,clean,113,-0.019097976386547
DTSR14,efficientnet_b3,clean,114,-0.0016851846594363
DTSR14,efficientnet_b3,clean,115,-0.0002446267462801
DTSR14,efficientnet_b3,clean,116,-0.0023631558287888
DTSR14,efficientnet_b3,clean,117,0.0144204730167984
DTSR14,efficientnet_b3,clean,118,0.0078347837552428
DTSR14,efficientnet_b3,clean,119,0.0070211663842201
DTSR14,efficientnet_b3,clean,120,0.0046163173392415
DTSR14,efficientnet_b3,clean,121,0.0105850240215659
DTSR14,efficientnet_b3,clean,122,0.007705548312515
DTSR14,efficientnet_b3,clean,123,0.0052639232017099
DTSR14,efficientnet_b3,clean,124,-0.0031323775183409
DTSR14,efficientnet_b3,clean,125,-0.0058339280076324
DTSR14,efficientnet_b3,clean,126,-0.0088597256690263
DTSR14,efficientnet_b3,clean,127,-0.0044396128505468
DTSR14,efficientnet_b3,clean,128,-0.001293625915423
DTSR14,efficientnet_b3,clean,129,-0.002564029302448
DTSR14,efficientnet_b3,clean,130,-0.0086640259250998
DTSR14,efficientnet_b3,clean,131,0.0047481330111622
DTSR14,efficientnet_b3,clean,132,-0.0031192048918455
DTSR14,efficientnet_b3,clean,133,-0.0098211383447051
DTSR14,efficientnet_b3,clean,134,-0.0048957164399325
DTSR14,efficientnet_b3,clean,135,-0.0105945533141493
DTSR14,efficientnet_b3,clean,136,0.0004425285442266
DTSR14,efficientnet_b3,clean,137,-0.0043241451494395
DTSR14,efficientnet_b3,clean,138,0.0010627926094457
DTSR14,efficientnet_b3,clean,139,0.0061824386939406
DTSR14,efficientnet_b3,clean,140,-0.0068277604877948
DTSR14,efficientnet_b3,clean,141,-0.0009372732019983
DTSR14,efficientnet_b3,clean,142,-0.0029965878929942
DTSR14,efficientnet_b3,clean,143,0.0032876464538276
DTSR14,efficientnet_b3,clean,144,-0.0113462321460247
DTSR14,efficientnet_b3,clean,145,-0.0043585198000073
DTSR14,efficientnet_b3,clean,146,-0.0002659826423041
DTSR14,efficientnet_b3,clean,147,0.0006969706155359
DTSR14,efficientnet_b3,clean,148,-0.000645525928121
DTSR14,efficientnet_b3,clean,149,-0.0035889267455786
DTSR14,efficientnet_b3,clean,150,0.0056556807830929
DTSR14,efficientnet_b3,clean,151,-0.0061880857683718
DTSR14,efficientnet_b3,clean,152,-0.0001120088127208
DTSR14,efficientnet_b3,clean,153,-0.0011334028095006
DTSR14,efficientnet_b3,clean,154,-0.0114505412057042
DTSR14,efficientnet_b3,clean,155,-3.631648360169493e-05
DTSR14,efficientnet_b3,clean,156,0.0012897864216938
DTSR14,efficientnet_b3,clean,157,0.0049567287787795
DTSR14,efficientnet_b3,clean,158,0.0200896076858043
DTSR14,efficientnet_b3,clean,159,0.0030778180807828
DTSR14,efficientnet_b3,clean,160,-0.0043177157640457
DTSR14,efficientnet_b3,clean,161,-0.0050222766585648
DTSR14,efficientnet_b3,clean,162,-0.0001400048786308
DTSR14,efficientnet_b3,clean,163,-0.000445834477432
DTSR14,efficientnet_b3,clean,164,0.0007257518591359
DTSR14,efficientnet_b3,clean,165,0.0122252199798822
DTSR14,efficientnet_b3,clean,166,0.0004899743944406
DTSR14,efficientnet_b3,clean,167,-0.0019170191371813
DTSR14,efficientnet_b3,clean,168,0.0003366490127518
DTSR14,efficientnet_b3,clean,169,0.0242759324610233
DTSR14,efficientnet_b3,clean,170,0.0087727643549442
DTSR14,efficientnet_b3,clean,171,0.0003436355036683
DTSR14,efficientnet_b3,clean,172,0.0030580651946365
DTSR14,efficientnet_b3,clean,173,0.0115795079618692
DTSR14,efficientnet_b3,clean,174,-0.0033744787797331
DTSR14,efficientnet_b3,clean,175,0.0113092642277479
DTSR14,efficientnet_b3,clean,176,0.0053555890917778
DTSR14,efficientnet_b3,clean,177,-0.0165332853794097
DTSR14,efficientnet_b3,clean,178,0.0112854307517409
DTSR14,efficientnet_b3,clean,179,-0.0074955429881811
DTSR14,efficientnet_b3,clean,180,-0.0039278976619243
DTSR14,efficientnet_b3,clean,181,-0.0035900028888136
DTSR14,efficientnet_b3,clean,182,-0.011230825446546
DTSR14,efficientnet_b3,clean,183,-0.0051144901663064
DTSR14,efficientnet_b3,clean,184,-0.0159115530550479
DTSR14,efficientnet_b3,clean,185,0.0099532837048172
DTSR14,efficientnet_b3,clean,186,-0.0009733263286761
DTSR14,efficientnet_b3,clean,187,-0.0005768874543718
DTSR14,efficientnet_b3,clean,188,0.0067107831127941
DTSR14,efficientnet_b3,clean,189,-0.0010689778719097
DTSR14,efficientnet_b3,clean,190,-0.0061273965984582
DTSR14,efficientnet_b3,clean,191,-0.0070139523595571
DTSR14,efficientnet_b3,clean,192,-0.0080572245642542
DTSR14,efficientnet_b3,clean,193,-0.0026589951012283
DTSR14,efficientnet_b3,clean,194,0.0085128769278526
DTSR14,efficientnet_b3,clean,195,-0.0043777432292699
DTSR14,efficientnet_b3,clean,196,0.0054502063430845
DTSR14,efficientnet_b3,clean,197,0.0044220676645636
DTSR14,efficientnet_b3,clean,198,-0.0008544127922505
DTSR14,efficientnet_b3,clean,199,-0.006754498463124
DTSR14,convnext_tiny,clean,0,-0.0212331619113683
DTSR14,convnext_tiny,clean,1,-0.0541157722473144
DTSR14,convnext_tiny,clean,2,0.0
DTSR14,convnext_tiny,clean,3,0.1944476664066314
DTSR14,convnext_tiny,clean,4,-0.0190603956580162
DTSR14,convnext_tiny,clean,5,0.0312430001795291
DTSR14,convnext_tiny,clean,6,-0.0251763928681612
DTSR14,convnext_tiny,clean,7,0.3652951717376709
DTSR14,convnext_tiny,clean,8,-0.0162384137511253
DTSR14,convnext_tiny,clean,9,0.0550650954246521
DTSR14,convnext_tiny,clean,10,0.020845852792263
DTSR14,convnext_tiny,clean,11,-0.0694479644298553
DTSR14,convnext_tiny,clean,12,0.0265949312597513
DTSR14,convnext_tiny,clean,13,0.0812053903937339
DTSR14,convnext_tiny,clean,14,-0.0487584695219993
DTSR14,convnext_tiny,clean,15,-0.046051550656557
DTSR14,convnext_tiny,clean,16,-0.0532179251313209
DTSR14,convnext_tiny,clean,17,0.0262683574110269
DTSR14,convnext_tiny,clean,18,-0.1167736649513244
DTSR14,convnext_tiny,clean,19,0.0195298641920089
DTSR14,convnext_tiny,clean,20,0.0887808129191398
DTSR14,convnext_tiny,clean,21,-0.0036051520146429
DTSR14,convnext_tiny,clean,22,-0.0313246883451938
DTSR14,convnext_tiny,clean,23,-0.0568856671452522
DTSR14,convnext_tiny,clean,24,-0.0096842851489782
DTSR14,convnext_tiny,clean,25,-0.0018656789325177
DTSR14,convnext_tiny,clean,26,0.0253522973507642
DTSR14,convnext_tiny,clean,27,-0.012538525275886
DTSR14,convnext_tiny,clean,28,0.0481879748404026
DTSR14,convnext_tiny,clean,29,-0.0897630751132965
DTSR14,convnext_tiny,clean,30,0.064925767481327
DTSR14,convnext_tiny,clean,31,0.0195990428328514
DTSR14,convnext_tiny,clean,32,-0.0283028595149517
DTSR14,convnext_tiny,clean,33,-0.0882712304592132
DTSR14,convnext_tiny,clean,34,-0.0180591456592082
DTSR14,convnext_tiny,clean,35,0.0171538088470697
DTSR14,convnext_tiny,clean,36,-0.2880038321018219
DTSR14,convnext_tiny,clean,37,0.0408149547874927
DTSR14,convnext_tiny,clean,38,-0.0173054561018943
DTSR14,convnext_tiny,clean,39,0.0435853898525238
DTSR14,convnext_tiny,clean,40,-0.0256706774234771
DTSR14,convnext_tiny,clean,41,0.0297416672110557
DTSR14,convnext_tiny,clean,42,-0.0205696430057287
DTSR14,convnext_tiny,clean,43,0.0148650044575333
DTSR14,convnext_tiny,clean,44,-0.0433824099600315
DTSR14,convnext_tiny,clean,45,0.0414040721952915
DTSR14,convnext_tiny,clean,46,0.08493572473526
DTSR14,convnext_tiny,clean,47,-0.0395018234848976
DTSR14,convnext_tiny,clean,48,0.2881144285202026
DTSR14,convnext_tiny,clean,49,-0.0307169649749994
DTSR14,convnext_tiny,clean,50,-0.0022029641550034
DTSR14,convnext_tiny,clean,51,-0.115228421986103
DTSR14,convnext_tiny,clean,52,-0.0204966962337493
DTSR14,convnext_tiny,clean,53,0.0158666595816612
DTSR14,convnext_tiny,clean,54,0.0
DTSR14,convnext_tiny,clean,55,0.219304472208023
DTSR14,convnext_tiny,clean,56,0.0265896823257207
DTSR14,convnext_tiny,clean,57,0.2171481549739837
DTSR14,convnext_tiny,clean,58,-0.0360667183995246
DTSR14,convnext_tiny,clean,59,-0.0372241139411926
DTSR14,convnext_tiny,clean,60,-0.1043744832277298
DTSR14,convnext_tiny,clean,61,0.0301880463957786
DTSR14,convnext_tiny,clean,62,0.1089395135641098
DTSR14,convnext_tiny,clean,63,0.0904655680060386
DTSR14,convnext_tiny,clean,64,-0.0257726907730102
DTSR14,convnext_tiny,clean,65,-0.0138948252424597
DTSR14,convnext_tiny,clean,66,-0.0378343500196933
DTSR14,convnext_tiny,clean,67,-0.0456033088266849
DTSR14,convnext_tiny,clean,68,0.0312432516366243
DTSR14,convnext_tiny,clean,69,0.0770180821418762
DTSR14,convnext_tiny,clean,70,-0.0118127930909395
DTSR14,convnext_tiny,clean,71,-0.0424643009901046
DTSR14,convnext_tiny,clean,72,-0.1401660740375518
DTSR14,convnext_tiny,clean,73,-0.0057026292197406
DTSR14,convnext_tiny,clean,74,0.0669532343745231
DTSR14,convnext_tiny,clean,75,-0.1604986637830734
DTSR14,convnext_tiny,clean,76,0.0089519191533327
DTSR14,convnext_tiny,clean,77,-3.2802017813082784e-05
DTSR14,convnext_tiny,clean,78,0.0751776620745658
DTSR14,convnext_tiny,clean,79,0.0137173347175121
DTSR14,convnext_tiny,clean,80,0.0028184237889945
DTSR14,convnext_tiny,clean,81,-0.0238014049828052
DTSR14,convnext_tiny,clean,82,-0.0293600875884294
DTSR14,convnext_tiny,clean,83,0.0160451512783765
DTSR14,convnext_tiny,clean,84,-0.0125191202387213
DTSR14,convnext_tiny,clean,85,-0.0420394614338874
DTSR14,convnext_tiny,clean,86,-0.0289330184459686
DTSR14,convnext_tiny,clean,87,-0.003653272986412
DTSR14,convnext_tiny,clean,88,0.0517453029751777
DTSR14,convnext_tiny,clean,89,0.0006619885098189
DTSR14,convnext_tiny,clean,90,-0.0421378463506698
DTSR14,convnext_tiny,clean,91,0.3472746610641479
DTSR14,convnext_tiny,clean,92,-0.0223464164882898
DTSR14,convnext_tiny,clean,93,-0.0474118441343307
DTSR14,convnext_tiny,clean,94,0.0076043489389121
DTSR14,convnext_tiny,clean,95,-0.0605293773114681
DTSR14,convnext_tiny,clean,96,0.0199927743524312
DTSR14,convnext_tiny,clean,97,0.0185546595603227
DTSR14,convnext_tiny,clean,98,-0.0508588105440139
DTSR14,convnext_tiny,clean,99,0.0403588637709617
DTSR14,convnext_tiny,clean,100,0.0183965433388948
DTSR14,convnext_tiny,clean,101,-0.0234380234032869
DTSR14,convnext_tiny,clean,102,-0.0693626180291175
DTSR14,convnext_tiny,clean,103,-0.0538315400481224
DTSR14,convnext_tiny,clean,104,-0.0240559000521898
DTSR14,convnext_tiny,clean,105,0.0737313628196716
DTSR14,convnext_tiny,clean,106,-0.0363805592060089
DTSR14,convnext_tiny,clean,107,-0.0681527256965637
DTSR14,convnext_tiny,clean,108,-0.0287589225918054
DTSR14,convnext_tiny,clean,109,-0.0333205237984657
DTSR14,convnext_tiny,clean,110,0.0499778725206851
DTSR14,convnext_tiny,clean,111,0.2623674571514129
DTSR14,convnext_tiny,clean,112,-0.0600629225373268
DTSR14,convnext_tiny,clean,113,-0.0109821995720267
DTSR14,convnext_tiny,clean,114,-0.0763857290148735
DTSR14,convnext_tiny,clean,115,-0.0138986520469188
DTSR14,convnext_tiny,clean,116,-0.1106267347931861
DTSR14,convnext_tiny,clean,117,-0.1021507605910301
DTSR14,convnext_tiny,clean,118,0.0357384569942951
DTSR14,convnext_tiny,clean,119,0.0200946535915136
DTSR14,convnext_tiny,clean,120,-0.0238200407475233
DTSR14,convnext_tiny,clean,121,0.0966684594750404
DTSR14,convnext_tiny,clean,122,0.0873741209506988
DTSR14,convnext_tiny,clean,123,0.0120912417769432
DTSR14,convnext_tiny,clean,124,-0.0376376807689666
DTSR14,convnext_tiny,clean,125,-0.0706064328551292
DTSR14,convnext_tiny,clean,126,0.0259581338614225
DTSR14,convnext_tiny,clean,127,0.1950518190860748
DTSR14,convnext_tiny,clean,128,0.0295992456376552
DTSR14,convnext_tiny,clean,129,-0.0016445298679172
DTSR14,convnext_tiny,clean,130,-0.0593132190406322
DTSR14,convnext_tiny,clean,131,0.3778227269649505
DTSR14,convnext_tiny,clean,132,-0.006473921239376
DTSR14,convnext_tiny,clean,133,0.0045094755478203
DTSR14,convnext_tiny,clean,134,-0.0358807742595672
DTSR14,convnext_tiny,clean,135,0.0832651704549789
DTSR14,convnext_tiny,clean,136,-0.0541380271315574
DTSR14,convnext_tiny,clean,137,0.0117510668933391
DTSR14,convnext_tiny,clean,138,-0.071046806871891
DTSR14,convnext_tiny,clean,139,0.2562544047832489
DTSR14,convnext_tiny,clean,140,0.0063630063086748
DTSR14,convnext_tiny,clean,141,0.0354783497750759
DTSR14,convnext_tiny,clean,142,0.1592579782009124
DTSR14,convnext_tiny,clean,143,0.0671859309077262
DTSR14,convnext_tiny,clean,144,-0.0605432838201522
DTSR14,convnext_tiny,clean,145,0.051586590707302
DTSR14,convnext_tiny,clean,146,0.0498421490192413
DTSR14,convnext_tiny,clean,147,0.0022362717427313
DTSR14,convnext_tiny,clean,148,0.3058240711688995
DTSR14,convnext_tiny,clean,149,0.1130726560950279
DTSR14,convnext_tiny,clean,150,-0.056991022080183
DTSR14,convnext_tiny,clean,151,0.082507349550724
DTSR14,convnext_tiny,clean,152,0.045592688024044
DTSR14,convnext_tiny,clean,153,-0.0009322105906903
DTSR14,convnext_tiny,clean,154,-0.0583574138581752
DTSR14,convnext_tiny,clean,155,0.0654434561729431
DTSR14,convnext_tiny,clean,156,0.0568726174533367
DTSR14,convnext_tiny,clean,157,-0.0707925856113433
DTSR14,convnext_tiny,clean,158,0.3959380686283111
DTSR14,convnext_tiny,clean,159,0.0059612868353724
DTSR14,convnext_tiny,clean,160,0.0629877522587776
DTSR14,convnext_tiny,clean,161,-0.0332340039312839
DTSR14,convnext_tiny,clean,162,0.2070748060941696
DTSR14,convnext_tiny,clean,163,0.0730350092053413
DTSR14,convnext_tiny,clean,164,0.0052247620187699
DTSR14,convnext_tiny,clean,165,-0.02720258384943
DTSR14,convnext_tiny,clean,166,-0.1756294071674347
DTSR14,convnext_tiny,clean,167,-0.0107049699872732
DTSR14,convnext_tiny,clean,168,0.1102339699864387
DTSR14,convnext_tiny,clean,169,-0.0065858261659741
DTSR14,convnext_tiny,clean,170,0.1474658548831939
DTSR14,convnext_tiny,clean,171,0.0491435155272483
DTSR14,convnext_tiny,clean,172,-0.0068793976679444
DTSR14,convnext_tiny,clean,173,0.0399184860289096
DTSR14,convnext_tiny,clean,174,-0.0087364241480827
DTSR14,convnext_tiny,clean,175,-0.0060392208397388
DTSR14,convnext_tiny,clean,176,-0.0088816378265619
DTSR14,convnext_tiny,clean,177,-0.0266173128038644
DTSR14,convnext_tiny,clean,178,-0.0617875382304191
DTSR14,convnext_tiny,clean,179,0.0990170389413833
DTSR14,convnext_tiny,clean,180,0.0669313892722129
DTSR14,convnext_tiny,clean,181,0.0326195210218429
DTSR14,convnext_tiny,clean,182,0.0240795128047466
DTSR14,convnext_tiny,clean,183,0.4196919500827789
DTSR14,convnext_tiny,clean,184,-0.0172273889183998
DTSR14,convnext_tiny,clean,185,0.022849004715681
DTSR14,convnext_tiny,clean,186,0.1934156268835067
DTSR14,convnext_tiny,clean,187,0.026222750544548
DTSR14,convnext_tiny,clean,188,-0.0467403903603553
DTSR14,convnext_tiny,clean,189,-0.0355302430689334
DTSR14,convnext_tiny,clean,190,-0.0209260378032922
DTSR14,convnext_tiny,clean,191,-0.0219695270061492
DTSR14,convnext_tiny,clean,192,0.0791955515742302
DTSR14,convnext_tiny,clean,193,-0.022283062338829
DTSR14,convnext_tiny,clean,194,0.0810656324028968
DTSR14,convnext_tiny,clean,195,0.0281701385974884
DTSR14,convnext_tiny,clean,196,-0.0975173860788345
DTSR14,convnext_tiny,clean,197,0.1116693615913391
DTSR14,convnext_tiny,clean,198,0.0345822386443614
DTSR14,convnext_tiny,clean,199,0.0324765741825103
DTSR14,swin_tiny,clean,0,0.1812838464975357
DTSR14,swin_tiny,clean,1,0.1186154261231422
DTSR14,swin_tiny,clean,2,-0.0766868963837623
DTSR14,swin_tiny,clean,3,-0.0204038806259632
DTSR14,swin_tiny,clean,4,-0.0772089213132858
DTSR14,swin_tiny,clean,5,-0.0804720818996429
DTSR14,swin_tiny,clean,6,-0.0871939659118652
DTSR14,swin_tiny,clean,7,-0.0912512466311454
DTSR14,swin_tiny,clean,8,0.1568967849016189
DTSR14,swin_tiny,clean,9,-0.0145272249355912
DTSR14,swin_tiny,clean,10,-0.0813163444399833
DTSR14,swin_tiny,clean,11,-0.0682659521698951
DTSR14,swin_tiny,clean,12,-0.0281290765851736
DTSR14,swin_tiny,clean,13,-0.0447788424789905
DTSR14,swin_tiny,clean,14,-0.1057392433285713
DTSR14,swin_tiny,clean,15,-0.0883007049560546
DTSR14,swin_tiny,clean,16,-0.0525324940681457
DTSR14,swin_tiny,clean,17,-0.1008815839886665
DTSR14,swin_tiny,clean,18,-0.0640701800584793
DTSR14,swin_tiny,clean,19,-0.0503031462430954
DTSR14,swin_tiny,clean,20,-0.1056818217039108
DTSR14,swin_tiny,clean,21,-0.135690838098526
DTSR14,swin_tiny,clean,22,-0.0775901526212692
DTSR14,swin_tiny,clean,23,-0.1200562268495559
DTSR14,swin_tiny,clean,24,-0.0993779748678207
DTSR14,swin_tiny,clean,25,-0.1058487892150878
DTSR14,swin_tiny,clean,26,-0.0721941068768501
DTSR14,swin_tiny,clean,27,0.0306710097938776
DTSR14,swin_tiny,clean,28,0.2001188695430755
DTSR14,swin_tiny,clean,29,-0.0726193636655807
DTSR14,swin_tiny,clean,30,-0.2639132440090179
DTSR14,swin_tiny,clean,31,0.0017353612929582
DTSR14,swin_tiny,clean,32,-0.0478620640933513
DTSR14,swin_tiny,clean,33,0.071026012301445
DTSR14,swin_tiny,clean,34,-0.1393138915300369
DTSR14,swin_tiny,clean,35,-0.0919359922409057
DTSR14,swin_tiny,clean,36,-0.1349845975637436
DTSR14,swin_tiny,clean,37,-0.1116868406534195
DTSR14,swin_tiny,clean,38,-0.0871353149414062
DTSR14,swin_tiny,clean,39,-0.0228945408016443
DTSR14,swin_tiny,clean,40,0.0109841460362076
DTSR14,swin_tiny,clean,41,-0.0391213856637477
DTSR14,swin_tiny,clean,42,-0.019338684156537
DTSR14,swin_tiny,clean,43,-0.0018686092225834
DTSR14,swin_tiny,clean,44,-0.0230368599295616
DTSR14,swin_tiny,clean,45,0.1749431490898132
DTSR14,swin_tiny,clean,46,-0.0131409736350178
DTSR14,swin_tiny,clean,47,-0.0382253676652908
DTSR14,swin_tiny,clean,48,-0.0016013517742976
DTSR14,swin_tiny,clean,49,0.217949166893959
DTSR14,swin_tiny,clean,50,-0.0869076177477836
DTSR14,swin_tiny,clean,51,-0.1069384217262268
DTSR14,swin_tiny,clean,52,-0.0938711538910865
DTSR14,swin_tiny,clean,53,-0.1186168789863586
DTSR14,swin_tiny,clean,54,0.1807702183723449
DTSR14,swin_tiny,clean,55,0.0346019938588142
DTSR14,swin_tiny,clean,56,0.1156706884503364
DTSR14,swin_tiny,clean,57,-0.0778226479887962
DTSR14,swin_tiny,clean,58,-0.140762373805046
DTSR14,swin_tiny,clean,59,-0.0508776828646659
DTSR14,swin_tiny,clean,60,-0.1152543649077415
DTSR14,swin_tiny,clean,61,-0.1124171465635299
DTSR14,swin_tiny,clean,62,-0.1272787153720855
DTSR14,swin_tiny,clean,63,-0.009604001417756
DTSR14,swin_tiny,clean,64,0.0701383501291275
DTSR14,swin_tiny,clean,65,0.0432505309581756
DTSR14,swin_tiny,clean,66,-0.1116191521286964
DTSR14,swin_tiny,clean,67,-0.0133476266637444
DTSR14,swin_tiny,clean,68,-0.0883381515741348
DTSR14,swin_tiny,clean,69,-0.0573201663792133
DTSR14,swin_tiny,clean,70,-0.0166714452207088
DTSR14,swin_tiny,clean,71,-0.1336102336645126
DTSR14,swin_tiny,clean,72,-0.0772852748632431
DTSR14,swin_tiny,clean,73,-0.0786908194422721
DTSR14,swin_tiny,clean,74,-0.1289469897747039
DTSR14,swin_tiny,clean,75,-0.0884345471858978
DTSR14,swin_tiny,clean,76,-0.1281335651874542
DTSR14,swin_tiny,clean,77,-0.1441078931093216
DTSR14,swin_tiny,clean,78,-0.0901920199394226
DTSR14,swin_tiny,clean,79,-0.1286221742630005
DTSR14,swin_tiny,clean,80,-0.0543014667928218
DTSR14,swin_tiny,clean,81,0.1636050343513488
DTSR14,swin_tiny,clean,82,0.104408212006092
DTSR14,swin_tiny,clean,83,0.0753062963485717
DTSR14,swin_tiny,clean,84,0.1479876190423965
DTSR14,swin_tiny,clean,85,-0.0522148348391056
DTSR14,swin_tiny,clean,86,0.089194543659687
DTSR14,swin_tiny,clean,87,0.1321006864309311
DTSR14,swin_tiny,clean,88,0.0379722602665424
DTSR14,swin_tiny,clean,89,0.1128401681780815
DTSR14,swin_tiny,clean,90,-0.0789882764220237
DTSR14,swin_tiny,clean,91,0.1584669947624206
DTSR14,swin_tiny,clean,92,-0.0391834713518619
DTSR14,swin_tiny,clean,93,-0.0916120782494545
DTSR14,swin_tiny,clean,94,-0.1214620247483253
DTSR14,swin_tiny,clean,95,-0.0976275876164436
DTSR14,swin_tiny,clean,96,-0.0881238505244255
DTSR14,swin_tiny,clean,97,-0.120644025504589
DTSR14,swin_tiny,clean,98,-0.0715785101056099
DTSR14,swin_tiny,clean,99,-0.0032484726980328
DTSR14,swin_tiny,clean,100,0.1579451262950897
DTSR14,swin_tiny,clean,101,-0.073523037135601
DTSR14,swin_tiny,clean,102,-0.0919617265462875
DTSR14,swin_tiny,clean,103,-0.100003145635128
DTSR14,swin_tiny,clean,104,0.1476527750492096
DTSR14,swin_tiny,clean,105,0.1430552154779434
DTSR14,swin_tiny,clean,106,0.0673857480287551
DTSR14,swin_tiny,clean,107,-0.0458764433860778
DTSR14,swin_tiny,clean,108,-0.1087092012166976
DTSR14,swin_tiny,clean,109,0.0846649780869484
DTSR14,swin_tiny,clean,110,0.1650334596633911
DTSR14,swin_tiny,clean,111,0.0292037036269903
DTSR14,swin_tiny,clean,112,0.1423056721687317
DTSR14,swin_tiny,clean,113,-0.1324344128370285
DTSR14,swin_tiny,clean,114,-0.1685007810592651
DTSR14,swin_tiny,clean,115,-0.1410631239414215
DTSR14,swin_tiny,clean,116,0.048372097313404
DTSR14,swin_tiny,clean,117,-0.1285170763731002
DTSR14,swin_tiny,clean,118,-0.0799470469355583
DTSR14,swin_tiny,clean,119,0.0784571543335914
DTSR14,swin_tiny,clean,120,-0.0565479323267936
DTSR14,swin_tiny,clean,121,-0.0572879165410995
DTSR14,swin_tiny,clean,122,-0.0743215382099151
DTSR14,swin_tiny,clean,123,-0.0966736525297164
DTSR14,swin_tiny,clean,124,-0.1017796620726585
DTSR14,swin_tiny,clean,125,0.1886789351701736
DTSR14,swin_tiny,clean,126,0.1201347038149833
DTSR14,swin_tiny,clean,127,0.1202707588672638
DTSR14,swin_tiny,clean,128,0.1101157739758491
DTSR14,swin_tiny,clean,129,0.1572197824716568
DTSR14,swin_tiny,clean,130,-0.0753179863095283
DTSR14,swin_tiny,clean,131,-0.060558620840311
DTSR14,swin_tiny,clean,132,0.1444629430770874
DTSR14,swin_tiny,clean,133,0.1049834638833999
DTSR14,swin_tiny,clean,134,0.18086539208889
DTSR14,swin_tiny,clean,135,-0.0615849532186985
DTSR14,swin_tiny,clean,136,-0.119282566010952
DTSR14,swin_tiny,clean,137,-0.0702235177159309
DTSR14,swin_tiny,clean,138,-0.0785260424017906
DTSR14,swin_tiny,clean,139,0.0945620015263557
DTSR14,swin_tiny,clean,140,0.1388453692197799
DTSR14,swin_tiny,clean,141,-0.0141964796930551
DTSR14,swin_tiny,clean,142,-0.1203077659010887
DTSR14,swin_tiny,clean,143,0.1591637730598449
DTSR14,swin_tiny,clean,144,0.0009503352339379
DTSR14,swin_tiny,clean,145,0.2337295711040496
DTSR14,swin_tiny,clean,146,0.1155977994203567
DTSR14,swin_tiny,clean,147,-0.0499934777617454
DTSR14,swin_tiny,clean,148,-0.0615225322544574
DTSR14,swin_tiny,clean,149,-0.0775240063667297
DTSR14,swin_tiny,clean,150,0.1535902470350265
DTSR14,swin_tiny,clean,151,-0.0889312848448753
DTSR14,swin_tiny,clean,152,-0.0809248387813568
DTSR14,swin_tiny,clean,153,-0.0992456525564193
DTSR14,swin_tiny,clean,154,-0.0756928995251655
DTSR14,swin_tiny,clean,155,-0.0636880695819854
DTSR14,swin_tiny,clean,156,-0.0314899459481239
DTSR14,swin_tiny,clean,157,0.1089775413274765
DTSR14,swin_tiny,clean,158,-0.0403800271451473
DTSR14,swin_tiny,clean,159,0.0979375541210174
DTSR14,swin_tiny,clean,160,0.099719688296318
DTSR14,swin_tiny,clean,161,-0.0753599852323532
DTSR14,swin_tiny,clean,162,-0.0620775558054447
DTSR14,swin_tiny,clean,163,-0.074239857494831
DTSR14,swin_tiny,clean,164,0.1804949343204498
DTSR14,swin_tiny,clean,165,-0.1929163634777069
DTSR14,swin_tiny,clean,166,-0.1814978271722793
DTSR14,swin_tiny,clean,167,0.1189741045236587
DTSR14,swin_tiny,clean,168,-0.1060822829604148
DTSR14,swin_tiny,clean,169,-0.1828498691320419
DTSR14,swin_tiny,clean,170,-0.1610829532146453
DTSR14,swin_tiny,clean,171,0.1096629351377487
DTSR14,swin_tiny,clean,172,-0.1547392010688781
DTSR14,swin_tiny,clean,173,-0.0818895027041435
DTSR14,swin_tiny,clean,174,-0.0575703643262386
DTSR14,swin_tiny,clean,175,-0.1149223893880844
DTSR14,swin_tiny,clean,176,-0.0813054665923118
DTSR14,swin_tiny,clean,177,-0.1163155511021614
DTSR14,swin_tiny,clean,178,-0.0892378687858581
DTSR14,swin_tiny,clean,179,0.1229335218667984
DTSR14,swin_tiny,clean,180,0.1964147984981537
DTSR14,swin_tiny,clean,181,-0.092445820569992
DTSR14,swin_tiny,clean,182,0.0968978181481361
DTSR14,swin_tiny,clean,183,-0.0612693578004837
DTSR14,swin_tiny,clean,184,0.0891426503658294
DTSR14,swin_tiny,clean,185,-0.0040124193765223
DTSR14,swin_tiny,clean,186,-0.0730032920837402
DTSR14,swin_tiny,clean,187,-0.0558277741074562
DTSR14,swin_tiny,clean,188,-0.0309491287916898
DTSR14,swin_tiny,clean,189,0.1098805516958236
DTSR14,swin_tiny,clean,190,-0.0704914480447769
DTSR14,swin_tiny,clean,191,-0.0801566243171691
DTSR14,swin_tiny,clean,192,-0.0509615391492843
DTSR14,swin_tiny,clean,193,0.1392402201890945
DTSR14,swin_tiny,clean,194,-0.0228975228965282
DTSR14,swin_tiny,clean,195,-0.0417061857879161
DTSR14,swin_tiny,clean,196,-0.0621796324849128
DTSR14,swin_tiny,clean,197,-0.0516993328928947
DTSR14,swin_tiny,clean,198,-0.0087027158588171
DTSR14,swin_tiny,clean,199,-0.0659564584493637
DTSR14,dinov2_b,clean,0,0.0808397904038429
DTSR14,dinov2_b,clean,1,0.0712844431400299
DTSR14,dinov2_b,clean,2,0.076712317764759
DTSR14,dinov2_b,clean,3,0.0620945170521736
DTSR14,dinov2_b,clean,4,0.0813879668712616
DTSR14,dinov2_b,clean,5,0.0634545758366584
DTSR14,dinov2_b,clean,6,0.0613144114613533
DTSR14,dinov2_b,clean,7,0.0510512515902519
DTSR14,dinov2_b,clean,8,0.0387499704957008
DTSR14,dinov2_b,clean,9,0.0600533783435821
DTSR14,dinov2_b,clean,10,0.0338115133345127
DTSR14,dinov2_b,clean,11,0.036110196262598
DTSR14,dinov2_b,clean,12,0.064347431063652
DTSR14,dinov2_b,clean,13,0.0611714236438274
DTSR14,dinov2_b,clean,14,0.0562341958284378
DTSR14,dinov2_b,clean,15,0.0646303370594978
DTSR14,dinov2_b,clean,16,0.0428170412778854
DTSR14,dinov2_b,clean,17,0.0460563525557518
DTSR14,dinov2_b,clean,18,0.0544987618923187
DTSR14,dinov2_b,clean,19,0.0608383454382419
DTSR14,dinov2_b,clean,20,0.0510236695408821
DTSR14,dinov2_b,clean,21,0.0737168490886688
DTSR14,dinov2_b,clean,22,0.0258572194725275
DTSR14,dinov2_b,clean,23,0.0558659359812736
DTSR14,dinov2_b,clean,24,0.0577820166945457
DTSR14,dinov2_b,clean,25,0.0509006157517433
DTSR14,dinov2_b,clean,26,0.0713868737220764
DTSR14,dinov2_b,clean,27,0.0509969592094421
DTSR14,dinov2_b,clean,28,0.0587142631411552
DTSR14,dinov2_b,clean,29,0.0735820233821868
DTSR14,dinov2_b,clean,30,0.0810887366533279
DTSR14,dinov2_b,clean,31,0.0782496482133865
DTSR14,dinov2_b,clean,32,0.0794354677200317
DTSR14,dinov2_b,clean,33,0.0887748673558235
DTSR14,dinov2_b,clean,34,0.0486218258738517
DTSR14,dinov2_b,clean,35,0.0658323913812637
DTSR14,dinov2_b,clean,36,0.0406197905540466
DTSR14,dinov2_b,clean,37,0.0330976396799087
DTSR14,dinov2_b,clean,38,0.0687766969203949
DTSR14,dinov2_b,clean,39,0.0565302856266498
DTSR14,dinov2_b,clean,40,0.077042743563652
DTSR14,dinov2_b,clean,41,0.0357075482606887
DTSR14,dinov2_b,clean,42,0.077931597828865
DTSR14,dinov2_b,clean,43,0.0755378156900405
DTSR14,dinov2_b,clean,44,0.0866676121950149
DTSR14,dinov2_b,clean,45,0.0695534795522689
DTSR14,dinov2_b,clean,46,0.0559450387954711
DTSR14,dinov2_b,clean,47,0.0716586112976074
DTSR14,dinov2_b,clean,48,0.0823243260383606
DTSR14,dinov2_b,clean,49,0.0489035658538341
DTSR14,dinov2_b,clean,50,0.0263846889138221
DTSR14,dinov2_b,clean,51,0.0459792539477348
DTSR14,dinov2_b,clean,52,0.0878282338380813
DTSR14,dinov2_b,clean,53,0.0576578862965106
DTSR14,dinov2_b,clean,54,0.0266156438738107
DTSR14,dinov2_b,clean,55,0.0667067691683769
DTSR14,dinov2_b,clean,56,0.0523739904165267
DTSR14,dinov2_b,clean,57,0.0410317778587341
DTSR14,dinov2_b,clean,58,0.0640532374382019
DTSR14,dinov2_b,clean,59,0.0377000123262405
DTSR14,dinov2_b,clean,60,0.0533019676804542
DTSR14,dinov2_b,clean,61,0.0512765347957611
DTSR14,dinov2_b,clean,62,0.0711062029004097
DTSR14,dinov2_b,clean,63,0.1096446067094802
DTSR14,dinov2_b,clean,64,0.054198071360588
DTSR14,dinov2_b,clean,65,0.0346317216753959
DTSR14,dinov2_b,clean,66,0.0165142267942428
DTSR14,dinov2_b,clean,67,0.0459516383707523
DTSR14,dinov2_b,clean,68,0.0472354739904403
DTSR14,dinov2_b,clean,69,0.0857285559177398
DTSR14,dinov2_b,clean,70,0.0644063502550125
DTSR14,dinov2_b,clean,71,0.0883665680885315
DTSR14,dinov2_b,clean,72,0.0785164460539817
DTSR14,dinov2_b,clean,73,0.0724420398473739
DTSR14,dinov2_b,clean,74,0.0338839255273342
DTSR14,dinov2_b,clean,75,0.0714545994997024
DTSR14,dinov2_b,clean,76,0.0769801288843154
DTSR14,dinov2_b,clean,77,0.0430375486612319
DTSR14,dinov2_b,clean,78,0.0571791939437389
DTSR14,dinov2_b,clean,79,0.0496882870793342
DTSR14,dinov2_b,clean,80,0.0740211009979248
DTSR14,dinov2_b,clean,81,0.0695739984512329
DTSR14,dinov2_b,clean,82,0.0701088458299636
DTSR14,dinov2_b,clean,83,0.0554915070533752
DTSR14,dinov2_b,clean,84,0.0594242699444294
DTSR14,dinov2_b,clean,85,0.0685998052358627
DTSR14,dinov2_b,clean,86,0.0377514883875846
DTSR14,dinov2_b,clean,87,0.0357167460024356
DTSR14,dinov2_b,clean,88,0.0634712725877761
DTSR14,dinov2_b,clean,89,0.0531336441636085
DTSR14,dinov2_b,clean,90,0.0714329779148101
DTSR14,dinov2_b,clean,91,0.0391841940581798
DTSR14,dinov2_b,clean,92,0.0756113529205322
DTSR14,dinov2_b,clean,93,0.0532709434628486
DTSR14,dinov2_b,clean,94,0.0853248387575149
DTSR14,dinov2_b,clean,95,0.0486834272742271
DTSR14,dinov2_b,clean,96,0.0673150196671485
DTSR14,dinov2_b,clean,97,0.0310751013457775
DTSR14,dinov2_b,clean,98,0.0671890750527381
DTSR14,dinov2_b,clean,99,0.0328456945717334
DTSR14,dinov2_b,clean,100,0.0661608949303627
DTSR14,dinov2_b,clean,101,0.069097027182579
DTSR14,dinov2_b,clean,102,0.0800285786390304
DTSR14,dinov2_b,clean,103,0.0885570794343948
DTSR14,dinov2_b,clean,104,0.0137860886752605
DTSR14,dinov2_b,clean,105,0.0626639574766159
DTSR14,dinov2_b,clean,106,0.04606594145298
DTSR14,dinov2_b,clean,107,0.0729520171880722
DTSR14,dinov2_b,clean,108,0.0706060379743576
DTSR14,dinov2_b,clean,109,0.0707430243492126
DTSR14,dinov2_b,clean,110,0.0458365753293037
DTSR14,dinov2_b,clean,111,0.0809178948402404
DTSR14,dinov2_b,clean,112,0.056442342698574
DTSR14,dinov2_b,clean,113,0.0806695893406868
DTSR14,dinov2_b,clean,114,0.0455845668911933
DTSR14,dinov2_b,clean,115,0.065744899213314
DTSR14,dinov2_b,clean,116,0.0398464165627956
DTSR14,dinov2_b,clean,117,0.0688321962952613
DTSR14,dinov2_b,clean,118,0.0630449652671814
DTSR14,dinov2_b,clean,119,0.0330373160541057
DTSR14,dinov2_b,clean,120,0.0693391114473342
DTSR14,dinov2_b,clean,121,0.0865989625453949
DTSR14,dinov2_b,clean,122,0.0719173848628997
DTSR14,dinov2_b,clean,123,0.0663399323821067
DTSR14,dinov2_b,clean,124,0.0660039484500885
DTSR14,dinov2_b,clean,125,0.0526330396533012
DTSR14,dinov2_b,clean,126,0.0425635352730751
DTSR14,dinov2_b,clean,127,0.0483888760209083
DTSR14,dinov2_b,clean,128,0.0314511023461818
DTSR14,dinov2_b,clean,129,0.0492444336414337
DTSR14,dinov2_b,clean,130,0.0464603900909423
DTSR14,dinov2_b,clean,131,0.0398104414343833
DTSR14,dinov2_b,clean,132,0.0683355629444122
DTSR14,dinov2_b,clean,133,0.0643656328320503
DTSR14,dinov2_b,clean,134,0.0400159731507301
DTSR14,dinov2_b,clean,135,0.0389941968023777
DTSR14,dinov2_b,clean,136,0.0447243526577949
DTSR14,dinov2_b,clean,137,0.0978279486298561
DTSR14,dinov2_b,clean,138,0.0467534027993679
DTSR14,dinov2_b,clean,139,0.0422540307044982
DTSR14,dinov2_b,clean,140,0.0451131984591484
DTSR14,dinov2_b,clean,141,0.0826718807220459
DTSR14,dinov2_b,clean,142,0.053735040128231
DTSR14,dinov2_b,clean,143,0.0982130467891693
DTSR14,dinov2_b,clean,144,0.0898894742131233
DTSR14,dinov2_b,clean,145,0.0694420933723449
DTSR14,dinov2_b,clean,146,0.0324663668870925
DTSR14,dinov2_b,clean,147,0.0615540817379951
DTSR14,dinov2_b,clean,148,0.0901592671871185
DTSR14,dinov2_b,clean,149,0.0758895576000213
DTSR14,dinov2_b,clean,150,0.0760389268398284
DTSR14,dinov2_b,clean,151,0.0832981318235397
DTSR14,dinov2_b,clean,152,0.0527761429548263
DTSR14,dinov2_b,clean,153,0.0754316300153732
DTSR14,dinov2_b,clean,154,0.075875386595726
DTSR14,dinov2_b,clean,155,0.0341392941772937
DTSR14,dinov2_b,clean,156,0.0640122145414352
DTSR14,dinov2_b,clean,157,0.0718279629945755
DTSR14,dinov2_b,clean,158,0.0506253354251384
DTSR14,dinov2_b,clean,159,0.0387654826045036
DTSR14,dinov2_b,clean,160,0.026660606265068
DTSR14,dinov2_b,clean,161,0.0754806697368621
DTSR14,dinov2_b,clean,162,0.0427484810352325
DTSR14,dinov2_b,clean,163,0.052059605717659
DTSR14,dinov2_b,clean,164,0.075445607304573
DTSR14,dinov2_b,clean,165,0.0426881127059459
DTSR14,dinov2_b,clean,166,0.0252096895128488
DTSR14,dinov2_b,clean,167,0.0491638295352458
DTSR14,dinov2_b,clean,168,0.0683741495013237
DTSR14,dinov2_b,clean,169,0.0514999367296695
DTSR14,dinov2_b,clean,170,0.0368791632354259
DTSR14,dinov2_b,clean,171,0.0333068147301673
DTSR14,dinov2_b,clean,172,0.0531502775847911
DTSR14,dinov2_b,clean,173,0.0438808500766754
DTSR14,dinov2_b,clean,174,0.0506699793040752
DTSR14,dinov2_b,clean,175,0.0552946254611015
DTSR14,dinov2_b,clean,176,0.0308585986495018
DTSR14,dinov2_b,clean,177,0.0444393754005432
DTSR14,dinov2_b,clean,178,0.0391744635999202
DTSR14,dinov2_b,clean,179,0.0308334808796644
DTSR14,dinov2_b,clean,180,0.0689171105623245
DTSR14,dinov2_b,clean,181,0.0433083623647689
DTSR14,dinov2_b,clean,182,0.0745756179094314
DTSR14,dinov2_b,clean,183,0.0605266019701957
DTSR14,dinov2_b,clean,184,0.0780605524778366
DTSR14,dinov2_b,clean,185,0.0797406882047653
DTSR14,dinov2_b,clean,186,0.0866006463766098
DTSR14,dinov2_b,clean,187,0.0769057124853134
DTSR14,dinov2_b,clean,188,0.0833026990294456
DTSR14,dinov2_b,clean,189,0.0812938511371612
DTSR14,dinov2_b,clean,190,0.0448637157678604
DTSR14,dinov2_b,clean,191,0.0945205390453338
DTSR14,dinov2_b,clean,192,0.0829831436276435
DTSR14,dinov2_b,clean,193,0.0460059531033039
DTSR14,dinov2_b,clean,194,0.058471530675888
DTSR14,dinov2_b,clean,195,0.0746211409568786
DTSR14,dinov2_b,clean,196,0.0752695202827453
DTSR14,dinov2_b,clean,197,0.0929496139287948
DTSR14,dinov2_b,clean,198,0.1076442152261734
DTSR14,dinov2_b,clean,199,0.0922101736068725
DTSR14,hrnet32,clean,0,0.0091164475306868
DTSR14,hrnet32,clean,1,0.0261618122458457
DTSR14,hrnet32,clean,2,0.0664457902312278
DTSR14,hrnet32,clean,3,-0.0401666201651096
DTSR14,hrnet32,clean,4,-0.0048789181746542
DTSR14,hrnet32,clean,5,0.0061768572777509
DTSR14,hrnet32,clean,6,-0.0201715044677257
DTSR14,hrnet32,clean,7,-0.000200814436539
DTSR14,hrnet32,clean,8,0.0143569400534033
DTSR14,hrnet32,clean,9,0.0299108102917671
DTSR14,hrnet32,clean,10,0.0367204882204532
DTSR14,hrnet32,clean,11,0.0172521620988845
DTSR14,hrnet32,clean,12,0.0317301824688911
DTSR14,hrnet32,clean,13,-0.0054224715568125
DTSR14,hrnet32,clean,14,0.0575127489864826
DTSR14,hrnet32,clean,15,0.0469065830111503
DTSR14,hrnet32,clean,16,0.0299867298454046
DTSR14,hrnet32,clean,17,0.0019953856244683
DTSR14,hrnet32,clean,18,0.0255559459328651
DTSR14,hrnet32,clean,19,0.0122951418161392
DTSR14,hrnet32,clean,20,0.0503837428987026
DTSR14,hrnet32,clean,21,0.0791540369391441
DTSR14,hrnet32,clean,22,0.0108389426022768
DTSR14,hrnet32,clean,23,0.0257186014205217
DTSR14,hrnet32,clean,24,0.0796934738755226
DTSR14,hrnet32,clean,25,0.0565216280519962
DTSR14,hrnet32,clean,26,0.0173626653850078
DTSR14,hrnet32,clean,27,0.0167104247957468
DTSR14,hrnet32,clean,28,0.0268476195633411
DTSR14,hrnet32,clean,29,0.0496337115764617
DTSR14,hrnet32,clean,30,0.0376803129911422
DTSR14,hrnet32,clean,31,0.0315256714820861
DTSR14,hrnet32,clean,32,0.0232286192476749
DTSR14,hrnet32,clean,33,0.0342415943741798
DTSR14,hrnet32,clean,34,0.075316421687603
DTSR14,hrnet32,clean,35,0.0002657503355294
DTSR14,hrnet32,clean,36,0.0045871073380112
DTSR14,hrnet32,clean,37,0.0242841653525829
DTSR14,hrnet32,clean,38,0.0419152043759822
DTSR14,hrnet32,clean,39,0.102271057665348
DTSR14,hrnet32,clean,40,0.0573183558881282
DTSR14,hrnet32,clean,41,0.0477198585867881
DTSR14,hrnet32,clean,42,0.0126013690605759
DTSR14,hrnet32,clean,43,0.0508002489805221
DTSR14,hrnet32,clean,44,-0.0084970444440841
DTSR14,hrnet32,clean,45,0.0085919452831149
DTSR14,hrnet32,clean,46,-0.0268143638968467
DTSR14,hrnet32,clean,47,0.0143941929563879
DTSR14,hrnet32,clean,48,0.0316090807318687
DTSR14,hrnet32,clean,49,0.0028207544237375
DTSR14,hrnet32,clean,50,0.014556192792952
DTSR14,hrnet32,clean,51,-0.0024541390594094
DTSR14,hrnet32,clean,52,0.0463043637573719
DTSR14,hrnet32,clean,53,0.0626292452216148
DTSR14,hrnet32,clean,54,0.0259503200650215
DTSR14,hrnet32,clean,55,0.0117556862533092
DTSR14,hrnet32,clean,56,0.0237037278711795
DTSR14,hrnet32,clean,57,0.0521472916007041
DTSR14,hrnet32,clean,58,0.0033437074162065
DTSR14,hrnet32,clean,59,0.0419824905693531
DTSR14,hrnet32,clean,60,0.0274517629295587
DTSR14,hrnet32,clean,61,0.0044579720124602
DTSR14,hrnet32,clean,62,-0.0049096038565039
DTSR14,hrnet32,clean,63,0.0471779294312
DTSR14,hrnet32,clean,64,0.0263079311698675
DTSR14,hrnet32,clean,65,0.0264207925647497
DTSR14,hrnet32,clean,66,0.0299426168203353
DTSR14,hrnet32,clean,67,0.0406852141022682
DTSR14,hrnet32,clean,68,0.038251057267189
DTSR14,hrnet32,clean,69,0.0523636937141418
DTSR14,hrnet32,clean,70,0.0503556095063686
DTSR14,hrnet32,clean,71,0.0101840822026133
DTSR14,hrnet32,clean,72,0.0930748581886291
DTSR14,hrnet32,clean,73,0.0381649136543273
DTSR14,hrnet32,clean,74,0.032907485961914
DTSR14,hrnet32,clean,75,0.0403340198099613
DTSR14,hrnet32,clean,76,-0.0107549866661429
DTSR14,hrnet32,clean,77,0.0269022770226001
DTSR14,hrnet32,clean,78,0.0261608306318521
DTSR14,hrnet32,clean,79,0.0093052182346582
DTSR14,hrnet32,clean,80,-0.0108464295044541
DTSR14,hrnet32,clean,81,0.0223071351647377
DTSR14,hrnet32,clean,82,0.0061749285086989
DTSR14,hrnet32,clean,83,0.0263020750135183
DTSR14,hrnet32,clean,84,-0.0080982279032468
DTSR14,hrnet32,clean,85,0.0423045344650745
DTSR14,hrnet32,clean,86,0.0135995540767908
DTSR14,hrnet32,clean,87,-0.0218520816415548
DTSR14,hrnet32,clean,88,0.025058064609766
DTSR14,hrnet32,clean,89,0.0236959476023912
DTSR14,hrnet32,clean,90,0.0028151224832981
DTSR14,hrnet32,clean,91,0.0119321709498763
DTSR14,hrnet32,clean,92,0.0097719896584749
DTSR14,hrnet32,clean,93,0.0208190456032753
DTSR14,hrnet32,clean,94,0.0092113651335239
DTSR14,hrnet32,clean,95,0.0290372278541326
DTSR14,hrnet32,clean,96,0.0270778834819793
DTSR14,hrnet32,clean,97,0.0438387915492057
DTSR14,hrnet32,clean,98,0.0402308963239192
DTSR14,hrnet32,clean,99,0.0262264423072338
DTSR14,hrnet32,clean,100,0.0343915298581123
DTSR14,hrnet32,clean,101,0.0167583394795656
DTSR14,hrnet32,clean,102,0.0782712325453758
DTSR14,hrnet32,clean,103,0.0144617473706603
DTSR14,hrnet32,clean,104,-0.0081153167411684
DTSR14,hrnet32,clean,105,0.0318418852984905
DTSR14,hrnet32,clean,106,0.0399608872830867
DTSR14,hrnet32,clean,107,0.020675403997302
DTSR14,hrnet32,clean,108,0.0091173611581325
DTSR14,hrnet32,clean,109,-0.0013660009717568
DTSR14,hrnet32,clean,110,0.0024991654790937
DTSR14,hrnet32,clean,111,0.0156880002468824
DTSR14,hrnet32,clean,112,-0.011556252837181
DTSR14,hrnet32,clean,113,0.017611838877201
DTSR14,hrnet32,clean,114,-0.0093879075720906
DTSR14,hrnet32,clean,115,0.0195310432463884
DTSR14,hrnet32,clean,116,0.0343820713460445
DTSR14,hrnet32,clean,117,-0.0347653776407241
DTSR14,hrnet32,clean,118,0.0846204832196235
DTSR14,hrnet32,clean,119,0.0343689434230327
DTSR14,hrnet32,clean,120,0.0838712751865387
DTSR14,hrnet32,clean,121,0.0645898133516311
DTSR14,hrnet32,clean,122,0.0356388762593269
DTSR14,hrnet32,clean,123,0.0291216913610696
DTSR14,hrnet32,clean,124,0.072125144302845
DTSR14,hrnet32,clean,125,0.0159886199980974
DTSR14,hrnet32,clean,126,0.0137786492705345
DTSR14,hrnet32,clean,127,0.0100255897268652
DTSR14,hrnet32,clean,128,0.0286820083856582
DTSR14,hrnet32,clean,129,0.0415124595165252
DTSR14,hrnet32,clean,130,0.1282063275575637
DTSR14,hrnet32,clean,131,0.0055521070025861
DTSR14,hrnet32,clean,132,0.0279350262135267
DTSR14,hrnet32,clean,133,-0.0115787675604224
DTSR14,hrnet32,clean,134,-0.0356566794216632
DTSR14,hrnet32,clean,135,0.0090511245653033
DTSR14,hrnet32,clean,136,0.0261129364371299
DTSR14,hrnet32,clean,137,0.0264547765254974
DTSR14,hrnet32,clean,138,-0.0338434800505638
DTSR14,hrnet32,clean,139,-0.0025080647319555
DTSR14,hrnet32,clean,140,0.0149509347975254
DTSR14,hrnet32,clean,141,0.0485723949968814
DTSR14,hrnet32,clean,142,0.0224840342998504
DTSR14,hrnet32,clean,143,0.0439412705600261
DTSR14,hrnet32,clean,144,0.0384113155305385
DTSR14,hrnet32,clean,145,0.023479014635086
DTSR14,hrnet32,clean,146,-0.026030346751213
DTSR14,hrnet32,clean,147,-0.012465102598071
DTSR14,hrnet32,clean,148,0.0474774166941642
DTSR14,hrnet32,clean,149,0.00628113001585
DTSR14,hrnet32,clean,150,-0.0533067733049392
DTSR14,hrnet32,clean,151,-0.0033020086120814
DTSR14,hrnet32,clean,152,0.0329436622560024
DTSR14,hrnet32,clean,153,0.0429042875766754
DTSR14,hrnet32,clean,154,-0.0072490633465349
DTSR14,hrnet32,clean,155,0.0277337580919265
DTSR14,hrnet32,clean,156,0.0511292517185211
DTSR14,hrnet32,clean,157,0.077164389193058
DTSR14,hrnet32,clean,158,0.104796402156353
DTSR14,hrnet32,clean,159,0.0629403218626976
DTSR14,hrnet32,clean,160,0.04311478510499
DTSR14,hrnet32,clean,161,0.0061435275711119
DTSR14,hrnet32,clean,162,0.0208999570459127
DTSR14,hrnet32,clean,163,0.0407258793711662
DTSR14,hrnet32,clean,164,0.0020886769052594
DTSR14,hrnet32,clean,165,0.0901781097054481
DTSR14,hrnet32,clean,166,0.0275895725935697
DTSR14,hrnet32,clean,167,0.0217946227639913
DTSR14,hrnet32,clean,168,0.0235545728355646
DTSR14,hrnet32,clean,169,0.0875600427389144
DTSR14,hrnet32,clean,170,0.0508064478635787
DTSR14,hrnet32,clean,171,0.0459565930068492
DTSR14,hrnet32,clean,172,0.0313414223492145
DTSR14,hrnet32,clean,173,0.0414592213928699
DTSR14,hrnet32,clean,174,0.007729182485491
DTSR14,hrnet32,clean,175,0.0708428397774696
DTSR14,hrnet32,clean,176,0.0388017073273658
DTSR14,hrnet32,clean,177,0.0106765199452638
DTSR14,hrnet32,clean,178,0.0258974395692348
DTSR14,hrnet32,clean,179,0.0298748984932899
DTSR14,hrnet32,clean,180,0.0327331908047199
DTSR14,hrnet32,clean,181,-0.0028361617587506
DTSR14,hrnet32,clean,182,-0.0766921490430831
DTSR14,hrnet32,clean,183,0.0611946061253547
DTSR14,hrnet32,clean,184,0.0241698194295167
DTSR14,hrnet32,clean,185,0.0570580996572971
DTSR14,hrnet32,clean,186,-0.0135854603722691
DTSR14,hrnet32,clean,187,0.0420486032962799
DTSR14,hrnet32,clean,188,0.0060229068621993
DTSR14,hrnet32,clean,189,-0.0016417710576206
DTSR14,hrnet32,clean,190,-0.003910772036761
DTSR14,hrnet32,clean,191,-0.0039865993894636
DTSR14,hrnet32,clean,192,-0.0154523365199565
DTSR14,hrnet32,clean,193,0.0624242201447486
DTSR14,hrnet32,clean,194,-0.0043496349826455
DTSR14,hrnet32,clean,195,0.0074369641952216
DTSR14,hrnet32,clean,196,0.1003593429923057
DTSR14,hrnet32,clean,197,0.0526783503592014
DTSR14,hrnet32,clean,198,0.0266078971326351
DTSR14,hrnet32,clean,199,0.0007473650039173
DTSR14,mobilenetv3,clean,0,0.0241037309169769
DTSR14,mobilenetv3,clean,1,0.0643557533621788
DTSR14,mobilenetv3,clean,2,0.0510800667107105
DTSR14,mobilenetv3,clean,3,0.0300792921334505
DTSR14,mobilenetv3,clean,4,0.0681600347161293
DTSR14,mobilenetv3,clean,5,0.0930158048868179
DTSR14,mobilenetv3,clean,6,0.0153646999970078
DTSR14,mobilenetv3,clean,7,0.0069923219271004
DTSR14,mobilenetv3,clean,8,-0.0052109900861978
DTSR14,mobilenetv3,clean,9,0.0266681201756
DTSR14,mobilenetv3,clean,10,0.0164447035640478
DTSR14,mobilenetv3,clean,11,0.0093232793733477
DTSR14,mobilenetv3,clean,12,0.0421094223856925
DTSR14,mobilenetv3,clean,13,0.0741477236151695
DTSR14,mobilenetv3,clean,14,0.0346247069537639
DTSR14,mobilenetv3,clean,15,0.0514857284724712
DTSR14,mobilenetv3,clean,16,0.028922451660037
DTSR14,mobilenetv3,clean,17,0.0310470443218946
DTSR14,mobilenetv3,clean,18,0.0119214691221714
DTSR14,mobilenetv3,clean,19,0.0264703352004289
DTSR14,mobilenetv3,clean,20,0.0078701246529817
DTSR14,mobilenetv3,clean,21,0.0528190806508064
DTSR14,mobilenetv3,clean,22,0.026415079832077
DTSR14,mobilenetv3,clean,23,0.0120822237804532
DTSR14,mobilenetv3,clean,24,0.0752106010913848
DTSR14,mobilenetv3,clean,25,0.0248805601149797
DTSR14,mobilenetv3,clean,26,0.04306610673666
DTSR14,mobilenetv3,clean,27,0.0430890098214149
DTSR14,mobilenetv3,clean,28,0.0310006272047758
DTSR14,mobilenetv3,clean,29,0.0087879383936524
DTSR14,mobilenetv3,clean,30,0.0177678205072879
DTSR14,mobilenetv3,clean,31,0.0230612140148878
DTSR14,mobilenetv3,clean,32,0.0185059960931539
DTSR14,mobilenetv3,clean,33,0.0614088550209999
DTSR14,mobilenetv3,clean,34,0.0160766392946243
DTSR14,mobilenetv3,clean,35,0.0207025073468685
DTSR14,mobilenetv3,clean,36,0.0023677141871303
DTSR14,mobilenetv3,clean,37,0.0245269611477851
DTSR14,mobilenetv3,clean,38,0.0199290476739406
DTSR14,mobilenetv3,clean,39,0.076269045472145
DTSR14,mobilenetv3,clean,40,0.0151313934475183
DTSR14,mobilenetv3,clean,41,0.0703982710838317
DTSR14,mobilenetv3,clean,42,0.0151063166558742
DTSR14,mobilenetv3,clean,43,0.0468616187572479
DTSR14,mobilenetv3,clean,44,0.076175570487976
DTSR14,mobilenetv3,clean,45,0.0318230725824832
DTSR14,mobilenetv3,clean,46,0.0063472925685346
DTSR14,mobilenetv3,clean,47,0.0133332619443535
DTSR14,mobilenetv3,clean,48,0.0244161747395992
DTSR14,mobilenetv3,clean,49,0.0254818759858608
DTSR14,mobilenetv3,clean,50,0.0029413511510938
DTSR14,mobilenetv3,clean,51,0.0095680234953761
DTSR14,mobilenetv3,clean,52,0.0300347413867712
DTSR14,mobilenetv3,clean,53,0.0338980183005332
DTSR14,mobilenetv3,clean,54,0.0047899181954562
DTSR14,mobilenetv3,clean,55,0.0282994136214256
DTSR14,mobilenetv3,clean,56,0.0181988701224327
DTSR14,mobilenetv3,clean,57,0.0853195413947105
DTSR14,mobilenetv3,clean,58,0.0890101119875907
DTSR14,mobilenetv3,clean,59,0.0286965500563383
DTSR14,mobilenetv3,clean,60,0.0192815382033586
DTSR14,mobilenetv3,clean,61,0.0173617601394653
DTSR14,mobilenetv3,clean,62,0.0201056934893131
DTSR14,mobilenetv3,clean,63,0.1280497759580612
DTSR14,mobilenetv3,clean,64,0.0142683899030089
DTSR14,mobilenetv3,clean,65,0.0136963492259383
DTSR14,mobilenetv3,clean,66,0.034014094620943
DTSR14,mobilenetv3,clean,67,0.0586497634649276
DTSR14,mobilenetv3,clean,68,0.0421300269663333
DTSR14,mobilenetv3,clean,69,0.0471259802579879
DTSR14,mobilenetv3,clean,70,0.0218850243836641
DTSR14,mobilenetv3,clean,71,0.064915545284748
DTSR14,mobilenetv3,clean,72,0.1042081117630004
DTSR14,mobilenetv3,clean,73,0.0511117130517959
DTSR14,mobilenetv3,clean,74,0.0312813967466354
DTSR14,mobilenetv3,clean,75,0.0419340245425701
DTSR14,mobilenetv3,clean,76,0.0124614387750625
DTSR14,mobilenetv3,clean,77,0.0365037955343723
DTSR14,mobilenetv3,clean,78,0.013660485856235
DTSR14,mobilenetv3,clean,79,0.0245192050933837
DTSR14,mobilenetv3,clean,80,0.0283358581364154
DTSR14,mobilenetv3,clean,81,0.025665383785963
DTSR14,mobilenetv3,clean,82,0.0718275308609008
DTSR14,mobilenetv3,clean,83,0.0728079080581665
DTSR14,mobilenetv3,clean,84,0.0519527494907379
DTSR14,mobilenetv3,clean,85,0.0179364550858736
DTSR14,mobilenetv3,clean,86,0.0204318258911371
DTSR14,mobilenetv3,clean,87,0.0298631731420755
DTSR14,mobilenetv3,clean,88,0.0224382057785987
DTSR14,mobilenetv3,clean,89,0.0399948619306087
DTSR14,mobilenetv3,clean,90,0.093658834695816
DTSR14,mobilenetv3,clean,91,0.0296285729855299
DTSR14,mobilenetv3,clean,92,0.0435737669467926
DTSR14,mobilenetv3,clean,93,0.0341383963823318
DTSR14,mobilenetv3,clean,94,0.0175869725644588
DTSR14,mobilenetv3,clean,95,0.0557255446910858
DTSR14,mobilenetv3,clean,96,0.0452689044177532
DTSR14,mobilenetv3,clean,97,0.0408485196530818
DTSR14,mobilenetv3,clean,98,0.0481198653578758
DTSR14,mobilenetv3,clean,99,0.0305806491523981
DTSR14,mobilenetv3,clean,100,0.0081783402711153
DTSR14,mobilenetv3,clean,101,0.0646592527627945
DTSR14,mobilenetv3,clean,102,0.0365411229431629
DTSR14,mobilenetv3,clean,103,0.0201498121023178
DTSR14,mobilenetv3,clean,104,0.0291782151907682
DTSR14,mobilenetv3,clean,105,0.03225889056921
DTSR14,mobilenetv3,clean,106,0.087620310485363
DTSR14,mobilenetv3,clean,107,0.0356588028371334
DTSR14,mobilenetv3,clean,108,0.0600294582545757
DTSR14,mobilenetv3,clean,109,0.064679704606533
DTSR14,mobilenetv3,clean,110,-0.0138795943930745
DTSR14,mobilenetv3,clean,111,0.0247507188469171
DTSR14,mobilenetv3,clean,112,0.018868276849389
DTSR14,mobilenetv3,clean,113,-0.0040530990809202
DTSR14,mobilenetv3,clean,114,0.0142397060990333
DTSR14,mobilenetv3,clean,115,0.0240595918148756
DTSR14,mobilenetv3,clean,116,0.0390311926603317
DTSR14,mobilenetv3,clean,117,0.0317282862961292
DTSR14,mobilenetv3,clean,118,0.0059362407773733
DTSR14,mobilenetv3,clean,119,0.0145942494273185
DTSR14,mobilenetv3,clean,120,0.0351083278656005
DTSR14,mobilenetv3,clean,121,0.0729325041174888
DTSR14,mobilenetv3,clean,122,0.1489500552415847
DTSR14,mobilenetv3,clean,123,0.0872803032398223
DTSR14,mobilenetv3,clean,124,0.0245966222137212
DTSR14,mobilenetv3,clean,125,0.0076283519156277
DTSR14,mobilenetv3,clean,126,0.0092288991436362
DTSR14,mobilenetv3,clean,127,0.0135459378361701
DTSR14,mobilenetv3,clean,128,0.04091028124094
DTSR14,mobilenetv3,clean,129,0.0045932000502943
DTSR14,mobilenetv3,clean,130,0.0841674208641052
DTSR14,mobilenetv3,clean,131,0.035060666501522
DTSR14,mobilenetv3,clean,132,0.0487960986793041
DTSR14,mobilenetv3,clean,133,0.0142540307715535
DTSR14,mobilenetv3,clean,134,0.0122958058491349
DTSR14,mobilenetv3,clean,135,0.0172272492200136
DTSR14,mobilenetv3,clean,136,0.0681253522634506
DTSR14,mobilenetv3,clean,137,0.0617567189037799
DTSR14,mobilenetv3,clean,138,0.0319429226219654
DTSR14,mobilenetv3,clean,139,0.0381632596254348
DTSR14,mobilenetv3,clean,140,0.0353729911148548
DTSR14,mobilenetv3,clean,141,0.0740901902318
DTSR14,mobilenetv3,clean,142,0.0318530276417732
DTSR14,mobilenetv3,clean,143,0.15342877805233
DTSR14,mobilenetv3,clean,144,0.0707485303282737
DTSR14,mobilenetv3,clean,145,0.0366767607629299
DTSR14,mobilenetv3,clean,146,0.0519976131618022
DTSR14,mobilenetv3,clean,147,0.0603638961911201
DTSR14,mobilenetv3,clean,148,0.0229306630790233
DTSR14,mobilenetv3,clean,149,0.0828600451350212
DTSR14,mobilenetv3,clean,150,0.0432037822902202
DTSR14,mobilenetv3,clean,151,0.010683505795896
DTSR14,mobilenetv3,clean,152,0.0495155341923236
DTSR14,mobilenetv3,clean,153,0.0538885556161403
DTSR14,mobilenetv3,clean,154,0.0798507332801818
DTSR14,mobilenetv3,clean,155,0.0449332520365715
DTSR14,mobilenetv3,clean,156,0.0188456047326326
DTSR14,mobilenetv3,clean,157,0.0807157680392265
DTSR14,mobilenetv3,clean,158,0.1070159301161766
DTSR14,mobilenetv3,clean,159,0.0761234983801841
DTSR14,mobilenetv3,clean,160,0.0737177282571792
DTSR14,mobilenetv3,clean,161,-0.004578286781907
DTSR14,mobilenetv3,clean,162,0.0338394679129123
DTSR14,mobilenetv3,clean,163,0.0092183724045753
DTSR14,mobilenetv3,clean,164,0.0090365121141076
DTSR14,mobilenetv3,clean,165,0.0752278715372085
DTSR14,mobilenetv3,clean,166,0.0901219919323921
DTSR14,mobilenetv3,clean,167,0.00322363874875
DTSR14,mobilenetv3,clean,168,0.1188121736049652
DTSR14,mobilenetv3,clean,169,0.0823904275894165
DTSR14,mobilenetv3,clean,170,0.0770620182156562
DTSR14,mobilenetv3,clean,171,0.1292586773633957
DTSR14,mobilenetv3,clean,172,0.0821632444858551
DTSR14,mobilenetv3,clean,173,0.008953409269452
DTSR14,mobilenetv3,clean,174,0.1065478399395942
DTSR14,mobilenetv3,clean,175,0.0291274785995483
DTSR14,mobilenetv3,clean,176,0.1646162122488021
DTSR14,mobilenetv3,clean,177,0.1249214261770248
DTSR14,mobilenetv3,clean,178,0.0820177197456359
DTSR14,mobilenetv3,clean,179,0.0076140663586556
DTSR14,mobilenetv3,clean,180,0.0112867429852485
DTSR14,mobilenetv3,clean,181,0.0354037098586559
DTSR14,mobilenetv3,clean,182,0.0115695400163531
DTSR14,mobilenetv3,clean,183,0.0212367456406354
DTSR14,mobilenetv3,clean,184,0.0220954958349466
DTSR14,mobilenetv3,clean,185,0.0603609830141067
DTSR14,mobilenetv3,clean,186,0.0122528430074453
DTSR14,mobilenetv3,clean,187,0.0255465172231197
DTSR14,mobilenetv3,clean,188,0.0268270038068294
DTSR14,mobilenetv3,clean,189,0.0114706000313162
DTSR14,mobilenetv3,clean,190,-0.0001901935611385
DTSR14,mobilenetv3,clean,191,0.004765021149069
DTSR14,mobilenetv3,clean,192,0.0162054356187582
DTSR14,mobilenetv3,clean,193,0.0009596376912668
DTSR14,mobilenetv3,clean,194,0.0433064959943294
DTSR14,mobilenetv3,clean,195,0.0059472913853824
DTSR14,mobilenetv3,clean,196,0.1118914484977722
DTSR14,mobilenetv3,clean,197,0.11040710657835
DTSR14,mobilenetv3,clean,198,0.0249564405530691
DTSR14,mobilenetv3,clean,199,0.0571586601436138
PCA11,resnet50,clean,0,-0.0037053076084703
PCA11,resnet50,clean,1,0.0561933033168315
PCA11,resnet50,clean,2,0.0105627449229359
PCA11,resnet50,clean,3,-0.0038267506752163
PCA11,resnet50,clean,4,-0.0054469048045575
PCA11,resnet50,clean,5,0.0308643318712711
PCA11,resnet50,clean,6,0.0361446067690849
PCA11,resnet50,clean,7,0.0064938026480376
PCA11,resnet50,clean,8,0.0621135607361793
PCA11,resnet50,clean,9,-0.006391551811248
PCA11,resnet50,clean,10,0.0094487471505999
PCA11,resnet50,clean,11,0.1160949766635894
PCA11,resnet50,clean,12,0.0160326939076185
PCA11,resnet50,clean,13,0.0614384338259696
PCA11,resnet50,clean,14,0.0223573129624128
PCA11,resnet50,clean,15,0.1006141081452369
PCA11,resnet50,clean,16,0.0502082221210002
PCA11,resnet50,clean,17,0.0610240958631038
PCA11,resnet50,clean,18,-0.0006425830652005
PCA11,resnet50,clean,19,0.0326141007244586
PCA11,resnet50,clean,20,0.0092784082517027
PCA11,resnet50,clean,21,0.051043190062046
PCA11,resnet50,clean,22,0.0395454578101635
PCA11,resnet50,clean,23,0.0129338251426815
PCA11,resnet50,clean,24,0.0602804608643054
PCA11,resnet50,clean,25,0.0455472022294998
PCA11,resnet50,clean,26,0.0497682355344295
PCA11,resnet50,clean,27,-0.0101315723732113
PCA11,resnet50,clean,28,0.0167558919638395
PCA11,resnet50,clean,29,0.0209569185972213
PCA11,resnet50,clean,30,0.1165073737502098
PCA11,resnet50,clean,31,0.0621550269424915
PCA11,resnet50,clean,32,0.0183760542422533
PCA11,resnet50,clean,33,0.0112284272909164
PCA11,resnet50,clean,34,0.0671877562999725
PCA11,resnet50,clean,35,0.1389727294445037
PCA11,resnet50,clean,36,0.1786902844905853
PCA11,resnet50,clean,37,0.1139830872416496
PCA11,resnet50,clean,38,-0.0083389151841402
PCA11,resnet50,clean,39,0.0197644531726837
PCA11,resnet50,clean,40,0.0131882838904857
PCA11,resnet50,clean,41,0.0669023171067237
PCA11,resnet50,clean,42,0.0075749517418444
PCA11,resnet50,clean,43,0.1862394362688064
PCA11,resnet50,clean,44,0.0913450568914413
PCA11,resnet50,clean,45,0.0805565118789672
PCA11,resnet50,clean,46,0.0861342176795005
PCA11,resnet50,clean,47,0.0240153782069683
PCA11,resnet50,clean,48,0.1990081667900085
PCA11,resnet50,clean,49,0.1029939725995063
PCA11,resnet50,clean,50,0.0251396037638187
PCA11,resnet50,clean,51,0.0296598598361015
PCA11,resnet50,clean,52,0.0254142470657825
PCA11,resnet50,clean,53,0.0217032823711633
PCA11,resnet50,clean,54,0.0180068984627723
PCA11,resnet50,clean,55,0.0262606479227542
PCA11,resnet50,clean,56,0.1826420575380325
PCA11,resnet50,clean,57,0.011076133698225
PCA11,resnet50,clean,58,0.0252816341817379
PCA11,resnet50,clean,59,0.0247767455875873
PCA11,resnet50,clean,60,0.0465993359684944
PCA11,resnet50,clean,61,0.0164513606578111
PCA11,resnet50,clean,62,0.008046519011259
PCA11,resnet50,clean,63,0.0424355305731296
PCA11,resnet50,clean,64,0.031424056738615
PCA11,resnet50,clean,65,0.0338106527924537
PCA11,resnet50,clean,66,0.0219592172652483
PCA11,resnet50,clean,67,0.0326318703591823
PCA11,resnet50,clean,68,0.0015457641566172
PCA11,resnet50,clean,69,0.0150506542995572
PCA11,resnet50,clean,70,0.0198164191097021
PCA11,resnet50,clean,71,0.0202925335615873
PCA11,resnet50,clean,72,0.0188932865858078
PCA11,resnet50,clean,73,0.0229629352688789
PCA11,resnet50,clean,74,0.013055414892733
PCA11,resnet50,clean,75,0.0119535950943827
PCA11,resnet50,clean,76,0.141865074634552
PCA11,resnet50,clean,77,0.0095061846077442
PCA11,resnet50,clean,78,0.048801627010107
PCA11,resnet50,clean,79,0.037950724363327
PCA11,resnet50,clean,80,0.0107682142406702
PCA11,resnet50,clean,81,0.0116096902638673
PCA11,resnet50,clean,82,0.0165585447102785
PCA11,resnet50,clean,83,0.0048894467763602
PCA11,resnet50,clean,84,0.0240501556545496
PCA11,resnet50,clean,85,0.0069804275408387
PCA11,resnet50,clean,86,0.0456346236169338
PCA11,resnet50,clean,87,0.101867601275444
PCA11,resnet50,clean,88,0.0837563872337341
PCA11,resnet50,clean,89,0.0688717886805534
PCA11,resnet50,clean,90,0.0735038742423057
PCA11,resnet50,clean,91,0.0463893041014671
PCA11,resnet50,clean,92,0.1678245663642883
PCA11,resnet50,clean,93,0.1079868748784065
PCA11,resnet50,clean,94,0.0210067927837371
PCA11,resnet50,clean,95,0.046298898756504
PCA11,resnet50,clean,96,0.0405511558055877
PCA11,resnet50,clean,97,0.1310128420591354
PCA11,resnet50,clean,98,0.0745027512311935
PCA11,resnet50,clean,99,0.0887738019227981
PCA11,resnet50,clean,100,0.0849440172314643
PCA11,resnet50,clean,101,0.0333816483616828
PCA11,resnet50,clean,102,0.0469782873988151
PCA11,resnet50,clean,103,0.0168129857629537
PCA11,resnet50,clean,104,0.0348876900970935
PCA11,resnet50,clean,105,0.1339664608240127
PCA11,resnet50,clean,106,0.0880081132054328
PCA11,resnet50,clean,107,0.1529828906059265
PCA11,resnet50,clean,108,0.0491873621940612
PCA11,resnet50,clean,109,0.0182778220623731
PCA11,resnet50,clean,110,0.0447813048958778
PCA11,resnet50,clean,111,0.0323353707790374
PCA11,resnet50,clean,112,0.0301818028092384
PCA11,resnet50,clean,113,0.0353479273617267
PCA11,resnet50,clean,114,0.0563132762908935
PCA11,resnet50,clean,115,0.0430859848856925
PCA11,resnet50,clean,116,0.0389536917209625
PCA11,resnet50,clean,117,0.0333514399826526
PCA11,resnet50,clean,118,0.034921433776617
PCA11,resnet50,clean,119,0.0146827632561326
PCA11,resnet50,clean,120,0.0568157993257045
PCA11,resnet50,clean,121,0.0431621074676513
PCA11,resnet50,clean,122,0.0443755835294723
PCA11,resnet50,clean,123,0.0408532656729221
PCA11,resnet50,clean,124,0.0392880924046039
PCA11,resnet50,clean,125,0.0490676909685134
PCA11,resnet50,clean,126,0.0532692410051822
PCA11,resnet50,clean,127,0.041659165173769
PCA11,resnet50,clean,128,0.1518440693616867
PCA11,resnet50,clean,129,0.0885480567812919
PCA11,resnet50,clean,130,0.004673468414694
PCA11,resnet50,clean,131,0.02883992344141
PCA11,resnet50,clean,132,0.0345382392406463
PCA11,resnet50,clean,133,0.037059661000967
PCA11,resnet50,clean,134,0.1341335475444793
PCA11,resnet50,clean,135,0.0492675267159938
PCA11,resnet50,clean,136,0.085853487253189
PCA11,resnet50,clean,137,0.0231952127069234
PCA11,resnet50,clean,138,0.0233918167650699
PCA11,resnet50,clean,139,0.0597218200564384
PCA11,resnet50,clean,140,0.0150904851034283
PCA11,resnet50,clean,141,0.0093537084758281
PCA11,resnet50,clean,142,0.0320159792900085
PCA11,resnet50,clean,143,0.061932373791933
PCA11,resnet50,clean,144,0.0201468802988529
PCA11,resnet50,clean,145,0.024300942197442
PCA11,resnet50,clean,146,0.0978894904255867
PCA11,resnet50,clean,147,0.0811656638979911
PCA11,resnet50,clean,148,0.0473744869232177
PCA11,resnet50,clean,149,0.0214015655219554
PCA11,resnet50,clean,150,0.019770435988903
PCA11,resnet50,clean,151,-0.0131341982632875
PCA11,resnet50,clean,152,-0.0029745320789515
PCA11,resnet50,clean,153,0.014234953559935
PCA11,resnet50,clean,154,0.0119776166975498
PCA11,resnet50,clean,155,0.0967795327305793
PCA11,resnet50,clean,156,0.0226305890828371
PCA11,resnet50,clean,157,0.1008367612957954
PCA11,resnet50,clean,158,0.0207180045545101
PCA11,resnet50,clean,159,0.0921283140778541
PCA11,resnet50,clean,160,0.0366847552359104
PCA11,resnet50,clean,161,-0.0129160787910223
PCA11,resnet50,clean,162,0.0167214218527078
PCA11,resnet50,clean,163,0.0361497774720191
PCA11,resnet50,clean,164,0.0262107979506254
PCA11,resnet50,clean,165,0.0320409834384918
PCA11,resnet50,clean,166,0.0229744277894496
PCA11,resnet50,clean,167,-0.0107362177222967
PCA11,resnet50,clean,168,0.0419397242367267
PCA11,resnet50,clean,169,0.0289096534252166
PCA11,resnet50,clean,170,0.032645609229803
PCA11,resnet50,clean,171,0.0134771894663572
PCA11,resnet50,clean,172,0.0251408405601978
PCA11,resnet50,clean,173,0.0414253547787666
PCA11,resnet50,clean,174,0.021328205242753
PCA11,resnet50,clean,175,0.0411148518323898
PCA11,resnet50,clean,176,0.0117499390617012
PCA11,resnet50,clean,177,0.0037114603910595
PCA11,resnet50,clean,178,0.0207725781947374
PCA11,resnet50,clean,179,0.0045071737840771
PCA11,resnet50,clean,180,0.0129033736884593
PCA11,resnet50,clean,181,0.0156150506809353
PCA11,resnet50,clean,182,0.0079388990998268
PCA11,resnet50,clean,183,0.1635784655809402
PCA11,resnet50,clean,184,0.0175489280372858
PCA11,resnet50,clean,185,0.0258966907858848
PCA11,resnet50,clean,186,0.0185776352882385
PCA11,resnet50,clean,187,0.1224102675914764
PCA11,resnet50,clean,188,0.0219797547906637
PCA11,resnet50,clean,189,0.006344576831907
PCA11,resnet50,clean,190,0.0094619989395141
PCA11,resnet50,clean,191,0.0232726708054542
PCA11,resnet50,clean,192,0.0143631473183631
PCA11,resnet50,clean,193,0.0276918988674879
PCA11,resnet50,clean,194,0.037934485822916
PCA11,resnet50,clean,195,0.0132519518956542
PCA11,resnet50,clean,196,0.0301963351666927
PCA11,resnet50,clean,197,-0.0041376017034053
PCA11,resnet50,clean,198,0.0182688813656568
PCA11,resnet50,clean,199,0.034718882292509
PCA11,efficientnet_b3,clean,0,-0.0003107328084297
PCA11,efficientnet_b3,clean,1,-0.0043155439198017
PCA11,efficientnet_b3,clean,2,0.0029326986987143
PCA11,efficientnet_b3,clean,3,-0.0201931428164243
PCA11,efficientnet_b3,clean,4,-0.0034487610682845
PCA11,efficientnet_b3,clean,5,-0.0025051028933376
PCA11,efficientnet_b3,clean,6,-0.0322516523301601
PCA11,efficientnet_b3,clean,7,-0.0015500078443437
PCA11,efficientnet_b3,clean,8,0.0026122485287487
PCA11,efficientnet_b3,clean,9,0.0183990411460399
PCA11,efficientnet_b3,clean,10,-0.007273519411683
PCA11,efficientnet_b3,clean,11,-0.0009641314973123
PCA11,efficientnet_b3,clean,12,0.0252105221152305
PCA11,efficientnet_b3,clean,13,-0.0007047067629173
PCA11,efficientnet_b3,clean,14,0.0237104333937168
PCA11,efficientnet_b3,clean,15,-0.0016601174138486
PCA11,efficientnet_b3,clean,16,0.0078615779057145
PCA11,efficientnet_b3,clean,17,-0.0016269392799586
PCA11,efficientnet_b3,clean,18,-0.0100364759564399
PCA11,efficientnet_b3,clean,19,0.0199616122990846
PCA11,efficientnet_b3,clean,20,-0.0025237016379833
PCA11,efficientnet_b3,clean,21,-0.0194638669490814
PCA11,efficientnet_b3,clean,22,-0.0033111553639173
PCA11,efficientnet_b3,clean,23,-0.0156465135514736
PCA11,efficientnet_b3,clean,24,-0.0096936067566275
PCA11,efficientnet_b3,clean,25,-0.0116599136963486
PCA11,efficientnet_b3,clean,26,-0.0096469093114137
PCA11,efficientnet_b3,clean,27,-0.019526744261384
PCA11,efficientnet_b3,clean,28,-0.0036513281520456
PCA11,efficientnet_b3,clean,29,-0.023237831890583
PCA11,efficientnet_b3,clean,30,-0.0349750518798828
PCA11,efficientnet_b3,clean,31,-0.0297902394086122
PCA11,efficientnet_b3,clean,32,-0.0023676799610257
PCA11,efficientnet_b3,clean,33,0.0051885987631976
PCA11,efficientnet_b3,clean,34,-0.0145690254867076
PCA11,efficientnet_b3,clean,35,-0.0083721047267317
PCA11,efficientnet_b3,clean,36,-0.0157969687134027
PCA11,efficientnet_b3,clean,37,-0.0159894302487373
PCA11,efficientnet_b3,clean,38,-0.0106951277703046
PCA11,efficientnet_b3,clean,39,-0.0101580433547496
PCA11,efficientnet_b3,clean,40,-0.0079822391271591
PCA11,efficientnet_b3,clean,41,-0.0079672234132885
PCA11,efficientnet_b3,clean,42,-0.01013661082834
PCA11,efficientnet_b3,clean,43,-0.0120032206177711
PCA11,efficientnet_b3,clean,44,-0.01630206592381
PCA11,efficientnet_b3,clean,45,-0.0122047187760472
PCA11,efficientnet_b3,clean,46,-0.0268738679587841
PCA11,efficientnet_b3,clean,47,-0.0139116765931248
PCA11,efficientnet_b3,clean,48,-0.0117013724520802
PCA11,efficientnet_b3,clean,49,-0.0168175399303436
PCA11,efficientnet_b3,clean,50,-0.0012985233915969
PCA11,efficientnet_b3,clean,51,0.0035662923473864
PCA11,efficientnet_b3,clean,52,0.0083211436867713
PCA11,efficientnet_b3,clean,53,-0.0018815314397215
PCA11,efficientnet_b3,clean,54,-0.0060401177033782
PCA11,efficientnet_b3,clean,55,-0.0065425764769315
PCA11,efficientnet_b3,clean,56,0.1125724539160728
PCA11,efficientnet_b3,clean,57,0.00020886855782
PCA11,efficientnet_b3,clean,58,0.000678704760503
PCA11,efficientnet_b3,clean,59,0.0002152069209842
PCA11,efficientnet_b3,clean,60,0.0115885902196168
PCA11,efficientnet_b3,clean,61,0.0057160495780408
PCA11,efficientnet_b3,clean,62,-0.0027069158386439
PCA11,efficientnet_b3,clean,63,-0.0006594249862246
PCA11,efficientnet_b3,clean,64,-0.0084232715889811
PCA11,efficientnet_b3,clean,65,-0.0042003286071121
PCA11,efficientnet_b3,clean,66,-0.0011002219980582
PCA11,efficientnet_b3,clean,67,0.0037780271377414
PCA11,efficientnet_b3,clean,68,-0.0030902195721864
PCA11,efficientnet_b3,clean,69,-0.0003669608558993
PCA11,efficientnet_b3,clean,70,0.0014670361997559
PCA11,efficientnet_b3,clean,71,-0.0047530764713883
PCA11,efficientnet_b3,clean,72,0.0010206912411376
PCA11,efficientnet_b3,clean,73,0.0006184626836329
PCA11,efficientnet_b3,clean,74,-0.0046960143372416
PCA11,efficientnet_b3,clean,75,-0.003962364513427
PCA11,efficientnet_b3,clean,76,-0.0153202153742313
PCA11,efficientnet_b3,clean,77,-0.0020699347369372
PCA11,efficientnet_b3,clean,78,-0.0049066268838942
PCA11,efficientnet_b3,clean,79,-0.0050507183186709
PCA11,efficientnet_b3,clean,80,0.0041250064969062
PCA11,efficientnet_b3,clean,81,-0.0047414931468665
PCA11,efficientnet_b3,clean,82,0.0009627267136238
PCA11,efficientnet_b3,clean,83,-0.00630738819018
PCA11,efficientnet_b3,clean,84,-0.0029344104696065
PCA11,efficientnet_b3,clean,85,-0.0061352527700364
PCA11,efficientnet_b3,clean,86,-0.0031955942977219
PCA11,efficientnet_b3,clean,87,0.0407881177961826
PCA11,efficientnet_b3,clean,88,0.0016057702014222
PCA11,efficientnet_b3,clean,89,0.0034986173268407
PCA11,efficientnet_b3,clean,90,-0.0015651262365281
PCA11,efficientnet_b3,clean,91,-0.0063508702442049
PCA11,efficientnet_b3,clean,92,0.0053307064808905
PCA11,efficientnet_b3,clean,93,-0.0285972096025943
PCA11,efficientnet_b3,clean,94,-0.0031952676363289
PCA11,efficientnet_b3,clean,95,-0.0035556394141167
PCA11,efficientnet_b3,clean,96,-0.009646363556385
PCA11,efficientnet_b3,clean,97,-0.0067084655165672
PCA11,efficientnet_b3,clean,98,0.00051293335855
PCA11,efficientnet_b3,clean,99,0.016833221539855
PCA11,efficientnet_b3,clean,100,-0.0130207361653447
PCA11,efficientnet_b3,clean,101,-0.0053866351954638
PCA11,efficientnet_b3,clean,102,-0.004409063141793
PCA11,efficientnet_b3,clean,103,0.0068143201060593
PCA11,efficientnet_b3,clean,104,0.003460215171799
PCA11,efficientnet_b3,clean,105,0.0053962897509336
PCA11,efficientnet_b3,clean,106,0.009284583851695
PCA11,efficientnet_b3,clean,107,-0.0116579998284578
PCA11,efficientnet_b3,clean,108,-0.005338140297681
PCA11,efficientnet_b3,clean,109,0.0118254162371158
PCA11,efficientnet_b3,clean,110,0.0082790181040763
PCA11,efficientnet_b3,clean,111,-0.0104737905785441
PCA11,efficientnet_b3,clean,112,0.0239912532269954
PCA11,efficientnet_b3,clean,113,-0.003769292961806
PCA11,efficientnet_b3,clean,114,0.0100654913112521
PCA11,efficientnet_b3,clean,115,0.0300759393721818
PCA11,efficientnet_b3,clean,116,-0.0087182074785232
PCA11,efficientnet_b3,clean,117,0.0235022623091936
PCA11,efficientnet_b3,clean,118,0.0257861409336328
PCA11,efficientnet_b3,clean,119,-0.005607851780951
PCA11,efficientnet_b3,clean,120,0.00887883733958
PCA11,efficientnet_b3,clean,121,-0.0125246532261371
PCA11,efficientnet_b3,clean,122,-0.0190340504050254
PCA11,efficientnet_b3,clean,123,0.0154693955555558
PCA11,efficientnet_b3,clean,124,0.0218000039458274
PCA11,efficientnet_b3,clean,125,-0.0040804608725011
PCA11,efficientnet_b3,clean,126,0.0192959643900394
PCA11,efficientnet_b3,clean,127,-0.0103367548435926
PCA11,efficientnet_b3,clean,128,0.0033217035233974
PCA11,efficientnet_b3,clean,129,-0.0099761504679918
PCA11,efficientnet_b3,clean,130,0.0040919398888945
PCA11,efficientnet_b3,clean,131,0.0097805140540003
PCA11,efficientnet_b3,clean,132,-0.0019782306626439
PCA11,efficientnet_b3,clean,133,-0.0074016340076923
PCA11,efficientnet_b3,clean,134,-0.0348325185477733
PCA11,efficientnet_b3,clean,135,-0.0280857812613248
PCA11,efficientnet_b3,clean,136,-0.0089157773181796
PCA11,efficientnet_b3,clean,137,-0.0018021450378
PCA11,efficientnet_b3,clean,138,-0.0117706144228577
PCA11,efficientnet_b3,clean,139,-0.0020683840848505
PCA11,efficientnet_b3,clean,140,-0.0008725715451873
PCA11,efficientnet_b3,clean,141,-0.0186616219580173
PCA11,efficientnet_b3,clean,142,-0.0189112015068531
PCA11,efficientnet_b3,clean,143,-0.0173123739659786
PCA11,efficientnet_b3,clean,144,0.0056187850423157
PCA11,efficientnet_b3,clean,145,-0.0084394440054893
PCA11,efficientnet_b3,clean,146,-0.0171438939869403
PCA11,efficientnet_b3,clean,147,-0.0077227572910487
PCA11,efficientnet_b3,clean,148,-0.0047010974958539
PCA11,efficientnet_b3,clean,149,-0.039809513837099
PCA11,efficientnet_b3,clean,150,0.0083134388551115
PCA11,efficientnet_b3,clean,151,-0.0105388974770903
PCA11,efficientnet_b3,clean,152,-0.013146661221981
PCA11,efficientnet_b3,clean,153,0.0077088261023163
PCA11,efficientnet_b3,clean,154,-0.0001386728254146
PCA11,efficientnet_b3,clean,155,-0.0346658453345298
PCA11,efficientnet_b3,clean,156,-0.0079992981627583
PCA11,efficientnet_b3,clean,157,0.0134272594004869
PCA11,efficientnet_b3,clean,158,-0.003752589225769
PCA11,efficientnet_b3,clean,159,-0.0134631348773837
PCA11,efficientnet_b3,clean,160,-0.0084946509450674
PCA11,efficientnet_b3,clean,161,-0.0170061644166708
PCA11,efficientnet_b3,clean,162,0.0045305606909096
PCA11,efficientnet_b3,clean,163,-0.0234188865870237
PCA11,efficientnet_b3,clean,164,-0.0047541349194943
PCA11,efficientnet_b3,clean,165,-0.0221740528941154
PCA11,efficientnet_b3,clean,166,0.0011085482547059
PCA11,efficientnet_b3,clean,167,-0.0005258119199424
PCA11,efficientnet_b3,clean,168,0.0049779540859162
PCA11,efficientnet_b3,clean,169,0.0057702693156898
PCA11,efficientnet_b3,clean,170,0.0126328207552433
PCA11,efficientnet_b3,clean,171,-0.0161344930529594
PCA11,efficientnet_b3,clean,172,-0.0021423751022666
PCA11,efficientnet_b3,clean,173,0.0022649506572633
PCA11,efficientnet_b3,clean,174,0.0024210477713495
PCA11,efficientnet_b3,clean,175,0.004382184240967
PCA11,efficientnet_b3,clean,176,0.0285437908023595
PCA11,efficientnet_b3,clean,177,-0.0131116351112723
PCA11,efficientnet_b3,clean,178,0.0276109613478183
PCA11,efficientnet_b3,clean,179,-0.0081269862130284
PCA11,efficientnet_b3,clean,180,-0.0260666403919458
PCA11,efficientnet_b3,clean,181,0.071037620306015
PCA11,efficientnet_b3,clean,182,-0.0059848888777196
PCA11,efficientnet_b3,clean,183,-0.0236813388764858
PCA11,efficientnet_b3,clean,184,-0.0081182932481169
PCA11,efficientnet_b3,clean,185,-0.0009839795529842
PCA11,efficientnet_b3,clean,186,-0.0019324815366417
PCA11,efficientnet_b3,clean,187,0.0133446846157312
PCA11,efficientnet_b3,clean,188,-0.0082251336425542
PCA11,efficientnet_b3,clean,189,-0.0009097724687308
PCA11,efficientnet_b3,clean,190,-0.0055330502800643
PCA11,efficientnet_b3,clean,191,-0.0124141983687877
PCA11,efficientnet_b3,clean,192,0.0040391730144619
PCA11,efficientnet_b3,clean,193,-0.0064171273261308
PCA11,efficientnet_b3,clean,194,-1.1002272231053212e-06
PCA11,efficientnet_b3,clean,195,-0.0063679618760943
PCA11,efficientnet_b3,clean,196,-0.0076840030960738
PCA11,efficientnet_b3,clean,197,-0.0084093967452645
PCA11,efficientnet_b3,clean,198,-0.002941892016679
PCA11,efficientnet_b3,clean,199,0.0065939645282924
PCA11,convnext_tiny,clean,0,0.0214610286056995
PCA11,convnext_tiny,clean,1,-0.032851368188858
PCA11,convnext_tiny,clean,2,-0.0511977858841419
PCA11,convnext_tiny,clean,3,-0.0360380969941616
PCA11,convnext_tiny,clean,4,0.0067641176283359
PCA11,convnext_tiny,clean,5,-0.0912621542811393
PCA11,convnext_tiny,clean,6,-0.0064041689038276
PCA11,convnext_tiny,clean,7,-0.0284969098865985
PCA11,convnext_tiny,clean,8,0.3059451878070831
PCA11,convnext_tiny,clean,9,-0.0613678731024265
PCA11,convnext_tiny,clean,10,0.4886164665222168
PCA11,convnext_tiny,clean,11,0.083087608218193
PCA11,convnext_tiny,clean,12,-0.005429592449218
PCA11,convnext_tiny,clean,13,-0.0189471971243619
PCA11,convnext_tiny,clean,14,0.1279909908771515
PCA11,convnext_tiny,clean,15,0.0220606420189142
PCA11,convnext_tiny,clean,16,0.0366438999772071
PCA11,convnext_tiny,clean,17,-0.0678937435150146
PCA11,convnext_tiny,clean,18,-0.0074713937938213
PCA11,convnext_tiny,clean,19,0.0108714494854211
PCA11,convnext_tiny,clean,20,0.0222503673285245
PCA11,convnext_tiny,clean,21,0.0326419621706008
PCA11,convnext_tiny,clean,22,-0.0591380149126052
PCA11,convnext_tiny,clean,23,-0.0044518830254673
PCA11,convnext_tiny,clean,24,-0.0420954972505569
PCA11,convnext_tiny,clean,25,0.0420707575976848
PCA11,convnext_tiny,clean,26,-0.0192757025361061
PCA11,convnext_tiny,clean,27,0.032259065657854
PCA11,convnext_tiny,clean,28,0.042945384979248
PCA11,convnext_tiny,clean,29,0.0437073223292827
PCA11,convnext_tiny,clean,30,0.0063247899524867
PCA11,convnext_tiny,clean,31,0.0
PCA11,convnext_tiny,clean,32,0.0398028157651424
PCA11,convnext_tiny,clean,33,0.0790420621633529
PCA11,convnext_tiny,clean,34,-0.0088043250143527
PCA11,convnext_tiny,clean,35,0.0144593268632888
PCA11,convnext_tiny,clean,36,-0.025081293657422
PCA11,convnext_tiny,clean,37,0.0165217872709035
PCA11,convnext_tiny,clean,38,0.1037938073277473
PCA11,convnext_tiny,clean,39,0.0
PCA11,convnext_tiny,clean,40,0.042771115899086
PCA11,convnext_tiny,clean,41,0.0125252790749073
PCA11,convnext_tiny,clean,42,-0.0047802589833736
PCA11,convnext_tiny,clean,43,0.0359856002032756
PCA11,convnext_tiny,clean,44,-0.0047758817672729
PCA11,convnext_tiny,clean,45,0.0066610095091164
PCA11,convnext_tiny,clean,46,-0.0373866260051727
PCA11,convnext_tiny,clean,47,0.0195941347628831
PCA11,convnext_tiny,clean,48,-0.0190410017967224
PCA11,convnext_tiny,clean,49,-0.0302468445152044
PCA11,convnext_tiny,clean,50,0.0779564604163169
PCA11,convnext_tiny,clean,51,0.0612036697566509
PCA11,convnext_tiny,clean,52,-0.2245560139417648
PCA11,convnext_tiny,clean,53,-0.0238694213330745
PCA11,convnext_tiny,clean,54,0.0513666309416294
PCA11,convnext_tiny,clean,55,0.0496473498642444
PCA11,convnext_tiny,clean,56,0.0215561240911483
PCA11,convnext_tiny,clean,57,0.0633802488446235
PCA11,convnext_tiny,clean,58,-0.0468263179063797
PCA11,convnext_tiny,clean,59,-0.0418568328022956
PCA11,convnext_tiny,clean,60,0.053931750357151
PCA11,convnext_tiny,clean,61,0.021551115438342
PCA11,convnext_tiny,clean,62,0.0439082644879817
PCA11,convnext_tiny,clean,63,0.0661439150571823
PCA11,convnext_tiny,clean,64,-0.147118330001831
PCA11,convnext_tiny,clean,65,-0.020263273268938
PCA11,convnext_tiny,clean,66,0.0867990553379058
PCA11,convnext_tiny,clean,67,-0.1409008204936981
PCA11,convnext_tiny,clean,68,-0.0346220210194587
PCA11,convnext_tiny,clean,69,-0.0394521653652191
PCA11,convnext_tiny,clean,70,0.0061731720343232
PCA11,convnext_tiny,clean,71,-0.1039500162005424
PCA11,convnext_tiny,clean,72,0.0042821057140827
PCA11,convnext_tiny,clean,73,-0.0610935427248477
PCA11,convnext_tiny,clean,74,-0.0176970567554235
PCA11,convnext_tiny,clean,75,-0.0146095026284456
PCA11,convnext_tiny,clean,76,0.4983077943325043
PCA11,convnext_tiny,clean,77,-0.0846448466181755
PCA11,convnext_tiny,clean,78,0.0317338183522224
PCA11,convnext_tiny,clean,79,-0.0181269105523824
PCA11,convnext_tiny,clean,80,0.0196698196232318
PCA11,convnext_tiny,clean,81,-0.0160439498722553
PCA11,convnext_tiny,clean,82,-0.0161802470684051
PCA11,convnext_tiny,clean,83,-0.0812387764453888
PCA11,convnext_tiny,clean,84,-0.0138779710978269
PCA11,convnext_tiny,clean,85,-7.462258508894593e-05
PCA11,convnext_tiny,clean,86,0.021414341405034
PCA11,convnext_tiny,clean,87,-0.054069060832262
PCA11,convnext_tiny,clean,88,0.0152536900714039
PCA11,convnext_tiny,clean,89,0.0091979280114173
PCA11,convnext_tiny,clean,90,0.0373950041830539
PCA11,convnext_tiny,clean,91,0.1197917908430099
PCA11,convnext_tiny,clean,92,0.350043773651123
PCA11,convnext_tiny,clean,93,0.0326705910265445
PCA11,convnext_tiny,clean,94,0.0466571189463138
PCA11,convnext_tiny,clean,95,0.0175457298755645
PCA11,convnext_tiny,clean,96,-0.1469604671001434
PCA11,convnext_tiny,clean,97,-0.0028221029788255
PCA11,convnext_tiny,clean,98,-0.116581030189991
PCA11,convnext_tiny,clean,99,0.0
PCA11,convnext_tiny,clean,100,0.1055813059210777
PCA11,convnext_tiny,clean,101,0.0238838009536266
PCA11,convnext_tiny,clean,102,-0.2127147167921066
PCA11,convnext_tiny,clean,103,-0.1204928457736969
PCA11,convnext_tiny,clean,104,-0.058388777077198
PCA11,convnext_tiny,clean,105,-0.0663593858480453
PCA11,convnext_tiny,clean,106,0.0569143183529377
PCA11,convnext_tiny,clean,107,-0.0832590535283088
PCA11,convnext_tiny,clean,108,-0.1773234754800796
PCA11,convnext_tiny,clean,109,-0.0294916443526744
PCA11,convnext_tiny,clean,110,-0.0174758527427911
PCA11,convnext_tiny,clean,111,0.0424148216843605
PCA11,convnext_tiny,clean,112,-0.0466008447110652
PCA11,convnext_tiny,clean,113,-0.0269415192306041
PCA11,convnext_tiny,clean,114,0.0077578662894666
PCA11,convnext_tiny,clean,115,-0.0460052862763404
PCA11,convnext_tiny,clean,116,0.028810366988182
PCA11,convnext_tiny,clean,117,-0.0430935062468051
PCA11,convnext_tiny,clean,118,-0.0229285005480051
PCA11,convnext_tiny,clean,119,0.0006755979848094
PCA11,convnext_tiny,clean,120,-0.2105484753847122
PCA11,convnext_tiny,clean,121,-0.0141231603920459
PCA11,convnext_tiny,clean,122,-0.0024433524813503
PCA11,convnext_tiny,clean,123,-0.0274539235979318
PCA11,convnext_tiny,clean,124,-0.0476832836866378
PCA11,convnext_tiny,clean,125,0.0037350379861891
PCA11,convnext_tiny,clean,126,0.0307471491396427
PCA11,convnext_tiny,clean,127,3.399167690076865e-05
PCA11,convnext_tiny,clean,128,0.0274187158793211
PCA11,convnext_tiny,clean,129,0.0053833094425499
PCA11,convnext_tiny,clean,130,0.0793019011616706
PCA11,convnext_tiny,clean,131,0.0357812382280826
PCA11,convnext_tiny,clean,132,0.0437413044273853
PCA11,convnext_tiny,clean,133,0.0
PCA11,convnext_tiny,clean,134,0.0118808262050151
PCA11,convnext_tiny,clean,135,-0.0011471254983916
PCA11,convnext_tiny,clean,136,-0.0678984895348548
PCA11,convnext_tiny,clean,137,0.0388718210160732
PCA11,convnext_tiny,clean,138,0.0335323438048362
PCA11,convnext_tiny,clean,139,-0.0617078319191932
PCA11,convnext_tiny,clean,140,0.0235859733074903
PCA11,convnext_tiny,clean,141,0.1137014105916023
PCA11,convnext_tiny,clean,142,0.0942942574620246
PCA11,convnext_tiny,clean,143,0.0062777721323072
PCA11,convnext_tiny,clean,144,0.0603943541646003
PCA11,convnext_tiny,clean,145,-0.1008041948080062
PCA11,convnext_tiny,clean,146,-0.0022185312118381
PCA11,convnext_tiny,clean,147,-0.2790746390819549
PCA11,convnext_tiny,clean,148,-0.0002639439771883
PCA11,convnext_tiny,clean,149,0.0652048960328102
PCA11,convnext_tiny,clean,150,-0.064246729016304
PCA11,convnext_tiny,clean,151,-0.0576755255460739
PCA11,convnext_tiny,clean,152,0.027700887992978
PCA11,convnext_tiny,clean,153,-0.0142908403649926
PCA11,convnext_tiny,clean,154,0.1034868136048317
PCA11,convnext_tiny,clean,155,-0.022568916901946
PCA11,convnext_tiny,clean,156,0.0366321429610252
PCA11,convnext_tiny,clean,157,0.6026477217674255
PCA11,convnext_tiny,clean,158,0.0257659647613763
PCA11,convnext_tiny,clean,159,0.0583624169230461
PCA11,convnext_tiny,clean,160,-0.0808522403240203
PCA11,convnext_tiny,clean,161,-0.0198162980377674
PCA11,convnext_tiny,clean,162,-0.0056841201148927
PCA11,convnext_tiny,clean,163,-0.0154730789363384
PCA11,convnext_tiny,clean,164,-0.0200385861098766
PCA11,convnext_tiny,clean,165,0.0
PCA11,convnext_tiny,clean,166,-0.0188393425196409
PCA11,convnext_tiny,clean,167,-0.0318776778876781
PCA11,convnext_tiny,clean,168,0.0058695329353213
PCA11,convnext_tiny,clean,169,-0.1355198323726654
PCA11,convnext_tiny,clean,170,0.1955300569534301
PCA11,convnext_tiny,clean,171,-0.0025961108040064
PCA11,convnext_tiny,clean,172,-0.0560564175248146
PCA11,convnext_tiny,clean,173,-0.005014069378376
PCA11,convnext_tiny,clean,174,0.5749457478523254
PCA11,convnext_tiny,clean,175,-0.0584631748497486
PCA11,convnext_tiny,clean,176,0.0592540875077247
PCA11,convnext_tiny,clean,177,-0.0517068244516849
PCA11,convnext_tiny,clean,178,-0.0151074407622218
PCA11,convnext_tiny,clean,179,-0.0126440962776541
PCA11,convnext_tiny,clean,180,0.0334158763289451
PCA11,convnext_tiny,clean,181,-0.0255016665905714
PCA11,convnext_tiny,clean,182,-0.0220596808940172
PCA11,convnext_tiny,clean,183,0.0016943453811109
PCA11,convnext_tiny,clean,184,-0.0266995429992675
PCA11,convnext_tiny,clean,185,-0.1416246891021728
PCA11,convnext_tiny,clean,186,-0.1849769055843353
PCA11,convnext_tiny,clean,187,0.1188738867640495
PCA11,convnext_tiny,clean,188,-0.0117042195051908
PCA11,convnext_tiny,clean,189,0.520068347454071
PCA11,convnext_tiny,clean,190,-0.0098832808434963
PCA11,convnext_tiny,clean,191,0.0023232770618051
PCA11,convnext_tiny,clean,192,0.0154339270666241
PCA11,convnext_tiny,clean,193,-0.0387333966791629
PCA11,convnext_tiny,clean,194,0.0322605557739734
PCA11,convnext_tiny,clean,195,0.3021393716335296
PCA11,convnext_tiny,clean,196,0.5055038332939148
PCA11,convnext_tiny,clean,197,0.010163371451199
PCA11,convnext_tiny,clean,198,0.0281012114137411
PCA11,convnext_tiny,clean,199,0.0176558177918195
PCA11,swin_tiny,clean,0,0.1796980500221252
PCA11,swin_tiny,clean,1,-0.0595234185457229
PCA11,swin_tiny,clean,2,0.1221698448061943
PCA11,swin_tiny,clean,3,-0.1620692610740661
PCA11,swin_tiny,clean,4,0.2167189419269561
PCA11,swin_tiny,clean,5,0.2928690612316131
PCA11,swin_tiny,clean,6,-0.0243853162974119
PCA11,swin_tiny,clean,7,0.1072170659899711
PCA11,swin_tiny,clean,8,-0.0025328453630208
PCA11,swin_tiny,clean,9,0.2057020366191864
PCA11,swin_tiny,clean,10,-0.1203923150897026
PCA11,swin_tiny,clean,11,-0.0554114356637001
PCA11,swin_tiny,clean,12,-0.1268357634544372
PCA11,swin_tiny,clean,13,-0.097929447889328
PCA11,swin_tiny,clean,14,-0.0849005579948425
PCA11,swin_tiny,clean,15,-0.1776457279920578
PCA11,swin_tiny,clean,16,0.1081150472164154
PCA11,swin_tiny,clean,17,-0.0318310856819152
PCA11,swin_tiny,clean,18,-0.0683954134583473
PCA11,swin_tiny,clean,19,0.208980992436409
PCA11,swin_tiny,clean,20,0.1793523728847503
PCA11,swin_tiny,clean,21,-0.0713201761245727
PCA11,swin_tiny,clean,22,0.1346697956323623
PCA11,swin_tiny,clean,23,0.1346871107816696
PCA11,swin_tiny,clean,24,0.2306551784276962
PCA11,swin_tiny,clean,25,0.1097471639513969
PCA11,swin_tiny,clean,26,0.2018853276968002
PCA11,swin_tiny,clean,27,0.219979926943779
PCA11,swin_tiny,clean,28,-0.0874480977654457
PCA11,swin_tiny,clean,29,0.1196055933833122
PCA11,swin_tiny,clean,30,-0.1156751066446304
PCA11,swin_tiny,clean,31,-0.0722994059324264
PCA11,swin_tiny,clean,32,0.1366466283798217
PCA11,swin_tiny,clean,33,0.2011547088623047
PCA11,swin_tiny,clean,34,-0.1222484037280082
PCA11,swin_tiny,clean,35,-0.0565803870558738
PCA11,swin_tiny,clean,36,-0.069016546010971
PCA11,swin_tiny,clean,37,-0.0965957269072532
PCA11,swin_tiny,clean,38,-0.0502262599766254
PCA11,swin_tiny,clean,39,0.2009309977293014
PCA11,swin_tiny,clean,40,0.0200384519994258
PCA11,swin_tiny,clean,41,-0.0250999275594949
PCA11,swin_tiny,clean,42,-0.1447172909975052
PCA11,swin_tiny,clean,43,0.1880713254213333
PCA11,swin_tiny,clean,44,-0.0397452265024185
PCA11,swin_tiny,clean,45,0.1532645523548126
PCA11,swin_tiny,clean,46,0.2454607486724853
PCA11,swin_tiny,clean,47,0.1046636328101158
PCA11,swin_tiny,clean,48,0.2047663778066635
PCA11,swin_tiny,clean,49,0.0907525047659874
PCA11,swin_tiny,clean,50,-0.1676406264305114
PCA11,swin_tiny,clean,51,0.1734058856964111
PCA11,swin_tiny,clean,52,0.1327564120292663
PCA11,swin_tiny,clean,53,0.252812922000885
PCA11,swin_tiny,clean,54,0.1960736513137817
PCA11,swin_tiny,clean,55,-0.0371652394533157
PCA11,swin_tiny,clean,56,-0.0858944207429885
PCA11,swin_tiny,clean,57,-0.1911317855119705
PCA11,swin_tiny,clean,58,-0.2380489557981491
PCA11,swin_tiny,clean,59,0.1293723583221435
PCA11,swin_tiny,clean,60,0.0989812910556793
PCA11,swin_tiny,clean,61,0.1739348173141479
PCA11,swin_tiny,clean,62,0.0743614882230758
PCA11,swin_tiny,clean,63,0.1269004791975021
PCA11,swin_tiny,clean,64,0.0919140130281448
PCA11,swin_tiny,clean,65,0.1194533705711364
PCA11,swin_tiny,clean,66,0.0516578890383243
PCA11,swin_tiny,clean,67,0.1647552251815796
PCA11,swin_tiny,clean,68,0.0490871258080005
PCA11,swin_tiny,clean,69,0.1473501771688461
PCA11,swin_tiny,clean,70,0.1295382231473922
PCA11,swin_tiny,clean,71,0.1338049173355102
PCA11,swin_tiny,clean,72,0.1185069605708122
PCA11,swin_tiny,clean,73,0.0569005794823169
PCA11,swin_tiny,clean,74,0.0997733175754547
PCA11,swin_tiny,clean,75,0.1469241678714752
PCA11,swin_tiny,clean,76,0.2463786602020263
PCA11,swin_tiny,clean,77,0.1579227000474929
PCA11,swin_tiny,clean,78,0.2256348878145218
PCA11,swin_tiny,clean,79,0.1897453069686889
PCA11,swin_tiny,clean,80,0.0983415395021438
PCA11,swin_tiny,clean,81,0.1426208466291427
PCA11,swin_tiny,clean,82,0.1651985049247741
PCA11,swin_tiny,clean,83,0.101402498781681
PCA11,swin_tiny,clean,84,0.1061805188655853
PCA11,swin_tiny,clean,85,0.1453783214092254
PCA11,swin_tiny,clean,86,0.0981088057160377
PCA11,swin_tiny,clean,87,-0.2635003924369812
PCA11,swin_tiny,clean,88,-0.0003379504196345
PCA11,swin_tiny,clean,89,-0.0485613979399204
PCA11,swin_tiny,clean,90,0.116928331553936
PCA11,swin_tiny,clean,91,0.19769287109375
PCA11,swin_tiny,clean,92,-0.1063027158379554
PCA11,swin_tiny,clean,93,-0.1145490407943725
PCA11,swin_tiny,clean,94,0.1394683420658111
PCA11,swin_tiny,clean,95,0.178798034787178
PCA11,swin_tiny,clean,96,0.1960338056087494
PCA11,swin_tiny,clean,97,-0.0680542960762977
PCA11,swin_tiny,clean,98,0.1697067022323608
PCA11,swin_tiny,clean,99,0.1401086002588272
PCA11,swin_tiny,clean,100,-0.0797610208392143
PCA11,swin_tiny,clean,101,-0.0897188559174537
PCA11,swin_tiny,clean,102,-0.0739075616002082
PCA11,swin_tiny,clean,103,0.1465095281600952
PCA11,swin_tiny,clean,104,0.0537295788526535
PCA11,swin_tiny,clean,105,-0.0900000184774398
PCA11,swin_tiny,clean,106,-0.0127215040847659
PCA11,swin_tiny,clean,107,-0.1216611862182617
PCA11,swin_tiny,clean,108,0.1773832440376281
PCA11,swin_tiny,clean,109,0.112710028886795
PCA11,swin_tiny,clean,110,-0.1479429006576538
PCA11,swin_tiny,clean,111,0.129709854722023
PCA11,swin_tiny,clean,112,0.1360397487878799
PCA11,swin_tiny,clean,113,0.0939870551228523
PCA11,swin_tiny,clean,114,-0.1844267547130584
PCA11,swin_tiny,clean,115,-0.1858459413051605
PCA11,swin_tiny,clean,116,0.0944627746939659
PCA11,swin_tiny,clean,117,0.1556739658117294
PCA11,swin_tiny,clean,118,0.1892267018556594
PCA11,swin_tiny,clean,119,0.3040530085563659
PCA11,swin_tiny,clean,120,-0.1829294115304947
PCA11,swin_tiny,clean,121,-0.1885437816381454
PCA11,swin_tiny,clean,122,-0.1231235489249229
PCA11,swin_tiny,clean,123,0.1082475632429122
PCA11,swin_tiny,clean,124,-0.1521308273077011
PCA11,swin_tiny,clean,125,-0.1211539506912231
PCA11,swin_tiny,clean,126,0.0345001518726348
PCA11,swin_tiny,clean,127,0.1836229860782623
PCA11,swin_tiny,clean,128,-0.1616485863924026
PCA11,swin_tiny,clean,129,-0.0313970260322093
PCA11,swin_tiny,clean,130,0.1851892322301864
PCA11,swin_tiny,clean,131,0.1501171141862869
PCA11,swin_tiny,clean,132,0.1666999757289886
PCA11,swin_tiny,clean,133,0.0155392494052648
PCA11,swin_tiny,clean,134,-0.1117076128721237
PCA11,swin_tiny,clean,135,-0.1075920015573501
PCA11,swin_tiny,clean,136,0.1273927539587021
PCA11,swin_tiny,clean,137,0.1938618421554565
PCA11,swin_tiny,clean,138,0.2302327901124954
PCA11,swin_tiny,clean,139,0.1530306786298751
PCA11,swin_tiny,clean,140,-0.0739162340760231
PCA11,swin_tiny,clean,141,0.2075504064559936
PCA11,swin_tiny,clean,142,-0.1932537853717804
PCA11,swin_tiny,clean,143,0.1741782277822494
PCA11,swin_tiny,clean,144,0.136665403842926
PCA11,swin_tiny,clean,145,0.0844214409589767
PCA11,swin_tiny,clean,146,0.1087467819452285
PCA11,swin_tiny,clean,147,-0.2292198687791824
PCA11,swin_tiny,clean,148,-0.0922442078590393
PCA11,swin_tiny,clean,149,-0.1784172058105468
PCA11,swin_tiny,clean,150,0.1227743774652481
PCA11,swin_tiny,clean,151,0.1241301298141479
PCA11,swin_tiny,clean,152,0.1498595476150512
PCA11,swin_tiny,clean,153,0.0216452833265066
PCA11,swin_tiny,clean,154,-0.0998341515660286
PCA11,swin_tiny,clean,155,0.1429503262042999
PCA11,swin_tiny,clean,156,0.1930576115846634
PCA11,swin_tiny,clean,157,0.1367002129554748
PCA11,swin_tiny,clean,158,0.2055424898862838
PCA11,swin_tiny,clean,159,0.2168643176555633
PCA11,swin_tiny,clean,160,0.1121000051498413
PCA11,swin_tiny,clean,161,0.1264286041259765
PCA11,swin_tiny,clean,162,0.1589702069759369
PCA11,swin_tiny,clean,163,0.1153993010520935
PCA11,swin_tiny,clean,164,0.1983428746461868
PCA11,swin_tiny,clean,165,0.1005715355277061
PCA11,swin_tiny,clean,166,0.1454016268253326
PCA11,swin_tiny,clean,167,0.1832707226276397
PCA11,swin_tiny,clean,168,0.18901327252388
PCA11,swin_tiny,clean,169,0.2396281957626342
PCA11,swin_tiny,clean,170,0.1097105145454406
PCA11,swin_tiny,clean,171,0.1030477806925773
PCA11,swin_tiny,clean,172,0.114905335009098
PCA11,swin_tiny,clean,173,-0.1669499576091766
PCA11,swin_tiny,clean,174,-0.1293876469135284
PCA11,swin_tiny,clean,175,0.1333717107772827
PCA11,swin_tiny,clean,176,0.093994528055191
PCA11,swin_tiny,clean,177,0.0970936045050621
PCA11,swin_tiny,clean,178,-0.175030305981636
PCA11,swin_tiny,clean,179,0.1253077983856201
PCA11,swin_tiny,clean,180,-0.1606068611145019
PCA11,swin_tiny,clean,181,-0.180154338479042
PCA11,swin_tiny,clean,182,0.0884668081998825
PCA11,swin_tiny,clean,183,-0.150043174624443
PCA11,swin_tiny,clean,184,-0.1558417528867721
PCA11,swin_tiny,clean,185,-0.1627051532268524
PCA11,swin_tiny,clean,186,-0.1064894124865531
PCA11,swin_tiny,clean,187,0.1473423838615417
PCA11,swin_tiny,clean,188,0.1720188558101654
PCA11,swin_tiny,clean,189,0.1393926292657852
PCA11,swin_tiny,clean,190,0.0776363164186477
PCA11,swin_tiny,clean,191,0.0113854054361581
PCA11,swin_tiny,clean,192,0.131411537528038
PCA11,swin_tiny,clean,193,0.2506360113620758
PCA11,swin_tiny,clean,194,0.2181399166584015
PCA11,swin_tiny,clean,195,-0.0755596458911895
PCA11,swin_tiny,clean,196,0.2042594105005264
PCA11,swin_tiny,clean,197,-0.0031348066404461
PCA11,swin_tiny,clean,198,0.1643045544624328
PCA11,swin_tiny,clean,199,0.162660464644432
PCA11,dinov2_b,clean,0,0.0204717740416526
PCA11,dinov2_b,clean,1,0.0248556677252054
PCA11,dinov2_b,clean,2,0.0255503505468368
PCA11,dinov2_b,clean,3,0.0027825371362268
PCA11,dinov2_b,clean,4,0.0211663506925106
PCA11,dinov2_b,clean,5,0.0117667783051729
PCA11,dinov2_b,clean,6,0.0603353828191757
PCA11,dinov2_b,clean,7,0.0088328085839748
PCA11,dinov2_b,clean,8,0.0473634153604507
PCA11,dinov2_b,clean,9,0.0026536104269325
PCA11,dinov2_b,clean,10,0.0186571404337883
PCA11,dinov2_b,clean,11,0.0292695313692092
PCA11,dinov2_b,clean,12,0.0351251661777496
PCA11,dinov2_b,clean,13,0.0330144539475441
PCA11,dinov2_b,clean,14,0.0256292335689067
PCA11,dinov2_b,clean,15,0.0138956848531961
PCA11,dinov2_b,clean,16,0.0261709094047546
PCA11,dinov2_b,clean,17,0.0297972336411476
PCA11,dinov2_b,clean,18,0.0338280573487281
PCA11,dinov2_b,clean,19,0.0474018678069114
PCA11,dinov2_b,clean,20,0.0464286617934703
PCA11,dinov2_b,clean,21,0.0314380675554275
PCA11,dinov2_b,clean,22,0.0201602913439273
PCA11,dinov2_b,clean,23,0.0220920369029045
PCA11,dinov2_b,clean,24,0.0321856364607811
PCA11,dinov2_b,clean,25,0.030343048274517
PCA11,dinov2_b,clean,26,0.0429157614707946
PCA11,dinov2_b,clean,27,0.0425657927989959
PCA11,dinov2_b,clean,28,0.0356733538210392
PCA11,dinov2_b,clean,29,0.0390382520854473
PCA11,dinov2_b,clean,30,0.0380595810711383
PCA11,dinov2_b,clean,31,0.051830980926752
PCA11,dinov2_b,clean,32,0.0450229197740554
PCA11,dinov2_b,clean,33,0.02757478505373
PCA11,dinov2_b,clean,34,0.0478143095970153
PCA11,dinov2_b,clean,35,0.033014677464962
PCA11,dinov2_b,clean,36,0.0557331182062625
PCA11,dinov2_b,clean,37,0.0870245546102523
PCA11,dinov2_b,clean,38,0.0414980687201023
PCA11,dinov2_b,clean,39,0.0547060966491699
PCA11,dinov2_b,clean,40,0.058071494102478
PCA11,dinov2_b,clean,41,0.0637674331665039
PCA11,dinov2_b,clean,42,0.0358282700181007
PCA11,dinov2_b,clean,43,0.0440968163311481
PCA11,dinov2_b,clean,44,0.0431867018342018
PCA11,dinov2_b,clean,45,0.0459133014082908
PCA11,dinov2_b,clean,46,0.0490348376333713
PCA11,dinov2_b,clean,47,0.063003122806549
PCA11,dinov2_b,clean,48,0.0557815432548522
PCA11,dinov2_b,clean,49,0.083916038274765
PCA11,dinov2_b,clean,50,0.0083602033555507
PCA11,dinov2_b,clean,51,0.0095624718815088
PCA11,dinov2_b,clean,52,0.0301420129835605
PCA11,dinov2_b,clean,53,0.0145057449117302
PCA11,dinov2_b,clean,54,0.0206938218325376
PCA11,dinov2_b,clean,55,0.0056410590186715
PCA11,dinov2_b,clean,56,0.1585779190063476
PCA11,dinov2_b,clean,57,0.0076090707443654
PCA11,dinov2_b,clean,58,0.0432743281126022
PCA11,dinov2_b,clean,59,0.0007563080871477
PCA11,dinov2_b,clean,60,0.0751760303974151
PCA11,dinov2_b,clean,61,0.010154097341001
PCA11,dinov2_b,clean,62,0.0005928936880081
PCA11,dinov2_b,clean,63,0.0062004039064049
PCA11,dinov2_b,clean,64,0.008280225098133
PCA11,dinov2_b,clean,65,0.0266008824110031
PCA11,dinov2_b,clean,66,0.0222485065460205
PCA11,dinov2_b,clean,67,0.0683687254786491
PCA11,dinov2_b,clean,68,0.0724566578865051
PCA11,dinov2_b,clean,69,0.0494027659296989
PCA11,dinov2_b,clean,70,0.0073131243698298
PCA11,dinov2_b,clean,71,0.0299629420042037
PCA11,dinov2_b,clean,72,0.0362953692674636
PCA11,dinov2_b,clean,73,0.0418438874185085
PCA11,dinov2_b,clean,74,0.0448338314890861
PCA11,dinov2_b,clean,75,0.039074920117855
PCA11,dinov2_b,clean,76,0.060731440782547
PCA11,dinov2_b,clean,77,0.0483492463827133
PCA11,dinov2_b,clean,78,0.0384382903575897
PCA11,dinov2_b,clean,79,0.0505487918853759
PCA11,dinov2_b,clean,80,0.0272478610277175
PCA11,dinov2_b,clean,81,0.0367218144237995
PCA11,dinov2_b,clean,82,0.0461326315999031
PCA11,dinov2_b,clean,83,0.0317881070077419
PCA11,dinov2_b,clean,84,0.054280649870634
PCA11,dinov2_b,clean,85,0.0457336418330669
PCA11,dinov2_b,clean,86,0.0570244155824184
PCA11,dinov2_b,clean,87,0.0172706712037324
PCA11,dinov2_b,clean,88,0.0335898473858833
PCA11,dinov2_b,clean,89,0.0440463125705719
PCA11,dinov2_b,clean,90,0.0412218272686004
PCA11,dinov2_b,clean,91,0.0236052628606557
PCA11,dinov2_b,clean,92,0.0141591718420386
PCA11,dinov2_b,clean,93,0.0252387579530477
PCA11,dinov2_b,clean,94,0.0338699966669082
PCA11,dinov2_b,clean,95,0.0422812029719352
PCA11,dinov2_b,clean,96,0.0321722440421581
PCA11,dinov2_b,clean,97,0.0418895259499549
PCA11,dinov2_b,clean,98,0.042197473347187
PCA11,dinov2_b,clean,99,0.0481216311454772
PCA11,dinov2_b,clean,100,0.0348095409572124
PCA11,dinov2_b,clean,101,0.042202815413475
PCA11,dinov2_b,clean,102,0.0332850329577922
PCA11,dinov2_b,clean,103,0.0531857311725616
PCA11,dinov2_b,clean,104,0.0575966201722621
PCA11,dinov2_b,clean,105,0.0365379378199577
PCA11,dinov2_b,clean,106,0.0543855838477611
PCA11,dinov2_b,clean,107,0.0252128392457962
PCA11,dinov2_b,clean,108,0.0220118034631013
PCA11,dinov2_b,clean,109,0.0160418879240751
PCA11,dinov2_b,clean,110,0.0419154465198516
PCA11,dinov2_b,clean,111,0.0312389098107814
PCA11,dinov2_b,clean,112,0.0454988703131675
PCA11,dinov2_b,clean,113,0.0076846703886985
PCA11,dinov2_b,clean,114,0.0252943858504295
PCA11,dinov2_b,clean,115,0.0172585025429725
PCA11,dinov2_b,clean,116,0.0387248583137989
PCA11,dinov2_b,clean,117,0.0165439136326313
PCA11,dinov2_b,clean,118,0.00777786411345
PCA11,dinov2_b,clean,119,0.0328626260161399
PCA11,dinov2_b,clean,120,0.0196227245032787
PCA11,dinov2_b,clean,121,0.010180389508605
PCA11,dinov2_b,clean,122,0.0138373430818319
PCA11,dinov2_b,clean,123,0.0170778688043355
PCA11,dinov2_b,clean,124,0.0208288840949535
PCA11,dinov2_b,clean,125,0.0224255956709384
PCA11,dinov2_b,clean,126,0.0076290080323815
PCA11,dinov2_b,clean,127,0.0446827113628387
PCA11,dinov2_b,clean,128,0.0252036433666944
PCA11,dinov2_b,clean,129,0.0481507889926433
PCA11,dinov2_b,clean,130,0.0482090860605239
PCA11,dinov2_b,clean,131,0.0214647650718688
PCA11,dinov2_b,clean,132,0.0164290219545364
PCA11,dinov2_b,clean,133,0.0452710278332233
PCA11,dinov2_b,clean,134,0.0389339700341224
PCA11,dinov2_b,clean,135,0.0279351361095905
PCA11,dinov2_b,clean,136,0.0346702113747596
PCA11,dinov2_b,clean,137,0.0380832999944686
PCA11,dinov2_b,clean,138,0.0448773764073848
PCA11,dinov2_b,clean,139,0.0356387421488761
PCA11,dinov2_b,clean,140,0.0407121479511261
PCA11,dinov2_b,clean,141,0.0373382866382598
PCA11,dinov2_b,clean,142,0.0017765928059816
PCA11,dinov2_b,clean,143,0.0448007248342037
PCA11,dinov2_b,clean,144,0.043459877371788
PCA11,dinov2_b,clean,145,0.0612048730254173
PCA11,dinov2_b,clean,146,0.0480521023273468
PCA11,dinov2_b,clean,147,0.0388474836945533
PCA11,dinov2_b,clean,148,0.0419895090162754
PCA11,dinov2_b,clean,149,0.0485698506236076
PCA11,dinov2_b,clean,150,0.0389103963971138
PCA11,dinov2_b,clean,151,0.0373463071882724
PCA11,dinov2_b,clean,152,0.022172775119543
PCA11,dinov2_b,clean,153,0.0206471886485815
PCA11,dinov2_b,clean,154,0.0336660705506801
PCA11,dinov2_b,clean,155,0.0337684378027915
PCA11,dinov2_b,clean,156,0.0406549349427223
PCA11,dinov2_b,clean,157,0.0565488934516906
PCA11,dinov2_b,clean,158,0.0352106988430023
PCA11,dinov2_b,clean,159,0.0374041125178337
PCA11,dinov2_b,clean,160,0.0155213391408324
PCA11,dinov2_b,clean,161,0.0402697250247001
PCA11,dinov2_b,clean,162,0.0479456186294555
PCA11,dinov2_b,clean,163,0.0328796952962875
PCA11,dinov2_b,clean,164,0.0237695351243019
PCA11,dinov2_b,clean,165,0.0380986630916595
PCA11,dinov2_b,clean,166,0.0563767552375793
PCA11,dinov2_b,clean,167,0.0508064627647399
PCA11,dinov2_b,clean,168,0.0247049499303102
PCA11,dinov2_b,clean,169,0.02780088968575
PCA11,dinov2_b,clean,170,0.0165018625557422
PCA11,dinov2_b,clean,171,0.047719195485115
PCA11,dinov2_b,clean,172,0.0356903225183486
PCA11,dinov2_b,clean,173,0.0385759025812149
PCA11,dinov2_b,clean,174,0.0131126437336206
PCA11,dinov2_b,clean,175,0.010953364893794
PCA11,dinov2_b,clean,176,0.0520718581974506
PCA11,dinov2_b,clean,177,0.0363622792065143
PCA11,dinov2_b,clean,178,0.0105138281360268
PCA11,dinov2_b,clean,179,0.0165438540279865
PCA11,dinov2_b,clean,180,0.0260285828262567
PCA11,dinov2_b,clean,181,0.0251490958034992
PCA11,dinov2_b,clean,182,0.0317772105336189
PCA11,dinov2_b,clean,183,0.0289458632469177
PCA11,dinov2_b,clean,184,0.0331020951271057
PCA11,dinov2_b,clean,185,0.0379813350737094
PCA11,dinov2_b,clean,186,0.0264606922864913
PCA11,dinov2_b,clean,187,0.0183449909090995
PCA11,dinov2_b,clean,188,0.0500741861760616
PCA11,dinov2_b,clean,189,0.0647154226899147
PCA11,dinov2_b,clean,190,0.0645782053470611
PCA11,dinov2_b,clean,191,0.0322957672178745
PCA11,dinov2_b,clean,192,0.0558554977178573
PCA11,dinov2_b,clean,193,0.0626609325408935
PCA11,dinov2_b,clean,194,0.026058230549097
PCA11,dinov2_b,clean,195,0.0491557195782661
PCA11,dinov2_b,clean,196,0.0306040327996015
PCA11,dinov2_b,clean,197,0.0583492815494537
PCA11,dinov2_b,clean,198,0.0541582405567169
PCA11,dinov2_b,clean,199,0.0599482730031013
PCA11,hrnet32,clean,0,-0.0116780921816825
PCA11,hrnet32,clean,1,0.0041500842198729
PCA11,hrnet32,clean,2,-0.0078268181532621
PCA11,hrnet32,clean,3,-0.0089518353343009
PCA11,hrnet32,clean,4,0.0106634609401226
PCA11,hrnet32,clean,5,-0.0160071272403001
PCA11,hrnet32,clean,6,0.0292964912950992
PCA11,hrnet32,clean,7,-0.0029567065648734
PCA11,hrnet32,clean,8,0.0756719633936882
PCA11,hrnet32,clean,9,-0.020683417096734
PCA11,hrnet32,clean,10,0.0320678725838661
PCA11,hrnet32,clean,11,0.0353900715708732
PCA11,hrnet32,clean,12,0.0176291242241859
PCA11,hrnet32,clean,13,0.0239145122468471
PCA11,hrnet32,clean,14,0.0347671136260032
PCA11,hrnet32,clean,15,0.0018149735406041
PCA11,hrnet32,clean,16,0.0593250729143619
PCA11,hrnet32,clean,17,-0.0214047115296125
PCA11,hrnet32,clean,18,-0.0070917783305048
PCA11,hrnet32,clean,19,0.0712061524391174
PCA11,hrnet32,clean,20,0.0187260098755359
PCA11,hrnet32,clean,21,0.0361622050404548
PCA11,hrnet32,clean,22,0.0225097518414258
PCA11,hrnet32,clean,23,0.026416951790452
PCA11,hrnet32,clean,24,0.0619183368980884
PCA11,hrnet32,clean,25,0.0464313067495822
PCA11,hrnet32,clean,26,0.0170863065868616
PCA11,hrnet32,clean,27,0.0347539782524108
PCA11,hrnet32,clean,28,0.0058036493137478
PCA11,hrnet32,clean,29,0.0146399922668933
PCA11,hrnet32,clean,30,0.0146570084616541
PCA11,hrnet32,clean,31,0.0699980482459068
PCA11,hrnet32,clean,32,0.0235888063907623
PCA11,hrnet32,clean,33,0.0529843755066394
PCA11,hrnet32,clean,34,0.016141066327691
PCA11,hrnet32,clean,35,0.006965915672481
PCA11,hrnet32,clean,36,0.029440639540553
PCA11,hrnet32,clean,37,0.011912103742361
PCA11,hrnet32,clean,38,0.1206810846924781
PCA11,hrnet32,clean,39,0.016628498211503
PCA11,hrnet32,clean,40,0.0293128937482833
PCA11,hrnet32,clean,41,0.0656848177313804
PCA11,hrnet32,clean,42,0.0004478212504182
PCA11,hrnet32,clean,43,0.012493903748691
PCA11,hrnet32,clean,44,0.0575700961053371
PCA11,hrnet32,clean,45,0.0199435371905565
PCA11,hrnet32,clean,46,0.002329031471163
PCA11,hrnet32,clean,47,-0.024457462131977
PCA11,hrnet32,clean,48,0.0197901502251625
PCA11,hrnet32,clean,49,0.0457349941134452
PCA11,hrnet32,clean,50,0.0044052167795598
PCA11,hrnet32,clean,51,0.001248300075531
PCA11,hrnet32,clean,52,0.0202101357281208
PCA11,hrnet32,clean,53,0.0124755753204226
PCA11,hrnet32,clean,54,0.0395508781075477
PCA11,hrnet32,clean,55,0.024355499073863
PCA11,hrnet32,clean,56,0.0999785661697387
PCA11,hrnet32,clean,57,-0.0004898732295259
PCA11,hrnet32,clean,58,0.0013832534896209
PCA11,hrnet32,clean,59,0.0139179099351167
PCA11,hrnet32,clean,60,0.0190266743302345
PCA11,hrnet32,clean,61,0.013802321627736
PCA11,hrnet32,clean,62,-0.0074523892253637
PCA11,hrnet32,clean,63,0.0261727385222911
PCA11,hrnet32,clean,64,0.0215131286531686
PCA11,hrnet32,clean,65,0.0687482878565788
PCA11,hrnet32,clean,66,0.0202671587467193
PCA11,hrnet32,clean,67,-0.0099033089354634
PCA11,hrnet32,clean,68,0.0042697652243077
PCA11,hrnet32,clean,69,0.0308616552501916
PCA11,hrnet32,clean,70,0.008626852184534
PCA11,hrnet32,clean,71,0.011308959685266
PCA11,hrnet32,clean,72,-0.0289911031723022
PCA11,hrnet32,clean,73,0.0060014422051608
PCA11,hrnet32,clean,74,-0.0096981776878237
PCA11,hrnet32,clean,75,0.004063410218805
PCA11,hrnet32,clean,76,0.0356651619076728
PCA11,hrnet32,clean,77,0.0308402199298143
PCA11,hrnet32,clean,78,0.0105971181765198
PCA11,hrnet32,clean,79,0.0047914599999785
PCA11,hrnet32,clean,80,-0.0094022592529654
PCA11,hrnet32,clean,81,-0.0107760978862643
PCA11,hrnet32,clean,82,-0.0079452460631728
PCA11,hrnet32,clean,83,0.0067136385478079
PCA11,hrnet32,clean,84,0.0234786886721849
PCA11,hrnet32,clean,85,0.0045945146121084
PCA11,hrnet32,clean,86,0.0050687682814896
PCA11,hrnet32,clean,87,-0.0332189500331878
PCA11,hrnet32,clean,88,-0.0013105401303619
PCA11,hrnet32,clean,89,0.0399815961718559
PCA11,hrnet32,clean,90,0.0157817974686622
PCA11,hrnet32,clean,91,0.012195236980915
PCA11,hrnet32,clean,92,0.0602142065763473
PCA11,hrnet32,clean,93,0.0013663619756698
PCA11,hrnet32,clean,94,0.0343532040715217
PCA11,hrnet32,clean,95,-0.0065082069486379
PCA11,hrnet32,clean,96,0.0194685999304056
PCA11,hrnet32,clean,97,0.0062117734923958
PCA11,hrnet32,clean,98,0.0138526633381843
PCA11,hrnet32,clean,99,0.0122176483273506
PCA11,hrnet32,clean,100,-0.005242493469268
PCA11,hrnet32,clean,101,0.0360589623451232
PCA11,hrnet32,clean,102,-0.0119077041745185
PCA11,hrnet32,clean,103,0.0286859143525362
PCA11,hrnet32,clean,104,0.1621882617473602
PCA11,hrnet32,clean,105,0.0134915579110383
PCA11,hrnet32,clean,106,0.1391924023628235
PCA11,hrnet32,clean,107,0.0231908373534679
PCA11,hrnet32,clean,108,0.0256088748574256
PCA11,hrnet32,clean,109,-0.0159738175570964
PCA11,hrnet32,clean,110,0.0178898423910141
PCA11,hrnet32,clean,111,0.0164822991937398
PCA11,hrnet32,clean,112,0.0225695818662643
PCA11,hrnet32,clean,113,0.0147286290302872
PCA11,hrnet32,clean,114,0.0431275814771652
PCA11,hrnet32,clean,115,0.0134992515668272
PCA11,hrnet32,clean,116,0.0309255383908748
PCA11,hrnet32,clean,117,0.0457584708929061
PCA11,hrnet32,clean,118,0.0495096892118454
PCA11,hrnet32,clean,119,0.0098511008545756
PCA11,hrnet32,clean,120,-0.010941476561129
PCA11,hrnet32,clean,121,0.036499872803688
PCA11,hrnet32,clean,122,-0.0080659976229071
PCA11,hrnet32,clean,123,0.0015045568579807
PCA11,hrnet32,clean,124,0.0344488993287086
PCA11,hrnet32,clean,125,0.0069482703693211
PCA11,hrnet32,clean,126,0.0706890895962715
PCA11,hrnet32,clean,127,0.0066175181418657
PCA11,hrnet32,clean,128,0.012610537931323
PCA11,hrnet32,clean,129,0.0170703753829002
PCA11,hrnet32,clean,130,0.0162950977683067
PCA11,hrnet32,clean,131,0.0404280759394168
PCA11,hrnet32,clean,132,0.0463686324656009
PCA11,hrnet32,clean,133,0.0342757515609264
PCA11,hrnet32,clean,134,0.0379514321684837
PCA11,hrnet32,clean,135,0.0037683942355215
PCA11,hrnet32,clean,136,-0.008167503401637
PCA11,hrnet32,clean,137,0.0296674091368913
PCA11,hrnet32,clean,138,0.0079405177384614
PCA11,hrnet32,clean,139,0.0150715624913573
PCA11,hrnet32,clean,140,0.0032999869436025
PCA11,hrnet32,clean,141,0.0326357893645763
PCA11,hrnet32,clean,142,0.0183501373976469
PCA11,hrnet32,clean,143,0.0141321709379553
PCA11,hrnet32,clean,144,0.030366264283657
PCA11,hrnet32,clean,145,0.0461676605045795
PCA11,hrnet32,clean,146,0.0113735124468803
PCA11,hrnet32,clean,147,0.0002888310700654
PCA11,hrnet32,clean,148,0.0185166019946336
PCA11,hrnet32,clean,149,0.0186163019388914
PCA11,hrnet32,clean,150,0.0213516056537628
PCA11,hrnet32,clean,151,-0.0454229488968849
PCA11,hrnet32,clean,152,-0.0083069158717989
PCA11,hrnet32,clean,153,-0.0040047862567007
PCA11,hrnet32,clean,154,0.0126519007608294
PCA11,hrnet32,clean,155,-0.0179960373789072
PCA11,hrnet32,clean,156,0.0128727881237864
PCA11,hrnet32,clean,157,-0.0273416936397552
PCA11,hrnet32,clean,158,0.0061625582166016
PCA11,hrnet32,clean,159,0.0081001492217183
PCA11,hrnet32,clean,160,0.00086408626521
PCA11,hrnet32,clean,161,0.0326385162770748
PCA11,hrnet32,clean,162,0.0242461673915386
PCA11,hrnet32,clean,163,-0.0025483204517513
PCA11,hrnet32,clean,164,-0.0289870556443929
PCA11,hrnet32,clean,165,0.031246954575181
PCA11,hrnet32,clean,166,0.0074046985246241
PCA11,hrnet32,clean,167,-0.0069793383590877
PCA11,hrnet32,clean,168,0.0225484613329172
PCA11,hrnet32,clean,169,0.0016804531915113
PCA11,hrnet32,clean,170,0.0131748355925083
PCA11,hrnet32,clean,171,-0.0184999257326126
PCA11,hrnet32,clean,172,-0.0015478763962164
PCA11,hrnet32,clean,173,0.0192780829966068
PCA11,hrnet32,clean,174,0.0043238601647317
PCA11,hrnet32,clean,175,0.0402229577302932
PCA11,hrnet32,clean,176,-0.0019858726300299
PCA11,hrnet32,clean,177,-0.0076279239729046
PCA11,hrnet32,clean,178,0.0141874160617589
PCA11,hrnet32,clean,179,0.0202250350266695
PCA11,hrnet32,clean,180,0.0003428901545703
PCA11,hrnet32,clean,181,0.0182109847664833
PCA11,hrnet32,clean,182,0.0094814766198396
PCA11,hrnet32,clean,183,-0.0075442381203174
PCA11,hrnet32,clean,184,0.0117995217442512
PCA11,hrnet32,clean,185,-0.0078556966036558
PCA11,hrnet32,clean,186,0.0138643542304635
PCA11,hrnet32,clean,187,0.0541687794029712
PCA11,hrnet32,clean,188,-0.0208011306822299
PCA11,hrnet32,clean,189,-0.0021138191223144
PCA11,hrnet32,clean,190,-0.0150519143790006
PCA11,hrnet32,clean,191,0.0107840579003095
PCA11,hrnet32,clean,192,0.0252565369009971
PCA11,hrnet32,clean,193,-0.0433338619768619
PCA11,hrnet32,clean,194,-0.0166867580264806
PCA11,hrnet32,clean,195,0.0395563580095768
PCA11,hrnet32,clean,196,-0.0193530563265085
PCA11,hrnet32,clean,197,0.0140309054404497
PCA11,hrnet32,clean,198,-0.0078923664987087
PCA11,hrnet32,clean,199,0.044250264763832
PCA11,mobilenetv3,clean,0,0.0269593242555856
PCA11,mobilenetv3,clean,1,-0.0001444080262444
PCA11,mobilenetv3,clean,2,0.0178450681269168
PCA11,mobilenetv3,clean,3,0.0032916469499468
PCA11,mobilenetv3,clean,4,0.0038793676067143
PCA11,mobilenetv3,clean,5,-0.0080261779949069
PCA11,mobilenetv3,clean,6,0.0219066329300403
PCA11,mobilenetv3,clean,7,0.0010337699204683
PCA11,mobilenetv3,clean,8,0.0069538573734462
PCA11,mobilenetv3,clean,9,0.0068847257643938
PCA11,mobilenetv3,clean,10,0.0177711434662342
PCA11,mobilenetv3,clean,11,0.0141044296324253
PCA11,mobilenetv3,clean,12,0.0300722904503345
PCA11,mobilenetv3,clean,13,0.0163764953613281
PCA11,mobilenetv3,clean,14,0.0293183773756027
PCA11,mobilenetv3,clean,15,0.0073196408338844
PCA11,mobilenetv3,clean,16,0.0273792594671249
PCA11,mobilenetv3,clean,17,0.0203965213149786
PCA11,mobilenetv3,clean,18,0.0024262140505015
PCA11,mobilenetv3,clean,19,0.037660151720047
PCA11,mobilenetv3,clean,20,0.002124965423718
PCA11,mobilenetv3,clean,21,0.0068537858314812
PCA11,mobilenetv3,clean,22,0.0282125733792781
PCA11,mobilenetv3,clean,23,0.0054080076515674
PCA11,mobilenetv3,clean,24,0.0201446060091257
PCA11,mobilenetv3,clean,25,0.0194580145180225
PCA11,mobilenetv3,clean,26,-0.0049858605489134
PCA11,mobilenetv3,clean,27,-0.0052443463355302
PCA11,mobilenetv3,clean,28,0.0047352374531328
PCA11,mobilenetv3,clean,29,0.0079521443694829
PCA11,mobilenetv3,clean,30,0.041685327887535
PCA11,mobilenetv3,clean,31,0.0188997574150562
PCA11,mobilenetv3,clean,32,0.0156166460365057
PCA11,mobilenetv3,clean,33,0.0093022547662258
PCA11,mobilenetv3,clean,34,0.0751087814569473
PCA11,mobilenetv3,clean,35,0.0906855911016464
PCA11,mobilenetv3,clean,36,0.0876930654048919
PCA11,mobilenetv3,clean,37,0.0110804447904229
PCA11,mobilenetv3,clean,38,0.0043133497238159
PCA11,mobilenetv3,clean,39,0.0217558369040489
PCA11,mobilenetv3,clean,40,-0.0023421524092555
PCA11,mobilenetv3,clean,41,0.0766693204641342
PCA11,mobilenetv3,clean,42,0.0108270235359668
PCA11,mobilenetv3,clean,43,-0.0055747870355844
PCA11,mobilenetv3,clean,44,0.0193071663379669
PCA11,mobilenetv3,clean,45,0.0048037697561085
PCA11,mobilenetv3,clean,46,0.0275377891957759
PCA11,mobilenetv3,clean,47,0.0220208968967199
PCA11,mobilenetv3,clean,48,-0.0061584552749991
PCA11,mobilenetv3,clean,49,0.047673761844635
PCA11,mobilenetv3,clean,50,-0.0024238973855972
PCA11,mobilenetv3,clean,51,0.0128000257536768
PCA11,mobilenetv3,clean,52,0.0201445408165454
PCA11,mobilenetv3,clean,53,0.0062820557504892
PCA11,mobilenetv3,clean,54,-0.0001715019461698
PCA11,mobilenetv3,clean,55,0.0410962589085102
PCA11,mobilenetv3,clean,56,0.2211463302373886
PCA11,mobilenetv3,clean,57,0.0080864466726779
PCA11,mobilenetv3,clean,58,0.004208009224385
PCA11,mobilenetv3,clean,59,0.0051709213294088
PCA11,mobilenetv3,clean,60,0.0347940027713775
PCA11,mobilenetv3,clean,61,0.0082961721345782
PCA11,mobilenetv3,clean,62,0.0059979581274092
PCA11,mobilenetv3,clean,63,0.0124343708157539
PCA11,mobilenetv3,clean,64,0.0056455694139003
PCA11,mobilenetv3,clean,65,0.0550615824759006
PCA11,mobilenetv3,clean,66,0.0143770147114992
PCA11,mobilenetv3,clean,67,0.0404949449002742
PCA11,mobilenetv3,clean,68,0.0159819982945919
PCA11,mobilenetv3,clean,69,0.0153515608981251
PCA11,mobilenetv3,clean,70,0.0210160873830318
PCA11,mobilenetv3,clean,71,-0.0031122106593102
PCA11,mobilenetv3,clean,72,0.0243450570851564
PCA11,mobilenetv3,clean,73,0.0031340804416686
PCA11,mobilenetv3,clean,74,0.0039004208520054
PCA11,mobilenetv3,clean,75,0.0154973976314067
PCA11,mobilenetv3,clean,76,0.0517987124621868
PCA11,mobilenetv3,clean,77,0.011516498401761
PCA11,mobilenetv3,clean,78,0.0025223724078387
PCA11,mobilenetv3,clean,79,0.0098464060574769
PCA11,mobilenetv3,clean,80,0.0058182375505566
PCA11,mobilenetv3,clean,81,0.0246239490807056
PCA11,mobilenetv3,clean,82,0.0181794948875904
PCA11,mobilenetv3,clean,83,0.0013812342658638
PCA11,mobilenetv3,clean,84,0.0170350335538387
PCA11,mobilenetv3,clean,85,0.0385662652552127
PCA11,mobilenetv3,clean,86,0.0170565787702798
PCA11,mobilenetv3,clean,87,0.0520291998982429
PCA11,mobilenetv3,clean,88,0.0485023073852062
PCA11,mobilenetv3,clean,89,0.0406400337815284
PCA11,mobilenetv3,clean,90,0.0129115106537938
PCA11,mobilenetv3,clean,91,0.0058285081759095
PCA11,mobilenetv3,clean,92,-0.0014680925523862
PCA11,mobilenetv3,clean,93,0.016143973916769
PCA11,mobilenetv3,clean,94,0.0024491571821272
PCA11,mobilenetv3,clean,95,0.0522353500127792
PCA11,mobilenetv3,clean,96,0.068014420568943
PCA11,mobilenetv3,clean,97,0.0076468829065561
PCA11,mobilenetv3,clean,98,0.038805816322565
PCA11,mobilenetv3,clean,99,0.0841591134667396
PCA11,mobilenetv3,clean,100,-0.0091568306088447
PCA11,mobilenetv3,clean,101,-0.0008571544894948
PCA11,mobilenetv3,clean,102,0.0201206151396036
PCA11,mobilenetv3,clean,103,0.0275522004812955
PCA11,mobilenetv3,clean,104,0.0494260303676128
PCA11,mobilenetv3,clean,105,0.0187531802803277
PCA11,mobilenetv3,clean,106,0.0313403010368347
PCA11,mobilenetv3,clean,107,0.0845968499779701
PCA11,mobilenetv3,clean,108,0.0166942756623029
PCA11,mobilenetv3,clean,109,0.1133254468441009
PCA11,mobilenetv3,clean,110,0.0518124476075172
PCA11,mobilenetv3,clean,111,0.0382114797830581
PCA11,mobilenetv3,clean,112,0.0342111177742481
PCA11,mobilenetv3,clean,113,0.0298833530396223
PCA11,mobilenetv3,clean,114,0.088583119213581
PCA11,mobilenetv3,clean,115,0.0317980088293552
PCA11,mobilenetv3,clean,116,0.0227060001343488
PCA11,mobilenetv3,clean,117,0.042235393077135
PCA11,mobilenetv3,clean,118,0.0395742841064929
PCA11,mobilenetv3,clean,119,0.0090774009004235
PCA11,mobilenetv3,clean,120,0.0151364896446466
PCA11,mobilenetv3,clean,121,0.0564633682370185
PCA11,mobilenetv3,clean,122,0.0438686795532703
PCA11,mobilenetv3,clean,123,0.0417042225599288
PCA11,mobilenetv3,clean,124,0.0586921386420726
PCA11,mobilenetv3,clean,125,0.0015381792327389
PCA11,mobilenetv3,clean,126,0.0686428993940353
PCA11,mobilenetv3,clean,127,0.0201994068920612
PCA11,mobilenetv3,clean,128,0.1121327131986618
PCA11,mobilenetv3,clean,129,0.0164808426052331
PCA11,mobilenetv3,clean,130,0.0373505651950836
PCA11,mobilenetv3,clean,131,0.0106693413108587
PCA11,mobilenetv3,clean,132,0.0439057387411594
PCA11,mobilenetv3,clean,133,0.0158241242170333
PCA11,mobilenetv3,clean,134,-0.029877008870244
PCA11,mobilenetv3,clean,135,0.0208885725587606
PCA11,mobilenetv3,clean,136,0.0223610885441303
PCA11,mobilenetv3,clean,137,-0.004088882356882
PCA11,mobilenetv3,clean,138,0.0032727625221014
PCA11,mobilenetv3,clean,139,0.0627708137035369
PCA11,mobilenetv3,clean,140,0.012374366633594
PCA11,mobilenetv3,clean,141,-0.0022537917830049
PCA11,mobilenetv3,clean,142,0.0112545052543282
PCA11,mobilenetv3,clean,143,0.0779537782073021
PCA11,mobilenetv3,clean,144,0.0245970357209444
PCA11,mobilenetv3,clean,145,0.0180999226868152
PCA11,mobilenetv3,clean,146,0.021502286195755
PCA11,mobilenetv3,clean,147,0.0225047841668128
PCA11,mobilenetv3,clean,148,0.0063246861100196
PCA11,mobilenetv3,clean,149,0.0180846601724624
PCA11,mobilenetv3,clean,150,-0.0113198878243565
PCA11,mobilenetv3,clean,151,-0.0062925852835178
PCA11,mobilenetv3,clean,152,-0.0016374797560274
PCA11,mobilenetv3,clean,153,0.0116906212642788
PCA11,mobilenetv3,clean,154,0.0213576387614011
PCA11,mobilenetv3,clean,155,-0.0283514969050884
PCA11,mobilenetv3,clean,156,0.0496818758547306
PCA11,mobilenetv3,clean,157,0.0433573424816131
PCA11,mobilenetv3,clean,158,0.0209285840392112
PCA11,mobilenetv3,clean,159,0.0642148852348327
PCA11,mobilenetv3,clean,160,0.0272352211177349
PCA11,mobilenetv3,clean,161,0.0324549712240695
PCA11,mobilenetv3,clean,162,0.0002674281422514
PCA11,mobilenetv3,clean,163,-0.0043761706911027
PCA11,mobilenetv3,clean,164,-0.0083815110847353
PCA11,mobilenetv3,clean,165,0.0051665804348886
PCA11,mobilenetv3,clean,166,0.0189603324979543
PCA11,mobilenetv3,clean,167,0.018308637663722
PCA11,mobilenetv3,clean,168,0.0690765231847763
PCA11,mobilenetv3,clean,169,0.0346277765929698
PCA11,mobilenetv3,clean,170,0.0132197104394435
PCA11,mobilenetv3,clean,171,0.010118625126779
PCA11,mobilenetv3,clean,172,0.0061386371962726
PCA11,mobilenetv3,clean,173,0.0359193012118339
PCA11,mobilenetv3,clean,174,0.008565442636609
PCA11,mobilenetv3,clean,175,0.0300055555999279
PCA11,mobilenetv3,clean,176,0.0641585439443588
PCA11,mobilenetv3,clean,177,0.0052347276359796
PCA11,mobilenetv3,clean,178,-0.0063685695640742
PCA11,mobilenetv3,clean,179,-0.0018936848500743
PCA11,mobilenetv3,clean,180,-0.0054390425793826
PCA11,mobilenetv3,clean,181,0.0008347235270775
PCA11,mobilenetv3,clean,182,0.0677080303430557
PCA11,mobilenetv3,clean,183,-0.0307727996259927
PCA11,mobilenetv3,clean,184,0.0040671373717486
PCA11,mobilenetv3,clean,185,0.1060757339000701
PCA11,mobilenetv3,clean,186,0.0074561820365488
PCA11,mobilenetv3,clean,187,0.0187235027551651
PCA11,mobilenetv3,clean,188,0.0189878288656473
PCA11,mobilenetv3,clean,189,0.0087123839184641
PCA11,mobilenetv3,clean,190,0.0088519314303994
PCA11,mobilenetv3,clean,191,0.064543567597866
PCA11,mobilenetv3,clean,192,0.0435879342257976
PCA11,mobilenetv3,clean,193,0.0425579212605953
PCA11,mobilenetv3,clean,194,0.0083643971011042
PCA11,mobilenetv3,clean,195,-0.0022099537309259
PCA11,mobilenetv3,clean,196,0.011072046123445
PCA11,mobilenetv3,clean,197,0.0073374179191887
PCA11,mobilenetv3,clean,198,0.010505155660212
PCA11,mobilenetv3,clean,199,0.0317198894917964
