bootstrap_id,slope,intercept,r,r_squared,n
0,1.0232337747292308,-0.07229396817714273,0.9166364774221386,0.8402224317408669,1580
1,1.0023755522870883,-0.06111679663767072,0.9153368883255117,0.8378416191294303,1610
2,1.0054119387922325,-0.06420837912483857,0.89946811678701,0.8090428931163702,1591
3,1.031863817882581,-0.06717839673508619,0.9104754499486615,0.8289655449592176,1593
4,1.0574543831498593,-0.07505568430215415,0.9011319667966762,0.8120388215828459,1579
5,1.0509002298716537,-0.07694831357025045,0.924945393533938,0.8555239810196514,1591
6,1.0306559873987446,-0.06719444092785454,0.8999381600300027,0.8098886918781868,1572
7,1.0477307885751763,-0.06488646207274829,0.9077863331990507,0.8240760267429779,1589
8,1.0300715798855313,-0.06924160425105036,0.9168695271655659,0.8406497298448085,1592
9,1.0337183150909133,-0.06990739969588189,0.9032411003448103,0.8158444853521037,1562
10,1.0330788822138521,-0.07679028024408396,0.9163987804268655,0.8397867247678464,1586
11,1.0428646961413715,-0.06776648021673054,0.9090672599069654,0.8264032830347581,1589
12,1.0636659595747802,-0.07306785437044794,0.9093693892721878,0.8269526861452718,1608
13,1.062100691077989,-0.06792808541014761,0.9046541239848961,0.8183990840428798,1620
14,1.071051022846574,-0.07163447015191277,0.8930659945335366,0.7975668705921749,1585
15,1.0465260409586155,-0.07238806165046968,0.8991480606528045,0.8084672349756994,1578
16,1.0236603148788566,-0.07086110275267166,0.9051054449405617,0.8192158664610522,1579
17,1.0600613314618783,-0.07363438241460457,0.9039378923199131,0.8171037131717668,1568
18,1.05163292088633,-0.07072003720649617,0.9033034634347324,0.815957147053183,1564
19,1.0430880250140409,-0.06630697735541796,0.9014997212787529,0.8127017474656691,1607
20,1.0574136399893002,-0.08307737670167148,0.9166364422232449,0.8402223672116882,1605
21,1.01459389180539,-0.06678776862108407,0.9026915107851903,0.8148519636436493,1641
22,1.072145188744105,-0.07370210309897968,0.8914592328684099,0.7946995638663339,1579
23,1.0320498641103164,-0.0715462434697981,0.919956647188309,0.8463202327059549,1588
24,1.0535242111183643,-0.07194946300682209,0.9015017111362021,0.8127053351815005,1614
25,1.0531096358032819,-0.07824024894023524,0.9162730865778299,0.8395563691868634,1569
26,1.020330779432456,-0.06492534904279212,0.8970737396140204,0.8047412943050832,1590
27,1.0234141017701737,-0.06653847501614046,0.9113777900699324,0.8306094762327537,1607
28,1.026154660327606,-0.06467015433030279,0.9029109974333237,0.8152482692860394,1553
29,1.0612168846700707,-0.07147648545817448,0.9070423937494222,0.8227259040586818,1600
30,1.0552253104569664,-0.07100582513565035,0.9034544346464044,0.8162299154822542,1573
31,1.0061320661038202,-0.06681164834120931,0.9083593545484181,0.8251167169956187,1586
32,1.0308916606646676,-0.07506493812633333,0.9047304638483324,0.8185372122152188,1579
33,1.0563299254148804,-0.06635994753008123,0.9023648796372864,0.8142623760028144,1594
34,1.0135610843032996,-0.07194149308895645,0.9156320796475238,0.8383821052796494,1614
35,1.056282238970818,-0.07006127752963676,0.902364799320306,0.8142622310523762,1600
36,1.0510080628193554,-0.07474153840773479,0.9079226071440154,0.8243234605631862,1612
37,1.051022117646587,-0.07417822678708932,0.9098277700359284,0.8277865711285503,1620
38,1.0151232541199318,-0.07120870311425759,0.9126512939357068,0.8329323843225198,1619
39,1.0500230101464514,-0.06740228419270416,0.9046781043835259,0.8184424725509698,1607
40,1.0430590704716896,-0.06491004513940107,0.911251739385291,0.8303797325327184,1607
41,1.054072699248052,-0.07171244526716408,0.9085770749337415,0.8255123010951537,1616
42,1.0387136994077604,-0.06859940814540502,0.9186390090064914,0.8438976288684287,1593
43,1.009824826588298,-0.062221323941794526,0.8974364360091324,0.8053921566767736,1599
44,1.0470415643859756,-0.07425367423966897,0.9057094695614721,0.8203096432533232,1557
45,1.0314745453948813,-0.07119521058682282,0.915834745591822,0.8387532812332373,1597
46,1.0272666089208031,-0.07214082941804584,0.9107662134769285,0.8294950956111021,1561
47,1.061253463465698,-0.06873150246839915,0.8982935946861657,0.8069313822541933,1602
48,1.0380399007530496,-0.062349868946724174,0.9152966965953462,0.8377680427983532,1602
49,1.0136445124735782,-0.0751177935391387,0.9140660334342654,0.8355167134782516,1572
50,1.0524812301363653,-0.06643110364020782,0.8914928461774358,0.7947594947855453,1571
51,1.0409631164339876,-0.06354642803626143,0.8991346381227436,0.8084430974721172,1590
52,1.038542806080196,-0.07408090318392932,0.92461409310634,0.8549112211708596,1586
53,1.0649150119007074,-0.07519211128289477,0.9151850575925365,0.8375636896406544,1594
54,1.0413559804531836,-0.07678705215772624,0.9167448798738143,0.8404211747748541,1592
55,1.016870413191555,-0.06429257009506165,0.9120536807123122,0.8318419165008764,1581
56,1.0137221096498303,-0.06540600083538839,0.9080109024706471,0.824483799005559,1597
57,1.0279569621770983,-0.06745212316169832,0.9055941073622218,0.8201006872891793,1623
58,1.0419235046663717,-0.05755923093724874,0.8968937114130263,0.8044183295722329,1611
59,1.0503799810088186,-0.06776463288910256,0.9023355743377982,0.8142094887155241,1624
60,1.0563076154796378,-0.07580853462701648,0.9209852489279444,0.8482138287428678,1596
61,1.00704393620711,-0.06113050265905898,0.9025152474898344,0.814533771951637,1586
62,1.057235813262377,-0.06746594784816395,0.8960558282181667,0.8029160472837445,1603
63,1.026814281726979,-0.06668737803030356,0.9088646316662083,0.8260349186937526,1576
64,1.005482389243855,-0.0694790737552709,0.9135719137905219,0.8346136416668769,1614
65,1.0336825514072765,-0.0704997196953438,0.9110842484149854,0.8300745077098988,1611
66,1.0323983614202557,-0.07777853182563788,0.9138488319065865,0.8351196875770326,1595
67,1.0276900034893426,-0.06965243763332499,0.9134437025111581,0.8343793976572932,1570
68,1.0372007131747634,-0.06915542782544415,0.9024492159662353,0.8144145873980728,1567
69,1.0624374873479872,-0.07215014322894009,0.9079335592076413,0.8243433479354555,1575
70,1.0279081147838958,-0.0710932619337099,0.9195689678235959,0.8456070865841535,1620
71,1.0424990136113872,-0.07459912879102817,0.9088343529577658,0.8259798811161608,1601
72,1.0559024469266554,-0.07138574669099979,0.9120640124428809,0.8318607627934077,1586
73,1.0389953964952783,-0.07301220409714604,0.9071694648702366,0.8229564379929515,1571
74,1.037616223158548,-0.06723701942982507,0.9059781902138179,0.8207964811431048,1601
75,1.0147809372478682,-0.06354466170340617,0.9010774296934629,0.8119405343029776,1608
76,1.0297670095713718,-0.07472523011653648,0.9042675541738731,0.8176998095315985,1599
77,1.0438618071046917,-0.06999707908390623,0.9224093770543413,0.850839058877778,1603
78,1.045701675186305,-0.07757435421525216,0.916867211591999,0.8406454836924875,1569
79,1.061914208468649,-0.07269717311608248,0.905879556558024,0.8206177709897622,1600
80,1.0021381826029228,-0.06119398209699048,0.9162587241096763,0.839530049507092,1618
81,0.9978843598687219,-0.06162741544948683,0.9051861568610327,0.819361978572846,1580
82,1.0265725468157048,-0.07040904048311247,0.9158557501262091,0.8387917550392412,1635
83,1.0251296206038383,-0.06616832310915066,0.9083000359062441,0.8250089552272843,1619
84,1.0604225533536593,-0.07344926633341475,0.8932770152525588,0.7979438259785201,1599
85,1.0423572946284974,-0.07069708982887207,0.9139790543008698,0.8353577117007123,1583
86,1.0346281529169916,-0.06609534037047615,0.899234188911725,0.8086221265077279,1576
87,1.0425546654906457,-0.07271118428609219,0.9009982861747546,0.811797911689845,1599
88,1.0366736912430299,-0.0703463228995001,0.9031055531177367,0.8155996400720931,1586
89,1.0471551423366332,-0.07077100676835191,0.911023956134657,0.8299646486512415,1604
90,1.030040535152499,-0.07110627224243249,0.915360751407629,0.8378853052175391,1601
91,1.0221713584221734,-0.06957901940597361,0.9082517098591464,0.824921168462063,1597
92,1.0829637465982422,-0.0752247939842508,0.9130240980400868,0.833613003601914,1599
93,1.0416151499560236,-0.07679565102253638,0.9152422963992101,0.8376684611180994,1603
94,1.045378224172487,-0.07424098798839479,0.9033048529580161,0.8159596573775031,1575
95,1.027275244504514,-0.06392637146679048,0.9036438564738349,0.8165722193429048,1609
96,1.0566189210807495,-0.0674698589765487,0.8994152252294636,0.8089477473745668,1621
97,1.0461273949955725,-0.0633825967628544,0.9060264838606109,0.8208839894568218,1620
98,1.0214898037665754,-0.06136231911239276,0.8902150004222215,0.7924827469767357,1617
99,1.037407115435588,-0.07018810855638202,0.911608597826913,0.8310302356319503,1607
100,1.050720258266058,-0.07369559373355355,0.8990267866155335,0.8082491630522519,1590
101,1.0524423969597543,-0.07489595580342345,0.9105874258337945,0.8291694600866162,1608
102,1.0288110499133207,-0.062252162003062106,0.9140402481472635,0.835469575233111,1616
103,1.0147826272741618,-0.06399680978883882,0.8981857487920313,0.8067376393331019,1606
104,1.0559400387622648,-0.07180461006872019,0.9092184406214411,0.826678172766085,1583
105,1.0230710092794981,-0.06855038477765957,0.9131131241588082,0.833775577511059,1616
106,1.0333214604678025,-0.07422055532366995,0.9135368845035764,0.8345496393485007,1626
107,1.0548413412238373,-0.0714862162394535,0.9064098149555158,0.8215787526476923,1602
108,1.0201286818663025,-0.06847471377648234,0.9131806556650794,0.8338989098809044,1602
109,1.0376909127494875,-0.07174855440132805,0.9003006221637044,0.8105412102683532,1609
110,1.0503681188317187,-0.06775287924187223,0.9072991261032685,0.8231917042277547,1610
111,1.0175834886166433,-0.06986115955728806,0.8841549346748543,0.7817299485098959,1574
112,1.0536344784193066,-0.07092534886904467,0.8994109033863795,0.8089399731303033,1631
113,1.0199297861084653,-0.06311952796487053,0.9164588168254076,0.8398967629370261,1616
114,1.0395112598012495,-0.06597968178847957,0.8941996229831966,0.7995929657432909,1611
115,1.054891811036548,-0.07007650539123761,0.9151771276585966,0.8375491749894393,1608
116,1.0192685530718553,-0.06289451077691749,0.8997169957323686,0.809490672409679,1608
117,1.039737804586817,-0.07298697555509492,0.9117366627777866,0.8312637422531755,1633
118,1.0467612465645864,-0.06725082321226189,0.8999534886967098,0.809916281817379,1595
119,1.0274357532677856,-0.07058855790696417,0.9153486922925947,0.8378632284817633,1596
120,1.0284913416500923,-0.06612433038309071,0.9018549910026215,0.8133424247963384,1583
121,1.0347821190167519,-0.06904768575973474,0.8960795753664992,0.8029586053890055,1587
122,1.0526698748308638,-0.07311335408696076,0.9216948493700458,0.8495213953552714,1627
123,0.9908074202406396,-0.06540915677650866,0.900427016587144,0.8107688122000248,1586
124,1.0516004097330693,-0.07597242965580803,0.9121811631983073,0.832074474493817,1612
125,1.040134358165428,-0.07385167117519756,0.9068873281459099,0.8224446259516273,1581
126,1.0278652588390658,-0.06380382941932705,0.8992930767990623,0.8087280379787243,1621
127,1.0406298018429692,-0.07270636500412175,0.8901342270650705,0.7923389421927305,1611
128,1.0115367244622406,-0.06798078751491637,0.9058600476338333,0.8205824258991707,1559
129,1.0501187207629463,-0.07525439774415416,0.9181505525316304,0.8430004371141381,1615
130,1.0199154355829616,-0.07124853800517,0.9145024966442932,0.8363148163686455,1615
131,1.0262086947609053,-0.06819666588596185,0.9011271396613026,0.8120301218341608,1604
132,1.0473454102960051,-0.07332027341176459,0.9079322884598945,0.824341040428021,1607
133,1.0741827292733086,-0.06947397765315066,0.8995336218771659,0.809160736887452,1579
134,1.091178260854995,-0.0726070463776724,0.919031216465741,0.8446183768384997,1604
135,1.0503335690361628,-0.07339619477319378,0.9148938262655149,0.8370307133387541,1579
136,1.074000535412952,-0.08241471464729733,0.9224341546904418,0.8508847697394698,1593
137,1.039854498477131,-0.06915269672304658,0.9153284452197122,0.8378261626283358,1564
138,1.0421885289198707,-0.06516529688364148,0.9029254971427212,0.8152744533904303,1604
139,1.059691956155206,-0.07453876511477697,0.9146174804883213,0.8365251356148047,1589
140,1.0406102955644772,-0.0688114380461835,0.8961057500741019,0.8030055153158687,1595
141,1.0092121641382168,-0.06675037658397495,0.9004152624170216,0.8107476447935139,1613
142,1.0274971018299601,-0.06406615043786354,0.9176759610413415,0.8421291694731498,1605
143,1.0458723536024879,-0.0730498390071882,0.9138421260876405,0.835107431412379,1596
144,1.050297477997675,-0.07359820173968423,0.9100353736955573,0.8281643813772126,1591
145,1.0353029049845492,-0.0648474539676529,0.9010130318757631,0.8118244836099549,1588
146,1.0626427230452422,-0.06770867645060036,0.9024912679424413,0.8144904887123553,1615
147,1.0287312195749119,-0.06940627812238237,0.9141026961458578,0.8355837391011265,1604
148,1.0311044766278965,-0.06885971072767555,0.915419574803465,0.8379929979333567,1590
149,1.018347189103385,-0.06896184677377565,0.909297911168189,0.8268226912548318,1601
150,1.0559633398052377,-0.06550642865867973,0.9064636987753307,0.8216764371974535,1586
151,1.043047752290532,-0.06756122489133348,0.8997762153675158,0.8095972377410903,1591
152,1.009408784267053,-0.06474371050991395,0.8977781885544319,0.8060056758440771,1620
153,1.0453746414502711,-0.07834315982015724,0.9180288669924317,0.8427770006314078,1607
154,1.0226914788148698,-0.07157934799235238,0.9176686165277719,0.8421156897599948,1596
155,1.0778601819854483,-0.0714108837461383,0.9096816951391092,0.8275207864711632,1596
156,1.0157582249152226,-0.06795151613710704,0.9092126058087684,0.8266675625615708,1605
157,1.016983443090142,-0.07188551414202624,0.913697849418437,0.8348437600318768,1586
158,1.0382584082916417,-0.07052824525383117,0.9032427276349718,0.8158474250254639,1597
159,1.0244687944665047,-0.06854108894206679,0.9106910308136985,0.8293581536045168,1616
160,1.0556015068714408,-0.07543344687538889,0.9072347698211004,0.823074927572345,1619
161,1.0113371561508584,-0.06989562798280588,0.908713609366517,0.8257604238479229,1587
162,1.0131420340048827,-0.06452368653380566,0.9001761089580437,0.8103170271388437,1593
163,1.032678384534999,-0.06564230306823693,0.9115088074024233,0.8308483059721881,1596
164,1.0608809273738207,-0.07862809990370873,0.9075572817522362,0.8236602196615077,1598
165,0.9983220507243413,-0.06654543143784225,0.9066766321527455,0.822062515291845,1579
166,0.988074554997134,-0.0663941179558788,0.9054786428408895,0.8198915726409792,1598
167,1.0303882684457562,-0.06975777846517944,0.9130718019226707,0.8337001154663127,1583
168,1.0449361056071493,-0.07166316889726776,0.9092662684405316,0.8267651469237689,1602
169,1.0363763180828875,-0.0707202863102841,0.9052791377214431,0.8195303171936795,1569
170,1.0384334510180382,-0.07343566054358858,0.9156003967514036,0.8383240865313276,1617
171,1.0322157506890615,-0.07161233151278423,0.9149952149931138,0.8372162434602944,1585
172,1.014723604895595,-0.06435241377994955,0.9108269916725461,0.8296058087592604,1614
173,1.0327978426611995,-0.06590016883037442,0.9023117642207173,0.8141665198511034,1604
174,1.0377989685174953,-0.07660689106985652,0.9066872300649808,0.8220817331629073,1625
175,1.0481129027572098,-0.0653866464928603,0.9046718647906623,0.8184311829438143,1626
176,1.0375746416512026,-0.07030771556028453,0.9195345858091476,0.8455438544992007,1575
177,1.0522040704174718,-0.0715252524129627,0.8983788422191981,0.8070845441471067,1605
178,1.0148766003260907,-0.06731885427796719,0.8976780200693195,0.8058258277155737,1591
179,1.021067486912239,-0.0722123734314169,0.911222873789316,0.8303271257168597,1604
180,1.0362961401905437,-0.07492559909779045,0.8967443437981774,0.8041504181340237,1578
181,1.0327690821443094,-0.06672134020155401,0.906605718516097,0.8219339288460884,1601
182,1.061526036897692,-0.07361813425369917,0.9196919488856424,0.8458332808450711,1625
183,1.0396534445436,-0.07310000697667063,0.9020211429836948,0.8136421423896113,1638
184,1.086776211989629,-0.07322847260147286,0.9158496037520147,0.8387804966927224,1621
185,1.0453062422959474,-0.0755566713017426,0.9135362506485608,0.8345484812490301,1627
186,1.038855426815366,-0.07260333265323396,0.9107988067362719,0.8295544663522167,1582
187,1.0644600003464673,-0.07237055579120438,0.90799397089536,0.8244530511823239,1593
188,1.044280300878663,-0.07648552632544164,0.9139341088865991,0.835275555386342,1597
189,1.065750411080441,-0.0781593272436864,0.9146214688782657,0.8365324313330363,1587
190,1.0287716693814999,-0.06644604666449147,0.8956218809385206,0.8021385536158535,1575
191,1.0314722393459386,-0.062293255541326975,0.9190509969968326,0.844654735080872,1565
192,1.049426211399871,-0.0724779582262303,0.906677454863305,0.8220640071574005,1545
193,1.041415548770184,-0.07047766639167619,0.9182587123124102,0.8431990627376457,1595
194,1.0729375347870505,-0.07652367474887783,0.9229287271243017,0.8517974353512838,1621
195,1.0502874323930647,-0.0717995816309549,0.9066421037470724,0.8219999042869173,1633
196,1.0568901647902853,-0.07033751468904903,0.9093464442607259,0.8269109556896254,1601
197,1.059819752080827,-0.07065731317530027,0.9113446199197323,0.8305490162566412,1610
198,1.048180116593353,-0.07001872267292153,0.9075093106478022,0.823573148912449,1595
199,1.04885786318745,-0.06993070179038144,0.9032136820443811,0.8157949554321684,1608
200,1.0442911944214233,-0.07135640477379415,0.909569115942843,0.8273159766770449,1558
201,1.029159995953257,-0.0720240458896205,0.8986485236252646,0.8075691690138678,1601
202,1.032596739139998,-0.0671236716365422,0.90545130649873,0.819842068440257,1617
203,1.0528699486845954,-0.06488390738756694,0.8982341057390818,0.806824508712888,1594
204,1.072927686910099,-0.06779821006930431,0.9071639287985165,0.8229463937131599,1597
205,1.0083099286899042,-0.06534327377297694,0.9184725287898995,0.8435917861417127,1627
206,1.0619316373715733,-0.0793716482156061,0.9140800805322801,0.8355423936258997,1614
207,1.0280467954607384,-0.07228136001748,0.9222485881551795,0.8505424583542219,1597
208,1.043651522263551,-0.07081942100616206,0.9128412015590552,0.8332790592637798,1576
209,1.021277478407098,-0.06883121661484548,0.8972435601081925,0.8050460061556236,1629
210,1.0197169378477295,-0.07349675178915452,0.9058273991747827,0.8205232770957511,1599
211,1.0319419171853477,-0.06501213774173903,0.9051955959526091,0.8193790669319991,1611
212,1.045917301549634,-0.07614398648898177,0.9135024207844399,0.8344866727790319,1610
213,1.0132871560005519,-0.06604776395222439,0.9078609097337648,0.824211431422619,1611
214,1.045045810758373,-0.06939125064074159,0.9107913038160314,0.8295407991069064,1600
215,1.050044782409625,-0.07416167660031997,0.9094201034405599,0.8270449245418386,1618
216,1.030198715861608,-0.07048223803123,0.8992281781322115,0.8086113163469762,1601
217,1.0663278667228866,-0.07657091745923347,0.9237304749969457,0.853277990438083,1577
218,1.0378162638904815,-0.06987857051933444,0.9019067316951853,0.813435752677091,1592
219,1.0459802869303725,-0.07079935668089948,0.8962302275923653,0.8032286208502628,1570
220,1.020174643521415,-0.06855380740202621,0.8891282968285943,0.7905491282213168,1566
221,1.0533163299297532,-0.07008703204598327,0.9091340672359769,0.8265247522090298,1612
222,1.0287953269590964,-0.06438356905147496,0.8948231646217889,0.8007084959437532,1575
223,1.028741019169346,-0.07060962492358996,0.915735907496784,0.8385722522789586,1611
224,1.0726711516825551,-0.07542163982331904,0.910529249156269,0.8290635135690789,1591
225,1.0486490687328751,-0.06542230618458345,0.8982042981468965,0.8067709612095589,1585
226,1.0512350088572262,-0.07449195085848631,0.9088878797439357,0.8260771779454269,1583
227,1.02361150729791,-0.06512813949474844,0.909085929737709,0.8264372276470747,1608
228,1.0441648356165052,-0.07030256214811154,0.9095457639552043,0.8272734967288561,1610
229,1.0471618025734983,-0.06908834209623105,0.9089292065381707,0.8261523024981086,1600
230,1.01959580968193,-0.06405903407457064,0.9083452583991812,0.8250911084562753,1582
231,1.042427777543568,-0.05845250621590847,0.8995111399815063,0.809120290950829,1604
232,1.0169603188907472,-0.07460182792806261,0.9038667644793429,0.8169751279303559,1615
233,1.0218100762676936,-0.07206392521152816,0.9123039421634955,0.8322984828870545,1612
234,1.0562549694440144,-0.06947776003199341,0.9100220292708414,0.8281400937582202,1602
235,1.0402334516483058,-0.0720420736605506,0.901570048457713,0.812828552276043,1610
236,1.0132204272882044,-0.06485364015018305,0.9191955944063709,0.8449205407760815,1600
237,1.0469980959609815,-0.07113110429827108,0.9036282946996824,0.8165440949818561,1604
238,1.0648095295933568,-0.07093633745692857,0.9095331981127752,0.8272506384692528,1582
239,1.0471702210875056,-0.07381784082407578,0.9098015506538322,0.8277388615721175,1582
240,1.0683675537804787,-0.07287832103560704,0.9091758690867302,0.8266007609296112,1638
241,1.043428102347765,-0.06976389674306466,0.9172379351200003,0.8413254296232019,1621
242,1.0573743599022611,-0.0707342594995023,0.9166558758163114,0.8402579946685689,1588
243,1.03315993128159,-0.07245039428177966,0.9049402196886014,0.8189168012100542,1603
244,1.0262661615491038,-0.06669598015703254,0.9100123951969593,0.8281225594121069,1607
245,1.0120658575918449,-0.06930794332511847,0.8986708652954009,0.8076093241307845,1596
246,1.0547971592488532,-0.07545925210764898,0.908129673421262,0.8246995037482081,1601
247,1.0544496753408363,-0.06493412698585721,0.9116155208308173,0.8310428578196423,1583
248,1.066532425445809,-0.0739243880695239,0.9115112211380397,0.8308527062605604,1599
249,1.006098021465755,-0.06530047361452845,0.9100258880491326,0.8281471169196125,1587
250,1.0621078233918066,-0.07970958416926871,0.905993845178413,0.8208248475011661,1586
251,0.9973245184421994,-0.06899477183851432,0.9051546360506393,0.8193049151639653,1580
252,1.0205731286118191,-0.06950970901358644,0.9168168576284105,0.840553150431633,1581
253,1.0465685173893653,-0.0700445765738201,0.905197860244149,0.819383166190586,1599
254,1.0456245216922417,-0.06867711400019733,0.8974191814787119,0.8053611872859213,1584
255,1.0640623316639608,-0.0717665293598212,0.9122897697943304,0.8322726240713924,1613
256,1.0373022615101122,-0.07273328513119173,0.9094367893368326,0.8270752737992864,1604
257,1.0298699724927927,-0.07351471682002544,0.9167700562331563,0.8404673360057446,1565
258,1.0531354946599547,-0.07593933691837246,0.9131382772363811,0.8338215133542259,1613
259,1.0179919731187888,-0.06977928820423973,0.9091676524199459,0.8265858202067956,1592
260,1.059067021642011,-0.07048842954286122,0.8975948637431413,0.8056765394180685,1568
261,1.0310267851996782,-0.07095469231891322,0.9068513913594451,0.8223794460105616,1591
262,1.0386242765691116,-0.0720770968942126,0.9038193094395808,0.8168893441158407,1566
263,1.0198631551706248,-0.06906688695735566,0.9143899747782315,0.8361090259749347,1608
264,1.0295939694563565,-0.05769234149833219,0.9127426838001746,0.8330992068307456,1602
265,1.014304054195627,-0.0707067800219873,0.9170604921616878,0.8409999462838371,1604
266,1.0216329071649242,-0.07090786284238199,0.9199443187982571,0.8462975496891894,1599
267,1.0259138186471952,-0.0700800840263274,0.8992350639618002,0.8086237002583829,1581
268,1.0479307607698145,-0.07301951897656017,0.9152169812153383,0.837622122704917,1614
269,1.0286879014531938,-0.06218904544826731,0.8986455970579128,0.8075639091115726,1585
270,1.0368772851508379,-0.07402355734537205,0.9143308158793074,0.8360008408665199,1590
271,1.0655888570722618,-0.07300115434884524,0.8871364040853807,0.7870109994535399,1609
272,1.04010902445873,-0.0701493720449772,0.9128189007250199,0.8332383455208338,1577
273,1.0442498265879117,-0.07230974057270023,0.918988037800602,0.8445390136206007,1582
274,1.0249358119021108,-0.06945535268717085,0.9073037306995501,0.8232000597413217,1612
275,1.0305561033815536,-0.06660480856111664,0.9066450587378809,0.8220052625338156,1566
276,1.0341080006801044,-0.0757105229183736,0.9263851732380859,0.8581894891953584,1561
277,1.0122589659214052,-0.06425540248528683,0.9052598858959209,0.8194954610122956,1608
278,0.9975233635337696,-0.0647872495048431,0.9066546569740306,0.8220226670126971,1613
279,1.0264420702100547,-0.06998074510388463,0.9009438998226798,0.8116999106276988,1634
280,1.0379052900652044,-0.0669744486425854,0.9073741674936715,0.8233278798348335,1554
281,1.0288579769746702,-0.07438836278911448,0.9087476756288808,0.8258223379608935,1559
282,1.054584958979592,-0.07159371214057492,0.9005806634818304,0.8110455314373739,1609
283,1.0861594729123247,-0.07366265731093047,0.9081396218680122,0.8247175728065762,1583
284,1.016267766378037,-0.06813352071457907,0.9038283937776247,0.816905765398641,1582
285,1.068874670510889,-0.07599877372000019,0.9157638793323752,0.8386234826898811,1602
286,1.0120598669353666,-0.06864977170734587,0.919124511610261,0.8447898678428007,1609
287,1.0526381112238203,-0.0723387738436756,0.905468589523435,0.8198733666135588,1582
288,1.0187916613080128,-0.06814834762885796,0.9085036067372374,0.8253788034545689,1587
289,1.0277327803186596,-0.07070481945457838,0.9128192448553698,0.8332389737783276,1606
290,1.04072083658543,-0.06819271831579546,0.901240308422801,0.8122340935260255,1599
291,1.0508845856326476,-0.0728174570115207,0.9196724100536415,0.8457973418138733,1601
292,1.049790629837014,-0.07533074536148748,0.9065437138349998,0.821821505093754,1596
293,1.0149071911557879,-0.0695657821120339,0.9137817472201426,0.8349970815526966,1604
294,1.0416325006171256,-0.07370127402895843,0.9043681973688118,0.8178818364121141,1595
295,1.0312203574199894,-0.07182598810154239,0.9146984154531146,0.8366731912324387,1611
296,1.0410251378511641,-0.07227574264754949,0.9077954462975165,0.8240925723185072,1581
297,1.038116212396976,-0.06991448921838672,0.9057506188583271,0.8203841835622425,1595
298,1.0448019086141072,-0.073276233634541,0.9115378956407673,0.8309013351891983,1587
299,1.021559877307121,-0.07026276809908533,0.9103577942688746,0.8287513135860907,1629
300,1.0841483579311688,-0.07744960181682409,0.9160434678906915,0.8391356350652043,1586
301,1.053722108913084,-0.07497661966591318,0.9025179403835198,0.8145386327141106,1588
302,1.0449338782499156,-0.07451844950628506,0.8984322725364242,0.8071805483349637,1578
303,1.0215654949921562,-0.06417206051764557,0.9014874891421295,0.812679693079781,1596
304,1.044441378276934,-0.07316589081112157,0.9094786398177391,0.8271513962847249,1582
305,1.0382004083502123,-0.06675703499603253,0.900179774189121,0.8103236258591768,1579
306,1.0365114515172977,-0.07386871826137109,0.9163298325487096,0.8396603620187462,1623
307,1.071144024889041,-0.07879363050379107,0.9104894486188878,0.8289910360463263,1625
308,1.000764812849974,-0.06649037226959087,0.89290964850319,0.7972876403900903,1576
309,1.0598138177648873,-0.07457386530392107,0.910727741457204,0.8294250190597399,1623
310,1.0639245247224296,-0.07347896859175501,0.9192388261119795,0.8450000194317301,1585
311,1.0550977821873093,-0.0736184457289332,0.9197201450691063,0.8458851452459378,1622
312,1.0175735005785143,-0.07369464439275891,0.9128523590101989,0.8332994293504851,1610
313,1.0168472193100728,-0.07175943951994287,0.916620587763132,0.8401933019112297,1599
314,1.0278388988308222,-0.05861189422458393,0.8979177341383401,0.8062562572801308,1607
315,1.0283306712856035,-0.06053864666840153,0.8895025483972461,0.791214783605195,1594
316,1.0245267656044659,-0.07002447249483967,0.9013972234317041,0.8125169544103855,1587
317,1.0497870005816798,-0.06489942038784507,0.8989745948374783,0.8081553221632083,1611
318,1.0642003040570582,-0.07353465753121546,0.910644986821673,0.829274292023445,1604
319,1.0186506566897233,-0.07066659063735564,0.912649709677225,0.8329294925739231,1643
320,1.0398211204496448,-0.07436660748345775,0.9135944989510918,0.8346549085136965,1603
321,1.0372226624452505,-0.06849838670554842,0.9044067491421005,0.8179515678937823,1605
322,1.0648930343041527,-0.06879246427513858,0.9051408393594973,0.8192799390764153,1618
323,1.0517134982407212,-0.07837635390302128,0.9127639048156947,0.8331379459343946,1601
324,1.0489291423344898,-0.06701925852452928,0.9083956924276756,0.8251827340211562,1612
325,1.0502596236401407,-0.07048430995407418,0.9174712680044804,0.8417535276137491,1606
326,1.0610819405296423,-0.06392270395926536,0.9035578944883311,0.8164168686921861,1609
327,1.0444525461973002,-0.07078694342654046,0.9139702225555153,0.8353415677181781,1568
328,1.0836945543462708,-0.07127256602008963,0.9036167667326545,0.8165232611203764,1576
329,1.0492763011674038,-0.06836133198282557,0.9005768764571702,0.8110387104093533,1561
330,1.0107489772851868,-0.06565247113054073,0.8935832293669146,0.7984909878058039,1596
331,1.0302956361109386,-0.06704929502788637,0.9010779254281154,0.8119414276938363,1624
332,1.0102395783348421,-0.06880901805211376,0.9052467399024392,0.8194716601039944,1595
333,1.0542825267135147,-0.0728785237041285,0.903931068454699,0.8170913765176536,1602
334,1.0421679546853806,-0.07219514635299007,0.9166754815875446,0.8402939385437569,1618
335,1.0588843196344657,-0.06979816622249724,0.9042288016182665,0.8176297256760063,1590
336,1.0549793269348229,-0.06226639519140581,0.9025077854947746,0.8145203028786822,1632
337,1.0378249134512914,-0.07443745101857063,0.9120171775977747,0.8317753322334108,1599
338,1.0418220330653107,-0.07704412143206513,0.9127301476572584,0.8330763224424407,1604
339,1.0389584606988795,-0.07271099669164033,0.9098338782233358,0.8277976859629159,1614
340,1.0499653626000713,-0.06918625752513219,0.8986079256986518,0.8074962041284337,1546
341,1.0370990344816866,-0.06959674727927512,0.9222366025511818,0.8505203510851465,1604
342,1.0655057673916508,-0.0781883710188229,0.9232044350042031,0.8523064288114299,1592
343,1.0111994602781524,-0.06703564950981933,0.9012821908862338,0.8123095876086897,1620
344,1.0367516883415524,-0.06695984958100834,0.900793354484499,0.8114286674834363,1594
345,1.0625218446429177,-0.07713778824254441,0.9152923053978168,0.8377600043204504,1562
346,1.0642857046872292,-0.07125276847409467,0.9073690351775292,0.8233185659990002,1576
347,0.9968391081629543,-0.06751748031851834,0.9171569038279517,0.8411767862392746,1577
348,1.066729259000955,-0.06643674396639399,0.9070367118305245,0.8227155966083299,1600
349,1.0180025283350516,-0.07540319380445482,0.9017655041327222,0.8131810244437425,1586
350,1.0495522967477875,-0.07699359445190421,0.9137143560423239,0.8348739244378386,1588
351,1.034854291324671,-0.06624597334611576,0.9027278880031095,0.8149176397785547,1607
352,1.0125412385728334,-0.07235266639347832,0.9144746762750593,0.8362639335483745,1617
353,1.0533341359633623,-0.07591279211154708,0.9092697893468549,0.8267715498188738,1575
354,1.050129979125702,-0.06745054263338363,0.8987274521219195,0.8077110331975571,1580
355,1.0091482793532023,-0.06889668332431353,0.911344873113439,0.8305494777501503,1603
356,1.0193138147633274,-0.07463066699611248,0.9156932450450685,0.838494119021168,1577
357,1.0217845006939192,-0.06605921206165172,0.8900112616141354,0.7921200457999849,1590
358,1.051045849943816,-0.07713153577432053,0.8970853204340838,0.8047620721383228,1575
359,1.036317798627821,-0.06708919551898995,0.9163867253329991,0.8397646303665376,1613
360,1.0224612009579195,-0.06895143607708407,0.9112356565290366,0.8303504217299044,1587
361,1.0722104021625363,-0.07020756605130835,0.9019932946469089,0.8135919035879855,1592
362,1.056832714355657,-0.07206768816236464,0.9237387899387567,0.8532933520375184,1597
363,1.0482889738593157,-0.06925075391163593,0.9010608843894625,0.8119107173767204,1593
364,1.0463849841436987,-0.07498829672528562,0.9100327613730219,0.8281596267722074,1616
365,1.0214071488626604,-0.0694209328890722,0.920829442906288,0.8479268629231047,1599
366,1.0598030838417638,-0.07076745081861252,0.9096996540530956,0.8275534605843218,1600
367,1.0295737145352526,-0.0644896362093636,0.9158231114483406,0.8387319714629197,1606
368,1.0355983910324549,-0.07047139034209177,0.8935996886985146,0.7985204036420822,1580
369,1.029852703353185,-0.07206374257755821,0.9175285615812863,0.8418586613174243,1566
370,1.0560573184438933,-0.07301014565969555,0.9151893013825158,0.8375714573650173,1589
371,1.044942354570486,-0.0704029610623284,0.9063033872907006,0.8213858298145976,1577
372,1.040286451604246,-0.06210112573459048,0.9004308972319137,0.8107758006898692,1592
373,1.0540326011269785,-0.07494200745818386,0.9082468966522917,0.8249124252785187,1606
374,1.0464409128479286,-0.07557653815374757,0.9047833534483032,0.8186329166771571,1600
375,1.0364906482958702,-0.06629970300447885,0.8973996489852273,0.8053261299988091,1609
376,1.0402274086151992,-0.06945768346632797,0.9103518711792632,0.8287405293595859,1587
377,1.0576513160750767,-0.07356728656393036,0.9282557839522076,0.8616588004407276,1621
378,1.0398954993581193,-0.07270712460115214,0.9034514849240904,0.816224585611544,1613
379,1.0512677757046385,-0.06626517048696773,0.9020480974373359,0.8136907700903175,1595
380,1.0190318108196812,-0.07066959833137998,0.9022267760712012,0.8140131554598333,1580
381,1.0454760334572692,-0.07481862378367071,0.9101858822759293,0.8284383402944119,1610
382,1.056557193822305,-0.07348981996979131,0.9182628575615739,0.8432066755771473,1593
383,1.0462064724475157,-0.07902831653107845,0.905562359324286,0.8200431866249672,1592
384,1.0317012935863787,-0.06692979805421828,0.8993941954098427,0.8089099187369183,1575
385,1.0389285405646191,-0.06894934441056799,0.9005232411324476,0.8109421078196885,1611
386,1.0338399549620476,-0.06767469782675273,0.8997967244600433,0.8096341453490231,1581
387,1.0368301585622735,-0.06921943092034821,0.9021561122918853,0.8138856509456087,1592
388,1.0475815706036335,-0.06905394421886474,0.8923142844643968,0.7962247822592083,1563
389,1.035429754218471,-0.07220662471915279,0.9069601515709503,0.8225767165376012,1589
390,1.0384897753042794,-0.07597662372207609,0.918466308097948,0.8435803591110749,1593
391,1.0591448554242555,-0.07614367433028846,0.9146120925175737,0.8365152797793748,1583
392,1.0004695971288915,-0.06521614261177022,0.9038780007861943,0.8169954403052474,1604
393,1.047187583033992,-0.07082822002389066,0.8932803760203532,0.7979498301830635,1596
394,1.0119208791788845,-0.06437692254710187,0.9061822820739518,0.8211663283447551,1577
395,1.0251765806217152,-0.065334583542631,0.9121223989306486,0.8319672706310013,1584
396,1.0333038264652492,-0.07438894942205965,0.9045000907658977,0.8181204141955171,1610
397,1.0850678448062934,-0.07599840349675563,0.8973017021542697,0.8051503446889499,1585
398,1.0551553976844281,-0.07869387341118428,0.9116164720637542,0.8310445921379656,1614
399,1.032364793602314,-0.06961381408011541,0.8975058355938137,0.8055167249249497,1582
400,1.0102055887219648,-0.06797589165480361,0.895870753111265,0.802584406280145,1569
401,1.0253181307691577,-0.07479972891048342,0.905946347051073,0.8207387837351833,1576
402,1.0432336442163979,-0.06965558039640324,0.9179391383853002,0.8426122617795473,1587
403,1.0499916188442977,-0.07402641475645247,0.912360094113185,0.8324009413302197,1592
404,1.0328362242233167,-0.07371534948830821,0.9161018075438773,0.8392425217851591,1616
405,1.0374691786538222,-0.06906791696040349,0.9112930138867953,0.8304549571588788,1635
406,1.0439057089108565,-0.07067546621119625,0.9043272666545172,0.8178078052148303,1592
407,1.0577470748192799,-0.0733040948221893,0.9032160991226028,0.8157993217142515,1612
408,1.0264380275453941,-0.0731867967443133,0.906263792440402,0.8213140614884601,1593
409,1.0678993796054692,-0.07810138835049735,0.9096956631576142,0.8275461995677714,1586
410,1.0582836303836234,-0.07309556702371467,0.9127785572739445,0.8331646946191036,1598
411,1.022247941697081,-0.06876310091752258,0.8979519213107706,0.8063176529857043,1594
412,1.0335390000917495,-0.06595265444335041,0.9025069356821225,0.8145187689543347,1571
413,1.063392300241749,-0.07520092412662355,0.9146904502997415,0.8366586198695438,1606
414,1.0740367910305082,-0.06867805158494955,0.9007973079953765,0.8114357900917172,1607
415,1.0729703969557105,-0.07528544984197902,0.9226586747176513,0.8512990300317327,1587
416,1.027301884279886,-0.07498631875731837,0.9196276060129964,0.845714933741195,1621
417,1.0214134464716014,-0.07012807483978944,0.9153936189163344,0.8379454775527433,1589
418,1.0471820760166273,-0.07063633917733442,0.905484775663662,0.8199026789586724,1576
419,1.0361006455231785,-0.06781745250244853,0.9182561814720143,0.8431944148115648,1604
420,1.0679704496291678,-0.07952064804507075,0.9077919136874338,0.8240861585562933,1629
421,1.0565371271318464,-0.07907019415993755,0.9161793380974917,0.839384579556758,1580
422,1.0463286493366466,-0.07486511220736253,0.9144318131418124,0.8361855408858225,1605
423,1.0400986948906403,-0.06554693156927516,0.9125348895148626,0.8327199245819025,1618
424,1.0524406268416349,-0.07195435708662024,0.9085582569742745,0.8254781063161318,1614
425,1.037845498117988,-0.06902395706652409,0.9014507896088672,0.8126135260864501,1599
426,1.0414788908979482,-0.06853600219578337,0.9103770827738218,0.8287864328397739,1617
427,1.0422311196366172,-0.07480755450056872,0.9101595106497886,0.8283903348262627,1595
428,1.0397563115049933,-0.08048981622182028,0.9114149345718898,0.8306771829606822,1600
429,1.0433108085948795,-0.07224899231915904,0.9111221052913961,0.830143490750626,1587
430,1.0262638890403664,-0.08025932286958232,0.910285232682821,0.8286192048404176,1580
431,1.0289313618083504,-0.06515289871227511,0.9232320862947031,0.8523574851640701,1584
432,1.035538271806384,-0.06772642149440472,0.911656739384185,0.8311180104646039,1623
433,1.018803837264133,-0.0646664607171607,0.909482242370791,0.8271579491878023,1575
434,1.037772894249045,-0.06860263324112825,0.9130325729330728,0.833628479236787,1572
435,1.0350958739060876,-0.0698794072540499,0.9079311009564451,0.8243388840839826,1626
436,1.0354480513537159,-0.06811738556469177,0.9082350759753939,0.8248909532320295,1598
437,1.0276625225279636,-0.06558105399269576,0.9011687876209039,0.8121051837821298,1615
438,1.0357889302898713,-0.07703560804696435,0.9183708049256053,0.8434049353397042,1603
439,1.0391402551938902,-0.07567003665396715,0.9090571079429897,0.8263848255016724,1570
440,1.0414985157104895,-0.07068190149607784,0.9012282895883186,0.8122124299542862,1589
441,1.0268851274393358,-0.07446665771429231,0.909183329982939,0.8266143275188659,1607
442,1.0481379181055877,-0.0652394642523153,0.9031029982187312,0.8155950253916616,1589
443,1.0340358125809284,-0.06508022133808719,0.8970112887080661,0.8046292520697056,1603
444,1.0530594484329476,-0.07683076902910366,0.9142106311617922,0.8357810781292425,1579
445,1.0473477811417893,-0.07206830030341466,0.9079279831885932,0.8243332226569065,1594
446,1.0447815488051972,-0.07156138337314233,0.9030368472955616,0.8154755475735074,1587
447,1.059778165938444,-0.07026126989452469,0.919998074015181,0.8463964561916424,1594
448,1.0336592854960045,-0.06658088673631046,0.9077762861289841,0.8240577856581311,1606
449,1.042102658355786,-0.07350914800570574,0.9104195713911029,0.8288637959719595,1614
450,1.0216073478081245,-0.0721236995884495,0.9062828823477863,0.8213486628366115,1594
451,1.031635462433922,-0.06289069181473472,0.9068779143175476,0.8224275514769452,1597
452,1.0301754494293383,-0.07139841932806779,0.9172465096340445,0.8413411594358373,1614
453,1.0153374885448032,-0.07276755643712915,0.9209273010381318,0.8481070937973778,1593
454,1.0332097483642926,-0.07119946356616097,0.8926401368045589,0.7968064138344616,1595
455,1.0195938870812735,-0.05630327044365163,0.8995168264720109,0.8091305211062778,1617
456,1.0414531343434368,-0.07296921797335448,0.8987868704348952,0.8078178384661532,1578
457,1.0270816780290668,-0.07850736689623905,0.9137329317479346,0.8349078705606756,1607
458,1.037591254683133,-0.07036254040650447,0.9148053221949962,0.8368687775162909,1592
459,1.0666511419416684,-0.07130274727245173,0.9137121351556335,0.8348698659306667,1612
460,1.0554075822925637,-0.0738196544890069,0.9052944407307006,0.819558024417912,1555
461,1.023494033150214,-0.06466105818452644,0.9002256357436168,0.810406195249999,1598
462,1.0168204987624077,-0.06319899047352939,0.9008795175993948,0.8115839052301183,1587
463,1.0458218324757784,-0.07001727223848828,0.8934733077572076,0.7982945516746057,1578
464,1.0487742191782985,-0.07229494001600079,0.9012124577701932,0.8121838940401923,1600
465,1.0567472536148295,-0.07439001826255454,0.9127051871777035,0.8330307587010869,1606
466,1.0141795318242048,-0.06718020851703099,0.9137067347378366,0.8348599971052793,1605
467,1.0224784064841943,-0.0686970092119398,0.9129545627444667,0.8334860336359404,1619
468,1.0587288631968022,-0.07278791049712169,0.8999355142918665,0.8098839298837662,1586
469,1.0075250700200151,-0.06769071689369324,0.9160420966199699,0.8391331227799104,1597
470,1.0360390779935977,-0.07427172669221144,0.913678692074712,0.8348087523513563,1596
471,1.0187465798175437,-0.07143888039710566,0.9115303079957657,0.8308875023948555,1592
472,1.0238185049879527,-0.07049799468433976,0.9027690224437365,0.8149919078840195,1585
473,1.0395360526584914,-0.07166476934720384,0.9161453815198403,0.8393223600801337,1596
474,1.0568563123522354,-0.06829401168972271,0.8995079764528847,0.8091145997023634,1616
475,1.0463645151676317,-0.07095642813257524,0.9029849281016964,0.8153817803788258,1562
476,1.0608106821730652,-0.0733991849634868,0.9005587952848456,0.8110061437648924,1576
477,1.0529106107111594,-0.07442225991683982,0.9050400268049339,0.8190974501190754,1595
478,1.0280352152371641,-0.06425541972013799,0.9000031337299201,0.8100056407236765,1596
479,1.0266057606077417,-0.07342387257129845,0.9212335300110153,0.8486712168165562,1603
480,1.0338695354688274,-0.06253516288763827,0.9034459734160004,0.8162146268815845,1605
481,1.0358845471281413,-0.07238433175298328,0.9139496847120153,0.8353040261851922,1618
482,1.035839016718823,-0.06736525140971295,0.9016235595907038,0.8129250432090115,1604
483,1.0138098489480059,-0.07121276694376905,0.9160383624492956,0.8391262814787871,1600
484,1.0577261905215223,-0.0689417788587885,0.9187644780257906,0.8441281660820036,1602
485,1.046761993032397,-0.06909466510022252,0.9149073981692754,0.837055547224873,1609
486,1.0502614312093925,-0.07042544575341611,0.9189325946398211,0.8444371134914738,1607
487,1.0561005635081009,-0.07054182405808479,0.9135956447805829,0.834657002162049,1627
488,1.0382169432054997,-0.069802746038989,0.9053734323515612,0.819701052008047,1606
489,1.029923722663971,-0.06335275992783884,0.8991833442049058,0.8085306864955181,1569
490,1.0235013432779088,-0.06701058234651769,0.8930065443246002,0.7974606882065642,1586
491,1.0336927033553078,-0.06482270764784803,0.9139144537254378,0.8352396287282654,1607
492,1.0283452580078387,-0.06698014170742783,0.9088775446304734,0.8260583911335182,1583
493,1.022632875552783,-0.0724796387826851,0.9018124625505627,0.81326571761151,1565
494,1.0506924343982054,-0.06602853451746538,0.9014799520167793,0.8126661038881747,1582
495,1.0619610646714335,-0.07134338189845513,0.9015729782528884,0.8128338351157832,1629
496,1.0307921251689576,-0.07366811529564371,0.9080290659544974,0.824516784618197,1587
497,1.0314612221919421,-0.06429195132879284,0.8900504590357308,0.792189819629715,1599
498,1.058809152309387,-0.07477481184712251,0.905292012464016,0.8195536278311482,1598
499,1.0522967365852263,-0.07761414855732307,0.9113615522249877,0.830579878873939,1580
500,1.0405351677369628,-0.06765481550895236,0.9218627803724445,0.8498309858360139,1616
501,1.0412775035655264,-0.06486994500606003,0.8982946084520926,0.8069332035740984,1589
502,1.0695546506746343,-0.07379648507660308,0.9055675369502736,0.8200525639781852,1617
503,1.052999356195761,-0.06992647659546142,0.9115500936410013,0.8309235732169181,1593
504,1.0540586110473444,-0.070562292738928,0.9187395569276408,0.8440823734635976,1597
505,1.0489840941594788,-0.07632342864202041,0.9148681794439123,0.8369837857590186,1616
506,1.0311172063966578,-0.06592227514971344,0.9109547923935888,0.8298386337848465,1629
507,1.0277798277914434,-0.06663574815418088,0.9103615687787125,0.8287581859092386,1613
508,1.0373048001088194,-0.07762770175135564,0.9184089017543932,0.8434749108217106,1627
509,1.022024568539645,-0.06759490343112964,0.9148170294755756,0.8368901974185162,1631
510,1.0374026054201446,-0.06665823559727219,0.9029852423077217,0.8153823478255349,1556
511,1.0007918724178166,-0.07177342405358061,0.9074758734093885,0.8235124608201325,1594
512,1.0391162505909908,-0.07139624282050783,0.911200163665068,0.8302857382632466,1591
513,1.024886974384924,-0.07299710573186252,0.9146066461370674,0.8365053171580948,1628
514,1.0348350781337938,-0.07153191047339985,0.9025247981535129,0.8145510112820393,1612
515,1.0559547109441547,-0.0736773212111062,0.9142336652712747,0.8358231947153492,1588
516,1.0301546218234672,-0.06339733552077209,0.8989869787756376,0.8081775880081487,1596
517,1.0653037206066116,-0.06850651678482839,0.8910548442638091,0.7939787354860011,1560
518,1.0134561114124465,-0.06423752309807612,0.9138154883589342,0.8350587467646775,1618
519,1.0522613734005475,-0.07152155164016849,0.9051726323210116,0.8193374943029493,1575
520,1.0315742044249263,-0.06681356541785444,0.8924659537929294,0.7964954786795231,1554
521,1.0634395445217983,-0.07281484252568624,0.906154407168222,0.821115809630392,1612
522,1.0569843496352993,-0.06702261548011329,0.8963174174254391,0.8033849127802088,1583
523,1.0394227272753866,-0.07124957297804246,0.8923985507679753,0.7963751734127825,1569
524,1.046414232980484,-0.07598880343505807,0.9164570116356582,0.8398934541761609,1593
525,1.0211063325646221,-0.06769014748417224,0.9133624449966813,0.8342309559303156,1611
526,1.0281851086450164,-0.07019231632914844,0.8871710379176587,0.7870724505198958,1586
527,1.0319161788847164,-0.0693129110504472,0.9075061318098071,0.823567379272399,1618
528,1.0470054886385638,-0.07077133539248376,0.9019530150729345,0.8135192413991571,1582
529,1.030185312320391,-0.07568485150984186,0.9154820532727713,0.8381073898645293,1589
530,1.0185608774820534,-0.0661838405353182,0.9052205151500483,0.8194241810485189,1561
531,1.0272067540662777,-0.08084944251174145,0.9118591172067196,0.8314870496330181,1547
532,1.0398945446530332,-0.06973506655798006,0.9125525443247046,0.8327521461534919,1568
533,1.0913955280535281,-0.07384666066526846,0.9073901871607833,0.8233569517556815,1589
534,1.0909398383183462,-0.07913261334622038,0.9044216609853895,0.8179785408595708,1565
535,1.0151292646911225,-0.06741473170896967,0.9044037737443911,0.8179461859630958,1606
536,1.051239886493235,-0.07602574110004157,0.910853162363925,0.8296534833883628,1570
537,1.074301368662974,-0.07805126230074999,0.910937411702996,0.8298069680401536,1590
538,1.0428915101452376,-0.07193383101465337,0.9049948463883919,0.819015671989549,1606
539,1.030991680408708,-0.07044970090792699,0.9172626361140344,0.8413707436108674,1584
540,1.0331004519248372,-0.06952114024942738,0.9031168141041246,0.815619979917584,1597
541,1.034015269664556,-0.06570389964756645,0.9113429572381678,0.830545985707609,1612
542,1.0462947222734742,-0.07690263687520149,0.908584974746763,0.825526656335576,1602
543,1.048179692175505,-0.0711702338241616,0.9043294752892695,0.8178117998769656,1603
544,1.058065054285128,-0.0703210955514123,0.9110189179027816,0.8299554687767551,1583
545,1.055587570705302,-0.07539223856101987,0.9123735631464345,0.8324255187285209,1588
546,1.024768505170661,-0.07033077007971716,0.9233202824082483,0.8525203439064474,1624
547,1.0450370873157628,-0.06821728679021813,0.8995904920803767,0.8092630534414142,1601
548,1.045948524770803,-0.0721130025085176,0.9065267277893796,0.8217907081965199,1617
549,1.04702509610753,-0.06203275662690566,0.9017433876717704,0.8131411372097609,1613
550,1.039774993286594,-0.06891983811785124,0.9149616071610851,0.8371547425787959,1591
551,1.0359919031307085,-0.07278082321868401,0.9205339410513388,0.8473827366275096,1620
552,1.0630754254816945,-0.0741434920476714,0.910819716148772,0.8295925553253296,1576
553,1.0238963863762967,-0.06988304501536668,0.9070517953343852,0.8227429594193314,1572
554,1.05951892047855,-0.06715645146818883,0.9019913520433402,0.8135883991609729,1575
555,1.0429683048219793,-0.07760554746336795,0.9156094968091668,0.8383407506471356,1606
556,1.0392213887252915,-0.06291869498613895,0.8968362379695717,0.8043152377354142,1579
557,1.0278581861851779,-0.06644768427796338,0.9024231585466206,0.8143675570812591,1598
558,1.034359888215946,-0.07226494570481568,0.9001193840285702,0.8102149055039726,1593
559,1.0559858906838002,-0.0670776984085073,0.9040145643014365,0.8172423324691159,1586
560,1.0451846564149494,-0.07068691405213862,0.9221309761031233,0.850325537088899,1628
561,1.0204422483330724,-0.07196668199414624,0.9056021130461606,0.8201151871536709,1572
562,1.050044339013415,-0.07083924164674343,0.9083094589508971,0.8250260732196715,1597
563,1.018471951694106,-0.06770968044598663,0.8957853525574345,0.8024313978564472,1596
564,1.0196854822165884,-0.07489781783122115,0.9096791019846359,0.8275160685875735,1586
565,1.0389724538865415,-0.07314255189163466,0.9081788536684589,0.824788830250556,1577
566,1.0358829014636086,-0.07521403956778319,0.9115721858904935,0.8309638500891724,1590
567,1.048618210428378,-0.07331286532270714,0.9097079738914202,0.8275685977616329,1579
568,1.0220021205191323,-0.06747137391633412,0.9077811601382096,0.8240666347018738,1575
569,1.0265476905334594,-0.07146443413598522,0.9148242662255278,0.8369034380750754,1611
570,1.05404364469116,-0.0768033885095376,0.8944416519059629,0.8000258686642677,1565
571,1.0152310727473635,-0.06494813253418358,0.8942295870214124,0.7996465543044858,1592
572,1.0328140380069197,-0.06604636909281372,0.9043378956071931,0.8178270294312465,1576
573,1.037891923239308,-0.06648332197871504,0.9070374889523545,0.8227170063649926,1580
574,1.0481560143299156,-0.06493361513550422,0.9029774633388848,0.8153682992979271,1586
575,1.0733668898601494,-0.07241877783770839,0.8994817957298646,0.8090675008494219,1585
576,1.0584180908841665,-0.0754592953299526,0.9211729986781562,0.8485596934937063,1607
577,1.028341428402184,-0.06724474211195341,0.901308081738757,0.8123562582075978,1621
578,1.0350000778770063,-0.06838039083522601,0.9004137914907722,0.8107449959067877,1579
579,1.0432010473118911,-0.07208257086588554,0.9019021582340644,0.8134275030272633,1599
580,1.0473036560507407,-0.06799211283775924,0.9111561276185217,0.8302054888967798,1598
581,1.0396361009464175,-0.06994675341356438,0.9150914758531058,0.8373924091790154,1599
582,1.0588797219246247,-0.07924963309070349,0.9104999552469896,0.82901016850477,1596
583,1.0271912856441285,-0.0652845244032702,0.9004212785588939,0.8107584788816331,1616
584,1.0333022331915607,-0.07401166708308846,0.8939977022624471,0.7992318916505351,1585
585,1.0977619174198934,-0.07509863788249377,0.8890863113824458,0.7904744690876433,1602
586,1.0598788294939017,-0.06839255727334276,0.896029789458676,0.8028693835973592,1601
587,1.0120272184927916,-0.0675398194215272,0.9170701364333257,0.8410176351378386,1592
588,1.040908908341422,-0.07022534165629285,0.9176680935987434,0.8421147300091519,1573
589,1.0281777257742482,-0.060436665856719696,0.9050237586180291,0.8190680036631046,1591
590,1.0309087260427512,-0.07298689349113072,0.9130871581253055,0.8337281583333467,1594
591,1.045394272058284,-0.07359618037612412,0.9166868275713408,0.8403147398428091,1586
592,1.0147326633032125,-0.06199461549658597,0.8998564032037452,0.8097415463867812,1613
593,1.0223463820460617,-0.06823088933268995,0.9077930201940968,0.8240881675131199,1605
594,1.0349999802274719,-0.08210231845703442,0.916627921658955,0.8402067467648153,1596
595,1.0179327908224556,-0.06433624508126881,0.9081621840430237,0.8247585525257949,1580
596,1.0025580739990796,-0.05696011201923462,0.892671568041061,0.7968625283888865,1587
597,1.0268099614890345,-0.06586778372859631,0.8893217638394728,0.7908931996385511,1586
598,1.0793073667714612,-0.07723955554523076,0.9144248281467903,0.8361727663312869,1598
599,1.0477424891554188,-0.06700654340383383,0.8959783022005643,0.8027771180142057,1599
600,1.0373512736095287,-0.07111099024239298,0.9055141434395423,0.819955863969048,1587
601,1.0489752021169008,-0.07481583412622272,0.9197493280336403,0.8459388264183328,1608
602,1.0422998829749228,-0.06595962962929364,0.918050038441019,0.8428158730815564,1589
603,1.064226431110438,-0.07017860333342174,0.9040552167898114,0.8173158350048728,1588
604,1.0096477391330434,-0.06537287535596126,0.8931027819260284,0.7976325790840111,1625
605,1.0478714895223409,-0.06974882484110528,0.9115242945684254,0.8308765395884656,1637
606,1.0344994787985817,-0.0653882557147265,0.9070269792692531,0.8226979411223061,1570
607,1.038381175596875,-0.0736400478525363,0.9061843383394529,0.821170055051712,1613
608,1.0286962499851637,-0.06553537404574639,0.9091402841863755,0.8265360563304835,1615
609,1.0176527948841956,-0.06954269590884321,0.9088397753500257,0.8259897372582852,1600
610,1.06415879871844,-0.07514134259404559,0.9213735615252221,0.8489292398776722,1590
611,1.0197881200577998,-0.06448340466392855,0.8977176419448234,0.8058969646589741,1589
612,1.0228400085962703,-0.07212306637693039,0.9010827803288385,0.8119501770051498,1622
613,1.0346521132582125,-0.06555605247764235,0.9031420080572273,0.8156654867176408,1577
614,1.0342204387712273,-0.06769297342976083,0.9090518061912498,0.8263751863395736,1596
615,1.0631815152518709,-0.07383646597900445,0.9132954573115293,0.8341085923458754,1599
616,1.0308393653652916,-0.06615617209648716,0.9181873415290317,0.8430679941441507,1595
617,1.0039796051400502,-0.06936773801636348,0.924426624673766,0.8545645844057319,1608
618,1.0616607459307186,-0.07385509580653515,0.9125659964887285,0.832776697947466,1586
619,1.0000922526725715,-0.07043962112942476,0.911317107314688,0.8304988700844105,1585
620,1.0166070361741821,-0.07048467537299696,0.9032787802212326,0.8159125547979579,1591
621,1.0282227357127922,-0.06391780242440637,0.9118317442451973,0.8314371298132389,1585
622,1.0736420851771804,-0.076175481010198,0.9178967770514376,0.8425344933214165,1591
623,1.0352177829628884,-0.07020848390039341,0.9041276891966666,0.8174468783721043,1573
624,1.0114593454218244,-0.06754701905601182,0.9048978512640513,0.8188401212222971,1605
625,1.0103044969445338,-0.06948318433759892,0.9076407463265488,0.8238117243922145,1606
626,1.024282417253622,-0.06558432328940911,0.9032302959664433,0.8158249675516288,1606
627,1.0312207504425763,-0.06946553379952003,0.899750873903745,0.8095516350905528,1566
628,1.0504908151396097,-0.07406393258004007,0.9141271531753336,0.8356284521724398,1548
629,1.0339318733266103,-0.07510893337959956,0.9149450768236054,0.8371244936037532,1595
630,1.0361907230374099,-0.0669740043359375,0.8989834316992107,0.8081712104696894,1603
631,1.0183212018476424,-0.06024528525051445,0.9011318750345427,0.8120386562032708,1602
632,1.0056813621632745,-0.06041104361389671,0.8995262440453926,0.8091474637264112,1603
633,1.0304849188321956,-0.07496616162454733,0.9187038731455416,0.8440168065326193,1587
634,1.0343996181848893,-0.06594742040982154,0.8949165442938228,0.8008756212507978,1609
635,1.0572807549429428,-0.0720735212867134,0.9053558722744547,0.8196692554618387,1612
636,1.0674543260634166,-0.07430820576910419,0.919818437100556,0.8460659572301095,1579
637,1.0168760169882982,-0.06131917059072145,0.9019963638115238,0.8135974403292108,1595
638,1.0335891409402211,-0.07395883663879488,0.9187157673775825,0.8440386612281804,1612
639,1.0380346607638262,-0.07234104276721676,0.9072501415826881,0.8231028194018076,1623
640,1.0438362058721053,-0.07955118773589487,0.9181587960420153,0.8430155747493231,1592
641,1.055063537748911,-0.0666962028313241,0.9175770013688705,0.8419475534410883,1616
642,1.0241850846572025,-0.06743880604992467,0.910071109789173,0.8282294248728971,1608
643,1.0770019654124494,-0.07680821163511947,0.9093020246938297,0.826830172112298,1594
644,1.0397539163033354,-0.06410542686093884,0.8956095956763679,0.8021165478675871,1575
645,1.0830864605989847,-0.07883653104601293,0.9145200026017205,0.8363468351586508,1614
646,1.059706309967274,-0.07581437848450501,0.9119042234295233,0.8315693127086019,1607
647,1.0191693090459175,-0.06503515370698942,0.9084495729546084,0.8252806266014103,1560
648,1.0355736141076641,-0.06896181530234935,0.90251283871105,0.8145294240382778,1585
649,1.0659271737814058,-0.0697596084523236,0.9137621847607307,0.8349613302987037,1596
650,1.0570453130649338,-0.0684260027030516,0.8874814885954982,0.7876233925996815,1584
651,1.0139278673004228,-0.0638990865342115,0.8940985081623499,0.7994121422981397,1601
652,1.0778296960372875,-0.07451756010462468,0.8879285117992676,0.788417042066062,1599
653,1.010336473070787,-0.06571722818709874,0.8981776392934424,0.8067230717267412,1592
654,1.0425431731719212,-0.07229727224554428,0.91424308882262,0.835840425459925,1614
655,1.0612955057846472,-0.07034349551589525,0.9134056926682623,0.834309959398788,1613
656,1.065016114656589,-0.07303700865862373,0.917636652507827,0.8420570260257705,1589
657,1.0674327759080895,-0.06827210186670957,0.914580931188709,0.836458279694006,1615
658,1.0197935492728463,-0.07343076116297786,0.9018773952571072,0.8133828360757444,1593
659,1.0156915484045863,-0.07443333272798225,0.9146590491833118,0.83660117625292,1602
660,1.049817184382935,-0.06300334558735637,0.9000244589149751,0.8100440266451936,1620
661,1.019343391327045,-0.06630264543927569,0.8979213315728777,0.8062627176936097,1575
662,1.040410320401412,-0.07052787950205597,0.9224115287852411,0.8508430284359257,1589
663,1.0349296819373148,-0.0722784119116675,0.9122868443991735,0.8322672864638019,1580
664,1.0602497564557833,-0.07979413850437711,0.9266071674515597,0.8586008427726027,1593
665,1.0347320607776729,-0.07189321920384728,0.910439451335481,0.8288999945480516,1596
666,1.0435794706796246,-0.0761166144795698,0.9254707724507296,0.8564961506605502,1636
667,1.0815266220739013,-0.08107329726364393,0.9031330841616442,0.8156493677073234,1597
668,1.0350747651619794,-0.06606918515105537,0.9018149787733193,0.8132702559399223,1588
669,1.0334055184758915,-0.07571879629601769,0.9216706957788796,0.849476871457524,1599
670,1.0342464904244117,-0.06901906324205292,0.8982169121052804,0.8067936211919451,1577
671,1.023065770204685,-0.07367669118374426,0.9074829277863425,0.8235252642236722,1607
672,1.0111662463898272,-0.06946158491886714,0.9139806442550947,0.835360618072958,1586
673,1.0543015853698172,-0.0750216264575965,0.9068005782525227,0.8222872887191095,1592
674,1.0534546602148578,-0.07575868248972573,0.9103018128992235,0.8286493905676129,1608
675,1.022263829047591,-0.06773185798697723,0.8975922058164066,0.8056717679423625,1573
676,1.0483642537168123,-0.07789603982832422,0.9107824527912336,0.8295246763124157,1590
677,1.0548488311114013,-0.07083099452416936,0.9092381054458455,0.8267139323947504,1615
678,1.0601582678339392,-0.07295883051494323,0.9251791029460167,0.8559563725279962,1606
679,1.021376721014613,-0.06546283361135738,0.8986770453061874,0.8076204317602592,1558
680,1.0957593518372664,-0.07271426499908679,0.9065870222935982,0.8219000289911732,1592
681,1.0263395465553302,-0.07236943213116614,0.9040388566096862,0.8172862542601488,1590
682,1.0532660257426598,-0.06159802159350486,0.9030615155357992,0.8155201008418145,1610
683,0.9855309310135857,-0.062110906227393764,0.9146678283287397,0.8366172361796129,1602
684,1.0526463061457192,-0.06711762059484083,0.9073684285802655,0.8233174651842203,1600
685,1.0638998515202742,-0.07684655420967618,0.9214053382406847,0.8489877973384305,1607
686,1.0474987962329607,-0.07198789007884532,0.9148772648427249,0.8370004097261055,1578
687,1.070232942551754,-0.0754087767842469,0.9212797937824323,0.848756458431801,1609
688,1.0303779364947168,-0.06726896243219899,0.9139781555300796,0.8353560687861663,1612
689,1.061930986369155,-0.07519477326721197,0.9024207806913829,0.8143632654236449,1609
690,1.048850172265713,-0.07107776284574302,0.9018680058526221,0.8133658999805852,1592
691,1.0248139993840761,-0.06559820520629894,0.9060883711126961,0.8209961362656589,1615
692,1.0560883580328118,-0.07104355739874924,0.9070166762804868,0.8226792510509013,1593
693,1.0373292541195394,-0.06484097854264892,0.8963822702127999,0.8035011743518531,1595
694,1.0181814051871452,-0.0673653624424827,0.914556957722768,0.8364144289191249,1603
695,1.0188866090249198,-0.06442019136794652,0.9057587456889014,0.8203989053919318,1601
696,1.0348193781711543,-0.0709021828605006,0.9022953803331927,0.8141369533706209,1596
697,1.0400738105172258,-0.07428599253000512,0.9192753704134481,0.8450672066487822,1577
698,1.05807825795935,-0.07538188270801943,0.9163736697369251,0.8397407025871192,1574
699,1.0264084871791068,-0.06387165244181497,0.9020656874737153,0.8137225045174266,1618
700,1.0397585589011606,-0.06758037732558758,0.9046710091676305,0.818429634828379,1600
701,1.0461056365919141,-0.06846181455347691,0.89647873076364,0.803674114711587,1566
702,1.0426170692826595,-0.07754481304872701,0.9149422426003524,0.8371193072945621,1594
703,1.053825684496877,-0.07196998644312425,0.9137919229731778,0.8350156784910181,1571
704,1.0354538251925762,-0.06916933862031105,0.9194077453439482,0.8453106021984423,1609
705,1.0385481596812098,-0.06694253992713528,0.9059374946762373,0.8207227442602575,1594
706,1.0526368045180725,-0.07817539166066745,0.916602834155889,0.840160755582608,1614
707,1.0643335500617987,-0.07568020302478068,0.9132276002269858,0.8339846498163394,1599
708,1.0290012534143098,-0.06424385832888241,0.8901425835608098,0.7923538190683133,1575
709,1.013970536902725,-0.06927490545232878,0.8995031687137991,0.8091059505261653,1593
710,1.0166133294507644,-0.06578413962690283,0.9054338498074195,0.8198104563770846,1621
711,1.064995256229674,-0.07226962680538485,0.9071673324378636,0.8229525690424294,1578
712,1.0416933497582355,-0.06844829575787797,0.9143009339590434,0.8359461978383791,1572
713,1.0295294872354497,-0.06758115866313708,0.8940239149334834,0.7992787604729924,1588
714,1.0411911261373226,-0.06996419790283798,0.9011514622805252,0.8120739579703289,1585
715,1.0553851736666064,-0.07205764940173737,0.910176302270327,0.8284209012144856,1609
716,1.0479575069999518,-0.07585222273877196,0.9121535830026253,0.8320241589845272,1578
717,1.0290714821017923,-0.06440537892234632,0.8907841766264646,0.7934964493280885,1577
718,1.041302260224903,-0.08080787053675276,0.9021865524282933,0.8139405753824496,1590
719,1.0374779303895956,-0.06926568415057013,0.8968197870069264,0.8042857303671489,1620
720,1.0404584451892995,-0.06622257348330657,0.9066363375157954,0.8219894485040553,1591
721,1.0372665432139814,-0.06968805425938246,0.8976689236889733,0.8058094965569198,1596
722,1.0302093813017275,-0.0688729511080067,0.9106064261007731,0.8292040632560228,1578
723,1.0384304255927939,-0.06824648501663655,0.900758923850919,0.8113666388970657,1592
724,1.0431076075380599,-0.07275372756958387,0.9111496969832987,0.8301937703127571,1611
725,1.054356249721066,-0.07248223580379348,0.8999744907757007,0.8099540840469818,1624
726,1.027176823396205,-0.06483471210013775,0.908278936394104,0.8249706262972047,1572
727,1.0173097307013055,-0.06597908151134518,0.9065607756541976,0.8218524399547403,1607
728,1.0292739617731652,-0.07236450778958958,0.9173264030172049,0.8414877296724834,1613
729,1.0422675268967967,-0.07008798857889736,0.910180711640059,0.8284289278416042,1639
730,1.000952144764416,-0.06382617954285147,0.8980769030452252,0.8065421237833029,1586
731,1.017441603017346,-0.06442906961405198,0.8955516268624895,0.8020127163760515,1601
732,1.021517631681981,-0.061981278110360805,0.9020788762406213,0.8137462989595422,1596
733,1.0571634607403435,-0.07152755663483062,0.895689799308883,0.8022602165859872,1604
734,1.0521528674419094,-0.0686967442426289,0.904603135620285,0.8183068329740518,1598
735,1.0769957741025464,-0.07293016656931722,0.8967995583767857,0.8042494479047979,1579
736,1.042561655787744,-0.06436668096311993,0.890387974946494,0.7927907459293184,1591
737,1.048600849995135,-0.07622377275873146,0.9110731711243003,0.8300543231424886,1602
738,1.0323664514779831,-0.06922127317342358,0.9038842370227923,0.8170067139382754,1552
739,1.0464434786631167,-0.07401653115081314,0.9225758827322657,0.8511462593992192,1568
740,1.0090671075805717,-0.060551974650513096,0.8908286130697286,0.7935756178637362,1586
741,1.0455560265806931,-0.07297171899332305,0.9068974471830583,0.822462979707148,1596
742,1.033906853546331,-0.07023258880682418,0.9013670729041283,0.8124626001157562,1583
743,1.0260949053387778,-0.06973422725208805,0.9089137444041624,0.826124194766795,1591
744,1.0227519876407727,-0.06708044047595324,0.8981533913704605,0.8066795144302595,1607
745,1.0257986210651897,-0.06831596709201243,0.9174769178996698,0.8417638948786774,1587
746,1.0372283611495714,-0.07468897760612203,0.9081714862839313,0.8247754484991648,1588
747,1.044260400705968,-0.06306558965618397,0.8989084500795587,0.8080364016244345,1596
748,1.0819161541983784,-0.07847151109932804,0.9141244788810029,0.8356235628894652,1588
749,1.0628226497555955,-0.07816257759493833,0.9205578696765526,0.8474267914234328,1594
750,1.043385035641746,-0.07223493827643174,0.9108138489735196,0.8295818674819573,1573
751,1.0471683910121394,-0.0733981286476432,0.9081595061027056,0.8247536885247101,1602
752,1.0333341566351895,-0.07244065474667344,0.9134435765955825,0.8343791676237298,1585
753,1.022073264743521,-0.06924699451714558,0.9056885378267162,0.8202717275506951,1601
754,1.0479626878042336,-0.06801857111134074,0.9099815449540464,0.8280664121569531,1619
755,1.0593705159299884,-0.06701897748003066,0.8974424107500052,0.8054028806127811,1579
756,1.008812911272024,-0.07054401740040145,0.9130139317400746,0.8335944395514696,1613
757,1.032091617232053,-0.06536068350153296,0.8996512468545452,0.8093723659669378,1587
758,1.0030903267686013,-0.069571524117509,0.9149966103079084,0.8372187968749623,1644
759,1.0544285557943707,-0.07237923255127021,0.9029535669129819,0.8153251440008769,1573
760,1.0489395270974775,-0.06697436244021754,0.8900176515785181,0.7921314201213404,1566
761,1.0434348278358407,-0.06598061262025351,0.9073728079739488,0.8233254126505286,1617
762,1.0265524050172001,-0.06648460990875285,0.9047025617835404,0.8184867252977006,1583
763,1.0066080244612174,-0.07108440523085319,0.9127687419104474,0.833146776208781,1609
764,1.048302888943775,-0.07927078745765148,0.901330616706005,0.8123968806116273,1613
765,1.0444590061074648,-0.07621301060310948,0.9160977647743561,0.8392351146245715,1588
766,1.039412136410749,-0.07182932538204007,0.9144052318667443,0.8361369280652744,1595
767,1.0385384523863495,-0.07417376029564346,0.9115928405674614,0.831001506973853,1607
768,1.0491517410778717,-0.07205135178533334,0.9044170847207815,0.8179702631348373,1621
769,1.0598170348429032,-0.06981411092120454,0.9156652046464506,0.8384427670002264,1582
770,1.042290629384238,-0.0720306409853248,0.9196747119650732,0.8458015758280404,1619
771,1.0289292958425265,-0.07571141882214386,0.8986804660618832,0.8076265800812037,1552
772,1.040363118262394,-0.0661200289318018,0.8925638259386549,0.7966701833742494,1627
773,1.039362355831565,-0.06404688404088199,0.9051115224969003,0.8192268681566569,1596
774,1.0456734754821049,-0.07995285295475968,0.898385799198619,0.8070970442017414,1597
775,1.0465758447073699,-0.07594989127952331,0.9082381093106767,0.8248964632042327,1558
776,1.021773600838682,-0.06578406424786618,0.9093850573344919,0.8269811825032571,1590
777,1.0530287888937506,-0.08242057742756509,0.9075769066166243,0.8236958414238007,1563
778,1.0441103113566492,-0.0788300446984938,0.9217206659002883,0.8495689859476709,1601
779,1.0168708226610044,-0.07379000720341372,0.9086072375928829,0.8255671122061695,1585
780,1.0473630476627844,-0.06768968448091661,0.9059892688331127,0.8208165552407581,1612
781,1.0310786967537904,-0.06548051065768795,0.9119280210542428,0.8316127155839074,1571
782,1.0363498202912342,-0.06573046222665407,0.8896331224214349,0.7914470925093118,1596
783,1.0685336338608775,-0.07028856524892102,0.9042321772982568,0.8176358304615461,1608
784,1.0077412324479615,-0.06661693292449777,0.9029488667390475,0.8153166559453302,1617
785,1.0412321340029456,-0.07328470396449588,0.911507992525762,0.8308468204383446,1607
786,1.0272479900435332,-0.06859636408115555,0.9107720857756764,0.829505792228176,1604
787,1.0276429402470986,-0.06797597473779299,0.8970743992228347,0.8047424777410098,1578
788,1.0171603360764452,-0.06483803464772542,0.9031242033168303,0.8156333266166594,1608
789,1.0626189351358988,-0.07723318650100808,0.9185494930485764,0.8437331711797966,1598
790,1.0579442307023996,-0.07831826269238584,0.9086211159813179,0.8255923324071356,1606
791,1.0587766099653824,-0.07095545232608852,0.9084452977006231,0.8252728589143737,1591
792,1.077769300440982,-0.07282863938560796,0.9065166120011606,0.8217723678340628,1601
793,1.0473267721809714,-0.07395259118161776,0.9182942958386371,0.8432644137697783,1615
794,1.0289493585923115,-0.06426885333726307,0.8889350886229509,0.7902055917850935,1584
795,1.023579591187582,-0.07539435649045048,0.91867082442866,0.8439560836564338,1567
796,1.058642931738701,-0.07395027115692177,0.9045380264098972,0.8181890412215119,1613
797,1.0284612708179168,-0.06703235473022229,0.9018166300048595,0.8132732341533215,1591
798,1.0407247257541818,-0.07743284894187219,0.9191170659148745,0.8447761808559678,1599
799,1.0237560919222408,-0.07133367405362581,0.9008772469969278,0.8115798141567637,1598
800,1.053195425499393,-0.06909922759400072,0.8930978182208822,0.7976237129109,1595
801,1.0231135027342881,-0.07145568921975748,0.9068097652679944,0.822303950385395,1603
802,1.0333883234273964,-0.06196885376286787,0.900017199432044,0.8100309592734996,1601
803,1.0416280948819179,-0.06757015400006616,0.8989245846221634,0.808065408838129,1608
804,1.0557019226625863,-0.0741115871852176,0.9103802987116849,0.8287922882823766,1580
805,1.0050717514352716,-0.055056498990303515,0.8927028203081284,0.7969183253860866,1641
806,1.0024393799451852,-0.0675738442690933,0.910216056988827,0.8284932704002876,1615
807,1.013689114291177,-0.06354835950016541,0.904689575473948,0.8184632279712323,1567
808,1.0610657874194027,-0.06891289719325772,0.9138643703957623,0.8351480874788431,1598
809,1.0647473590190222,-0.07029483551643484,0.9125811315950808,0.8328043217433582,1586
810,1.0257514260731184,-0.07087204036341582,0.9108386826129392,0.8296271057440746,1597
811,1.0500921648719272,-0.07514180317541475,0.9126953798908244,0.8330128564740562,1586
812,1.0546753978614245,-0.07329553697173852,0.9143150977753053,0.835972098019866,1580
813,1.0519818911116101,-0.07194063375206039,0.9048086694464184,0.818678728305398,1616
814,1.0594032074691386,-0.07287875044501751,0.9078477247102388,0.8241874912615575,1617
815,1.0398590839912216,-0.06337525111669778,0.911144087882615,0.8301835488834425,1600
816,1.0293753076780003,-0.0736691959160658,0.9089568800779276,0.8262026098410001,1569
817,1.0071008499202039,-0.06820041346228861,0.899923033793991,0.8098614667529807,1607
818,1.0358190162807535,-0.0626792134621002,0.895254663353752,0.8014809122566399,1609
819,1.0341255827473426,-0.06788822701748742,0.896600495712712,0.803892448912281,1615
820,1.0173464783109478,-0.07033826804898177,0.8941006880703225,0.7994160404078241,1600
821,1.0244938751307207,-0.06797621829445616,0.913861379063832,0.8351426201444488,1590
822,1.026873341530972,-0.06716069183797796,0.9143182442792499,0.8359778518218901,1615
823,1.0441517139650929,-0.07169048729115257,0.907604871156263,0.8237466021465767,1596
824,1.0292732590810558,-0.0689601770905659,0.9059081381030586,0.8206695546813503,1602
825,1.0205800637655054,-0.06927211508303438,0.9014058651968013,0.812532533811194,1609
826,1.0482770207617194,-0.06858161888273068,0.9071964307421745,0.8230053639513409,1659
827,1.0423758664157934,-0.07532862136177199,0.9022240995801246,0.8140083258631666,1574
828,1.0223513649033487,-0.06594024136514204,0.8966247480859627,0.8039359388802161,1589
829,1.0227479034719689,-0.06951838835800944,0.9094370628707384,0.8270757713229555,1600
830,1.0405882078444395,-0.07226672385519661,0.9066977856142151,0.8221008744377212,1580
831,1.0517502826115992,-0.07295554532303394,0.9190443497137191,0.8446425167407128,1605
832,1.032632117351629,-0.07440101621924111,0.9096527740526744,0.827468169341726,1568
833,1.0328186720270323,-0.06755212863337356,0.9177359122409261,0.8422392046166848,1600
834,1.0032468907882017,-0.06497638832677805,0.9038023377865774,0.8168586657884825,1586
835,1.0661956207333807,-0.07444285050824562,0.9120382558695096,0.831813780169497,1586
836,1.0613356579296322,-0.075346096891651,0.9024493150778994,0.8144147662845698,1600
837,1.0286195738750374,-0.06926586593389522,0.9128126237898223,0.8332268861500597,1589
838,1.0267724558126432,-0.06938187994398626,0.9060770302665089,0.8209755847765761,1597
839,1.0574357419878548,-0.06689181265924327,0.8988473112444768,0.8079264889314254,1634
840,1.0538748020567588,-0.07563949783788887,0.9086546701872237,0.8256533096530523,1598
841,1.0467327448141095,-0.06362118661163146,0.903213219380625,0.8157941196639131,1578
842,1.0706731889143093,-0.07094743428215933,0.8972277812151935,0.8050176913843392,1565
843,1.048702307009482,-0.06723753451596362,0.9112625913583349,0.8303995104091076,1581
844,1.042570705734989,-0.06901789180288331,0.9012654386044878,0.8122793908229398,1587
845,1.0148034661749596,-0.06963880061287062,0.9078271567509264,0.824150146534471,1598
846,1.0472912147275195,-0.06977302930480139,0.9098240311537679,0.8277797676648924,1587
847,1.0435153261188963,-0.07144036955265035,0.9195354828786828,0.8455455042729324,1590
848,1.0441481110708055,-0.07116830902173676,0.9132655808035793,0.8340540210804991,1581
849,1.035994194768701,-0.07636431872922411,0.9161195329821351,0.8392749987114053,1578
850,1.011560397956469,-0.06788339226230433,0.9023677823222991,0.8142676145732641,1594
851,1.0283861417533577,-0.06861130931183795,0.9012086564738523,0.8121770425034059,1611
852,1.0335226657842271,-0.07186676228068334,0.898905754174928,0.8080315548887961,1599
853,1.055497115626909,-0.07227949688815655,0.9111190217155025,0.8301378717318143,1613
854,1.03679019670226,-0.06881077470755914,0.9100010329670892,0.8281018800011695,1614
855,1.0207098107473447,-0.0716895237774145,0.910042301422779,0.8281769903788682,1622
856,1.0383511514899735,-0.06477101813844904,0.9021987000876476,0.813962494439841,1596
857,1.0713731246304097,-0.06747996142222393,0.9164924532577049,0.8399584168783264,1626
858,1.014306458588028,-0.07071641551734567,0.9096263032049131,0.8274200114822365,1615
859,1.0219001110969905,-0.07187869995411722,0.9080988964706069,0.824643605771134,1599
860,1.019622933674502,-0.07132248948909914,0.8990235789594957,0.8082433955251406,1609
861,1.054633839467765,-0.0695583565244377,0.895280143989184,0.801526536221294,1593
862,1.026540471593109,-0.06928125843874477,0.9109987204416479,0.8299186686463197,1608
863,1.0181560246029409,-0.06393330592394664,0.9102301009891717,0.8285188367467576,1576
864,1.0658569654064105,-0.07238892284075749,0.9099735655423374,0.8280518899858347,1597
865,1.023572982520325,-0.07023275296938042,0.8985547007851679,0.8074005503031225,1605
866,1.03065062040757,-0.0701539646652864,0.9183003797750613,0.8432755874950218,1623
867,1.0288225992079862,-0.07124595696753483,0.9082825502156953,0.8249771910263269,1596
868,1.0333056805454892,-0.07121831941432169,0.9124986032975778,0.8326537010200303,1617
869,1.021467952483289,-0.05829425304542635,0.8933362845979853,0.7980497173793326,1602
870,1.0572112830114708,-0.07905718802780926,0.9258331034166867,0.8571669353821733,1613
871,1.0332087529090233,-0.06372197504523602,0.9126584684591432,0.832945480050189,1594
872,1.027467442976497,-0.06989839546514331,0.9031998408851588,0.8157699525749762,1627
873,1.0303441714818604,-0.06799581435387525,0.8948536765201236,0.800763102381582,1587
874,1.0397296773165863,-0.07213517027435767,0.9072204384676399,0.8230489239734168,1588
875,1.0191243291919,-0.07232952267135506,0.909359410555286,0.8269345375654572,1607
876,1.0414905998124997,-0.06876747226466667,0.8995170620792944,0.8091309449717652,1577
877,1.0105378592065952,-0.06606411617721603,0.9155376468792834,0.8382091828532554,1599
878,1.0262079030809519,-0.0740860697004922,0.9189672301457134,0.8445007700816844,1630
879,1.0385983103168213,-0.06717672931594992,0.8957349286714889,0.8023410624421172,1558
880,1.040205538072885,-0.069544587167086,0.9175081810054656,0.8418212622119582,1615
881,1.0776392962076105,-0.07466269841844364,0.9041951327982427,0.8175688381760318,1602
882,1.0225926515888535,-0.0689359483338059,0.9133257457878254,0.8341639179188876,1598
883,1.034106913138711,-0.07135291629466683,0.9120649152912229,0.8318624097051857,1607
884,1.0495700473070702,-0.07436460060916567,0.906667930439131,0.8220467360867768,1583
885,1.020521169515628,-0.0659129043630543,0.9019525405186536,0.8135183853480534,1605
886,1.0677569346846112,-0.06628784925470993,0.8970352930412074,0.8046723169615249,1615
887,1.0429909631168457,-0.0730635567071477,0.9164105464788633,0.839808289697689,1581
888,1.0462202659187831,-0.07490793537189161,0.9073083657895858,0.8232084706317689,1612
889,1.0542787756310426,-0.07653135057886801,0.9165292685113884,0.8400259000380207,1586
890,1.0408012386805008,-0.07040378756774773,0.9038718463920962,0.8169843147002571,1592
891,1.0205651837992544,-0.06401237965443218,0.8893260270026964,0.7909007823044006,1549
892,1.019520127486708,-0.07394642547383212,0.9014728512073512,0.8126533014639111,1605
893,1.0376213435753212,-0.07407179794634094,0.8961327700635782,0.8030539415818219,1572
894,1.0458124626088519,-0.07153510850864997,0.9061773494819626,0.821157388714155,1569
895,1.011053676940827,-0.07120176254889193,0.9079969974699906,0.8244585474145182,1591
896,1.0102501389974294,-0.06582332766765364,0.9116732618497102,0.8311481363716903,1617
897,1.0653163498030955,-0.07564861193087496,0.9122632940806231,0.8322243177268295,1606
898,0.9996757738973454,-0.06395616731462317,0.900425149830092,0.8107654504465437,1565
899,1.0435925374350004,-0.07277052834087133,0.9148952158654564,0.8370332560135001,1624
900,1.0505563301885465,-0.0751827285283711,0.9142809095300471,0.8359095815310903,1638
901,1.023087697147499,-0.0682681604978595,0.912008705290604,0.8317598785258437,1591
902,1.055280378809824,-0.06752522683854834,0.9065745506459355,0.8218774158788799,1617
903,1.0421268070113423,-0.07510215380896706,0.9127076173433832,0.8330351947566357,1534
904,1.019294283016714,-0.07004023414639393,0.9117930923274343,0.8313666432160252,1567
905,1.0089473867321033,-0.06832421900277078,0.8959929734015726,0.8028034083849912,1614
906,1.0410258850265488,-0.07284603225338782,0.9204483332923263,0.8472251342606215,1579
907,1.0748574343732213,-0.0690880962768533,0.9212270777561088,0.8486593287910598,1626
908,1.0301827999401998,-0.06907441902304495,0.9031267137681133,0.8156378611215915,1573
909,1.0416437356965167,-0.06759687223565397,0.9092790292124895,0.8267883529656073,1572
910,1.0484357187945967,-0.06886431333025372,0.9080934057514737,0.8246336335693106,1620
911,1.0182219864841557,-0.06886838450497929,0.8903727105839574,0.7927635637526236,1583
912,1.0753916566977093,-0.0793995088561946,0.9071842743146243,0.8229833075637516,1593
913,1.0527632258978745,-0.07094015149687308,0.9024990414757427,0.8145045198646342,1599
914,1.0406918335878264,-0.07289463267538399,0.9221983298692252,0.8504497596135884,1614
915,1.0650807322105236,-0.07205430558780374,0.9089829841940812,0.8262500655543773,1585
916,1.0476079417691093,-0.06934230864386848,0.9053435520592829,0.8196469472553194,1604
917,1.0591868052278892,-0.07738916074945851,0.9091693714650829,0.8265889460102139,1618
918,1.0424369052637166,-0.07503321109960687,0.9137564724178173,0.8349508908854534,1566
919,1.0292791867780045,-0.06416800673196044,0.8993965543038269,0.8089141618935967,1629
920,1.067105237695748,-0.07120376219183522,0.9107767577342298,0.829514302428876,1601
921,1.0181462959994017,-0.06886065709510125,0.9081617419454833,0.8247577495334546,1601
922,1.0269671845373203,-0.06940469407960798,0.9021051050350042,0.813793620530216,1554
923,1.0233459891334418,-0.07091045681951735,0.9112752056907789,0.8304225005067715,1604
924,1.0481394409213682,-0.07354796594670604,0.9100594369613332,0.8282081788023787,1602
925,1.0122520696501687,-0.06727102575340696,0.9105440915868624,0.8290905427237445,1629
926,1.027755919517463,-0.07226907472473684,0.913241411293494,0.8340098753013326,1595
927,1.0146520813758473,-0.06481279151530334,0.9014797616322244,0.8126657606324922,1621
928,1.0332738610905763,-0.06925207364695096,0.9158505688303966,0.838782264426961,1630
929,1.0525460428476618,-0.06869167342575078,0.9084248033143243,0.8252356232766688,1574
930,1.0122214380815706,-0.0677485915559703,0.907602546680902,0.8237423827416589,1579
931,1.0283504282635734,-0.06981286484509258,0.8929943221326453,0.7974388593611427,1595
932,1.0576241208430965,-0.06745378715105577,0.9086387630634161,0.8256244017414147,1625
933,1.0174375058612872,-0.06943197259854889,0.9167634872993373,0.8404552916452422,1582
934,1.049650289967482,-0.06928675529862494,0.9072868868529643,0.8231694950553436,1553
935,1.045514404526217,-0.07428161893935353,0.9051580162077534,0.8193110343051555,1583
936,1.0924558887852278,-0.07840315989162583,0.9075402299534843,0.8236292689840231,1585
937,1.033871402367428,-0.07054130416601118,0.9094950549323926,0.8271812549464758,1571
938,1.0423588891837179,-0.0738695994472286,0.9169371060272445,0.8407736564096183,1581
939,1.0461190319153706,-0.07608928025041206,0.9100611050801238,0.8282112149796562,1618
940,1.019959480614091,-0.07118225829594807,0.9057966226066451,0.820467521525605,1604
941,1.0336947900568085,-0.06820450951846097,0.907164026854765,0.8229465716193529,1597
942,1.0783834368016294,-0.07654724181039746,0.906199154918195,0.8211969083744508,1596
943,1.0308286176615788,-0.06763910961261005,0.9120097015647551,0.8317616957482338,1615
944,1.0149672067572229,-0.07022981021812413,0.9182743327393366,0.8432277501678738,1633
945,1.0638709997536457,-0.07766410584824754,0.9001554573114987,0.8102798473276733,1591
946,1.0266991050341447,-0.06800641354137577,0.8946089220956477,0.8003251234931367,1609
947,1.051871899656372,-0.06703277595743001,0.9039055712611603,0.8170452817569646,1569
948,1.0242725652695466,-0.06747662647657976,0.9147216178662292,0.8367156381918118,1588
949,1.033227858651247,-0.0700860444048016,0.9139157645889758,0.8352420247642522,1586
950,1.002168368830797,-0.0662982434862453,0.9015101660470016,0.8127205794860924,1613
951,1.045547952506048,-0.072955554727133,0.9113286434273896,0.8305198963312063,1603
952,1.0316784712603388,-0.06882355918492217,0.9035361852214818,0.816377638004588,1594
953,1.0554313533073778,-0.07082217103488275,0.9047446534452217,0.8185628879377144,1623
954,1.021947193499046,-0.06971691126794366,0.9048697881595348,0.8187893335238814,1604
955,1.0641622982377696,-0.0712821905163375,0.9146368114438145,0.8365604968481078,1618
956,1.0148708793637617,-0.0709840994721006,0.9114020363408929,0.8306536718463262,1586
957,1.0430368595647281,-0.06881002557118815,0.905349129666158,0.8196570465872698,1604
958,1.0337181645315596,-0.06644368705338977,0.9211971150464014,0.848604124769813,1583
959,1.0493990093511933,-0.07177331204122167,0.9053231110606449,0.8196099354205247,1600
960,1.061624661633676,-0.07141336016727123,0.8927254754779497,0.7969587745673313,1609
961,1.035344326782499,-0.07046930913136112,0.9000720911006365,0.8101297691782724,1582
962,1.0740785573741836,-0.07866110429875989,0.9158933775829547,0.8388606791003129,1592
963,1.0286928859428164,-0.07278859337318888,0.911403985077408,0.8306572240149802,1604
964,1.0750884086590988,-0.07523157576035794,0.9131873111736514,0.8339110652885632,1608
965,1.0364825449055386,-0.07336526656389725,0.9108765987948612,0.8296961782320944,1594
966,1.014997381406915,-0.06552977380446698,0.8986941629352804,0.8076511984939443,1592
967,1.0447651890022085,-0.06831077957700954,0.9024838085677105,0.8144770247268799,1618
968,1.0376519556853587,-0.06975036366411741,0.8992046764653855,0.8085690501772186,1593
969,1.0452847819211357,-0.07480047417548885,0.9127578995110932,0.833126983119903,1613
970,1.0412795408318565,-0.06947663434003137,0.908977814102706,0.8262406665309334,1563
971,1.044223910143886,-0.07194096091613517,0.9060390402421344,0.8209067424428881,1585
972,1.0516311677583423,-0.06894524280763908,0.9081933050968587,0.8248150794227559,1588
973,1.041860166152816,-0.07255321095893613,0.9093672610844135,0.8269488155321678,1593
974,1.06638896671809,-0.07628757645573359,0.9080065265899393,0.8244758523299262,1584
975,1.0581888591946573,-0.07180068975983278,0.9075067116785784,0.8235684317416665,1610
976,1.0366098642885553,-0.06524071326272729,0.898478562818876,0.8072637278450728,1598
977,1.0388932583415849,-0.06850003075240185,0.9154694617759437,0.838084335444336,1575
978,1.0295912963655496,-0.06928339135032163,0.9079039784367997,0.8242896340613689,1583
979,1.0235859422266405,-0.06925563711502641,0.9111742653848355,0.8302385418995946,1597
980,1.0793124839109223,-0.07146745909345342,0.9048121391238667,0.8186850071059075,1614
981,1.0669673549833836,-0.07198265899983333,0.9055938043366056,0.8201001384528464,1609
982,1.0178701364758405,-0.07353532038652738,0.9072062765061891,0.8230232281322241,1570
983,1.0262917447686974,-0.0661409716760081,0.9053716715807618,0.8196978637009429,1609
984,1.0396696395432423,-0.06936516668979686,0.9152445899233983,0.8376726593840496,1607
985,1.035346651615686,-0.06242875538168763,0.8936354470408714,0.798584312207938,1610
986,1.0497638651398506,-0.06944365741013492,0.9116705178065105,0.831143133037591,1585
987,1.0571055047142135,-0.06872066263089155,0.9025333401383725,0.8145664300613272,1581
988,1.03847440250963,-0.06767427003079157,0.9042310668009488,0.8176338221679819,1605
989,1.0104406743793275,-0.06545786345053323,0.9060316184880459,0.820893293700068,1624
990,1.040353298056222,-0.07073668190682325,0.9038989484221175,0.8170333089586098,1564
991,1.0311587877984218,-0.06970863533571503,0.910189763822173,0.8284454061666631,1600
992,1.0582570976398897,-0.07010623328073334,0.9099933522784127,0.8280879011909034,1593
993,1.0429070380803551,-0.07314675685595884,0.9135370399552133,0.834549923370133,1612
994,1.0171389839957972,-0.07193447172833684,0.9054733227411247,0.819881938195853,1614
995,1.046891647095483,-0.06533167748586527,0.9002753073347971,0.8104956289967634,1578
996,1.0392400249726554,-0.06676817476146851,0.9123937617801,0.8324623765352419,1594
997,1.0312536673501451,-0.07300716169335694,0.9236755949271126,0.8531766046639554,1586
998,1.048485550072336,-0.06894880963317004,0.9110626829593501,0.8300352122810893,1575
999,1.0802038196411963,-0.07311616710410818,0.9038856911326366,0.8170093426343241,1574
1000,1.0526050743192963,-0.07126932807030906,0.9009902864915906,0.8117834963521986,1573
1001,1.0568520492694242,-0.07422533999212438,0.9084236081683777,0.8252334518776543,1620
1002,1.0286141424644282,-0.067849777285859,0.9205180109146911,0.8473534084183394,1576
1003,1.0306649230795988,-0.07031096215803906,0.9156423394933095,0.8384008938727812,1605
1004,1.0534684025294074,-0.0697529030172448,0.8969679692159614,0.8045515377994059,1610
1005,1.0345460447133132,-0.06282667298930938,0.9025592910266668,0.8146132738185593,1606
1006,1.0569168216947626,-0.06899691433203464,0.899501368986972,0.8091027128094367,1590
1007,1.0323706133915307,-0.07671809325628495,0.9073266213841709,0.8232415978724146,1603
1008,1.0444315020211357,-0.0683818277306224,0.9115717453039318,0.8309630468364563,1606
1009,1.0410891513079135,-0.07260282065591828,0.9109812731269964,0.8298868799880832,1591
1010,1.0295991199275907,-0.06812795428423024,0.908991258912022,0.8262651087784627,1599
1011,1.0465822542469905,-0.07044491317157303,0.912403384750989,0.8324799365050614,1639
1012,1.0513237480737043,-0.07291175351167908,0.9125091387575465,0.8326729283160392,1600
1013,1.0374158932731887,-0.07403914257782929,0.9071957714911346,0.823004167811395,1580
1014,1.0322707211384166,-0.07321499352561794,0.9077943197593351,0.824090526987314,1586
1015,1.034100502509428,-0.07101515673496042,0.9054325391129814,0.8198080828845805,1619
1016,1.0493430219044937,-0.06580883019529327,0.8917520121439277,0.7952216511627439,1549
1017,1.0419927175308934,-0.07458482686395121,0.92324235643067,0.8523764487076563,1602
1018,1.0368313142978582,-0.06571439197569062,0.898767141706615,0.8077823750114785,1596
1019,1.0255047114197045,-0.06488048203414198,0.9034920529715376,0.8162978897827237,1611
1020,1.0747007812782439,-0.08167693011422106,0.9203043987544298,0.8469601863667525,1604
1021,1.0321724239715344,-0.07347330753246764,0.9120522174975734,0.8318392474422409,1565
1022,1.0440041396089954,-0.06503539049079293,0.8938437060830936,0.7989565709043598,1611
1023,1.0407410408272035,-0.07869141012920103,0.915326545681182,0.8378226852286449,1618
1024,1.0647668486251745,-0.07503001208870125,0.9162546450711067,0.8395225746143796,1578
1025,1.0258614169101519,-0.05848418615768036,0.9040216579926984,0.8172551581198674,1590
1026,1.0423946007431575,-0.06557517540531971,0.903370599343575,0.8160784397583699,1596
1027,1.0444324318638019,-0.07054320664338215,0.9126344783972418,0.8329016911594056,1602
1028,1.0404046315299127,-0.07139167508703714,0.9066164807539132,0.8219534431746107,1578
1029,1.0204238736376001,-0.07278913044417479,0.9120930064126781,0.8319136523469176,1605
1030,1.0427348352568868,-0.06816546521539502,0.9078711064011833,0.8242299458381087,1579
1031,1.0444249429284778,-0.07191094052691183,0.9031658090434123,0.8157084786250414,1626
1032,1.0412417502842373,-0.06932423721967423,0.9089266356390696,0.826147628974158,1577
1033,1.059753688262759,-0.07522180683741153,0.9154909228045153,0.8381236297374629,1594
1034,1.031707547700957,-0.06952719898938975,0.8996970458276236,0.8094547742709529,1575
1035,1.0633649752823067,-0.0687229383639289,0.9072437517701615,0.8230912251259984,1619
1036,1.0298644552228817,-0.07371349092715818,0.910135752326017,0.8283470876620449,1634
1037,1.0487416269998435,-0.06710799705101417,0.9019988506959297,0.813601926656778,1609
1038,1.0639423057601753,-0.07220410018400247,0.9088285060259238,0.8259692533653126,1651
1039,1.0282907610266283,-0.06989247025186107,0.9043951275864824,0.8179305468021698,1582
1040,1.027139344403542,-0.06853751033416527,0.9047962188645066,0.8186561976715081,1591
1041,1.04999887906722,-0.0705459865330022,0.9148382781287229,0.8369290751295265,1580
1042,1.0247585970627064,-0.06690668900225372,0.9036121169197333,0.8165148578441618,1615
1043,1.0346817773356636,-0.06804166419818325,0.9100071046851853,0.8281129305775138,1595
1044,1.044124698038419,-0.07459871467537921,0.9145769818395114,0.83645105571067,1633
1045,1.0468913238259803,-0.06852993426841247,0.9147058318849992,0.8366867588844284,1606
1046,1.0443749813082186,-0.07189044195390332,0.9064082264845702,0.8215758730389039,1589
1047,1.0457136839871173,-0.07227404897769191,0.9020753704121468,0.8137399739042118,1566
1048,1.0104152557440718,-0.06520498435021826,0.9067191496327066,0.8221396163106586,1611
1049,1.0302758447069467,-0.07074013490499803,0.9099128374306772,0.827941371721146,1594
1050,1.0290742832194082,-0.07114411299404266,0.9084299662159753,0.825245003519158,1557
1051,1.0502873517998281,-0.07087436703686109,0.9041872303155404,0.8175545474656881,1593
1052,1.0268834796357478,-0.06752378892966915,0.9044368216870738,0.8180059644234158,1579
1053,1.0430274819094132,-0.06815165103023746,0.8983959352020241,0.8071152563875195,1598
1054,1.0485360060689433,-0.07682507007010492,0.9177888606799834,0.8423363927882621,1590
1055,1.0416858214713594,-0.06448733221820946,0.9121419812903687,0.8320029940323194,1578
1056,1.0254557354596154,-0.06772804141290267,0.9049219949721671,0.8188838169844068,1628
1057,1.0189217012248144,-0.0682727149239451,0.9040157391768269,0.8172444566794247,1625
1058,1.0868581259282786,-0.07316489871046955,0.9099502640394097,0.8280094830253915,1565
1059,1.0330687404961958,-0.06585708313880728,0.9174069888080488,0.8416355831138514,1589
1060,1.0432791416482718,-0.06775696064041337,0.909062508270095,0.8263946439423167,1619
1061,1.0361373283509676,-0.07229186520446051,0.924107602604054,0.8539748611906122,1597
1062,1.0318261182529622,-0.06809546690821738,0.9034709687053122,0.8162597912933152,1596
1063,1.0457317743381225,-0.0722072863276928,0.9132500382420968,0.8340256323491914,1568
1064,1.0438722317097935,-0.07165205261704266,0.9147059402253603,0.8366869570835604,1584
1065,1.0658400366620815,-0.06785378622420973,0.9022314523378018,0.8140215935875791,1615
1066,1.0395000890555626,-0.07103721523397583,0.9089913852373019,0.8262653384356291,1617
1067,1.0168253006424552,-0.06997480039294102,0.9028104404692162,0.8150666914202201,1580
1068,1.045388593399894,-0.07639424252751512,0.9085078784393641,0.8253865651863944,1587
1069,1.0496224355713486,-0.07086631269463672,0.9121545911447086,0.8320259981463706,1572
1070,1.040387531535036,-0.06676890856312034,0.9028542753677308,0.8151458425497903,1557
1071,1.053997215040843,-0.07073022032410514,0.9028205717260006,0.8150849847316626,1584
1072,1.0513196374993774,-0.07213382557023618,0.9043943077304801,0.8179290638552944,1589
1073,1.0280525428013711,-0.06876978739338718,0.9216411046839397,0.8494223258430327,1606
1074,1.0113762338700654,-0.06930353645695336,0.9032621588014781,0.8158825275227066,1608
1075,1.0375897522401838,-0.06701552297235164,0.9054439282923015,0.8198287072813943,1617
1076,1.041611958183803,-0.07542011176540658,0.9119473745747945,0.8316480139938605,1589
1077,1.016985112950042,-0.07214421768922485,0.9039842687405021,0.8171875581303003,1603
1078,1.0034156148452154,-0.06910852208735285,0.9172761113919664,0.8413954645303672,1617
1079,1.0226084962519097,-0.06671843922115595,0.9139910327835767,0.8353796080087893,1607
1080,1.0353889022194576,-0.06923765699764012,0.9089065867463059,0.82611118343082,1590
1081,1.0584725496684413,-0.07751920024356734,0.9097875657708188,0.8277134148311919,1576
1082,1.0281571375165484,-0.07157943906412734,0.9068456913891871,0.8223691079911328,1585
1083,1.0656431230374934,-0.07473798444416047,0.910035477104081,0.8281645695880523,1570
1084,1.0462134722702012,-0.07027539173466929,0.8997899689503679,0.809621988223704,1601
1085,1.037520370448119,-0.06762435914188553,0.8953961826848359,0.8017343239665761,1596
1086,1.0414282824546222,-0.06638367551854085,0.901426534059361,0.8125697963062724,1599
1087,1.0599761163626484,-0.07658636460088342,0.9132307375519887,0.8339903800097492,1572
1088,1.0417695111311676,-0.07607036374926485,0.9123580181125694,0.8323971532142956,1583
1089,1.0150866593842143,-0.06468581365941539,0.9050815469621236,0.8191726066513508,1633
1090,1.0411078426985814,-0.06619777152607104,0.904674499052521,0.8184359492359298,1597
1091,1.0741417707394907,-0.07561867288149704,0.9119528127937132,0.8316579327623653,1588
1092,1.028211667002171,-0.06844696959307794,0.9019439422337304,0.8135028749321228,1606
1093,1.0103164389317494,-0.06998591296786719,0.9033278907164755,0.8160012781462767,1600
1094,0.998915577852005,-0.06735170213587244,0.9209853618685465,0.8482140367761376,1595
1095,1.0629442630416956,-0.07504962260152709,0.9139591470566287,0.8353213224884803,1617
1096,1.0434352455896636,-0.06916824177428396,0.9096381371063823,0.8274415404783696,1598
1097,1.0291279215288913,-0.06737742923591811,0.8959607677951141,0.8027456974280104,1580
1098,1.0578850689735657,-0.07200138881720985,0.9093320134255555,0.8268847106405746,1588
1099,1.0249423484566182,-0.06655016709045738,0.9062208210964453,0.8212361765887155,1606
1100,1.016072964396994,-0.07546275515650946,0.9183884274138165,0.8434373036076229,1608
1101,1.0499856313902571,-0.06878388279951769,0.9028483933165091,0.8151352213142019,1601
1102,1.0085133387472298,-0.062477326065597805,0.8999446454902609,0.8099003649465913,1651
1103,1.027149202328302,-0.068683654793248,0.8966763584783717,0.8040284918540334,1595
1104,1.0287626487777102,-0.07066317888762272,0.9031591353423518,0.8156964237523445,1579
1105,1.014254051803449,-0.06723945720090949,0.9142011196061606,0.8357636870891575,1593
1106,1.021242114866567,-0.07323582596840778,0.9164495098116556,0.8398797040340239,1594
1107,1.0324157983966102,-0.06547545227007878,0.9105790733267245,0.8291542487805563,1605
1108,1.0354042147319835,-0.06602986786383608,0.909278701366857,0.8267877567593979,1594
1109,1.0402104019890037,-0.06507054639602422,0.904308631936013,0.8177741017939834,1600
1110,1.007931542004655,-0.06798851021300331,0.9111362489401202,0.8301692641326728,1585
1111,1.046833190369924,-0.06882676512235725,0.9109898863229784,0.829902572982753,1578
1112,1.0392987756121579,-0.06443979769123542,0.892616051509823,0.796763415412987,1604
1113,1.0527485357353519,-0.0787693902258656,0.911417937983208,0.8306826576775629,1559
1114,1.0455232782898585,-0.0685184305913123,0.9002237264986588,0.810402757751132,1604
1115,1.0361775818284946,-0.07119769823059269,0.9134287909216702,0.8343521560846242,1595
1116,1.0526308289575115,-0.07393426306287468,0.9080740984599999,0.8245985682939415,1594
1117,1.0319296907521813,-0.06675612464767727,0.9103210641029921,0.8286844397496038,1602
1118,1.014021621148371,-0.07317710436843636,0.9191427758664162,0.8448234424274211,1600
1119,1.0420334977755266,-0.07481610994083421,0.8966151756145757,0.8039187731423565,1616
1120,1.0535315178044338,-0.07018819902605722,0.8955052825162438,0.8019297110144977,1594
1121,1.03422791242386,-0.07448764191868515,0.9174512039696506,0.8417167116653614,1576
1122,1.032791306044492,-0.07417007665931508,0.9050530281446869,0.8191209837538674,1625
1123,1.0381330566330769,-0.07139147153706726,0.9253791875277826,0.856326640709579,1555
1124,1.0313963740573355,-0.07054847940854425,0.9188293007682176,0.8442472839502116,1577
1125,1.0616896096749844,-0.07349283405409979,0.9091870180978642,0.826621033877686,1564
1126,1.0426141858428022,-0.06815029006723738,0.8992323821012533,0.8086188770194945,1615
1127,1.0027361902881458,-0.06649996331807917,0.9049776109174733,0.8189844762618977,1592
1128,1.0300934897446465,-0.07185764774892672,0.9158189788216696,0.8387244019699658,1612
1129,1.0514279992316453,-0.07472669933481718,0.9037977434566384,0.8168503610773116,1572
1130,1.0835884760444965,-0.07202334622931872,0.9079696620667748,0.8244089072336531,1618
1131,1.0501806150765816,-0.06593983770096412,0.896134888461344,0.8030577383176255,1633
1132,1.055809772795139,-0.07214031825325307,0.908307055925232,0.8250217078435624,1560
1133,1.0322697733272708,-0.06698750251901048,0.9078634348567762,0.824216016349944,1605
1134,1.0481836634583679,-0.07429313169127019,0.9046346403491591,0.8183638325196524,1595
1135,1.0106700170011267,-0.06610893588186259,0.8974012180888329,0.805328946227321,1602
1136,1.046811046601758,-0.07610227901224281,0.9070806190748194,0.8227952495011577,1614
1137,1.0676542149078125,-0.07113087486499342,0.9129951449447768,0.833560134692734,1588
1138,1.054044662220802,-0.06444184905686334,0.8977439516631125,0.8059442027477008,1625
1139,1.0494410437011423,-0.07195466449261767,0.9138854243423533,0.8351865688254032,1588
1140,1.0100283190809591,-0.06583514750194741,0.9011686038471357,0.8121048525597958,1592
1141,1.0481883352853367,-0.06857474255695162,0.9101560602545925,0.8283840540181614,1579
1142,1.0268111605313044,-0.073660508929701,0.9177328974968347,0.8422336711479358,1585
1143,1.0276878889347894,-0.0630161827227474,0.9038303442099089,0.8169092911146024,1602
1144,1.0424265298321396,-0.07217914502097117,0.916516370581666,0.8400022575441898,1590
1145,1.0664660682448504,-0.07466788258338014,0.9135049623460699,0.8344913162308947,1579
1146,1.0654964519986339,-0.07672976735387949,0.9012418717768493,0.8122369114438389,1565
1147,1.0320742513353138,-0.062143356373597636,0.9060103537253713,0.8208547610575725,1624
1148,1.0577613001858344,-0.06903477587197687,0.8984374306727928,0.8071898168339293,1603
1149,1.0425015637942956,-0.07682684200441559,0.9228091006503115,0.8515766362430368,1586
1150,1.038620061295392,-0.07329363142855624,0.9044022843734721,0.8179434919799548,1598
1151,1.037123894280964,-0.06352341566168934,0.9102089447721728,0.8284803231432724,1591
1152,1.0425106702117932,-0.07440352021931462,0.9117019944041431,0.8312005266004923,1584
1153,1.0369291986521914,-0.06360632875768624,0.901739197312223,0.8131335799692921,1590
1154,1.0413809274321375,-0.0672622904454862,0.9005390472643287,0.8109705756477448,1565
1155,1.0127330181619703,-0.06662439687693075,0.9114623278131893,0.8307635750226376,1605
1156,1.0315594209985925,-0.06874855169085631,0.916803855964684,0.840529310311713,1576
1157,0.9941460981513142,-0.06424575537560728,0.9089747177917881,0.8262350375846608,1582
1158,1.0219035644325083,-0.07025061018646456,0.9180576717757007,0.8428298887062203,1591
1159,1.0204828927188831,-0.06982618390017559,0.9090819232825762,0.8264299432391478,1577
1160,1.0037087902760182,-0.06466417985973755,0.9112120916519768,0.8303074759727705,1605
1161,1.0390681163241313,-0.06793706881929812,0.9075576122610095,0.8236608195729048,1588
1162,1.0277495764702673,-0.06894097831326429,0.905597759764645,0.8201073024907436,1591
1163,1.0382309961438778,-0.07645430055463348,0.9049407063690317,0.818917682043682,1578
1164,1.0731937834242087,-0.06843185619147302,0.9002614819020088,0.8104707357964009,1580
1165,1.0472864214135817,-0.07005966238232575,0.9075295643375313,0.8236099101466694,1577
1166,1.0588861822511146,-0.06348580555043087,0.892198266258833,0.7960177463152676,1630
1167,1.0153122552479135,-0.07174093117355906,0.9082407526162027,0.8249012647128464,1604
1168,1.0501895872204805,-0.0696759356292288,0.9139346372702105,0.8352765212022313,1622
1169,1.0391118352898645,-0.0661204764724303,0.9086360844907495,0.8256195340386805,1606
1170,1.0303301834849687,-0.06021943475770647,0.9078453404043342,0.8241831620938614,1610
1171,1.0319531147020953,-0.06739400966742981,0.9057106836071167,0.8203118424000707,1611
1172,1.0589707463637807,-0.07451234942826501,0.903594581402288,0.8164831675395761,1573
1173,0.9943037208084039,-0.0664314906536958,0.9071037196877605,0.8228371582713712,1605
1174,1.0554895351597173,-0.06807630721307431,0.9201688345075197,0.8467106839989272,1624
1175,1.0048069242395774,-0.057731362788386975,0.8999458764204861,0.8099025804862368,1611
1176,1.0699250707059214,-0.0825370004848835,0.9176570160985956,0.8420943991949782,1599
1177,1.0333619593207415,-0.06584417306484891,0.9017692940447931,0.8131878596820445,1580
1178,1.0623929714134037,-0.07260790243629894,0.9141695997201285,0.8357060570524599,1607
1179,1.0335119743284635,-0.06885548308787892,0.9082016833186689,0.8248302975828637,1579
1180,1.0198066247622195,-0.07235333181357853,0.9134384454258336,0.8343697935819636,1626
1181,1.026162779286455,-0.06981029137387246,0.9170687430310472,0.841015079444545,1623
1182,1.0243077816454125,-0.06766759076310902,0.8971957892656318,0.80496028427598,1608
1183,1.0273473314657737,-0.06771486786411043,0.9073591208923957,0.8233005742666211,1602
1184,1.0300514344783374,-0.07119581181206702,0.8991983871256201,0.8085577394093165,1581
1185,1.0590788116762169,-0.06844675169562642,0.9060495852852221,0.8209258509955228,1607
1186,1.0286224340271246,-0.06470362141020386,0.9036311786292588,0.8165493069909034,1611
1187,1.0450892052617093,-0.06786779644651653,0.9175167950377482,0.8418370691763413,1574
1188,1.0188008193933522,-0.06320549189021035,0.8999529705856283,0.8099153492658967,1600
1189,1.0509386506557725,-0.07191582473519492,0.9050365648331886,0.8190911836850584,1588
1190,1.0559248268442973,-0.07206546220295018,0.910958973364737,0.8298462511537356,1582
1191,1.050259750949938,-0.06689114265234264,0.9052561451948264,0.8194886884129967,1582
1192,1.031376794640703,-0.0711775261696827,0.9140263466130791,0.8354441623028527,1590
1193,1.0552420893639964,-0.06958637472053203,0.9233486460234779,0.8525727221133899,1614
1194,1.0321406536622841,-0.06861622847863813,0.9072943830589226,0.8231830975302711,1584
1195,1.0693778544118824,-0.0734740152663344,0.9096955805671894,0.8275460493034758,1593
1196,1.0223592464839835,-0.0681842546799738,0.9023213351891438,0.8141837919375192,1561
1197,1.0355310344019009,-0.07311223263997424,0.9077706682485256,0.8240475861323747,1607
1198,1.0574330814770472,-0.06555697818575945,0.9103272621529094,0.8286957242188118,1598
1199,1.0497174229613393,-0.07343938882079065,0.9160031051976409,0.8390616887317205,1591
1200,1.0454530117604117,-0.07123735592613734,0.8976426320811556,0.8057622949295848,1606
1201,1.0397285652559956,-0.07562928283989062,0.9135178880751641,0.834514931833308,1605
1202,1.0064960363232607,-0.06877093422095337,0.9091135183013971,0.8264873891583446,1593
1203,1.0266259896200138,-0.07263854926588972,0.9125222338717556,0.8326968273102989,1582
1204,1.0571911784203345,-0.07239903913416912,0.9118616077777543,0.831491591739031,1621
1205,0.9974505878441915,-0.06523104553761472,0.9044365930130609,0.8180055507810732,1622
1206,1.078817983812983,-0.07893562430195306,0.9192789299047418,0.8450737509668071,1622
1207,1.0242412428509895,-0.06408150258745687,0.9152321819155328,0.837649946813867,1617
1208,1.0523169248867312,-0.07016342038680695,0.9038499791079564,0.8169447847334532,1584
1209,1.044780892484355,-0.0710941978427238,0.9054570231981609,0.8198524208588749,1623
1210,1.007780614196723,-0.07091514434225454,0.9071813849623283,0.822978065222168,1619
1211,1.0513175141784772,-0.07095958098622801,0.9143531559830608,0.8360416938561834,1582
1212,1.0338746867703288,-0.06617639576404116,0.9174964824943289,0.8417997953894664,1615
1213,1.0390289208611956,-0.06809176823412161,0.9111705743678548,0.8302318155938463,1631
1214,1.0048237402000917,-0.06495646776536859,0.9057968375701915,0.8204679109521599,1583
1215,1.0428491671438498,-0.06897032717980112,0.9133614115395737,0.8342290680895625,1630
1216,1.0153511320733244,-0.07131343847478877,0.8983200542705573,0.806978919904657,1584
1217,1.0576191324400293,-0.06816961964609947,0.9093685427428418,0.8269511465302398,1600
1218,1.043558989861464,-0.06982210623438173,0.9068882314023721,0.8224462642561223,1585
1219,1.0391227603919222,-0.06641081570558924,0.9123771914625829,0.8324321395011507,1594
1220,1.0318932879211289,-0.0717915726282039,0.9097032315786263,0.8275599695445958,1607
1221,1.0332326304846646,-0.07148839388495237,0.9106708062751927,0.8293213174019095,1597
1222,1.0335526799557304,-0.06221878391781377,0.9020283823972791,0.813655202650252,1584
1223,1.0457690541509317,-0.07335419977996088,0.9130246789664671,0.8336140644018203,1575
1224,1.0105711911954463,-0.0713395669350651,0.9130489369371914,0.8336583612421352,1594
1225,1.0408166963232695,-0.06320987257897276,0.893110012906093,0.7976454951531217,1577
1226,1.06988441318629,-0.0774077678000259,0.9101630026677804,0.82839669142523,1594
1227,1.012780487737581,-0.06909913476372487,0.9155545019511702,0.8382400460430552,1616
1228,1.047652273143336,-0.06402886445718459,0.9123095044437147,0.8323086318983364,1602
1229,1.063446650185077,-0.07394932272674148,0.901682977017573,0.8130321910432732,1582
1230,1.0273668070585145,-0.07400241419354642,0.9137918664194857,0.8350155751344073,1594
1231,1.0481656662267396,-0.0739134619700593,0.9036159014333783,0.8165216973232569,1615
1232,1.0757502563267543,-0.07865017771047006,0.9018197942057714,0.8132789412213399,1624
1233,1.046181218768651,-0.06626484327934523,0.9066475898459448,0.8220098521734607,1571
1234,1.027457996098905,-0.06825249100614766,0.9026160301174457,0.8147156978249777,1577
1235,1.0429152358103955,-0.07482911449712457,0.9055527938560644,0.8200258624605238,1562
1236,1.0187038546504164,-0.06409856180171208,0.893239580462583,0.7978769481049713,1585
1237,1.0265885951132507,-0.06638012282771433,0.8988428393519562,0.8079184498542865,1593
1238,1.0292045936915428,-0.06875804503270921,0.9052576137384916,0.819491347231508,1596
1239,1.042697422008071,-0.06784307918995708,0.9263079559886904,0.8580464293279456,1585
1240,1.023969555044059,-0.0689062291699872,0.9082471473829755,0.8249128807293125,1582
1241,1.0368026362308322,-0.06479702455406172,0.9055862964339139,0.8200865402888925,1626
1242,1.0329154372636695,-0.06715496158748613,0.9019000695025133,0.8134237353686384,1604
1243,1.0569861381692913,-0.08064856664017678,0.9120282476823041,0.8317955245704541,1629
1244,1.0852016367968342,-0.07512645395868511,0.9082563408663372,0.8249295807239081,1612
1245,1.0236607826111959,-0.07124547064832112,0.9083469885296156,0.8250942515708216,1598
1246,1.0518165338569823,-0.06910692016407227,0.9029651637068206,0.8153460868680853,1622
1247,1.0396857674855147,-0.06907069807042593,0.8964832002709759,0.8036821283680907,1606
1248,1.054556147986816,-0.07312421585812601,0.9085182942326322,0.8254054909553716,1586
1249,1.0455527561769902,-0.07032860823516451,0.9168663777930409,0.8406439547273312,1602
1250,1.0631617629309125,-0.07995334469656956,0.909998613189995,0.8280974760077141,1540
1251,1.0143003434748126,-0.06681664178554503,0.9120626021420684,0.8318581902261609,1609
1252,1.0376078679126601,-0.06709658900288229,0.8970082142844028,0.8046237364936931,1614
1253,1.0496808190866838,-0.06657496675313024,0.9030674544448005,0.8155308272774119,1626
1254,1.0486611267737063,-0.06449920976671275,0.9065726365920606,0.8218739454174803,1596
1255,1.025351418741586,-0.06607130083735946,0.9124151978290392,0.8325014932294048,1613
1256,1.0179090855612356,-0.05947147865153124,0.9027564143363979,0.8149691436255101,1569
1257,1.0166063101303937,-0.07214685805303855,0.9021457311770215,0.8138669202809227,1580
1258,0.9999237643467671,-0.06467720650605574,0.9152460065828532,0.8376752525658601,1605
1259,1.0203896788750335,-0.0655837017799335,0.8994584021340396,0.8090254171695197,1583
1260,1.0592432507983118,-0.08324154738451733,0.9190301983472142,0.8446165054741199,1592
1261,1.049662030758797,-0.07135396303748537,0.9045829633012991,0.8182703374949594,1598
1262,1.0297882894913621,-0.06782581189366449,0.9004939304347688,0.8108893187498581,1568
1263,0.9974561507417647,-0.059495950350712035,0.8974240912230053,0.8053699995074368,1592
1264,1.0473624069973526,-0.07304808833577053,0.9005075959577931,0.8109139303776839,1574
1265,1.0201444000333635,-0.07402003156515469,0.9166378906819691,0.8402250226338895,1576
1266,1.0273624812180764,-0.06759211399500462,0.9159314505461219,0.838930422099523,1625
1267,1.0456518851567065,-0.0634519856306853,0.9067793995079136,0.8222488793719325,1590
1268,1.0528848829749666,-0.06465829892519287,0.8949650722773732,0.8009624805964438,1572
1269,1.0337169010695022,-0.07337772393817799,0.9043932249970998,0.8179271054206548,1585
1270,1.049696935081653,-0.06750286677054818,0.9002275155715366,0.8104095797921012,1622
1271,1.0295661077844627,-0.06313847095059577,0.8990771191602822,0.8083396661975523,1620
1272,1.0377797844711927,-0.06618003717735577,0.9029896978506163,0.8153903944243474,1582
1273,1.0357191301593518,-0.06739254181938359,0.9068627147940714,0.8223999834836734,1579
1274,1.0536860077323313,-0.06946460844945551,0.9043153476738653,0.817786248038504,1581
1275,1.0017681169812156,-0.06579921029948033,0.9068622787879514,0.8223991926884762,1619
1276,1.0467799978993126,-0.07017892739026044,0.9121379458470348,0.8319956322540482,1609
1277,1.0401337673632371,-0.069798823259631,0.9142862729438888,0.835919388893627,1603
1278,1.0780756388175716,-0.06992932842325766,0.9032103430144622,0.8157889237283026,1611
1279,1.0359361002365688,-0.06514184686404428,0.9089134823986239,0.8261237184859936,1582
1280,1.0567114042399086,-0.07174399665723868,0.8964236553981172,0.8035753699573224,1596
1281,1.0432835780978367,-0.06674457682097784,0.9061105692017286,0.8210363636190806,1582
1282,1.0009775951681632,-0.06897830643423056,0.897436164161883,0.8053916687455942,1582
1283,1.0271653353200478,-0.07047330402757845,0.92032258664987,0.8469936634979075,1605
1284,1.0370604183078906,-0.07213085286606469,0.9170046661047966,0.8408975576579695,1586
1285,1.025535967855282,-0.07065550866954959,0.9029907892040789,0.8153923653874053,1570
1286,1.0283319007117064,-0.07240110680502951,0.9196083997318739,0.845679608857418,1600
1287,1.035755488902579,-0.07701071147218869,0.9181554234356089,0.8430093815842222,1608
1288,1.0435838368245811,-0.06914654973160039,0.9139071960803901,0.8352263630475205,1611
1289,1.047909404566274,-0.07447561508401201,0.9212818320844346,0.8487602141288524,1604
1290,1.0351207441668577,-0.07260678855657537,0.9138090933143437,0.8350470590239829,1568
1291,1.0394383364937725,-0.07577143154778415,0.9149480963707832,0.83713001905252,1611
1292,1.046300532637973,-0.06744931589352338,0.9072908036666212,0.8231766024180234,1622
1293,1.0369045674623625,-0.06904966059478493,0.9119313391723601,0.8316187673646941,1583
1294,1.0309623926029932,-0.06404335243858589,0.9048015264716315,0.8186658023053944,1581
1295,1.0535985101476604,-0.07205859206218745,0.9141032929205178,0.835584830128134,1592
1296,1.0363773072328561,-0.06804642478898507,0.9074530372564099,0.8234710148258833,1636
1297,1.0330508242501568,-0.07037162228803906,0.9219815386973998,0.850049957698825,1595
1298,1.0370912786106312,-0.07200177599835883,0.9063766122877654,0.8215185633022463,1613
1299,1.058083248896017,-0.0757600232646442,0.9101250404138377,0.8283275891882896,1586
1300,1.0401964330250528,-0.06712796396359666,0.9116762738438189,0.8311536282897498,1598
1301,1.0526937490849306,-0.07469253318855032,0.911978683322947,0.831705118835456,1603
1302,1.024578206568735,-0.06296931959739885,0.8920189714396299,0.7956978454082153,1620
1303,1.045077107952741,-0.06545080086160032,0.9069473784762153,0.8225535473248794,1614
1304,1.0014448938526777,-0.06704806054141771,0.9146327867917305,0.8365531346744072,1618
1305,1.022095863483149,-0.06499531686266974,0.9050983739331606,0.8192030664964515,1619
1306,1.0610074756957786,-0.08195436499516373,0.9149552347925456,0.8371430816742822,1586
1307,1.0475703463644508,-0.07114597619489044,0.9092263123553275,0.8266924870792676,1589
1308,1.0300896040042544,-0.0645158196460045,0.9132077478842425,0.8339483907958103,1591
1309,1.0515552102093337,-0.06643870310129119,0.911095119957936,0.8300943176111658,1596
1310,1.080118548232359,-0.07491547098998241,0.9197610388018234,0.8459603684978092,1622
1311,1.0472524450031688,-0.07219203713785094,0.9062121035773584,0.821220376670101,1560
1312,1.018173789152857,-0.06633151122400718,0.9033244173582448,0.8159950029956123,1614
1313,1.0370191597401157,-0.06685140603540785,0.8968298803192649,0.8043038342334671,1583
1314,1.0542999475273664,-0.0732863965965066,0.9116695668232171,0.8311413990716323,1582
1315,1.0191372039027389,-0.06998685483660894,0.8988087395181444,0.8078571502341956,1584
1316,1.0282514854729845,-0.06687232350002842,0.9137035054471172,0.8348540958663502,1603
1317,1.0336160432292514,-0.06960529987003011,0.896975092921728,0.8045643173219424,1607
1318,1.0174702322555182,-0.0697553652278241,0.9034989129293896,0.8163102856645886,1578
1319,1.0505541884832146,-0.07995761830089992,0.9078206745931685,0.8241383772187956,1613
1320,1.037728849094863,-0.06712030446579831,0.9044350456857531,0.8180027518645903,1574
1321,1.015487567823054,-0.06457192294575714,0.9120108929205049,0.8317638688056566,1638
1322,1.06163768864783,-0.0706478132378881,0.9082985625883119,0.8250062787999936,1611
1323,1.0319081752310082,-0.06971167673544085,0.911086007914978,0.8300777138184513,1604
1324,1.0610788282611336,-0.06690386916002683,0.9111731499825448,0.8302365092491132,1582
1325,1.0434597658607216,-0.07024192622861536,0.9008080241362434,0.8114550963482429,1602
1326,1.0328339402966809,-0.0675633932452101,0.9002166903855342,0.8103900896486848,1593
1327,1.0364296265359776,-0.06952379364933703,0.9005341770016027,0.8109618039479538,1562
1328,1.0291039767078318,-0.06653077374678429,0.9018717996030181,0.8133727429191865,1622
1329,1.0369808245124832,-0.06443946895277919,0.9076943363290405,0.8239090082038173,1563
1330,1.0199014521089844,-0.06688674130549363,0.905935676155301,0.8207194493309624,1568
1331,1.015108894225249,-0.06651451776148293,0.9020661602525256,0.8137233574727353,1617
1332,1.0743431598873614,-0.07121245386439423,0.9092859340505396,0.8268009098621623,1636
1333,1.0505103450726991,-0.0773131357046804,0.9040759615942398,0.8173533443325492,1609
1334,1.0412214133740945,-0.07247856402967745,0.9212545962146224,0.8487100310465668,1632
1335,1.0617637291444821,-0.07298818324973821,0.9005456905328394,0.8109825407372685,1616
1336,1.0516589561714376,-0.07273972425672942,0.8964334128694122,0.8035928637087021,1571
1337,1.050677106821108,-0.07186422551519064,0.9043537060708764,0.8178556256841291,1595
1338,1.0646623365957955,-0.07501840685378802,0.9090513188093972,0.8263743002291042,1619
1339,1.0595541822857548,-0.06742475985654123,0.9047007769384999,0.8184834957931254,1606
1340,1.0360691565536444,-0.07128128263337713,0.905591517304473,0.8200959962138176,1585
1341,1.0427064751219512,-0.07351000073534847,0.9120328256644824,0.8318038750895401,1599
1342,1.0321776598072696,-0.07950071707338152,0.9177080548367524,0.8421880739122558,1597
1343,1.0404219885313708,-0.06966069280645609,0.9179418621008136,0.8426172621971092,1583
1344,1.0157592809750333,-0.0646020947869308,0.8970496354593337,0.8046980484777234,1597
1345,1.0608765504421689,-0.06329069929202247,0.8961650553379746,0.8031118064089151,1603
1346,1.057416219521231,-0.07108375799330596,0.919623826744036,0.8457079827153448,1594
1347,1.0161365576613077,-0.07326155031504228,0.9133645771356212,0.8342348507661322,1573
1348,1.0325975089776165,-0.06679935655212499,0.9042849341293767,0.8177312420933712,1593
1349,1.0544851914650102,-0.07555356997895357,0.9121855933434619,0.8320825567033637,1582
1350,1.0231908516048058,-0.06572401949226303,0.8927538755670413,0.7970094823399724,1598
1351,1.0195564296478619,-0.06638958693429176,0.8854805230866523,0.7840757567658113,1604
1352,1.0280955760288726,-0.07137706717218878,0.9103443878829279,0.8287269045499427,1579
1353,1.0274189116687955,-0.06891202878205183,0.9068380936444734,0.8223553280847428,1613
1354,1.0406375160574075,-0.07196879800932965,0.909490257489454,0.8271725284682333,1582
1355,1.0403831087783586,-0.0744620054067262,0.9131416201822664,0.8338276185090945,1579
1356,1.0305094421295353,-0.06662264004690444,0.9001918198380947,0.8103453125034208,1583
1357,1.0340000264214186,-0.07564808046794644,0.9039548087570345,0.8171342962749668,1613
1358,1.0389699200761817,-0.07418319540148843,0.9158081040097144,0.8387044833698678,1588
1359,1.0280163491832037,-0.0734551724462017,0.925215930264815,0.8560245176157869,1611
1360,1.0420296068095407,-0.06645512271637527,0.90978207678652,0.8277034272419934,1596
1361,1.0393977347525492,-0.06045610575807772,0.9033297400744915,0.8160046193030484,1579
1362,1.0242419437339707,-0.07120042696427126,0.9079945890895611,0.8244541738159209,1599
1363,1.0231253576729555,-0.07163205526399477,0.9025376131907354,0.8145741432240295,1590
1364,1.0459776148681803,-0.06494305876490247,0.9085060104224756,0.8253831709737633,1567
1365,1.0382202748587561,-0.07061885741237356,0.9073501093376994,0.8232842209151351,1624
1366,1.0331987057553578,-0.0723149536072887,0.9121212478813879,0.8319651708367003,1576
1367,1.0481835544163727,-0.07557264386395574,0.9067792064519274,0.8222485292535873,1578
1368,1.0042716977475852,-0.0676284159938697,0.9158651609805072,0.8388089930978504,1592
1369,1.03333211391697,-0.073253821601651,0.9213532129830742,0.848891743074234,1620
1370,1.060803075537339,-0.07493487834261287,0.9152074485566237,0.8376046738935251,1615
1371,1.040523382897405,-0.07065360852164693,0.905138961768853,0.8192765401119971,1569
1372,1.0450754394542525,-0.06565013554847748,0.9012708239551507,0.8122890981127963,1557
1373,1.0858525900397262,-0.07053889933832302,0.8959108199668788,0.8026561973337252,1577
1374,1.0290249145700163,-0.07277624781120606,0.9119673519954354,0.8316844511055664,1585
1375,1.0375581172244785,-0.080703239829123,0.9157653719479516,0.8386262164589702,1611
1376,1.050195333795048,-0.06887766125060857,0.9106100855709036,0.8292107279434484,1615
1377,1.028795048406874,-0.06552401622960843,0.9023278067767286,0.8141954708825013,1621
1378,1.0363546665729768,-0.07208264037119996,0.9091808225159759,0.8266097680308264,1602
1379,1.0188551839925684,-0.06705263418112095,0.9069722800377502,0.8225987167568752,1595
1380,1.0289461598750334,-0.06605494517788507,0.9087476666870165,0.8258223217090968,1625
1381,1.0475896225837822,-0.07449843310520887,0.9042322612579197,0.8176359822996107,1553
1382,1.055634717709933,-0.0704403636674435,0.9137939081342421,0.8350193065432517,1594
1383,1.0635249616643185,-0.06977867042408409,0.9041626401334105,0.8175100798130193,1582
1384,1.0488234836326282,-0.07144868600932353,0.8926818178425703,0.7968808279067158,1618
1385,1.0356649354493908,-0.06699548240702768,0.9133041729624602,0.8341245123506436,1593
1386,1.0317008498795643,-0.06985592617681857,0.9020330684675234,0.8136636566089358,1579
1387,1.0535794832972987,-0.078161374164333,0.9064005930303921,0.8215620350458465,1611
1388,1.0282991045518397,-0.06528864710567195,0.8933396062386676,0.7980556520746577,1590
1389,1.0574987733438703,-0.06913045262419348,0.9093421525239659,0.8269031503569196,1592
1390,1.0387288972701214,-0.07260714278863045,0.9157762158693319,0.8386460775519532,1566
1391,1.0681127615161246,-0.07310434258915893,0.9125727448197763,0.8327890145879007,1581
1392,1.0249949492538408,-0.07100275286830066,0.9132326481011278,0.8339938695577983,1578
1393,0.9991691011424229,-0.06943612155889942,0.9253361053543179,0.8562469078722973,1582
1394,1.022987147042249,-0.0704530896010912,0.9169413378520824,0.8407814170619667,1603
1395,1.0207762906881435,-0.06366295066787689,0.8947416074102466,0.8005625440310717,1594
1396,1.0289392145842973,-0.07247195141759682,0.9020712561852111,0.8137325512355648,1596
1397,1.023403964359046,-0.06763990189884272,0.9087440078152638,0.8258156717401481,1623
1398,1.049340644113761,-0.07013757931792527,0.9013308956368821,0.812397383429584,1587
1399,1.019245577265944,-0.0693148136608358,0.9112432639234012,0.8303642860457734,1607
1400,1.0399516651624054,-0.07024707619506465,0.9150292338210383,0.8372784987471164,1602
1401,1.0286085762914745,-0.06596829937082666,0.903699260252043,0.8166723529800897,1594
1402,1.0575392338736365,-0.07056232132815393,0.9011234192139839,0.8120234166559013,1579
1403,1.055481899872685,-0.06887438257862738,0.90838554580953,0.8251642998356777,1611
1404,1.0477282284499443,-0.07096249051000847,0.899880106523828,0.809784206117336,1575
1405,1.060468439199192,-0.0735681247362811,0.9174150249978373,0.8416503280917825,1602
1406,0.9940311406964927,-0.06435837235019762,0.8974612904882268,0.8054367679247934,1617
1407,1.0371520837884691,-0.06675576152608009,0.9001175389706195,0.8102115839625248,1581
1408,1.0414493690153297,-0.07322001718970628,0.9080491117551274,0.8245531893592758,1597
1409,1.0083893144965548,-0.06972664046558325,0.8963626491470773,0.8034659987859664,1601
1410,1.0345186076341344,-0.07300526883666814,0.9009175248535317,0.8116523865882139,1595
1411,1.0546955503130733,-0.07274740005077768,0.9065292836769006,0.8217953421637544,1558
1412,1.0433058596299136,-0.06602302758290701,0.8953838326401319,0.8017122077533317,1611
1413,1.0239873286094268,-0.0711005983956507,0.9217305627341815,0.849587230278271,1621
1414,1.0385389653715178,-0.07122806497896872,0.9157101423833834,0.8385250648637964,1611
1415,1.0417800176725185,-0.06961032519927313,0.8987590093856299,0.8077677569518388,1593
1416,1.0486860938947906,-0.08012202809125049,0.9196064275427301,0.8456759815779026,1577
1417,1.05682728792708,-0.0641280834634202,0.8971782070198144,0.804928735151289,1588
1418,1.0386443928111841,-0.068558835187709,0.9252663250437132,0.8561177722598984,1614
1419,1.0586403486548586,-0.06827265820981057,0.8971249296310174,0.804833139365458,1587
1420,1.0589131732251245,-0.07014602979318074,0.903009913510746,0.815426903898685,1561
1421,1.0517379685272257,-0.07391318644107137,0.9154341316268758,0.8380196493474522,1598
1422,1.064381893977776,-0.07979576582468556,0.9300729802475148,0.8650357485864941,1588
1423,1.0286735651265755,-0.0729694052337875,0.917049081300509,0.8409790175141075,1580
1424,1.0736321367139565,-0.07816274482860758,0.9076047736659346,0.8237464251811925,1573
1425,1.0406073042723478,-0.07507271302081758,0.90721489227496,0.8230388607654673,1616
1426,1.0202743169615018,-0.06901102970944387,0.914906009294828,0.837053005843788,1593
1427,0.9984878830998997,-0.067652328810313,0.9024801291937802,0.8144703835896222,1568
1428,1.0380861651365259,-0.07020397477547968,0.9174043623669244,0.841630764089863,1637
1429,1.0509744492076252,-0.07371318933366411,0.9033943276983337,0.8161213113175244,1596
1430,1.022730080470347,-0.06288918566883034,0.9023549141705265,0.8142443911276982,1591
1431,1.0295190575635225,-0.07064817356118336,0.9154660932379731,0.8380781678683973,1581
1432,1.0157461033359558,-0.060203176936046376,0.887913046748902,0.7883895785869179,1582
1433,1.03921705132567,-0.07002705060524789,0.9115468290726003,0.8309176215923124,1584
1434,1.0751152555674555,-0.07696696573153661,0.9118936027037522,0.8315499426520286,1553
1435,1.038131286698312,-0.06941606252181631,0.9011185901908703,0.8120147135875816,1608
1436,1.049102513194497,-0.0661757978611377,0.8971578919488645,0.8048922830861305,1622
1437,1.0551727007520928,-0.07596820184886066,0.9104308056047016,0.8288842517940259,1591
1438,1.0373849832614501,-0.07322142500207768,0.9086833315231074,0.8257053969879335,1594
1439,1.0388302784871895,-0.06709105774787555,0.9055278718525436,0.8199807267017966,1602
1440,1.0687312118469423,-0.0776062962608336,0.9044104288232493,0.8179582237642536,1602
1441,1.030053152745959,-0.07261352421376027,0.9034453896895103,0.816213572151231,1584
1442,1.034673515297422,-0.07583423130281447,0.9001167033723629,0.8102100796899304,1565
1443,1.0315644855714383,-0.06636795168487403,0.9015035205160523,0.8127085975028363,1590
1444,1.0471610103182265,-0.06757758058894359,0.9083507508675148,0.825101086601578,1586
1445,1.0590066811001162,-0.07247261664293358,0.9225402366779618,0.8510804882898299,1592
1446,1.0777851721765948,-0.07367165469549097,0.8962908206863107,0.8033372352465404,1573
1447,1.0581315773621491,-0.06575888072667324,0.8987836818319908,0.8078121067274692,1573
1448,1.0199277976228698,-0.07114807498755055,0.9148143215039986,0.8368852428288213,1568
1449,1.0262377532317783,-0.06758342882981527,0.9105604179095091,0.82912027466354,1617
1450,1.0529346609549057,-0.07502420846489088,0.9034180413773105,0.8161641574860159,1598
1451,1.0255372812416905,-0.07309259183651279,0.902185524018582,0.8139387197486834,1585
1452,1.032280149169937,-0.06942137906634305,0.9018622168403664,0.8133554581642201,1594
1453,0.9925300602918398,-0.060920508013627805,0.9050030571379237,0.819030533428988,1628
1454,1.025131892432588,-0.06563523048310574,0.8993433024088573,0.8088183755876693,1596
1455,1.0757687090508457,-0.07866123039050038,0.9169493225442122,0.8407960601142898,1618
1456,1.025411426008796,-0.06573616753560824,0.9026754529204525,0.814822973305144,1591
1457,1.0461481597729725,-0.06964196750615903,0.9090938895659437,0.8264517000461363,1609
1458,1.0342104217728694,-0.0721124133402487,0.9038851181940126,0.8170083068926042,1599
1459,1.0437975562563286,-0.06732711963620674,0.9031292551602863,0.8156424515263735,1572
1460,1.0558453999445865,-0.07070240222157076,0.90405317465653,0.8173121426065504,1587
1461,1.0417407385955024,-0.06555400936716443,0.9020675862368096,0.8137259301391039,1592
1462,1.0623788397139853,-0.07196196262869908,0.9101338668999212,0.8283436556782033,1589
1463,1.0704305550356454,-0.07327175344883635,0.8992731405705422,0.8086921813516061,1562
1464,1.0670065802140503,-0.07483933899342948,0.9034652854568475,0.8162495220256228,1585
1465,1.022740234290393,-0.06658383673375001,0.8948219592579243,0.8007063387701904,1602
1466,1.041980151083261,-0.0731582901491479,0.9216501201504849,0.8494389439734031,1575
1467,1.0344712979537807,-0.07157317690642412,0.8965427966385193,0.8037889862044174,1616
1468,1.0475007104229683,-0.06946105408051201,0.9177834292978582,0.8423264230937366,1590
1469,1.0241640004643593,-0.07025370151355642,0.9089096239850557,0.8261167045726553,1617
1470,1.0317660991676527,-0.07474584156396163,0.90720158083568,0.8230147082707568,1606
1471,0.9928358249450896,-0.06623894551651333,0.8984492708883306,0.8072110923597728,1605
1472,1.0684026248002891,-0.07090157431361588,0.9048707549238746,0.8187910831165027,1601
1473,1.0792099552052674,-0.0752894343277643,0.915168002781515,0.837532473315107,1591
1474,1.0626653256956733,-0.07204021096730345,0.9146099261065446,0.8365113169326189,1614
1475,1.040550310828268,-0.06440905738591118,0.9032105363161018,0.8157892729124203,1567
1476,1.0477317901496586,-0.07215434141989391,0.9101556956503443,0.828383390324762,1612
1477,1.0263918202666016,-0.06801315020265941,0.9019094642167623,0.8134406816437673,1585
1478,1.034942810841817,-0.0711450614169074,0.9131727521537013,0.8338844752759652,1601
1479,1.0208168744331423,-0.06647873912910346,0.9148979417257816,0.8370382437740718,1593
1480,1.0527392953856485,-0.0767566623914292,0.916171169999326,0.839369612737934,1582
1481,1.0360139913874573,-0.06689316010067248,0.9139566428924925,0.835316745087315,1612
1482,1.0284682770897293,-0.07090334177075797,0.9220217390602808,0.8501240872997446,1608
1483,1.0402747342181113,-0.07409812234716989,0.9147381453454152,0.83674587454997,1599
1484,1.0420896229673084,-0.06847322935970046,0.9022240683751556,0.8140082695554174,1579
1485,1.0415599006152423,-0.06800802757292057,0.9018446054636617,0.8133236924039077,1594
1486,1.0620571044751963,-0.06807186682202454,0.8954753686778636,0.8018761359087557,1579
1487,1.07181329579959,-0.0726337955718348,0.8991857182002978,0.8085349558153854,1583
1488,1.009893460915601,-0.06587874266447968,0.9133206080864588,0.8341545331554188,1617
1489,1.0407076321976452,-0.06906810636633665,0.9131932014779454,0.8339218232255393,1621
1490,1.0398827623691735,-0.06494813812563882,0.8998286415913428,0.8096915842281213,1609
1491,1.0032969278031987,-0.06710996100894492,0.9155465169412915,0.8382254246833306,1594
1492,1.0633300566925672,-0.07307308931369291,0.8984568236248454,0.8072246639180465,1583
1493,1.062941406200596,-0.07533871882911591,0.9202118825565105,0.8467899087981972,1615
1494,1.019655448734946,-0.07078535295242105,0.9179598538341373,0.8426502932511907,1602
1495,1.0809752393466923,-0.06858258638182907,0.8940740112011214,0.7993683375052629,1594
1496,1.0714693223294953,-0.0782652782757387,0.9220760790941414,0.8502242956376252,1569
1497,1.0460708771044986,-0.07000357069388047,0.9128100945000572,0.8332222686212034,1589
1498,1.0172574687435099,-0.0626724384824241,0.9050119339929009,0.8190466006695708,1628
1499,1.060547724810856,-0.06438091598088191,0.9014501523684509,0.8126123772051034,1581
1500,1.0552110930024574,-0.0756793806274885,0.9109506437353713,0.8298310753218873,1584
1501,1.0212879002020345,-0.06436441434435941,0.9030105834275137,0.8154281137820987,1597
1502,1.0481723189605405,-0.06864704261302207,0.9117378359313772,0.831265881468831,1585
1503,1.0465390292284689,-0.07175857345669995,0.9139450215541535,0.835295502423622,1602
1504,1.0335113814942676,-0.06796519077458096,0.9171030761823573,0.8410780523431427,1620
1505,1.053666234073999,-0.066452203962245,0.9069531400964467,0.8225639983308048,1593
1506,1.0090355429854285,-0.06632737082571927,0.9060534589105075,0.8209328704036947,1596
1507,1.0388933398189875,-0.07334432752323822,0.9199622963157754,0.8463306266425946,1609
1508,1.0239812818869634,-0.07294549827896413,0.9066111487972842,0.8219437751235315,1608
1509,1.0613061191689497,-0.0719394304653701,0.902403658194339,0.8143323623225254,1619
1510,1.0430945366187672,-0.07123948559160542,0.9105370205612656,0.8290776658125867,1614
1511,1.0603676992649262,-0.07263102575997699,0.9066843135517965,0.8220764444408923,1605
1512,1.0048536125275604,-0.062768286699248,0.9027359392007818,0.8149321759247176,1622
1513,1.043783515637645,-0.05975553547358403,0.8891853343049131,0.7906505587429401,1578
1514,1.0500388054913556,-0.07191469406629031,0.9161076383941772,0.8392532051241565,1565
1515,1.0283612622011986,-0.06429433966557749,0.9046778511331218,0.818442014330843,1629
1516,1.0756243073137977,-0.07780527869666165,0.9077374365891171,0.8239872537853814,1598
1517,1.0473434616052073,-0.07676654820657694,0.8948636937338342,0.8007810303629614,1589
1518,1.0648334030293727,-0.07534416694895765,0.9158645543711781,0.8388078819535166,1579
1519,1.03651990152432,-0.0729293812189703,0.9190273623472616,0.8446112927429648,1571
1520,1.033791862522401,-0.06851006086186978,0.8927570245886709,0.7970151049524168,1576
1521,1.0566741500717818,-0.07019614735264762,0.9066455544239261,0.8220061613566684,1589
1522,1.005652514027775,-0.0721412202699789,0.8936527544311096,0.798615245502309,1593
1523,1.0635999188608771,-0.06628460873075248,0.8895529091420995,0.7913043781631723,1596
1524,1.0565483570575316,-0.07366764449468166,0.9011945541573272,0.8121516244428237,1591
1525,1.0611437051257895,-0.07534190656509454,0.9059466563504308,0.8207393441525256,1591
1526,1.0491159953855898,-0.06522018159744658,0.8971095931209471,0.8048056220696312,1586
1527,1.0430035694181488,-0.07384151117194551,0.9142682989377856,0.8358865224425921,1574
1528,1.0362895303686959,-0.0684857406614528,0.910526870769909,0.8290591823940426,1588
1529,1.0549899807851921,-0.07093616232014405,0.9093589285049629,0.8269336608516943,1596
1530,1.0670502320257127,-0.07295365980680635,0.915122532819747,0.8374492500744289,1590
1531,1.052042642230133,-0.06680476134174579,0.9117583944836486,0.8313033699114005,1627
1532,1.0624361660776587,-0.07153007784515325,0.9006736186664505,0.8112129673617187,1585
1533,1.0287312367126191,-0.06805434556388718,0.9130707514538072,0.8336981971604203,1632
1534,1.0569147937641867,-0.06996998212417094,0.9128281597551444,0.8332552492419635,1621
1535,1.0532321736900807,-0.07348755166424986,0.9160964937873318,0.8392327859294428,1611
1536,1.0179277472652328,-0.06590977904283513,0.9033020063725238,0.8159545147166269,1588
1537,1.0522176049414946,-0.074828798212414,0.9106248459059373,0.829237609981212,1587
1538,1.0147956268438145,-0.06512715994582383,0.9071385457996345,0.8229003412754755,1575
1539,1.0414816224039203,-0.07496773626521241,0.9125438524332913,0.8327362826137925,1593
1540,1.0343377195245727,-0.069567963461582,0.908030560427815,0.8245194986708518,1557
1541,1.053185590702992,-0.07242445174043177,0.9023354648554471,0.8142092911358959,1603
1542,1.0647641567256085,-0.07536753177750366,0.8921103125230635,0.7958608097099981,1554
1543,1.0553047034848455,-0.0751764585351597,0.9123669870981627,0.8324135191465789,1566
1544,1.063586372423262,-0.07163798506961361,0.9098283297190652,0.8277875895593841,1575
1545,1.02683572392757,-0.07760051579546517,0.9126425864493943,0.8329164906010402,1617
1546,1.0065596540408994,-0.06624523458665504,0.9073541941555243,0.823291633651621,1575
1547,1.0617262529768823,-0.06769694529870485,0.8931260141907997,0.7976740772243446,1587
1548,1.066353737701465,-0.07427779669159162,0.9078519337302539,0.8241951335777612,1585
1549,1.0516259428202115,-0.07751567189737546,0.9038942490387328,0.8170248134452948,1598
1550,1.0049913551082865,-0.0645860983872662,0.9108472931572669,0.8296427914519201,1582
1551,1.0497277031075558,-0.07604974805301928,0.9168294968561908,0.8405763263055759,1607
1552,1.0621463114456529,-0.07236903273713646,0.9153852297183791,0.8379301187865696,1588
1553,1.0337825196269048,-0.06974115105826553,0.923908062176322,0.8536061073544066,1606
1554,1.0142019309739758,-0.07152536148931982,0.907876633398844,0.8242399814716189,1614
1555,1.0306365033870495,-0.07144137294348268,0.9085993488120067,0.8255527766616025,1599
1556,1.0240528721982656,-0.06148482976774916,0.900085976694237,0.8101547654416185,1564
1557,1.1022434392072449,-0.08175003883401127,0.9229417870402599,0.8518215422650683,1562
1558,1.0120771598080383,-0.06656763212555342,0.9064288143252948,0.8216131954391597,1604
1559,1.0649726472414056,-0.0729704954881143,0.9102171440359538,0.8284952492969683,1565
1560,1.0275750852872576,-0.06703474622498407,0.8932044536864494,0.7978141960853086,1617
1561,1.0177670029082573,-0.07047543591895425,0.9149644433650291,0.8371599326222776,1584
1562,1.03725467125682,-0.07287975218055834,0.9027015082996771,0.814870013086512,1578
1563,1.030861945997133,-0.0734766452390006,0.9070458826360994,0.8227322332071006,1578
1564,1.0182435710244218,-0.064150678809683,0.9030526136239758,0.8155040229730938,1565
1565,1.0245400247728593,-0.07194707333739103,0.9061538824641328,0.8211148587048214,1615
1566,1.0300080197251507,-0.06927285118711243,0.9030264152876688,0.8154567067072973,1591
1567,1.0290926822685977,-0.0678717745619658,0.9068570454807379,0.8223897009380531,1607
1568,1.0427134580778687,-0.07305102215529924,0.9209018378107654,0.8480601948832452,1588
1569,1.0551107957001082,-0.07242913213699026,0.9099290061564458,0.8279707962448571,1591
1570,1.0197410200333556,-0.06167582300215538,0.8965135786890913,0.8037365967739215,1575
1571,1.0094426798938125,-0.0650879753803495,0.8989199085509635,0.8080570019892725,1591
1572,1.0504584397336296,-0.07250863482521419,0.9151744606049982,0.8375442933436493,1578
1573,1.0358343343473178,-0.0724687560549705,0.9107197403941419,0.8294104455435732,1597
1574,1.0418104144510714,-0.07143335848771559,0.9111293663157549,0.8301567221629491,1607
1575,1.0357701380072877,-0.06145188936761736,0.9140403570255625,0.8354697742714178,1570
1576,1.0292432938138658,-0.06680868908272153,0.9073668726794549,0.8233146416360941,1582
1577,1.064117429876979,-0.0704530567281143,0.9115101521122958,0.8308507574037807,1587
1578,1.0719155472034922,-0.07314376899430758,0.9111103899044746,0.8301221425918837,1598
1579,1.0074115203956475,-0.06657121112585362,0.9061243395143338,0.8210613186602876,1610
1580,1.053666174988518,-0.06807157911927497,0.9148245092477174,0.836903882720327,1590
1581,1.0396094101789992,-0.07926042801837696,0.9080546810117787,0.824563303707403,1596
1582,1.0457696879785066,-0.0719186637118685,0.9137485755603133,0.8349364593385016,1613
1583,1.0315330807396539,-0.07019135508307,0.8927490808521391,0.7970009213623392,1593
1584,1.0594828326938235,-0.07771935306566813,0.9172423966896194,0.841333614284917,1618
1585,1.0362818454614586,-0.07203521895999038,0.9063307849070648,0.8214354916702561,1568
1586,1.038219991108904,-0.0669744338661829,0.9047736642465303,0.8186153835140931,1587
1587,1.0184457650484444,-0.0685774025882408,0.8987938384769755,0.8078303640841755,1598
1588,1.0229700590836657,-0.06918176930604603,0.9043012556051915,0.8177607608891259,1589
1589,1.0455801352816547,-0.0707730502632653,0.8906102490990371,0.7931866158002489,1576
1590,1.0445764684687315,-0.07352368344625101,0.917708338130816,0.842188593874824,1588
1591,1.0294675789170604,-0.07060743497420185,0.9000060335549529,0.810010860435319,1575
1592,1.0539315716353221,-0.069132718555521,0.903666209172213,0.8166126175996777,1596
1593,1.0482768949679737,-0.061626576762112806,0.894712865938652,0.8005111124761561,1645
1594,1.034963807511692,-0.0669381318550456,0.8951906638958965,0.8013663247263759,1578
1595,1.0432465518988143,-0.06806507298838826,0.9120818081498367,0.8318932247578756,1627
1596,1.053820903199557,-0.0780320264174903,0.8944409429460862,0.8000246004182838,1596
1597,1.0309220400838814,-0.06875946808481845,0.9086830396660648,0.825704866576759,1615
1598,1.0674423397865536,-0.07146846059580936,0.9052521742938975,0.8194814990638289,1590
1599,1.03539350019523,-0.07244452246853422,0.9169706038393801,0.8408350883055574,1597
1600,1.0475208587548384,-0.07046770064644639,0.912574022070514,0.8327913457579549,1637
1601,0.9927160702132657,-0.07141503665824026,0.9152161794026973,0.8376206550404702,1620
1602,1.0405183003180092,-0.06760242444165201,0.8970801256480783,0.8047527518327718,1593
1603,1.0519480274566229,-0.06790203138924283,0.9027694296334411,0.8149926430806885,1587
1604,1.0413818766730398,-0.07145405234728286,0.9100206569264084,0.8281375960327719,1591
1605,1.0377281909097258,-0.0641279713438308,0.9014048830297136,0.8125307631498115,1594
1606,1.0501589833963687,-0.07469688916479778,0.9141040035076556,0.8355861292287241,1574
1607,1.0351211876670934,-0.06734098098590241,0.9179087078619856,0.8425563959688601,1605
1608,1.0510329328061805,-0.06945473975116173,0.9087649261310676,0.8258536909660048,1622
1609,1.0287771977072213,-0.07503901475493799,0.9148096076592988,0.8368766182657601,1616
1610,1.0571618965213787,-0.0738879721974598,0.9154315741760154,0.8380149669983776,1604
1611,1.0335734728433643,-0.07341580764380246,0.9157119185565589,0.8385283177865339,1569
1612,1.033685068883547,-0.07377172731277784,0.9054881444117127,0.8199087796701666,1593
1613,1.0564338358470768,-0.0680571681235434,0.9072303579940231,0.8230669224659632,1593
1614,1.041609623094828,-0.06968831236668521,0.9099977763883403,0.8280959530317239,1595
1615,1.033353666144329,-0.06542567213068029,0.9098646043035048,0.8278535981643733,1604
1616,1.0397623237176998,-0.0765983923213987,0.9192018755955546,0.8449320880983854,1583
1617,1.047119421335771,-0.07934685659220428,0.9220310553216594,0.850141266977573,1587
1618,1.0216356680129803,-0.06782859321074186,0.9048380384112292,0.8187318757558811,1616
1619,1.063858497404097,-0.0738489068059483,0.9237057986136528,0.853232402392486,1632
1620,1.031992813314197,-0.06780726031708387,0.9049740422739533,0.818978017189659,1596
1621,1.0222227706563092,-0.07331364302559124,0.9094161078726406,0.8270376572582223,1602
1622,1.05053307306163,-0.07391244222628918,0.9126519128325961,0.8329335139969966,1617
1623,1.0403469289186686,-0.06966957779041966,0.9098086882999452,0.8277518493060668,1574
1624,1.0439928947338823,-0.068552932912682,0.8875759756964535,0.7877911126335114,1618
1625,1.05097876111938,-0.07603082351970541,0.9150840590442427,0.8373788351168872,1587
1626,1.0457884870901955,-0.06823461370768119,0.9069829937137501,0.8226181508859565,1591
1627,1.0368558771063796,-0.06881297590344976,0.9070745396246657,0.8227842204352992,1606
1628,1.0448011000705968,-0.07740794216676677,0.9182346877032266,0.843154941701442,1572
1629,1.045516525683702,-0.06855040908349996,0.9110818928333968,0.8300702154488852,1585
1630,1.0187783967378707,-0.07657013743544691,0.9215669238272178,0.8492855950923611,1628
1631,1.0590791136934137,-0.06395032395550365,0.8978218573888828,0.8060840876052233,1606
1632,1.0533979896739942,-0.06843671372708576,0.9020378290999579,0.8136722451273648,1617
1633,1.0258341436385652,-0.06886711807003215,0.9029419755580314,0.8153042112246405,1620
1634,1.072232413424133,-0.0794490028028342,0.9155208751568563,0.8381784728479761,1618
1635,1.0496885083207244,-0.06625896294595446,0.8907465178651437,0.7934293590888788,1615
1636,1.0135565527629717,-0.06608087482396907,0.8979863393418415,0.8063794656445609,1584
1637,1.0590229218340799,-0.0725080156746401,0.896469257233696,0.8036571291651345,1602
1638,1.0289423054152806,-0.07609644747430622,0.915895193941974,0.8388640062860062,1585
1639,1.0512864084580615,-0.06382068488994819,0.9007751710204301,0.8113959087268852,1565
1640,1.017754519958382,-0.06581880837780352,0.8986905462942725,0.8076446979986979,1596
1641,1.0202890975086154,-0.07095228850239532,0.913112366846371,0.8337741944877816,1595
1642,1.0467392051757893,-0.07129381880442864,0.9102494692152674,0.828554096206676,1610
1643,1.0055929463540956,-0.07178423517636742,0.9159075542465921,0.838886647925974,1591
1644,1.0137989791762603,-0.06525848461170924,0.8836059784057951,0.7807595250744624,1579
1645,1.0375580470734442,-0.06563501560687701,0.9035001458890333,0.8163125136215044,1615
1646,1.0193701497042087,-0.06696289053710103,0.9123211819466741,0.8323299390285764,1608
1647,1.0417490967218945,-0.06465809215251173,0.9074552060287463,0.8234749509486744,1609
1648,1.0356191244883701,-0.06977870590855795,0.9060464478917662,0.8209201657372871,1593
1649,1.0232261673833958,-0.07155933028619771,0.9180041734179711,0.8427316624128124,1610
1650,1.0604939637991386,-0.07673329199749762,0.9099313230268893,0.8279750126254651,1590
1651,1.0383682673307966,-0.06726055571251371,0.9094465934691836,0.8270931063727024,1592
1652,1.0219655871222522,-0.07005944338844644,0.9062015715519498,0.8212012882832236,1591
1653,1.064002185376037,-0.07208101287644805,0.9069487192328596,0.8225559793181244,1606
1654,1.0482074104389465,-0.073433667716749,0.911910229486957,0.8315802666429546,1581
1655,1.0738174932940787,-0.06810143378985639,0.9018183549747416,0.8132763453693491,1620
1656,1.0235957956398112,-0.06552955620531281,0.9075399376469874,0.8236287384242977,1609
1657,1.0247372328728348,-0.07066606447592205,0.9041536691802738,0.8174938574921521,1598
1658,1.003841300005952,-0.06302530342853394,0.9005868813298281,0.8110567308233859,1589
1659,1.017079349472407,-0.07229193284599783,0.9082475957191734,0.824913695129659,1603
1660,1.0403068712295873,-0.07417647484766643,0.9038529264331925,0.816950112621846,1583
1661,1.0533089356805663,-0.07499523530250318,0.9175624531666456,0.8419208554611928,1588
1662,1.0469132360931903,-0.0717921713811574,0.8991812229354248,0.8085268716796461,1574
1663,1.051557217883517,-0.06765344201543644,0.9048972703285272,0.8188390698480196,1592
1664,1.0296739470059573,-0.07369626830273729,0.9072866030300422,0.8231689800377933,1587
1665,1.0510731639128856,-0.06859084832019274,0.9055223427768608,0.8199707132680947,1594
1666,1.0366126721112245,-0.06918056500476116,0.9009011585274873,0.8116228974361688,1604
1667,1.020358374222973,-0.06079129993027155,0.8897569785820634,0.7916674809354823,1592
1668,1.0649860050096331,-0.07292712165041154,0.8976177500985886,0.8057176252920522,1604
1669,1.0535490260953317,-0.07361892505239279,0.907276845190351,0.8231512738185561,1599
1670,1.0360239991407714,-0.07150191986937926,0.9006661939687037,0.8111995929580706,1586
1671,1.0341455956839571,-0.07284650561663414,0.9059093501048779,0.8206717506074424,1626
1672,1.0155865964455717,-0.06655498260643411,0.908265798657932,0.824946761011731,1595
1673,1.0555549467001153,-0.07293306912128311,0.9147772022163805,0.8368173296948287,1607
1674,1.0245025729028243,-0.07127022766133426,0.9118669231066753,0.8315012854560352,1579
1675,1.0038394966990665,-0.06385374541860045,0.9104624930784837,0.828941951302688,1601
1676,1.0428266398192048,-0.07183358416361096,0.9124413690833924,0.8325492520147755,1582
1677,1.0268772656384575,-0.06659618856238997,0.9048894654593853,0.8188249446993721,1578
1678,1.0264512053000754,-0.07115337234121749,0.9029163037310717,0.8152578515433809,1567
1679,1.0714263947881077,-0.07643463006970524,0.915618781696471,0.8383577533953299,1580
1680,1.0034164513210497,-0.0705694380321506,0.9064468938785919,0.8216459714221472,1610
1681,1.046511051732713,-0.06971665589500359,0.9079848763499209,0.824436535680181,1583
1682,1.065537284795349,-0.07344273536281648,0.9016954967342609,0.8130547688308455,1590
1683,1.0703833207631954,-0.06669397160704171,0.9056466282589466,0.8201958152767986,1604
1684,1.0431816679668675,-0.07460839313371259,0.908901011601936,0.8261010488910226,1596
1685,1.0453470930171265,-0.06882747622678681,0.9063592074623731,0.821487012951821,1601
1686,1.0507363067648525,-0.0753833467198684,0.9095479896088238,0.827277545401453,1584
1687,1.058760681233368,-0.06838961621351314,0.911833418211543,0.8314401825673466,1615
1688,1.055609996735164,-0.07190704287165944,0.9091844553238594,0.8266163738025428,1592
1689,1.029067368370697,-0.0723486367425015,0.9115731015332791,0.830965519439002,1581
1690,1.039201770180726,-0.07178355703925407,0.9078457609621651,0.8241839256969725,1611
1691,0.9861897099308108,-0.07051570191472398,0.9172906056601605,0.8414220552323841,1591
1692,1.0408829383051734,-0.07263858092250144,0.8942670706146623,0.7997135935857294,1605
1693,1.0284608686391294,-0.06655908451368836,0.904182789538485,0.8175465168975962,1597
1694,1.0498434534805627,-0.07109583629992411,0.9116381628562078,0.8310841399758416,1602
1695,1.01985252817409,-0.07127669597737499,0.9066238845903068,0.821966868109618,1588
1696,1.0153838040916867,-0.0717584195753711,0.9099704145300506,0.828046155319992,1600
1697,1.0399838597859328,-0.07376133731975465,0.902508639423924,0.8145218442348224,1605
1698,1.045635009549033,-0.0762426376985767,0.9194089223250859,0.8453127664509757,1612
1699,1.0279976106443205,-0.06796517918506945,0.9124143340757109,0.832499917026823,1615
1700,1.0651537690329622,-0.07619430659754525,0.9169506349909554,0.8407984670103164,1597
1701,1.0277719988436183,-0.06075385017838114,0.9005513901696949,0.81099280633657,1591
1702,1.045044678324047,-0.06806490521291597,0.8932345536739207,0.7978679678770483,1586
1703,1.0205075060740272,-0.06959287867452824,0.913118332357958,0.8337850888881783,1563
1704,1.0350532179229455,-0.06922291550484364,0.9063545569602721,0.8214785829226512,1566
1705,1.0351865440658632,-0.06636074589130167,0.9144820690487829,0.836277454611743,1603
1706,1.031753477926679,-0.06726058878208141,0.9099510260701722,0.8280108698461592,1617
1707,1.0455707003463075,-0.06863440373998825,0.903131608924476,0.8156467030385126,1594
1708,1.0472012538173414,-0.07650842310215727,0.9171815457534883,0.8412219878707582,1616
1709,1.0170000550745029,-0.06674089181858645,0.906646417948171,0.8220077271782497,1587
1710,1.0445661844371026,-0.07094567594664297,0.9105702358113035,0.8291381543454528,1596
1711,1.0172327593071202,-0.06965419591396824,0.9027596851264986,0.814975049089695,1568
1712,1.0404877865361981,-0.07970139318096792,0.9179034091298716,0.8425466684922404,1598
1713,1.0202774094527545,-0.06600066930516169,0.9098879526281055,0.8278960863377656,1608
1714,1.0231758243662572,-0.06672975543021809,0.9139769373745874,0.8353538420526305,1593
1715,1.0791564741975663,-0.07532005360515404,0.9125650212342756,0.8327749179803139,1611
1716,1.0516686289659003,-0.07093910181543905,0.9080934992775149,0.824633803430082,1614
1717,1.0255506571038642,-0.06895670215435967,0.9064750061765183,0.8216969368227189,1603
1718,1.0637666284841607,-0.07692051297282465,0.9165027143738248,0.8399772254545886,1591
1719,1.0307398984384177,-0.0704675711265697,0.9172029912306141,0.841261327122386,1621
1720,1.0346013150928635,-0.07301136170796066,0.9011269066448057,0.8120297018792363,1570
1721,1.0538233785525384,-0.07133725992797751,0.9069292985063964,0.8225207524893042,1586
1722,1.0327049114677103,-0.07150327913753413,0.9092125799144781,0.8266675154747413,1602
1723,1.0540945029238482,-0.06733467440306029,0.9002505128348492,0.8104509858594091,1597
1724,1.0250942500680538,-0.06689818106018236,0.8975235318259938,0.8055484901814056,1636
1725,1.0560039246902035,-0.08020351191123315,0.903680937066492,0.8166392360173731,1551
1726,1.012864602829993,-0.05873134852022216,0.8916614139583308,0.7950600771421696,1592
1727,1.0455064871115003,-0.07468952412987298,0.9102328604950355,0.8285238603249747,1586
1728,1.0405601221553595,-0.07156552607991784,0.9086769251546093,0.8256937543084354,1560
1729,1.0398303292086981,-0.069552097709555,0.9104008443210166,0.82882969734042,1603
1730,1.0270989666371764,-0.06371519464098646,0.9106999079854029,0.8293743224046213,1584
1731,1.0643524340309567,-0.07206189827077497,0.9144903071289925,0.836292521832879,1583
1732,1.0414943689196878,-0.07007203990093264,0.9071601560993727,0.8229395488142383,1593
1733,1.0666192398761234,-0.07432714887278696,0.8979989300141863,0.8064020783066235,1580
1734,1.0250990988500956,-0.07338788336355906,0.9075871800677318,0.8237144894232974,1577
1735,1.0362085704690258,-0.06753807263535155,0.8967024725397347,0.8040753242588736,1612
1736,1.0349406911434853,-0.06779735572614481,0.9068988791683386,0.8224655770367887,1590
1737,1.0354845852029677,-0.06446073085447013,0.9060341659350727,0.8208979098416628,1576
1738,1.0258140429480271,-0.07255142125128594,0.9063178337475921,0.821412015768928,1600
1739,1.0139832625907048,-0.06258195338682537,0.903044087735178,0.8154886243934598,1602
1740,1.0547436328927753,-0.07424287034266402,0.9171105511118584,0.8410917629606965,1564
1741,1.0209305290621193,-0.06045783049176967,0.903538703152669,0.816382188094807,1575
1742,1.0246469489151444,-0.0718132855219191,0.8987454283725866,0.8077433450206243,1611
1743,1.0214292435326993,-0.0766368843357387,0.9121368764243915,0.8319936813332456,1611
1744,1.0625618148612945,-0.07288882555535386,0.9032680332596457,0.8158931399087483,1593
1745,1.0343884458603934,-0.06972288636029716,0.9061866664041677,0.8211742743686983,1615
1746,1.0432486904980574,-0.06334067076486355,0.8988236948436557,0.807884034412401,1621
1747,1.04556641687077,-0.07066616492722616,0.8983722727596329,0.8070727404633083,1556
1748,1.02080876137199,-0.06475199345918548,0.9010718996268584,0.8119305682971552,1608
1749,1.0337550009158147,-0.06624417573188995,0.9162598965547791,0.8395321980345746,1611
1750,1.0628137177008736,-0.07617504800063357,0.9079760266185093,0.824420464913936,1592
1751,1.0353410170451642,-0.07211294443079891,0.9126521680526593,0.8329339798512194,1597
1752,1.0528035270617195,-0.06707483829122884,0.9079637467509439,0.8243981654140122,1616
1753,1.0412504505290041,-0.07881867135735987,0.9163950129547084,0.8397798197682601,1609
1754,1.0319547955308854,-0.06367396152677246,0.9100581613585065,0.8282058570552254,1602
1755,1.0534603415720931,-0.07705217356831351,0.9137982732462697,0.8350272841878642,1588
1756,1.0713806201089848,-0.07791069037384774,0.9120237022950961,0.8317872335480541,1616
1757,1.049898247563321,-0.06991754761220259,0.9064692230886805,0.821686452406996,1597
1758,1.0419107940762287,-0.0752431763123605,0.9133990910075922,0.8342978994534958,1604
1759,1.0373656277849013,-0.07653191275616494,0.9176251342836664,0.8420358870691168,1609
1760,1.0676408098526045,-0.07397088450206091,0.9087960808485945,0.8259103165657652,1599
1761,1.0326054221819725,-0.06807911510755046,0.8964121417760823,0.8035547279235831,1639
1762,1.0357450209267796,-0.06704929630346124,0.9142919958871615,0.8359298537433293,1618
1763,1.0190959929390735,-0.06419013288193548,0.9028517401244247,0.8151412646457017,1592
1764,1.0455934960511133,-0.06969031298365486,0.9077876131013806,0.8240783505003018,1565
1765,1.0363692034428604,-0.07269751169179833,0.8878780902623141,0.788327503167854,1582
1766,1.0566847873616056,-0.07452576583804005,0.9153714627300156,0.8379049147804883,1594
1767,1.0533930445173199,-0.07578437330366516,0.9024745266480423,0.814460271248608,1596
1768,1.0389539681172524,-0.07168765320104492,0.9153712396146357,0.8379045063136349,1604
1769,1.0338028074013659,-0.06359690328309703,0.8881236130661627,0.7887635520856952,1583
1770,1.0428253052526633,-0.06911882634761135,0.8886061892342735,0.7896209595454574,1578
1771,1.0148254422959033,-0.06751492635829792,0.895380433165129,0.8017061200949741,1587
1772,1.02897576636458,-0.07193408169172,0.918093823594098,0.8428962689216307,1590
1773,1.014084361391985,-0.06678991594848366,0.8933177501351197,0.7980166027064722,1604
1774,1.0424350447749058,-0.07537224181118016,0.9084087309662845,0.8252064224957755,1574
1775,1.0662698691366153,-0.07165655740175797,0.9044812325307667,0.818086300000375,1574
1776,1.0391003248607749,-0.07264074823852562,0.9068168033593396,0.8223167148548511,1571
1777,1.0332505865113588,-0.07266416774181134,0.9066820224616208,0.822072289855095,1597
1778,1.037732382927001,-0.06518204837622238,0.9007640090867202,0.8113758000659809,1583
1779,1.0536173745214403,-0.07214585088693026,0.913044669711257,0.8336505688881384,1629
1780,1.056458986153205,-0.07330116840770465,0.9094525231284734,0.8271038918247464,1621
1781,1.0508256609816955,-0.07517030054356333,0.9171229710968399,0.8411145441134951,1591
1782,1.0086438229357504,-0.0680493495466225,0.897680397430389,0.805830095930781,1585
1783,1.0438403329109978,-0.06956366299456795,0.908771411157488,0.8258654777371722,1589
1784,1.0405848138670883,-0.05962739668525052,0.9049819800973102,0.8189923843008484,1588
1785,1.03568307284494,-0.06711981412212736,0.8926495162508995,0.7968231588629648,1562
1786,1.0437238195263283,-0.06962933060060428,0.9116129141914787,0.8310381053206803,1606
1787,1.036079453007112,-0.07729468074650325,0.9164726829492035,0.8399221785921113,1586
1788,1.0632507560880413,-0.07195955854200764,0.908885722101295,0.8260732558395925,1580
1789,1.0253018229967694,-0.07179065386424094,0.9184400115542131,0.8435320548237031,1603
1790,1.0284139810444308,-0.07219765415044882,0.9114511706197216,0.8307432364240608,1586
1791,1.044536328889688,-0.0661599685018639,0.912301436808872,0.8322939116035323,1595
1792,1.0477670036347302,-0.07224603408052005,0.9060693267835999,0.8209616249380859,1591
1793,1.047026433123007,-0.07173451998589292,0.8958451952918012,0.8025386139274054,1556
1794,1.0105638842962692,-0.06754104694225149,0.9016301583779428,0.8129369424966342,1593
1795,1.0876329130820914,-0.06935314586857277,0.894027909974906,0.7992859038140986,1587
1796,1.0844457495341808,-0.07634887989775002,0.908190500600955,0.8248099853818132,1580
1797,1.0176910248888413,-0.0642550786783172,0.8913783861817849,0.7945554273520432,1623
1798,1.056979256768621,-0.06763108035857607,0.8999599216231405,0.8099278605279292,1607
1799,1.0282382127090732,-0.07196147758555005,0.9084113945777894,0.8252112617987643,1585
1800,1.0339258700160645,-0.06112695359173376,0.9005608235018435,0.8110097968263186,1578
1801,1.0615145426396642,-0.07398913646089439,0.9119235476422283,0.8316045567443874,1585
1802,1.0521461027001398,-0.06905108224260181,0.9111700576155491,0.8302308738951232,1579
1803,1.0863777458701729,-0.07344375653691582,0.8921496286440967,0.7959309598897998,1602
1804,1.058918168410364,-0.06832158541158312,0.8913000225064208,0.7944157301199463,1583
1805,1.05078518684521,-0.07386552908019106,0.9040835274402914,0.8173670245888801,1598
1806,1.042209118916978,-0.06793559777363573,0.9067937982171201,0.8222749924850312,1651
1807,1.0375870782436396,-0.06929896066278157,0.9107275955402231,0.8294247532784762,1611
1808,1.0110852837120787,-0.07350577953175458,0.90883655529774,0.825983884245462,1619
1809,1.0166850544778436,-0.0750675077742643,0.921059496459294,0.8483505960178481,1597
1810,1.0709019427626048,-0.07244695076079882,0.9131661973170663,0.8338725039225112,1584
1811,1.0779213060720552,-0.07893087835397655,0.9156771414358508,0.8384646273481311,1573
1812,1.0434397670268116,-0.07265458278176903,0.9058669845159361,0.8205949936359951,1578
1813,1.0572078784686525,-0.07311587182214724,0.9240849772403161,0.8539330451612356,1569
1814,1.0334357129968317,-0.07271442458023358,0.9111388250795234,0.8301739585672943,1611
1815,1.056684233229903,-0.07811360123269187,0.9057110920467081,0.8203125822564405,1616
1816,1.0218789173472402,-0.0611820513077192,0.8990986927199481,0.8083784592507197,1607
1817,1.0434306416024917,-0.0713178763059992,0.9036917929864615,0.8166588567110856,1610
1818,1.0203547633432706,-0.07448582568848253,0.9125110048911722,0.8326763340474969,1579
1819,1.0428074886879117,-0.06736854714539425,0.9060418868191299,0.820911900670769,1590
1820,1.030438579293025,-0.06567842930715173,0.8977200308967714,0.8059012538733002,1611
1821,1.020644713682774,-0.06833907260377403,0.9003738936953001,0.8106731484480355,1611
1822,1.0315703762173314,-0.07452115022922587,0.9195758342768725,0.8456197149860061,1578
1823,1.0256050685178,-0.06944462878805313,0.9120450593877503,0.8318261903536049,1564
1824,1.0122770363051405,-0.06210748400767735,0.896192809308907,0.803161551456991,1594
1825,1.0660633749270583,-0.06919728512381063,0.8981076339875957,0.8065973222267973,1605
1826,1.042206821509431,-0.07397094027866125,0.914601244545992,0.8364954365250775,1599
1827,1.0391937332217,-0.07336028062254887,0.8981487528093794,0.8066711821730438,1582
1828,1.0545197136140996,-0.07226041231429225,0.9224285744095696,0.8508744748872709,1599
1829,1.0656326333145796,-0.06755800751938762,0.9015163934781718,0.8127318077098898,1589
1830,1.0339419342819611,-0.0681986737850232,0.9185958956506721,0.8438184195062605,1609
1831,1.0387071175093376,-0.07036288093383675,0.9096722848761805,0.8275036658718509,1617
1832,1.0438913822660543,-0.07276853504754915,0.9120175276836406,0.8317759708021802,1588
1833,1.057779725672793,-0.07556194200425914,0.909384612052883,0.8269803726385725,1578
1834,1.0464897599932848,-0.06465618709275361,0.895597801617833,0.8020954222626954,1560
1835,1.0389130758163208,-0.06977226082056975,0.9082750783350241,0.8249636179244941,1593
1836,1.0605977382889662,-0.07153804541323583,0.9037460005638045,0.8167568335350721,1602
1837,1.030669524018805,-0.06976618243957483,0.9069889468092688,0.8226289496341866,1588
1838,1.0345630891319129,-0.076253360917663,0.9028816236885431,0.81519522639446,1564
1839,1.04593610869896,-0.07215368810929695,0.9007325904829115,0.8113191995580564,1578
1840,1.0419306245086093,-0.07670860380279157,0.910303450855941,0.8286523726402346,1593
1841,1.0441901413720724,-0.07303880027264043,0.9050713440410694,0.8191541378043078,1613
1842,1.0709374482857692,-0.07659444225783552,0.9113705370622199,0.8305962558250792,1588
1843,1.04660654609246,-0.0728820496999883,0.9141038755479287,0.8355858952917431,1606
1844,1.0359980158650497,-0.0684867580570806,0.914949748863984,0.8371330429462673,1574
1845,1.0478125932664188,-0.07001302539436172,0.9031600081397962,0.8156980003030768,1590
1846,1.0223486606759242,-0.065734161937261,0.909639399700154,0.8274438374868565,1584
1847,1.0441485836254574,-0.07315173222839957,0.9061884535169625,0.8211775132874641,1611
1848,1.065013628957268,-0.07402546160976692,0.9048719372218517,0.8187932227716267,1592
1849,1.0526249251565754,-0.07159804650706003,0.9036386543432873,0.816562817623347,1578
1850,1.0514182274079202,-0.07773630814417057,0.9228624852191318,0.8516751666248323,1617
1851,1.0400788852105056,-0.07189430205259173,0.9111263485027298,0.8301512229359178,1536
1852,1.064961519674379,-0.06951441624233018,0.9026690594973348,0.8148114309738029,1647
1853,1.0669716361983679,-0.07078178637659205,0.9168090207314996,0.8405387804946512,1594
1854,1.022685894958629,-0.07442101612030269,0.915289946088229,0.8377556854101932,1603
1855,1.030324554539247,-0.06436005386827287,0.9081412833849675,0.8247205905880958,1592
1856,1.0583016479179348,-0.06904643897745699,0.9097252794138043,0.8276000840045243,1594
1857,1.0735085371597233,-0.0684250130250788,0.9105317543544343,0.829068075687764,1609
1858,1.0203258391300731,-0.0684286887688014,0.9110592435384296,0.8300289452368156,1580
1859,1.035278769436416,-0.0638183809232516,0.9013893657882923,0.8125027887562198,1597
1860,1.0599469300857467,-0.07106801307924493,0.9196624873981204,0.845779090727298,1585
1861,1.042970074999609,-0.07682188879337881,0.9103201994954881,0.8286828656095053,1584
1862,1.0656948007299663,-0.07150328213243451,0.9106174486537845,0.8292241377927277,1590
1863,1.0442445222931123,-0.06983736640161914,0.9067695808852398,0.8222310728187935,1598
1864,1.0624852593226715,-0.07490163809944597,0.9049213103872582,0.8188825779929925,1570
1865,1.0669441918790272,-0.07468453077145581,0.9029889114701736,0.815388974238089,1607
1866,1.0280914479160312,-0.0682635560555735,0.9096787082055183,0.8275153521624605,1594
1867,1.0740365673005343,-0.0766525938563262,0.9064555901071967,0.8216617368365862,1599
1868,1.029151506177501,-0.06844795043903715,0.8945067466549914,0.800142319811297,1594
1869,1.04936646786978,-0.07068599045735335,0.9098492452053498,0.8278256490007447,1575
1870,1.0650363946647639,-0.08246788774116393,0.9306935811910868,0.8661905420702901,1609
1871,1.057959858680512,-0.06645279364049994,0.9053952126977716,0.819740491176043,1619
1872,1.043667060478768,-0.07148873258199928,0.9069867692400989,0.8226249995765924,1569
1873,1.0312636786317266,-0.06874195501664052,0.9074378225028006,0.8234434017086242,1619
1874,1.0506065528776611,-0.07032929764951645,0.9148440631881489,0.8369396599506018,1611
1875,1.0110523782152632,-0.07138378905610887,0.9079032654759355,0.824288339461867,1593
1876,1.0617501308389279,-0.06429609399010655,0.901796277835742,0.8132365267183987,1553
1877,1.051760549778265,-0.0710622574582323,0.9174525926561025,0.8417192597714043,1602
1878,1.0259932716604376,-0.07601696092194948,0.919126395441298,0.8447933307969133,1609
1879,1.039321153562379,-0.07454740899686535,0.9174615943729791,0.841735777149409,1572
1880,1.0362006649186637,-0.06765395500261101,0.919661892736171,0.8457779969510766,1600
1881,1.0748077910821223,-0.07637940401112248,0.9207660656798156,0.8478101477074864,1593
1882,1.0348206080981135,-0.06932555295914467,0.9000188013740008,0.8100338428266931,1639
1883,1.0608416872937865,-0.06653995348988007,0.9003317458047397,0.8105972525038105,1589
1884,1.0208142386103265,-0.06334829781356277,0.8973739653014343,0.8052800336008198,1636
1885,1.0545831445161291,-0.07201857245857257,0.9075641447221188,0.823672676785191,1576
1886,1.0442245039309694,-0.06803010586021158,0.9157075875618917,0.8385203859184196,1602
1887,1.0597467787642345,-0.07198806064933733,0.9071018453525022,0.8228337578419147,1606
1888,1.0328553323530036,-0.06579353344819189,0.916584183062812,0.8401265646409224,1550
1889,1.062255648479122,-0.07623383989866345,0.9153489221954392,0.8378636493643522,1579
1890,1.0431927853508174,-0.07515202807721938,0.9076356394511518,0.8238024540019012,1592
1891,1.0256373240677004,-0.07266006849954532,0.9107530775289173,0.8294711682283941,1586
1892,1.0665845992663356,-0.07300705595514473,0.9113766552208198,0.830607407681489,1603
1893,1.0241223118356142,-0.06768915309078732,0.9057175542908955,0.8203242881506813,1632
1894,1.0422406429254816,-0.07148208334357015,0.8986911066790598,0.8076457052240333,1565
1895,1.0464911536901715,-0.07337949904589919,0.8934974291843194,0.7983376559589879,1580
1896,1.0368186360604212,-0.06776561925685412,0.9013516012180008,0.812434709018254,1606
1897,1.0416455398107674,-0.07042057749625766,0.9047923302836328,0.8186491609400866,1596
1898,1.0425116732978452,-0.07072684326639722,0.9031116945505878,0.8156107328340342,1565
1899,1.053530429702667,-0.07160902123928292,0.9112398816674959,0.830358121941392,1596
1900,1.0469482016285987,-0.07234393393532504,0.9060202079870082,0.8208726172808216,1606
1901,1.0589801904509666,-0.08229339033222233,0.9193305397320287,0.8451686412839833,1593
1902,1.0232085136440299,-0.0739656001242994,0.9135152280811729,0.8345100719361974,1600
1903,1.043403884507966,-0.07044374602617182,0.8973987564039289,0.8053245279953181,1564
1904,1.0395249092182968,-0.06910551609205756,0.9071916331130173,0.8229966591902634,1641
1905,1.0400167572048022,-0.07557275913390099,0.914575504361151,0.8364483531774537,1586
1906,1.0131905370029493,-0.06341316074971412,0.8982491735409288,0.8068515777669617,1579
1907,1.0591682323264322,-0.07438609890861358,0.9146038958807409,0.8365002863602291,1578
1908,1.0160347202966151,-0.0657851477465905,0.907455945041546,0.8234762921912454,1587
1909,1.0541035318944096,-0.07066465972486036,0.9128720841684882,0.8333354420541194,1626
1910,0.9976313177730727,-0.06500495380996682,0.8961205624773643,0.8030320624947477,1620
1911,1.050419060509788,-0.07221754304634836,0.9154374426423602,0.8380257113915844,1605
1912,1.054112420389072,-0.07046011996927509,0.9124168451356971,0.8325044992873787,1607
1913,1.0386608803796678,-0.06754426767394445,0.9086128165259317,0.8255772503551865,1565
1914,1.0351579800983106,-0.07206718533045575,0.9151631428825547,0.8375235780906753,1580
1915,1.0437099864453707,-0.07331039033404607,0.9077332607627742,0.8239796726950186,1598
1916,1.0473498938227068,-0.0738102535880768,0.9120393510152196,0.831815777800263,1603
1917,1.0399878049192348,-0.07369841057215892,0.9099848260426953,0.8280723836279543,1561
1918,1.0353960965465614,-0.06781724814290935,0.91074917125579,0.8294640529431083,1639
1919,1.0348464347237998,-0.06478787286157528,0.8997402407253796,0.809532500780564,1596
1920,1.0348100351656926,-0.06633429764426835,0.9116974354816875,0.8311922138638856,1586
1921,0.9966593668196747,-0.05991750871601573,0.9018467666528737,0.8133275905222428,1597
1922,1.0278891928200589,-0.063497693271303,0.9003137908246482,0.8105649219490485,1587
1923,1.0664962292099607,-0.06767705252419148,0.896968551986004,0.8045525832518687,1592
1924,1.0128732820427468,-0.06793625689645788,0.9152378940762927,0.8376604027532073,1576
1925,1.0151703338371016,-0.06897876742407139,0.910804023643556,0.8295639694852912,1590
1926,1.0337813823868112,-0.07065025846654663,0.9159166441325323,0.8389032989989997,1576
1927,1.028160771105476,-0.0627418429522063,0.8998172294587268,0.8096710464307789,1557
1928,1.0377345262923963,-0.07100497331278138,0.9209461705858266,0.8481418491166984,1583
1929,1.0207242522515014,-0.07241754203042639,0.9031681004175683,0.8157126176118789,1620
1930,1.057975915588563,-0.07586847595310406,0.9068738926056445,0.8224202570897141,1582
1931,1.0405280208422873,-0.0709810974295943,0.9093386737997776,0.8268968236679384,1597
1932,1.051979627879236,-0.06909308497696348,0.8979087849713246,0.8062401861286805,1596
1933,1.107873599948736,-0.07902503633776253,0.9145147492140244,0.83633722652999,1616
1934,1.036262656093993,-0.06973996253960318,0.9025798628247603,0.8146504087767632,1601
1935,1.0591747644386869,-0.07637044822911535,0.9107175448385005,0.8294064464766663,1600
1936,1.0200015982427701,-0.06682690484111853,0.8980919636934682,0.8065691752507899,1597
1937,1.0164510500512272,-0.07501617853421297,0.9115634429161241,0.8309479104610978,1600
1938,1.0293781663578767,-0.06676306172289553,0.9027302261638553,0.8149218612298454,1556
1939,1.045375137317247,-0.07956614121346747,0.91305080920804,0.8336617801954568,1576
1940,1.0572775802034706,-0.06881790981635671,0.9132813239189415,0.8340827766191344,1611
1941,1.0257808001949589,-0.07119768665982384,0.9109294789494856,0.8297925156191813,1576
1942,1.0531795533956938,-0.06995461234784534,0.8951992019222744,0.801381611122277,1572
1943,1.062310004096242,-0.06953250570991154,0.9033920693356025,0.816117230938462,1614
1944,1.0525110445996775,-0.07630498147320086,0.9140511014844648,0.8354894161249633,1591
1945,1.0780965117928307,-0.07462639500296617,0.9099756204925034,0.8280556298907165,1567
1946,1.062785725584494,-0.07457195350406726,0.895608649877999,0.8021148537362923,1602
1947,1.0500251871352615,-0.07960702195211475,0.913313371545859,0.8341413146444643,1574
1948,0.9996208977514666,-0.07106433511425217,0.9084104314472294,0.8252095119621415,1606
1949,1.031095953094138,-0.0683946113707804,0.9074853166756738,0.823529599981948,1601
1950,1.0342610059366366,-0.07015266893640415,0.9032716229861045,0.8158996248919513,1564
1951,1.027261876450577,-0.06299874782308054,0.9076913358687048,0.8239035612111137,1577
1952,1.0372000318769763,-0.07135175769562482,0.909473123816619,0.8271413629447593,1586
1953,1.0656859734618558,-0.06556058751868721,0.9149394794613364,0.8371142510769811,1570
1954,1.0496538285043706,-0.07538239318566009,0.9177080966693986,0.8421881506925701,1602
1955,1.0245642735741913,-0.07268375160245943,0.9167296681981218,0.8403932845546386,1627
1956,1.0255225913586639,-0.07068188557903818,0.9061654935195761,0.8211359016455769,1619
1957,1.033196795023375,-0.07149369139681755,0.8996676756528336,0.8094019266145721,1554
1958,1.0328707141540918,-0.06854298284552662,0.9067568474381855,0.8222079803760368,1604
1959,1.0637355393618466,-0.07060968000228413,0.9141021110349082,0.8355826693984757,1590
1960,1.0109611241631264,-0.05917163027551109,0.8911011346357625,0.7940612321491433,1570
1961,1.0326087935029638,-0.07425745095698327,0.9072463284964568,0.8230959005703008,1606
1962,1.0523477857843748,-0.07200891900291623,0.911066512939737,0.8300421910001718,1583
1963,1.0217695459989566,-0.06324429250987573,0.8924956915713044,0.7965485594733409,1602
1964,1.0411158511055894,-0.07007367849529625,0.8940644879785721,0.7993513086643863,1581
1965,1.041342605235206,-0.07068578630044917,0.9054262536535175,0.8197967008050437,1579
1966,1.0635532834037604,-0.07168658895837643,0.909211743372741,0.8266659942868991,1591
1967,1.044144307555038,-0.07073899673765216,0.901318113426632,0.8123743415909431,1589
1968,1.0337283550271734,-0.07488777988629622,0.9174102624483166,0.8416415896454891,1604
1969,1.0223245339437348,-0.06612991604512752,0.9077465894210124,0.8240038706054801,1598
1970,1.0178040469145635,-0.06841231815402793,0.9096701531124933,0.827499787463707,1599
1971,1.0579257689311166,-0.08342766364153031,0.9138465969254475,0.8351156027122212,1588
1972,1.0584593769773722,-0.0756579737292723,0.9041070277907453,0.8174095177006154,1585
1973,1.0714707095025002,-0.07003718895295921,0.8922633242663424,0.796133839830824,1637
1974,1.0117858323479436,-0.07216243898861086,0.8934425918249513,0.7982396648868866,1600
1975,1.0534202141056326,-0.07118532767697683,0.9116546780520314,0.831114252014153,1601
1976,1.0566757562072469,-0.07693773106730772,0.9191414898315237,0.8448210783297129,1584
1977,1.0403245516654582,-0.06824786912770864,0.9025980085583873,0.8146831650535666,1596
1978,1.0279533238339689,-0.071425981123696,0.9074789891396938,0.8235181157300006,1594
1979,1.064076606071449,-0.07623068895473539,0.9239928515708379,0.8537627897540084,1631
1980,1.0628304255234369,-0.0783802352761645,0.9097971644753803,0.8277308804874421,1574
1981,1.027707869036804,-0.0661831071336938,0.9163153303979271,0.8396337847222624,1594
1982,1.0209515717810873,-0.06050054349624906,0.8922443152386109,0.7960999180756178,1584
1983,1.0375833741233844,-0.06364969390669317,0.9085288059912126,0.8254245913158184,1607
1984,1.0271057639827113,-0.07185519738893195,0.9097659515686968,0.8276740866336963,1568
1985,1.052367959055464,-0.06886425713613883,0.9020310265988312,0.8136599729469413,1578
1986,1.0392372854688225,-0.0734486520148891,0.9075504258048561,0.8236477753785757,1591
1987,1.0597085502853538,-0.06895770547906616,0.9003825984128222,0.8106888235246255,1595
1988,1.0570132394261726,-0.07061610994418743,0.9113503876621906,0.830559529092025,1613
1989,1.010983411406317,-0.06864093858445913,0.90128591205073,0.8123162952611163,1610
1990,1.040595976944142,-0.07248706369442909,0.9054239029626625,0.8197924440561409,1621
1991,1.0359677594801318,-0.06521625825556338,0.910221796912251,0.8285037195741671,1613
1992,1.02896529575004,-0.07230122483380236,0.904039072929751,0.8172866453836838,1598
1993,1.0254989106763122,-0.07017380098229126,0.8948359049370758,0.8007312967645553,1582
1994,1.025337067479829,-0.06999815882148946,0.909305668249359,0.8268367983104133,1608
1995,1.0446979360097304,-0.06713724793608183,0.9127827392701797,0.8331723291095728,1593
1996,1.0651018860670582,-0.0671716644128692,0.9072585178154468,0.8231180181486814,1593
1997,1.0333611797919187,-0.06646919929599959,0.9148140179589259,0.836884687454154,1573
1998,1.0539569274725509,-0.0654601513292728,0.904366889576591,0.8178794709624378,1577
1999,1.0136472156716518,-0.06083713965731591,0.899793213366208,0.8096278268198863,1611
