condition,mmd,failure,compactness
clean_TierA,0.0271254777908325,0.0,0.5292771458625793
clean_TierA,0.0375047326087951,0.0,0.43652427196502686
clean_TierA,0.0314608216285705,0.0,0.46940386295318604
clean_TierA,0.028683066368103,0.0,0.623189389705658
clean_TierA,0.028132677078247,0.0,0.5720657110214233
clean_TierA,0.0283760428428649,0.0,0.5354280471801758
clean_TierA,0.0223728418350219,0.0,0.5689406394958496
clean_TierA,0.0295460820198059,0.0,0.5593965649604797
clean_TierA,0.042268693447113,0.0,0.4604454040527344
clean_TierA,0.0289034247398376,0.0,0.6487576961517334
clean_TierA,0.0378205180168151,0.0,0.6352789402008057
clean_TierA,0.0380330681800842,0.0,0.5628755688667297
clean_TierA,0.0328567624092102,0.0,0.4303567409515381
clean_TierA,0.0296892523765563,0.0,0.5143235921859741
clean_TierA,0.027854561805725,0.0,0.36207085847854614
clean_TierA,0.0318104028701782,0.0,0.34960252046585083
clean_TierA,0.0427886843681335,0.0,0.32361769676208496
clean_TierA,0.0412728190422058,0.0,0.29219383001327515
clean_TierA,0.0315445065498352,0.0,0.6649324297904968
clean_TierA,0.0410404801368713,0.0,0.5644681453704834
clean_TierA,0.027637243270874,0.0,0.589669942855835
TierB_synth_severe,0.1355403661727905,0.5960021041557075,0.47766733169555664
TierB_synth_severe,0.2188160419464111,0.7617043661230931,0.42498779296875
TierB_synth_severe,0.2871845364570617,0.8495528669121515,0.36150306463241577
TierB_synth_severe,0.3100306987762451,0.8984744871120462,0.3548088073730469
TierB_synth_severe,0.3059772849082947,0.9289847448711204,0.3680875301361084
TierB_synth_severe,0.3185392618179321,0.941083640189374,0.35067445039749146
TierB_synth_severe,0.0923425555229187,0.4592319831667544,0.5095952749252319
TierB_synth_severe,0.1308687329292297,0.6964755391899,0.4968482255935669
TierB_synth_severe,0.1854065656661987,0.784850078905839,0.46741825342178345
TierB_synth_severe,0.2212744355201721,0.8453445554971069,0.43848639726638794
TierB_synth_severe,0.2665334343910217,0.882167280378748,0.39156317710876465
TierB_synth_mild,0.0182527899742126,0.0147290899526565,0.5161874890327454
TierB_synth_mild,0.0415130257606506,0.1046817464492372,0.5065170526504517
TierB_synth_mild,0.0672053694725036,0.1599158337716991,0.5173739790916443
TierB_synth_mild,0.0021421313285827,-0.0005260389268805,0.5173600912094116
TierB_synth_mild,0.0016117691993713,-0.0021041557075223,0.5025364756584167
TierB_synth_mild,0.0013365745544433,-0.0010520778537611,0.5058326721191406
TierB_synth_mild,0.0019227266311645,0.0026301946344029,0.5139186382293701
TierB_synth_severe,0.1768327355384826,0.6712256706996318,0.3913649916648865
TierB_synth_severe,0.101395308971405,0.3377169910573382,0.4532327651977539
TierB_synth_mild,0.0766878724098205,0.1657022619673855,0.476385235786438
TierB_synth_mild,0.0546619892120361,0.070489216201999,0.4815026521682739
TierB_synth_mild,0.0419086217880249,0.0331404523934771,0.4859795570373535
TierB_synth_mild,0.0176959633827209,0.0910047343503419,0.5131922960281372
TierB_synth_mild,0.0119073987007141,0.049973698053656,0.5126235485076904
TierB_synth_mild,0.0087061524391174,0.0142030510257759,0.49323761463165283
TierB_synth_mild,0.01755291223526,0.0384008416622829,0.4716307520866394
TierB_synth_mild,0.030993103981018,0.1372961599158337,0.4567529559135437
TierB_synth_mild,0.0213013887405395,0.0594423987375065,0.4865381717681885
TierB_synth_mild,0.0206016898155212,0.0536559705418201,0.50953209400177
TierB_synth_mild,0.0378327965736389,0.1257233035244608,0.4943561553955078
TierB_synth_mild,0.016140341758728,0.0257759074171488,0.5057708024978638
TierB_synth_mild,0.0089824199676513,0.0105207785376117,0.5137494802474976
TierB_synth_mild,0.0089433789253234,0.0399789584429247,0.4758008122444153
TierB_synth_mild,0.0137773156166076,0.067859021567596,0.47824031114578247
TierB_synth_mild,0.0076885223388671,0.0099947396107311,0.49415063858032227
TierB_synth_mild,0.0196788907051086,0.0894266175697001,0.4564017653465271
TierB_synth_severe,0.0419250726699829,0.2667017359284587,0.4182130694389343
TierB_synth_mild,0.0350126028060913,0.1820094687006839,0.4303250312805176
TierB_synth_severe,0.0617533922195434,0.4245134139926354,0.40234196186065674
TierB_synth_severe,0.0934000015258789,0.6917411888479748,0.39522236585617065
TierB_synth_severe,0.0701987743377685,0.4018937401367701,0.456207811832428
TierB_synth_severe,0.1405918598175048,0.7501315097317202,0.38033145666122437
TierB_synth_severe,0.1528379917144775,0.8253550762756444,0.33040666580200195
TierB_synth_severe,0.0392950177192688,0.2446081009994739,0.5140981078147888
TierB_synth_severe,0.0813603401184082,0.6128353498158864,0.5221476554870605
TierB_synth_severe,0.1550086736679077,0.8064176749079432,0.5250428915023804
TierB_synth_severe,0.1131037473678588,0.4018937401367701,0.539647102355957
TierB_synth_severe,0.2047768235206604,0.6522882693319305,0.4621185064315796
TierB_synth_severe,0.25009685754776,0.7885323513940031,0.3858623504638672
TierB_synth_mild,0.0077940225601196,0.0036822724881641,0.5104812383651733
TierB_synth_mild,0.0019823908805847,-0.0005260389268805,0.4982112646102905
TierB_synth_mild,0.0012624263763427,-0.0021041557075223,0.515095591545105
TierB_synth_mild,0.0045908093452453,-0.0005260389268805,0.516218364238739
TierB_synth_severe,0.2204378247261047,0.8285113098369279,0.3220943808555603
TierB_synth_severe,0.1754279732704162,0.8143082588111521,0.361288845539093
TierB_synth_severe,0.3581563830375671,0.94634402945818,0.1859513521194458
TierB_synth_mild,0.1156703233718872,0.0215675960021041,0.4705459475517273
TierB_synth_mild,0.3015722632408142,0.1893740136770121,0.34157794713974
TierB_synth_severe,0.3873791098594665,0.6065228826933193,0.2616342306137085
TierB_synth_severe,0.249656081199646,0.5412940557601262,0.359758198261261
TierB_synth_mild,0.0182682871818542,0.0604944765912677,0.5186477899551392
TierB_synth_severe,0.2544105648994446,0.5649658074697528,0.3512424826622009
TierB_synth_mild,0.001425564289093,-0.0015781167806417,0.513423502445221
TierB_synth_severe,0.3095675706863403,0.8358758548132562,0.3200504183769226
TierB_synth_severe,0.41370689868927,0.9352972119936876,0.1996699571609497
TierB_synth_severe,0.46273934841156,0.9594950026301946,0.10728901624679565
TierB_synth_severe,0.1283069252967834,0.5896896370331405,0.49087321758270264
TierB_synth_severe,0.2198348641395568,0.7932667017359285,0.44048190116882324
TierB_synth_severe,0.3271380066871643,0.9068911099421356,0.34438687562942505
TierB_synth_severe,0.1515813469886779,0.5744345081536033,0.38388967514038086
TierB_synth_severe,0.2286968231201172,0.7722251446607049,0.3174249529838562
TierB_synth_severe,0.3332021832466125,0.9189900052603892,0.2041311264038086
TierB_synth_severe,0.1423182487487793,0.5307732772225144,0.5005968809127808
TierB_synth_severe,0.2945906519889831,0.8143082588111521,0.3762534260749817
TierB_synth_severe,0.2952185273170471,0.9021567596002104,0.3504388928413391
TierB_synth_severe,0.1586801409721374,0.730455472467709,0.3654710650444031
TierB_synth_severe,0.3195614218711853,0.8803535010197145,0.27206993103027344
TierB_synth_severe,0.4093466401100158,0.8898708361658736,0.1999959945678711
TierB_synth_severe,0.4445728063583374,0.8908905506458192,0.16774624586105347
TierB_synth_severe,0.4604002833366394,0.8970088375254929,0.16570192575454712
TierB_synth_severe,0.4680264592170715,0.919782460910945,0.1440262794494629
TierB_synth_severe,0.1039606928825378,0.6400407885791979,0.4216116666793823
TierB_synth_severe,0.1871452927589416,0.7987763426240653,0.3338722586631775
TierB_synth_severe,0.2618404626846313,0.8830727396329028,0.30581408739089966
TierB_synth_severe,0.3131585121154785,0.8704962610469069,0.2851044535636902
TierB_synth_severe,0.3537316918373108,0.8823929299796057,0.26210910081863403
TierB_synth_mild,0.0158234238624572,0.0424881033310673,0.4440290331840515
TierB_synth_mild,0.0356608033180236,0.1614547926580557,0.4191652536392212
TierB_synth_severe,0.0600550770759582,0.282800815771584,0.427471399307251
TierB_synth_mild,0.0066214799880981,0.0040788579197824,0.4505748152732849
TierB_synth_mild,0.0034478902816772,0.0010197144799456,0.4519844651222229
TierB_synth_mild,0.0027412176132202,0.0033990482664854,0.4465618133544922
TierB_synth_mild,0.0063126683235168,0.0081577158395649,0.45595091581344604
TierB_synth_severe,0.2028641104698181,0.7722637661454793,0.31643247604370117
TierB_synth_severe,0.1084510684013366,0.4408565601631543,0.4009776711463928
TierB_synth_severe,0.0738705992698669,0.2865397688647179,0.4081798791885376
TierB_synth_mild,0.0546692013740539,0.1750509857239973,0.42764604091644287
TierB_synth_mild,0.0380584001541137,0.0982324949014276,0.4443073868751526
TierB_synth_mild,0.0222067236900329,0.0129163834126444,0.4660305380821228
TierB_synth_mild,0.0096776485443115,0.0047586675730795,0.46727830171585083
TierB_synth_mild,0.0089890360832214,0.0129163834126444,0.4362263083457947
TierB_synth_mild,0.0169260501861572,0.0244731475186947,0.41976284980773926
TierB_synth_mild,0.0268899202346801,0.0329707681849082,0.4172017574310303
TierB_synth_mild,0.0168420076370239,0.0146159075458871,0.4440968632698059
TierB_synth_mild,0.0202355980873107,0.0149558123725357,0.43598103523254395
TierB_synth_mild,0.044377326965332,0.0424881033310673,0.4263869524002075
TierB_synth_mild,0.0176560878753662,0.0248130523453433,0.4118250608444214
TierB_synth_mild,0.0095039010047912,0.0108769544527532,0.4198533296585083
TierB_synth_mild,0.0137150883674621,0.0078178110129164,0.4444476366043091
TierB_synth_mild,0.0215725302696228,0.013256288239293,0.44081252813339233
TierB_synth_mild,0.0095220804214477,0.026512576478586,0.4265972375869751
TierB_synth_severe,0.0352264642715454,0.2477906186267845,0.3789764642715454
TierB_synth_severe,0.0955275893211364,0.5067980965329708,0.3206239342689514
TierB_synth_severe,0.0667681694030761,0.4411964649898029,0.35073035955429077
TierB_synth_severe,0.1191345453262329,0.6254248810333107,0.3123125433921814
TierB_synth_severe,0.1899005770683288,0.809993201903467,0.26766443252563477
TierB_synth_severe,0.0694058537483215,0.5465669612508498,0.40176159143447876
TierB_synth_severe,0.1698969602584839,0.7811012916383413,0.3029177784919739
TierB_synth_severe,0.2137002348899841,0.8174711080897349,0.2614401578903198
TierB_synth_severe,0.0517559647560119,0.4031271244051666,0.41178959608078003
TierB_synth_severe,0.149698793888092,0.7532290958531611,0.3648177981376648
TierB_synth_severe,0.2404021620750427,0.8436437797416724,0.34743010997772217
TierB_synth_severe,0.1920081377029419,0.614208021753909,0.40676039457321167
TierB_synth_severe,0.3066645264625549,0.7114208021753909,0.3196665644645691
TierB_synth_severe,0.3119047880172729,0.7522093813732156,0.28100770711898804
TierB_synth_mild,0.0282026529312133,0.0819170632222977,0.4014282822608948
TierB_synth_mild,0.0065963864326477,0.0125764785859959,0.4307219386100769
TierB_synth_mild,0.0042280554771423,0.0013596193065942,0.4595598578453064
TierB_synth_mild,0.0099774599075317,0.0074779061862678,0.4744439125061035
TierB_synth_severe,0.1942442059516906,0.7396329027872196,0.28668397665023804
TierB_synth_severe,0.2142903804779052,0.8803535010197145,0.2992895841598511
TierB_synth_severe,0.376724898815155,0.9146838885112168,0.13868653774261475
TierB_synth_mild,0.2240535616874694,0.114887831407206,0.36540359258651733
TierB_synth_severe,0.3696911931037903,0.2963970088375255,0.2837781310081482
TierB_synth_severe,0.43616783618927,0.6291638341264446,0.21921145915985107
TierB_synth_severe,0.3087489008903503,0.5900747790618628,0.2933259606361389
TierB_synth_mild,0.0095123052597045,0.0870156356220258,0.4587986469268799
TierB_synth_severe,0.3088166713714599,0.6023113528212101,0.29912251234054565
TierB_synth_mild,0.0018761157989501,0.0037389530931339,0.4436231255531311
TierB_synth_severe,0.3304147124290466,0.9177430319510538,0.23847633600234985
TierB_synth_severe,0.4440783262252807,0.9231815091774304,0.13281744718551636
TierB_synth_severe,0.5330405235290527,0.9391570360299116,0.03236037492752075
TierB_synth_severe,0.1599920392036438,0.7311352821210062,0.36990177631378174
TierB_synth_severe,0.312349796295166,0.8912304554724677,0.27274441719055176
TierB_synth_severe,0.4091029763221741,0.8973487423521415,0.21623051166534424
TierB_synth_severe,0.1367424130439758,0.6111488783140722,0.29190826416015625
TierB_synth_severe,0.2582967281341553,0.8290278721957852,0.22826898097991943
TierB_synth_severe,0.3192009925842285,0.8885112168592795,0.18315088748931885
TierB_synth_severe,0.2201550006866455,0.6917063222297757,0.40034782886505127
TierB_synth_severe,0.3626238703727722,0.8334466349422163,0.2964833378791809
TierB_synth_severe,0.2722985744476318,0.9106050305914344,0.37726837396621704
TierB_synth_severe,0.1801847219467163,0.6605374823196606,0.49136650562286377
TierB_synth_severe,0.2728448510169983,0.8104667609618105,0.4266629219055176
TierB_synth_severe,0.3429663181304931,0.8628005657708628,0.35024821758270264
TierB_synth_severe,0.3649116158485412,0.8991041961338991,0.3360438942909241
TierB_synth_severe,0.3668175935745239,0.918906176331919,0.3209429383277893
TierB_synth_severe,0.3814101815223694,0.9434229137199436,0.2932077646255493
TierB_synth_severe,0.1049637794494628,0.438000942951438,0.5089042782783508
TierB_synth_severe,0.1573322415351867,0.7340876944837341,0.49393749237060547
TierB_synth_severe,0.1995829939842224,0.8406412069778406,0.46610814332962036
TierB_synth_severe,0.2464393973350525,0.876001885902876,0.44561105966567993
TierB_synth_severe,0.2959551215171814,0.9014615747289014,0.4062298536300659
TierB_synth_mild,0.0330831408500671,0.0136727958510136,0.5202755331993103
TierB_synth_mild,0.059815227985382,0.082979726544083,0.5357286334037781
TierB_synth_mild,0.0921127796173095,0.1626591230551627,0.5464179515838623
TierB_synth_mild,0.0024948716163635,0.0004714757190005,0.4866463541984558
TierB_synth_mild,0.0016454458236694,-0.0004714757190004,0.4844169616699219
TierB_synth_mild,0.0017770528793334,0.0004714757190005,0.4807840585708618
TierB_synth_mild,0.0017656683921813,0.0018859028760018,0.4766809344291687
TierB_synth_severe,0.2302526235580444,0.711928335690712,0.4083770513534546
TierB_synth_severe,0.158799409866333,0.4106553512494106,0.4802911877632141
TierB_synth_severe,0.1335670948028564,0.3088165959453088,0.5047784447669983
TierB_synth_mild,0.1083484292030334,0.1749174917491749,0.515034556388855
TierB_synth_mild,0.0763525962829589,0.091937765205092,0.5154068470001221
TierB_synth_mild,0.0168510675430297,0.016973125884017,0.47623181343078613
TierB_synth_mild,0.0100198984146118,0.0066006600660065,0.4913709759712219
TierB_synth_mild,0.0098822712898254,0.0042432814710042,0.48410677909851074
TierB_synth_mild,0.0163957476615905,0.0113154172560113,0.48407500982284546
TierB_synth_mild,0.0311465859413146,0.033946251768034,0.4632149934768677
TierB_synth_mild,0.0165237188339233,0.0127298444130127,0.48185038566589355
TierB_synth_mild,0.0172939896583557,0.0103724658180104,0.4820307493209839
TierB_synth_mild,0.0314494371414184,0.0231023102310231,0.4720544219017029
TierB_synth_mild,0.0267565846443176,0.0084865629420084,0.471484899520874
TierB_synth_mild,0.0149810314178466,0.0023573785950024,0.48340386152267456
TierB_synth_mild,0.0068602561950683,0.0047147571900046,0.48773038387298584
TierB_synth_mild,0.0105242729187011,0.008015087223008,0.48312652111053467
TierB_synth_mild,0.0100392699241638,0.016973125884017,0.4499109387397766
TierB_synth_mild,0.0261167883872985,0.106082036775106,0.46372169256210327
TierB_synth_severe,0.0753589272499084,0.4846770391324847,0.4532831311225891
TierB_synth_severe,0.0629245042800903,0.3635077793493635,0.461453914642334
TierB_synth_severe,0.0931610465049743,0.5695426685525695,0.4454386234283447
TierB_synth_severe,0.1336820125579834,0.7237152286657238,0.422885537147522
TierB_synth_mild,0.0433539152145385,0.1857614332861857,0.4574844241142273
TierB_synth_severe,0.1164628863334655,0.5563413484205564,0.3931041955947876
TierB_synth_severe,0.1559159755706787,0.6313059877416314,0.3767074942588806
TierB_synth_severe,0.0533322691917419,0.2409240924092409,0.5136616230010986
TierB_synth_severe,0.1146765947341919,0.5855728429985856,0.508415699005127
TierB_synth_severe,0.1997599601745605,0.7755775577557755,0.4704233407974243
TierB_synth_severe,0.127094030380249,0.4431871758604432,0.5383480787277222
TierB_synth_severe,0.2148504853248596,0.7831211692597831,0.4704030752182007
TierB_synth_severe,0.2440945506095886,0.8420556341348421,0.41589802503585815
TierB_synth_mild,0.005343735218048,0.0014144271570014,0.5014263391494751
TierB_synth_mild,0.0027577877044677,0.0004714757190005,0.4906345009803772
TierB_synth_mild,0.0016223192214965,0.0004714757190005,0.4820774793624878
TierB_synth_mild,0.0038574934005737,0.0018859028760018,0.48301106691360474
TierB_synth_severe,0.2114653587341308,0.6798679867986799,0.37519675493240356
TierB_synth_severe,0.3470159769058227,0.8741159830268741,0.24209213256835938
TierB_synth_severe,0.4557265639305115,0.974068835454974,0.1446305513381958
TierB_synth_mild,0.0316877961158752,0.0108439415370108,0.48490118980407715
TierB_synth_mild,0.1582798957824707,0.0476190476190476,0.45790958404541016
TierB_synth_severe,0.3066818118095398,0.272984441301273,0.36988985538482666
TierB_synth_severe,0.2301651239395141,0.3630363036303631,0.3854689598083496
TierB_synth_mild,0.0078176259994506,0.0174446016030174,0.4881918430328369
TierB_synth_severe,0.231124460697174,0.3620933521923621,0.3929555416107178
TierB_synth_mild,0.0013784766197204,0.0033003300330033,0.4901807904243469
TierB_synth_severe,0.3663257956504822,0.9273927392739274,0.24890053272247314
TierB_synth_severe,0.4454628229141235,0.967939651107968,0.17758852243423462
TierB_synth_severe,0.5210509300231934,0.9632248939179632,0.08491712808609009
TierB_synth_severe,0.1564885377883911,0.6426214049976426,0.514977216720581
TierB_synth_severe,0.2448005080223083,0.8297972654408299,0.4477274417877197
TierB_synth_severe,0.3624548316001892,0.9184347006129184,0.3518068790435791
TierB_synth_severe,0.1975672245025634,0.5822725129655824,0.40510427951812744
TierB_synth_severe,0.3001136183738708,0.7590759075907592,0.3297885060310364
TierB_synth_severe,0.4127887487411499,0.8585572842998586,0.17511510848999023
TierB_synth_severe,0.1982137560844421,0.7232437529467233,0.5040713548660278
TierB_synth_severe,0.3151841759681701,0.9042904290429044,0.377677321434021
TierB_synth_severe,0.3218885064125061,0.9566242338519566,0.37927132844924927
TierB_synth_severe,0.1129234433174133,0.2477272727272726,0.49754226207733154
TierB_synth_severe,0.2051620483398437,0.4454545454545454,0.43662625551223755
TierB_synth_severe,0.2952366471290588,0.5772727272727273,0.36496126651763916
TierB_synth_severe,0.3450570702552795,0.6727272727272727,0.3336467742919922
TierB_synth_severe,0.372251808643341,0.7022727272727273,0.32486116886138916
TierB_synth_severe,0.391898512840271,0.7295454545454545,0.31436026096343994
TierB_synth_mild,0.0863742232322692,0.1772727272727272,0.5032238960266113
TierB_synth_severe,0.1331245303153991,0.3295454545454545,0.49526625871658325
TierB_synth_severe,0.1915518045425415,0.5022727272727272,0.4630204439163208
TierB_synth_severe,0.264352798461914,0.5431818181818182,0.4124964475631714
TierB_synth_severe,0.3366549611091614,0.6863636363636363,0.3663073778152466
TierB_synth_mild,0.0186762809753417,0.0227272727272727,0.4603886604309082
TierB_synth_mild,0.0473467707633972,0.1409090909090908,0.46103495359420776
TierB_synth_severe,0.0792188644409179,0.2568181818181818,0.46705150604248047
TierB_synth_mild,0.0084539651870727,0.009090909090909,0.46533507108688354
TierB_synth_mild,0.0035687685012817,0.0045454545454545,0.45835310220718384
TierB_synth_mild,0.001416265964508,0.0045454545454545,0.45943039655685425
TierB_synth_mild,0.0039578676223754,0.0227272727272727,0.46176373958587646
TierB_synth_severe,0.1232079863548278,0.2386363636363636,0.4244822859764099
TierB_synth_mild,0.0625455975532531,0.1022727272727272,0.44280868768692017
TierB_synth_mild,0.042723536491394,0.0477272727272727,0.44662201404571533
TierB_synth_mild,0.0247013568878173,0.0204545454545453,0.45104336738586426
TierB_synth_mild,0.0132305026054382,0.0204545454545453,0.4542235732078552
TierB_synth_mild,0.0199739336967468,0.0363636363636363,0.4425833225250244
TierB_synth_mild,0.0111079812049865,0.0227272727272727,0.44389641284942627
TierB_synth_mild,0.0092280507087707,0.0295454545454545,0.4498605728149414
TierB_synth_mild,0.0175179243087768,0.0431818181818182,0.44923466444015503
TierB_synth_mild,0.0294312238693237,0.0454545454545454,0.44521564245224
TierB_synth_mild,0.0174877047538757,0.0272727272727272,0.44910526275634766
TierB_synth_mild,0.0151166319847106,0.0136363636363636,0.4542641043663025
TierB_synth_mild,0.0279442071914672,0.0431818181818182,0.44735175371170044
TierB_synth_mild,0.0166227221488952,0.0454545454545454,0.45712220668792725
TierB_synth_mild,0.0090237259864807,0.025,0.45662909746170044
TierB_synth_mild,0.0061178803443908,0.0204545454545453,0.455199658870697
TierB_synth_mild,0.0115354657173156,0.0272727272727272,0.45008617639541626
TierB_synth_mild,0.030694305896759,0.0409090909090908,0.46366435289382935
TierB_synth_mild,0.027968943119049,0.0431818181818182,0.46218812465667725
TierB_synth_mild,0.0601148605346679,0.0886363636363636,0.4352406859397888
TierB_synth_mild,0.0588616132736206,0.0931818181818181,0.442785382270813
TierB_synth_mild,0.092803418636322,0.1659090909090909,0.428829550743103
TierB_synth_severe,0.1190975308418273,0.2772727272727272,0.4218600392341614
TierB_synth_mild,0.0902836322784423,0.1659090909090909,0.37958967685699463
TierB_synth_severe,0.1848137974739074,0.4727272727272726,0.33229660987854004
TierB_synth_severe,0.2045945525169372,0.4977272727272727,0.32208186388015747
TierB_synth_mild,0.0731074213981628,0.1022727272727272,0.4522414207458496
TierB_synth_severe,0.1420426368713379,0.3409090909090909,0.42830175161361694
TierB_synth_severe,0.2323644161224365,0.5386363636363636,0.38964998722076416
TierB_synth_mild,0.1085418462753295,0.1886363636363636,0.461051881313324
TierB_synth_severe,0.2277088165283203,0.5295454545454545,0.4016062021255493
TierB_synth_severe,0.281114399433136,0.6909090909090909,0.3493814468383789
TierB_synth_mild,0.0137235522270202,0.0068181818181818,0.47422730922698975
TierB_synth_mild,0.0066646337509155,-0.0068181818181818,0.4638643264770508
TierB_synth_mild,0.0013118386268615,-0.0022727272727273,0.45305120944976807
TierB_synth_mild,0.0034478902816772,0.0,0.44986921548843384
TierB_synth_severe,0.2585654854774475,0.6886363636363636,0.36413806676864624
TierB_synth_severe,0.2942185401916504,0.7045454545454546,0.3307031989097595
TierB_synth_severe,0.5212520956993103,0.8295454545454546,0.11445796489715576
TierB_synth_mild,0.0113059282302856,0.0136363636363636,0.4392150044441223
TierB_synth_mild,0.0830036401748657,0.0409090909090908,0.4110116958618164
TierB_synth_severe,0.2207959294319152,0.2136363636363636,0.3564295172691345
TierB_synth_severe,0.2690619230270386,0.384090909090909,0.32388174533843994
TierB_synth_mild,0.0304594039916992,0.0818181818181817,0.46100711822509766
TierB_synth_severe,0.2756856083869934,0.4136363636363636,0.3226357102394104
TierB_synth_mild,0.0008817911148071,0.009090909090909,0.452911376953125
TierB_synth_severe,0.2245073914527893,0.5545454545454545,0.4420657157897949
TierB_synth_severe,0.4881165623664856,0.8204545454545454,0.1543959379196167
TierB_synth_severe,0.535690188407898,0.8863636363636364,0.08342814445495605
TierB_synth_severe,0.1032272577285766,0.2318181818181818,0.5041791200637817
TierB_synth_severe,0.2130806446075439,0.5318181818181817,0.44865453243255615
TierB_synth_severe,0.3469442129135132,0.6386363636363637,0.3631642460823059
TierB_synth_severe,0.1987776756286621,0.4295454545454545,0.39224791526794434
TierB_synth_severe,0.2545626759529114,0.4886363636363636,0.35026299953460693
TierB_synth_severe,0.4456170201301574,0.825,0.17756128311157227
TierB_synth_severe,0.1148278713226318,0.2363636363636363,0.45591050386428833
TierB_synth_severe,0.2432239651679992,0.6136363636363635,0.4110446572303772
TierB_synth_severe,0.2984630465507507,0.7909090909090909,0.34070098400115967
TierB_synth_severe,0.0626524090766906,0.3561283534981588,0.6822181940078735
TierB_synth_severe,0.1545369625091552,0.6827985270910047,0.6209969520568848
TierB_synth_severe,0.2244277000427246,0.7901104681746449,0.5600097179412842
TierB_synth_severe,0.2774695158004761,0.819568648079958,0.4797677993774414
TierB_synth_severe,0.3037669658660888,0.8563913729615992,0.456839382648468
TierB_synth_severe,0.2851420044898987,0.8506049447659128,0.4754366874694824
TierB_synth_severe,0.0510991811752319,0.2340873224618622,0.6762601733207703
TierB_synth_severe,0.0758081078529357,0.5817990531299316,0.6721324324607849
TierB_synth_severe,0.1116679906845092,0.7453971593897949,0.6639456152915955
TierB_synth_severe,0.1662891507148742,0.8211467648605997,0.6319911479949951
TierB_synth_severe,0.1973583698272705,0.8695423461336139,0.5863164663314819
TierB_synth_mild,0.0357528924942016,0.0136770120988953,0.6500514149665833
TierB_synth_mild,0.0406075716018676,0.0263019463440294,0.6456166505813599
TierB_synth_mild,0.0453014373779296,0.0636507101525513,0.6667352914810181
TierB_synth_mild,0.0016672611236572,0.0026301946344029,0.6283745169639587
TierB_synth_mild,0.0013691186904907,0.0005260389268806,0.6330206394195557
TierB_synth_mild,0.0013535022735595,0.0026301946344029,0.641991913318634
TierB_synth_mild,0.0020501613616943,0.0047343503419253,0.6224897503852844
TierB_synth_severe,0.1033450365066528,0.3529721199368754,0.6569765210151672
TierB_synth_mild,0.0828747153282165,0.1436086270384008,0.6359914541244507
TierB_synth_mild,0.0797944068908691,0.0731194108364019,0.6236186027526855
TierB_synth_mild,0.0619730353355407,0.0357706470278801,0.6193416118621826
TierB_synth_mild,0.0514293909072876,0.0194634402945818,0.6137498021125793
TierB_synth_mild,0.01055109500885,0.0315623356128353,0.6404388546943665
TierB_synth_mild,0.006919503211975,0.0094687006838506,0.6419619917869568
TierB_synth_mild,0.0120282769203186,0.0147290899526565,0.5835713148117065
TierB_synth_mild,0.0149827599525451,0.0252498684902683,0.5890867710113525
TierB_synth_mild,0.0304187536239624,0.0447133087848501,0.5939986705780029
TierB_synth_mild,0.0146337747573852,0.0241977906365071,0.5985479354858398
TierB_synth_mild,0.0156231522560119,0.0152551288795371,0.632796585559845
TierB_synth_mild,0.0290951132774353,0.0378748027354024,0.6130895614624023
TierB_synth_mild,0.0096844434738159,0.0131509731720147,0.6163201332092285
TierB_synth_mild,0.0046282410621643,0.0068385060494476,0.6285985112190247
TierB_synth_mild,0.0083699226379394,0.0131509731720147,0.6231631636619568
TierB_synth_mild,0.0151498913764953,0.0268279852709101,0.6139301061630249
TierB_synth_mild,0.0039530992507934,0.0021041557075224,0.6096333265304565
TierB_synth_mild,0.01727956533432,0.0610205155181483,0.5974783897399902
TierB_synth_severe,0.0590608119964599,0.3997895844292478,0.4923244118690491
TierB_synth_severe,0.0350773930549621,0.2298790110468175,0.5350934863090515
TierB_synth_severe,0.0675927996635437,0.4829037348763809,0.48380839824676514
TierB_synth_severe,0.1466202139854431,0.7574960547080485,0.44048064947128296
TierB_synth_mild,0.0143200755119323,0.0136770120988953,0.6217589974403381
TierB_synth_mild,0.0290939807891845,0.0657548658600737,0.5918929576873779
TierB_synth_mild,0.0410010814666748,0.1357180431351921,0.5517616271972656
TierB_synth_mild,0.0292845964431762,0.1236191478169385,0.6201839447021484
TierB_synth_severe,0.0650421977043151,0.4166228300894267,0.6301092505455017
TierB_synth_severe,0.1181572675704956,0.6696475539189901,0.6048386693000793
TierB_synth_severe,0.189517080783844,0.586533403471857,0.5237319469451904
TierB_synth_severe,0.2477816939353943,0.7169910573382431,0.42994844913482666
TierB_synth_severe,0.2491098642349243,0.8342977380326144,0.3692787289619446
TierB_synth_mild,0.0035527944564819,0.0042083114150447,0.6056220531463623
TierB_synth_mild,0.0022015571594238,0.0010520778537612,0.6173772811889648
TierB_synth_mild,0.0018422603607177,0.0010520778537612,0.6226192712783813
TierB_synth_mild,0.0027767419815063,0.0031562335612835,0.6286625862121582
TierB_synth_severe,0.1215138435363769,0.5213045765386639,0.5016635060310364
TierB_synth_severe,0.1953170895576477,0.6764860599684377,0.391413152217865
TierB_synth_severe,0.2921547293663025,0.8700683850604946,0.33381009101867676
TierB_synth_mild,0.1524386405944824,0.1299316149395055,0.5306825637817383
TierB_synth_severe,0.2559134364128113,0.2940557601262493,0.4394685626029968
TierB_synth_severe,0.3619991540908813,0.6291425565491846,0.29668211936950684
TierB_synth_severe,0.1301798820495605,0.3445554971067859,0.5589576959609985
TierB_synth_mild,0.0231448411941528,0.0925828511309837,0.5999312400817871
TierB_synth_severe,0.1155386567115783,0.3477117306680695,0.5603064298629761
TierB_synth_mild,0.001175582408905,0.0042083114150447,0.6273317337036133
TierB_synth_severe,0.2017572522163391,0.7922146238821673,0.5568185448646545
TierB_synth_severe,0.3132418394088745,0.8695423461336139,0.451099693775177
TierB_synth_severe,0.4595516324043274,0.9479221462388218,0.18436896800994873
TierB_synth_severe,0.0682709217071533,0.3808521830615465,0.6626248955726624
TierB_synth_severe,0.1563129425048828,0.740136770120989,0.6125280857086182
TierB_synth_severe,0.2592188715934753,0.8479747501315098,0.5096613764762878
TierB_synth_severe,0.108021855354309,0.2735402419779064,0.566315233707428
TierB_synth_severe,0.1845350265502929,0.62493424513414,0.5277379751205444
TierB_synth_severe,0.205339252948761,0.760652288269332,0.5129337310791016
TierB_synth_severe,0.1904948353767395,0.6475539189900053,0.5082831382751465
TierB_synth_severe,0.3004138469696045,0.7732772225144662,0.36621540784835815
TierB_synth_severe,0.2860267162322998,0.9032088374539716,0.386097252368927
TierB_synth_severe,0.1002756357192993,0.5989123045547247,0.6012188792228699
TierB_synth_severe,0.2330701947212219,0.8113528212100612,0.427010715007782
TierB_synth_severe,0.3303354382514953,0.8416043507817812,0.35615742206573486
TierB_synth_severe,0.368297278881073,0.8524813052345344,0.3264539837837219
TierB_synth_severe,0.3751730918884277,0.8647178789938818,0.31163525581359863
TierB_synth_severe,0.3628144264221191,0.9058463630183547,0.32023847103118896
TierB_synth_severe,0.0814146399497985,0.4449354180829368,0.5879015922546387
TierB_synth_severe,0.1304584145545959,0.7583276682528892,0.5366280674934387
TierB_synth_severe,0.2275240421295166,0.8494221617946975,0.435960590839386
TierB_synth_severe,0.2785744071006775,0.8766145479265806,0.4333801865577698
TierB_synth_severe,0.2916394472122192,0.884432358939497,0.4124605059623718
TierB_synth_mild,0.0495662093162536,0.0295717199184228,0.5613129138946533
TierB_synth_mild,0.0520177483558654,0.053025152957172,0.5690621137619019
TierB_synth_mild,0.0586585998535156,0.1210061182868796,0.5610132217407227
TierB_synth_mild,0.00502210855484,0.0033990482664854,0.5626155138015747
TierB_synth_mild,0.0030059218406677,0.0006798096532971,0.5645880699157715
TierB_synth_mild,0.0020092725753784,0.0,0.5432568788528442
TierB_synth_mild,0.0050004124641418,0.0023793337865398,0.5453893542289734
TierB_synth_severe,0.1480886936187744,0.4466349422161795,0.5395716428756714
TierB_synth_mild,0.1027150154113769,0.1913664174031272,0.5606074333190918
TierB_synth_mild,0.0807426571846008,0.1043507817811013,0.5622930526733398
TierB_synth_mild,0.0577486753463745,0.0455472467709041,0.558498740196228
TierB_synth_mild,0.0379082560539245,0.0234534330387492,0.5627822875976562
TierB_synth_mild,0.0148528814315795,0.0071380013596193,0.5759164094924927
TierB_synth_mild,0.0065483450889587,0.0013596193065942,0.560486912727356
TierB_synth_mild,0.00977224111557,0.0061182868796737,0.5351197719573975
TierB_synth_mild,0.0187656879425048,0.0163154316791298,0.5324187874794006
TierB_synth_mild,0.0288590192794799,0.0282121006118287,0.5400277376174927
TierB_synth_mild,0.0178664922714233,0.0071380013596193,0.5590476989746094
TierB_synth_mild,0.0191960930824279,0.0149558123725357,0.5590044260025024
TierB_synth_mild,0.0429636240005493,0.022093813732155,0.5355401039123535
TierB_synth_mild,0.0172294378280639,0.0149558123725357,0.5101054906845093
TierB_synth_mild,0.0067185759544372,0.0064581917063223,0.5300512313842773
TierB_synth_mild,0.0089548826217651,0.0020394289598912,0.572009801864624
TierB_synth_mild,0.0198268294334411,0.0146159075458871,0.5611746907234192
TierB_synth_mild,0.0066484212875366,0.0074779061862678,0.5303573608398438
TierB_synth_mild,0.0299196243286132,0.1257647858599593,0.4816681742668152
TierB_synth_severe,0.0931437015533447,0.4432358939496941,0.4043843150138855
TierB_synth_severe,0.0691271424293518,0.3443235893949694,0.43252718448638916
TierB_synth_severe,0.1089064478874206,0.5557443915703604,0.37079066038131714
TierB_synth_severe,0.1790118217468261,0.7250169952413325,0.3250225782394409
TierB_synth_mild,0.030726134777069,0.1128484024473147,0.5160303711891174
TierB_synth_severe,0.0457746982574462,0.3249490142760027,0.4580232501029968
TierB_synth_severe,0.0776793360710144,0.4564921821889871,0.42402368783950806
TierB_synth_mild,0.0313382744789123,0.172331747110809,0.5663434267044067
TierB_synth_severe,0.0948490500450134,0.565601631543168,0.5184664726257324
TierB_synth_severe,0.1827586889266967,0.7817811012916384,0.44057220220565796
TierB_synth_severe,0.2174761295318603,0.6023113528212101,0.43427520990371704
TierB_synth_severe,0.2889249920845032,0.7783820530251531,0.33296847343444824
TierB_synth_severe,0.2866370677947998,0.809993201903467,0.2998896837234497
TierB_synth_mild,0.0277323722839355,0.0428280081577159,0.5333442687988281
TierB_synth_mild,0.0055580139160156,0.0054384772263766,0.5415401458740234
TierB_synth_mild,0.0034407973289489,-0.0010197144799455,0.5601390600204468
TierB_synth_mild,0.0089026093482971,-0.0003399048266484,0.5649522542953491
TierB_synth_severe,0.2029783725738525,0.7746430999320191,0.40620189905166626
TierB_synth_severe,0.2437331080436706,0.8827328348062543,0.34179550409317017
TierB_synth_severe,0.3344980478286743,0.919102651257648,0.28518468141555786
TierB_synth_severe,0.2338443398475647,0.3647178789938817,0.42107176780700684
TierB_synth_severe,0.3466135263442993,0.39768864717879,0.3249247074127197
TierB_synth_severe,0.4304447174072265,0.6087695445275323,0.23315668106079102
TierB_synth_severe,0.0918524265289306,0.3460231135282121,0.4811318516731262
TierB_synth_mild,0.0148795843124389,0.1196464989802855,0.5643011927604675
TierB_synth_severe,0.100553810596466,0.3973487423521414,0.48915934562683105
TierB_synth_mild,0.0021873712539672,0.0006798096532971,0.540375828742981
TierB_synth_severe,0.2544984221458435,0.8541808293677771,0.407481849193573
TierB_synth_severe,0.3809601664543152,0.9150237933378654,0.30587661266326904
TierB_synth_severe,0.5501075983047485,0.9496940856560164,0.07262569665908813
TierB_synth_severe,0.1011633872985839,0.6077498300475868,0.592612087726593
TierB_synth_severe,0.2567735314369201,0.8419442556084297,0.40889281034469604
TierB_synth_severe,0.3467559814453125,0.871176070700204,0.3382951617240906
TierB_synth_severe,0.1365926265716552,0.4575118966689327,0.4764205813407898
TierB_synth_severe,0.2486921548843383,0.7284160435078179,0.39909040927886963
TierB_synth_severe,0.2240169048309326,0.7967369136641741,0.43126094341278076
TierB_synth_severe,0.224741518497467,0.619986403806934,0.4346666932106018
TierB_synth_severe,0.3535610437393188,0.826988443235894,0.30972856283187866
TierB_synth_severe,0.3301306962966919,0.8895309313392251,0.34417563676834106
TierB_synth_severe,0.1469886898994445,0.4413012729844413,0.6500892639160156
TierB_synth_severe,0.2342782020568847,0.7543611504007544,0.6149882078170776
TierB_synth_severe,0.3065123558044433,0.8458274398868458,0.5719621777534485
TierB_synth_severe,0.3348117470741272,0.8774163130598774,0.5211888551712036
TierB_synth_severe,0.3422557115554809,0.8778877887788779,0.5153223276138306
TierB_synth_severe,0.337755799293518,0.918906176331919,0.5168151259422302
TierB_synth_severe,0.1266429424285888,0.3422913719943423,0.6415715217590332
TierB_synth_severe,0.1463135480880737,0.5803866100895805,0.636371910572052
TierB_synth_severe,0.1722075343132019,0.742102781706742,0.6292780637741089
TierB_synth_severe,0.2222927808761596,0.8175388967468176,0.6282302737236023
TierB_synth_severe,0.2592212557792663,0.8590287600188591,0.6169770956039429
TierB_synth_mild,0.0782549381256103,0.0414898632720415,0.6169445514678955
TierB_synth_mild,0.0868705511093139,0.0641206977840641,0.6147584915161133
TierB_synth_mild,0.1145427227020263,0.1428571428571429,0.6319999694824219
TierB_synth_mild,0.001518964767456,-0.0004714757190004,0.5133821368217468
TierB_synth_mild,0.001162052154541,-0.0004714757190004,0.5080356597900391
TierB_synth_mild,0.001455545425415,0.0014144271570014,0.5093321800231934
TierB_synth_mild,0.0028217434883117,0.0018859028760018,0.5048224925994873
TierB_synth_severe,0.2244499325752258,0.5294672324375295,0.6522758603096008
TierB_synth_severe,0.182105004787445,0.3177746346063178,0.6431539058685303
TierB_synth_mild,0.1319206953048706,0.1942479962281942,0.6339964866638184
TierB_synth_mild,0.0866474509239196,0.066006600660066,0.6147586107254028
TierB_synth_mild,0.0456218123435974,0.0150872230080151,0.5855048894882202
TierB_synth_mild,0.0126931071281433,0.0146157472890146,0.5045644044876099
TierB_synth_mild,0.0054883360862731,0.0061291843470061,0.5067200064659119
TierB_synth_mild,0.0088137984275817,0.0037718057520037,0.5092319250106812
TierB_synth_mild,0.0145607590675354,0.0094295143800094,0.5004394054412842
TierB_synth_mild,0.0312381386756896,0.0259311645450259,0.5171420574188232
TierB_synth_mild,0.0178923606872558,0.0099009900990099,0.5084749460220337
TierB_synth_mild,0.017398715019226,0.0066006600660065,0.5222971439361572
TierB_synth_mild,0.0336693525314331,0.0122583686940123,0.5167474150657654
TierB_synth_mild,0.0179108381271362,0.0051862329090052,0.5283975601196289
TierB_synth_mild,0.0092588663101196,0.0033003300330033,0.5349268913269043
TierB_synth_mild,0.0067161917686462,0.0023573785950024,0.5185376405715942
TierB_synth_mild,0.0141770839691162,0.0056577086280056,0.5169554948806763
TierB_synth_mild,0.0092813968658447,0.0047147571900046,0.5032805800437927
TierB_synth_mild,0.0304442644119262,0.0792079207920792,0.5022681951522827
TierB_synth_severe,0.089191198348999,0.3979255068363979,0.4999575614929199
TierB_synth_severe,0.0686831474304199,0.2762847713342763,0.5054056644439697
TierB_synth_severe,0.1165917515754699,0.504950495049505,0.5047956109046936
TierB_synth_severe,0.1846041679382324,0.7142857142857143,0.4937642812728882
TierB_synth_mild,0.0058062076568603,0.0056577086280056,0.49941879510879517
TierB_synth_mild,0.0176156163215637,0.0584629891560585,0.5060365200042725
TierB_synth_mild,0.0347058176994323,0.1400282885431401,0.5065895318984985
TierB_synth_mild,0.0367331504821777,0.1018387553041018,0.5745360851287842
TierB_synth_severe,0.0939609408378601,0.4295143800094295,0.5972199440002441
TierB_synth_severe,0.1772876977920532,0.727015558698727,0.587619423866272
TierB_synth_severe,0.189950406551361,0.5921735030645923,0.5359007120132446
TierB_synth_severe,0.2639477252960205,0.8175388967468176,0.44454413652420044
TierB_synth_severe,0.2807486653327942,0.8887317303158887,0.3844028115272522
TierB_synth_mild,0.0045045614242553,0.0004714757190005,0.5264096260070801
TierB_synth_mild,0.0028413534164428,0.0,0.5055241584777832
TierB_synth_mild,0.002983272075653,0.0018859028760018,0.5105727910995483
TierB_synth_mild,0.0053111910820007,0.0047147571900046,0.5015124678611755
TierB_synth_severe,0.1865800023078918,0.6020744931636021,0.5236399173736572
TierB_synth_severe,0.3037000298500061,0.8062234794908063,0.43785667419433594
TierB_synth_severe,0.4009537100791931,0.9231494578029232,0.3542127013206482
TierB_synth_mild,0.0847983956336975,0.0433757661480433,0.51200270652771
TierB_synth_mild,0.2012441754341125,0.1758604431871758,0.5016079545021057
TierB_synth_severe,0.3488103151321411,0.4752475247524752,0.37884271144866943
TierB_synth_severe,0.1291446685791015,0.2329090051862329,0.5593292713165283
TierB_synth_mild,0.0235444903373718,0.024988213107025,0.5070109367370605
TierB_synth_severe,0.136568009853363,0.2545968882602546,0.5472832918167114
TierB_synth_mild,0.001085877418518,0.0004714757190005,0.5104655027389526
TierB_synth_severe,0.3037957549095154,0.851013672795851,0.5420868396759033
TierB_synth_severe,0.4181752800941467,0.9552098066949553,0.4216567873954773
TierB_synth_severe,0.5538375973701477,0.967939651107968,0.15296316146850586
TierB_synth_severe,0.143297016620636,0.4285714285714286,0.652916431427002
TierB_synth_severe,0.2265268564224243,0.7996228194247996,0.6236573457717896
TierB_synth_severe,0.3065600395202636,0.8816595945308817,0.5701593160629272
TierB_synth_severe,0.1533358097076416,0.3630363036303631,0.6233873963356018
TierB_synth_severe,0.295308768749237,0.744931636020745,0.5383749008178711
TierB_synth_severe,0.3651767373085022,0.8703441772748703,0.4598013758659363
TierB_synth_severe,0.2223289012908935,0.6610089580386611,0.5229681134223938
TierB_synth_severe,0.3637764453887939,0.8561999057048562,0.4037020802497864
TierB_synth_severe,0.3762469291687011,0.8943894389438944,0.4098149538040161
TierB_synth_mild,0.0856320858001709,0.1431818181818182,0.5580164194107056
TierB_synth_severe,0.1678261160850525,0.3931818181818182,0.573634147644043
TierB_synth_severe,0.2455851435661316,0.4840909090909091,0.5258504152297974
TierB_synth_severe,0.311459481716156,0.6454545454545455,0.44883280992507935
TierB_synth_severe,0.3519855737686157,0.7431818181818182,0.388937771320343
TierB_synth_severe,0.3734704256057739,0.7636363636363637,0.3565484285354614
TierB_synth_mild,0.0688534379005432,0.0909090909090909,0.5448659658432007
TierB_synth_mild,0.1050744652748107,0.2,0.5410416722297668
TierB_synth_severe,0.1319493055343628,0.3659090909090909,0.5503110885620117
TierB_synth_severe,0.1647877097129821,0.4840909090909091,0.5599819421768188
TierB_synth_severe,0.2177755832672119,0.6090909090909091,0.5526160001754761
TierB_synth_mild,0.0275992751121521,0.0295454545454545,0.6166073083877563
TierB_synth_mild,0.0359004139900207,0.075,0.6373538374900818
TierB_synth_mild,0.0466055870056152,0.1613636363636363,0.6569759845733643
TierB_synth_mild,0.0033596158027648,0.0045454545454546,0.5755791664123535
TierB_synth_mild,0.0016412734985351,-0.0045454545454545,0.5741229057312012
TierB_synth_mild,0.0014237165451049,0.0068181818181818,0.5673378705978394
TierB_synth_mild,0.0033777952194213,0.025,0.566742479801178
TierB_synth_mild,0.1205435395240783,0.1136363636363636,0.5511011481285095
TierB_synth_mild,0.0953624844551086,0.05,0.5572985410690308
TierB_synth_mild,0.0797667503356933,0.0272727272727273,0.5589112043380737
TierB_synth_mild,0.059361457824707,0.0227272727272728,0.5666702389717102
TierB_synth_mild,0.0401378870010376,0.0113636363636363,0.569035530090332
TierB_synth_mild,0.0194770097732543,0.0386363636363636,0.5819123387336731
TierB_synth_mild,0.0085426568984985,0.0318181818181818,0.5825390815734863
TierB_synth_mild,0.0085746645927429,0.0204545454545455,0.5570111870765686
TierB_synth_mild,0.0171011686325073,0.025,0.5502529740333557
TierB_synth_mild,0.0250643491744995,0.0454545454545455,0.557357668876648
TierB_synth_mild,0.0128628015518188,0.0227272727272728,0.5552432537078857
TierB_synth_mild,0.0194604992866516,0.0159090909090909,0.5656366348266602
TierB_synth_mild,0.0364552736282348,0.0295454545454545,0.5675603151321411
TierB_synth_mild,0.0152344703674316,0.0045454545454546,0.5541859269142151
TierB_synth_mild,0.0070336461067199,-0.0068181818181817,0.5590269565582275
TierB_synth_mild,0.0036374330520629,0.0181818181818181,0.5612854957580566
TierB_synth_mild,0.0091370344161987,0.0409090909090908,0.5605887174606323
TierB_synth_mild,0.0041397809982299,0.0113636363636363,0.5637837648391724
TierB_synth_mild,0.0283248424530029,0.0363636363636363,0.5519148111343384
TierB_synth_mild,0.0637521147727966,0.0863636363636364,0.5388225317001343
TierB_synth_mild,0.0703402161598205,0.1068181818181818,0.5372217893600464
TierB_synth_mild,0.0904971957206726,0.1727272727272727,0.5234917402267456
TierB_synth_severe,0.1183899044990539,0.4386363636363637,0.49675238132476807
TierB_synth_mild,0.0072951912879943,0.0113636363636363,0.5548869371414185
TierB_synth_mild,0.0254969596862792,0.0113636363636363,0.5227717161178589
TierB_synth_mild,0.0444538593292236,0.0568181818181818,0.5050385594367981
TierB_synth_mild,0.0374019742012023,0.0522727272727273,0.5140542984008789
TierB_synth_mild,0.0729146003723144,0.1818181818181818,0.5038008093833923
TierB_synth_severe,0.1324621438980102,0.4295454545454545,0.5058123469352722
TierB_synth_severe,0.2071394324302673,0.3522727272727273,0.4399043917655945
TierB_synth_severe,0.304323673248291,0.6818181818181819,0.3714538812637329
TierB_synth_severe,0.3638814091682434,0.7795454545454545,0.32192105054855347
TierB_synth_mild,0.0094242691993713,0.0,0.5719958543777466
TierB_synth_mild,0.0038166642189025,-0.0022727272727272,0.5690403580665588
TierB_synth_mild,0.0009573101997375,0.0068181818181818,0.5647456645965576
TierB_synth_mild,0.001851737499237,0.0068181818181818,0.5612398386001587
TierB_synth_severe,0.146220326423645,0.3318181818181819,0.5165354013442993
TierB_synth_severe,0.2095575928688049,0.4295454545454545,0.4483494758605957
TierB_synth_severe,0.2724757194519043,0.5931818181818183,0.39830541610717773
TierB_synth_mild,0.0264093875885009,0.0113636363636363,0.5697600841522217
TierB_synth_mild,0.0870382189750671,0.0454545454545455,0.5498895645141602
TierB_synth_severe,0.204749047756195,0.2090909090909091,0.46756142377853394
TierB_synth_mild,0.0911830067634582,0.1454545454545455,0.4869428277015686
TierB_synth_mild,0.0300177335739135,0.1159090909090909,0.575238049030304
TierB_synth_mild,0.0884937047958374,0.1636363636363637,0.49395912885665894
TierB_synth_mild,0.0012291669845581,0.0090909090909091,0.5688098669052124
TierB_synth_severe,0.1686393618583679,0.4340909090909091,0.5608443021774292
TierB_synth_severe,0.3482467532157898,0.775,0.39210784435272217
TierB_synth_severe,0.4834862351417541,0.875,0.2207101583480835
TierB_synth_mild,0.086120069026947,0.1636363636363637,0.550740122795105
TierB_synth_severe,0.1724393367767334,0.390909090909091,0.5645154714584351
TierB_synth_severe,0.2997702360153198,0.6772727272727272,0.47146081924438477
TierB_synth_mild,0.1587954759597778,0.2,0.4994732141494751
TierB_synth_severe,0.192138671875,0.265909090909091,0.47283971309661865
TierB_synth_severe,0.2384363412857055,0.4704545454545455,0.4733203053474426
TierB_synth_severe,0.2231523394584655,0.4045454545454545,0.44600582122802734
TierB_synth_severe,0.3358774781227112,0.6909090909090909,0.35728901624679565
TierB_synth_severe,0.367280900478363,0.8204545454545455,0.35400253534317017
TierB_synth_severe,0.1151536107063293,0.6617569700157812,0.5904616117477417
TierB_synth_severe,0.229179561138153,0.843766438716465,0.5470783114433289
TierB_synth_severe,0.3084892630577087,0.8705944239873751,0.48192453384399414
TierB_synth_severe,0.3578222393989563,0.903734876380852,0.4114765524864197
TierB_synth_severe,0.3563157320022583,0.9184639663335088,0.38142454624176025
TierB_synth_severe,0.3499075770378113,0.9300368227248816,0.39418190717697144
TierB_synth_severe,0.0839157700538635,0.5670699631772751,0.5989458560943604
TierB_synth_severe,0.1438787579536438,0.7764334560757495,0.5578843355178833
TierB_synth_severe,0.2113033533096313,0.8611257233035244,0.5202795267105103
TierB_synth_severe,0.2415281534194946,0.8958442924776433,0.48179006576538086
TierB_synth_severe,0.2757059931755066,0.8984744871120462,0.4594866633415222
TierB_synth_mild,0.0310558676719665,0.0168332456601788,0.5907700061798096
TierB_synth_mild,0.0464018583297729,0.0526038926880588,0.5729026794433594
TierB_synth_mild,0.0633213520050048,0.1099421357180431,0.5510728359222412
TierB_synth_mild,0.0022863149642944,0.0026301946344029,0.5554099082946777
TierB_synth_mild,0.0014673471450805,0.0005260389268806,0.5574108362197876
TierB_synth_mild,0.0013657212257385,-0.0010520778537611,0.5590208768844604
TierB_synth_mild,0.003040075302124,0.0026301946344029,0.5696024894714355
TierB_synth_severe,0.1572379469871521,0.6301946344029459,0.5696519613265991
TierB_synth_severe,0.1080014705657959,0.3508679642293529,0.5968429446220398
TierB_synth_severe,0.0936499834060669,0.2293529721199368,0.5970021486282349
TierB_synth_mild,0.0801014304161071,0.1483429773803261,0.5913110971450806
TierB_synth_mild,0.0689858198165893,0.0988953182535508,0.5799698233604431
TierB_synth_mild,0.0100266933441162,0.0168332456601788,0.5495929718017578
TierB_synth_mild,0.0051966309547424,0.0042083114150447,0.5606818199157715
TierB_synth_mild,0.0135418176651,0.0142030510257759,0.5137760639190674
TierB_synth_mild,0.0234121084213256,0.0347185691741188,0.4869634509086609
TierB_synth_mild,0.0491639971733093,0.124145186743819,0.4511948227882385
TierB_synth_mild,0.0313817262649536,0.0473435034192529,0.4724729657173157
TierB_synth_mild,0.0210566520690917,0.0142030510257759,0.549258828163147
TierB_synth_mild,0.0350641012191772,0.0320883745397159,0.5099743604660034
TierB_synth_mild,0.015115737915039,0.015255128879537,0.541533350944519
TierB_synth_mild,0.0086236596107482,0.006312467122567,0.5525455474853516
TierB_synth_mild,0.0103794336318969,0.0147290899526565,0.5096893310546875
TierB_synth_mild,0.0185503363609313,0.0263019463440294,0.4941309094429016
TierB_synth_mild,0.0064783096313476,0.0057864281956864,0.5504739284515381
TierB_synth_mild,0.0284703373908996,0.1388742766964755,0.5312855243682861
TierB_synth_severe,0.0771536231040954,0.427669647553919,0.4939855933189392
TierB_synth_severe,0.0538339018821716,0.336664913203577,0.5104309320449829
TierB_synth_severe,0.1057954430580139,0.5465544450289321,0.4590085744857788
TierB_synth_severe,0.201115071773529,0.7211993687532877,0.40214377641677856
TierB_synth_mild,0.0346015691757202,0.0668069437138347,0.5625976324081421
TierB_synth_severe,0.0487914681434631,0.2519726459758021,0.5336153507232666
TierB_synth_severe,0.0608270764350891,0.3645449763282482,0.5012412071228027
TierB_synth_severe,0.0335556268692016,0.2856391372961598,0.5331597924232483
TierB_synth_severe,0.0649468302726745,0.6096791162546028,0.5720482468605042
TierB_synth_severe,0.1277180314064026,0.8416622830089426,0.5536582469940186
TierB_synth_severe,0.155305802822113,0.4639663335086796,0.5613061189651489
TierB_synth_severe,0.2411566972732544,0.6880589163598105,0.44939595460891724
TierB_synth_severe,0.2629439234733581,0.6843766438716465,0.37149500846862793
TierB_synth_mild,0.0108991861343383,0.0047343503419252,0.5269732475280762
TierB_synth_mild,0.0032830238342285,0.0005260389268806,0.5503008365631104
TierB_synth_mild,0.0018367767333984,-0.0005260389268806,0.5658237934112549
TierB_synth_mild,0.003769040107727,0.0005260389268806,0.561103105545044
TierB_synth_severe,0.2212947607040405,0.6964755391899,0.4294481873512268
TierB_synth_severe,0.4741557240486145,0.9063650710152552,0.1708725094795227
TierB_synth_severe,0.4363673329353332,0.8616517622304051,0.18612104654312134
TierB_synth_mild,0.1962116360664367,0.0520778537611783,0.47408056259155273
TierB_synth_severe,0.3520225882530212,0.2977380326144134,0.37015199661254883
TierB_synth_severe,0.4567990303039551,0.6012624934245134,0.22846025228500366
TierB_synth_severe,0.268593966960907,0.6964755391899,0.4220202565193176
TierB_synth_mild,0.0264516472816467,0.0615465544450288,0.5519008040428162
TierB_synth_severe,0.2732900381088257,0.6954234613361389,0.405220627784729
TierB_synth_mild,0.0017578601837158,-0.0021041557075223,0.5559461116790771
TierB_synth_severe,0.2669028043746948,0.8311415044713308,0.49954134225845337
TierB_synth_severe,0.4208733439445495,0.891109942135718,0.3225541114807129
TierB_synth_severe,0.5246890187263489,0.9489742240925828,0.129133939743042
TierB_synth_severe,0.1239548325538635,0.6649132035770646,0.5836305022239685
TierB_synth_severe,0.2493796348571777,0.8390320883745397,0.5294246673583984
TierB_synth_severe,0.3255391120910644,0.8958442924776433,0.42177194356918335
TierB_synth_severe,0.1202654242515564,0.5391899000526039,0.527827262878418
TierB_synth_severe,0.1905548572540283,0.7390846922672278,0.49226266145706177
TierB_synth_severe,0.2269604206085205,0.8300894266175697,0.44468629360198975
TierB_synth_severe,0.1964963674545288,0.6533403471856918,0.5569457411766052
TierB_synth_severe,0.2997545599937439,0.8390320883745397,0.42309248447418213
TierB_synth_severe,0.3102933168411255,0.8779589689637033,0.39342761039733887
TierB_synth_severe,0.16453617811203,0.7766825288919103,0.5011298656463623
TierB_synth_severe,0.3071773648262024,0.8528212100611828,0.37082183361053467
TierB_synth_severe,0.3763613700866699,0.8643779741672332,0.3021004796028137
TierB_synth_severe,0.4048559665679931,0.8793337865397689,0.2537526488304138
TierB_synth_severe,0.4075461030006408,0.8813732154996601,0.2457243800163269
TierB_synth_severe,0.388210117816925,0.8837525492861998,0.23543918132781982
TierB_synth_severe,0.1180219650268554,0.7154996600951733,0.5297021865844727
TierB_synth_severe,0.1963766813278198,0.8286879673691366,0.42931514978408813
TierB_synth_severe,0.2878159880638122,0.8596193065941536,0.3399656414985657
TierB_synth_severe,0.3432522416114807,0.8694765465669613,0.285064697265625
TierB_synth_severe,0.3585482835769653,0.8735554044867437,0.2623143196105957
TierB_synth_mild,0.0283390879631042,0.0343303874915024,0.5659626722335815
TierB_synth_mild,0.0399254560470581,0.0812372535690006,0.5523483753204346
TierB_synth_mild,0.0596418380737304,0.1638341264445955,0.5384733080863953
TierB_synth_mild,0.0036589503288269,0.0037389530931338,0.5469191074371338
TierB_synth_mild,0.0017594695091247,0.000679809653297,0.5331056118011475
TierB_synth_mild,0.0026420354843139,-0.0010197144799456,0.5405607223510742
TierB_synth_mild,0.0075604915618896,0.0057783820530251,0.556290864944458
TierB_synth_severe,0.2173988223075866,0.7290958531611149,0.4632030129432678
TierB_synth_severe,0.1527156233787536,0.4938817131203263,0.5373468399047852
TierB_synth_severe,0.1355617642402649,0.3640380693405847,0.5488595962524414
TierB_synth_severe,0.1171696782112121,0.2630863358259687,0.5665446519851685
TierB_synth_mild,0.1064022183418273,0.1964649898028552,0.5543075799942017
TierB_synth_mild,0.0111604928970336,0.0033990482664854,0.5575811862945557
TierB_synth_mild,0.0063164830207824,0.0010197144799456,0.5563864707946777
TierB_synth_mild,0.0071300864219665,0.0135961930659415,0.5223162174224854
TierB_synth_mild,0.0148509740829467,0.0282121006118286,0.49758458137512207
TierB_synth_mild,0.0211682915687561,0.0462270564242012,0.48932862281799316
TierB_synth_mild,0.0136321187019348,0.0210740992522093,0.5020961761474609
TierB_synth_mild,0.0153350830078125,0.004418762746431,0.537053108215332
TierB_synth_mild,0.0263739824295043,0.0207341944255609,0.5257664322853088
TierB_synth_mild,0.0274885296821594,0.0207341944255609,0.5333847999572754
TierB_synth_mild,0.0114534497261047,0.0081577158395649,0.5363128185272217
TierB_synth_mild,0.0093156695365905,0.0061182868796737,0.5348427295684814
TierB_synth_mild,0.0162691473960876,0.0156356220258327,0.5168555974960327
TierB_synth_mild,0.0060526728630065,0.0088375254928619,0.5393904447555542
TierB_synth_mild,0.0337563753128051,0.1801495581237253,0.5065587162971497
TierB_synth_severe,0.1252637505531311,0.6046906866077498,0.43115466833114624
TierB_synth_severe,0.0864465832710266,0.4728076138681169,0.434647798538208
TierB_synth_severe,0.157430350780487,0.7148198504418763,0.35789650678634644
TierB_synth_severe,0.274623155593872,0.8602991162474507,0.26631760597229004
TierB_synth_severe,0.0394501090049743,0.2015635622025833,0.518044650554657
TierB_synth_severe,0.0697757005691528,0.4493541808293677,0.4768284559249878
TierB_synth_severe,0.1064538359642028,0.63256288239293,0.4150733947753906
TierB_synth_severe,0.0383491516113281,0.3687967369136642,0.48183971643447876
TierB_synth_severe,0.1038456559181213,0.7637661454792658,0.42788225412368774
TierB_synth_severe,0.1887816786766052,0.8667573079537729,0.37809914350509644
TierB_synth_severe,0.1357331871986389,0.4316791298436437,0.5253999829292297
TierB_synth_severe,0.2124457359313964,0.623725356900068,0.4070460796356201
TierB_synth_severe,0.2279042601585388,0.7117607070020394,0.34166866540908813
TierB_synth_mild,0.0198618173599243,0.0445275322909585,0.4734044671058655
TierB_synth_mild,0.005445659160614,0.0084976206662135,0.5114362239837646
TierB_synth_mild,0.0039426684379577,-0.0040788579197824,0.5603353381156921
TierB_synth_mild,0.0072249174118041,-0.0020394289598911,0.566862165927887
TierB_synth_severe,0.2046643495559692,0.8042148198504419,0.36515378952026367
TierB_synth_severe,0.4440854787826538,0.9024473147518696,0.17832523584365845
TierB_synth_severe,0.4160664677619934,0.9269204622705642,0.1927403211593628
TierB_synth_severe,0.2877922058105469,0.3191706322229776,0.37811362743377686
TierB_synth_severe,0.3813479542732239,0.6026512576478587,0.3151148557662964
TierB_synth_severe,0.4379709362983703,0.7508497620666214,0.22949886322021484
TierB_synth_severe,0.2558910846710205,0.6094493541808294,0.40723443031311035
TierB_synth_mild,0.0086014866828918,0.0791978246091095,0.5400678515434265
TierB_synth_severe,0.240689992904663,0.6125084976206663,0.41509944200515747
TierB_synth_mild,0.0019924044609069,-0.0013596193065941,0.5447927713394165
TierB_synth_severe,0.3012369275093078,0.8949694085656017,0.3666222095489502
TierB_synth_severe,0.4023836255073547,0.916723317471108,0.26835405826568604
TierB_synth_severe,0.547523021697998,0.9316791298436438,0.06883108615875244
TierB_synth_severe,0.1627234816551208,0.7756628144119646,0.486705482006073
TierB_synth_severe,0.3036659955978393,0.8657375934738274,0.36957770586013794
TierB_synth_severe,0.3691222071647644,0.8871515975526852,0.27474284172058105
TierB_synth_severe,0.1538918614387512,0.628144119646499,0.4493997097015381
TierB_synth_severe,0.2517127394676208,0.7814411964649898,0.37344789505004883
TierB_synth_severe,0.2952876687049866,0.8477226376614548,0.30791258811950684
TierB_synth_severe,0.1878799796104431,0.6189666893269885,0.560249924659729
TierB_synth_severe,0.2956995964050293,0.7777022433718559,0.4180740714073181
TierB_synth_severe,0.3106980323791504,0.8976886471787899,0.39122796058654785
TierB_synth_severe,0.15320485830307,0.5365393682225366,0.6131628155708313
TierB_synth_severe,0.2883355021476745,0.8081093823668082,0.5210683345794678
TierB_synth_severe,0.3622252941131592,0.8976897689768977,0.4273855686187744
TierB_synth_severe,0.4152738451957702,0.9137199434229136,0.35244816541671753
TierB_synth_severe,0.4187239408493042,0.9038189533239038,0.34386277198791504
TierB_synth_severe,0.4118817448616028,0.8986327204148986,0.3674268126487732
TierB_synth_severe,0.1063385605812072,0.4031117397454031,0.599055290222168
TierB_synth_severe,0.1605873703956604,0.6393210749646394,0.5674477815628052
TierB_synth_severe,0.2611715793609619,0.8382838283828383,0.49454331398010254
TierB_synth_severe,0.3083491325378418,0.8802451673738803,0.46643054485321045
TierB_synth_severe,0.3456085324287414,0.8910891089108911,0.43208789825439453
TierB_synth_mild,0.0460352897644043,0.0150872230080151,0.5738760828971863
TierB_synth_mild,0.0698518753051757,0.0561056105610561,0.5950274467468262
TierB_synth_mild,0.1125790476799011,0.1376709099481377,0.5815098285675049
TierB_synth_mild,0.0020500421524047,0.0014144271570014,0.49179768562316895
TierB_synth_mild,0.0013264417648315,0.0004714757190005,0.49704670906066895
TierB_synth_mild,0.0015856623649597,0.0004714757190005,0.5201756954193115
TierB_synth_mild,0.0028862357139587,0.0023573785950024,0.5149167776107788
TierB_synth_severe,0.2339164614677429,0.6515794436586516,0.5797641277313232
TierB_synth_severe,0.1961038708686828,0.4144271570014144,0.6060786247253418
TierB_synth_severe,0.1861733794212341,0.314945780292315,0.617579460144043
TierB_synth_severe,0.147391140460968,0.2013201320132013,0.6074889898300171
TierB_synth_mild,0.1216582059860229,0.1056105610561056,0.5955600738525391
TierB_synth_mild,0.0101786255836486,0.0056577086280056,0.4881874918937683
TierB_synth_mild,0.004956841468811,0.0018859028760018,0.492559552192688
TierB_synth_mild,0.010541558265686,0.0037718057520037,0.5039926767349243
TierB_synth_mild,0.0200229883193969,0.0066006600660065,0.4941750168800354
TierB_synth_mild,0.0407368540763855,0.0221593587930222,0.4839671850204468
TierB_synth_mild,0.0240215063095092,0.0089580386610089,0.494202196598053
TierB_synth_mild,0.0177854895591735,0.0051862329090052,0.4964446425437927
TierB_synth_mild,0.03195720911026,0.0127298444130127,0.47703880071640015
TierB_synth_mild,0.018795907497406,0.0066006600660065,0.48444145917892456
TierB_synth_mild,0.0091385245323181,0.0033003300330033,0.4939977526664734
TierB_synth_mild,0.0078014135360717,0.0014144271570014,0.5097180008888245
TierB_synth_mild,0.0171379446983337,0.0042432814710042,0.5055689215660095
TierB_synth_mild,0.0099239349365234,0.007072135785007,0.504705011844635
TierB_synth_mild,0.0287261605262756,0.0726072607260726,0.5102598071098328
TierB_synth_severe,0.1020307540893554,0.4101838755304102,0.5440820455551147
TierB_synth_severe,0.074087381362915,0.2904290429042905,0.5298256278038025
TierB_synth_severe,0.1224837899208068,0.5238095238095238,0.5331006646156311
TierB_synth_severe,0.1814404726028442,0.752946723243753,0.48381364345550537
TierB_synth_mild,0.0210204124450683,0.024988213107025,0.4876245856285095
TierB_synth_mild,0.0559308528900146,0.1914191419141914,0.5098286867141724
TierB_synth_severe,0.0788353085517883,0.3408769448373409,0.5085487961769104
TierB_synth_severe,0.0498683452606201,0.2013201320132013,0.5676001906394958
TierB_synth_severe,0.1082789897918701,0.5101367279585102,0.5415958166122437
TierB_synth_severe,0.1929548978805542,0.7336162187647337,0.519762396812439
TierB_synth_severe,0.144815444946289,0.4054691183404054,0.5393593311309814
TierB_synth_severe,0.231463611125946,0.7670909948137671,0.46392643451690674
TierB_synth_severe,0.2509900331497192,0.8307402168788307,0.3891705274581909
TierB_synth_mild,0.0114779472351074,0.0028288543140028,0.48870372772216797
TierB_synth_mild,0.0033865571022033,0.0004714757190005,0.5119187831878662
TierB_synth_mild,0.0023685097694396,0.0014144271570014,0.5004515647888184
TierB_synth_mild,0.0054024457931518,0.0028288543140028,0.49721044301986694
TierB_synth_severe,0.2528932690620422,0.7388024516737388,0.4236988425254822
TierB_synth_severe,0.5085437297821045,0.9269212635549268,0.18190723657608032
TierB_synth_severe,0.5134453773498535,0.9556812824139556,0.16008895635604858
TierB_synth_mild,0.1147525906562805,0.1107967939651107,0.4990082383155823
TierB_synth_severe,0.3049300909042358,0.3809523809523809,0.4085844159126282
TierB_synth_severe,0.4197398424148559,0.6925978312116926,0.2962551712989807
TierB_synth_severe,0.2712880373001098,0.5157944365865158,0.4550883173942566
TierB_synth_mild,0.0084508657455444,0.0122583686940123,0.5199373960494995
TierB_synth_severe,0.2655206322669983,0.5082508250825083,0.4573635458946228
TierB_synth_mild,0.0016639232635498,0.0042432814710042,0.5097911953926086
TierB_synth_severe,0.33706134557724,0.8396982555398397,0.4961615800857544
TierB_synth_severe,0.443807303905487,0.9222065063649222,0.3097200393676758
TierB_synth_severe,0.5534753203392029,0.96982555398397,0.11271286010742188
TierB_synth_severe,0.1499722599983215,0.5337105139085337,0.6050236225128174
TierB_synth_severe,0.2912524938583374,0.8613861386138614,0.514500617980957
TierB_synth_severe,0.384123146533966,0.8934464875058935,0.4025447368621826
TierB_synth_severe,0.2083556056022644,0.536067892503536,0.5739526748657227
TierB_synth_severe,0.3233547210693359,0.8222536539368223,0.49667179584503174
TierB_synth_severe,0.347247838973999,0.8755304101838756,0.4050331711769104
TierB_synth_severe,0.2293451428413391,0.6784535596416785,0.5436205267906189
TierB_synth_severe,0.3194625973701477,0.9042904290429044,0.4292723536491394
TierB_synth_severe,0.3406041264533996,0.9184347006129184,0.4113169312477112
TierB_synth_mild,0.1632013320922851,0.1818181818181817,0.5142109394073486
TierB_synth_severe,0.2492616176605224,0.4431818181818181,0.5477679967880249
TierB_synth_severe,0.3354969620704651,0.6,0.4468386173248291
TierB_synth_severe,0.3918539881706238,0.6704545454545454,0.3547894358634949
TierB_synth_severe,0.4263757467269897,0.7159090909090908,0.2943384051322937
TierB_synth_severe,0.4459100365638733,0.7568181818181818,0.25718289613723755
TierB_synth_mild,0.1134358048439025,0.1386363636363636,0.5203584432601929
TierB_synth_severe,0.1838641762733459,0.2931818181818182,0.5186834335327148
TierB_synth_severe,0.2545309662818908,0.4477272727272727,0.4979366064071655
TierB_synth_severe,0.3025651574134826,0.5886363636363636,0.4456665515899658
TierB_synth_severe,0.3394484519958496,0.6977272727272728,0.40380507707595825
TierB_synth_mild,0.0198436975479125,0.0204545454545453,0.5547189712524414
TierB_synth_mild,0.0442321896553039,0.1318181818181818,0.5626559853553772
TierB_synth_severe,0.0905174612998962,0.2227272727272726,0.5466709136962891
TierB_synth_mild,0.0077820420265197,0.009090909090909,0.5739231705665588
TierB_synth_mild,0.0057949423789978,-0.0022727272727273,0.5715137124061584
TierB_synth_mild,0.0028126835823059,0.0,0.5593856573104858
TierB_synth_mild,0.0067511200904846,0.0,0.571678102016449
TierB_synth_severe,0.1688905954360962,0.2090909090909091,0.5157722234725952
TierB_synth_mild,0.1187226772308349,0.0613636363636364,0.5410459041595459
TierB_synth_mild,0.1009779572486877,0.0659090909090909,0.5382722616195679
TierB_synth_mild,0.0825173258781433,0.0318181818181817,0.5368922352790833
TierB_synth_mild,0.0661438107490539,0.0227272727272727,0.5378057956695557
TierB_synth_mild,0.0129106640815734,0.0204545454545453,0.5603724718093872
TierB_synth_mild,0.0064024925231933,0.0045454545454545,0.5591588616371155
TierB_synth_mild,0.0145310163497924,0.0022727272727272,0.5429486036300659
TierB_synth_mild,0.0257349014282226,0.0159090909090908,0.5368627309799194
TierB_synth_mild,0.0402449965476989,0.0636363636363636,0.5521240234375
TierB_synth_mild,0.0221869945526123,0.0363636363636363,0.5573275089263916
TierB_synth_mild,0.0157907009124755,0.0159090909090908,0.5332568883895874
TierB_synth_mild,0.0298112034797668,0.0136363636363636,0.5273287296295166
TierB_synth_mild,0.0159453749656677,0.0295454545454545,0.5226820707321167
TierB_synth_mild,0.0085849165916442,0.0113636363636363,0.5307395458221436
TierB_synth_mild,0.0059432387351989,0.0,0.5448039770126343
TierB_synth_mild,0.0120733380317687,0.0204545454545453,0.5382846593856812
TierB_synth_mild,0.0055264830589294,-0.0045454545454545,0.5308617353439331
TierB_synth_mild,0.0187035799026489,0.0318181818181817,0.5199201107025146
TierB_synth_mild,0.0604246854782104,0.1545454545454545,0.513749361038208
TierB_synth_mild,0.0647249221801757,0.1909090909090909,0.5158877372741699
TierB_synth_severe,0.095919668674469,0.3613636363636363,0.5115885734558105
TierB_synth_severe,0.1361945867538452,0.6068181818181818,0.4934065341949463
TierB_synth_mild,0.0235598683357238,0.025,0.5285012125968933
TierB_synth_mild,0.058428406715393,0.0886363636363636,0.5077122449874878
TierB_synth_mild,0.0817670226097107,0.159090909090909,0.49029815196990967
TierB_synth_mild,0.0439986586570739,0.0954545454545454,0.5312273502349854
TierB_synth_severe,0.0855427384376525,0.3363636363636363,0.5394404530525208
TierB_synth_severe,0.1489874720573425,0.4954545454545454,0.5268096327781677
TierB_synth_mild,0.1538758277893066,0.1909090909090909,0.5660545825958252
TierB_synth_severe,0.2865480184555053,0.5,0.44178080558776855
TierB_synth_severe,0.3425723910331726,0.5863636363636364,0.3464042544364929
TierB_synth_mild,0.0218032598495483,0.009090909090909,0.5617403388023376
TierB_synth_mild,0.0080517530441284,0.0068181818181818,0.5666513442993164
TierB_synth_mild,0.001897394657135,0.0068181818181818,0.5507607460021973
TierB_synth_mild,0.0053477883338928,0.0022727272727272,0.5537211894989014
TierB_synth_severe,0.2015303373336792,0.5113636363636364,0.49031370878219604
TierB_synth_severe,0.4411906003952026,0.825,0.23231405019760132
TierB_synth_severe,0.4280064105987549,0.7909090909090909,0.2347087860107422
TierB_synth_mild,0.0329410433769226,0.0022727272727272,0.5460541844367981
TierB_synth_mild,0.1717778444290161,0.0681818181818181,0.47956395149230957
TierB_synth_severe,0.3338236808776855,0.2681818181818182,0.36783069372177124
TierB_synth_severe,0.244750440120697,0.4636363636363636,0.4241001605987549
TierB_synth_mild,0.032556414604187,0.0909090909090909,0.5084041357040405
TierB_synth_severe,0.2575295567512512,0.4772727272727272,0.4178163409233093
TierB_synth_mild,0.0009717345237731,-0.0045454545454545,0.5543805360794067
TierB_synth_severe,0.1966735124588012,0.4795454545454545,0.5653746128082275
TierB_synth_severe,0.3958090543746948,0.7772727272727272,0.3307633399963379
TierB_synth_severe,0.4853757619857788,0.8227272727272728,0.19833773374557495
TierB_synth_mild,0.150278627872467,0.1818181818181817,0.5294151306152344
TierB_synth_severe,0.2566763162612915,0.5363636363636364,0.5289856791496277
TierB_synth_severe,0.3674684166908264,0.7227272727272727,0.3875478506088257
TierB_synth_severe,0.1529729962348938,0.2886363636363636,0.5319448709487915
TierB_synth_severe,0.2448242306709289,0.4886363636363636,0.4936269521713257
TierB_synth_severe,0.2733141183853149,0.6840909090909091,0.45137184858322144
TierB_synth_severe,0.1986464262008667,0.2613636363636363,0.5335149765014648
TierB_synth_severe,0.3198760747909546,0.5636363636363636,0.4292502999305725
TierB_synth_severe,0.3466672301292419,0.7272727272727273,0.3837645649909973
TierB_synth_severe,0.116104781627655,0.6564965807469753,0.6226299405097961
TierB_synth_severe,0.20738285779953,0.8527091004734351,0.5546807050704956
TierB_synth_severe,0.2972266674041748,0.875854813256181,0.45493239164352417
TierB_synth_severe,0.3440756201744079,0.884797475013151,0.38613420724868774
TierB_synth_severe,0.3644919991493225,0.8984744871120462,0.367245614528656
TierB_synth_severe,0.3734854459762573,0.9110994213571804,0.35342395305633545
TierB_synth_severe,0.1039348840713501,0.5423461336138874,0.6002120971679688
TierB_synth_severe,0.1341280937194824,0.778537611783272,0.5818313360214233
TierB_synth_severe,0.1652567982673645,0.8811152025249869,0.528520405292511
TierB_synth_severe,0.2108727693557739,0.893740136770121,0.4907239079475403
TierB_synth_severe,0.2714918851852417,0.9063650710152552,0.4393053650856018
TierB_synth_mild,0.0290148854255676,0.0110468174644923,0.6551578044891357
TierB_synth_mild,0.0364972949028015,0.0194634402945818,0.6307963132858276
TierB_synth_mild,0.0592102408409118,0.0462914255654918,0.6343415379524231
TierB_synth_mild,0.0033355951309204,0.0026301946344029,0.602044939994812
TierB_synth_mild,0.0024921298027038,0.0021041557075223,0.6127389669418335
TierB_synth_mild,0.0017446279525756,0.0,0.6075903177261353
TierB_synth_mild,0.0027358531951904,0.0015781167806417,0.6167471408843994
TierB_synth_severe,0.1912305951118469,0.518674381904261,0.6055343747138977
TierB_synth_severe,0.1374508738517761,0.3135192004208311,0.6590964198112488
TierB_synth_severe,0.1158990859985351,0.2398737506575486,0.672019362449646
TierB_synth_mild,0.0945346355438232,0.1467648605996843,0.6640446186065674
TierB_synth_mild,0.0732883810997009,0.0983692793266701,0.654700756072998
TierB_synth_mild,0.0139055848121643,0.015255128879537,0.5930982828140259
TierB_synth_mild,0.0083480477333068,0.0078905839032088,0.6115295886993408
TierB_synth_mild,0.0074748396873474,0.0078905839032088,0.5679044723510742
TierB_synth_mild,0.0124012231826782,0.0163072067332982,0.5591331124305725
TierB_synth_mild,0.0195850729942321,0.024197790636507,0.5434087514877319
TierB_synth_mild,0.0136175751686096,0.0131509731720147,0.5648189783096313
TierB_synth_mild,0.0147274732589721,0.0126249342451341,0.5841856002807617
TierB_synth_mild,0.0242727994918823,0.0263019463440293,0.5626106262207031
TierB_synth_mild,0.0119564533233642,0.0126249342451341,0.5891766548156738
TierB_synth_mild,0.007150650024414,0.0057864281956864,0.6012549996376038
TierB_synth_mild,0.0083416104316711,0.0094687006838505,0.5822647213935852
TierB_synth_mild,0.0126506686210632,0.0163072067332982,0.5768675208091736
TierB_synth_mild,0.0090485215187072,0.0057864281956864,0.6451221704483032
TierB_synth_mild,0.0190714597702026,0.0557601262493424,0.6514191627502441
TierB_synth_severe,0.03438001871109,0.2019989479221462,0.640371561050415
TierB_synth_mild,0.0273995995521545,0.1104681746449236,0.6490397453308105
TierB_synth_severe,0.0395388603210449,0.2709100473435034,0.6238968372344971
TierB_synth_severe,0.0748742818832397,0.6280904786954234,0.5847761034965515
TierB_synth_mild,0.021740436553955,0.0205155181483429,0.5668336153030396
TierB_synth_mild,0.0469766855239868,0.0841662283008942,0.49489670991897583
TierB_synth_mild,0.0731392502784729,0.1925302472382956,0.4368991255760193
TierB_synth_severe,0.0487861037254333,0.3119410836401893,0.613908052444458
TierB_synth_severe,0.0907766222953796,0.5739084692267227,0.6236647367477417
TierB_synth_severe,0.1425057053565979,0.7980010520778538,0.5952484607696533
TierB_synth_severe,0.1567875146865844,0.4318779589689636,0.53733229637146
TierB_synth_severe,0.2614881992340088,0.6938453445554971,0.40143072605133057
TierB_synth_severe,0.2930530905723572,0.7175170962651236,0.34437912702560425
TierB_synth_mild,0.0054866075515747,0.0047343503419252,0.6008260846138
TierB_synth_mild,0.0020016431808471,0.0021041557075223,0.6052600145339966
TierB_synth_mild,0.0014546513557434,-0.0005260389268806,0.6106238961219788
TierB_synth_mild,0.0046778321266174,0.0,0.6126903295516968
TierB_synth_severe,0.2913879156112671,0.8369279326670174,0.2973756194114685
TierB_synth_severe,0.2992764711380005,0.857969489742241,0.31231796741485596
TierB_synth_severe,0.4230189323425293,0.9079431877958968,0.2515612840652466
TierB_synth_mild,0.1259359717369079,0.0220936349289847,0.5656310319900513
TierB_synth_mild,0.257261574268341,0.1457127827459231,0.4536311626434326
TierB_synth_severe,0.361433744430542,0.4960547080483956,0.33326053619384766
TierB_synth_severe,0.1786538958549499,0.4381904260915307,0.5252947211265564
TierB_synth_mild,0.0354804992675781,0.1041557075223565,0.6095594763755798
TierB_synth_severe,0.172842800617218,0.4576538663861125,0.5381596088409424
TierB_synth_mild,0.001512587070465,0.0,0.6229812502861023
TierB_synth_severe,0.2530050277709961,0.857969489742241,0.5589069128036499
TierB_synth_severe,0.379310667514801,0.938453445554971,0.37476688623428345
TierB_synth_severe,0.4048147797584533,0.9210941609679116,0.2681986093521118
TierB_synth_severe,0.1336283087730407,0.6680694371383482,0.5744068026542664
TierB_synth_severe,0.212485134601593,0.8832193582325092,0.4700556993484497
TierB_synth_severe,0.3227506875991821,0.9011046817464492,0.40024906396865845
TierB_synth_severe,0.1495918035507202,0.5807469752761705,0.4974321126937866
TierB_synth_severe,0.2232605814933776,0.716991057338243,0.4953308701515198
TierB_synth_severe,0.28089040517807,0.8500789058390321,0.38421690464019775
TierB_synth_severe,0.1833916902542114,0.6596528143082587,0.5643882751464844
TierB_synth_severe,0.3068482279777527,0.8379800105207785,0.4225243330001831
TierB_synth_severe,0.3178415894508362,0.923198316675434,0.45207834243774414
TierB_synth_severe,0.1335834264755249,0.7399728076138681,0.5696368217468262
TierB_synth_severe,0.3024482131004333,0.8755948334466349,0.41417229175567627
TierB_synth_severe,0.379476249217987,0.8963290278721958,0.3139472007751465
TierB_synth_severe,0.4089080095291137,0.9058463630183547,0.27621930837631226
TierB_synth_severe,0.4079437851905823,0.9041468388851122,0.25953400135040283
TierB_synth_severe,0.4164264798164367,0.9034670292318152,0.2351415753364563
TierB_synth_severe,0.0890583992004394,0.6458191706322229,0.5671582221984863
TierB_synth_severe,0.1574388742446899,0.8443235893949694,0.47963547706604004
TierB_synth_severe,0.247956097126007,0.902787219578518,0.4293059706687927
TierB_synth_severe,0.2967205643653869,0.9041468388851122,0.38110047578811646
TierB_synth_severe,0.3533570170402527,0.8953093133922502,0.3659077286720276
TierB_synth_mild,0.0288692116737365,0.0418082936777702,0.5789193511009216
TierB_synth_mild,0.040123701095581,0.092794017675051,0.5416238307952881
TierB_synth_mild,0.0531960129737854,0.1526172671651937,0.5546066761016846
TierB_synth_mild,0.0059020519256591,0.0003399048266485,0.5515116453170776
TierB_synth_mild,0.0021322965621948,-0.0003399048266485,0.5505434274673462
TierB_synth_mild,0.00241219997406,-0.0016995241332427,0.5406864881515503
TierB_synth_mild,0.0048745274543762,0.0023793337865397,0.5433156490325928
TierB_synth_severe,0.2676668763160705,0.7675050985723997,0.4452016353607178
TierB_synth_severe,0.1959393620491027,0.6264445955132563,0.523521363735199
TierB_synth_severe,0.1546120047569275,0.5078178110129163,0.5684609413146973
TierB_synth_severe,0.1200588345527648,0.36743711760707,0.584810733795166
TierB_synth_severe,0.1023101210594177,0.2522093813732154,0.5941537022590637
TierB_synth_mild,0.0164921879768371,0.0023793337865397,0.5818711519241333
TierB_synth_mild,0.0064443945884704,-0.000679809653297,0.5580127239227295
TierB_synth_mild,0.0047721862792968,0.0020394289598912,0.5341379642486572
TierB_synth_mild,0.0107486844062805,0.0091774303195105,0.5348185300827026
TierB_synth_mild,0.0167455673217773,0.0078178110129163,0.5338588953018188
TierB_synth_mild,0.0093294382095336,0.0003399048266485,0.546766996383667
TierB_synth_mild,0.0153087973594665,0.0115567641060503,0.550139307975769
TierB_synth_mild,0.0308666825294494,0.0176750509857239,0.5366314649581909
TierB_synth_mild,0.0252434015274047,0.030931339225017,0.5435973405838013
TierB_synth_mild,0.0105672478675842,0.0135961930659415,0.5576914548873901
TierB_synth_mild,0.0074206590652465,-0.000679809653297,0.5474191904067993
TierB_synth_mild,0.0132250785827636,0.0078178110129163,0.5464755892753601
TierB_synth_mild,0.0114151835441589,0.0251529571719918,0.5377405881881714
TierB_synth_mild,0.0335047841072082,0.1764106050305914,0.5509777069091797
TierB_synth_severe,0.0683226585388183,0.4276002719238613,0.5285506248474121
TierB_synth_severe,0.0571902990341186,0.3783140720598232,0.518001914024353
TierB_synth_severe,0.0738837718963623,0.5047586675730795,0.5052609443664551
TierB_synth_severe,0.11322021484375,0.685588035350102,0.5170732736587524
TierB_synth_mild,0.0425894260406494,0.1002719238613188,0.4887728691101074
TierB_synth_severe,0.1006198525428772,0.3837525492861998,0.37191134691238403
TierB_synth_severe,0.1635986566543579,0.5910944935418083,0.28140032291412354
TierB_synth_severe,0.0446444749832153,0.3677770224337185,0.5284968614578247
TierB_synth_severe,0.1151522397994995,0.7178789938817132,0.496612548828125
TierB_synth_severe,0.205703854560852,0.8803535010197145,0.4354127049446106
TierB_synth_severe,0.163206934928894,0.4887831407205982,0.5005248188972473
TierB_synth_severe,0.3068119287490845,0.716519374575119,0.35927629470825195
TierB_synth_severe,0.3422949910163879,0.716519374575119,0.2781776785850525
TierB_synth_mild,0.0207717418670654,0.0231135282121006,0.5207619667053223
TierB_synth_mild,0.0046660304069519,0.0027192386131883,0.5260929465293884
TierB_synth_mild,0.0034801363945007,-0.0044187627464309,0.5683577060699463
TierB_synth_mild,0.0094305276870727,-0.0054384772263765,0.5617115497589111
TierB_synth_severe,0.3076410889625549,0.8518014955812373,0.2545788288116455
TierB_synth_severe,0.3505300879478454,0.8796736913664174,0.24939095973968506
TierB_synth_severe,0.4658322334289551,0.920462270564242,0.14707624912261963
TierB_synth_mild,0.204206109046936,0.0581237253569,0.4843944311141968
TierB_synth_mild,0.3317089676856994,0.164174031271244,0.3504733443260193
TierB_synth_severe,0.4052099585533142,0.3344663494221618,0.2574179768562317
TierB_synth_severe,0.1027686595916748,0.4391570360299116,0.4565289616584778
TierB_synth_mild,0.0120466351509094,0.1084296397008837,0.551028311252594
TierB_synth_severe,0.0930207967758178,0.4405166553365057,0.4511644244194031
TierB_synth_mild,0.0015769600868225,0.0020394289598912,0.540698230266571
TierB_synth_severe,0.3045840859413147,0.8759347382732835,0.4631742835044861
TierB_synth_severe,0.4368497729301452,0.9150237933378654,0.25900548696517944
TierB_synth_severe,0.4907179474830627,0.9357579877634262,0.11486303806304932
TierB_synth_severe,0.1532290577888488,0.743031951053705,0.524537205696106
TierB_synth_severe,0.3127166628837585,0.8919102651257648,0.38198280334472656
TierB_synth_severe,0.3851333260536194,0.9160435078178112,0.292064368724823
TierB_synth_severe,0.2105373740196228,0.7396329027872196,0.42610955238342285
TierB_synth_severe,0.3290449380874634,0.8596193065941536,0.3223259449005127
TierB_synth_severe,0.4063085317611694,0.8684568320870156,0.25121229887008667
TierB_synth_severe,0.2213186025619506,0.650917743031951,0.5370000600814819
TierB_synth_severe,0.351173996925354,0.8195105370496261,0.3603980541229248
TierB_synth_severe,0.3424345254898071,0.898368456832087,0.43183237314224243
TierB_synth_severe,0.1279058456420898,0.5591702027345592,0.6419061422348022
TierB_synth_severe,0.2143594622611999,0.8396982555398398,0.5881848335266113
TierB_synth_severe,0.3163990974426269,0.9057048561999056,0.443889856338501
TierB_synth_severe,0.3617892265319824,0.933050447901933,0.37266260385513306
TierB_synth_severe,0.36032235622406,0.9476661951909476,0.3822869062423706
TierB_synth_severe,0.3712955117225647,0.9547383309759548,0.3735882639884949
TierB_synth_severe,0.1076212525367736,0.4578029231494578,0.6222411394119263
TierB_synth_severe,0.156964898109436,0.7416313059877416,0.5712321400642395
TierB_synth_severe,0.205919861793518,0.8444130127298444,0.5187691450119019
TierB_synth_severe,0.2232019305229187,0.8642149929278642,0.48062729835510254
TierB_synth_severe,0.26257985830307,0.9094766619519096,0.47222697734832764
TierB_synth_mild,0.0390956401824951,0.0051862329090052,0.6640074253082275
TierB_synth_mild,0.0555143952369689,0.0509193776520509,0.6560645699501038
TierB_synth_mild,0.0837540626525878,0.1225836869401225,0.6512638926506042
TierB_synth_mild,0.0052341818809509,-0.0004714757190004,0.5776787400245667
TierB_synth_mild,0.0022637248039245,-0.0004714757190004,0.5748285055160522
TierB_synth_mild,0.0016044974327087,0.0004714757190005,0.5737037658691406
TierB_synth_mild,0.0031490325927734,0.0,0.580053448677063
TierB_synth_severe,0.2576083540916443,0.6883545497406884,0.5605669021606445
TierB_synth_severe,0.2188719511032104,0.5016501650165017,0.6231296062469482
TierB_synth_severe,0.1946674585342407,0.4101838755304102,0.6434887647628784
TierB_synth_severe,0.1515906453132629,0.2281942479962282,0.67366623878479
TierB_synth_mild,0.1182973384857177,0.1018387553041019,0.6827499866485596
TierB_synth_mild,0.0129199028015136,0.0033003300330033,0.5379115343093872
TierB_synth_mild,0.0078366994857788,0.0014144271570014,0.5506680011749268
TierB_synth_mild,0.0097384452819824,0.0014144271570014,0.5702027678489685
TierB_synth_mild,0.0153688788414001,0.0009429514380009,0.5581096410751343
TierB_synth_mild,0.0253024101257324,0.0033003300330033,0.5550886392593384
TierB_synth_mild,0.0161799192428588,0.0014144271570014,0.5702810287475586
TierB_synth_mild,0.0179693102836608,0.0037718057520037,0.5551779270172119
TierB_synth_mild,0.0248286128044128,0.007072135785007,0.5377161502838135
TierB_synth_mild,0.0203101634979248,0.0047147571900046,0.567394495010376
TierB_synth_mild,0.0115284919738769,0.0042432814710042,0.5785056352615356
TierB_synth_mild,0.009692370891571,0.0004714757190005,0.5824853181838989
TierB_synth_mild,0.016555368900299,0.0018859028760018,0.5889323949813843
TierB_synth_mild,0.0171357989311218,0.0051862329090052,0.5562977194786072
TierB_synth_mild,0.0237265229225158,0.0146157472890146,0.6002600193023682
TierB_synth_mild,0.0396960973739624,0.1414427157001414,0.6441515684127808
TierB_synth_mild,0.0354371666908264,0.0848656294200849,0.6424970626831055
TierB_synth_severe,0.0528520345687866,0.2885431400282885,0.6510477662086487
TierB_synth_severe,0.0966615676879882,0.5728429985855729,0.6243332624435425
TierB_synth_mild,0.0114850401878356,0.008015087223008,0.5421128869056702
TierB_synth_mild,0.0400041937828063,0.0608203677510608,0.5117013454437256
TierB_synth_mild,0.0659783482551574,0.1645450259311646,0.48392242193222046
TierB_synth_severe,0.060940146446228,0.2206506364922207,0.5733417272567749
TierB_synth_severe,0.1137818098068237,0.545968882602546,0.5693525075912476
TierB_synth_severe,0.1772565841674804,0.7647336162187648,0.5660471320152283
TierB_synth_severe,0.138555109500885,0.4148986327204149,0.5352026224136353
TierB_synth_severe,0.2336293458938598,0.7953795379537953,0.4491865634918213
TierB_synth_severe,0.2592049837112427,0.8099952852428101,0.39697766304016113
TierB_synth_mild,0.0092307329177856,0.0004714757190005,0.5764385461807251
TierB_synth_mild,0.0034031867980957,0.0,0.5805426836013794
TierB_synth_mild,0.0028790235519409,0.0,0.5775043964385986
TierB_synth_mild,0.0040844678878784,0.0,0.5578304529190063
TierB_synth_severe,0.3279733061790466,0.7934936350777935,0.318157434463501
TierB_synth_severe,0.3640931248664856,0.8312116925978312,0.30817711353302
TierB_synth_severe,0.4725558757781982,0.926921263554927,0.1868361234664917
TierB_synth_mild,0.07245934009552,0.0117868929750117,0.5568113327026367
TierB_synth_mild,0.1929146647453308,0.0282885431400282,0.47687143087387085
TierB_synth_mild,0.2999584078788757,0.1386138613861386,0.38017749786376953
TierB_synth_severe,0.1236985921859741,0.256954266855257,0.5934925675392151
TierB_synth_mild,0.00717693567276,0.0132013201320132,0.560724139213562
TierB_synth_severe,0.1236448287963867,0.2281942479962282,0.5991231203079224
TierB_synth_mild,0.0018940567970275,0.0009429514380009,0.5718100070953369
TierB_synth_severe,0.3139188289642334,0.9113625648279112,0.5401674509048462
TierB_synth_severe,0.4232940673828125,0.9377652050919378,0.32351142168045044
TierB_synth_severe,0.4766498208045959,0.9613389910419614,0.19405144453048706
TierB_synth_severe,0.173292338848114,0.6374351720886375,0.5918852090835571
TierB_synth_severe,0.2441356182098388,0.8585572842998586,0.4895855188369751
TierB_synth_severe,0.3302297592163086,0.9302215935879302,0.4182547330856323
TierB_synth_severe,0.2212931513786316,0.5681282413955682,0.5487861633300781
TierB_synth_severe,0.3220925331115722,0.8038661008958039,0.4558370113372803
TierB_synth_severe,0.3729200363159179,0.8679867986798679,0.3395732641220093
TierB_synth_severe,0.2128437161445617,0.6242338519566242,0.5424752235412598
TierB_synth_severe,0.3416950702667236,0.8458274398868458,0.3887902498245239
TierB_synth_severe,0.3503828644752502,0.8670438472418671,0.46244049072265625
TierB_synth_mild,0.118403136730194,0.1795454545454545,0.5741807818412781
TierB_synth_severe,0.2250393629074096,0.5545454545454546,0.5332953929901123
TierB_synth_severe,0.3453089594841003,0.7522727272727273,0.396361768245697
TierB_synth_severe,0.4010534882545471,0.8022727272727272,0.3216501474380493
TierB_synth_severe,0.4267832040786743,0.8250000000000001,0.2905842065811157
TierB_synth_severe,0.44141685962677,0.8090909090909091,0.27097243070602417
TierB_synth_mild,0.0894057154655456,0.0999999999999999,0.5760928392410278
TierB_synth_severe,0.1609839797019958,0.3568181818181818,0.5447136163711548
TierB_synth_severe,0.2180822491645813,0.5181818181818182,0.5211930274963379
TierB_synth_severe,0.2607231736183166,0.6363636363636365,0.4861641526222229
TierB_synth_severe,0.3157430291175842,0.7340909090909091,0.44373297691345215
TierB_synth_mild,0.0306624770164489,0.0090909090909091,0.5989327430725098
TierB_synth_mild,0.0581331849098205,0.0568181818181818,0.6090094447135925
TierB_synth_mild,0.093828797340393,0.15,0.6239601373672485
TierB_synth_mild,0.0085310935974121,-0.0204545454545453,0.5943902134895325
TierB_synth_mild,0.0040783286094665,-0.0159090909090908,0.5836571455001831
TierB_synth_mild,0.0018838047981262,-0.0045454545454545,0.558668851852417
TierB_synth_mild,0.0051574110984802,0.0,0.5655056238174438
TierB_synth_mild,0.2286511063575744,0.15,0.5164704918861389
TierB_synth_mild,0.1667938232421875,0.0659090909090909,0.556025505065918
TierB_synth_mild,0.1312927007675171,0.0681818181818182,0.5661683082580566
TierB_synth_mild,0.0919997096061706,0.0386363636363636,0.5763994455337524
TierB_synth_mild,0.0629303455352783,0.0113636363636363,0.5792196989059448
TierB_synth_mild,0.0158724784851074,-0.0068181818181818,0.5883356928825378
TierB_synth_mild,0.0091009736061096,-0.009090909090909,0.5843274593353271
TierB_synth_mild,0.0146986842155456,-0.0022727272727272,0.5558313131332397
TierB_synth_mild,0.0235647559165954,0.0090909090909091,0.5580933094024658
TierB_synth_mild,0.0451648235321044,0.0545454545454545,0.5739453434944153
TierB_synth_mild,0.0293103456497192,0.0386363636363636,0.5740444660186768
TierB_synth_mild,0.0189167857170104,0.0,0.5666557550430298
TierB_synth_mild,0.0365692973136901,0.0227272727272727,0.5675020813941956
TierB_synth_mild,0.0174910426139831,0.0090909090909091,0.552832841873169
TierB_synth_mild,0.0091649889945983,0.0022727272727273,0.5536574125289917
TierB_synth_mild,0.0096019506454467,-0.0045454545454545,0.5643328428268433
TierB_synth_mild,0.0181832909584045,0.0,0.5677627325057983
TierB_synth_mild,0.0201199054718017,0.0227272727272727,0.5349393486976624
TierB_synth_mild,0.0253168940544128,0.025,0.543012261390686
TierB_synth_mild,0.0302691459655761,0.0363636363636363,0.5714976787567139
TierB_synth_mild,0.0373970866203308,0.0318181818181818,0.5646551251411438
TierB_synth_mild,0.0466161370277404,0.0386363636363636,0.5791184902191162
TierB_synth_mild,0.0760191679000854,0.1340909090909091,0.5922878980636597
TierB_synth_mild,0.018811821937561,0.0045454545454545,0.5497259497642517
TierB_synth_mild,0.0456352233886718,0.0272727272727273,0.5345494747161865
TierB_synth_mild,0.0649154186248779,0.034090909090909,0.5235148668289185
TierB_synth_mild,0.0486027598381042,0.059090909090909,0.5467238426208496
TierB_synth_severe,0.1011266112327575,0.3068181818181819,0.5353031158447266
TierB_synth_severe,0.1673392057418823,0.4681818181818182,0.5317327976226807
TierB_synth_severe,0.1597920656204223,0.2136363636363636,0.5067794322967529
TierB_synth_severe,0.3225579857826233,0.6181818181818182,0.3718937635421753
TierB_synth_severe,0.363189160823822,0.7477272727272728,0.31529974937438965
TierB_synth_mild,0.0234791636466979,0.0068181818181818,0.5878950357437134
TierB_synth_mild,0.0056546330451965,-0.0022727272727272,0.5773102045059204
TierB_synth_mild,0.0013266205787658,0.0022727272727273,0.5562325716018677
TierB_synth_mild,0.0028566718101501,0.0068181818181818,0.5581707954406738
TierB_synth_severe,0.3063846230506897,0.6318181818181818,0.3428007960319519
TierB_synth_severe,0.2973167300224304,0.6386363636363637,0.3468382954597473
TierB_synth_severe,0.4972374439239502,0.8545454545454546,0.18374687433242798
TierB_synth_mild,0.032683789730072,-0.0068181818181818,0.564156174659729
TierB_synth_mild,0.1150431632995605,-0.0022727272727272,0.5242504477500916
TierB_synth_mild,0.2398024797439575,0.0704545454545454,0.4356457591056824
TierB_synth_severe,0.1800034642219543,0.2954545454545455,0.44639861583709717
TierB_synth_mild,0.0440911054611206,0.0522727272727272,0.5455458760261536
TierB_synth_severe,0.1831573247909546,0.2954545454545455,0.4488632082939148
TierB_synth_mild,0.001881718635559,-0.0181818181818181,0.5575142502784729
TierB_synth_severe,0.2385762929916381,0.4681818181818182,0.5423270463943481
TierB_synth_severe,0.4193061590194702,0.8318181818181818,0.3156619071960449
TierB_synth_severe,0.4940078258514404,0.8159090909090909,0.20550107955932617
TierB_synth_mild,0.1507542133331298,0.1659090909090909,0.5536709427833557
TierB_synth_severe,0.2562889456748962,0.6431818181818182,0.5011513829231262
TierB_synth_severe,0.3680072426795959,0.7977272727272727,0.3872759938240051
TierB_synth_severe,0.2679272890090942,0.509090909090909,0.4328593611717224
TierB_synth_severe,0.2842817306518554,0.4909090909090909,0.4437486529350281
TierB_synth_severe,0.4015662670135498,0.7886363636363637,0.29211658239364624
TierB_synth_severe,0.1887787580490112,0.3363636363636364,0.5151675939559937
TierB_synth_severe,0.3474403619766235,0.7340909090909091,0.3862592577934265
TierB_synth_severe,0.3570142388343811,0.7909090909090909,0.4283863306045532
TierB_synth_mild,0.0316800475120544,0.1888479747501315,0.546973705291748
TierB_synth_severe,0.1459765434265136,0.8001052077853761,0.6043659448623657
TierB_synth_severe,0.2016389369964599,0.8248290373487638,0.5605252385139465
TierB_synth_severe,0.2605648040771484,0.8448185165702261,0.5002974271774292
TierB_synth_severe,0.2961969971656799,0.8695423461336138,0.46538519859313965
TierB_synth_severe,0.3173699378967285,0.900052603892688,0.45364975929260254
TierB_synth_severe,0.0474296808242797,0.3592845870594423,0.5828033685684204
TierB_synth_severe,0.0991203188896179,0.6954234613361387,0.56269371509552
TierB_synth_severe,0.1486519575119018,0.7780115728563913,0.5638104677200317
TierB_synth_severe,0.182546317577362,0.8137822198842714,0.5341281890869141
TierB_synth_severe,0.2272742390632629,0.8490268279852708,0.50750333070755
TierB_synth_mild,0.0062687993049621,0.0052603892688057,0.5115829706192017
TierB_synth_mild,0.0124040246009826,0.0220936349289846,0.5293331146240234
TierB_synth_mild,0.0197486877441406,0.05365597054182,0.533587634563446
TierB_synth_mild,0.0012900829315185,0.0,0.530400276184082
TierB_synth_mild,0.0014830231666564,-0.0005260389268806,0.5163675546646118
TierB_synth_mild,0.0013232827186584,-0.0005260389268806,0.5201965570449829
TierB_synth_mild,0.0012751817703247,-0.0005260389268806,0.5194779634475708
TierB_synth_severe,0.0918726325035095,0.4576538663861125,0.5613391399383545
TierB_synth_severe,0.0614011883735656,0.2098895318253549,0.5650837421417236
TierB_synth_mild,0.0464590787887573,0.1157285639137295,0.5619341135025024
TierB_synth_mild,0.0328786969184875,0.0389268805891634,0.5554941892623901
TierB_synth_mild,0.0241864919662475,0.01788532351394,0.5464984178543091
TierB_synth_mild,0.0214108228683471,0.0205155181483429,0.5266320705413818
TierB_synth_mild,0.0140526890754699,0.006312467122567,0.5295469760894775
TierB_synth_mild,0.0071362853050231,0.0026301946344028,0.5049538016319275
TierB_synth_mild,0.0111341476440429,0.0052603892688057,0.515239417552948
TierB_synth_mild,0.0256181359291076,0.0184113624408205,0.5140873193740845
TierB_synth_mild,0.0156512260437011,0.0068385060494475,0.5099313259124756
TierB_synth_mild,0.020379364490509,0.0163072067332982,0.518769383430481
TierB_synth_mild,0.0374951362609863,0.0389268805891634,0.5225929617881775
TierB_synth_mild,0.0082945823669433,0.0042083114150446,0.5165418386459351
TierB_synth_mild,0.0063734650611877,0.0010520778537611,0.5196704864501953
TierB_synth_mild,0.0126148462295532,0.0110468174644923,0.5148993134498596
TierB_synth_mild,0.0227614045143127,0.0352446081009993,0.5115478038787842
TierB_synth_mild,0.0083287358283996,0.0057864281956864,0.5209481120109558
TierB_synth_mild,0.0400323271751403,0.0857443450815359,0.547832190990448
TierB_synth_severe,0.0931442975997924,0.3513940031562335,0.5326602458953857
TierB_synth_severe,0.0751531720161438,0.2624934245134139,0.5217021703720093
TierB_synth_severe,0.1183211803436279,0.4460810099947395,0.5125423073768616
TierB_synth_severe,0.1680220365524292,0.6507101525512887,0.4664420485496521
TierB_synth_severe,0.0859214663505554,0.307206733298264,0.45442521572113037
TierB_synth_severe,0.1302230358123779,0.522356654392425,0.4317030906677246
TierB_synth_severe,0.159633994102478,0.6338769068911099,0.39414453506469727
TierB_synth_mild,0.0243611931800842,0.1583377169910572,0.5371420979499817
TierB_synth_severe,0.0706018209457397,0.5192004208311414,0.5230648517608643
TierB_synth_severe,0.1325093507766723,0.7480273540241977,0.5102270245552063
TierB_synth_severe,0.1433267593383789,0.4697527617043661,0.4824408292770386
TierB_synth_severe,0.2713908553123474,0.7127827459231982,0.3731801509857178
TierB_synth_severe,0.3223217725753784,0.8079957916885849,0.33010363578796387
TierB_synth_mild,0.0093839764595031,0.006312467122567,0.5265480279922485
TierB_synth_mild,0.0017154216766357,0.0005260389268805,0.5322409272193909
TierB_synth_mild,0.0025641918182373,0.0,0.5190680027008057
TierB_synth_mild,0.0027880072593688,0.0,0.5199331045150757
TierB_synth_mild,0.0409564971923828,0.1809573908469226,0.5502848625183105
TierB_synth_severe,0.0819278359413147,0.363492898474487,0.546985387802124
TierB_synth_severe,0.1090941429138183,0.413466596528143,0.5235661268234253
TierB_synth_mild,0.0863109230995178,0.0478695423461336,0.458717405796051
TierB_synth_mild,0.1531886458396911,0.0936349289847447,0.44355350732803345
TierB_synth_mild,0.1935123801231384,0.1251972645975801,0.41180717945098877
TierB_synth_severe,0.1441507339477539,0.2251446607048921,0.4486986994743347
TierB_synth_mild,0.020093023777008,0.0115728563913729,0.535499095916748
TierB_synth_severe,0.1431766748428344,0.2172540768016833,0.4387946128845215
TierB_synth_mild,0.0029178857803344,0.0015781167806416,0.5177382230758667
TierB_synth_severe,0.2664486169815063,0.861651762230405,0.4627664089202881
TierB_synth_severe,0.4061207771301269,0.917937927406628,0.2954867482185364
TierB_synth_severe,0.421255886554718,0.9431877958968964,0.2791355848312378
TierB_synth_severe,0.0485183596611022,0.3813782219884271,0.5562204122543335
TierB_synth_severe,0.1666260361671447,0.8127301420305102,0.540823221206665
TierB_synth_severe,0.2667708396911621,0.8847974750131509,0.49825960397720337
TierB_synth_severe,0.0568935275077819,0.2098895318253549,0.5720525979995728
TierB_synth_severe,0.1345059275627136,0.5412940557601262,0.5256975889205933
TierB_synth_severe,0.1432043313980102,0.6349289847448711,0.5551885366439819
TierB_synth_severe,0.1519686579704284,0.6564965807469751,0.5067598819732666
TierB_synth_severe,0.2343336939811706,0.8132561809573908,0.4355902075767517
TierB_synth_severe,0.2845308780670166,0.8506049447659126,0.41427040100097656
TierB_synth_severe,0.0315778851509094,0.291638341264446,0.5235031843185425
TierB_synth_severe,0.1537461876869201,0.7416723317471108,0.4956146478652954
TierB_synth_severe,0.2123057842254638,0.8086335825968729,0.4564196467399597
TierB_synth_severe,0.2697660326957702,0.828348062542488,0.3942907452583313
TierB_synth_severe,0.2945176959037781,0.8657375934738273,0.3736785054206848
TierB_synth_severe,0.3240419626235962,0.8844323589394969,0.36932212114334106
TierB_synth_severe,0.0430876612663269,0.3470428280081576,0.5309321880340576
TierB_synth_severe,0.0874822735786438,0.6655336505778382,0.5128861665725708
TierB_synth_severe,0.1435680389404297,0.7794017675050986,0.5019752383232117
TierB_synth_severe,0.1893256306648254,0.8171312032630863,0.4966943860054016
TierB_synth_severe,0.2305247187614441,0.8504418762746431,0.4604669213294983
TierB_synth_mild,0.021113634109497,0.0509857239972807,0.491361141204834
TierB_synth_mild,0.0270153880119323,0.1080897348742352,0.4930439591407776
TierB_synth_mild,0.0347760915756225,0.1903467029231814,0.5006971955299377
TierB_synth_mild,0.0012931823730468,0.0027192386131883,0.49782413244247437
TierB_synth_mild,0.0012608766555786,0.000679809653297,0.5038516521453857
TierB_synth_mild,0.001844584941864,-0.0023793337865397,0.487671434879303
TierB_synth_mild,0.0029454231262207,0.0003399048266484,0.508806586265564
TierB_synth_severe,0.104799211025238,0.5033990482664854,0.5203920602798462
TierB_synth_severe,0.0668179988861084,0.2831407205982325,0.5140560865402222
TierB_synth_mild,0.048198401927948,0.1903467029231814,0.5159621238708496
TierB_synth_mild,0.0394533276557922,0.1138681169272604,0.5129575729370117
TierB_synth_mild,0.0283700823783874,0.0550645819170632,0.5111708641052246
TierB_synth_mild,0.0129021406173706,0.0030591434398368,0.5103640556335449
TierB_synth_mild,0.0058931708335876,-0.0037389530931339,0.5089051723480225
TierB_synth_mild,0.0023601055145263,0.0040788579197824,0.4830787777900696
TierB_synth_mild,0.0043951272964477,0.0067980965329706,0.5000959634780884
TierB_synth_mild,0.0050147771835327,0.0078178110129163,0.4866411089897156
TierB_synth_mild,0.0026532411575317,0.0010197144799456,0.48083168268203735
TierB_synth_mild,0.007752239704132,0.0030591434398368,0.5115076303482056
TierB_synth_mild,0.0204352140426635,0.0071380013596192,0.5222679376602173
TierB_synth_mild,0.0217021703720092,0.0302515295717199,0.5229318141937256
TierB_synth_mild,0.0091752409934997,0.0146159075458871,0.5236165523529053
TierB_synth_mild,0.0029430985450744,-0.0020394289598912,0.4853232502937317
TierB_synth_mild,0.0034680366516113,-0.0033990482664854,0.48794567584991455
TierB_synth_mild,0.0087769627571105,0.0047586675730795,0.4985581040382385
TierB_synth_mild,0.0457144975662231,0.0815771583956491,0.5082018375396729
TierB_synth_severe,0.111733853816986,0.3552005438477226,0.5084507465362549
TierB_synth_severe,0.0961023569107055,0.2800815771583956,0.5084108114242554
TierB_synth_severe,0.1383504867553711,0.4680489462950373,0.5038798451423645
TierB_synth_severe,0.2204157710075378,0.7168592794017675,0.43242478370666504
TierB_synth_severe,0.1164791584014892,0.3783140720598232,0.4114472270011902
TierB_synth_severe,0.1632689237594604,0.6186267845003399,0.4065806269645691
TierB_synth_severe,0.2132681012153625,0.7464309993201903,0.34898167848587036
TierB_synth_severe,0.0264475345611572,0.2195785180149557,0.4867814779281616
TierB_synth_severe,0.1035413146018982,0.6461590754588715,0.4200359582901001
TierB_synth_severe,0.1634089946746826,0.7624065261726716,0.39613187313079834
TierB_synth_severe,0.0940256714820861,0.2715839564921821,0.45912837982177734
TierB_synth_severe,0.2122840285301208,0.6301835486063903,0.38296985626220703
TierB_synth_severe,0.2928789258003235,0.751869476546567,0.3158491253852844
TierB_synth_mild,0.0207301378250122,0.031611148878314,0.5026019215583801
TierB_synth_mild,0.003209114074707,0.0088375254928619,0.49192869663238525
TierB_synth_mild,0.0023608207702636,-0.0061182868796737,0.492145299911499
TierB_synth_mild,0.0076866745948791,-0.0027192386131883,0.4903332591056824
TierB_synth_severe,0.0400758981704711,0.2311352821210061,0.4874911308288574
TierB_synth_severe,0.0765638351440429,0.4938817131203263,0.5044593811035156
TierB_synth_severe,0.0957674980163574,0.5679809653297077,0.5013840198516846
TierB_synth_mild,0.1504456400871276,0.1138681169272604,0.42039304971694946
TierB_synth_mild,0.1438209414482116,0.1036709721278041,0.4224294424057007
TierB_synth_mild,0.1878960728645324,0.1308633582596873,0.4031968116760254
TierB_synth_severe,0.1387688517570495,0.3140720598232495,0.4065820574760437
TierB_synth_mild,0.0161320567131042,0.0472467709041468,0.5143340826034546
TierB_synth_severe,0.1361980438232422,0.3212100611828687,0.4141385555267334
TierB_synth_mild,0.0044987201690673,-0.0033990482664854,0.5093998908996582
TierB_synth_severe,0.2443848848342895,0.8120326308633583,0.42825937271118164
TierB_synth_severe,0.4287464618682861,0.8949694085656016,0.2377449870109558
TierB_synth_severe,0.4780252575874328,0.9323589394969408,0.15664809942245483
TierB_synth_severe,0.0443371534347534,0.407885791978246,0.5101491808891296
TierB_synth_severe,0.1725164055824279,0.8096532970768184,0.47936195135116577
TierB_synth_severe,0.2639582753181457,0.8589394969408566,0.40084636211395264
TierB_synth_severe,0.0609610676765441,0.33718558803535,0.4782176613807678
TierB_synth_severe,0.1368600130081176,0.6733514615907545,0.48173975944519043
TierB_synth_severe,0.1235672831535339,0.5914343983684568,0.4973726272583008
TierB_synth_severe,0.0976870059967041,0.4323589394969408,0.48295217752456665
TierB_synth_severe,0.1968865990638733,0.6855880353501019,0.41839343309402466
TierB_synth_severe,0.2618992328643799,0.8395649218218899,0.4207729697227478
TierB_synth_mild,0.0431246161460876,0.0843941537010843,0.5283033847808838
TierB_synth_severe,0.190979778766632,0.711928335690712,0.5904384851455688
TierB_synth_severe,0.2772591114044189,0.8142385667138142,0.5311588048934937
TierB_synth_severe,0.338714063167572,0.8387553041018387,0.4736614227294922
TierB_synth_severe,0.3522172570228576,0.8651579443658652,0.4381329417228699
TierB_synth_severe,0.3739107251167297,0.8948609146628949,0.4278029203414917
TierB_synth_mild,0.0549518465995788,0.1843470061291843,0.4954431653022766
TierB_synth_severe,0.1298110485076904,0.496935407826497,0.5108490586280823
TierB_synth_severe,0.1846680045127868,0.7081565299387083,0.5223649740219116
TierB_synth_severe,0.2310640215873718,0.81989627534182,0.5278184413909912
TierB_synth_severe,0.2833845615386963,0.8877887788778878,0.5026868581771851
TierB_synth_mild,0.0109190344810485,0.0084865629420085,0.46018528938293457
TierB_synth_mild,0.0350979566574096,0.0523338048090523,0.48056793212890625
TierB_synth_mild,0.053994596004486,0.1546440358321547,0.4738427400588989
TierB_synth_mild,0.0018500089645385,0.0004714757190005,0.4529256820678711
TierB_synth_mild,0.0018791556358337,0.0004714757190005,0.43559062480926514
TierB_synth_mild,0.0009546875953674,0.0,0.45918142795562744
TierB_synth_mild,0.0012515783309936,-0.0004714757190004,0.46825313568115234
TierB_synth_severe,0.1416579484939575,0.3092880716643092,0.5764639377593994
TierB_synth_mild,0.095608115196228,0.1343705799151343,0.5513786673545837
TierB_synth_mild,0.0635130405426025,0.0645921735030645,0.5510293245315552
TierB_synth_mild,0.0383124947547912,0.0146157472890146,0.5356807708740234
TierB_synth_mild,0.0233039855957031,0.0033003300330033,0.4934793710708618
TierB_synth_mild,0.0187962651252746,0.0009429514380009,0.42858022451400757
TierB_synth_mild,0.0134155750274658,0.0004714757190005,0.42905497550964355
TierB_synth_mild,0.0087426304817199,0.0042432814710042,0.442840039730072
TierB_synth_mild,0.0195005536079406,0.0061291843470061,0.44346123933792114
TierB_synth_mild,0.0238816142082214,0.0037718057520037,0.4280394911766052
TierB_synth_mild,0.0143715739250183,0.0028288543140028,0.4268537759780884
TierB_synth_mild,0.0296328067779541,0.0028288543140028,0.43315351009368896
TierB_synth_mild,0.0435463190078735,0.0042432814710042,0.4236842393875122
TierB_synth_mild,0.0179827213287353,0.0042432814710042,0.448772132396698
TierB_synth_mild,0.0088657736778259,0.0023573785950024,0.44647926092147827
TierB_synth_mild,0.0162795186042785,0.0004714757190005,0.42477136850357056
TierB_synth_mild,0.0234278440475463,0.0037718057520037,0.4326241612434387
TierB_synth_mild,0.0094031691551208,0.0028288543140028,0.44972145557403564
TierB_synth_mild,0.0356416702270507,0.0231023102310231,0.4783855676651001
TierB_synth_severe,0.0828445553779602,0.2046204620462046,0.5124064683914185
TierB_synth_mild,0.065146267414093,0.1169259783121169,0.4950295686721802
TierB_synth_severe,0.1118268966674804,0.2805280528052806,0.5166258811950684
TierB_synth_severe,0.189573049545288,0.5308816595945309,0.47819286584854126
TierB_synth_mild,0.0675979852676391,0.1305987741631306,0.3971256613731384
TierB_synth_severe,0.1184558868408203,0.3503064592173504,0.3897787928581238
TierB_synth_severe,0.1494082808494568,0.4738330975954739,0.393132746219635
TierB_synth_mild,0.0261197686195373,0.0471475719000471,0.4756219983100891
TierB_synth_severe,0.1001535654067993,0.4809052333804809,0.4774070978164673
TierB_synth_severe,0.1819830536842346,0.6940122583686941,0.4573497772216797
TierB_synth_mild,0.0897501111030578,0.1117397454031117,0.4681553840637207
TierB_synth_severe,0.2258204817771911,0.4545025931164544,0.42156678438186646
TierB_synth_severe,0.3153106570243835,0.743988684582744,0.35249757766723633
TierB_synth_mild,0.0102487206459045,0.0009429514380009,0.4583091139793396
TierB_synth_mild,0.0014474391937255,0.0014144271570014,0.45179104804992676
TierB_synth_mild,0.001680314540863,0.0,0.454226016998291
TierB_synth_mild,0.0024086833000183,0.0009429514380009,0.4333319067955017
TierB_synth_mild,0.0456812381744384,0.1192833569071193,0.5350793600082397
TierB_synth_severe,0.1347396969795227,0.454031117397454,0.5551955699920654
TierB_synth_severe,0.1963408589363098,0.6171617161716172,0.521365225315094
TierB_synth_mild,0.0840896368026733,0.0183875530410183,0.4103512167930603
TierB_synth_mild,0.1109591722488403,0.0221593587930222,0.4121869206428528
TierB_synth_mild,0.1265432238578796,0.0367751060820368,0.42380404472351074
TierB_synth_mild,0.0931428074836731,0.0872230080150872,0.4390764832496643
TierB_synth_mild,0.0058920979499816,0.0066006600660065,0.43506139516830444
TierB_synth_mild,0.0934813618659973,0.0924092409240924,0.4434540271759033
TierB_synth_mild,0.0018115043640136,0.0023573785950024,0.45130455493927
TierB_synth_severe,0.3607351779937744,0.8420556341348421,0.44326621294021606
TierB_synth_severe,0.4495711922645569,0.9457802923149458,0.27766621112823486
TierB_synth_severe,0.490757942199707,0.9457802923149458,0.23398876190185547
TierB_synth_severe,0.0486682057380676,0.2319660537482319,0.5113942623138428
TierB_synth_severe,0.2234265804290771,0.760961810466761,0.5293412208557129
TierB_synth_severe,0.3261047601699829,0.8821310702498821,0.4579938054084778
TierB_synth_mild,0.0711684823036193,0.1475719000471476,0.5596423745155334
TierB_synth_severe,0.2046496868133545,0.5775577557755776,0.559624195098877
TierB_synth_severe,0.2312569618225097,0.6591230551626591,0.5448364019393921
TierB_synth_severe,0.1165233850479126,0.2385667138142385,0.5223584771156311
TierB_synth_severe,0.2689993977546692,0.6195190947666196,0.4549265503883362
TierB_synth_severe,0.3226533532142639,0.7765205091937766,0.47517430782318115
TierB_synth_mild,0.0543827414512634,0.0409090909090908,0.3754194378852844
TierB_synth_severe,0.1686373949050903,0.2795454545454545,0.4851382374763489
TierB_synth_severe,0.2557218074798584,0.4931818181818181,0.5323439836502075
TierB_synth_severe,0.3369525671005249,0.6795454545454545,0.5034295320510864
TierB_synth_severe,0.4142518043518066,0.7454545454545454,0.41869592666625977
TierB_synth_severe,0.4642874002456665,0.7977272727272726,0.34982699155807495
TierB_synth_mild,0.1057868003845214,0.0636363636363636,0.40806078910827637
TierB_synth_severe,0.1724974513053894,0.2772727272727272,0.40848278999328613
TierB_synth_severe,0.216449499130249,0.3681818181818181,0.4559289216995239
TierB_synth_severe,0.2836260199546814,0.5022727272727272,0.4571496248245239
TierB_synth_severe,0.3396530151367187,0.5772727272727272,0.44369369745254517
TierB_synth_mild,0.0239607691764831,0.0045454545454545,0.40806955099105835
TierB_synth_mild,0.0417170524597168,0.0272727272727272,0.41784942150115967
TierB_synth_mild,0.0558691620826721,0.0863636363636363,0.44076621532440186
TierB_synth_mild,0.0019401311874389,-0.0022727272727273,0.37565308809280396
TierB_synth_mild,0.0009185075759887,-0.0022727272727273,0.3752198815345764
TierB_synth_mild,0.0008854866027832,0.009090909090909,0.38137131929397583
TierB_synth_mild,0.0026060342788696,0.0272727272727272,0.3846791982650757
TierB_synth_mild,0.1022654175758361,0.1431818181818182,0.41484516859054565
TierB_synth_mild,0.051331877708435,0.0659090909090909,0.3841475248336792
TierB_synth_mild,0.0362482666969299,0.059090909090909,0.37426191568374634
TierB_synth_mild,0.0246291756629943,0.0272727272727272,0.3715290427207947
TierB_synth_mild,0.0175181031227111,0.0204545454545453,0.36821937561035156
TierB_synth_mild,0.0200340747833251,-0.0068181818181818,0.3726876974105835
TierB_synth_mild,0.011246383190155,-0.0068181818181818,0.37689775228500366
TierB_synth_mild,0.0080196857452392,-0.0068181818181818,0.366696834564209
TierB_synth_mild,0.0145791172981262,0.0,0.36452722549438477
TierB_synth_mild,0.0242643952369689,0.0113636363636363,0.35568851232528687
TierB_synth_mild,0.0116686820983886,0.0068181818181817,0.36258041858673096
TierB_synth_mild,0.0270232558250427,-0.0113636363636363,0.3761324882507324
TierB_synth_mild,0.0476604700088501,0.009090909090909,0.3716684579849243
TierB_synth_mild,0.0134133696556091,-0.0022727272727273,0.3693246841430664
TierB_synth_mild,0.0069248080253601,-0.0022727272727273,0.3741271495819092
TierB_synth_mild,0.0082173943519592,0.0,0.3775743842124939
TierB_synth_mild,0.0206835269927978,-0.0022727272727273,0.37757807970046997
TierB_synth_mild,0.0042493939399719,0.0136363636363635,0.36102092266082764
TierB_synth_mild,0.0238958001136779,0.0295454545454545,0.35142630338668823
TierB_synth_mild,0.0649928450584411,0.034090909090909,0.37100911140441895
TierB_synth_mild,0.058841586112976,0.0681818181818181,0.3598706126213074
TierB_synth_mild,0.0977867841720581,0.1136363636363636,0.38230687379837036
TierB_synth_severe,0.1662548780441284,0.2204545454545454,0.40787452459335327
TierB_synth_mild,0.0772543549537658,0.0181818181818181,0.3677041530609131
TierB_synth_mild,0.1391666531562805,0.1136363636363636,0.36342740058898926
TierB_synth_mild,0.1619684696197509,0.1909090909090909,0.37293505668640137
TierB_synth_mild,0.0475299954414367,0.0613636363636362,0.3690088391304016
TierB_synth_mild,0.1024571061134338,0.159090909090909,0.3949398994445801
TierB_synth_severe,0.1922357082366943,0.3159090909090909,0.4235820770263672
TierB_synth_mild,0.2246527671813964,0.1772727272727272,0.40430498123168945
TierB_synth_severe,0.4008077979087829,0.4431818181818181,0.33993613719940186
TierB_synth_severe,0.5029383301734924,0.6272727272727272,0.2572123408317566
TierB_synth_mild,0.0041320323944091,-0.0022727272727273,0.38149213790893555
TierB_synth_mild,0.0008533000946044,-0.0045454545454546,0.37831491231918335
TierB_synth_mild,0.0012691617012023,0.0045454545454545,0.37473833560943604
TierB_synth_mild,0.0047851800918579,-0.0068181818181818,0.374963641166687
TierB_synth_mild,0.0560305118560791,0.0363636363636362,0.39211028814315796
TierB_synth_mild,0.1356777548789978,0.1977272727272726,0.4305768609046936
TierB_synth_severe,0.2209814190864563,0.409090909090909,0.41590142250061035
TierB_synth_mild,0.0389803051948547,0.009090909090909,0.3683733344078064
TierB_synth_mild,0.0850120186805725,0.0045454545454545,0.352888286113739
TierB_synth_mild,0.0740010738372802,-0.0090909090909091,0.3691596984863281
TierB_synth_mild,0.1850123405456543,0.1636363636363635,0.3653112053871155
TierB_synth_mild,0.0203402042388916,0.0227272727272727,0.3752385377883911
TierB_synth_mild,0.1772388219833374,0.1704545454545454,0.36904531717300415
TierB_synth_mild,0.003150463104248,0.0045454545454545,0.37303298711776733
TierB_synth_severe,0.2475608587265014,0.359090909090909,0.4697142243385315
TierB_synth_severe,0.490827739238739,0.6977272727272728,0.30783408880233765
TierB_synth_severe,0.5406167507171631,0.8613636363636363,0.19652175903320312
TierB_synth_mild,0.1213463544845581,0.1181818181818181,0.4196054935455322
TierB_synth_severe,0.2459552884101867,0.4363636363636363,0.4596385955810547
TierB_synth_severe,0.3500798344612121,0.6090909090909091,0.47722774744033813
TierB_synth_mild,0.0571362376213073,0.0272727272727272,0.40533292293548584
TierB_synth_mild,0.1767738461494445,0.184090909090909,0.4300866723060608
TierB_synth_severe,0.2308516502380371,0.4068181818181817,0.47656238079071045
TierB_synth_severe,0.2509556412696838,0.2363636363636363,0.4112887978553772
TierB_synth_severe,0.3591035008430481,0.4477272727272726,0.3827666640281677
TierB_synth_severe,0.4312761425971985,0.6499999999999999,0.35176903009414673
TierB_synth_severe,0.0796574354171752,0.4834297738032614,0.40092331171035767
TierB_synth_severe,0.2570571303367615,0.7048921620199895,0.3001003861427307
TierB_synth_severe,0.3868081569671631,0.7880063124671226,0.23346543312072754
TierB_synth_severe,0.4545377492904663,0.8432403997895845,0.18064254522323608
TierB_synth_severe,0.4955514073371887,0.8548132561809574,0.16339725255966187
TierB_synth_severe,0.5068246722221375,0.8684902682798528,0.14881610870361328
TierB_synth_severe,0.0608595013618469,0.3871646501841136,0.40287113189697266
TierB_synth_severe,0.1065144538879394,0.6380852183061547,0.3978461027145386
TierB_synth_severe,0.1889212131500244,0.7738032614413467,0.3700997829437256
TierB_synth_severe,0.2695836424827575,0.7953708574434508,0.33985036611557007
TierB_synth_severe,0.3288726806640625,0.8332456601788533,0.31201422214508057
TierB_synth_mild,0.0114378929138183,0.0,0.4103069305419922
TierB_synth_mild,0.0185455083847045,0.0110468174644924,0.4067310094833374
TierB_synth_mild,0.0331999659538269,0.0415570752235665,0.4000283479690552
TierB_synth_mild,0.0093486309051513,0.0057864281956865,0.3995162844657898
TierB_synth_mild,0.0029302835464477,0.0005260389268806,0.397358238697052
TierB_synth_mild,0.0038213729858398,0.0,0.4046810269355774
TierB_synth_mild,0.0086598992347717,0.0047343503419253,0.39816612005233765
TierB_synth_severe,0.115041434764862,0.3582325092056813,0.3246533274650574
TierB_synth_mild,0.0862613916397094,0.0988953182535508,0.3533703684806824
TierB_synth_mild,0.0760020613670349,0.0504997369805365,0.37056249380111694
TierB_synth_mild,0.0653128027915954,0.0215675960021042,0.3731686472892761
TierB_synth_mild,0.0562271475791931,0.00894266175697,0.3831978440284729
TierB_synth_mild,0.0370050072669982,0.0310362966859547,0.3857765793800354
TierB_synth_mild,0.0195820927619934,0.0110468174644924,0.3919626474380493
TierB_synth_mild,0.0158244967460632,0.0084166228300894,0.3795551657676697
TierB_synth_mild,0.0233446955680847,0.0326144134665965,0.3692246079444885
TierB_synth_mild,0.0554117560386657,0.0988953182535508,0.34475237131118774
TierB_synth_mild,0.0256239175796508,0.0199894792214624,0.36264777183532715
TierB_synth_mild,0.0367608070373535,0.0273540241977906,0.38595765829086304
TierB_synth_mild,0.072718858718872,0.0568122041031037,0.35696321725845337
TierB_synth_mild,0.0368223786354064,0.0263019463440294,0.38543587923049927
TierB_synth_mild,0.0190252065658569,0.0078905839032088,0.3951931595802307
TierB_synth_mild,0.0162394046783447,0.0026301946344029,0.3804040551185608
TierB_synth_mild,0.0341081023216247,0.0078905839032088,0.3712349534034729
TierB_synth_mild,0.0060113668441772,0.0010520778537612,0.37700986862182617
TierB_synth_mild,0.0291640758514404,0.058916359810626,0.3508981466293335
TierB_synth_severe,0.0877928137779235,0.4203051025775908,0.30453139543533325
TierB_synth_severe,0.0680121183395385,0.2382956338769069,0.31768524646759033
TierB_synth_severe,0.1125723719596862,0.5202524986849026,0.2829577326774597
TierB_synth_severe,0.1792508363723755,0.7469752761704367,0.2329750657081604
TierB_synth_severe,0.1084401607513427,0.3293003682272488,0.3062434196472168
TierB_synth_severe,0.1568900942802429,0.6817464492372436,0.2565333843231201
TierB_synth_severe,0.1642499566078186,0.7059442398737508,0.2448229193687439
TierB_synth_mild,0.0285155773162841,0.1346659652814308,0.4059419631958008
TierB_synth_severe,0.0655303001403808,0.4581799053129932,0.4139365553855896
TierB_synth_severe,0.1418004631996154,0.7643345607574961,0.4153515100479126
TierB_synth_mild,0.1010656952857971,0.183061546554445,0.3053337335586548
TierB_synth_severe,0.1924249529838562,0.4192530247238296,0.22502833604812622
TierB_synth_severe,0.1935587525367736,0.4897422409258285,0.20293331146240234
TierB_synth_mild,0.0256479978561401,0.0257759074171488,0.402823805809021
TierB_synth_mild,0.0044596195220947,0.0005260389268806,0.40012842416763306
TierB_synth_mild,0.0042811632156372,0.0015781167806417,0.39686453342437744
TierB_synth_mild,0.0108051896095275,0.0042083114150447,0.39061886072158813
TierB_synth_mild,0.0727208256721496,0.1330878485007891,0.3327440619468689
TierB_synth_severe,0.1693348288536071,0.6033666491320357,0.25784462690353394
TierB_synth_severe,0.1987006664276123,0.7685428721725408,0.23590457439422607
TierB_synth_mild,0.0821680426597595,0.0163072067332983,0.32314038276672363
TierB_synth_severe,0.2247721552848816,0.2603892688058916,0.22377222776412964
TierB_synth_severe,0.3127532005310058,0.6443976854287218,0.16753917932510376
TierB_synth_mild,0.2058720588684082,0.1877958968963703,0.19625109434127808
TierB_synth_mild,0.0107119679450988,0.0131509731720147,0.395487904548645
TierB_synth_mild,0.2092706561088562,0.1814834297738032,0.1965411901473999
TierB_synth_mild,0.0013297796249389,-0.0010520778537611,0.3961150646209717
TierB_synth_severe,0.2266321778297424,0.7574960547080485,0.32819265127182007
TierB_synth_severe,0.3680036067962646,0.8748027354024198,0.25279170274734497
TierB_synth_severe,0.381982684135437,0.94634402945818,0.17863738536834717
TierB_synth_severe,0.0942596197128295,0.5002630194634403,0.39876365661621094
TierB_synth_severe,0.3032338619232178,0.8090478695423462,0.2835186719894409
TierB_synth_severe,0.4490404725074768,0.8737506575486587,0.19704216718673706
TierB_synth_mild,0.1088995933532714,0.1841136244082062,0.3279457092285156
TierB_synth_severe,0.1866046786308288,0.6328248290373488,0.30043894052505493
TierB_synth_severe,0.2381276488304138,0.7364544976328249,0.2301921844482422
TierB_synth_severe,0.1402959823608398,0.3855865334034719,0.2775323987007141
TierB_synth_severe,0.2603849172592163,0.7585481325618096,0.17876654863357544
TierB_synth_severe,0.2378608584403991,0.8537611783271962,0.21627813577651978
TierB_synth_severe,0.1079728603363037,0.6617946974847043,0.3297300338745117
TierB_synth_severe,0.3775953650474548,0.8589394969408566,0.21597915887832642
TierB_synth_severe,0.4665789008140564,0.8881713120326309,0.16542184352874756
TierB_synth_severe,0.5012015104293823,0.898368456832087,0.14127963781356812
TierB_synth_severe,0.5162140727043152,0.9034670292318152,0.12705689668655396
TierB_synth_severe,0.5275843739509583,0.9119646498980286,0.11206191778182983
TierB_synth_severe,0.0832374095916748,0.5822569680489463,0.32807981967926025
TierB_synth_severe,0.1776634454727172,0.8120326308633583,0.3199610710144043
TierB_synth_severe,0.2733760476112366,0.8650577838205302,0.2781205177307129
TierB_synth_severe,0.3221850395202636,0.8776342624065262,0.2589411735534668
TierB_synth_severe,0.3965170979499817,0.8817131203263087,0.23877358436584473
TierB_synth_mild,0.0229865312576293,0.0329707681849082,0.34597456455230713
TierB_synth_mild,0.0304540395736694,0.1172671651937458,0.3602733016014099
TierB_synth_severe,0.0449636578559875,0.2066621346023114,0.36536574363708496
TierB_synth_mild,0.0196708440780639,0.0234534330387491,0.32710641622543335
TierB_synth_mild,0.0052285194396972,0.004418762746431,0.318851113319397
TierB_synth_mild,0.0062522292137146,0.0037389530931339,0.3139325976371765
TierB_synth_mild,0.0163909792900085,0.0142760027192386,0.3106114864349365
TierB_synth_severe,0.1680927872657776,0.5900747790618627,0.2781507968902588
TierB_synth_severe,0.1253430843353271,0.2800815771583956,0.3161238431930542
TierB_synth_mild,0.112012505531311,0.1879673691366418,0.32621198892593384
TierB_synth_mild,0.0861386656761169,0.1101291638341265,0.32857054471969604
TierB_synth_mild,0.0656660199165344,0.0496261046906866,0.3329280614852905
TierB_synth_mild,0.0255257487297058,0.0105370496261046,0.32770633697509766
TierB_synth_mild,0.0138380527496337,0.0047586675730795,0.3239161968231201
TierB_synth_mild,0.0118463635444641,0.0067980965329708,0.30550211668014526
TierB_synth_mild,0.0223811864852905,0.0173351461590755,0.30301958322525024
TierB_synth_mild,0.038749873638153,0.0336505778382053,0.3062618374824524
TierB_synth_mild,0.0171263217926025,0.0149558123725357,0.31635725498199463
TierB_synth_mild,0.0247496366500854,0.0122365737593473,0.30906546115875244
TierB_synth_mild,0.060085654258728,0.0305914343983685,0.30215245485305786
TierB_synth_mild,0.0199579000473022,0.0197144799456152,0.29968976974487305
TierB_synth_mild,0.0119145512580871,0.0108769544527532,0.30592191219329834
TierB_synth_mild,0.0129973292350769,0.0061182868796737,0.31450843811035156
TierB_synth_mild,0.0236132144927978,0.0166553365057784,0.3246185779571533
TierB_synth_mild,0.0083217620849609,0.0129163834126444,0.3010765314102173
TierB_synth_mild,0.0405283570289611,0.1339225016995241,0.28074246644973755
TierB_synth_severe,0.1527837514877319,0.5625424881033311,0.22456049919128418
TierB_synth_severe,0.1212009787559509,0.4891230455472468,0.24087518453598022
TierB_synth_severe,0.1974425315856933,0.6845683208701564,0.20007270574569702
TierB_synth_severe,0.2766056656837463,0.8178110129163835,0.1623939871788025
TierB_synth_severe,0.1489285826683044,0.6896668932698844,0.24907052516937256
TierB_synth_severe,0.2396381497383117,0.8501019714479946,0.18417179584503174
TierB_synth_severe,0.284723699092865,0.8908905506458192,0.15989947319030762
TierB_synth_severe,0.0412836670875549,0.2899388171312033,0.32197242975234985
TierB_synth_severe,0.1338242292404174,0.7239972807613868,0.30897843837738037
TierB_synth_severe,0.2682654857635498,0.8738953093133923,0.27486658096313477
TierB_synth_severe,0.1753267645835876,0.4238613188307274,0.22576302289962769
TierB_synth_severe,0.2747384309768677,0.7042828008157715,0.17792075872421265
TierB_synth_severe,0.2561513185501098,0.7307953772943576,0.1538650393486023
TierB_synth_mild,0.0378682017326355,0.0547246770904147,0.30806249380111694
TierB_synth_mild,0.0080776214599609,0.0067980965329708,0.31395208835601807
TierB_synth_mild,0.0049116611480712,0.0054384772263765,0.3166353702545166
TierB_synth_mild,0.0166988968849182,0.0115567641060503,0.3175209164619446
TierB_synth_severe,0.0559113025665283,0.3348062542488104,0.28489524126052856
TierB_synth_severe,0.22714763879776,0.8113528212100611,0.18495166301727295
TierB_synth_severe,0.2940300703048706,0.8582596872875595,0.15407335758209229
TierB_synth_mild,0.2011893987655639,0.0754588715159755,0.21643668413162231
TierB_synth_severe,0.3163349032402038,0.3269884432358939,0.16465401649475098
TierB_synth_severe,0.3794317841529846,0.8116927260367097,0.13689815998077393
TierB_synth_severe,0.23702472448349,0.5210740992522094,0.1729496717453003
TierB_synth_mild,0.0143356919288635,0.0710401087695445,0.32009822130203247
TierB_synth_severe,0.240119457244873,0.5431679129843644,0.17273646593093872
TierB_synth_mild,0.0018011927604675,0.0047586675730795,0.3158420920372009
TierB_synth_severe,0.3107012510299682,0.8745751189666894,0.24333393573760986
TierB_synth_severe,0.4028206467628479,0.9303195105370496,0.20359283685684204
TierB_synth_severe,0.4803986549377441,0.9517335146159076,0.09497511386871338
TierB_synth_severe,0.1347905397415161,0.6883072739632903,0.3314506411552429
TierB_synth_severe,0.4338027238845825,0.8912304554724677,0.2054429054260254
TierB_synth_severe,0.5364816188812256,0.9309993201903468,0.1230781078338623
TierB_synth_severe,0.126226007938385,0.3035350101971448,0.3087894320487976
TierB_synth_severe,0.260488212108612,0.742352141400408,0.24046993255615234
TierB_synth_severe,0.3284701108932495,0.8660774983004759,0.18648505210876465
TierB_synth_severe,0.2578949332237243,0.5723997280761387,0.21925806999206543
TierB_synth_severe,0.3518971800804138,0.8144119646498981,0.17029106616973877
TierB_synth_severe,0.2933102250099182,0.8956492182188988,0.1857081651687622
TierB_synth_severe,0.1080695986747741,0.4578029231494578,0.3830927014350891
TierB_synth_severe,0.3899042010307312,0.8236680810938237,0.25561702251434326
TierB_synth_severe,0.4906474351882934,0.8943894389438944,0.19576507806777954
TierB_synth_severe,0.540663480758667,0.9193776520509194,0.1673825979232788
TierB_synth_severe,0.5543403029441833,0.9363507779349364,0.14131295680999756
TierB_synth_severe,0.5658231973648071,0.943894389438944,0.12343049049377441
TierB_synth_severe,0.0688534975051879,0.2913719943422914,0.364577054977417
TierB_synth_severe,0.1323007941246032,0.5917020273455917,0.36266905069351196
TierB_synth_severe,0.2435998320579528,0.8095238095238095,0.3389221429824829
TierB_synth_severe,0.3170211911201477,0.8972182932578973,0.33725184202194214
TierB_synth_severe,0.3705477118492126,0.9349363507779348,0.31231844425201416
TierB_synth_mild,0.0210220217704772,0.0051862329090052,0.3726418614387512
TierB_synth_mild,0.0374707579612731,0.0528052805280527,0.3852335810661316
TierB_synth_mild,0.0535195469856262,0.115040075436115,0.39207255840301514
TierB_synth_mild,0.010585606098175,0.0004714757190005,0.3393385410308838
TierB_synth_mild,0.0031296610832214,-0.0009429514380009,0.33536839485168457
TierB_synth_mild,0.0023248791694641,0.0004714757190005,0.3279687762260437
TierB_synth_mild,0.0082300305366516,0.0018859028760018,0.3312190771102905
TierB_synth_severe,0.1819466948509216,0.5624705327675625,0.3271365165710449
TierB_synth_severe,0.1365546584129333,0.2065063649222065,0.3453141450881958
TierB_synth_mild,0.1273815035820007,0.0914662894860914,0.3408694863319397
TierB_synth_mild,0.1069942116737365,0.0348892032060349,0.34455591440200806
TierB_synth_mild,0.0714363455772399,0.0099009900990099,0.3503895401954651
TierB_synth_mild,0.0557945966720581,0.0254596888260254,0.30290693044662476
TierB_synth_mild,0.028113305568695,0.0066006600660065,0.3182872533798218
TierB_synth_mild,0.0202860236167907,0.0018859028760018,0.32561665773391724
TierB_synth_mild,0.0376609563827514,0.0047147571900046,0.3235132694244385
TierB_synth_mild,0.0831769704818725,0.0226308345120226,0.3056252598762512
TierB_synth_mild,0.0406619310379028,0.0028288543140028,0.32176119089126587
TierB_synth_mild,0.0538609623908996,0.0117868929750117,0.30822455883026123
TierB_synth_mild,0.0830398201942443,0.0424328147100424,0.3069525361061096
TierB_synth_mild,0.0433216094970703,0.0056577086280056,0.32564300298690796
TierB_synth_mild,0.0266918540000915,0.0028288543140028,0.3342583179473877
TierB_synth_mild,0.0256909728050231,0.0033003300330033,0.32373446226119995
TierB_synth_mild,0.0425750613212585,0.0094295143800094,0.31502974033355713
TierB_synth_mild,0.0079296827316284,0.0042432814710042,0.3237161636352539
TierB_synth_mild,0.0411485433578491,0.0924092409240924,0.3181014060974121
TierB_synth_severe,0.1047654747962951,0.4177274870344177,0.28339529037475586
TierB_synth_severe,0.0763368010520935,0.2786421499292786,0.29299426078796387
TierB_synth_severe,0.1138624548912048,0.5007072135785007,0.2700921893119812
TierB_synth_severe,0.1958770155906677,0.7425742574257426,0.22477537393569946
TierB_synth_mild,0.0428566932678222,0.0886374351720886,0.2981058359146118
TierB_synth_severe,0.0849379301071167,0.3121169259783121,0.2634426951408386
TierB_synth_severe,0.1091506481170654,0.4167845355964168,0.23974847793579102
TierB_synth_mild,0.0425747632980346,0.1466289486091466,0.3410137891769409
TierB_synth_severe,0.1061490178108215,0.4592173503064592,0.3401622772216797
TierB_synth_severe,0.1866324543952942,0.7166430928807166,0.348239541053772
TierB_synth_mild,0.1049048900604248,0.1885902876001886,0.27221232652664185
TierB_synth_severe,0.1880496144294738,0.4974068835454974,0.23046636581420898
TierB_synth_severe,0.2065792679786682,0.6308345120226309,0.20479804277420044
TierB_synth_mild,0.0378925204277038,0.0132013201320132,0.33430206775665283
TierB_synth_mild,0.0097190737724304,0.0018859028760018,0.3389148712158203
TierB_synth_mild,0.0046434998512268,0.0014144271570014,0.32741034030914307
TierB_synth_mild,0.0112667083740234,0.0023573785950024,0.3217558264732361
TierB_synth_mild,0.0576339960098266,0.1541725601131541,0.3389989733695984
TierB_synth_severe,0.1820291876792907,0.6515794436586516,0.2558513283729553
TierB_synth_severe,0.2791615724563598,0.7793493635077794,0.1969008445739746
TierB_synth_mild,0.0318319797515869,0.0113154172560113,0.3178213834762573
TierB_synth_mild,0.152688980102539,0.0947666195190948,0.26691025495529175
TierB_synth_severe,0.2513630986213684,0.3465346534653465,0.21575969457626343
TierB_synth_mild,0.2132901549339294,0.1697312588401697,0.22345077991485596
TierB_synth_mild,0.0108969211578369,0.0075436115040075,0.3245277404785156
TierB_synth_mild,0.2177256345748901,0.1711456859971711,0.22022658586502075
TierB_synth_mild,0.0015155673027038,0.0028288543140028,0.3338383436203003
TierB_synth_severe,0.324023425579071,0.8415841584158417,0.2795039415359497
TierB_synth_severe,0.4621759057044983,0.9236209335219236,0.21523481607437134
TierB_synth_severe,0.4679521322250366,0.9792550683639792,0.14639228582382202
TierB_synth_severe,0.1108912825584411,0.438000942951438,0.3833760619163513
TierB_synth_severe,0.4184261560440063,0.8745874587458746,0.2587467432022095
TierB_synth_severe,0.5432339310646057,0.9335219236209336,0.17107617855072021
TierB_synth_severe,0.167640745639801,0.33003300330033,0.3254460096359253
TierB_synth_severe,0.2818664908409118,0.719000471475719,0.3020325303077698
TierB_synth_severe,0.3515092134475708,0.8330975954738331,0.20594006776809692
TierB_synth_severe,0.2027941346168518,0.4021687883074022,0.2547023892402649
TierB_synth_severe,0.3403846025466919,0.8467703913248468,0.1884063482284546
TierB_synth_severe,0.3097540736198425,0.9146628948609148,0.22732508182525635
TierB_synth_mild,0.1250917911529541,0.125,0.2997269630432129
TierB_synth_severe,0.3366516232490539,0.4818181818181818,0.2589993476867676
TierB_synth_severe,0.4345486760139465,0.6636363636363636,0.22299712896347046
TierB_synth_severe,0.5147968530654907,0.7295454545454545,0.18970876932144165
TierB_synth_severe,0.5824009776115417,0.7727272727272727,0.15793359279632568
TierB_synth_severe,0.6353649497032166,0.7818181818181817,0.12912780046463013
TierB_synth_mild,0.0939931869506836,0.0863636363636363,0.2912588119506836
TierB_synth_severe,0.1523830294609069,0.2340909090909091,0.28787797689437866
TierB_synth_severe,0.1906152367591858,0.4363636363636364,0.2957330346107483
TierB_synth_severe,0.2820678353309631,0.6045454545454545,0.2844613194465637
TierB_synth_severe,0.4066376686096191,0.7454545454545455,0.26032596826553345
TierB_synth_mild,0.0178421139717102,0.0181818181818181,0.2752453684806824
TierB_synth_mild,0.0403815507888793,0.1045454545454545,0.27533620595932007
TierB_synth_severe,0.0823131799697876,0.2204545454545454,0.28141266107559204
TierB_synth_mild,0.0486904382705688,0.0136363636363636,0.27991652488708496
TierB_synth_mild,0.0249425172805786,0.0068181818181818,0.27676594257354736
TierB_synth_mild,0.0108120441436767,0.0181818181818181,0.262942910194397
TierB_synth_mild,0.0296695232391357,0.0409090909090908,0.2579382061958313
TierB_synth_mild,0.1915306448936462,0.1659090909090909,0.22620898485183716
TierB_synth_mild,0.1279038190841674,0.0386363636363635,0.2478858232498169
TierB_synth_mild,0.1076139211654663,0.0181818181818181,0.25660520792007446
TierB_synth_mild,0.0867263078689575,0.0159090909090908,0.26187247037887573
TierB_synth_mild,0.0659905672073364,0.0,0.26752305030822754
TierB_synth_mild,0.0610057115554809,0.05,0.2693347930908203
TierB_synth_mild,0.0324177742004394,0.0227272727272727,0.2717607617378235
TierB_synth_mild,0.0204241275787353,0.0227272727272727,0.2659955620765686
TierB_synth_mild,0.0372306108474731,0.034090909090909,0.2648054361343384
TierB_synth_mild,0.0836133956909179,0.0545454545454545,0.2573006749153137
TierB_synth_mild,0.0459388494491577,0.0295454545454545,0.2660229802131653
TierB_synth_mild,0.0720930695533752,0.0568181818181817,0.27186673879623413
TierB_synth_mild,0.1316756606101989,0.1113636363636363,0.26581984758377075
TierB_synth_mild,0.0382815599441528,0.0318181818181818,0.27477002143859863
TierB_synth_mild,0.0188949108123779,0.0113636363636363,0.27464693784713745
TierB_synth_mild,0.0171475410461425,0.0113636363636363,0.25962185859680176
TierB_synth_mild,0.0352599024772644,0.0113636363636363,0.2552410960197449
TierB_synth_mild,0.0025350451469421,0.0,0.26681089401245117
TierB_synth_mild,0.0221438407897949,0.0227272727272727,0.26217472553253174
TierB_synth_mild,0.0609540939331054,0.0431818181818182,0.25968772172927856
TierB_synth_mild,0.0557735562324523,0.0568181818181817,0.2624954581260681
TierB_synth_mild,0.088309645652771,0.1181818181818181,0.2585318684577942
TierB_synth_severe,0.1426730155944824,0.2613636363636363,0.24619346857070923
TierB_synth_mild,0.062002956867218,0.0659090909090909,0.240528404712677
TierB_synth_mild,0.1395173072814941,0.1477272727272727,0.22160613536834717
TierB_synth_severe,0.1612166762351989,0.2090909090909091,0.21704179048538208
TierB_synth_mild,0.0647283792495727,0.1136363636363636,0.267622709274292
TierB_synth_severe,0.165669560432434,0.3295454545454546,0.2558414936065674
TierB_synth_severe,0.2508215308189392,0.5909090909090908,0.245192289352417
TierB_synth_mild,0.1593155264854431,0.1704545454545454,0.2408679723739624
TierB_synth_severe,0.2754594683647156,0.3522727272727273,0.18829023838043213
TierB_synth_severe,0.3516234159469604,0.5795454545454546,0.14484411478042603
TierB_synth_mild,0.0828850269317627,0.009090909090909,0.2822076082229614
TierB_synth_mild,0.0293847918510437,0.0022727272727273,0.27756524085998535
TierB_synth_mild,0.010776400566101,0.0068181818181818,0.25842511653900146
TierB_synth_mild,0.0293494462966918,0.0204545454545455,0.24957728385925293
TierB_synth_mild,0.1418167352676391,0.1386363636363636,0.24756526947021484
TierB_synth_severe,0.2722980976104736,0.4522727272727272,0.2088630199432373
TierB_synth_severe,0.3922283053398132,0.5977272727272727,0.18543988466262817
TierB_synth_mild,0.0097475051879882,0.0045454545454545,0.2670804262161255
TierB_synth_mild,0.07266765832901,0.025,0.2503591775894165
TierB_synth_mild,0.2135757207870483,0.1545454545454545,0.20639252662658691
TierB_synth_severe,0.2388319373130798,0.25,0.1775907278060913
TierB_synth_mild,0.0347288846969604,0.1181818181818181,0.28245431184768677
TierB_synth_severe,0.2440296411514282,0.2318181818181818,0.17980098724365234
TierB_synth_mild,0.0010678768157958,0.0068181818181818,0.2723909020423889
TierB_synth_severe,0.2476264834403991,0.484090909090909,0.28931647539138794
TierB_synth_severe,0.572635293006897,0.8863636363636364,0.1455693244934082
TierB_synth_severe,0.5055882334709167,0.8545454545454545,0.15517640113830566
TierB_synth_mild,0.1221318840980529,0.1568181818181818,0.30281883478164673
TierB_synth_severe,0.35545414686203,0.6113636363636363,0.26393115520477295
TierB_synth_severe,0.5424712300300598,0.7840909090909091,0.19341552257537842
TierB_synth_severe,0.231369137763977,0.2295454545454545,0.23289495706558228
TierB_synth_severe,0.3194720149040222,0.4295454545454545,0.1907672882080078
TierB_synth_severe,0.3991677165031433,0.6409090909090909,0.1581888198852539
TierB_synth_severe,0.2400683760643005,0.2340909090909091,0.2257484793663025
TierB_synth_severe,0.36676687002182,0.5045454545454545,0.17422670125961304
TierB_synth_severe,0.3956862092018127,0.7318181818181818,0.16592395305633545
TierB_synth_severe,0.0881029367446899,0.5260389268805892,0.6726164817810059
TierB_synth_severe,0.2180357575416565,0.760652288269332,0.48483937978744507
TierB_synth_severe,0.3251237869262695,0.8232509205681221,0.35390472412109375
TierB_synth_severe,0.3568024039268493,0.8527091004734351,0.29245543479919434
TierB_synth_severe,0.3798210024833679,0.9084692267227776,0.2843475341796875
TierB_synth_severe,0.3925894498825073,0.9289847448711204,0.25013452768325806
TierB_synth_severe,0.0659118294715881,0.3971593897948449,0.6733621954917908
TierB_synth_severe,0.1171650290489196,0.6722777485533931,0.6606358885765076
TierB_synth_severe,0.1853356957435608,0.7832719621251973,0.597514271736145
TierB_synth_severe,0.219752550125122,0.8043135192004209,0.5369724631309509
TierB_synth_severe,0.2836644649505615,0.873224618621778,0.45153480768203735
TierB_synth_mild,0.0131064057350158,0.006312467122567,0.6990829110145569
TierB_synth_mild,0.0205598473548889,0.0468174644923724,0.7041846513748169
TierB_synth_mild,0.0316165089607238,0.1299316149395055,0.7119631767272949
TierB_synth_mild,0.0082291364669799,0.0021041557075224,0.6818122863769531
TierB_synth_mild,0.0021376609802246,0.0,0.6729316711425781
TierB_synth_mild,0.0025243163108825,0.0010520778537612,0.6786804795265198
TierB_synth_mild,0.0032880902290344,0.0036822724881642,0.6707406044006348
TierB_synth_severe,0.0854703187942504,0.374013677012099,0.6259382367134094
TierB_synth_mild,0.0572526454925537,0.1404523934771173,0.6434338092803955
TierB_synth_mild,0.048880398273468,0.0773277222514466,0.6450361013412476
TierB_synth_mild,0.0383736491203308,0.0278800631246712,0.639684796333313
TierB_synth_mild,0.0285138487815856,0.0131509731720147,0.6500561237335205
TierB_synth_mild,0.0169792175292968,0.038400841662283,0.6571376323699951
TierB_synth_mild,0.0090129375457763,0.0136770120988953,0.6711882948875427
TierB_synth_mild,0.0138842463493347,0.0147290899526565,0.6462149620056152
TierB_synth_mild,0.0269386768341064,0.0515518148342978,0.627131462097168
TierB_synth_mild,0.0601053833961486,0.1799053129931614,0.5755636692047119
TierB_synth_mild,0.0337238907814025,0.0631246712256707,0.6057939529418945
TierB_synth_mild,0.0319191813468933,0.020515518148343,0.6717553734779358
TierB_synth_mild,0.065451443195343,0.0815360336664913,0.6321834921836853
TierB_synth_mild,0.0225787758827209,0.0178853235139401,0.6750890016555786
TierB_synth_mild,0.0093647241592407,0.0078905839032088,0.6852205991744995
TierB_synth_mild,0.0135444402694702,0.0157811678064176,0.652452826499939
TierB_synth_mild,0.0288700461387634,0.0668069437138348,0.6361110210418701
TierB_synth_mild,0.0057963132858276,0.0036822724881642,0.6493863463401794
TierB_synth_mild,0.0170113444328308,0.0336664913203577,0.5956107378005981
TierB_synth_severe,0.0506187081336975,0.2882693319305629,0.5204429030418396
TierB_synth_mild,0.0380480289459228,0.167806417674908,0.5527685284614563
TierB_synth_severe,0.0597818493843078,0.4061020515518149,0.5033524632453918
TierB_synth_severe,0.1061452627182006,0.62493424513414,0.44758111238479614
TierB_synth_mild,0.0213822126388549,0.0236717517096265,0.6598676443099976
TierB_synth_mild,0.0375387072563171,0.1246712256706996,0.5942039489746094
TierB_synth_severe,0.056124210357666,0.2193582325092057,0.5496348142623901
TierB_synth_mild,0.0290896892547607,0.1104681746449237,0.6844332218170166
TierB_synth_severe,0.0875507593154907,0.5244608100999475,0.6493779420852661
TierB_synth_severe,0.1554394960403442,0.7864281956864808,0.6068214178085327
TierB_synth_severe,0.1098882555961608,0.2977380326144134,0.6394339799880981
TierB_synth_severe,0.2162163257598877,0.658074697527617,0.5383808612823486
TierB_synth_severe,0.2711907625198364,0.784850078905839,0.4118434190750122
TierB_synth_mild,0.0202075242996215,0.0226196738558653,0.6845381259918213
TierB_synth_mild,0.0041345357894897,0.0,0.6754040718078613
TierB_synth_mild,0.0029401779174804,0.0021041557075224,0.6690016388893127
TierB_synth_mild,0.0054861903190612,0.00894266175697,0.6729512214660645
TierB_synth_severe,0.0737028121948242,0.3782219884271436,0.5564786791801453
TierB_synth_severe,0.1437134742736816,0.6259863229879011,0.4910842180252075
TierB_synth_severe,0.2870123982429504,0.950026301946344,0.321325421333313
TierB_synth_mild,0.0864778757095336,0.0257759074171488,0.6570686101913452
TierB_synth_mild,0.1828270554542541,0.1709626512361914,0.5628907680511475
TierB_synth_severe,0.2555938363075256,0.3792740662809049,0.4915136694908142
TierB_synth_severe,0.2042761445045471,0.4150447133087849,0.47937703132629395
TierB_synth_mild,0.0262157320976257,0.1041557075223567,0.6653860807418823
TierB_synth_severe,0.2060151696205139,0.4566017885323514,0.4709690809249878
TierB_synth_mild,0.002054750919342,0.0,0.6746525764465332
TierB_synth_severe,0.2233253717422485,0.828511309836928,0.4845907688140869
TierB_synth_severe,0.3629811406135559,0.9137296159915834,0.2648298740386963
TierB_synth_severe,0.4189268350601196,0.9721199368753288,0.18254292011260986
TierB_synth_severe,0.097675085067749,0.5433982114676487,0.651947557926178
TierB_synth_severe,0.2888823747634887,0.8558653340347187,0.40920478105545044
TierB_synth_severe,0.3785988688468933,0.9163598106259864,0.2714821696281433
TierB_synth_severe,0.0874226093292236,0.3698053655970542,0.5861906409263611
TierB_synth_severe,0.1645433902740478,0.7148869016307207,0.4930186867713928
TierB_synth_severe,0.2743400335311889,0.8795370857443451,0.3811853528022766
TierB_synth_severe,0.1265519261360168,0.3955812730142031,0.5914877653121948
TierB_synth_severe,0.2690712809562683,0.8158863755917938,0.4301367998123169
TierB_synth_severe,0.2850777506828308,0.8890057864281957,0.4632852077484131
TierB_synth_severe,0.0983526110649108,0.6077498300475868,0.5211334228515625
TierB_synth_severe,0.284155786037445,0.8300475866757309,0.35409635305404663
TierB_synth_severe,0.3771818876266479,0.8925900747790618,0.22732198238372803
TierB_synth_severe,0.385208785533905,0.9357579877634262,0.23214757442474365
TierB_synth_severe,0.3754165768623352,0.9296397008837526,0.2394418716430664
TierB_synth_severe,0.3965914249420166,0.9394969408565602,0.21645283699035645
TierB_synth_severe,0.0687292218208313,0.5278721957851802,0.5444940328598022
TierB_synth_severe,0.1387335062026977,0.7729435757987764,0.4960237145423889
TierB_synth_severe,0.1891121864318847,0.840244731475187,0.4424574375152588
TierB_synth_severe,0.2554361224174499,0.880693405846363,0.397186815738678
TierB_synth_severe,0.3265376687049866,0.934398368456832,0.31970739364624023
TierB_synth_mild,0.0116918087005615,0.0295717199184228,0.6132431030273438
TierB_synth_mild,0.0209234952926635,0.1254248810333107,0.6452887058258057
TierB_synth_severe,0.0329751968383789,0.221617946974847,0.6427466869354248
TierB_synth_mild,0.0155187249183654,0.0081577158395649,0.6123590469360352
TierB_synth_mild,0.0049698948860168,-0.0020394289598911,0.6115148663520813
TierB_synth_mild,0.0030251741409301,-0.0054384772263765,0.611346423625946
TierB_synth_mild,0.0047377943992614,-0.000679809653297,0.6054226160049438
TierB_synth_severe,0.1350785493850708,0.6040108769544528,0.45788711309432983
TierB_synth_severe,0.0874738097190857,0.2980965329707682,0.5093152523040771
TierB_synth_mild,0.0666519999504089,0.1682528891910265,0.5469532012939453
TierB_synth_mild,0.0443852543830871,0.0757987763426241,0.566533625125885
TierB_synth_mild,0.0327844023704528,0.0360299116247451,0.5832147598266602
TierB_synth_mild,0.0273211002349853,0.01393609789259,0.644270122051239
TierB_synth_mild,0.0145384669303894,0.0016995241332427,0.6313222050666809
TierB_synth_mild,0.0094607472419738,0.0064581917063222,0.5919210910797119
TierB_synth_mild,0.0161457061767578,0.0166553365057784,0.5734771490097046
TierB_synth_mild,0.0480856895446777,0.1165873555404486,0.578763484954834
TierB_synth_mild,0.0216440558433532,0.0373895309313392,0.5949191451072693
TierB_synth_mild,0.0353054404258728,0.0152957171991842,0.5842223167419434
TierB_synth_mild,0.0634164810180664,0.0547246770904147,0.5793803930282593
TierB_synth_mild,0.0213291049003601,0.0149558123725357,0.5730907917022705
TierB_synth_mild,0.0113245248794555,0.0020394289598912,0.5950288772583008
TierB_synth_mild,0.0128102302551269,0.0040788579197824,0.6181522607803345
TierB_synth_mild,0.0243238806724548,0.0234534330387491,0.6146767139434814
TierB_synth_mild,0.0049240589141845,0.0030591434398368,0.5733249187469482
TierB_synth_mild,0.0315884947776794,0.1410605030591434,0.5036157369613647
TierB_synth_severe,0.1066179871559143,0.5003399048266486,0.39340585470199585
TierB_synth_severe,0.0821945071220398,0.3898708361658736,0.4174611568450928
TierB_synth_severe,0.1432099342346191,0.637661454792658,0.3409305214881897
TierB_synth_severe,0.2341372966766357,0.7977566281441196,0.25107890367507935
TierB_synth_severe,0.0490079522132873,0.2100611828687967,0.5819056034088135
TierB_synth_severe,0.126274824142456,0.5723997280761387,0.476870059967041
TierB_synth_severe,0.1965603828430175,0.6964649898028552,0.37118375301361084
TierB_synth_severe,0.041852056980133,0.3093133922501699,0.5787152051925659
TierB_synth_severe,0.1543976664543151,0.729775662814412,0.4964415431022644
TierB_synth_severe,0.2384446263313293,0.8667573079537729,0.4191776514053345
TierB_synth_severe,0.1774189472198486,0.5115567641060503,0.494867742061615
TierB_synth_severe,0.3009271621704101,0.7141400407885792,0.38806408643722534
TierB_synth_severe,0.346631646156311,0.7675050985723997,0.3029274344444275
TierB_synth_mild,0.0337932109832763,0.1549966009517335,0.5554373860359192
TierB_synth_mild,0.0061918497085571,0.0115567641060503,0.5833901166915894
TierB_synth_mild,0.0033340454101562,-0.0013596193065941,0.6282507181167603
TierB_synth_mild,0.0084529519081115,0.0030591434398368,0.6371932625770569
TierB_synth_severe,0.0722629427909851,0.579537729435758,0.46054530143737793
TierB_synth_severe,0.1547718048095703,0.83718558803535,0.33330726623535156
TierB_synth_severe,0.2995220422744751,0.9075458871515976,0.20078003406524658
TierB_synth_mild,0.1568416953086853,0.13256288239293,0.5660037994384766
TierB_synth_severe,0.2802432775497436,0.3742352141400408,0.45618921518325806
TierB_synth_severe,0.353766918182373,0.5727396329027872,0.37349486351013184
TierB_synth_severe,0.2187838554382324,0.4714479945615227,0.4190105199813843
TierB_synth_mild,0.0101639628410339,0.129503738953093,0.6186374425888062
TierB_synth_severe,0.2335045337677002,0.491162474507138,0.4247189164161682
TierB_synth_mild,0.0019165873527526,-0.004418762746431,0.6097748279571533
TierB_synth_severe,0.2492242455482483,0.8708361658735554,0.3645939230918884
TierB_synth_severe,0.3854689598083496,0.9415363698164514,0.22867107391357422
TierB_synth_severe,0.4677866697311401,0.9445955132562882,0.09858548641204834
TierB_synth_severe,0.1074395775794982,0.628144119646499,0.5188587307929993
TierB_synth_severe,0.3516345620155334,0.880693405846363,0.27298063039779663
TierB_synth_severe,0.388740599155426,0.930659415363698,0.22500920295715332
TierB_synth_severe,0.1110129356384277,0.5064581917063222,0.4374605417251587
TierB_synth_severe,0.2456312775611877,0.80931339225017,0.2855236530303955
TierB_synth_severe,0.2211939692497253,0.880013596193066,0.2790718078613281
TierB_synth_severe,0.1874392628669738,0.6216859279401767,0.4952619671821594
TierB_synth_severe,0.3551180958747864,0.8528212100611828,0.35097551345825195
TierB_synth_severe,0.2839290499687195,0.8793337865397689,0.4483930468559265
TierB_synth_severe,0.114353060722351,0.5247524752475248,0.6799606084823608
TierB_synth_severe,0.294359028339386,0.8019801980198019,0.4734615087509155
TierB_synth_severe,0.3728583455085754,0.8373408769448373,0.31876689195632935
TierB_synth_severe,0.3714486956596374,0.8835454974068835,0.33892232179641724
TierB_synth_severe,0.3821158409118652,0.9504950495049505,0.28900331258773804
TierB_synth_severe,0.4119707345962524,0.9608675153229608,0.2226647138595581
TierB_synth_severe,0.0737091898918151,0.3333333333333332,0.6883136034011841
TierB_synth_severe,0.1275895833969116,0.694012258368694,0.6520377993583679
TierB_synth_severe,0.1861425042152404,0.7661480433757661,0.6160025000572205
TierB_synth_severe,0.2508621215820312,0.8137670909948137,0.5579073429107666
TierB_synth_severe,0.3187982439994812,0.8877887788778878,0.4415740966796875
TierB_synth_mild,0.017390489578247,0.006129184347006,0.6824572682380676
TierB_synth_mild,0.0354536175727844,0.0471475719000471,0.7044223546981812
TierB_synth_mild,0.0575131177902221,0.1334276284771334,0.714805006980896
TierB_synth_mild,0.0050062537193298,-0.0009429514380009,0.6206259727478027
TierB_synth_mild,0.0015535354614257,-0.0009429514380009,0.62811279296875
TierB_synth_mild,0.0011724829673767,-0.0018859028760018,0.6236009001731873
TierB_synth_mild,0.0019415020942687,-0.0023573785950024,0.6256558895111084
TierB_synth_severe,0.1399753093719482,0.4823196605374823,0.6716372966766357
TierB_synth_mild,0.1096569895744323,0.1843470061291843,0.6656129360198975
TierB_synth_mild,0.0886115431785583,0.0999528524280999,0.6718176603317261
TierB_synth_mild,0.0652949213981628,0.0358321546440357,0.6589937210083008
TierB_synth_mild,0.0387620329856872,0.008015087223008,0.6572432518005371
TierB_synth_mild,0.0221240520477294,0.0028288543140028,0.6117763519287109
TierB_synth_mild,0.0139297842979431,-0.0004714757190005,0.6124833226203918
TierB_synth_mild,0.0128687024116516,0.0028288543140028,0.6207517385482788
TierB_synth_mild,0.0219975113868713,0.0103724658180103,0.6175845265388489
TierB_synth_mild,0.0560028553009033,0.0146157472890146,0.6106550693511963
TierB_synth_mild,0.027660846710205,0.0051862329090051,0.6232107281684875
TierB_synth_mild,0.0418277978897094,0.0028288543140028,0.6335620284080505
TierB_synth_mild,0.0705695748329162,0.0198019801980198,0.6276057958602905
TierB_synth_mild,0.0400072932243347,0.0051862329090051,0.6483588814735413
TierB_synth_mild,0.0212713479995727,0.0014144271570013,0.6528638601303101
TierB_synth_mild,0.0080183744430542,0.0004714757190004,0.6190601587295532
TierB_synth_mild,0.0236778259277343,0.006129184347006,0.6305618286132812
TierB_synth_mild,0.0079320073127746,0.0033003300330032,0.6220298409461975
TierB_synth_mild,0.0314283370971679,0.0386610089580385,0.6185628175735474
TierB_synth_severe,0.0814319849014282,0.3182461103253182,0.5697777271270752
TierB_synth_severe,0.0701308846473693,0.2413955681282413,0.5846141576766968
TierB_synth_severe,0.1024829745292663,0.4403583215464403,0.5497688055038452
TierB_synth_severe,0.1736040115356445,0.7416313059877415,0.45538467168807983
TierB_synth_mild,0.0137689709663391,0.0259311645450258,0.5982075929641724
TierB_synth_mild,0.0369002819061279,0.0924092409240924,0.5803006887435913
TierB_synth_mild,0.054346740245819,0.1687883074021687,0.5454630851745605
TierB_synth_mild,0.0296995043754577,0.1254125412541253,0.6586780548095703
TierB_synth_severe,0.0971889495849609,0.5492692126355492,0.6260056495666504
TierB_synth_severe,0.1977900862693786,0.7322017916077321,0.5634491443634033
TierB_synth_severe,0.1353412866592407,0.4148986327204148,0.5978871583938599
TierB_synth_severe,0.2435837984085083,0.8132956152758133,0.48604822158813477
TierB_synth_severe,0.2635588645935058,0.8151815181518152,0.4281632900238037
TierB_synth_mild,0.018725037574768,0.0084865629420084,0.6231592297554016
TierB_synth_mild,0.0048954486846923,-0.0009429514380009,0.6294409036636353
TierB_synth_mild,0.0020726323127746,-0.0018859028760018,0.6215002536773682
TierB_synth_mild,0.0062222480773925,-0.0018859028760018,0.6257181763648987
TierB_synth_severe,0.0835314393043518,0.363036303630363,0.5658210515975952
TierB_synth_severe,0.2188149690628051,0.6949552098066949,0.44299161434173584
TierB_synth_severe,0.3569624423980713,0.8774163130598773,0.306143581867218
TierB_synth_mild,0.0406883955001831,0.0278170674210277,0.6369866132736206
TierB_synth_mild,0.1187577247619628,0.1056105610561055,0.5873006582260132
TierB_synth_severe,0.2035952806472778,0.2560113154172559,0.5294619798660278
TierB_synth_severe,0.1941893100738525,0.2027345591702026,0.5111782550811768
TierB_synth_mild,0.0109878182411193,0.0188590287600188,0.6205359697341919
TierB_synth_severe,0.1905609965324401,0.2305516265912305,0.5104170441627502
TierB_synth_mild,0.0023220181465148,0.0014144271570013,0.6344780325889587
TierB_synth_severe,0.2961652874946594,0.8533710513908533,0.44438642263412476
TierB_synth_severe,0.421069324016571,0.9236209335219236,0.23225069046020508
TierB_synth_severe,0.4743276834487915,0.9585101367279584,0.15657246112823486
TierB_synth_severe,0.105050504207611,0.5068363979255068,0.6796225309371948
TierB_synth_severe,0.3376117944717407,0.8698727015558698,0.3879811763763428
TierB_synth_severe,0.3903558850288391,0.9669966996699668,0.2891121506690979
TierB_synth_severe,0.1097387671470642,0.313059877416313,0.6246609687805176
TierB_synth_severe,0.2703173756599426,0.7223008015087222,0.4674987196922302
TierB_synth_severe,0.3675709366798401,0.8363979255068363,0.3531467914581299
TierB_synth_severe,0.1573253870010376,0.6204620462046204,0.5939987301826477
TierB_synth_severe,0.3038455843925476,0.8939179632248939,0.45861440896987915
TierB_synth_severe,0.3157641887664795,0.8694012258368694,0.48262643814086914
TierB_synth_mild,0.0987400412559509,0.1477272727272727,0.6125448942184448
TierB_synth_severe,0.2449569106101989,0.475,0.521712064743042
TierB_synth_severe,0.3258275389671325,0.6272727272727272,0.41899746656417847
TierB_synth_severe,0.3812564015388489,0.6954545454545454,0.3374597430229187
TierB_synth_severe,0.4356263875961303,0.709090909090909,0.26446235179901123
TierB_synth_severe,0.4713632464408874,0.8045454545454545,0.20330005884170532
TierB_synth_mild,0.0700350999832153,0.1159090909090908,0.5972239375114441
TierB_synth_severe,0.1302024126052856,0.3477272727272726,0.5770097970962524
TierB_synth_severe,0.1771658658981323,0.4999999999999999,0.5780565738677979
TierB_synth_severe,0.2317085862159729,0.5931818181818181,0.555523157119751
TierB_synth_severe,0.3201022744178772,0.6727272727272726,0.4677448272705078
TierB_synth_mild,0.0194182395935058,0.0272727272727272,0.6147949695587158
TierB_synth_mild,0.0551623702049255,0.1068181818181818,0.6327346563339233
TierB_synth_mild,0.0955429673194885,0.1954545454545454,0.6364510655403137
TierB_synth_mild,0.012406587600708,0.0136363636363635,0.6053064465522766
TierB_synth_mild,0.0050496459007263,0.0068181818181818,0.5991724729537964
TierB_synth_mild,0.002084732055664,0.0022727272727272,0.574316143989563
TierB_synth_mild,0.0062770247459411,0.009090909090909,0.5743060111999512
TierB_synth_severe,0.1321919560432434,0.2409090909090908,0.5876677632331848
TierB_synth_mild,0.0912485122680664,0.1113636363636363,0.5790278911590576
TierB_synth_mild,0.0730896592140197,0.0613636363636362,0.5782760977745056
TierB_synth_mild,0.0552783608436584,0.0386363636363635,0.581124484539032
TierB_synth_mild,0.0387698411941528,0.0159090909090908,0.5861939191818237
TierB_synth_mild,0.0250616073608398,0.0477272727272727,0.5898798704147339
TierB_synth_mild,0.0126469731330871,0.0295454545454545,0.5891937017440796
TierB_synth_mild,0.013258159160614,0.0113636363636363,0.577609658241272
TierB_synth_mild,0.0256667733192443,0.034090909090909,0.5738843083381653
TierB_synth_mild,0.0639384984970092,0.0659090909090909,0.5816394090652466
TierB_synth_mild,0.0304591655731201,0.034090909090909,0.5832910537719727
TierB_synth_mild,0.0345510840415954,0.0363636363636363,0.577972412109375
TierB_synth_mild,0.081246793270111,0.0659090909090909,0.5636321902275085
TierB_synth_mild,0.0204520225524902,0.0227272727272727,0.5836502313613892
TierB_synth_mild,0.0072391629219055,0.0113636363636363,0.5816891193389893
TierB_synth_mild,0.0098369717597961,0.0136363636363635,0.5783989429473877
TierB_synth_mild,0.025592029094696,0.0204545454545453,0.5737689733505249
TierB_synth_mild,0.0016931295394897,0.0045454545454545,0.5679917335510254
TierB_synth_mild,0.0187562108039855,0.0113636363636363,0.5488687753677368
TierB_synth_mild,0.0736255049705505,0.1431818181818182,0.5178618431091309
TierB_synth_mild,0.0679634809494018,0.1363636363636363,0.5185447931289673
TierB_synth_severe,0.1034073233604431,0.2681818181818182,0.49336910247802734
TierB_synth_severe,0.1263461112976074,0.484090909090909,0.468494176864624
TierB_synth_mild,0.0120874047279357,0.0136363636363635,0.5556796789169312
TierB_synth_mild,0.0433408021926879,0.0499999999999999,0.5273928642272949
TierB_synth_mild,0.0656899809837341,0.1045454545454545,0.5006270408630371
TierB_synth_mild,0.0403724312782287,0.0909090909090908,0.5630348920822144
TierB_synth_severe,0.1392038464546203,0.4045454545454545,0.533912181854248
TierB_synth_severe,0.2212943434715271,0.584090909090909,0.49104392528533936
TierB_synth_severe,0.1723413467407226,0.2295454545454545,0.5211589932441711
TierB_synth_severe,0.2784030437469482,0.3909090909090909,0.4461020231246948
TierB_synth_severe,0.3513994812965393,0.6045454545454545,0.3596723675727844
TierB_synth_mild,0.0282593965530395,0.0045454545454545,0.6032395362854004
TierB_synth_mild,0.0087650418281555,0.0068181818181818,0.5943791270256042
TierB_synth_mild,0.0012688636779785,0.0,0.5757827758789062
TierB_synth_mild,0.0034797191619873,0.0068181818181818,0.5761803388595581
TierB_synth_severe,0.1673979759216308,0.3704545454545453,0.46895354986190796
TierB_synth_severe,0.3082918524742126,0.7272727272727273,0.3594624400138855
TierB_synth_severe,0.4146032929420471,0.7840909090909091,0.2784692049026489
TierB_synth_mild,0.01249760389328,-0.0045454545454546,0.5854328870773315
TierB_synth_mild,0.071110725402832,0.0409090909090908,0.5872114300727844
TierB_synth_mild,0.1699435114860534,0.0749999999999999,0.5548481941223145
TierB_synth_severe,0.2263976335525512,0.2386363636363636,0.4596649408340454
TierB_synth_mild,0.0302411317825317,0.1295454545454545,0.5855668783187866
TierB_synth_severe,0.2280918955802917,0.2272727272727271,0.45788103342056274
TierB_synth_mild,0.0008125305175781,0.0045454545454545,0.5749991536140442
TierB_synth_severe,0.2141451239585876,0.4886363636363636,0.5315545797348022
TierB_synth_severe,0.4578868150711059,0.8613636363636363,0.19265812635421753
TierB_synth_severe,0.4928680062294006,0.8795454545454545,0.15453916788101196
TierB_synth_mild,0.0876849293708801,0.159090909090909,0.6191673278808594
TierB_synth_severe,0.2598093152046203,0.5295454545454545,0.5027076005935669
TierB_synth_severe,0.4374251961708069,0.7681818181818181,0.2860180735588074
TierB_synth_severe,0.1568608880043029,0.3249999999999999,0.5037696361541748
TierB_synth_severe,0.2388128638267517,0.5772727272727272,0.46031641960144043
TierB_synth_severe,0.4391990900039673,0.7954545454545454,0.2581234574317932
TierB_synth_severe,0.2073280215263366,0.2863636363636364,0.518545389175415
TierB_synth_severe,0.315960943698883,0.5363636363636364,0.4286167621612549
TierB_synth_severe,0.3590002655982971,0.6886363636363636,0.3998602032661438
TierD_xmag_x10x20,0.050826072692871,0.466153846153846,0.5101165771484375
TierD_xmag_x10x50,0.0990632176399231,0.7865384615384614,0.45226871967315674
TierD_xmag_x10x20,0.0505223274230957,0.5223076923076923,0.4639431834220886
TierD_xmag_x20x50,0.1109184622764587,0.8419230769230769,0.4623178243637085
TierD_xmag_x10x50,0.1122002601623535,0.7792307692307694,0.46933603286743164
TierD_xmag_x20x50,0.1144505143165588,0.8211538461538463,0.5092979073524475
TierD_xmag_x10x20,0.0796111822128295,0.3992307692307694,0.5818823575973511
TierD_xmag_x10x50,0.1102608442306518,0.8434615384615387,0.5588921308517456
TierD_xmag_x10x20,0.0773866176605224,0.5311538461538462,0.5917271375656128
TierD_xmag_x20x50,0.1507306694984436,0.8546153846153846,0.5618993043899536
TierD_xmag_x10x50,0.1263250708580017,0.767692307692308,0.5979759097099304
TierD_xmag_x20x50,0.1579651832580566,0.8565384615384618,0.5854146480560303
TierD_xmag_x10x20,0.0684557557106018,0.3242307692307694,0.5580834150314331
TierD_xmag_x10x50,0.1069132089614868,0.765769230769231,0.4882047176361084
TierD_xmag_x10x20,0.0715453624725341,0.3788461538461538,0.5739912986755371
TierD_xmag_x20x50,0.1259021759033203,0.768846153846154,0.48938798904418945
TierD_xmag_x10x50,0.1012862920761108,0.6715384615384616,0.5632904767990112
TierD_xmag_x20x50,0.1249251365661621,0.7953846153846155,0.5586878061294556
TierD_xmag_x10x20,0.0799711942672729,0.4038461538461539,0.6136161088943481
TierD_xmag_x10x50,0.1177818179130554,0.8065384615384618,0.5802592635154724
TierD_xmag_x10x20,0.0723063349723815,0.4784615384615384,0.648868203163147
TierD_xmag_x20x50,0.152963638305664,0.8292307692307692,0.5873299837112427
TierD_xmag_x10x50,0.118442416191101,0.731153846153846,0.6472642421722412
TierD_xmag_x20x50,0.1571646332740783,0.7999999999999998,0.6049346923828125
TierD_xmag_x10x20,0.0619569420814514,0.2503846153846153,0.5029764175415039
TierD_xmag_x10x50,0.100089430809021,0.7153846153846153,0.3175196647644043
TierD_xmag_x10x20,0.0598129034042358,0.4307692307692307,0.4495154619216919
TierD_xmag_x20x50,0.1519225835800171,0.8319230769230769,0.3193228840827942
TierD_xmag_x10x50,0.0972630381584167,0.4734615384615385,0.4503999948501587
TierD_xmag_x20x50,0.1518454551696777,0.7223076923076923,0.4937673807144165
TierD_xmag_x10x20,0.0837646126747131,0.4099999999999999,0.3356907367706299
TierD_xmag_x10x50,0.1132541298866272,0.8426923076923076,0.27228158712387085
TierD_xmag_x10x20,0.0813275575637817,0.4584615384615385,0.3445001244544983
TierD_xmag_x20x50,0.1757488250732422,0.8988461538461539,0.2710965871810913
TierD_xmag_x10x50,0.1179258823394775,0.7261538461538464,0.34586000442504883
TierD_xmag_x20x50,0.1701471805572509,0.8719230769230771,0.3342033624649048
TierD_xmag_x10x20,0.0619335174560546,0.3796153846153848,0.6656330823898315
TierD_xmag_x10x50,0.1076316833496093,0.7961538461538464,0.6149080991744995
TierD_xmag_x10x20,0.0631644129753112,0.4373076923076923,0.6432180404663086
TierD_xmag_x20x50,0.1276217699050903,0.8515384615384616,0.6151615381240845
TierD_xmag_x10x50,0.1024824976921081,0.8326923076923078,0.6472193002700806
TierD_xmag_x20x50,0.1203804016113281,0.8442307692307693,0.6629899740219116
TierC_BFS46_FSDM41,0.1125015020370483,0.7714457108578285,0.4335513114929199
TierC_BFS46_FSDM41,0.1106623411178588,0.6654411764705883,0.487091600894928
TierC_BFS46_FSDM41,0.0814076662063598,0.7168566286742653,0.5442878603935242
TierC_BFS46_FSDM41,0.0806414484977722,0.6121323529411765,0.5890116691589355
TierC_BFS46_FSDM41,0.081476867198944,0.6850629874025195,0.5337356925010681
TierC_BFS46_FSDM41,0.0859482288360595,0.6397058823529411,0.5421900153160095
TierC_BFS46_FSDM41,0.091363251209259,0.7120575884823036,0.5424138903617859
TierC_BFS46_FSDM41,0.0929383039474487,0.5965073529411765,0.5817030668258667
TierC_BFS46_FSDM41,0.1302453279495239,0.6664667066586683,0.48603492975234985
TierC_BFS46_FSDM41,0.1306902170181274,0.5542279411764706,0.5163811445236206
TierC_BFS46_FSDM41,0.1053338646888732,0.6850629874025195,0.30195188522338867
TierC_BFS46_FSDM41,0.1054590940475463,0.6488970588235294,0.3861410617828369
TierC_BFS46_FSDM41,0.1023319959640502,0.7846430713857229,0.5894637107849121
TierC_BFS46_FSDM41,0.100738525390625,0.6415441176470589,0.6320407390594482
