dataset,backbone,perturbation,severity,image_idx,cam_shift_jsd,cam_shift_js_distance,cam_shift_js_divergence
DTSR14,hrnet32,gaussian_blur,4,0,0.08768286455718964,0.08768286455718964,0.007688284736954464
DTSR14,hrnet32,gaussian_blur,4,1,0.22325784515543748,0.22325784515543748,0.049844065423449296
DTSR14,hrnet32,gaussian_blur,4,2,0.16431828680242114,0.16431828680242114,0.02700049937768273
DTSR14,hrnet32,gaussian_blur,4,3,0.19465613218900765,0.19465613218900765,0.037891009798784424
DTSR14,hrnet32,gaussian_blur,4,4,0.22391122632211938,0.22391122632211938,0.05013623727307537
DTSR14,hrnet32,gaussian_blur,4,5,0.029686847773697587,0.029686847773697587,0.0008813089307386934
DTSR14,hrnet32,gaussian_blur,4,6,0.18224824090413913,0.18224824090413913,0.03321442131265313
DTSR14,hrnet32,gaussian_blur,4,7,0.11289889231584932,0.11289889231584932,0.01274615988614574
DTSR14,hrnet32,gaussian_blur,4,8,0.08060492676432973,0.08060492676432973,0.0064971542186829595
DTSR14,hrnet32,gaussian_blur,4,9,0.1369068179747755,0.1369068179747755,0.01874347680797831
DTSR14,hrnet32,gaussian_blur,4,10,0.1579821817622485,0.1579821817622485,0.024958369754360128
DTSR14,hrnet32,gaussian_blur,4,11,0.14249295312387644,0.14249295312387644,0.02030424168996325
DTSR14,hrnet32,gaussian_blur,4,12,0.06048481972904168,0.06048481972904168,0.00365841341765467
DTSR14,hrnet32,gaussian_blur,4,13,0.15623506588957667,0.15623506588957667,0.024409395813520363
DTSR14,hrnet32,gaussian_blur,4,14,0.32335576537137767,0.32335576537137767,0.10455895099890944
DTSR14,hrnet32,gaussian_blur,4,15,0.02042936153847635,0.02042936153847635,0.0004173588128697768
DTSR14,hrnet32,gaussian_blur,4,16,0.06289864184469247,0.06289864184469247,0.003956239145906899
DTSR14,hrnet32,gaussian_blur,4,17,0.08752516047327355,0.08752516047327355,0.007660653715872287
DTSR14,hrnet32,gaussian_blur,4,18,0.18022946383972846,0.18022946383972846,0.032482659635955986
DTSR14,hrnet32,gaussian_blur,4,19,0.28558020083137037,0.28558020083137037,0.08155605110688584
DTSR14,hrnet32,gaussian_blur,4,20,0.034183135417530645,0.034183135417530645,0.001168486746973238
DTSR14,hrnet32,gaussian_blur,4,21,0.19492078542725438,0.19492078542725438,0.03799411259157774
DTSR14,hrnet32,gaussian_blur,4,22,0.030389470712488934,0.030389470712488934,0.0009235199301852227
DTSR14,hrnet32,gaussian_blur,4,23,0.28301043497989326,0.28301043497989326,0.08009490630750839
DTSR14,hrnet32,gaussian_blur,4,24,0.016124925313539717,0.016124925313539717,0.00026001321636723394
DTSR14,hrnet32,gaussian_blur,4,25,0.07591470994943832,0.07591470994943832,0.005763043186707349
DTSR14,hrnet32,gaussian_blur,4,26,0.16073383886046927,0.16073383886046927,0.025835366954823302
DTSR14,hrnet32,gaussian_blur,4,27,0.15498493575621908,0.15498493575621908,0.024020330311359354
DTSR14,hrnet32,gaussian_blur,4,28,0.17820265563898988,0.17820265563898988,0.03175618647678841
DTSR14,hrnet32,gaussian_blur,4,29,0.07444470100068172,0.07444470100068172,0.005542013507080902
DTSR14,hrnet32,gaussian_blur,4,30,0.15903872750620854,0.15903872750620854,0.02529331684679405
DTSR14,hrnet32,gaussian_blur,4,31,0.32874326444999596,0.32874326444999596,0.10807213392123997
DTSR14,hrnet32,gaussian_blur,4,32,0.027854656677884632,0.027854656677884632,0.000775881898642823
DTSR14,hrnet32,gaussian_blur,4,33,0.16598767978473639,0.16598767978473639,0.027551909840320184
DTSR14,hrnet32,gaussian_blur,4,34,0.2735201001622451,0.2735201001622451,0.07481324519276458
DTSR14,hrnet32,gaussian_blur,4,35,0.09232711387026063,0.09232711387026063,0.008524295955612073
DTSR14,hrnet32,gaussian_blur,4,36,0.1712796243102737,0.1712796243102737,0.029336709703868497
DTSR14,hrnet32,gaussian_blur,4,37,0.42054434187369905,0.42054434187369905,0.17685754348198265
DTSR14,hrnet32,gaussian_blur,4,38,0.14743853835033252,0.14743853835033252,0.021738122590882474
DTSR14,hrnet32,gaussian_blur,4,39,0.1264012239554007,0.1264012239554007,0.015977269417423366
DTSR14,hrnet32,gaussian_blur,4,40,0.1362150698836831,0.1362150698836831,0.01855454526341667
DTSR14,hrnet32,gaussian_blur,4,41,0.064500460959721,0.064500460959721,0.004160309464016494
DTSR14,hrnet32,gaussian_blur,4,42,0.1140790095950054,0.1140790095950054,0.013014020430177334
DTSR14,hrnet32,gaussian_blur,4,43,0.16023119391630966,0.16023119391630966,0.02567403550384603
DTSR14,hrnet32,gaussian_blur,4,44,0.20296952788585101,0.20296952788585101,0.04119662925020525
DTSR14,hrnet32,gaussian_blur,4,45,0.09758501653778641,0.09758501653778641,0.009522835452680047
DTSR14,hrnet32,gaussian_blur,4,46,0.07070631331778653,0.07070631331778653,0.004999382742992996
DTSR14,hrnet32,gaussian_blur,4,47,0.12993913230418463,0.12993913230418463,0.0168841781039644
DTSR14,hrnet32,gaussian_blur,4,48,0.02540548533624967,0.02540548533624967,0.000645438685170397
DTSR14,hrnet32,gaussian_blur,4,49,0.34038552097969266,0.34038552097969266,0.11586230289261679
DTSR14,hrnet32,gaussian_blur,4,50,0.07369073581926236,0.07369073581926236,0.005430324545584317
DTSR14,hrnet32,gaussian_blur,4,51,0.3412335186569672,0.3412335186569672,0.11644031425501479
DTSR14,hrnet32,gaussian_blur,4,52,0.06253931395158385,0.06253931395158385,0.00391116578953477
DTSR14,hrnet32,gaussian_blur,4,53,0.07535829887096897,0.07535829887096897,0.005678873208726283
DTSR14,hrnet32,gaussian_blur,4,54,0.32433611474555424,0.32433611474555424,0.10519391532824132
DTSR14,hrnet32,gaussian_blur,4,55,0.11869481285181242,0.11869481285181242,0.014088458597926776
DTSR14,hrnet32,gaussian_blur,4,56,0.03371269921188289,0.03371269921188289,0.0011365460881508894
DTSR14,hrnet32,gaussian_blur,4,57,0.1661256161719266,0.1661256161719266,0.02759772034850228
DTSR14,hrnet32,gaussian_blur,4,58,0.14830246248346662,0.14830246248346662,0.021993620378660025
DTSR14,hrnet32,gaussian_blur,4,59,0.14608595560534232,0.14608595560534232,0.021341106425126048
DTSR14,hrnet32,gaussian_blur,4,60,0.07999128103254417,0.07999128103254417,0.0063986050412274615
DTSR14,hrnet32,gaussian_blur,4,61,0.08908642710854489,0.08908642710854489,0.007936391494966081
DTSR14,hrnet32,gaussian_blur,4,62,0.3072469164025695,0.3072469164025695,0.09440066763888753
DTSR14,hrnet32,gaussian_blur,4,63,0.2588887797427615,0.2588887797427615,0.06702340027669607
DTSR14,hrnet32,gaussian_blur,4,64,0.2305425470950632,0.2305425470950632,0.053149866021079434
DTSR14,hrnet32,gaussian_blur,4,65,0.1880873178426098,0.1880873178426098,0.03537683913322692
DTSR14,hrnet32,gaussian_blur,4,66,0.03720744304809292,0.03720744304809292,0.001384393818177078
DTSR14,hrnet32,gaussian_blur,4,67,0.15383439658786516,0.15383439658786516,0.02366502157355258
DTSR14,hrnet32,gaussian_blur,4,68,0.07926682266662083,0.07926682266662083,0.0062832291756615135
DTSR14,hrnet32,gaussian_blur,4,69,0.14679057870229978,0.14679057870229978,0.021547473995756065
DTSR14,hrnet32,gaussian_blur,4,70,0.03846115617942898,0.03846115617942898,0.0014792605346584282
DTSR14,hrnet32,gaussian_blur,4,71,0.10908820903607266,0.10908820903607266,0.011900237350697885
DTSR14,hrnet32,gaussian_blur,4,72,0.1551299885621536,0.1551299885621536,0.024065313351293905
DTSR14,hrnet32,gaussian_blur,4,73,0.10623264647217047,0.10623264647217047,0.011285375176481153
DTSR14,hrnet32,gaussian_blur,4,74,0.06710178412244462,0.06710178412244462,0.004502649432415161
DTSR14,hrnet32,gaussian_blur,4,75,0.10758691831741692,0.10758691831741692,0.011574944993038539
DTSR14,hrnet32,gaussian_blur,4,76,0.07596366686902073,0.07596366686902073,0.005770478684187558
DTSR14,hrnet32,gaussian_blur,4,77,0.1085320796104377,0.1085320796104377,0.011779212304566388
DTSR14,hrnet32,gaussian_blur,4,78,0.27706813307883,0.27706813307883,0.07676675036778825
DTSR14,hrnet32,gaussian_blur,4,79,0.024878927307834305,0.024878927307834305,0.0006189610239885035
DTSR14,hrnet32,gaussian_blur,4,80,0.04180150675103975,0.04180150675103975,0.001747365966657222
DTSR14,hrnet32,gaussian_blur,4,81,0.10863372515826061,0.10863372515826061,0.011801286241760505
DTSR14,hrnet32,gaussian_blur,4,82,0.06409738172350417,0.06409738172350417,0.0041084743438086066
DTSR14,hrnet32,gaussian_blur,4,83,0.12268666520108003,0.12268666520108003,0.015052017818161902
DTSR14,hrnet32,gaussian_blur,4,84,0.1528337861945786,0.1528337861945786,0.023358166202570165
DTSR14,hrnet32,gaussian_blur,4,85,0.1150734986255828,0.1150734986255828,0.013241910085932007
DTSR14,hrnet32,gaussian_blur,4,86,0.09674693532552225,0.09674693532552225,0.009359969494880787
DTSR14,hrnet32,gaussian_blur,4,87,0.5365884732328058,0.5365884732328058,0.2879271896063135
DTSR14,hrnet32,gaussian_blur,4,88,0.07567049926139463,0.07567049926139463,0.005726024458468725
DTSR14,hrnet32,gaussian_blur,4,89,0.3514262250426109,0.3514262250426109,0.1235003916476998
DTSR14,hrnet32,gaussian_blur,4,90,0.22911237553073274,0.22911237553073274,0.052492480621335505
DTSR14,hrnet32,gaussian_blur,4,91,0.09734693813980556,0.09734693813980556,0.00947642636519513
DTSR14,hrnet32,gaussian_blur,4,92,0.1881764940641071,0.1881764940641071,0.03541039291825894
DTSR14,hrnet32,gaussian_blur,4,93,0.06257000230180156,0.06257000230180156,0.003915005188047452
DTSR14,hrnet32,gaussian_blur,4,94,0.07417846604822385,0.07417846604822385,0.005502444825267499
DTSR14,hrnet32,gaussian_blur,4,95,0.09477117455896751,0.09477117455896751,0.008981575527286291
DTSR14,hrnet32,gaussian_blur,4,96,0.2423173531787208,0.2423173531787208,0.05871769965154091
DTSR14,hrnet32,gaussian_blur,4,97,0.19193992038193688,0.19193992038193688,0.03684093303622427
DTSR14,hrnet32,gaussian_blur,4,98,0.054768779631180604,0.054768779631180604,0.0029996192222888234
DTSR14,hrnet32,gaussian_blur,4,99,0.011947062647294922,0.011947062647294922,0.00014273230589838956
DTSR14,hrnet32,gaussian_blur,4,100,0.2657313509910105,0.2657313509910105,0.0706131508995076
DTSR14,hrnet32,gaussian_blur,4,101,0.061099604918891645,0.061099604918891645,0.0037331617212446482
DTSR14,hrnet32,gaussian_blur,4,102,0.10755787787425146,0.10755787787425146,0.01156869709281239
DTSR14,hrnet32,gaussian_blur,4,103,0.1521513620478696,0.1521513620478696,0.023150036973021898
DTSR14,hrnet32,gaussian_blur,4,104,0.09767407386980895,0.09767407386980895,0.009540224706324894
DTSR14,hrnet32,gaussian_blur,4,105,0.15519437207895198,0.15519437207895198,0.02408529312498019
DTSR14,hrnet32,gaussian_blur,4,106,0.04779337078039433,0.04779337078039433,0.0022842062905522502
DTSR14,hrnet32,gaussian_blur,4,107,0.20951848507602033,0.20951848507602033,0.04389799558855056
DTSR14,hrnet32,gaussian_blur,4,108,0.09177935291092623,0.09177935291092623,0.008423449620748343
DTSR14,hrnet32,gaussian_blur,4,109,0.03414322628601262,0.03414322628601262,0.0011657599012178633
DTSR14,hrnet32,gaussian_blur,4,110,0.23156577682035207,0.23156577682035207,0.0536227089944131
DTSR14,hrnet32,gaussian_blur,4,111,0.164706685106346,0.164706685106346,0.02712829211872102
DTSR14,hrnet32,gaussian_blur,4,112,0.12312615768484916,0.12312615768484916,0.015160050706234341
DTSR14,hrnet32,gaussian_blur,4,113,0.16390160722487476,0.16390160722487476,0.02686373685089712
DTSR14,hrnet32,gaussian_blur,4,114,0.15121611039334532,0.15121611039334532,0.022866312042492398
DTSR14,hrnet32,gaussian_blur,4,115,0.2386419065432052,0.2386419065432052,0.05694995955857588
DTSR14,hrnet32,gaussian_blur,4,116,0.0699756192616582,0.0699756192616582,0.00489658729105255
DTSR14,hrnet32,gaussian_blur,4,117,0.28022348526004187,0.28022348526004187,0.07852520169128491
DTSR14,hrnet32,gaussian_blur,4,118,0.14400636600866154,0.14400636600866154,0.02073783345102059
DTSR14,hrnet32,gaussian_blur,4,119,0.10281142924976984,0.10281142924976984,0.010570189984380429
DTSR14,hrnet32,gaussian_blur,4,120,0.05688447608135575,0.05688447608135575,0.003235843619050335
DTSR14,hrnet32,gaussian_blur,4,121,0.08706593411525762,0.08706593411525762,0.007580476883362381
DTSR14,hrnet32,gaussian_blur,4,122,0.10766732796501775,0.10766732796501775,0.011592253511126693
DTSR14,hrnet32,gaussian_blur,4,123,0.06753285561005741,0.06753285561005741,0.0045606865868488625
DTSR14,hrnet32,gaussian_blur,4,124,0.2917874530550461,0.2917874530550461,0.08513991776035074
DTSR14,hrnet32,gaussian_blur,4,125,0.13398781263583348,0.13398781263583348,0.017952733934935218
DTSR14,hrnet32,gaussian_blur,4,126,0.2577928058239904,0.2577928058239904,0.06645713073460562
DTSR14,hrnet32,gaussian_blur,4,127,0.12549527548319558,0.12549527548319558,0.01574906416860315
DTSR14,hrnet32,gaussian_blur,4,128,0.2547654598783785,0.2547654598783785,0.06490543954704169
DTSR14,hrnet32,gaussian_blur,4,129,0.19511949145506288,0.19511949145506288,0.038071615945682355
DTSR14,hrnet32,gaussian_blur,4,130,0.5061476401506146,0.5061476401506146,0.2561854336300361
DTSR14,hrnet32,gaussian_blur,4,131,0.10033356679723071,0.10033356679723071,0.010066824626254358
DTSR14,hrnet32,gaussian_blur,4,132,0.09689719591370709,0.09689719591370709,0.009389066575939334
DTSR14,hrnet32,gaussian_blur,4,133,0.25124953314527043,0.25124953314527043,0.06312632790571635
DTSR14,hrnet32,gaussian_blur,4,134,0.0879378114306975,0.0879378114306975,0.007733058679220911
DTSR14,hrnet32,gaussian_blur,4,135,0.13033032150515966,0.13033032150515966,0.016985992703638285
DTSR14,hrnet32,gaussian_blur,4,136,0.09794022858570242,0.09794022858570242,0.009592288375419642
DTSR14,hrnet32,gaussian_blur,4,137,0.1495010381167059,0.1495010381167059,0.02235056039797275
DTSR14,hrnet32,gaussian_blur,4,138,0.2706189642604323,0.2706189642604323,0.07323462381738914
DTSR14,hrnet32,gaussian_blur,4,139,0.23981050361536455,0.23981050361536455,0.05750907764425477
DTSR14,hrnet32,gaussian_blur,4,140,0.22990479105590014,0.22990479105590014,0.0528562129504571
DTSR14,hrnet32,gaussian_blur,4,141,0.2022077248208894,0.2022077248208894,0.040887963977240524
DTSR14,hrnet32,gaussian_blur,4,142,0.25203574346498225,0.25203574346498225,0.06352201598394634
DTSR14,hrnet32,gaussian_blur,4,143,0.030880821940646654,0.030880821940646654,0.0009536251637299238
DTSR14,hrnet32,gaussian_blur,4,144,0.026785884023294276,0.026785884023294276,0.0007174835829093715
DTSR14,hrnet32,gaussian_blur,4,145,0.05379505992743289,0.05379505992743289,0.0028939084725960957
DTSR14,hrnet32,gaussian_blur,4,146,0.15689978975265323,0.15689978975265323,0.02461754402442679
DTSR14,hrnet32,gaussian_blur,4,147,0.04275949555193472,0.04275949555193472,0.0018283744598559253
DTSR14,hrnet32,gaussian_blur,4,148,0.05079224224529896,0.05079224224529896,0.002579851872305133
DTSR14,hrnet32,gaussian_blur,4,149,0.186946306775903,0.186946306775903,0.03494892161715003
DTSR14,hrnet32,gaussian_blur,4,150,0.11895757174922011,0.11895757174922011,0.014150903876470852
DTSR14,hrnet32,gaussian_blur,4,151,0.04816827316668625,0.04816827316668625,0.002320182539860507
DTSR14,hrnet32,gaussian_blur,4,152,0.14006730831394112,0.14006730831394112,0.01961885085831264
DTSR14,hrnet32,gaussian_blur,4,153,0.10569407051484249,0.10569407051484249,0.011171236541996496
DTSR14,hrnet32,gaussian_blur,4,154,0.1590159854238522,0.1590159854238522,0.025286083620318776
DTSR14,hrnet32,gaussian_blur,4,155,0.11429845616460747,0.11429845616460747,0.013064137081612696
DTSR14,hrnet32,gaussian_blur,4,156,0.017251692316288078,0.017251692316288078,0.0002976208877758731
DTSR14,hrnet32,gaussian_blur,4,157,0.2913841031655346,0.2913841031655346,0.0849046955775829
DTSR14,hrnet32,gaussian_blur,4,158,0.22950743361356674,0.22950743361356674,0.05267366208388574
DTSR14,hrnet32,gaussian_blur,4,159,0.04321450986937387,0.04321450986937387,0.0018674938632502116
DTSR14,hrnet32,gaussian_blur,4,160,0.16567385284973898,0.16567385284973898,0.027447825518076965
DTSR14,hrnet32,gaussian_blur,4,161,0.42038365032962566,0.42038365032962566,0.17672241346446096
DTSR14,hrnet32,gaussian_blur,4,162,0.05710659265627025,0.05710659265627025,0.0032611629248091795
DTSR14,hrnet32,gaussian_blur,4,163,0.038435393078872754,0.038435393078872754,0.0014772794411274596
DTSR14,hrnet32,gaussian_blur,4,164,0.10896831123369277,0.10896831123369277,0.011874092853122934
DTSR14,hrnet32,gaussian_blur,4,165,0.046234982466504454,0.046234982466504454,0.0021376736036779745
DTSR14,hrnet32,gaussian_blur,4,166,0.03644508184973886,0.03644508184973886,0.0013282439910341649
DTSR14,hrnet32,gaussian_blur,4,167,0.22702464952950974,0.22702464952950974,0.051540191493996725
DTSR14,hrnet32,gaussian_blur,4,168,0.0183434528276645,0.0183434528276645,0.0003364822616407527
DTSR14,hrnet32,gaussian_blur,4,169,0.006936752457129959,0.006936752457129959,4.8118534651498525e-05
DTSR14,hrnet32,gaussian_blur,4,170,0.29017456140890485,0.29017456140890485,0.0842012760888503
DTSR14,hrnet32,gaussian_blur,4,171,0.03823409527601712,0.03823409527601712,0.0014618460415755548
DTSR14,hrnet32,gaussian_blur,4,172,0.04087446819611892,0.04087446819611892,0.0016707221503155368
DTSR14,hrnet32,gaussian_blur,4,173,0.015529614944841947,0.015529614944841947,0.00024116894033505835
DTSR14,hrnet32,gaussian_blur,4,174,0.08036164033711642,0.08036164033711642,0.006457993237672056
DTSR14,hrnet32,gaussian_blur,4,175,0.025665400505954547,0.025665400505954547,0.000658712783131052
DTSR14,hrnet32,gaussian_blur,4,176,0.03150527005424199,0.03150527005424199,0.000992582041190717
DTSR14,hrnet32,gaussian_blur,4,177,0.057362430337521246,0.057362430337521246,0.003290448414226978
DTSR14,hrnet32,gaussian_blur,4,178,0.09036500729723304,0.09036500729723304,0.00816583454382898
DTSR14,hrnet32,gaussian_blur,4,179,0.09269707840006906,0.09269707840006906,0.00859274834390855
DTSR14,hrnet32,gaussian_blur,4,180,0.33413591475761656,0.33413591475761656,0.1116468095309092
DTSR14,hrnet32,gaussian_blur,4,181,0.19705672779978792,0.19705672779978792,0.03883135397115971
DTSR14,hrnet32,gaussian_blur,4,182,0.29663522315376767,0.29663522315376767,0.08799245561548555
DTSR14,hrnet32,gaussian_blur,4,183,0.3346595443902466,0.3346595443902466,0.11199701065148743
DTSR14,hrnet32,gaussian_blur,4,184,0.14744494042760803,0.14744494042760803,0.02174001045770088
DTSR14,hrnet32,gaussian_blur,4,185,0.3554608627988672,0.3554608627988672,0.1263524249817151
DTSR14,hrnet32,gaussian_blur,4,186,0.10797063176246849,0.10797063176246849,0.01165765732318657
DTSR14,hrnet32,gaussian_blur,4,187,0.4888397176320255,0.4888397176320255,0.2389642695345584
DTSR14,hrnet32,gaussian_blur,4,188,0.2873770280311242,0.2873770280311242,0.08258555624000154
DTSR14,hrnet32,gaussian_blur,4,189,0.0960437482600434,0.0960437482600434,0.00922440157983859
DTSR14,hrnet32,gaussian_blur,4,190,0.11647959677634083,0.11647959677634083,0.01356749646517895
DTSR14,hrnet32,gaussian_blur,4,191,0.2955016968215736,0.2955016968215736,0.08732125282442922
DTSR14,hrnet32,gaussian_blur,4,192,0.021611055845351383,0.021611055845351383,0.0004670377347508962
DTSR14,hrnet32,gaussian_blur,4,193,0.12712384375415878,0.12712384375415878,0.016160471650831773
DTSR14,hrnet32,gaussian_blur,4,194,0.04620828787931776,0.04620828787931776,0.0021352058687379044
DTSR14,hrnet32,gaussian_blur,4,195,0.03508241204757668,0.03508241204757668,0.0012307756350759533
DTSR14,hrnet32,gaussian_blur,4,196,0.02398423305210568,0.02398423305210568,0.0005752434350977186
DTSR14,hrnet32,gaussian_blur,4,197,0.11490921799107652,0.11490921799107652,0.013204128379320744
DTSR14,hrnet32,gaussian_blur,4,198,0.11524488867827141,0.11524488867827141,0.013281384366467171
DTSR14,hrnet32,gaussian_blur,4,199,0.07881457724600317,0.07881457724600317,0.006211737586466201
DTSR14,hrnet32,gaussian_blur,8,0,0.06275489965070565,0.06275489965070565,0.003938177430170136
DTSR14,hrnet32,gaussian_blur,8,1,0.08973464838718354,0.08973464838718354,0.00805230712117146
DTSR14,hrnet32,gaussian_blur,8,2,0.16225253640706608,0.16225253640706608,0.026325885570526304
DTSR14,hrnet32,gaussian_blur,8,3,0.24996344410670993,0.24996344410670993,0.0624817233896883
DTSR14,hrnet32,gaussian_blur,8,4,0.056048815628695826,0.056048815628695826,0.0031414697333795377
DTSR14,hrnet32,gaussian_blur,8,5,0.0869760800125189,0.0869760800125189,0.00756483849434409
DTSR14,hrnet32,gaussian_blur,8,6,0.11082580643901489,0.11082580643901489,0.012282359372857994
DTSR14,hrnet32,gaussian_blur,8,7,0.1444788696904747,0.1444788696904747,0.020874143787037166
DTSR14,hrnet32,gaussian_blur,8,8,0.31622489788052516,0.31622489788052516,0.09999818603954856
DTSR14,hrnet32,gaussian_blur,8,9,0.17952008820041898,0.17952008820041898,0.03222746206748621
DTSR14,hrnet32,gaussian_blur,8,10,0.29494059879933604,0.29494059879933604,0.0869899568201109
DTSR14,hrnet32,gaussian_blur,8,11,0.2921738858886733,0.2921738858886733,0.0853655795952875
DTSR14,hrnet32,gaussian_blur,8,12,0.21912521511873354,0.21912521511873354,0.04801585990083125
DTSR14,hrnet32,gaussian_blur,8,13,0.059003438034730495,0.059003438034730495,0.0034814056999182812
DTSR14,hrnet32,gaussian_blur,8,14,0.26747783114421547,0.26747783114421547,0.07154439015361344
DTSR14,hrnet32,gaussian_blur,8,15,0.038133945253218476,0.038133945253218476,0.001454197780575464
DTSR14,hrnet32,gaussian_blur,8,16,0.12335591710496573,0.12335591710496573,0.015216682284807177
DTSR14,hrnet32,gaussian_blur,8,17,0.1629662620836546,0.1629662620836546,0.026558002577518402
DTSR14,hrnet32,gaussian_blur,8,18,0.31456324887888937,0.31456324887888937,0.09895003754524209
DTSR14,hrnet32,gaussian_blur,8,19,0.28600152812254404,0.28600152812254404,0.08179687408843035
DTSR14,hrnet32,gaussian_blur,8,20,0.23078437559289675,0.23078437559289675,0.05326142801780324
DTSR14,hrnet32,gaussian_blur,8,21,0.1325574209981012,0.1325574209981012,0.01757146986166784
DTSR14,hrnet32,gaussian_blur,8,22,0.09677316181176004,0.09677316181176004,0.009365044847045093
DTSR14,hrnet32,gaussian_blur,8,23,0.20891411571477658,0.20891411571477658,0.04364510774488706
DTSR14,hrnet32,gaussian_blur,8,24,0.20354459671272082,0.20354459671272082,0.04143040285094416
DTSR14,hrnet32,gaussian_blur,8,25,0.06538835226422501,0.06538835226422501,0.004275636611830381
DTSR14,hrnet32,gaussian_blur,8,26,0.10156301579963514,0.10156301579963514,0.010315046178316937
DTSR14,hrnet32,gaussian_blur,8,27,0.18649816582017245,0.18649816582017245,0.03478156585428854
DTSR14,hrnet32,gaussian_blur,8,28,0.16923028520216302,0.16923028520216302,0.028638889429605435
DTSR14,hrnet32,gaussian_blur,8,29,0.15182157757094983,0.15182157757094983,0.023049791416131934
DTSR14,hrnet32,gaussian_blur,8,30,0.1359823056722219,0.1359823056722219,0.01849118745593359
DTSR14,hrnet32,gaussian_blur,8,31,0.17083010143277036,0.17083010143277036,0.02918292355553061
DTSR14,hrnet32,gaussian_blur,8,32,0.24054893942888284,0.24054893942888284,0.05786379226036034
DTSR14,hrnet32,gaussian_blur,8,33,0.15340528207398937,0.15340528207398937,0.023533180568200245
DTSR14,hrnet32,gaussian_blur,8,34,0.2681391468448713,0.2681391468448713,0.07189860207069544
DTSR14,hrnet32,gaussian_blur,8,35,0.13776931175551424,0.13776931175551424,0.018980383261588074
DTSR14,hrnet32,gaussian_blur,8,36,0.08429594644514612,0.08429594644514612,0.007105806587082944
DTSR14,hrnet32,gaussian_blur,8,37,0.1518892905075829,0.1518892905075829,0.023070356570896913
DTSR14,hrnet32,gaussian_blur,8,38,0.1670586631156511,0.1670586631156511,0.027908596921988604
DTSR14,hrnet32,gaussian_blur,8,39,0.2703763555957397,0.2703763555957397,0.07310337366523388
DTSR14,hrnet32,gaussian_blur,8,40,0.15722999934420168,0.15722999934420168,0.02472127269377766
DTSR14,hrnet32,gaussian_blur,8,41,0.21925104815108243,0.21925104815108243,0.048071022115348264
DTSR14,hrnet32,gaussian_blur,8,42,0.16183336152057698,0.16183336152057698,0.026190036901049766
DTSR14,hrnet32,gaussian_blur,8,43,0.21958249884130956,0.21958249884130956,0.048216473797393716
DTSR14,hrnet32,gaussian_blur,8,44,0.12784039451236867,0.12784039451236867,0.01634316646907806
DTSR14,hrnet32,gaussian_blur,8,45,0.13479758780290987,0.13479758780290987,0.018170389677483197
DTSR14,hrnet32,gaussian_blur,8,46,0.04030211329633265,0.04030211329633265,0.0016242603361504332
DTSR14,hrnet32,gaussian_blur,8,47,0.3054052836017528,0.3054052836017528,0.09327238725186705
DTSR14,hrnet32,gaussian_blur,8,48,0.0804037167183324,0.0804037167183324,0.006464757662121844
DTSR14,hrnet32,gaussian_blur,8,49,0.3577844790577647,0.3577844790577647,0.1280097334546361
DTSR14,hrnet32,gaussian_blur,8,50,0.03781801521204498,0.03781801521204498,0.0014302022745784656
DTSR14,hrnet32,gaussian_blur,8,51,0.06408238712386284,0.06408238712386284,0.004106552339492622
DTSR14,hrnet32,gaussian_blur,8,52,0.13825616701307766,0.13825616701307766,0.019114767717148023
DTSR14,hrnet32,gaussian_blur,8,53,0.09509260568720874,0.09509260568720874,0.009042603656382965
DTSR14,hrnet32,gaussian_blur,8,54,0.17849465993862074,0.17849465993862074,0.03186034362660386
DTSR14,hrnet32,gaussian_blur,8,55,0.26968858427444137,0.26968858427444137,0.07273193248795247
DTSR14,hrnet32,gaussian_blur,8,56,0.08501505338141604,0.08501505338141604,0.00722755930144502
DTSR14,hrnet32,gaussian_blur,8,57,0.1959813567454071,0.1959813567454071,0.038408692191770524
DTSR14,hrnet32,gaussian_blur,8,58,0.18526415878764232,0.18526415878764232,0.03432280853129275
DTSR14,hrnet32,gaussian_blur,8,59,0.14894474811553932,0.14894474811553932,0.02218453799120145
DTSR14,hrnet32,gaussian_blur,8,60,0.1558050524116323,0.1558050524116323,0.024275214356991492
DTSR14,hrnet32,gaussian_blur,8,61,0.15008947466803818,0.15008947466803818,0.022526850406127674
DTSR14,hrnet32,gaussian_blur,8,62,0.38445622646612776,0.38445622646612776,0.14780659006857452
DTSR14,hrnet32,gaussian_blur,8,63,0.29571890089589925,0.29571890089589925,0.08744966834707868
DTSR14,hrnet32,gaussian_blur,8,64,0.1795572435948007,0.1795572435948007,0.03224080372736259
DTSR14,hrnet32,gaussian_blur,8,65,0.1599794966744191,0.1599794966744191,0.025593439356200474
DTSR14,hrnet32,gaussian_blur,8,66,0.05332066429482419,0.05332066429482419,0.002843093240841339
DTSR14,hrnet32,gaussian_blur,8,67,0.18136377801501838,0.18136377801501838,0.032892819975880866
DTSR14,hrnet32,gaussian_blur,8,68,0.0896547578685803,0.0896547578685803,0.008037975608473762
DTSR14,hrnet32,gaussian_blur,8,69,0.13661722891068656,0.13661722891068656,0.01866426723523493
DTSR14,hrnet32,gaussian_blur,8,70,0.01690051728321072,0.01690051728321072,0.00028562748444010424
DTSR14,hrnet32,gaussian_blur,8,71,0.10732814043179277,0.10732814043179277,0.01151932972854663
DTSR14,hrnet32,gaussian_blur,8,72,0.20491037379995336,0.20491037379995336,0.04198826129083661
DTSR14,hrnet32,gaussian_blur,8,73,0.08032632570398657,0.08032632570398657,0.006452318601102933
DTSR14,hrnet32,gaussian_blur,8,74,0.10776352699382286,0.10776352699382286,0.011612977750148388
DTSR14,hrnet32,gaussian_blur,8,75,0.18648428139513898,0.18648428139513898,0.03477638720746138
DTSR14,hrnet32,gaussian_blur,8,76,0.0744655572083185,0.0744655572083185,0.005545119210345356
DTSR14,hrnet32,gaussian_blur,8,77,0.07937824222207794,0.07937824222207794,0.006300905338266877
DTSR14,hrnet32,gaussian_blur,8,78,0.20191959103164545,0.20191959103164545,0.04077152124238695
DTSR14,hrnet32,gaussian_blur,8,79,0.1337873213550593,0.1337873213550593,0.017899047355361908
DTSR14,hrnet32,gaussian_blur,8,80,0.08375661750615479,0.08375661750615479,0.007015170976072315
DTSR14,hrnet32,gaussian_blur,8,81,0.18721560666244794,0.18721560666244794,0.03504968337798842
DTSR14,hrnet32,gaussian_blur,8,82,0.18259923877295825,0.18259923877295825,0.033342482000463816
DTSR14,hrnet32,gaussian_blur,8,83,0.20063368244731083,0.20063368244731083,0.04025387453236837
DTSR14,hrnet32,gaussian_blur,8,84,0.1981404499850027,0.1981404499850027,0.03925963792025935
DTSR14,hrnet32,gaussian_blur,8,85,0.17295228197711596,0.17295228197711596,0.029912491841091828
DTSR14,hrnet32,gaussian_blur,8,86,0.06379675449266464,0.06379675449266464,0.004070025883797326
DTSR14,hrnet32,gaussian_blur,8,87,0.4208822161808031,0.4208822161808031,0.17714183989726429
DTSR14,hrnet32,gaussian_blur,8,88,0.07757999029556514,0.07757999029556514,0.006018654894259982
DTSR14,hrnet32,gaussian_blur,8,89,0.18575011387774357,0.18575011387774357,0.0345031048055947
DTSR14,hrnet32,gaussian_blur,8,90,0.16555334866273408,0.16555334866273408,0.027407911253444796
DTSR14,hrnet32,gaussian_blur,8,91,0.2666999473160451,0.2666999473160451,0.07112886189838125
DTSR14,hrnet32,gaussian_blur,8,92,0.29942678750813845,0.29942678750813845,0.0896564010774439
DTSR14,hrnet32,gaussian_blur,8,93,0.19327796882219653,0.19327796882219653,0.037356373232033974
DTSR14,hrnet32,gaussian_blur,8,94,0.24598617242315465,0.24598617242315465,0.06050919702339397
DTSR14,hrnet32,gaussian_blur,8,95,0.1284951800827759,0.1284951800827759,0.01651101130450501
DTSR14,hrnet32,gaussian_blur,8,96,0.20411130268865377,0.20411130268865377,0.04166142388525924
DTSR14,hrnet32,gaussian_blur,8,97,0.1035818324788083,0.1035818324788083,0.010729196019667906
DTSR14,hrnet32,gaussian_blur,8,98,0.15754743582349862,0.15754743582349862,0.024821194534559415
DTSR14,hrnet32,gaussian_blur,8,99,0.27388162410687467,0.27388162410687467,0.0750111440234194
DTSR14,hrnet32,gaussian_blur,8,100,0.3111451214348551,0.3111451214348551,0.09681128659271074
DTSR14,hrnet32,gaussian_blur,8,101,0.09303916572390236,0.09303916572390236,0.008656286358599769
DTSR14,hrnet32,gaussian_blur,8,102,0.02389132779975893,0.02389132779975893,0.0005707955440355339
DTSR14,hrnet32,gaussian_blur,8,103,0.1298735534417229,0.1298735534417229,0.016867139883580056
DTSR14,hrnet32,gaussian_blur,8,104,0.1330955591215331,0.1330955591215331,0.01771442785787351
DTSR14,hrnet32,gaussian_blur,8,105,0.2483143947373578,0.2483143947373578,0.06166003863378035
DTSR14,hrnet32,gaussian_blur,8,106,0.04571633057875324,0.04571633057875324,0.0020899828815858484
DTSR14,hrnet32,gaussian_blur,8,107,0.2273341963543557,0.2273341963543557,0.05168083683208075
DTSR14,hrnet32,gaussian_blur,8,108,0.10170680318911245,0.10170680318911245,0.010344273814948854
DTSR14,hrnet32,gaussian_blur,8,109,0.23318053875335512,0.23318053875335512,0.05437316365330495
DTSR14,hrnet32,gaussian_blur,8,110,0.2494432344467071,0.2494432344467071,0.06222192721123489
DTSR14,hrnet32,gaussian_blur,8,111,0.2961271705689067,0.2961271705689067,0.08769130114914636
DTSR14,hrnet32,gaussian_blur,8,112,0.29106916085929146,0.29106916085929146,0.08472125640333208
DTSR14,hrnet32,gaussian_blur,8,113,0.18934252931757858,0.18934252931757858,0.0358505934083781
DTSR14,hrnet32,gaussian_blur,8,114,0.06450301946482838,0.06450301946482838,0.004160639520080028
DTSR14,hrnet32,gaussian_blur,8,115,0.17995332188410976,0.17995332188410976,0.032383198057126014
DTSR14,hrnet32,gaussian_blur,8,116,0.2012684350132359,0.2012684350132359,0.040508982932677164
DTSR14,hrnet32,gaussian_blur,8,117,0.15923174265389278,0.15923174265389278,0.02535474786859554
DTSR14,hrnet32,gaussian_blur,8,118,0.2436813656170051,0.2436813656170051,0.05938060794896852
DTSR14,hrnet32,gaussian_blur,8,119,0.06161527921731848,0.06161527921731848,0.0037964426330281183
DTSR14,hrnet32,gaussian_blur,8,120,0.32132558760215485,0.32132558760215485,0.1032501332478701
DTSR14,hrnet32,gaussian_blur,8,121,0.1085129541652642,0.1085129541652642,0.011775061221672729
DTSR14,hrnet32,gaussian_blur,8,122,0.17750911602903857,0.17750911602903857,0.03150948627341068
DTSR14,hrnet32,gaussian_blur,8,123,0.13816816675023522,0.13816816675023522,0.019090442303120805
DTSR14,hrnet32,gaussian_blur,8,124,0.48147266701236574,0.48147266701236574,0.23181592908000043
DTSR14,hrnet32,gaussian_blur,8,125,0.1435169831644869,0.1435169831644869,0.02059712445663562
DTSR14,hrnet32,gaussian_blur,8,126,0.22946057665044925,0.22946057665044925,0.052652156236756696
DTSR14,hrnet32,gaussian_blur,8,127,0.17592673832168731,0.17592673832168731,0.030950217256507442
DTSR14,hrnet32,gaussian_blur,8,128,0.3002907116413855,0.3002907116413855,0.09017451149808973
DTSR14,hrnet32,gaussian_blur,8,129,0.17613828636594905,0.17613828636594905,0.031024695923933074
DTSR14,hrnet32,gaussian_blur,8,130,0.4662374973467848,0.4662374973467848,0.21737740393219318
DTSR14,hrnet32,gaussian_blur,8,131,0.18895383365391683,0.18895383365391683,0.035703551252512074
DTSR14,hrnet32,gaussian_blur,8,132,0.3135911399635539,0.3135911399635539,0.09833940306364126
DTSR14,hrnet32,gaussian_blur,8,133,0.06649930567140884,0.06649930567140884,0.004422157654779468
DTSR14,hrnet32,gaussian_blur,8,134,0.09795441313002042,0.09795441313002042,0.009595067051646715
DTSR14,hrnet32,gaussian_blur,8,135,0.09307982332838456,0.09307982332838456,0.008663853510843283
DTSR14,hrnet32,gaussian_blur,8,136,0.21228495637938313,0.21228495637938313,0.0450649027049966
DTSR14,hrnet32,gaussian_blur,8,137,0.19117358605915227,0.19117358605915227,0.0365473400067161
DTSR14,hrnet32,gaussian_blur,8,138,0.16566880641382614,0.16566880641382614,0.027446153418581802
DTSR14,hrnet32,gaussian_blur,8,139,0.362965855099793,0.362965855099793,0.13174421196832395
DTSR14,hrnet32,gaussian_blur,8,140,0.18956717524805602,0.18956717524805602,0.03593571393152718
DTSR14,hrnet32,gaussian_blur,8,141,0.15461848957944702,0.15461848957944702,0.023906877319829566
DTSR14,hrnet32,gaussian_blur,8,142,0.07457794052318231,0.07457794052318231,0.005561869212679318
DTSR14,hrnet32,gaussian_blur,8,143,0.11601220964707198,0.11601220964707198,0.013458832787196182
DTSR14,hrnet32,gaussian_blur,8,144,0.05075720846824275,0.05075720846824275,0.0025762942114886532
DTSR14,hrnet32,gaussian_blur,8,145,0.07026781604630894,0.07026781604630894,0.004937565971917912
DTSR14,hrnet32,gaussian_blur,8,146,0.32488328801018174,0.32488328801018174,0.1055491508283067
DTSR14,hrnet32,gaussian_blur,8,147,0.07733925041520438,0.07733925041520438,0.005981359654785691
DTSR14,hrnet32,gaussian_blur,8,148,0.07641814810314991,0.07641814810314991,0.005839733359514954
DTSR14,hrnet32,gaussian_blur,8,149,0.1786979373668963,0.1786979373668963,0.03193295281918319
DTSR14,hrnet32,gaussian_blur,8,150,0.19870309532550717,0.19870309532550717,0.03948292009193759
DTSR14,hrnet32,gaussian_blur,8,151,0.2622314413678478,0.2622314413678478,0.06876532884185901
DTSR14,hrnet32,gaussian_blur,8,152,0.15058713900634432,0.15058713900634432,0.02267648643411607
DTSR14,hrnet32,gaussian_blur,8,153,0.08664142631173466,0.08664142631173466,0.007506736753331747
DTSR14,hrnet32,gaussian_blur,8,154,0.06696972174546986,0.06696972174546986,0.004484943630665659
DTSR14,hrnet32,gaussian_blur,8,155,0.1178159444416007,0.1178159444416007,0.013880596764666344
DTSR14,hrnet32,gaussian_blur,8,156,0.12982861891622938,0.12982861891622938,0.01685547028969551
DTSR14,hrnet32,gaussian_blur,8,157,0.36074906684249247,0.36074906684249247,0.1301398892277291
DTSR14,hrnet32,gaussian_blur,8,158,0.03642259904139214,0.03642259904139214,0.0013266057209300197
DTSR14,hrnet32,gaussian_blur,8,159,0.06942656259144772,0.06942656259144772,0.004820047593264208
DTSR14,hrnet32,gaussian_blur,8,160,0.11299339428092148,0.11299339428092148,0.01276750715112378
DTSR14,hrnet32,gaussian_blur,8,161,0.4323806580586875,0.4323806580586875,0.1869530334632636
DTSR14,hrnet32,gaussian_blur,8,162,0.10525204099243862,0.10525204099243862,0.01107799213307398
DTSR14,hrnet32,gaussian_blur,8,163,0.025575074724748174,0.025575074724748174,0.0006540844471764529
DTSR14,hrnet32,gaussian_blur,8,164,0.14036541899800548,0.14036541899800548,0.019702450850485637
DTSR14,hrnet32,gaussian_blur,8,165,0.04040185538635055,0.04040185538635055,0.0016323099186595828
DTSR14,hrnet32,gaussian_blur,8,166,0.047127172203968636,0.047127172203968636,0.002220970359942514
DTSR14,hrnet32,gaussian_blur,8,167,0.18315117840259976,0.18315117840259976,0.03354435415026092
DTSR14,hrnet32,gaussian_blur,8,168,0.09448299300574227,0.09448299300574227,0.008927035967323143
DTSR14,hrnet32,gaussian_blur,8,169,0.06841806906199673,0.06841806906199673,0.004681032174172153
DTSR14,hrnet32,gaussian_blur,8,170,0.320670807698876,0.320670807698876,0.10282976691024952
DTSR14,hrnet32,gaussian_blur,8,171,0.2175450211206565,0.2175450211206565,0.04732583621438688
DTSR14,hrnet32,gaussian_blur,8,172,0.0754286985980017,0.0754286985980017,0.005689488572188184
DTSR14,hrnet32,gaussian_blur,8,173,0.040584353275688934,0.040584353275688934,0.0016470897308059232
DTSR14,hrnet32,gaussian_blur,8,174,0.12971967412431276,0.12971967412431276,0.016827193854917898
DTSR14,hrnet32,gaussian_blur,8,175,0.08502013820661428,0.08502013820661428,0.007228423900671793
DTSR14,hrnet32,gaussian_blur,8,176,0.025353944735330678,0.025353944735330678,0.0006428225136422022
DTSR14,hrnet32,gaussian_blur,8,177,0.03272481716553311,0.03272481716553311,0.0010709136585175705
DTSR14,hrnet32,gaussian_blur,8,178,0.05215817703327748,0.05215817703327748,0.0027204754314347143
DTSR14,hrnet32,gaussian_blur,8,179,0.3069695896039399,0.3069695896039399,0.09423032894161128
DTSR14,hrnet32,gaussian_blur,8,180,0.24861506627557822,0.24861506627557822,0.061809451179210155
DTSR14,hrnet32,gaussian_blur,8,181,0.23389814687837418,0.23389814687837418,0.0547083431131375
DTSR14,hrnet32,gaussian_blur,8,182,0.30374122605772774,0.30374122605772774,0.09225873240705167
DTSR14,hrnet32,gaussian_blur,8,183,0.20275544881908275,0.20275544881908275,0.04110977202582768
DTSR14,hrnet32,gaussian_blur,8,184,0.28860253193881324,0.28860253193881324,0.08329142144149372
DTSR14,hrnet32,gaussian_blur,8,185,0.28041909845673046,0.28041909845673046,0.07863487077928549
DTSR14,hrnet32,gaussian_blur,8,186,0.09823580113720033,0.09823580113720033,0.00965027262506757
DTSR14,hrnet32,gaussian_blur,8,187,0.5135383831236964,0.5135383831236964,0.26372167094130033
DTSR14,hrnet32,gaussian_blur,8,188,0.17100630630977523,0.17100630630977523,0.029243156797712673
DTSR14,hrnet32,gaussian_blur,8,189,0.2599238300401225,0.2599238300401225,0.06756039742272647
DTSR14,hrnet32,gaussian_blur,8,190,0.08780479959651352,0.08780479959651352,0.0077096828321839015
DTSR14,hrnet32,gaussian_blur,8,191,0.1243226965673174,0.1243226965673174,0.015456132881769273
DTSR14,hrnet32,gaussian_blur,8,192,0.15453406267778544,0.15453406267778544,0.02388077652770172
DTSR14,hrnet32,gaussian_blur,8,193,0.06624039104891717,0.06624039104891717,0.004387789406313466
DTSR14,hrnet32,gaussian_blur,8,194,0.0873479505669191,0.0873479505669191,0.007629664468240943
DTSR14,hrnet32,gaussian_blur,8,195,0.05085818898096504,0.05085818898096504,0.0025865553864235537
DTSR14,hrnet32,gaussian_blur,8,196,0.05370170104386477,0.05370170104386477,0.0028838726950046268
DTSR14,hrnet32,gaussian_blur,8,197,0.17977371821731294,0.17977371821731294,0.032318589761677834
DTSR14,hrnet32,gaussian_blur,8,198,0.09375831001848076,0.09375831001848076,0.008790620697521548
DTSR14,hrnet32,gaussian_blur,8,199,0.07937568669066199,0.07937568669066199,0.0063004996376141344
DTSR14,hrnet32,gaussian_blur,12,0,0.06112282644288068,0.06112282644288068,0.0037359999123665138
DTSR14,hrnet32,gaussian_blur,12,1,0.07793913465379224,0.07793913465379224,0.006074508710581958
DTSR14,hrnet32,gaussian_blur,12,2,0.14663768440341157,0.14663768440341157,0.021502610487194533
DTSR14,hrnet32,gaussian_blur,12,3,0.29775990810096964,0.29775990810096964,0.08866096287229788
DTSR14,hrnet32,gaussian_blur,12,4,0.06161325154075555,0.06161325154075555,0.0037961927654244164
DTSR14,hrnet32,gaussian_blur,12,5,0.16261965211261165,0.16261965211261165,0.02644515125322684
DTSR14,hrnet32,gaussian_blur,12,6,0.21437176983019576,0.21437176983019576,0.04595525570013043
DTSR14,hrnet32,gaussian_blur,12,7,0.09666561921878349,0.09666561921878349,0.009344241938950844
DTSR14,hrnet32,gaussian_blur,12,8,0.3464350746704332,0.3464350746704332,0.12001726096190864
DTSR14,hrnet32,gaussian_blur,12,9,0.19436161409269698,0.19436161409269698,0.03777643703271846
DTSR14,hrnet32,gaussian_blur,12,10,0.2905050206367853,0.2905050206367853,0.08439316701517904
DTSR14,hrnet32,gaussian_blur,12,11,0.28389355738046795,0.28389355738046795,0.08059555192213705
DTSR14,hrnet32,gaussian_blur,12,12,0.25144049976432686,0.25144049976432686,0.06322232492173446
DTSR14,hrnet32,gaussian_blur,12,13,0.10672617436038655,0.10672617436038655,0.011390476293603631
DTSR14,hrnet32,gaussian_blur,12,14,0.020234514651712006,0.020234514651712006,0.00040943558319034783
DTSR14,hrnet32,gaussian_blur,12,15,0.16664307805402734,0.16664307805402734,0.02776991546332065
DTSR14,hrnet32,gaussian_blur,12,16,0.1735805285038823,0.1735805285038823,0.0301301998756871
DTSR14,hrnet32,gaussian_blur,12,17,0.22748344471589546,0.22748344471589546,0.05174871761980987
DTSR14,hrnet32,gaussian_blur,12,18,0.1401070171161514,0.1401070171161514,0.01962997624518554
DTSR14,hrnet32,gaussian_blur,12,19,0.12046158249007381,0.12046158249007381,0.014510992856012858
DTSR14,hrnet32,gaussian_blur,12,20,0.23327030383777653,0.23327030383777653,0.05441503465256858
DTSR14,hrnet32,gaussian_blur,12,21,0.14495853126962183,0.14495853126962183,0.02101297578784593
DTSR14,hrnet32,gaussian_blur,12,22,0.08397819473381228,0.08397819473381228,0.007052337190750097
DTSR14,hrnet32,gaussian_blur,12,23,0.21371812046322278,0.21371812046322278,0.045675435014332605
DTSR14,hrnet32,gaussian_blur,12,24,0.15181455880146694,0.15181455880146694,0.02304766026408406
DTSR14,hrnet32,gaussian_blur,12,25,0.16513579175932344,0.16513579175932344,0.027269829719978635
DTSR14,hrnet32,gaussian_blur,12,26,0.08266909765769487,0.08266909765769487,0.006834179707537491
DTSR14,hrnet32,gaussian_blur,12,27,0.4146300972271741,0.4146300972271741,0.17191811752661584
DTSR14,hrnet32,gaussian_blur,12,28,0.07453010954749476,0.07453010954749476,0.005554737229161569
DTSR14,hrnet32,gaussian_blur,12,29,0.14445998987415973,0.14445998987415973,0.02086868867444233
DTSR14,hrnet32,gaussian_blur,12,30,0.2091558266326973,0.2091558266326973,0.04374615981440693
DTSR14,hrnet32,gaussian_blur,12,31,0.05482933128295178,0.05482933128295178,0.003006255568935675
DTSR14,hrnet32,gaussian_blur,12,32,0.16017694616950695,0.16017694616950695,0.02565665408418913
DTSR14,hrnet32,gaussian_blur,12,33,0.10631460582455458,0.10631460582455458,0.011302795411630415
DTSR14,hrnet32,gaussian_blur,12,34,0.3183715203592961,0.3183715203592961,0.10136042497588969
DTSR14,hrnet32,gaussian_blur,12,35,0.15600218870469895,0.15600218870469895,0.0243366828806565
DTSR14,hrnet32,gaussian_blur,12,36,0.2253476845744181,0.2253476845744181,0.05078157894305143
DTSR14,hrnet32,gaussian_blur,12,37,0.1100158242012759,0.1100158242012759,0.012103481574686043
DTSR14,hrnet32,gaussian_blur,12,38,0.21901284983500963,0.21901284983500963,0.04796662839285248
DTSR14,hrnet32,gaussian_blur,12,39,0.3681149095813875,0.3681149095813875,0.1355085866561131
DTSR14,hrnet32,gaussian_blur,12,40,0.1143322423933167,0.1143322423933167,0.013071861650684123
DTSR14,hrnet32,gaussian_blur,12,41,0.2786484302294553,0.2786484302294553,0.07764494766933962
DTSR14,hrnet32,gaussian_blur,12,42,0.21799082156405414,0.21799082156405414,0.04751999828617129
DTSR14,hrnet32,gaussian_blur,12,43,0.2723442629070023,0.2723442629070023,0.0741713975383584
DTSR14,hrnet32,gaussian_blur,12,44,0.2732267541555717,0.2732267541555717,0.07465285918638921
DTSR14,hrnet32,gaussian_blur,12,45,0.11259129272070917,0.11259129272070917,0.012676799196520417
DTSR14,hrnet32,gaussian_blur,12,46,0.05496544711733997,0.05496544711733997,0.003021200376809097
DTSR14,hrnet32,gaussian_blur,12,47,0.32986938251372405,0.32986938251372405,0.1088138095199856
DTSR14,hrnet32,gaussian_blur,12,48,0.12208604191941365,0.12208604191941365,0.014905001631548826
DTSR14,hrnet32,gaussian_blur,12,49,0.2506187975573087,0.2506187975573087,0.06280978168907128
DTSR14,hrnet32,gaussian_blur,12,50,0.11524188680757226,0.11524188680757226,0.013280692474969297
DTSR14,hrnet32,gaussian_blur,12,51,0.047753364858686836,0.047753364858686836,0.002280383855326867
DTSR14,hrnet32,gaussian_blur,12,52,0.08308798872124981,0.08308798872124981,0.006903613869742536
DTSR14,hrnet32,gaussian_blur,12,53,0.1175542149308463,0.1175542149308463,0.013818993448007608
DTSR14,hrnet32,gaussian_blur,12,54,0.1290689702016377,0.1290689702016377,0.016658799068911243
DTSR14,hrnet32,gaussian_blur,12,55,0.15279832109399563,0.15279832109399563,0.02334732692914379
DTSR14,hrnet32,gaussian_blur,12,56,0.09899105014649734,0.09899105014649734,0.009799228009106351
DTSR14,hrnet32,gaussian_blur,12,57,0.19039674360665618,0.19039674360665618,0.03625091997601877
DTSR14,hrnet32,gaussian_blur,12,58,0.12984261823566612,0.12984261823566612,0.016859105510292936
DTSR14,hrnet32,gaussian_blur,12,59,0.12228664361699255,0.12228664361699255,0.014954023207109346
DTSR14,hrnet32,gaussian_blur,12,60,0.17771574587693617,0.17771574587693617,0.031582886332595754
DTSR14,hrnet32,gaussian_blur,12,61,0.23833846610488985,0.23833846610488985,0.056805224425231726
DTSR14,hrnet32,gaussian_blur,12,62,0.4398500801185759,0.4398500801185759,0.19346809298031764
DTSR14,hrnet32,gaussian_blur,12,63,0.15641823826339574,0.15641823826339574,0.02446666526142444
DTSR14,hrnet32,gaussian_blur,12,64,0.23758718749958904,0.23758718749958904,0.05644767166396488
DTSR14,hrnet32,gaussian_blur,12,65,0.11980511278022854,0.11980511278022854,0.01435326504828328
DTSR14,hrnet32,gaussian_blur,12,66,0.053802231123987736,0.053802231123987736,0.002894680073918995
DTSR14,hrnet32,gaussian_blur,12,67,0.16416471644075323,0.16416471644075323,0.026950054124072913
DTSR14,hrnet32,gaussian_blur,12,68,0.1496859565882523,0.1496859565882523,0.02240588559974015
DTSR14,hrnet32,gaussian_blur,12,69,0.38890676479954156,0.38890676479954156,0.15124847170684594
DTSR14,hrnet32,gaussian_blur,12,70,0.19742194866047313,0.19742194866047313,0.03897542581289849
DTSR14,hrnet32,gaussian_blur,12,71,0.04895831383322021,0.04895831383322021,0.0023969164933920813
DTSR14,hrnet32,gaussian_blur,12,72,0.21969182094818332,0.21969182094818332,0.04826449619152864
DTSR14,hrnet32,gaussian_blur,12,73,0.10232610079618182,0.10232610079618182,0.010470630904150362
DTSR14,hrnet32,gaussian_blur,12,74,0.12098827054704421,0.12098827054704421,0.014638161609964766
DTSR14,hrnet32,gaussian_blur,12,75,0.2897182081205626,0.2897182081205626,0.08393664011658962
DTSR14,hrnet32,gaussian_blur,12,76,0.07473142197277781,0.07473142197277781,0.005584785430073378
DTSR14,hrnet32,gaussian_blur,12,77,0.10334949984106596,0.10334949984106596,0.010681119117398493
DTSR14,hrnet32,gaussian_blur,12,78,0.15092805741058515,0.15092805741058515,0.02277927851373289
DTSR14,hrnet32,gaussian_blur,12,79,0.09570136972152922,0.09570136972152922,0.00915875216657683
DTSR14,hrnet32,gaussian_blur,12,80,0.060440754322757535,0.060440754322757535,0.0036530847831039337
DTSR14,hrnet32,gaussian_blur,12,81,0.15424981109998212,0.15424981109998212,0.023793004224380167
DTSR14,hrnet32,gaussian_blur,12,82,0.2007569558217924,0.2007569558217924,0.04030335531083311
DTSR14,hrnet32,gaussian_blur,12,83,0.16157154285358277,0.16157154285358277,0.026105363460087135
DTSR14,hrnet32,gaussian_blur,12,84,0.25782540680787913,0.25782540680787913,0.06647394039564837
DTSR14,hrnet32,gaussian_blur,12,85,0.16081297452276636,0.16081297452276636,0.025860812774859902
DTSR14,hrnet32,gaussian_blur,12,86,0.12436950199444556,0.12436950199444556,0.015467773026346398
DTSR14,hrnet32,gaussian_blur,12,87,0.3349056957942934,0.3349056957942934,0.1121618250754598
DTSR14,hrnet32,gaussian_blur,12,88,0.08641918361957039,0.08641918361957039,0.0074682752974730236
DTSR14,hrnet32,gaussian_blur,12,89,0.3262655216028695,0.3262655216028695,0.10644919058679249
DTSR14,hrnet32,gaussian_blur,12,90,0.2107939281990199,0.2107939281990199,0.044434080165573556
DTSR14,hrnet32,gaussian_blur,12,91,0.29321066051518113,0.29321066051518113,0.0859724914397488
DTSR14,hrnet32,gaussian_blur,12,92,0.255134279010229,0.255134279010229,0.06509350032606938
DTSR14,hrnet32,gaussian_blur,12,93,0.1413650481242732,0.1413650481242732,0.019984076831178078
DTSR14,hrnet32,gaussian_blur,12,94,0.13864409772289069,0.13864409772289069,0.019222185833394464
DTSR14,hrnet32,gaussian_blur,12,95,0.14899703270930603,0.14899703270930603,0.022200115756178012
DTSR14,hrnet32,gaussian_blur,12,96,0.11573973023141466,0.11573973023141466,0.013395685154040642
DTSR14,hrnet32,gaussian_blur,12,97,0.14745157104851717,0.14745157104851717,0.021741965804675904
DTSR14,hrnet32,gaussian_blur,12,98,0.07590156510329409,0.07590156510329409,0.005761047585129591
DTSR14,hrnet32,gaussian_blur,12,99,0.017241905354082727,0.017241905354082727,0.0002972833002391466
DTSR14,hrnet32,gaussian_blur,12,100,0.31553767450108866,0.31553767450108866,0.09956402402955497
DTSR14,hrnet32,gaussian_blur,12,101,0.10136847923099788,0.10136847923099788,0.010275568581605249
DTSR14,hrnet32,gaussian_blur,12,102,0.0608986287268962,0.0608986287268962,0.003708642980816347
DTSR14,hrnet32,gaussian_blur,12,103,0.07895945248513808,0.07895945248513808,0.006234595136752778
DTSR14,hrnet32,gaussian_blur,12,104,0.15594513243304262,0.15594513243304262,0.0243188843295592
DTSR14,hrnet32,gaussian_blur,12,105,0.16511090257156164,0.16511090257156164,0.02726161014799572
DTSR14,hrnet32,gaussian_blur,12,106,0.2634084403739794,0.2634084403739794,0.06938400646025228
DTSR14,hrnet32,gaussian_blur,12,107,0.17037946015049876,0.17037946015049876,0.029029160441175397
DTSR14,hrnet32,gaussian_blur,12,108,0.042871563902984786,0.042871563902984786,0.001837970991487708
DTSR14,hrnet32,gaussian_blur,12,109,0.21135566263082792,0.21135566263082792,0.044671216126116346
DTSR14,hrnet32,gaussian_blur,12,110,0.19217555229640282,0.19217555229640282,0.03693144290042746
DTSR14,hrnet32,gaussian_blur,12,111,0.2282617391741343,0.2282617391741343,0.05210342157080052
DTSR14,hrnet32,gaussian_blur,12,112,0.19668120162179573,0.19668120162179573,0.03868349507139346
DTSR14,hrnet32,gaussian_blur,12,113,0.10156342340650498,0.10156342340650498,0.010315128974049004
DTSR14,hrnet32,gaussian_blur,12,114,0.08040836712034513,0.08040836712034513,0.0064655055029602
DTSR14,hrnet32,gaussian_blur,12,115,0.07864487772057081,0.07864487772057081,0.006185016791683535
DTSR14,hrnet32,gaussian_blur,12,116,0.25919422993056235,0.25919422993056235,0.06718164882929722
DTSR14,hrnet32,gaussian_blur,12,117,0.16817094248964295,0.16817094248964295,0.0282814658978548
DTSR14,hrnet32,gaussian_blur,12,118,0.25358237018589636,0.25358237018589636,0.06430401846909697
DTSR14,hrnet32,gaussian_blur,12,119,0.020178630578165192,0.020178630578165192,0.0004071771320100633
DTSR14,hrnet32,gaussian_blur,12,120,0.28434666371383,0.28434666371383,0.08085302516518593
DTSR14,hrnet32,gaussian_blur,12,121,0.07548574603855422,0.07548574603855422,0.005698097854997104
DTSR14,hrnet32,gaussian_blur,12,122,0.3439381918018983,0.3439381918018983,0.11829347977995937
DTSR14,hrnet32,gaussian_blur,12,123,0.09105728570700708,0.09105728570700708,0.008291429280327516
DTSR14,hrnet32,gaussian_blur,12,124,0.42962708947960776,0.42962708947960776,0.1845794360147189
DTSR14,hrnet32,gaussian_blur,12,125,0.04311649187742467,0.04311649187742467,0.0018590318718160273
DTSR14,hrnet32,gaussian_blur,12,126,0.15358199382334126,0.15358199382334126,0.023587428826752833
DTSR14,hrnet32,gaussian_blur,12,127,0.18990672113359033,0.18990672113359033,0.03606456273171125
DTSR14,hrnet32,gaussian_blur,12,128,0.2811747007572899,0.2811747007572899,0.07905921234595152
DTSR14,hrnet32,gaussian_blur,12,129,0.18836207732013144,0.18836207732013144,0.03548027217235517
DTSR14,hrnet32,gaussian_blur,12,130,0.40913124475887275,0.40913124475887275,0.16738837543794463
DTSR14,hrnet32,gaussian_blur,12,131,0.2003159976726085,0.2003159976726085,0.04012649892357249
DTSR14,hrnet32,gaussian_blur,12,132,0.3712050541305804,0.3712050541305804,0.13779319221208713
DTSR14,hrnet32,gaussian_blur,12,133,0.10097977297084738,0.10097977297084738,0.01019691454924388
DTSR14,hrnet32,gaussian_blur,12,134,0.14836783288802466,0.14836783288802466,0.02201301383588881
DTSR14,hrnet32,gaussian_blur,12,135,0.20927269942805615,0.20927269942805615,0.04379506272590553
DTSR14,hrnet32,gaussian_blur,12,136,0.16365301426403014,0.16365301426403014,0.026782309077702855
DTSR14,hrnet32,gaussian_blur,12,137,0.18950329246058897,0.18950329246058897,0.035911497853403515
DTSR14,hrnet32,gaussian_blur,12,138,0.3112235571027413,0.3112235571027413,0.09686010249568328
DTSR14,hrnet32,gaussian_blur,12,139,0.23718126827588978,0.23718126827588978,0.056254954020959605
DTSR14,hrnet32,gaussian_blur,12,140,0.15937366381212242,0.15937366381212242,0.02539996471689942
DTSR14,hrnet32,gaussian_blur,12,141,0.19565643810622893,0.19565643810622893,0.038281441772416595
DTSR14,hrnet32,gaussian_blur,12,142,0.0796777805417972,0.0796777805417972,0.006348548712066795
DTSR14,hrnet32,gaussian_blur,12,143,0.1978613728998383,0.1978613728998383,0.039149122885808865
DTSR14,hrnet32,gaussian_blur,12,144,0.16295184234619228,0.16295184234619228,0.026553302924018304
DTSR14,hrnet32,gaussian_blur,12,145,0.16721691962203217,0.16721691962203217,0.027961498207881165
DTSR14,hrnet32,gaussian_blur,12,146,0.1279250407585841,0.1279250407585841,0.016364816053085405
DTSR14,hrnet32,gaussian_blur,12,147,0.05593609221080641,0.05593609221080641,0.0031288464118158373
DTSR14,hrnet32,gaussian_blur,12,148,0.09426566290316973,0.09426566290316973,0.008886015202574031
DTSR14,hrnet32,gaussian_blur,12,149,0.16209762623519136,0.16209762623519136,0.0262756404310838
DTSR14,hrnet32,gaussian_blur,12,150,0.08617668151243803,0.08617668151243803,0.007426420436496178
DTSR14,hrnet32,gaussian_blur,12,151,0.08723175517503805,0.08723175517503805,0.007609379110917777
DTSR14,hrnet32,gaussian_blur,12,152,0.1344132364112364,0.1344132364112364,0.018066918122542925
DTSR14,hrnet32,gaussian_blur,12,153,0.24322674237592865,0.24322674237592865,0.05915924820680636
DTSR14,hrnet32,gaussian_blur,12,154,0.1023118102698175,0.1023118102698175,0.010467706520687134
DTSR14,hrnet32,gaussian_blur,12,155,0.07123443084295827,0.07123443084295827,0.005074344137520205
DTSR14,hrnet32,gaussian_blur,12,156,0.021843468911024202,0.021843468911024202,0.00047713713406688084
DTSR14,hrnet32,gaussian_blur,12,157,0.31448422619031563,0.31448422619031563,0.0989003285225216
DTSR14,hrnet32,gaussian_blur,12,158,0.11473216463169858,0.11473216463169858,0.013163469601075187
DTSR14,hrnet32,gaussian_blur,12,159,0.18781986792713223,0.18781986792713223,0.035276302788165396
DTSR14,hrnet32,gaussian_blur,12,160,0.18720820811310335,0.18720820811310335,0.03504691318491902
DTSR14,hrnet32,gaussian_blur,12,161,0.3728540166793596,0.3728540166793596,0.13902011775393214
DTSR14,hrnet32,gaussian_blur,12,162,0.06585164677172076,0.06585164677172076,0.004336439382547481
DTSR14,hrnet32,gaussian_blur,12,163,0.09821821136703075,0.09821821136703075,0.00964681704413873
DTSR14,hrnet32,gaussian_blur,12,164,0.07749944650809402,0.07749944650809402,0.006006164209060927
DTSR14,hrnet32,gaussian_blur,12,165,0.018461130500267972,0.018461130500267972,0.00034081333934792436
DTSR14,hrnet32,gaussian_blur,12,166,0.12095159763641844,0.12095159763641844,0.014629288970802063
DTSR14,hrnet32,gaussian_blur,12,167,0.3073604159769893,0.3073604159769893,0.09447042530954791
DTSR14,hrnet32,gaussian_blur,12,168,0.13383508634695884,0.13383508634695884,0.01791183033749793
DTSR14,hrnet32,gaussian_blur,12,169,0.14105369652290403,0.14105369652290403,0.01989614530277551
DTSR14,hrnet32,gaussian_blur,12,170,0.18766855420149145,0.18766855420149145,0.03521948623607814
DTSR14,hrnet32,gaussian_blur,12,171,0.17230280847240165,0.17230280847240165,0.029688257807477126
DTSR14,hrnet32,gaussian_blur,12,172,0.02295764623553535,0.02295764623553535,0.0005270535206759904
DTSR14,hrnet32,gaussian_blur,12,173,0.008022884721349176,0.008022884721349176,6.436667925205804e-05
DTSR14,hrnet32,gaussian_blur,12,174,0.1395565856559597,0.1395565856559597,0.019476040599949212
DTSR14,hrnet32,gaussian_blur,12,175,0.0382106289260549,0.0382106289260549,0.0014600521629246637
DTSR14,hrnet32,gaussian_blur,12,176,0.041946119410012805,0.041946119410012805,0.001759476933559053
DTSR14,hrnet32,gaussian_blur,12,177,0.16037831499284053,0.16037831499284053,0.025721203919942776
DTSR14,hrnet32,gaussian_blur,12,178,0.09337203220993076,0.09337203220993076,0.008718336399012348
DTSR14,hrnet32,gaussian_blur,12,179,0.28748507833911685,0.28748507833911685,0.08264767026764815
DTSR14,hrnet32,gaussian_blur,12,180,0.39679124744421596,0.39679124744421596,0.157443294048337
DTSR14,hrnet32,gaussian_blur,12,181,0.22146739399222212,0.22146739399222212,0.04904780660170614
DTSR14,hrnet32,gaussian_blur,12,182,0.3042424313194091,0.3042424313194091,0.09256345701514536
DTSR14,hrnet32,gaussian_blur,12,183,0.10991420161840967,0.10991420161840967,0.012081131717412411
DTSR14,hrnet32,gaussian_blur,12,184,0.30681664600961706,0.30681664600961706,0.09413645426859066
DTSR14,hrnet32,gaussian_blur,12,185,0.17834336086736294,0.17834336086736294,0.031806354365466444
DTSR14,hrnet32,gaussian_blur,12,186,0.24364897445122455,0.24364897445122455,0.05936482275113347
DTSR14,hrnet32,gaussian_blur,12,187,0.4455491426864896,0.4455491426864896,0.19851403854866587
DTSR14,hrnet32,gaussian_blur,12,188,0.1731343942080833,0.1731343942080833,0.02997551845779999
DTSR14,hrnet32,gaussian_blur,12,189,0.31730301013981127,0.31730301013981127,0.10068120024378517
DTSR14,hrnet32,gaussian_blur,12,190,0.1966945688506321,0.1966945688506321,0.03868875341533606
DTSR14,hrnet32,gaussian_blur,12,191,0.08845430631834406,0.08845430631834406,0.007824164306259441
DTSR14,hrnet32,gaussian_blur,12,192,0.13955063922022076,0.13955063922022076,0.019474380906772216
DTSR14,hrnet32,gaussian_blur,12,193,0.07744588452517098,0.07744588452517098,0.0059978650298861185
DTSR14,hrnet32,gaussian_blur,12,194,0.16677297436840388,0.16677297436840388,0.027813224979684296
DTSR14,hrnet32,gaussian_blur,12,195,0.14717091151245265,0.14717091151245265,0.021659277195406168
DTSR14,hrnet32,gaussian_blur,12,196,0.13204918187375367,0.13204918187375367,0.017436986433527674
DTSR14,hrnet32,gaussian_blur,12,197,0.1403117687135824,0.1403117687135824,0.019687392439533838
DTSR14,hrnet32,gaussian_blur,12,198,0.1333755873438453,0.1333755873438453,0.017789047299315706
DTSR14,hrnet32,gaussian_blur,12,199,0.0238200108608244,0.0238200108608244,0.0005673929174097923
DTSR14,hrnet32,defocus_blur,5,0,0.09669869193506714,0.09669869193506714,0.009350637021953018
DTSR14,hrnet32,defocus_blur,5,1,0.22047492203090624,0.22047492203090624,0.04860919124453419
DTSR14,hrnet32,defocus_blur,5,2,0.17210396324725757,0.17210396324725757,0.029619774165413386
DTSR14,hrnet32,defocus_blur,5,3,0.11582833247406266,0.11582833247406266,0.013416202603721998
DTSR14,hrnet32,defocus_blur,5,4,0.14980088687460227,0.14980088687460227,0.022440305708417388
DTSR14,hrnet32,defocus_blur,5,5,0.04896088389958757,0.04896088389958757,0.002397168152228893
DTSR14,hrnet32,defocus_blur,5,6,0.1838449893745878,0.1838449893745878,0.0337989801181423
DTSR14,hrnet32,defocus_blur,5,7,0.12015988837470819,0.12015988837470819,0.014438398774222332
DTSR14,hrnet32,defocus_blur,5,8,0.14316068123071943,0.14316068123071943,0.02049498065044366
DTSR14,hrnet32,defocus_blur,5,9,0.23132365176401196,0.23132365176401196,0.05351063186543787
DTSR14,hrnet32,defocus_blur,5,10,0.09608089164455236,0.09608089164455236,0.00923153773921221
DTSR14,hrnet32,defocus_blur,5,11,0.20872444338422258,0.20872444338422258,0.043565893266053535
DTSR14,hrnet32,defocus_blur,5,12,0.3077676242432917,0.3077676242432917,0.09472091053235998
DTSR14,hrnet32,defocus_blur,5,13,0.07664860112721847,0.07664860112721847,0.005875008054759437
DTSR14,hrnet32,defocus_blur,5,14,0.2899846087047983,0.2899846087047983,0.08409107328567499
DTSR14,hrnet32,defocus_blur,5,15,0.013485818892960563,0.013485818892960563,0.00018186731121373208
DTSR14,hrnet32,defocus_blur,5,16,0.057624184784291245,0.057624184784291245,0.0033205466720541425
DTSR14,hrnet32,defocus_blur,5,17,0.03528898948202903,0.03528898948202903,0.0012453127786627553
DTSR14,hrnet32,defocus_blur,5,18,0.0512118800876923,0.0512118800876923,0.002622656662116175
DTSR14,hrnet32,defocus_blur,5,19,0.2536430582379239,0.2536430582379239,0.06433480099228685
DTSR14,hrnet32,defocus_blur,5,20,0.01929603791765492,0.01929603791765492,0.0003723370793195764
DTSR14,hrnet32,defocus_blur,5,21,0.21029572881711955,0.21029572881711955,0.04422429355872349
DTSR14,hrnet32,defocus_blur,5,22,0.04593295068617075,0.04593295068617075,0.0021098359587381943
DTSR14,hrnet32,defocus_blur,5,23,0.06569787691193699,0.06569787691193699,0.004316211030736023
DTSR14,hrnet32,defocus_blur,5,24,0.03186509972449725,0.03186509972449725,0.0010153845804521545
DTSR14,hrnet32,defocus_blur,5,25,0.05899777960856859,0.05899777960856859,0.003480737998741232
DTSR14,hrnet32,defocus_blur,5,26,0.04592986464142425,0.04592986464142425,0.0021095524659795533
DTSR14,hrnet32,defocus_blur,5,27,0.08247996987926631,0.08247996987926631,0.0068029454312846785
DTSR14,hrnet32,defocus_blur,5,28,0.17658277204180353,0.17658277204180353,0.03118147538196755
DTSR14,hrnet32,defocus_blur,5,29,0.029206542587796924,0.029206542587796924,0.0008530221299327955
DTSR14,hrnet32,defocus_blur,5,30,0.17604814206259753,0.17604814206259753,0.03099294832369252
DTSR14,hrnet32,defocus_blur,5,31,0.4519953799457076,0.4519953799457076,0.20429982349226458
DTSR14,hrnet32,defocus_blur,5,32,0.04070704950138844,0.04070704950138844,0.0016570638791084888
DTSR14,hrnet32,defocus_blur,5,33,0.2802333605720572,0.2802333605720572,0.07853073637750864
DTSR14,hrnet32,defocus_blur,5,34,0.05333967603899738,0.05333967603899738,0.0028451210399451908
DTSR14,hrnet32,defocus_blur,5,35,0.12366941639866501,0.12366941639866501,0.015294124552386393
DTSR14,hrnet32,defocus_blur,5,36,0.3093605111886721,0.3093605111886721,0.0957039258829165
DTSR14,hrnet32,defocus_blur,5,37,0.3832359301905852,0.3832359301905852,0.1468697781890431
DTSR14,hrnet32,defocus_blur,5,38,0.10160396797152726,0.10160396797152726,0.010323366307559138
DTSR14,hrnet32,defocus_blur,5,39,0.10446027603640909,0.10446027603640909,0.010911949269602783
DTSR14,hrnet32,defocus_blur,5,40,0.12677964776047498,0.12677964776047498,0.01607307908627011
DTSR14,hrnet32,defocus_blur,5,41,0.08236216399900118,0.08236216399900118,0.0067835260585983655
DTSR14,hrnet32,defocus_blur,5,42,0.11554308854290676,0.11554308854290676,0.013350205310033992
DTSR14,hrnet32,defocus_blur,5,43,0.12310633816704417,0.12310633816704417,0.015155170496898636
DTSR14,hrnet32,defocus_blur,5,44,0.11786842463623524,0.11786842463623524,0.013892965526227867
DTSR14,hrnet32,defocus_blur,5,45,0.08912344787778845,0.08912344787778845,0.007942988961624875
DTSR14,hrnet32,defocus_blur,5,46,0.06130802062446033,0.06130802062446033,0.003758673392889253
DTSR14,hrnet32,defocus_blur,5,47,0.2848268510266717,0.2848268510266717,0.08112633506576984
DTSR14,hrnet32,defocus_blur,5,48,0.048856826245919915,0.048856826245919915,0.002386989470824009
DTSR14,hrnet32,defocus_blur,5,49,0.07866284001693345,0.07866284001693345,0.006187842399529667
DTSR14,hrnet32,defocus_blur,5,50,0.06427119017367804,0.06427119017367804,0.004130785886341088
DTSR14,hrnet32,defocus_blur,5,51,0.36129673333106455,0.36129673333106455,0.13053532951569838
DTSR14,hrnet32,defocus_blur,5,52,0.06670279583687333,0.06670279583687333,0.004449262972455606
DTSR14,hrnet32,defocus_blur,5,53,0.0814915665181529,0.0814915665181529,0.006640875413582538
DTSR14,hrnet32,defocus_blur,5,54,0.2921238754955867,0.2921238754955867,0.08533635863456104
DTSR14,hrnet32,defocus_blur,5,55,0.07240840384824936,0.07240840384824936,0.0052429769478511724
DTSR14,hrnet32,defocus_blur,5,56,0.02495135075586486,0.02495135075586486,0.000622569904542198
DTSR14,hrnet32,defocus_blur,5,57,0.13917461425854888,0.13917461425854888,0.019369573254015875
DTSR14,hrnet32,defocus_blur,5,58,0.08016916765765646,0.08016916765765646,0.00642709544292143
DTSR14,hrnet32,defocus_blur,5,59,0.12499801350277702,0.12499801350277702,0.015624503379640426
DTSR14,hrnet32,defocus_blur,5,60,0.11344359781390721,0.11344359781390721,0.012869449884963533
DTSR14,hrnet32,defocus_blur,5,61,0.013773072038941998,0.013773072038941998,0.0001896975133898859
DTSR14,hrnet32,defocus_blur,5,62,0.2907769430400235,0.2907769430400235,0.08455123060370107
DTSR14,hrnet32,defocus_blur,5,63,0.17943020646213725,0.17943020646213725,0.0321951989910452
DTSR14,hrnet32,defocus_blur,5,64,0.06777645514093748,0.06777645514093748,0.004593647871471511
DTSR14,hrnet32,defocus_blur,5,65,0.15337242108387866,0.15337242108387866,0.023523099549130587
DTSR14,hrnet32,defocus_blur,5,66,0.3299200925232317,0.3299200925232317,0.10884726745053776
DTSR14,hrnet32,defocus_blur,5,67,0.06564713984539522,0.06564713984539522,0.004309546969880877
DTSR14,hrnet32,defocus_blur,5,68,0.05962763096515437,0.05962763096515437,0.003555454374516636
DTSR14,hrnet32,defocus_blur,5,69,0.07875275792162748,0.07875275792162748,0.006201996880262459
DTSR14,hrnet32,defocus_blur,5,70,0.031921492350825406,0.031921492350825406,0.001018981673903805
DTSR14,hrnet32,defocus_blur,5,71,0.08911833191557303,0.08911833191557303,0.007942077083414243
DTSR14,hrnet32,defocus_blur,5,72,0.11030725705731735,0.11030725705731735,0.012167690959509089
DTSR14,hrnet32,defocus_blur,5,73,0.13044183026597753,0.13044183026597753,0.01701507108313809
DTSR14,hrnet32,defocus_blur,5,74,0.05522118831099662,0.05522118831099662,0.00304937963847855
DTSR14,hrnet32,defocus_blur,5,75,0.06663585668839611,0.06663585668839611,0.004440337396596465
DTSR14,hrnet32,defocus_blur,5,76,0.15461992425940851,0.15461992425940851,0.023907320977985227
DTSR14,hrnet32,defocus_blur,5,77,0.19776993286735597,0.19776993286735597,0.039112946346358486
DTSR14,hrnet32,defocus_blur,5,78,0.23035092934637463,0.23035092934637463,0.053061550650738476
DTSR14,hrnet32,defocus_blur,5,79,0.05845763002243742,0.05845763002243742,0.003417294507840177
DTSR14,hrnet32,defocus_blur,5,80,0.09157498829280455,0.09157498829280455,0.008385978480827292
DTSR14,hrnet32,defocus_blur,5,81,0.11596632998611622,0.11596632998611622,0.013448189690448798
DTSR14,hrnet32,defocus_blur,5,82,0.04750867928894427,0.04750867928894427,0.0022570746077797623
DTSR14,hrnet32,defocus_blur,5,83,0.09111335931623617,0.09111335931623617,0.008301644245889559
DTSR14,hrnet32,defocus_blur,5,84,0.17009326468382377,0.17009326468382377,0.02893171869080133
DTSR14,hrnet32,defocus_blur,5,85,0.09929718184152668,0.09929718184152668,0.009859930321669215
DTSR14,hrnet32,defocus_blur,5,86,0.03987834284402652,0.03987834284402652,0.0015902822279857212
DTSR14,hrnet32,defocus_blur,5,87,0.30088168580889263,0.30088168580889263,0.09052978885520117
DTSR14,hrnet32,defocus_blur,5,88,0.10680512064241733,0.10680512064241733,0.01140733379544132
DTSR14,hrnet32,defocus_blur,5,89,0.30951931931043364,0.30951931931043364,0.09580220902639418
DTSR14,hrnet32,defocus_blur,5,90,0.2569381565278351,0.2569381565278351,0.06601721627992228
DTSR14,hrnet32,defocus_blur,5,91,0.17289973740475872,0.17289973740475872,0.029894319194634523
DTSR14,hrnet32,defocus_blur,5,92,0.15368966619394395,0.15368966619394395,0.023620513494805918
DTSR14,hrnet32,defocus_blur,5,93,0.06695770680622073,0.06695770680622073,0.0044833345007478185
DTSR14,hrnet32,defocus_blur,5,94,0.11075275015193878,0.11075275015193878,0.012266171666217775
DTSR14,hrnet32,defocus_blur,5,95,0.08380378374545842,0.08380378374545842,0.0070230741700555615
DTSR14,hrnet32,defocus_blur,5,96,0.06522338135907049,0.06522338135907049,0.004254089475910744
DTSR14,hrnet32,defocus_blur,5,97,0.1690834212315321,0.1690834212315321,0.028589203335359723
DTSR14,hrnet32,defocus_blur,5,98,0.10881192999755679,0.10881192999755679,0.011840036109793199
DTSR14,hrnet32,defocus_blur,5,99,0.05611950505989517,0.05611950505989517,0.0031493988481676
DTSR14,hrnet32,defocus_blur,5,100,0.20578353111178055,0.20578353111178055,0.04234686167683315
DTSR14,hrnet32,defocus_blur,5,101,0.07951226100078104,0.07951226100078104,0.006322199649456326
DTSR14,hrnet32,defocus_blur,5,102,0.08606795333594389,0.08606795333594389,0.007407692591438214
DTSR14,hrnet32,defocus_blur,5,103,0.1336016151828238,0.1336016151828238,0.017849391579459334
DTSR14,hrnet32,defocus_blur,5,104,0.08590267328001867,0.08590267328001867,0.007379269276653634
DTSR14,hrnet32,defocus_blur,5,105,0.14761875602889965,0.14761875602889965,0.021791297131519796
DTSR14,hrnet32,defocus_blur,5,106,0.35301285798232745,0.35301285798232745,0.12461807790085089
DTSR14,hrnet32,defocus_blur,5,107,0.2105294460316771,0.2105294460316771,0.04432264764640483
DTSR14,hrnet32,defocus_blur,5,108,0.11485579450806582,0.11485579450806582,0.013191853532079044
DTSR14,hrnet32,defocus_blur,5,109,0.009189002120657817,0.009189002120657817,8.443775997345386e-05
DTSR14,hrnet32,defocus_blur,5,110,0.05123877975320328,0.05123877975320328,0.0026254125505972745
DTSR14,hrnet32,defocus_blur,5,111,0.14374237555300973,0.14374237555300973,0.020661870529622487
DTSR14,hrnet32,defocus_blur,5,112,0.09351534980671414,0.09351534980671414,0.00874512064947211
DTSR14,hrnet32,defocus_blur,5,113,0.1780668552517911,0.1780668552517911,0.03170780493926233
DTSR14,hrnet32,defocus_blur,5,114,0.03562310276301542,0.03562310276301542,0.0012690054504643567
DTSR14,hrnet32,defocus_blur,5,115,0.2467424301139929,0.2467424301139929,0.06088182681855868
DTSR14,hrnet32,defocus_blur,5,116,0.21073589813026095,0.21073589813026095,0.04440961876076772
DTSR14,hrnet32,defocus_blur,5,117,0.17462540640862512,0.17462540640862512,0.03049403256337749
DTSR14,hrnet32,defocus_blur,5,118,0.061394686550579024,0.061394686550579024,0.0037693075366438487
DTSR14,hrnet32,defocus_blur,5,119,0.11500528453999562,0.11500528453999562,0.013226215472125356
DTSR14,hrnet32,defocus_blur,5,120,0.04264518161560055,0.04264518161560055,0.0018186115150275548
DTSR14,hrnet32,defocus_blur,5,121,0.07613733518930764,0.07613733518930764,0.0057968938097289835
DTSR14,hrnet32,defocus_blur,5,122,0.057087677006709706,0.057087677006709706,0.003259002866022412
DTSR14,hrnet32,defocus_blur,5,123,0.03301061134620673,0.03301061134620673,0.0010897004614503127
DTSR14,hrnet32,defocus_blur,5,124,0.24799704596249803,0.24799704596249803,0.06150253480612536
DTSR14,hrnet32,defocus_blur,5,125,0.09214834662351502,0.09214834662351502,0.008491317785447473
DTSR14,hrnet32,defocus_blur,5,126,0.23915201146107656,0.23915201146107656,0.057193684585878896
DTSR14,hrnet32,defocus_blur,5,127,0.1796017728031571,0.1796017728031571,0.032256796794036854
DTSR14,hrnet32,defocus_blur,5,128,0.32227938559259617,0.32227938559259617,0.10386400237794129
DTSR14,hrnet32,defocus_blur,5,129,0.20639285841665223,0.20639285841665223,0.04259801200539625
DTSR14,hrnet32,defocus_blur,5,130,0.4918353338926076,0.4918353338926076,0.24190199566525278
DTSR14,hrnet32,defocus_blur,5,131,0.03408859282816217,0.03408859282816217,0.0011620321610042294
DTSR14,hrnet32,defocus_blur,5,132,0.11964859779179907,0.11964859779179907,0.014315786953543705
DTSR14,hrnet32,defocus_blur,5,133,0.15303150381598601,0.15303150381598601,0.023418641160182142
DTSR14,hrnet32,defocus_blur,5,134,0.18233882039202767,0.18233882039202767,0.03324744542195612
DTSR14,hrnet32,defocus_blur,5,135,0.08317962154486952,0.08317962154486952,0.006918849440347721
DTSR14,hrnet32,defocus_blur,5,136,0.09925268654050398,0.09925268654050398,0.00985109578550754
DTSR14,hrnet32,defocus_blur,5,137,0.13267570342512083,0.13267570342512083,0.01760284227935062
DTSR14,hrnet32,defocus_blur,5,138,0.11817814398645571,0.11817814398645571,0.013966073716083457
DTSR14,hrnet32,defocus_blur,5,139,0.3223971533679274,0.3223971533679274,0.1039399244997429
DTSR14,hrnet32,defocus_blur,5,140,0.18654925609053688,0.18654925609053688,0.034800624947932714
DTSR14,hrnet32,defocus_blur,5,141,0.15538239593355058,0.15538239593355058,0.024143688966050673
DTSR14,hrnet32,defocus_blur,5,142,0.07447798213961639,0.07447798213961639,0.005546969823589017
DTSR14,hrnet32,defocus_blur,5,143,0.06538551882853033,0.06538551882853033,0.004275266072476094
DTSR14,hrnet32,defocus_blur,5,144,0.05353748191191157,0.05353748191191157,0.002866261969468259
DTSR14,hrnet32,defocus_blur,5,145,0.04697779679517339,0.04697779679517339,0.002206913391728603
DTSR14,hrnet32,defocus_blur,5,146,0.3098428890641904,0.3098428890641904,0.09600261590364419
DTSR14,hrnet32,defocus_blur,5,147,0.09583608262063584,0.09583608262063584,0.009184554732069338
DTSR14,hrnet32,defocus_blur,5,148,0.08622304993984058,0.08622304993984058,0.007434414340928242
DTSR14,hrnet32,defocus_blur,5,149,0.19512651561879318,0.19512651561879318,0.03807435709753114
DTSR14,hrnet32,defocus_blur,5,150,0.11969182098498399,0.11969182098498399,0.014326132010701454
DTSR14,hrnet32,defocus_blur,5,151,0.047528994736670535,0.047528994736670535,0.0022590053406784556
DTSR14,hrnet32,defocus_blur,5,152,0.02945588312743453,0.02945588312743453,0.0008676490508170823
DTSR14,hrnet32,defocus_blur,5,153,0.09830916944414274,0.09830916944414274,0.009664692796797169
DTSR14,hrnet32,defocus_blur,5,154,0.18442061165880957,0.18442061165880957,0.03401096200460945
DTSR14,hrnet32,defocus_blur,5,155,0.07178103214957977,0.07178103214957977,0.005152516576459005
DTSR14,hrnet32,defocus_blur,5,156,0.02114121587353719,0.02114121587353719,0.0004469510086115008
DTSR14,hrnet32,defocus_blur,5,157,0.2065717178087945,0.2065717178087945,0.042671874598476225
DTSR14,hrnet32,defocus_blur,5,158,0.23992745416521408,0.23992745416521408,0.0575651832622009
DTSR14,hrnet32,defocus_blur,5,159,0.1295595058745645,0.1295595058745645,0.016785665562461312
DTSR14,hrnet32,defocus_blur,5,160,0.1388605547281452,0.1388605547281452,0.01928225365940821
DTSR14,hrnet32,defocus_blur,5,161,0.37187942467322654,0.37187942467322654,0.13829430649528998
DTSR14,hrnet32,defocus_blur,5,162,0.17888996078310596,0.17888996078310596,0.032001618068981184
DTSR14,hrnet32,defocus_blur,5,163,0.022390269851383246,0.022390269851383246,0.0005013241840177616
DTSR14,hrnet32,defocus_blur,5,164,0.07885306418882929,0.07885306418882929,0.006217805731967631
DTSR14,hrnet32,defocus_blur,5,165,0.03599209406474649,0.03599209406474649,0.0012954308351655593
DTSR14,hrnet32,defocus_blur,5,166,0.08320022973073603,0.08320022973073603,0.006922278227247251
DTSR14,hrnet32,defocus_blur,5,167,0.4383824995423796,0.4383824995423796,0.19217921590502446
DTSR14,hrnet32,defocus_blur,5,168,0.05063304178847069,0.05063304178847069,0.002563704920753019
DTSR14,hrnet32,defocus_blur,5,169,0.023005915981028344,0.023005915981028344,0.0005292721701261353
DTSR14,hrnet32,defocus_blur,5,170,0.30622592793682035,0.30622592793682035,0.0937743189407667
DTSR14,hrnet32,defocus_blur,5,171,0.31089022136967087,0.31089022136967087,0.09665272974328296
DTSR14,hrnet32,defocus_blur,5,172,0.05771223694024442,0.05771223694024442,0.0033307022926469124
DTSR14,hrnet32,defocus_blur,5,173,0.025965223675444835,0.025965223675444835,0.000674192840515881
DTSR14,hrnet32,defocus_blur,5,174,0.06313278059333817,0.06313278059333817,0.003985747985446576
DTSR14,hrnet32,defocus_blur,5,175,0.031339900480474456,0.031339900480474456,0.000982189362126043
DTSR14,hrnet32,defocus_blur,5,176,0.021163194410360412,0.021163194410360412,0.0004478807976507102
DTSR14,hrnet32,defocus_blur,5,177,0.0661794077382223,0.0661794077382223,0.004379714008581877
DTSR14,hrnet32,defocus_blur,5,178,0.09272627713242015,0.09272627713242015,0.008598162470838385
DTSR14,hrnet32,defocus_blur,5,179,0.06136365771667142,0.06136365771667142,0.0037654984883688076
DTSR14,hrnet32,defocus_blur,5,180,0.3582017195157245,0.3582017195157245,0.12830847186402175
DTSR14,hrnet32,defocus_blur,5,181,0.18606593902769383,0.18606593902769383,0.03462053366625748
DTSR14,hrnet32,defocus_blur,5,182,0.2600802619113849,0.2600802619113849,0.06764174263589456
DTSR14,hrnet32,defocus_blur,5,183,0.41235322668585217,0.41235322668585217,0.1700351835582338
DTSR14,hrnet32,defocus_blur,5,184,0.1011039962974948,0.1011039962974948,0.01022201806732384
DTSR14,hrnet32,defocus_blur,5,185,0.29807101023784294,0.29807101023784294,0.08884632714420827
DTSR14,hrnet32,defocus_blur,5,186,0.1265147606712281,0.1265147606712281,0.016005984667698127
DTSR14,hrnet32,defocus_blur,5,187,0.3376257036419856,0.3376257036419856,0.11399111575974587
DTSR14,hrnet32,defocus_blur,5,188,0.2803054905225945,0.2803054905225945,0.07857116801711232
DTSR14,hrnet32,defocus_blur,5,189,0.15188564569260393,0.15188564569260393,0.023069249367459216
DTSR14,hrnet32,defocus_blur,5,190,0.1480281552784095,0.1480281552784095,0.021912334755128916
DTSR14,hrnet32,defocus_blur,5,191,0.197030101674467,0.197030101674467,0.0388208609658508
DTSR14,hrnet32,defocus_blur,5,192,0.10247296466081496,0.10247296466081496,0.010500708486376631
DTSR14,hrnet32,defocus_blur,5,193,0.061423180949169126,0.061423180949169126,0.003772807157914373
DTSR14,hrnet32,defocus_blur,5,194,0.2885071487279795,0.2885071487279795,0.08323637486714848
DTSR14,hrnet32,defocus_blur,5,195,0.05284524304232693,0.05284524304232693,0.0027926197122026025
DTSR14,hrnet32,defocus_blur,5,196,0.32513754397722877,0.32513754397722877,0.10571442250354438
DTSR14,hrnet32,defocus_blur,5,197,0.10786545033618501,0.10786545033618501,0.011634955376227996
DTSR14,hrnet32,defocus_blur,5,198,0.14967899297441814,0.14967899297441814,0.022403800937835915
DTSR14,hrnet32,defocus_blur,5,199,0.06860625251993543,0.06860625251993543,0.004706817884829147
DTSR14,hrnet32,defocus_blur,11,0,0.01375743838162128,0.01375743838162128,0.00018926711082410634
DTSR14,hrnet32,defocus_blur,11,1,0.2380063894412095,0.2380063894412095,0.05664704141484068
DTSR14,hrnet32,defocus_blur,11,2,0.15440425246485784,0.15440425246485784,0.023840673179231556
DTSR14,hrnet32,defocus_blur,11,3,0.2350891824621838,0.2350891824621838,0.05526692371073794
DTSR14,hrnet32,defocus_blur,11,4,0.20735125440584712,0.20735125440584712,0.042994542703678335
DTSR14,hrnet32,defocus_blur,11,5,0.01645132805899318,0.01645132805899318,0.0002706461949046163
DTSR14,hrnet32,defocus_blur,11,6,0.0880693598831784,0.0880693598831784,0.007756212150232794
DTSR14,hrnet32,defocus_blur,11,7,0.0699963745401754,0.0699963745401754,0.0048994924487685155
DTSR14,hrnet32,defocus_blur,11,8,0.34280630621117103,0.34280630621117103,0.11751616357814716
DTSR14,hrnet32,defocus_blur,11,9,0.18237937869067875,0.18237937869067875,0.03326223777159801
DTSR14,hrnet32,defocus_blur,11,10,0.07512228484356732,0.07512228484356732,0.005643357680118065
DTSR14,hrnet32,defocus_blur,11,11,0.46189467595952266,0.46189467595952266,0.21334669167975245
DTSR14,hrnet32,defocus_blur,11,12,0.24575462406764123,0.24575462406764123,0.060395335250627666
DTSR14,hrnet32,defocus_blur,11,13,0.27297893158456293,0.27297893158456293,0.07451749708904949
DTSR14,hrnet32,defocus_blur,11,14,0.2076824733132187,0.2076824733132187,0.0431320097214958
DTSR14,hrnet32,defocus_blur,11,15,0.028825232338130603,0.028825232338130603,0.0008308940193472102
DTSR14,hrnet32,defocus_blur,11,16,0.04501063992225345,0.04501063992225345,0.002025957706210756
DTSR14,hrnet32,defocus_blur,11,17,0.18867133724250806,0.18867133724250806,0.03559687349687621
DTSR14,hrnet32,defocus_blur,11,18,0.23062795854740892,0.23062795854740892,0.053189255263745364
DTSR14,hrnet32,defocus_blur,11,19,0.3045451540487782,0.3045451540487782,0.09274775085459404
DTSR14,hrnet32,defocus_blur,11,20,0.31065229483348517,0.31065229483348517,0.0965048482853106
DTSR14,hrnet32,defocus_blur,11,21,0.1570522420410422,0.1570522420410422,0.024665406730118106
DTSR14,hrnet32,defocus_blur,11,22,0.08478147945532157,0.08478147945532157,0.0071878992586331125
DTSR14,hrnet32,defocus_blur,11,23,0.23555763589006912,0.23555763589006912,0.055487399826118375
DTSR14,hrnet32,defocus_blur,11,24,0.12513643293911952,0.12513643293911952,0.015659126848726758
DTSR14,hrnet32,defocus_blur,11,25,0.0761908702252968,0.0761908702252968,0.005805048705688019
DTSR14,hrnet32,defocus_blur,11,26,0.13060137881172418,0.13060137881172418,0.017056720147523477
DTSR14,hrnet32,defocus_blur,11,27,0.19195294449257,0.19195294449257,0.03684593289936766
DTSR14,hrnet32,defocus_blur,11,28,0.17186445364216932,0.17186445364216932,0.029537390425721368
DTSR14,hrnet32,defocus_blur,11,29,0.12170843834708722,0.12170843834708722,0.014812943964886732
DTSR14,hrnet32,defocus_blur,11,30,0.02996032122871795,0.02996032122871795,0.0008976208481279674
DTSR14,hrnet32,defocus_blur,11,31,0.21204826414484404,0.21204826414484404,0.04496446632684155
DTSR14,hrnet32,defocus_blur,11,32,0.032754778272413604,0.032754778272413604,0.0010728754996749783
DTSR14,hrnet32,defocus_blur,11,33,0.12999837131559658,0.12999837131559658,0.016899576544707723
DTSR14,hrnet32,defocus_blur,11,34,0.37754967125556205,0.37754967125556205,0.14254375426518298
DTSR14,hrnet32,defocus_blur,11,35,0.11665365808775637,0.11665365808775637,0.013608075945255167
DTSR14,hrnet32,defocus_blur,11,36,0.1163039526755489,0.1163039526755489,0.013526609407956318
DTSR14,hrnet32,defocus_blur,11,37,0.26630204597444124,0.26630204597444124,0.07091677969017342
DTSR14,hrnet32,defocus_blur,11,38,0.3050562826511604,0.3050562826511604,0.09305933558494467
DTSR14,hrnet32,defocus_blur,11,39,0.1761665773261065,0.1761665773261065,0.031034662966795058
DTSR14,hrnet32,defocus_blur,11,40,0.2181453337476591,0.2181453337476591,0.047587386635877575
DTSR14,hrnet32,defocus_blur,11,41,0.2324607441933887,0.2324607441933887,0.0540379975909441
DTSR14,hrnet32,defocus_blur,11,42,0.061304277273691,0.061304277273691,0.0037582144120495865
DTSR14,hrnet32,defocus_blur,11,43,0.22165845661916228,0.22165845661916228,0.049132471390789044
DTSR14,hrnet32,defocus_blur,11,44,0.20532349358391458,0.20532349358391458,0.04215773701750381
DTSR14,hrnet32,defocus_blur,11,45,0.19740512422888962,0.19740512422888962,0.038968783071823346
DTSR14,hrnet32,defocus_blur,11,46,0.12614325596189077,0.12614325596189077,0.015912121024667093
DTSR14,hrnet32,defocus_blur,11,47,0.07367927958268046,0.07367927958268046,0.005428636239822793
DTSR14,hrnet32,defocus_blur,11,48,0.045834641728562796,0.045834641728562796,0.00210081438238571
DTSR14,hrnet32,defocus_blur,11,49,0.3528003227041301,0.3528003227041301,0.12446806770013832
DTSR14,hrnet32,defocus_blur,11,50,0.032781714102644174,0.032781714102644174,0.0010746407795075
DTSR14,hrnet32,defocus_blur,11,51,0.0569676612608106,0.0569676612608106,0.0032453144295264604
DTSR14,hrnet32,defocus_blur,11,52,0.1397919151078031,0.1397919151078031,0.019541779529507225
DTSR14,hrnet32,defocus_blur,11,53,0.12024674915179577,0.12024674915179577,0.014459280681574897
DTSR14,hrnet32,defocus_blur,11,54,0.32221685004152095,0.32221685004152095,0.10382369845068
DTSR14,hrnet32,defocus_blur,11,55,0.1991670194631565,0.1991670194631565,0.03966750164183737
DTSR14,hrnet32,defocus_blur,11,56,0.196215275878193,0.196215275878193,0.03850043448795539
DTSR14,hrnet32,defocus_blur,11,57,0.211017449498941,0.211017449498941,0.04452836399303811
DTSR14,hrnet32,defocus_blur,11,58,0.12821154310747362,0.12821154310747362,0.016438199785999568
DTSR14,hrnet32,defocus_blur,11,59,0.26455450023480925,0.26455450023480925,0.06998908359448969
DTSR14,hrnet32,defocus_blur,11,60,0.1239919502778934,0.1239919502778934,0.01537400373371559
DTSR14,hrnet32,defocus_blur,11,61,0.1793421648248495,0.1793421648248495,0.03216361208406348
DTSR14,hrnet32,defocus_blur,11,62,0.37835380075647707,0.37835380075647707,0.14315159854687196
DTSR14,hrnet32,defocus_blur,11,63,0.2836478194935822,0.2836478194935822,0.0804560855034638
DTSR14,hrnet32,defocus_blur,11,64,0.20616765788800204,0.20616765788800204,0.04250510315902425
DTSR14,hrnet32,defocus_blur,11,65,0.1553716613242817,0.1553716613242817,0.024140353142667294
DTSR14,hrnet32,defocus_blur,11,66,0.10133383069609189,0.10133383069609189,0.010268545243544215
DTSR14,hrnet32,defocus_blur,11,67,0.18815689585298126,0.18815689585298126,0.03540301745702964
DTSR14,hrnet32,defocus_blur,11,68,0.19072097213273786,0.19072097213273786,0.03637448921125657
DTSR14,hrnet32,defocus_blur,11,69,0.08793434819049471,0.08793434819049471,0.007732449591687161
DTSR14,hrnet32,defocus_blur,11,70,0.023595400304532988,0.023595400304532988,0.0005567429155311554
DTSR14,hrnet32,defocus_blur,11,71,0.08031155646018215,0.08031155646018215,0.006449946101057025
DTSR14,hrnet32,defocus_blur,11,72,0.072969976759786,0.072969976759786,0.00532461750832371
DTSR14,hrnet32,defocus_blur,11,73,0.17503641912911067,0.17503641912911067,0.0306377480215417
DTSR14,hrnet32,defocus_blur,11,74,0.08193598582760418,0.08193598582760418,0.006713505773541353
DTSR14,hrnet32,defocus_blur,11,75,0.17838569481376954,0.17838569481376954,0.03182145611419132
DTSR14,hrnet32,defocus_blur,11,76,0.11827993823348779,0.11827993823348779,0.013990143788517685
DTSR14,hrnet32,defocus_blur,11,77,0.2317004870992741,0.2317004870992741,0.053685115722040884
DTSR14,hrnet32,defocus_blur,11,78,0.17193353884865048,0.17193353884865048,0.029561141781020404
DTSR14,hrnet32,defocus_blur,11,79,0.05993088016573721,0.05993088016573721,0.0035917103974399535
DTSR14,hrnet32,defocus_blur,11,80,0.08509154568013678,0.08509154568013678,0.007240571146234805
DTSR14,hrnet32,defocus_blur,11,81,0.09749381743223459,0.09749381743223459,0.00950504443750989
DTSR14,hrnet32,defocus_blur,11,82,0.18733002405146862,0.18733002405146862,0.03509253791112381
DTSR14,hrnet32,defocus_blur,11,83,0.263582198770097,0.263582198770097,0.06947557550847891
DTSR14,hrnet32,defocus_blur,11,84,0.18224358557653683,0.18224358557653683,0.033212724483792505
DTSR14,hrnet32,defocus_blur,11,85,0.15358793488231598,0.15358793488231598,0.023589253741414535
DTSR14,hrnet32,defocus_blur,11,86,0.10071977072089772,0.10071977072089772,0.010144472214070204
DTSR14,hrnet32,defocus_blur,11,87,0.47378651690132,0.47378651690132,0.2244736635974848
DTSR14,hrnet32,defocus_blur,11,88,0.08297722512083064,0.08297722512083064,0.0068852198887530075
DTSR14,hrnet32,defocus_blur,11,89,0.1992940763705233,0.1992940763705233,0.039718128876379974
DTSR14,hrnet32,defocus_blur,11,90,0.3303682791020977,0.3303682791020977,0.10914319983688153
DTSR14,hrnet32,defocus_blur,11,91,0.20613383071074357,0.20613383071074357,0.042491156163485484
DTSR14,hrnet32,defocus_blur,11,92,0.2592696739041271,0.2592696739041271,0.06722076380635239
DTSR14,hrnet32,defocus_blur,11,93,0.25782044860237985,0.25782044860237985,0.06647138371753239
DTSR14,hrnet32,defocus_blur,11,94,0.23331517617789319,0.23331517617789319,0.054435971434921335
DTSR14,hrnet32,defocus_blur,11,95,0.11964751404291242,0.11964751404291242,0.014315527616648924
DTSR14,hrnet32,defocus_blur,11,96,0.14861089879142916,0.14861089879142916,0.0220851992395964
DTSR14,hrnet32,defocus_blur,11,97,0.1273931130779932,0.1273931130779932,0.01622900525970236
DTSR14,hrnet32,defocus_blur,11,98,0.05757955174581518,0.05757955174581518,0.003315404779249008
DTSR14,hrnet32,defocus_blur,11,99,0.30697848674329836,0.30697848674329836,0.0942357913232054
DTSR14,hrnet32,defocus_blur,11,100,0.32151353458257337,0.32151353458257337,0.1033709529197796
DTSR14,hrnet32,defocus_blur,11,101,0.10608623722038488,0.10608623722038488,0.011254289727579773
DTSR14,hrnet32,defocus_blur,11,102,0.05039157196910309,0.05039157196910309,0.0025393105255172967
DTSR14,hrnet32,defocus_blur,11,103,0.08838541364688769,0.08838541364688769,0.007811981345531441
DTSR14,hrnet32,defocus_blur,11,104,0.07810016687187081,0.07810016687187081,0.006099636065414067
DTSR14,hrnet32,defocus_blur,11,105,0.21348753168472145,0.21348753168472145,0.04557692618483495
DTSR14,hrnet32,defocus_blur,11,106,0.2900831043755408,0.2900831043755408,0.0841482074441509
DTSR14,hrnet32,defocus_blur,11,107,0.21675875476526185,0.21675875476526185,0.04698435776738693
DTSR14,hrnet32,defocus_blur,11,108,0.11963301803978119,0.11963301803978119,0.014312059005306611
DTSR14,hrnet32,defocus_blur,11,109,0.22321755679164554,0.22321755679164554,0.0498260776600315
DTSR14,hrnet32,defocus_blur,11,110,0.16674386454457296,0.16674386454457296,0.027803516363258896
DTSR14,hrnet32,defocus_blur,11,111,0.24376824685493406,0.24376824685493406,0.05942295817472807
DTSR14,hrnet32,defocus_blur,11,112,0.2416969480668058,0.2416969480668058,0.05841741470480822
DTSR14,hrnet32,defocus_blur,11,113,0.17975925292168135,0.17975925292168135,0.03231338901096101
DTSR14,hrnet32,defocus_blur,11,114,0.19680551263570728,0.19680551263570728,0.03873240980380354
DTSR14,hrnet32,defocus_blur,11,115,0.24734996331146622,0.24734996331146622,0.061182004350183686
DTSR14,hrnet32,defocus_blur,11,116,0.17369692093069578,0.17369692093069578,0.03017062034080438
DTSR14,hrnet32,defocus_blur,11,117,0.19658168446061747,0.19658168446061747,0.038644358665373774
DTSR14,hrnet32,defocus_blur,11,118,0.03773687162980958,0.03773687162980958,0.001424071480404727
DTSR14,hrnet32,defocus_blur,11,119,0.07584514264418311,0.07584514264418311,0.005752485662716484
DTSR14,hrnet32,defocus_blur,11,120,0.14821594865956697,0.14821594865956697,0.021967967437055393
DTSR14,hrnet32,defocus_blur,11,121,0.14162711668797764,0.14162711668797764,0.020058240181350037
DTSR14,hrnet32,defocus_blur,11,122,0.16515103964052558,0.16515103964052558,0.02727486589434645
DTSR14,hrnet32,defocus_blur,11,123,0.15614629022178286,0.15614629022178286,0.024381663950025244
DTSR14,hrnet32,defocus_blur,11,124,0.45251798344845434,0.45251798344845434,0.2047725253442556
DTSR14,hrnet32,defocus_blur,11,125,0.17942781754968898,0.17942781754968898,0.032194341710644475
DTSR14,hrnet32,defocus_blur,11,126,0.23935567216690645,0.23935567216690645,0.05729113779847159
DTSR14,hrnet32,defocus_blur,11,127,0.18480991809538977,0.18480991809538977,0.03415470582642467
DTSR14,hrnet32,defocus_blur,11,128,0.2778542959780349,0.2778542959780349,0.07720300979344942
DTSR14,hrnet32,defocus_blur,11,129,0.12832616414791576,0.12832616414791576,0.01646760440491782
DTSR14,hrnet32,defocus_blur,11,130,0.544906547018181,0.544906547018181,0.2969231449832771
DTSR14,hrnet32,defocus_blur,11,131,0.15469664716995798,0.15469664716995798,0.02393105264562647
DTSR14,hrnet32,defocus_blur,11,132,0.2721536887171386,0.2721536887171386,0.07406763028234516
DTSR14,hrnet32,defocus_blur,11,133,0.1183232551216024,0.1183232551216024,0.014000392702571808
DTSR14,hrnet32,defocus_blur,11,134,0.0787560488890788,0.0787560488890788,0.006202515236618971
DTSR14,hrnet32,defocus_blur,11,135,0.11450454126895702,0.11450454126895702,0.013111289971214283
DTSR14,hrnet32,defocus_blur,11,136,0.08339116648258563,0.08339116648258563,0.006954086647326312
DTSR14,hrnet32,defocus_blur,11,137,0.17422384403073501,0.17422384403073501,0.03035394782884588
DTSR14,hrnet32,defocus_blur,11,138,0.2619754363821494,0.2619754363821494,0.0686311292676176
DTSR14,hrnet32,defocus_blur,11,139,0.28542572938198907,0.28542572938198907,0.08146784699324046
DTSR14,hrnet32,defocus_blur,11,140,0.2263970619249738,0.2263970619249738,0.05125562964826042
DTSR14,hrnet32,defocus_blur,11,141,0.14907441926195497,0.14907441926195497,0.02222318247828913
DTSR14,hrnet32,defocus_blur,11,142,0.14423456464536485,0.14423456464536485,0.02080360963843793
DTSR14,hrnet32,defocus_blur,11,143,0.08002125534587554,0.08002125534587554,0.006403401307129814
DTSR14,hrnet32,defocus_blur,11,144,0.034352466693350805,0.034352466693350805,0.0011800919679177764
DTSR14,hrnet32,defocus_blur,11,145,0.07136152607310686,0.07136152607310686,0.005092467403482711
DTSR14,hrnet32,defocus_blur,11,146,0.21621591439635912,0.21621591439635912,0.046749321638253696
DTSR14,hrnet32,defocus_blur,11,147,0.036476116512419804,0.036476116512419804,0.0013305070758276246
DTSR14,hrnet32,defocus_blur,11,148,0.060203283656522874,0.060203283656522874,0.003624435363027754
DTSR14,hrnet32,defocus_blur,11,149,0.1836584270558037,0.1836584270558037,0.03373041782861197
DTSR14,hrnet32,defocus_blur,11,150,0.12468502463755629,0.12468502463755629,0.015546355368868019
DTSR14,hrnet32,defocus_blur,11,151,0.0907117466256053,0.0907117466256053,0.008228620975868014
DTSR14,hrnet32,defocus_blur,11,152,0.21949469192715657,0.21949469192715657,0.048177919784197366
DTSR14,hrnet32,defocus_blur,11,153,0.09772922250647488,0.09772922250647488,0.009551000931720077
DTSR14,hrnet32,defocus_blur,11,154,0.07713775521601712,0.07713775521601712,0.0059502332797661765
DTSR14,hrnet32,defocus_blur,11,155,0.08715253073116772,0.08715253073116772,0.007595563612847133
DTSR14,hrnet32,defocus_blur,11,156,0.09906340670014799,0.09906340670014799,0.009813558547038925
DTSR14,hrnet32,defocus_blur,11,157,0.2833594335299151,0.2833594335299151,0.08029256857039438
DTSR14,hrnet32,defocus_blur,11,158,0.18431671738771124,0.18431671738771124,0.033972652308581416
DTSR14,hrnet32,defocus_blur,11,159,0.031060230955695874,0.031060230955695874,0.0009647379470211682
DTSR14,hrnet32,defocus_blur,11,160,0.17689830943283436,0.17689830943283436,0.031293011880194815
DTSR14,hrnet32,defocus_blur,11,161,0.4606535692865807,0.4606535692865807,0.21220171089646658
DTSR14,hrnet32,defocus_blur,11,162,0.09853115377165314,0.09853115377165314,0.009708388263573156
DTSR14,hrnet32,defocus_blur,11,163,0.005976087773319633,0.005976087773319633,3.571362507442041e-05
DTSR14,hrnet32,defocus_blur,11,164,0.13541097421251186,0.13541097421251186,0.018336131937181553
DTSR14,hrnet32,defocus_blur,11,165,0.062335911999817625,0.062335911999817625,0.003885765924849007
DTSR14,hrnet32,defocus_blur,11,166,0.06616746033341887,0.06616746033341887,0.00437813280697456
DTSR14,hrnet32,defocus_blur,11,167,0.25918354821587875,0.25918354821587875,0.06717611166577274
DTSR14,hrnet32,defocus_blur,11,168,0.10803428990087102,0.10803428990087102,0.011671407794385443
DTSR14,hrnet32,defocus_blur,11,169,0.05320509197114556,0.05320509197114556,0.002830781811658058
DTSR14,hrnet32,defocus_blur,11,170,0.2584640599658282,0.2584640599658282,0.06680367029401925
DTSR14,hrnet32,defocus_blur,11,171,0.2670015176873591,0.2670015176873591,0.07128981044735312
DTSR14,hrnet32,defocus_blur,11,172,0.14320294590367466,0.14320294590367466,0.02050708371549077
DTSR14,hrnet32,defocus_blur,11,173,0.0923599161973397,0.0923599161973397,0.008530354119979612
DTSR14,hrnet32,defocus_blur,11,174,0.12515260406442416,0.12515260406442416,0.01566317430410652
DTSR14,hrnet32,defocus_blur,11,175,0.09690649403787385,0.09690649403787385,0.00939086858671248
DTSR14,hrnet32,defocus_blur,11,176,0.11491210782987035,0.11491210782987035,0.013204792525903751
DTSR14,hrnet32,defocus_blur,11,177,0.03078365568255919,0.03078365568255919,0.0009476334571823587
DTSR14,hrnet32,defocus_blur,11,178,0.07064470001928404,0.07064470001928404,0.00499067364081463
DTSR14,hrnet32,defocus_blur,11,179,0.22550480822771424,0.22550480822771424,0.050852418533818174
DTSR14,hrnet32,defocus_blur,11,180,0.3530740487000254,0.3530740487000254,0.12466128386542791
DTSR14,hrnet32,defocus_blur,11,181,0.051144255689303746,0.051144255689303746,0.0026157348900128787
DTSR14,hrnet32,defocus_blur,11,182,0.2691417968928298,0.2691417968928298,0.07243730683470125
DTSR14,hrnet32,defocus_blur,11,183,0.3295730974971607,0.3295730974971607,0.10861842659387298
DTSR14,hrnet32,defocus_blur,11,184,0.21456665285073567,0.21456665285073567,0.046038848515568116
DTSR14,hrnet32,defocus_blur,11,185,0.3250880092084848,0.3250880092084848,0.1056822137311359
DTSR14,hrnet32,defocus_blur,11,186,0.1745160280638292,0.1745160280638292,0.030455844051175223
DTSR14,hrnet32,defocus_blur,11,187,0.506729508761761,0.506729508761761,0.25677479504993567
DTSR14,hrnet32,defocus_blur,11,188,0.3020633528481919,0.3020633528481919,0.09124226913389129
DTSR14,hrnet32,defocus_blur,11,189,0.16915335977671156,0.16915335977671156,0.02861285912374962
DTSR14,hrnet32,defocus_blur,11,190,0.1516749476421868,0.1516749476421868,0.02300528974226011
DTSR14,hrnet32,defocus_blur,11,191,0.10690183596931066,0.10690183596931066,0.011428002533609403
DTSR14,hrnet32,defocus_blur,11,192,0.10329539046041027,0.10329539046041027,0.010669937690368616
DTSR14,hrnet32,defocus_blur,11,193,0.12051153161844705,0.12051153161844705,0.014523029253023963
DTSR14,hrnet32,defocus_blur,11,194,0.13291830349096434,0.13291830349096434,0.017667275402916103
DTSR14,hrnet32,defocus_blur,11,195,0.06166468640239629,0.06166468640239629,0.0038025335491058783
DTSR14,hrnet32,defocus_blur,11,196,0.32557058176926934,0.32557058176926934,0.1059962037135805
DTSR14,hrnet32,defocus_blur,11,197,0.14372772536940562,0.14372772536940562,0.020657659039863285
DTSR14,hrnet32,defocus_blur,11,198,0.13394141104365587,0.13394141104365587,0.01794030159236558
DTSR14,hrnet32,defocus_blur,11,199,0.06362308181606999,0.06362308181606999,0.004047896539774335
DTSR14,hrnet32,resize,2.0,0,0.04939060036125233,0.04939060036125233,0.002439431404044939
DTSR14,hrnet32,resize,2.0,1,0.0945045550699764,0.0945045550699764,0.008931110928974202
DTSR14,hrnet32,resize,2.0,2,0.4553979706040355,0.4553979706040355,0.20738731163027396
DTSR14,hrnet32,resize,2.0,3,0.23211800512860692,0.23211800512860692,0.05387876830488399
DTSR14,hrnet32,resize,2.0,4,0.24846107734018044,0.24846107734018044,0.06173290695304313
DTSR14,hrnet32,resize,2.0,5,0.19722828285781596,0.19722828285781596,0.038898995559042665
DTSR14,hrnet32,resize,2.0,6,0.18578801988482757,0.18578801988482757,0.03451718833272509
DTSR14,hrnet32,resize,2.0,7,0.14470189551235998,0.14470189551235998,0.02093863856486995
DTSR14,hrnet32,resize,2.0,8,0.3881167364902742,0.3881167364902742,0.15063460114386093
DTSR14,hrnet32,resize,2.0,9,0.40612554646030036,0.40612554646030036,0.1649379594876776
DTSR14,hrnet32,resize,2.0,10,0.25695949457541706,0.25695949457541706,0.0660281818524538
DTSR14,hrnet32,resize,2.0,11,0.4973763585039627,0.4973763585039627,0.24738324199866246
DTSR14,hrnet32,resize,2.0,12,0.34555171430067677,0.34555171430067677,0.11940598725613655
DTSR14,hrnet32,resize,2.0,13,0.13953129703723297,0.13953129703723297,0.019468982852892537
DTSR14,hrnet32,resize,2.0,14,0.26537947468407735,0.26537947468407735,0.07042626558359685
DTSR14,hrnet32,resize,2.0,15,0.2919047731247415,0.2919047731247415,0.08520839657300681
DTSR14,hrnet32,resize,2.0,16,0.24582515099791982,0.24582515099791982,0.06043000486315008
DTSR14,hrnet32,resize,2.0,17,0.17852302497442363,0.17852302497442363,0.031870470446018685
DTSR14,hrnet32,resize,2.0,18,0.06844662186445806,0.06844662186445806,0.004684940044656108
DTSR14,hrnet32,resize,2.0,19,0.17025732091619425,0.17025732091619425,0.028987555325559956
DTSR14,hrnet32,resize,2.0,20,0.07849043235531679,0.07849043235531679,0.006160747971324561
DTSR14,hrnet32,resize,2.0,21,0.0637232550414148,0.0637232550414148,0.004060653233073196
DTSR14,hrnet32,resize,2.0,22,0.0632908716726799,0.0632908716726799,0.004005734437087635
DTSR14,hrnet32,resize,2.0,23,0.26862949317661544,0.26862949317661544,0.07216180460432528
DTSR14,hrnet32,resize,2.0,24,0.06135415352285584,0.06135415352285584,0.003764332154506163
DTSR14,hrnet32,resize,2.0,25,0.1049869677758502,0.1049869677758502,0.011022263402767409
DTSR14,hrnet32,resize,2.0,26,0.12310181838086773,0.12310181838086773,0.015154057688676144
DTSR14,hrnet32,resize,2.0,27,0.23357279622697827,0.23357279622697827,0.05455625113728951
DTSR14,hrnet32,resize,2.0,28,0.1846476835132716,0.1846476835132716,0.03409476702681731
DTSR14,hrnet32,resize,2.0,29,0.22456552578322808,0.22456552578322808,0.050429675370297675
DTSR14,hrnet32,resize,2.0,30,0.15752302576437485,0.15752302576437485,0.024813503645963905
DTSR14,hrnet32,resize,2.0,31,0.3695821746302316,0.3695821746302316,0.13659098380441098
DTSR14,hrnet32,resize,2.0,32,0.3625140068166927,0.3625140068166927,0.13141640513829314
DTSR14,hrnet32,resize,2.0,33,0.09411755674995906,0.09411755674995906,0.008858114488581764
DTSR14,hrnet32,resize,2.0,34,0.4278651402488122,0.4278651402488122,0.18306857824013575
DTSR14,hrnet32,resize,2.0,35,0.02564863399614889,0.02564863399614889,0.0006578524258684046
DTSR14,hrnet32,resize,2.0,36,0.3533948335887719,0.3533948335887719,0.12488790840723578
DTSR14,hrnet32,resize,2.0,37,0.35636192829842267,0.35636192829842267,0.12699382394057013
DTSR14,hrnet32,resize,2.0,38,0.3204632157138049,0.3204632157138049,0.10269667262563267
DTSR14,hrnet32,resize,2.0,39,0.48670587749405625,0.48670587749405625,0.23688261118725928
DTSR14,hrnet32,resize,2.0,40,0.11377623724130703,0.11377623724130703,0.012945032160790182
DTSR14,hrnet32,resize,2.0,41,0.37046437299860585,0.37046437299860585,0.13724385166125017
DTSR14,hrnet32,resize,2.0,42,0.09215964137648691,0.09215964137648691,0.008493399498642678
DTSR14,hrnet32,resize,2.0,43,0.2864691971837008,0.2864691971837008,0.08206460093507405
DTSR14,hrnet32,resize,2.0,44,0.30307638993505104,0.30307638993505104,0.09185529813606311
DTSR14,hrnet32,resize,2.0,45,0.18345844202115605,0.18345844202115605,0.033656999948829876
DTSR14,hrnet32,resize,2.0,46,0.04359881252928753,0.04359881252928753,0.0019008564539639593
DTSR14,hrnet32,resize,2.0,47,0.055459294967100344,0.055459294967100344,0.0030757333982478416
DTSR14,hrnet32,resize,2.0,48,0.3104716200836521,0.3104716200836521,0.0963926268773676
DTSR14,hrnet32,resize,2.0,49,0.2705413797939912,0.2705413797939912,0.07319263818083657
DTSR14,hrnet32,resize,2.0,50,0.2922632775584312,0.2922632775584312,0.08541782340919658
DTSR14,hrnet32,resize,2.0,51,0.28090968444477493,0.28090968444477493,0.07891025081486303
DTSR14,hrnet32,resize,2.0,52,0.21561585029218222,0.21561585029218222,0.046490194897220734
DTSR14,hrnet32,resize,2.0,53,0.2508097917355519,0.2508097917355519,0.06290555163043092
DTSR14,hrnet32,resize,2.0,54,0.3492547913001509,0.3492547913001509,0.12197890924611197
DTSR14,hrnet32,resize,2.0,55,0.18629907543637544,0.18629907543637544,0.03470734550844831
DTSR14,hrnet32,resize,2.0,56,0.24092219857204228,0.24092219857204228,0.05804350576478657
DTSR14,hrnet32,resize,2.0,57,0.23261363770924687,0.23261363770924687,0.054109104448328754
DTSR14,hrnet32,resize,2.0,58,0.40089947821009686,0.40089947821009686,0.16072039162912793
DTSR14,hrnet32,resize,2.0,59,0.2810564735484323,0.2810564735484323,0.07899274132348061
DTSR14,hrnet32,resize,2.0,60,0.10825794027548784,0.10825794027548784,0.011719781632691093
DTSR14,hrnet32,resize,2.0,61,0.391090518245933,0.391090518245933,0.15295179346187246
DTSR14,hrnet32,resize,2.0,62,0.40767716336633764,0.40767716336633764,0.16620066953042353
DTSR14,hrnet32,resize,2.0,63,0.2694001337023838,0.2694001337023838,0.07257643203886227
DTSR14,hrnet32,resize,2.0,64,0.4033349440522095,0.4033349440522095,0.16267907709359897
DTSR14,hrnet32,resize,2.0,65,0.26040564644905845,0.26040564644905845,0.06781110070255203
DTSR14,hrnet32,resize,2.0,66,0.4189385496320903,0.4189385496320903,0.1755095083678394
DTSR14,hrnet32,resize,2.0,67,0.24345213373192703,0.24345213373192703,0.05926894141862808
DTSR14,hrnet32,resize,2.0,68,0.3776889657557595,0.3776889657557595,0.14264895485365528
DTSR14,hrnet32,resize,2.0,69,0.2204450217000334,0.2204450217000334,0.048596007592328204
DTSR14,hrnet32,resize,2.0,70,0.5776984445469525,0.5776984445469525,0.33373549283196835
DTSR14,hrnet32,resize,2.0,71,0.17462930270430047,0.17462930270430047,0.030495393362990203
DTSR14,hrnet32,resize,2.0,72,0.14147650156069294,0.14147650156069294,0.020015600493852752
DTSR14,hrnet32,resize,2.0,73,0.09758675069221222,0.09758675069221222,0.009523173910663981
DTSR14,hrnet32,resize,2.0,74,0.378525573424044,0.378525573424044,0.14328160973600135
DTSR14,hrnet32,resize,2.0,75,0.15616904813700866,0.15616904813700866,0.024388771596019328
DTSR14,hrnet32,resize,2.0,76,0.23491673077519065,0.23491673077519065,0.05518587039810341
DTSR14,hrnet32,resize,2.0,77,0.32107633391214807,0.32107633391214807,0.10309001219846521
DTSR14,hrnet32,resize,2.0,78,0.03716507716872228,0.03716507716872228,0.001381242960957082
DTSR14,hrnet32,resize,2.0,79,0.08226686849206007,0.08226686849206007,0.006767837651489905
DTSR14,hrnet32,resize,2.0,80,0.23750370286768416,0.23750370286768416,0.056408008875861206
DTSR14,hrnet32,resize,2.0,81,0.26464244189186575,0.26464244189186575,0.07003562205048955
DTSR14,hrnet32,resize,2.0,82,0.17852052929678028,0.17852052929678028,0.031869579380402586
DTSR14,hrnet32,resize,2.0,83,0.3575301263347943,0.3575301263347943,0.12782779123697396
DTSR14,hrnet32,resize,2.0,84,0.3364501405193867,0.3364501405193867,0.11319869705551507
DTSR14,hrnet32,resize,2.0,85,0.12493973940965283,0.12493973940965283,0.015609938483751957
DTSR14,hrnet32,resize,2.0,86,0.08566968046128678,0.08566968046128678,0.007339294150338982
DTSR14,hrnet32,resize,2.0,87,0.0042642314239381895,0.0042642314239381895,1.818366963690192e-05
DTSR14,hrnet32,resize,2.0,88,0.15052973429771307,0.15052973429771307,0.022659200907740096
DTSR14,hrnet32,resize,2.0,89,0.3375550223553036,0.3375550223553036,0.11394339311728952
DTSR14,hrnet32,resize,2.0,90,0.23835368454940348,0.23835368454940348,0.05681247893827654
DTSR14,hrnet32,resize,2.0,91,0.25426194563333165,0.25426194563333165,0.06464913699724731
DTSR14,hrnet32,resize,2.0,92,0.1938223413991154,0.1938223413991154,0.037567100025435236
DTSR14,hrnet32,resize,2.0,93,0.09699456417010358,0.09699456417010358,0.00940794547854834
DTSR14,hrnet32,resize,2.0,94,0.09761181221392881,0.09761181221392881,0.009528065883687303
DTSR14,hrnet32,resize,2.0,95,0.2880828744824215,0.2880828744824215,0.08299174257005461
DTSR14,hrnet32,resize,2.0,96,0.28612859173000776,0.28612859173000776,0.08186957100539746
DTSR14,hrnet32,resize,2.0,97,0.11796469284608897,0.11796469284608897,0.013915668758272114
DTSR14,hrnet32,resize,2.0,98,0.2975974498275559,0.2975974498275559,0.08856424214386467
DTSR14,hrnet32,resize,2.0,99,0.2759823672055874,0.2759823672055874,0.07616626700839968
DTSR14,hrnet32,resize,2.0,100,0.14771509587974757,0.14771509587974757,0.021819749550763018
DTSR14,hrnet32,resize,2.0,101,0.3374821820607953,0.3374821820607953,0.11389422320851576
DTSR14,hrnet32,resize,2.0,102,0.39380452616627126,0.39380452616627126,0.15508200482904141
DTSR14,hrnet32,resize,2.0,103,0.4610340047353186,0.4610340047353186,0.21255235352228577
DTSR14,hrnet32,resize,2.0,104,0.23646453083935864,0.23646453083935864,0.055915474345077994
DTSR14,hrnet32,resize,2.0,105,0.23312575158996954,0.23312575158996954,0.05434761605438818
DTSR14,hrnet32,resize,2.0,106,0.26517152243713765,0.26517152243713765,0.0703159363116294
DTSR14,hrnet32,resize,2.0,107,0.20314003511489143,0.20314003511489143,0.04126587386647932
DTSR14,hrnet32,resize,2.0,108,0.2534724288860863,0.2534724288860863,0.06424827220541207
DTSR14,hrnet32,resize,2.0,109,0.0836479331183443,0.0836479331183443,0.006996976714971001
DTSR14,hrnet32,resize,2.0,110,0.18609473082282832,0.18609473082282832,0.03463124884002093
DTSR14,hrnet32,resize,2.0,111,0.0726998137915769,0.0726998137915769,0.005285262925329956
DTSR14,hrnet32,resize,2.0,112,0.1653430655546589,0.1653430655546589,0.027338329327012235
DTSR14,hrnet32,resize,2.0,113,0.2511251593851996,0.2511251593851996,0.06306384567624189
DTSR14,hrnet32,resize,2.0,114,0.15862206157070532,0.15862206157070532,0.025160958416940632
DTSR14,hrnet32,resize,2.0,115,0.09540445254960496,0.09540445254960496,0.009102009566289824
DTSR14,hrnet32,resize,2.0,116,0.12164570650596464,0.12164570650596464,0.014797677911335287
DTSR14,hrnet32,resize,2.0,117,0.13457475636809435,0.13457475636809435,0.018110365051531952
DTSR14,hrnet32,resize,2.0,118,0.48224746713191896,0.48224746713191896,0.23256261955515126
DTSR14,hrnet32,resize,2.0,119,0.18033952714880905,0.18033952714880905,0.032522345052256034
DTSR14,hrnet32,resize,2.0,120,0.10013981206592168,0.10013981206592168,0.010027981960598113
DTSR14,hrnet32,resize,2.0,121,0.14920812574996095,0.14920812574996095,0.02226306478981616
DTSR14,hrnet32,resize,2.0,122,0.12951339349206248,0.12951339349206248,0.01677371909382981
DTSR14,hrnet32,resize,2.0,123,0.07913527432103906,0.07913527432103906,0.0062623916418661045
DTSR14,hrnet32,resize,2.0,124,0.3754418012964111,0.3754418012964111,0.14095654616069384
DTSR14,hrnet32,resize,2.0,125,0.22633439308302541,0.22633439308302541,0.051227257492261466
DTSR14,hrnet32,resize,2.0,126,0.31145082052109563,0.31145082052109563,0.09700161360326372
DTSR14,hrnet32,resize,2.0,127,0.20772159014101643,0.20772159014101643,0.04314825901071242
DTSR14,hrnet32,resize,2.0,128,0.41159528155394326,0.41159528155394326,0.16941067579746982
DTSR14,hrnet32,resize,2.0,129,0.18976893505284595,0.18976893505284595,0.036012248711091266
DTSR14,hrnet32,resize,2.0,130,0.37407267511231396,0.37407267511231396,0.13993036626568278
DTSR14,hrnet32,resize,2.0,131,0.20350518039479373,0.20350518039479373,0.04141435844751754
DTSR14,hrnet32,resize,2.0,132,0.27083628329035153,0.27083628329035153,0.07335229234653155
DTSR14,hrnet32,resize,2.0,133,0.2557620326096426,0.2557620326096426,0.06541421732461587
DTSR14,hrnet32,resize,2.0,134,0.3933158926512132,0.3933158926512132,0.15469739141202066
DTSR14,hrnet32,resize,2.0,135,0.26161546600130836,0.26161546600130836,0.06844265205108173
DTSR14,hrnet32,resize,2.0,136,0.12175530866934153,0.12175530866934153,0.014824355189166633
DTSR14,hrnet32,resize,2.0,137,0.2724648190541837,0.2724648190541837,0.07423707762222906
DTSR14,hrnet32,resize,2.0,138,0.057132273619631795,0.057132273619631795,0.0032640966889484753
DTSR14,hrnet32,resize,2.0,139,0.15541365988146247,0.15541365988146247,0.024153405677750896
DTSR14,hrnet32,resize,2.0,140,0.36556292444866295,0.36556292444866295,0.13363625173145885
DTSR14,hrnet32,resize,2.0,141,0.16448948047878142,0.16448948047878142,0.027056789188179414
DTSR14,hrnet32,resize,2.0,142,0.19767089430212423,0.19767089430212423,0.03907378245420157
DTSR14,hrnet32,resize,2.0,143,0.14313820936385874,0.14313820936385874,0.02048854697989186
DTSR14,hrnet32,resize,2.0,144,0.2480049501007254,0.2480049501007254,0.061506455274463294
DTSR14,hrnet32,resize,2.0,145,0.13269325372661517,0.13269325372661517,0.01760749958455587
DTSR14,hrnet32,resize,2.0,146,0.1712994168393448,0.1712994168393448,0.029343490209499605
DTSR14,hrnet32,resize,2.0,147,0.20444240839666403,0.20444240839666403,0.04179669835102836
DTSR14,hrnet32,resize,2.0,148,0.03419328966667523,0.03419328966667523,0.0011691810582291592
DTSR14,hrnet32,resize,2.0,149,0.14566633093136147,0.14566633093136147,0.021218679967004914
DTSR14,hrnet32,resize,2.0,150,0.15641149271719032,0.15641149271719032,0.02446455505401968
DTSR14,hrnet32,resize,2.0,151,0.1850804357086239,0.1850804357086239,0.03425476768209407
DTSR14,hrnet32,resize,2.0,152,0.3512699739181435,0.3512699739181435,0.12339059457645322
DTSR14,hrnet32,resize,2.0,153,0.1769557156268831,0.1769557156268831,0.03131332529302232
DTSR14,hrnet32,resize,2.0,154,0.2190469682905051,0.2190469682905051,0.04798157431726155
DTSR14,hrnet32,resize,2.0,155,0.2729573661747367,0.2729573661747367,0.07450572374904929
DTSR14,hrnet32,resize,2.0,156,0.29151697000194,0.29151697000194,0.08498214379911198
DTSR14,hrnet32,resize,2.0,157,0.32434692192051545,0.32434692192051545,0.10520092575931295
DTSR14,hrnet32,resize,2.0,158,0.424788497088174,0.424788497088174,0.18044526725842963
DTSR14,hrnet32,resize,2.0,159,0.05436964589427897,0.05436964589427897,0.002956058394669286
DTSR14,hrnet32,resize,2.0,160,0.48469774875722843,0.48469774875722843,0.23493190765032534
DTSR14,hrnet32,resize,2.0,161,0.1499630634875666,0.1499630634875666,0.022488920410575933
DTSR14,hrnet32,resize,2.0,162,0.08348063260956627,0.08348063260956627,0.00696901602089338
DTSR14,hrnet32,resize,2.0,163,0.5096603544247603,0.5096603544247603,0.25975367687237233
DTSR14,hrnet32,resize,2.0,164,0.17566631712711864,0.17566631712711864,0.030858654973005415
DTSR14,hrnet32,resize,2.0,165,0.23900084935529142,0.23900084935529142,0.0571214059925507
DTSR14,hrnet32,resize,2.0,166,0.024591408635403916,0.024591408635403916,0.0006047373786734183
DTSR14,hrnet32,resize,2.0,167,0.2494979994388327,0.2494979994388327,0.06224925172397976
DTSR14,hrnet32,resize,2.0,168,0.1036741667673441,0.1036741667673441,0.010748332854903076
DTSR14,hrnet32,resize,2.0,169,0.21309832987120952,0.21309832987120952,0.04541089819389883
DTSR14,hrnet32,resize,2.0,170,0.1671601478640009,0.1671601478640009,0.027942515033914646
DTSR14,hrnet32,resize,2.0,171,0.2698271150744118,0.2698271150744118,0.07280667202937988
DTSR14,hrnet32,resize,2.0,172,0.15328420802709447,0.15328420802709447,0.023496048430493573
DTSR14,hrnet32,resize,2.0,173,0.14135946604728486,0.14135946604728486,0.01998249864117348
DTSR14,hrnet32,resize,2.0,174,0.23416043662872224,0.23416043662872224,0.05483111008215384
DTSR14,hrnet32,resize,2.0,175,0.01623292970834398,0.01623292970834398,0.0002635080069160366
DTSR14,hrnet32,resize,2.0,176,0.19066688677296692,0.19066688677296692,0.03635386171169539
DTSR14,hrnet32,resize,2.0,177,0.07533831270305945,0.07533831270305945,0.005675861360943969
DTSR14,hrnet32,resize,2.0,178,0.05968134716750144,0.05968134716750144,0.003561863199727832
DTSR14,hrnet32,resize,2.0,179,0.14698804041632985,0.14698804041632985,0.021605484025432616
DTSR14,hrnet32,resize,2.0,180,0.5325988976465234,0.5325988976465234,0.28366158577429185
DTSR14,hrnet32,resize,2.0,181,0.1981256743880864,0.1981256743880864,0.03925378285173403
DTSR14,hrnet32,resize,2.0,182,0.45903301721163,0.45903301721163,0.2107113108904126
DTSR14,hrnet32,resize,2.0,183,0.6072823514050368,0.6072823514050368,0.36879185432803063
DTSR14,hrnet32,resize,2.0,184,0.13498795439508904,0.13498795439508904,0.01822174783177064
DTSR14,hrnet32,resize,2.0,185,0.15308083497774502,0.15308083497774502,0.023433742037483603
DTSR14,hrnet32,resize,2.0,186,0.38265754753286624,0.38265754753286624,0.1464267986838678
DTSR14,hrnet32,resize,2.0,187,0.33587746005423225,0.33587746005423225,0.11281366817248238
DTSR14,hrnet32,resize,2.0,188,0.3446074725443584,0.3446074725443584,0.11875431013341074
DTSR14,hrnet32,resize,2.0,189,0.3384366996242179,0.3384366996242179,0.1145393996525331
DTSR14,hrnet32,resize,2.0,190,0.32782289846425144,0.32782289846425144,0.10746785275750291
DTSR14,hrnet32,resize,2.0,191,0.14183847010728173,0.14183847010728173,0.020118151602374255
DTSR14,hrnet32,resize,2.0,192,0.21860040644815376,0.21860040644815376,0.04778613769929802
DTSR14,hrnet32,resize,2.0,193,0.1759520380912813,0.1759520380912813,0.030959119708475702
DTSR14,hrnet32,resize,2.0,194,0.3549341842951036,0.3549341842951036,0.12597827518123056
DTSR14,hrnet32,resize,2.0,195,0.3197287908012165,0.3197287908012165,0.10222649966720808
DTSR14,hrnet32,resize,2.0,196,0.5496782716598076,0.5496782716598076,0.3021462023349133
DTSR14,hrnet32,resize,2.0,197,0.29763335599951973,0.29763335599951973,0.08858561460353685
DTSR14,hrnet32,resize,2.0,198,0.246803467625314,0.246803467625314,0.060911951631879416
DTSR14,hrnet32,resize,2.0,199,0.09206597297585552,0.09206597297585552,0.008476143379990959
DTSR14,hrnet32,jpeg,10,0,0.21666211994966103,0.21666211994966103,0.046942474221081304
DTSR14,hrnet32,jpeg,10,1,0.20411180393136927,0.20411180393136927,0.04166162850411773
DTSR14,hrnet32,jpeg,10,2,0.1809772025389639,0.1809772025389639,0.032752747838829165
DTSR14,hrnet32,jpeg,10,3,0.15072115350875695,0.15072115350875695,0.022716866115010278
DTSR14,hrnet32,jpeg,10,4,0.10414328769055037,0.10414328769055037,0.010845824370996739
DTSR14,hrnet32,jpeg,10,5,0.5382897060761197,0.5382897060761197,0.28975580766751535
DTSR14,hrnet32,jpeg,10,6,0.293456596089132,0.293456596089132,0.08611677378821996
DTSR14,hrnet32,jpeg,10,7,0.10782641951422589,0.10782641951422589,0.011626536745257834
DTSR14,hrnet32,jpeg,10,8,0.12084157299338764,0.12084157299338764,0.014602685763516234
DTSR14,hrnet32,jpeg,10,9,0.17714506484285727,0.17714506484285727,0.03138037399818011
DTSR14,hrnet32,jpeg,10,10,0.23083915465636015,0.23083915465636015,0.05328671532246296
DTSR14,hrnet32,jpeg,10,11,0.33140730477970615,0.33140730477970615,0.10983080166134904
DTSR14,hrnet32,jpeg,10,12,0.22094732493570085,0.22094732493570085,0.04881772039624217
DTSR14,hrnet32,jpeg,10,13,0.15186597694909515,0.15186597694909515,0.0230632749547031
DTSR14,hrnet32,jpeg,10,14,0.14782181385362134,0.14782181385362134,0.021851288650974677
DTSR14,hrnet32,jpeg,10,15,0.37059842741973875,0.37059842741973875,0.13734319440598336
DTSR14,hrnet32,jpeg,10,16,0.1735293379638934,0.1735293379638934,0.030112431134187132
DTSR14,hrnet32,jpeg,10,17,0.1221152467543708,0.1221152467543708,0.014912133489880868
DTSR14,hrnet32,jpeg,10,18,0.32772928791600703,0.32772928791600703,0.10740648615793304
DTSR14,hrnet32,jpeg,10,19,0.21811274336660103,0.21811274336660103,0.04757316881890476
DTSR14,hrnet32,jpeg,10,20,0.17691502851622593,0.17691502851622593,0.03129892731489703
DTSR14,hrnet32,jpeg,10,21,0.11931816726355257,0.11931816726355257,0.014236825039133108
DTSR14,hrnet32,jpeg,10,22,0.08817439088107806,0.08817439088107806,0.007774723207249142
DTSR14,hrnet32,jpeg,10,23,0.11222745176043014,0.11222745176043014,0.012595000928639674
DTSR14,hrnet32,jpeg,10,24,0.11501788843268121,0.11501788843268121,0.013229114659512702
DTSR14,hrnet32,jpeg,10,25,0.24595960729979865,0.24595960729979865,0.060496128423071165
DTSR14,hrnet32,jpeg,10,26,0.3887829671914536,0.3887829671914536,0.1511521955781909
DTSR14,hrnet32,jpeg,10,27,0.25495981326930145,0.25495981326930145,0.06500450638231707
DTSR14,hrnet32,jpeg,10,28,0.0187670078028265,0.0187670078028265,0.0003522005818713507
DTSR14,hrnet32,jpeg,10,29,0.2862504995663549,0.2862504995663549,0.08193934850198775
DTSR14,hrnet32,jpeg,10,30,0.1558639085154082,0.1558639085154082,0.02429355797769954
DTSR14,hrnet32,jpeg,10,31,0.06442324264079224,0.06442324264079224,0.004150354192354392
DTSR14,hrnet32,jpeg,10,32,0.25112377179043394,0.25112377179043394,0.06306314875825395
DTSR14,hrnet32,jpeg,10,33,0.025975244785842466,0.025975244785842466,0.0006747133416844362
DTSR14,hrnet32,jpeg,10,34,0.250633698559356,0.250633698559356,0.06281725085354214
DTSR14,hrnet32,jpeg,10,35,0.09199068721591236,0.09199068721591236,0.008462286534455821
DTSR14,hrnet32,jpeg,10,36,0.39518875184840674,0.39518875184840674,0.1561741495875016
DTSR14,hrnet32,jpeg,10,37,0.4076356099280345,0.4076356099280345,0.1661667904814007
DTSR14,hrnet32,jpeg,10,38,0.3552365813460186,0.3552365813460186,0.12619302872640648
DTSR14,hrnet32,jpeg,10,39,0.0713730938241206,0.0713730938241206,0.005094118522026723
DTSR14,hrnet32,jpeg,10,40,0.18348474523756364,0.18348474523756364,0.03366665173489363
DTSR14,hrnet32,jpeg,10,41,0.03166831418541893,0.03166831418541893,0.001002882123346406
DTSR14,hrnet32,jpeg,10,42,0.06510617298423411,0.06510617298423411,0.004238813760653016
DTSR14,hrnet32,jpeg,10,43,0.0823117186774834,0.0823117186774834,0.006775219031641169
DTSR14,hrnet32,jpeg,10,44,0.23512068029295738,0.23512068029295738,0.05528173430142307
DTSR14,hrnet32,jpeg,10,45,0.2775034938070055,0.2775034938070055,0.07700818907509474
DTSR14,hrnet32,jpeg,10,46,0.18468705890111548,0.18468705890111548,0.034109309725544094
DTSR14,hrnet32,jpeg,10,47,0.16180830482674127,0.16180830482674127,0.026181927510903622
DTSR14,hrnet32,jpeg,10,48,0.16424182644123447,0.16424182644123447,0.02697537755275259
DTSR14,hrnet32,jpeg,10,49,0.3183750031091354,0.3183750031091354,0.10136264260474198
DTSR14,hrnet32,jpeg,10,50,0.2149268487726867,0.2149268487726867,0.046193550323357334
DTSR14,hrnet32,jpeg,10,51,0.14870270853124107,0.14870270853124107,0.022112495524527234
DTSR14,hrnet32,jpeg,10,52,0.13695916539624114,0.13695916539624114,0.018757812986034936
DTSR14,hrnet32,jpeg,10,53,0.07810596563178071,0.07810596563178071,0.00610054186727291
DTSR14,hrnet32,jpeg,10,54,0.47332684924857166,0.47332684924857166,0.22403830621958007
DTSR14,hrnet32,jpeg,10,55,0.2516012490986771,0.2516012490986771,0.06330318854801456
DTSR14,hrnet32,jpeg,10,56,0.1252246599748976,0.1252246599748976,0.01568121546582872
DTSR14,hrnet32,jpeg,10,57,0.41164638797423636,0.41164638797423636,0.16945274873223554
DTSR14,hrnet32,jpeg,10,58,0.2017550876275608,0.2017550876275608,0.04070511538360474
DTSR14,hrnet32,jpeg,10,59,0.24569743554981352,0.24569743554981352,0.060367229835754765
DTSR14,hrnet32,jpeg,10,60,0.2823241859763837,0.2823241859763837,0.07970694598722769
DTSR14,hrnet32,jpeg,10,61,0.1813984560692741,0.1813984560692741,0.03290539986431636
DTSR14,hrnet32,jpeg,10,62,0.2380526140686741,0.2380526140686741,0.05666904706492909
DTSR14,hrnet32,jpeg,10,63,0.0516541152324622,0.0516541152324622,0.002668147620448484
DTSR14,hrnet32,jpeg,10,64,0.4257674610041095,0.4257674610041095,0.18127793084988592
DTSR14,hrnet32,jpeg,10,65,0.21178768439467896,0.21178768439467896,0.044854023261260145
DTSR14,hrnet32,jpeg,10,66,0.27926660505521145,0.27926660505521145,0.07798983669906345
DTSR14,hrnet32,jpeg,10,67,0.19584036137328908,0.19584036137328908,0.03835344714282046
DTSR14,hrnet32,jpeg,10,68,0.24572872525551248,0.24572872525551248,0.06038260641569914
DTSR14,hrnet32,jpeg,10,69,0.11873150187850279,0.11873150187850279,0.01409716953832491
DTSR14,hrnet32,jpeg,10,70,0.0183261086053139,0.0183261086053139,0.0003358462566137602
DTSR14,hrnet32,jpeg,10,71,0.12483621333683764,0.12483621333683764,0.01558408016028044
DTSR14,hrnet32,jpeg,10,72,0.17249034420915765,0.17249034420915765,0.02975291884539369
DTSR14,hrnet32,jpeg,10,73,0.25318784459089694,0.25318784459089694,0.06410408464858418
DTSR14,hrnet32,jpeg,10,74,0.03085294737736687,0.03085294737736687,0.0009519043618705692
DTSR14,hrnet32,jpeg,10,75,0.05250847235718232,0.05250847235718232,0.00275713966928498
DTSR14,hrnet32,jpeg,10,76,0.21400541414234658,0.21400541414234658,0.04579831728223727
DTSR14,hrnet32,jpeg,10,77,0.3835676076944569,0.3835676076944569,0.1471241096724488
DTSR14,hrnet32,jpeg,10,78,0.16473153696550227,0.16473153696550227,0.02713647927101664
DTSR14,hrnet32,jpeg,10,79,0.3825675323871156,0.3825675323871156,0.14635791683676674
DTSR14,hrnet32,jpeg,10,80,0.16942014283007886,0.16942014283007886,0.02870318479656432
DTSR14,hrnet32,jpeg,10,81,0.26009249256717143,0.26009249256717143,0.06764810468980413
DTSR14,hrnet32,jpeg,10,82,0.14448960488181725,0.14448960488181725,0.020877245918903668
DTSR14,hrnet32,jpeg,10,83,0.12842834205777723,0.12842834205777723,0.01649383904370943
DTSR14,hrnet32,jpeg,10,84,0.16969930796389834,0.16969930796389834,0.028797855123426013
DTSR14,hrnet32,jpeg,10,85,0.17364598393291664,0.17364598393291664,0.030152927736030743
DTSR14,hrnet32,jpeg,10,86,0.2767747576979542,0.2767747576979542,0.07660426649876124
DTSR14,hrnet32,jpeg,10,87,0.3004459619287656,0.3004459619287656,0.09026777603930126
DTSR14,hrnet32,jpeg,10,88,0.1298831194849089,0.1298831194849089,0.016869624727131126
DTSR14,hrnet32,jpeg,10,89,0.39625967682363344,0.39625967682363344,0.1570217314763704
DTSR14,hrnet32,jpeg,10,90,0.11133154020327554,0.11133154020327554,0.012394711844033558
DTSR14,hrnet32,jpeg,10,91,0.49820137099504547,0.49820137099504547,0.24820460606134293
DTSR14,hrnet32,jpeg,10,92,0.02187763533437331,0.02187763533437331,0.0004786309278238196
DTSR14,hrnet32,jpeg,10,93,0.1035429638832022,0.1035429638832022,0.010721145369718113
DTSR14,hrnet32,jpeg,10,94,0.5521276122140057,0.5521276122140057,0.3048449001691395
DTSR14,hrnet32,jpeg,10,95,0.3421943600653675,0.3421943600653675,0.11709698006054639
DTSR14,hrnet32,jpeg,10,96,0.31183571740045213,0.31183571740045213,0.09724151464665465
DTSR14,hrnet32,jpeg,10,97,0.2829678809073562,0.2829678809073562,0.08007082162519971
DTSR14,hrnet32,jpeg,10,98,0.2188715047182261,0.2188715047182261,0.047904735577620476
DTSR14,hrnet32,jpeg,10,99,0.17122495388328607,0.17122495388328607,0.02931798483233344
DTSR14,hrnet32,jpeg,10,100,0.041813307649163654,0.041813307649163654,0.0017483526965636077
DTSR14,hrnet32,jpeg,10,101,0.13264311991940797,0.13264311991940797,0.017594197261954443
DTSR14,hrnet32,jpeg,10,102,0.2758579095064306,0.2758579095064306,0.07609758623725804
DTSR14,hrnet32,jpeg,10,103,0.17150062552135856,0.17150062552135856,0.02941246455421726
DTSR14,hrnet32,jpeg,10,104,0.24042694644445445,0.24042694644445445,0.057805116576604566
DTSR14,hrnet32,jpeg,10,105,0.3425678684044831,0.3425678684044831,0.11735274446319126
DTSR14,hrnet32,jpeg,10,106,0.07503497353182949,0.07503497353182949,0.005630247252922352
DTSR14,hrnet32,jpeg,10,107,0.2606475451714418,0.2606475451714418,0.06793714280389879
DTSR14,hrnet32,jpeg,10,108,0.05491982676024566,0.05491982676024566,0.0030161873713753957
DTSR14,hrnet32,jpeg,10,109,0.3240640326378849,0.3240640326378849,0.10501749724952814
DTSR14,hrnet32,jpeg,10,110,0.1638540800262999,0.1638540800262999,0.026848159541265088
DTSR14,hrnet32,jpeg,10,111,0.09082826499101161,0.09082826499101161,0.008249773721277425
DTSR14,hrnet32,jpeg,10,112,0.39883484268737035,0.39883484268737035,0.15906923174145945
DTSR14,hrnet32,jpeg,10,113,0.07475999571176106,0.07475999571176106,0.005589056958822533
DTSR14,hrnet32,jpeg,10,114,0.18475633397518146,0.18475633397518146,0.03413490294394879
DTSR14,hrnet32,jpeg,10,115,0.3245896988317653,0.3245896988317653,0.10535847258769611
DTSR14,hrnet32,jpeg,10,116,0.2120421774131045,0.2120421774131045,0.04496188500209048
DTSR14,hrnet32,jpeg,10,117,0.1712354076528479,0.1712354076528479,0.029321564834036997
DTSR14,hrnet32,jpeg,10,118,0.36725339665663853,0.36725339665663853,0.13487505735583827
DTSR14,hrnet32,jpeg,10,119,0.353713516494876,0.353713516494876,0.1251132517511709
DTSR14,hrnet32,jpeg,10,120,0.18279653939763127,0.18279653939763127,0.03341457481574976
DTSR14,hrnet32,jpeg,10,121,0.13170664577817312,0.13170664577817312,0.01734664054213717
DTSR14,hrnet32,jpeg,10,122,0.07639498969643652,0.07639498969643652,0.0058361944507186415
DTSR14,hrnet32,jpeg,10,123,0.2855541578418768,0.2855541578418768,0.0815411770607835
DTSR14,hrnet32,jpeg,10,124,0.4322636716861518,0.4322636716861518,0.18685188185959326
DTSR14,hrnet32,jpeg,10,125,0.4090788716603829,0.4090788716603829,0.16734552323893204
DTSR14,hrnet32,jpeg,10,126,0.10253743488460527,0.10253743488460527,0.010513925552714666
DTSR14,hrnet32,jpeg,10,127,0.2513229667084773,0.2513229667084773,0.0631632335951504
DTSR14,hrnet32,jpeg,10,128,0.09798196752272943,0.09798196752272943,0.009600465959625205
DTSR14,hrnet32,jpeg,10,129,0.13028182142036585,0.13028182142036585,0.016973352992608097
DTSR14,hrnet32,jpeg,10,130,0.25172828101904915,0.25172828101904915,0.06336712746480538
DTSR14,hrnet32,jpeg,10,131,0.14400266088282726,0.14400266088282726,0.020736766341334548
DTSR14,hrnet32,jpeg,10,132,0.4780645512041474,0.4780645512041474,0.2285457151180229
DTSR14,hrnet32,jpeg,10,133,0.1951188071802016,0.1951188071802016,0.03807134891542469
DTSR14,hrnet32,jpeg,10,134,0.10769969534383479,0.10769969534383479,0.01159922437715483
DTSR14,hrnet32,jpeg,10,135,0.10740798993389743,0.10740798993389743,0.011536476301640211
DTSR14,hrnet32,jpeg,10,136,0.23320344079384836,0.23320344079384836,0.054383844798089935
DTSR14,hrnet32,jpeg,10,137,0.4638346465323831,0.4638346465323831,0.21514257932382078
DTSR14,hrnet32,jpeg,10,138,0.47341424528328563,0.47341424528328563,0.22412104763714294
DTSR14,hrnet32,jpeg,10,139,0.16013068983308357,0.16013068983308357,0.02564183782641921
DTSR14,hrnet32,jpeg,10,140,0.22383361198392876,0.22383361198392876,0.05010148585377198
DTSR14,hrnet32,jpeg,10,141,0.23567004730126512,0.23567004730126512,0.05554037119498054
DTSR14,hrnet32,jpeg,10,142,0.15983794722584527,0.15983794722584527,0.025548169373372096
DTSR14,hrnet32,jpeg,10,143,0.21526583180752018,0.21526583180752018,0.046339378343783565
DTSR14,hrnet32,jpeg,10,144,0.27735664110698244,0.27735664110698244,0.07692670636614746
DTSR14,hrnet32,jpeg,10,145,0.25722064188373894,0.25722064188373894,0.06616245861108268
DTSR14,hrnet32,jpeg,10,146,0.29027457916776417,0.29027457916776417,0.08425933131102259
DTSR14,hrnet32,jpeg,10,147,0.04598860567670003,0.04598860567670003,0.0021149518520870063
DTSR14,hrnet32,jpeg,10,148,0.1580916325512592,0.1580916325512592,0.024992964282722352
DTSR14,hrnet32,jpeg,10,149,0.26039555297439004,0.26039555297439004,0.06780584400883836
DTSR14,hrnet32,jpeg,10,150,0.3944340500478951,0.3944340500478951,0.15557821983718542
DTSR14,hrnet32,jpeg,10,151,0.06353102153240557,0.06353102153240557,0.004036190696950981
DTSR14,hrnet32,jpeg,10,152,0.17073357027412595,0.17073357027412595,0.0291499520185499
DTSR14,hrnet32,jpeg,10,153,0.22929637190196697,0.22929637190196697,0.052576826167405145
DTSR14,hrnet32,jpeg,10,154,0.09929850437472357,0.09929850437472357,0.009860192971056995
DTSR14,hrnet32,jpeg,10,155,0.33958980152829277,0.33958980152829277,0.11532123330202528
DTSR14,hrnet32,jpeg,10,156,0.23603915445992252,0.23603915445992252,0.05571448243815516
DTSR14,hrnet32,jpeg,10,157,0.12760260967141923,0.12760260967141923,0.01628242599495657
DTSR14,hrnet32,jpeg,10,158,0.3855328871088273,0.3855328871088273,0.14863560704246778
DTSR14,hrnet32,jpeg,10,159,0.1835898697107573,0.1835898697107573,0.03370524026041284
DTSR14,hrnet32,jpeg,10,160,0.27846825350743215,0.27846825350743215,0.0775445682114795
DTSR14,hrnet32,jpeg,10,161,0.4439380162512496,0.4439380162512496,0.19708096227309477
DTSR14,hrnet32,jpeg,10,162,0.05589036118223363,0.05589036118223363,0.003123732473080528
DTSR14,hrnet32,jpeg,10,163,0.1397667453555977,0.1397667453555977,0.019534743107296488
DTSR14,hrnet32,jpeg,10,164,0.11043508357401308,0.11043508357401308,0.012195907683999252
DTSR14,hrnet32,jpeg,10,165,0.30585142157342177,0.30585142157342177,0.09354509207848297
DTSR14,hrnet32,jpeg,10,166,0.07889851741021563,0.07889851741021563,0.006224976049530098
DTSR14,hrnet32,jpeg,10,167,0.3795435484971076,0.3795435484971076,0.14405330520577625
DTSR14,hrnet32,jpeg,10,168,0.02522901938743504,0.02522901938743504,0.0006365034192515732
DTSR14,hrnet32,jpeg,10,169,0.0721897397442779,0.0721897397442779,0.005211358524346577
DTSR14,hrnet32,jpeg,10,170,0.15423762231025032,0.15423762231025032,0.023789244135919426
DTSR14,hrnet32,jpeg,10,171,0.38090006472634264,0.38090006472634264,0.14508485930853202
DTSR14,hrnet32,jpeg,10,172,0.3376251018520916,0.3376251018520916,0.11399070940063523
DTSR14,hrnet32,jpeg,10,173,0.040502358795737665,0.040502358795737665,0.0016404410680186682
DTSR14,hrnet32,jpeg,10,174,0.2964753258181008,0.2964753258181008,0.08789761881894904
DTSR14,hrnet32,jpeg,10,175,0.11864049410657176,0.11864049410657176,0.014075566841851489
DTSR14,hrnet32,jpeg,10,176,0.07082778496178321,0.07082778496178321,0.005016575122592604
DTSR14,hrnet32,jpeg,10,177,0.3900085923561349,0.3900085923561349,0.15210670211161378
DTSR14,hrnet32,jpeg,10,178,0.09312559478290766,0.09312559478290766,0.008672376403670318
DTSR14,hrnet32,jpeg,10,179,0.2771141474620228,0.2771141474620228,0.07679225072360371
DTSR14,hrnet32,jpeg,10,180,0.6015487464068205,0.6015487464068205,0.3618608943036173
DTSR14,hrnet32,jpeg,10,181,0.11580227870380835,0.11580227870380835,0.013410167752994506
DTSR14,hrnet32,jpeg,10,182,0.1198791428443736,0.1198791428443736,0.014371008889101733
DTSR14,hrnet32,jpeg,10,183,0.0910382274322493,0.0910382274322493,0.008287958854005949
DTSR14,hrnet32,jpeg,10,184,0.30264914510709967,0.30264914510709967,0.09159650503405828
DTSR14,hrnet32,jpeg,10,185,0.06774272868642497,0.06774272868642497,0.004589077289882585
DTSR14,hrnet32,jpeg,10,186,0.11018412054199436,0.11018412054199436,0.012140540419612744
DTSR14,hrnet32,jpeg,10,187,0.46784395814215957,0.46784395814215957,0.21887796917012275
DTSR14,hrnet32,jpeg,10,188,0.513688037084941,0.513688037084941,0.26387539944417976
DTSR14,hrnet32,jpeg,10,189,0.14968862373727498,0.14968862373727498,0.022406684076359484
DTSR14,hrnet32,jpeg,10,190,0.21798994950425674,0.21798994950425674,0.047519618084868404
DTSR14,hrnet32,jpeg,10,191,0.09500035905820511,0.09500035905820511,0.009025068221187895
DTSR14,hrnet32,jpeg,10,192,0.06998489765324034,0.06998489765324034,0.004897885899534525
DTSR14,hrnet32,jpeg,10,193,0.2634971080938301,0.2634971080938301,0.06943072597381159
DTSR14,hrnet32,jpeg,10,194,0.0680803839260183,0.0680803839260183,0.004634938675514051
DTSR14,hrnet32,jpeg,10,195,0.12780557938603845,0.12780557938603845,0.01633426612220098
DTSR14,hrnet32,jpeg,10,196,0.21940772340893586,0.21940772340893586,0.0481397490914921
DTSR14,hrnet32,jpeg,10,197,0.053581878011124504,0.053581878011124504,0.0028710176511990274
DTSR14,hrnet32,jpeg,10,198,0.18268265506521697,0.18268265506521697,0.03337295246167704
DTSR14,hrnet32,jpeg,10,199,0.3220737176341541,0.3220737176341541,0.10373147959068482
DTSR14,hrnet32,jpeg,50,0,0.14153288003562076,0.14153288003562076,0.020031556131177415
DTSR14,hrnet32,jpeg,50,1,0.11398988535582051,0.11398988535582051,0.012993693963433103
DTSR14,hrnet32,jpeg,50,2,0.16857343288116408,0.16857343288116408,0.02841700227334033
DTSR14,hrnet32,jpeg,50,3,0.10189064454856443,0.10189064454856443,0.010381703446521904
DTSR14,hrnet32,jpeg,50,4,0.13224741287458977,0.13224741287458977,0.017489378212022212
DTSR14,hrnet32,jpeg,50,5,0.023861438592826516,0.023861438592826516,0.0005693682517192306
DTSR14,hrnet32,jpeg,50,6,0.31407194850146875,0.31407194850146875,0.09864118883550924
DTSR14,hrnet32,jpeg,50,7,0.1393561658066828,0.1393561658066828,0.01942014094833967
DTSR14,hrnet32,jpeg,50,8,0.1298718183302251,0.1298718183302251,0.01686668919639899
DTSR14,hrnet32,jpeg,50,9,0.18050448013946013,0.18050448013946013,0.03258186735041676
DTSR14,hrnet32,jpeg,50,10,0.017975606273033524,0.017975606273033524,0.0003231224208831222
DTSR14,hrnet32,jpeg,50,11,0.0743573441814872,0.0743573441814872,0.005529014633724149
DTSR14,hrnet32,jpeg,50,12,0.008235913922579281,0.008235913922579281,6.783027814013524e-05
DTSR14,hrnet32,jpeg,50,13,0.008564816738474978,0.008564816738474978,7.335608576366117e-05
DTSR14,hrnet32,jpeg,50,14,0.3051533053325316,0.3051533053325316,0.09311853975536925
DTSR14,hrnet32,jpeg,50,15,0.04222948021916284,0.04222948021916284,0.0017833289995806657
DTSR14,hrnet32,jpeg,50,16,0.02638647034973866,0.02638647034973866,0.0006962458175176374
DTSR14,hrnet32,jpeg,50,17,0.02104526322531187,0.02104526322531187,0.0004429031042226642
DTSR14,hrnet32,jpeg,50,18,0.3483038797035646,0.3483038797035646,0.12131559261655518
DTSR14,hrnet32,jpeg,50,19,0.04966315188440923,0.04966315188440923,0.0024664286550939
DTSR14,hrnet32,jpeg,50,20,0.03832726377934687,0.03832726377934687,0.0014689791488116347
DTSR14,hrnet32,jpeg,50,21,0.03562215437385655,0.03562215437385655,0.0012689378822348676
DTSR14,hrnet32,jpeg,50,22,0.05102176598168133,0.05102176598168133,0.0026032206038894543
DTSR14,hrnet32,jpeg,50,23,0.27009602030494406,0.27009602030494406,0.07295186018456876
DTSR14,hrnet32,jpeg,50,24,0.05777957217400341,0.05777957217400341,0.0033384789606108693
DTSR14,hrnet32,jpeg,50,25,0.049270615160832636,0.049270615160832636,0.0024275935183268706
DTSR14,hrnet32,jpeg,50,26,0.06953109132732548,0.06953109132732548,0.004834572661168876
DTSR14,hrnet32,jpeg,50,27,0.02954641803449793,0.02954641803449793,0.0008729908186693046
DTSR14,hrnet32,jpeg,50,28,0.010546024006144322,0.010546024006144322,0.00011121862233817233
DTSR14,hrnet32,jpeg,50,29,0.08231828969779291,0.08231828969779291,0.0067763008187697584
DTSR14,hrnet32,jpeg,50,30,0.01255117396600598,0.01255117396600598,0.0001575319679249463
DTSR14,hrnet32,jpeg,50,31,0.03857504554357724,0.03857504554357724,0.0014880341386890583
DTSR14,hrnet32,jpeg,50,32,0.08570961872176525,0.08570961872176525,0.007346138741430371
DTSR14,hrnet32,jpeg,50,33,0.06012193387731178,0.06012193387731178,0.0036146469331478502
DTSR14,hrnet32,jpeg,50,34,0.11230643119116267,0.11230643119116267,0.012612734486895354
DTSR14,hrnet32,jpeg,50,35,0.09427751462411427,0.09427751462411427,0.00888824976370008
DTSR14,hrnet32,jpeg,50,36,0.13410715935158396,0.13410715935158396,0.017984730189351133
DTSR14,hrnet32,jpeg,50,37,0.07796172837257283,0.07796172837257283,0.006078031090838827
DTSR14,hrnet32,jpeg,50,38,0.08555835618047203,0.08555835618047203,0.007320232312304516
DTSR14,hrnet32,jpeg,50,39,0.10479917317956323,0.10479917317956323,0.010982866699120086
DTSR14,hrnet32,jpeg,50,40,0.06620016047570676,0.06620016047570676,0.004382461247009328
DTSR14,hrnet32,jpeg,50,41,0.07131195892623864,0.07131195892623864,0.0050853954858975465
DTSR14,hrnet32,jpeg,50,42,0.03696153729860062,0.03696153729860062,0.0013661552394758447
DTSR14,hrnet32,jpeg,50,43,0.07994630626758467,0.07994630626758467,0.0063914118858304485
DTSR14,hrnet32,jpeg,50,44,0.08270094743911739,0.08270094743911739,0.006839446707327657
DTSR14,hrnet32,jpeg,50,45,0.07761550684206107,0.07761550684206107,0.00602416690235003
DTSR14,hrnet32,jpeg,50,46,0.06767182634618506,0.06767182634618506,0.004579476081028226
DTSR14,hrnet32,jpeg,50,47,0.09329782587068033,0.09329782587068033,0.008704484312195788
DTSR14,hrnet32,jpeg,50,48,0.04176673739111367,0.04176673739111367,0.0017444603522982526
DTSR14,hrnet32,jpeg,50,49,0.24025446495004893,0.24025446495004893,0.05772220792843429
DTSR14,hrnet32,jpeg,50,50,0.1899604265508639,0.1899604265508639,0.03608496365538616
DTSR14,hrnet32,jpeg,50,51,0.06551647011318816,0.06551647011318816,0.004292407856092278
DTSR14,hrnet32,jpeg,50,52,0.05092879159445996,0.05092879159445996,0.0025937418132719356
DTSR14,hrnet32,jpeg,50,53,0.0379406973048503,0.0379406973048503,0.0014394965119782748
DTSR14,hrnet32,jpeg,50,54,0.02962986045926376,0.02962986045926376,0.000877928630835442
DTSR14,hrnet32,jpeg,50,55,0.08055421535078089,0.08055421535078089,0.0064889816107799834
DTSR14,hrnet32,jpeg,50,56,0.10923226168957977,0.10923226168957977,0.011931686993820835
DTSR14,hrnet32,jpeg,50,57,0.13004109704674913,0.13004109704674913,0.016910686921122024
DTSR14,hrnet32,jpeg,50,58,0.23712714446228325,0.23712714446228325,0.05622928264083655
DTSR14,hrnet32,jpeg,50,59,0.11522110381360415,0.11522110381360415,0.013275902764025344
DTSR14,hrnet32,jpeg,50,60,0.2792250738107752,0.2792250738107752,0.07796664184463287
DTSR14,hrnet32,jpeg,50,61,0.017092698887011874,0.017092698887011874,0.00029216035524205693
DTSR14,hrnet32,jpeg,50,62,0.06111940780850698,0.06111940780850698,0.0037355820108625837
DTSR14,hrnet32,jpeg,50,63,0.03877994341700359,0.03877994341700359,0.001503884011426
DTSR14,hrnet32,jpeg,50,64,0.05846887604613398,0.05846887604613398,0.00341860946609818
DTSR14,hrnet32,jpeg,50,65,0.13475641343406722,0.13475641343406722,0.018159290961613252
DTSR14,hrnet32,jpeg,50,66,0.148981947291548,0.148981947291548,0.02219562061878159
DTSR14,hrnet32,jpeg,50,67,0.08201893556465381,0.08201893556465381,0.0067271057911588335
DTSR14,hrnet32,jpeg,50,68,0.03449359313774335,0.03449359313774335,0.0011898079675521749
DTSR14,hrnet32,jpeg,50,69,0.05828947848772645,0.05828947848772645,0.0033976633023711242
DTSR14,hrnet32,jpeg,50,70,0.03148721193902235,0.03148721193902235,0.0009914445156929115
DTSR14,hrnet32,jpeg,50,71,0.11681828253243054,0.11681828253243054,0.013646511133826766
DTSR14,hrnet32,jpeg,50,72,0.12289033735942811,0.12289033735942811,0.015102035016314054
DTSR14,hrnet32,jpeg,50,73,0.08012228818882093,0.08012228818882093,0.006419581064612474
DTSR14,hrnet32,jpeg,50,74,0.03640621319439058,0.03640621319439058,0.0013254123591554187
DTSR14,hrnet32,jpeg,50,75,0.07136483084229275,0.07136483084229275,0.005092939081149059
DTSR14,hrnet32,jpeg,50,76,0.08894936444521555,0.08894936444521555,0.007911989435207776
DTSR14,hrnet32,jpeg,50,77,0.06507711052926118,0.06507711052926118,0.004235030314837677
DTSR14,hrnet32,jpeg,50,78,0.24968551852941862,0.24968551852941862,0.06234285816330465
DTSR14,hrnet32,jpeg,50,79,0.1090577750575714,0.1090577750575714,0.011893598300507843
DTSR14,hrnet32,jpeg,50,80,0.04569343279044746,0.04569343279044746,0.0020878898001751387
DTSR14,hrnet32,jpeg,50,81,0.09992736503213125,0.09992736503213125,0.009985478282264806
DTSR14,hrnet32,jpeg,50,82,0.12185580113457833,0.12185580113457833,0.014848836270149903
DTSR14,hrnet32,jpeg,50,83,0.09002198271215964,0.09002198271215964,0.00810395737142837
DTSR14,hrnet32,jpeg,50,84,0.15747492500244112,0.15747492500244112,0.024798352004524456
DTSR14,hrnet32,jpeg,50,85,0.2565828544579931,0.2565828544579931,0.06583476120181168
DTSR14,hrnet32,jpeg,50,86,0.098499982690634,0.098499982690634,0.009702246590055197
DTSR14,hrnet32,jpeg,50,87,0.17135919814973052,0.17135919814973052,0.02936397479051861
DTSR14,hrnet32,jpeg,50,88,0.06900275831348254,0.06900275831348254,0.004761380654868884
DTSR14,hrnet32,jpeg,50,89,0.019643835671340648,0.019643835671340648,0.0003858802798826353
DTSR14,hrnet32,jpeg,50,90,0.24484455142811284,0.24484455142811284,0.05994885436403379
DTSR14,hrnet32,jpeg,50,91,0.1166849430512885,0.1166849430512885,0.013615375934882441
DTSR14,hrnet32,jpeg,50,92,0.12687125637312685,0.12687125637312685,0.01609631569369568
DTSR14,hrnet32,jpeg,50,93,0.1256266025555511,0.1256266025555511,0.015782043269650402
DTSR14,hrnet32,jpeg,50,94,0.031654397147826134,0.031654397147826134,0.0010020008587923034
DTSR14,hrnet32,jpeg,50,95,0.07456491099693142,0.07456491099693142,0.005559925951980305
DTSR14,hrnet32,jpeg,50,96,0.04083105385933875,0.04083105385933875,0.001667174959264222
DTSR14,hrnet32,jpeg,50,97,0.058392712786096056,0.058392712786096056,0.0034097089065195057
DTSR14,hrnet32,jpeg,50,98,0.0542840982102424,0.0542840982102424,0.0029467633184992424
DTSR14,hrnet32,jpeg,50,99,0.06695168837634378,0.06695168837634378,0.004482528576443047
DTSR14,hrnet32,jpeg,50,100,0.17765211430471484,0.17765211430471484,0.03156027371693547
DTSR14,hrnet32,jpeg,50,101,0.09442040796819966,0.09442040796819966,0.008915213440881262
DTSR14,hrnet32,jpeg,50,102,0.024055231530276375,0.024055231530276375,0.0005786541639752026
DTSR14,hrnet32,jpeg,50,103,0.009660402817218161,0.009660402817218161,9.332338259091659e-05
DTSR14,hrnet32,jpeg,50,104,0.07392644487179899,0.07392644487179899,0.005465119251383135
DTSR14,hrnet32,jpeg,50,105,0.05158807470630881,0.05158807470630881,0.0026613294519036985
DTSR14,hrnet32,jpeg,50,106,0.076519456822624,0.076519456822624,0.005855227272429418
DTSR14,hrnet32,jpeg,50,107,0.17825838811323758,0.17825838811323758,0.03177605293272964
DTSR14,hrnet32,jpeg,50,108,0.11734778498275036,0.11734778498275036,0.013770502640357812
DTSR14,hrnet32,jpeg,50,109,0.09692660680449247,0.09692660680449247,0.009394767106632685
DTSR14,hrnet32,jpeg,50,110,0.1923567842186994,0.1923567842186994,0.03700113243495928
DTSR14,hrnet32,jpeg,50,111,0.07737964671842315,0.07737964671842315,0.005987609726267975
DTSR14,hrnet32,jpeg,50,112,0.24784635739184654,0.24784635739184654,0.06142781687240693
DTSR14,hrnet32,jpeg,50,113,0.05213424153719106,0.05213424153719106,0.0027179791406581775
DTSR14,hrnet32,jpeg,50,114,0.09634819552097738,0.09634819552097738,0.009282974780148487
DTSR14,hrnet32,jpeg,50,115,0.02528104431778882,0.02528104431778882,0.0006391312017980023
DTSR14,hrnet32,jpeg,50,116,0.17308070159229635,0.17308070159229635,0.02995692926368154
DTSR14,hrnet32,jpeg,50,117,0.13158959991310668,0.13158959991310668,0.017315822805291484
DTSR14,hrnet32,jpeg,50,118,0.04984324477797919,0.04984324477797919,0.0024843490499975498
DTSR14,hrnet32,jpeg,50,119,0.23917973207094517,0.23917973207094517,0.057206944233529115
DTSR14,hrnet32,jpeg,50,120,0.09778283029784457,0.09778283029784457,0.00956148190105707
DTSR14,hrnet32,jpeg,50,121,0.03238220277678484,0.03238220277678484,0.0010486070566768117
DTSR14,hrnet32,jpeg,50,122,0.02369139130490238,0.02369139130490238,0.0005612820219620041
DTSR14,hrnet32,jpeg,50,123,0.048234162926024955,0.048234162926024955,0.0023265344731743204
DTSR14,hrnet32,jpeg,50,124,0.48211550018808275,0.48211550018808275,0.2324353555216052
DTSR14,hrnet32,jpeg,50,125,0.22586797896580418,0.22586797896580418,0.05101634392209696
DTSR14,hrnet32,jpeg,50,126,0.19128601140557003,0.19128601140557003,0.03659033815945187
DTSR14,hrnet32,jpeg,50,127,0.022215415442174275,0.022215415442174275,0.0004935246832683953
DTSR14,hrnet32,jpeg,50,128,0.30873196115621987,0.30873196115621987,0.09531542383936566
DTSR14,hrnet32,jpeg,50,129,0.11117983524002796,0.11117983524002796,0.012360955763999763
DTSR14,hrnet32,jpeg,50,130,0.47093708116260813,0.47093708116260813,0.22178173441395696
DTSR14,hrnet32,jpeg,50,131,0.05997797633348929,0.05997797633348929,0.003597357645060601
DTSR14,hrnet32,jpeg,50,132,0.10443816241374454,0.10443816241374454,0.010907329768359684
DTSR14,hrnet32,jpeg,50,133,0.19470780494251153,0.19470780494251153,0.037911129305531116
DTSR14,hrnet32,jpeg,50,134,0.08315789855841181,0.08315789855841181,0.006915236092651109
DTSR14,hrnet32,jpeg,50,135,0.05780161548674977,0.05780161548674977,0.003341026752878071
DTSR14,hrnet32,jpeg,50,136,0.016187647448172263,0.016187647448172263,0.00026203992990631795
DTSR14,hrnet32,jpeg,50,137,0.05953050546635536,0.05953050546635536,0.0035438810810797658
DTSR14,hrnet32,jpeg,50,138,0.18384597361554664,0.18384597361554664,0.03379934201464827
DTSR14,hrnet32,jpeg,50,139,0.07002990316335293,0.07002990316335293,0.004904187337068589
DTSR14,hrnet32,jpeg,50,140,0.23152714114640896,0.23152714114640896,0.053604817087429174
DTSR14,hrnet32,jpeg,50,141,0.32810719453565307,0.32810719453565307,0.10765433110605689
DTSR14,hrnet32,jpeg,50,142,0.06197883308668736,0.06197883308668736,0.0038413757507874523
DTSR14,hrnet32,jpeg,50,143,0.04063613489692648,0.04063613489692648,0.0016512954593612063
DTSR14,hrnet32,jpeg,50,144,0.08279522320969138,0.08279522320969138,0.006855048986342618
DTSR14,hrnet32,jpeg,50,145,0.0026940796094140646,0.0026940796094140646,7.258064941860639e-06
DTSR14,hrnet32,jpeg,50,146,0.30088455749528825,0.30088455749528825,0.09053151693913543
DTSR14,hrnet32,jpeg,50,147,0.03888155511502973,0.03888155511502973,0.0015117753281630943
DTSR14,hrnet32,jpeg,50,148,0.11604679812938151,0.11604679812938151,0.013466859356081424
DTSR14,hrnet32,jpeg,50,149,0.1036682973984993,0.1036682973984993,0.010747115885503696
DTSR14,hrnet32,jpeg,50,150,0.3168454385182399,0.3168454385182399,0.10039103190981573
DTSR14,hrnet32,jpeg,50,151,0.0039186433836856625,0.0039186433836856625,1.535576596850342e-05
DTSR14,hrnet32,jpeg,50,152,0.0383142927692866,0.0383142927692866,0.0014679850304106074
DTSR14,hrnet32,jpeg,50,153,0.07985782341943702,0.07985782341943702,0.006377271961289984
DTSR14,hrnet32,jpeg,50,154,0.1959040028611835,0.1959040028611835,0.03837837833703459
DTSR14,hrnet32,jpeg,50,155,0.022224197679337258,0.022224197679337258,0.0004939149624902595
DTSR14,hrnet32,jpeg,50,156,0.08918396986084079,0.08918396986084079,0.007953780480139358
DTSR14,hrnet32,jpeg,50,157,0.09883353890141164,0.09883353890141164,0.009768068411776848
DTSR14,hrnet32,jpeg,50,158,0.11033270039715566,0.11033270039715566,0.012173304776928512
DTSR14,hrnet32,jpeg,50,159,0.036288840234343686,0.036288840234343686,0.001316879925553721
DTSR14,hrnet32,jpeg,50,160,0.1844975222273135,0.1844975222273135,0.03403933570801804
DTSR14,hrnet32,jpeg,50,161,0.0942832723481195,0.0942832723481195,0.008889335444669676
DTSR14,hrnet32,jpeg,50,162,0.11646271074197113,0.11646271074197113,0.013563562993368038
DTSR14,hrnet32,jpeg,50,163,0.011477270688045986,0.011477270688045986,0.00013172774244667957
DTSR14,hrnet32,jpeg,50,164,0.06962496073362587,0.06962496073362587,0.004847635157158944
DTSR14,hrnet32,jpeg,50,165,0.03947265788892397,0.03947265788892397,0.0015580907208160317
DTSR14,hrnet32,jpeg,50,166,0.08857151149723949,0.08857151149723949,0.007844912648905628
DTSR14,hrnet32,jpeg,50,167,0.07935330704753017,0.07935330704753017,0.0062969473393796015
DTSR14,hrnet32,jpeg,50,168,0.07483433739369115,0.07483433739369115,0.0056001780531528015
DTSR14,hrnet32,jpeg,50,169,0.04766772965048373,0.04766772965048373,0.0022722124500316057
DTSR14,hrnet32,jpeg,50,170,0.011793025475804087,0.011793025475804087,0.00013907544987296422
DTSR14,hrnet32,jpeg,50,171,0.3566969094799425,0.3566969094799425,0.12723268523254228
DTSR14,hrnet32,jpeg,50,172,0.03408551316398747,0.03408551316398747,0.0011618222076523628
DTSR14,hrnet32,jpeg,50,173,0.04925238153465599,0.04925238153465599,0.0024257970868353223
DTSR14,hrnet32,jpeg,50,174,0.09624028845975718,0.09624028845975718,0.009262193122817272
DTSR14,hrnet32,jpeg,50,175,0.01994260620934583,0.01994260620934583,0.0003977075424210389
DTSR14,hrnet32,jpeg,50,176,0.046710266834382855,0.046710266834382855,0.0021818490277392467
DTSR14,hrnet32,jpeg,50,177,0.03625534487423419,0.03625534487423419,0.001314450031949659
DTSR14,hrnet32,jpeg,50,178,0.04637636761410122,0.04637636761410122,0.0021507674730782567
DTSR14,hrnet32,jpeg,50,179,0.03187453280356907,0.03187453280356907,0.0010159858414458007
DTSR14,hrnet32,jpeg,50,180,0.34839297375352135,0.34839297375352135,0.12137766416082181
DTSR14,hrnet32,jpeg,50,181,0.26819980650614417,0.26819980650614417,0.07193113620993317
DTSR14,hrnet32,jpeg,50,182,0.15789400903394174,0.15789400903394174,0.024930518088810475
DTSR14,hrnet32,jpeg,50,183,0.25856557475393854,0.25856557475393854,0.06685615644783457
DTSR14,hrnet32,jpeg,50,184,0.1426205574085001,0.1426205574085001,0.020340623395511275
DTSR14,hrnet32,jpeg,50,185,0.2847895405288078,0.2847895405288078,0.08110508239460945
DTSR14,hrnet32,jpeg,50,186,0.07097429919441148,0.07097429919441148,0.005037351146137838
DTSR14,hrnet32,jpeg,50,187,0.199679610768779,0.199679610768779,0.03987194695677108
DTSR14,hrnet32,jpeg,50,188,0.06400880596855647,0.06400880596855647,0.004097127241520311
DTSR14,hrnet32,jpeg,50,189,0.21271399342533748,0.21271399342533748,0.045247242998954516
DTSR14,hrnet32,jpeg,50,190,0.08441287080788668,0.08441287080788668,0.007125532758028966
DTSR14,hrnet32,jpeg,50,191,0.1584141724423398,0.1584141724423398,0.02509505003059137
DTSR14,hrnet32,jpeg,50,192,0.032683983446326344,0.032683983446326344,0.0010682427739197346
DTSR14,hrnet32,jpeg,50,193,0.020502153250823697,0.020502153250823697,0.0004203382879202607
DTSR14,hrnet32,jpeg,50,194,0.06493159220814702,0.06493159220814702,0.004216111666685099
DTSR14,hrnet32,jpeg,50,195,0.05860548164750738,0.05860548164750738,0.0034346024791363245
DTSR14,hrnet32,jpeg,50,196,0.21562494326461437,0.21562494326461437,0.046494116157868165
DTSR14,hrnet32,jpeg,50,197,0.2845377617974698,0.2845377617974698,0.08096173788871368
DTSR14,hrnet32,jpeg,50,198,0.1374476336914789,0.1374476336914789,0.018891852007386963
DTSR14,hrnet32,jpeg,50,199,0.0562467474660636,0.0562467474660636,0.003163696600511132
DTSR14,hrnet32,rotation,45,0,0.5021193709300409,0.5021193709300409,0.25212386266318
DTSR14,hrnet32,rotation,45,1,0.46407687265599706,0.46407687265599706,0.21536734373417052
DTSR14,hrnet32,rotation,45,2,0.3881247279308261,0.3881247279308261,0.15064080443137778
DTSR14,hrnet32,rotation,45,3,0.3960353575740454,0.3960353575740454,0.156844004448802
DTSR14,hrnet32,rotation,45,4,0.5330645967841726,0.5330645967841726,0.28415786434467255
DTSR14,hrnet32,rotation,45,5,0.3140122483898852,0.3140122483898852,0.09860369213887095
DTSR14,hrnet32,rotation,45,6,0.5148169800829042,0.5148169800829042,0.2650365229816814
DTSR14,hrnet32,rotation,45,7,0.4308173333692046,0.4308173333692046,0.18560357473135236
DTSR14,hrnet32,rotation,45,8,0.4608127783780835,0.4608127783780835,0.21234841671652868
DTSR14,hrnet32,rotation,45,9,0.18838212015243802,0.18838212015243802,0.03548782319312759
DTSR14,hrnet32,rotation,45,10,0.2968478455815399,0.2968478455815399,0.08811864342640177
DTSR14,hrnet32,rotation,45,11,0.2740666253086014,0.2740666253086014,0.0751125151080453
DTSR14,hrnet32,rotation,45,12,0.5974697224817113,0.5974697224817113,0.35697006928237307
DTSR14,hrnet32,rotation,45,13,0.306229177541831,0.306229177541831,0.09377630917794624
DTSR14,hrnet32,rotation,45,14,0.45093738365163044,0.45093738365163044,0.20334452397457775
DTSR14,hrnet32,rotation,45,15,0.4672600386269102,0.4672600386269102,0.2183319436976216
DTSR14,hrnet32,rotation,45,16,0.31416003544684373,0.31416003544684373,0.0986965278719621
DTSR14,hrnet32,rotation,45,17,0.4926366580232909,0.4926366580232909,0.24269087682835683
DTSR14,hrnet32,rotation,45,18,0.22149828298526886,0.22149828298526886,0.04906148936542224
DTSR14,hrnet32,rotation,45,19,0.10628449402774236,0.10628449402774236,0.0112963936707332
DTSR14,hrnet32,rotation,45,20,0.4752147261266485,0.4752147261266485,0.22582903592762554
DTSR14,hrnet32,rotation,45,21,0.2304785982256894,0.2304785982256894,0.053120384240078755
DTSR14,hrnet32,rotation,45,22,0.3337057674380785,0.3337057674380785,0.11135953922143693
DTSR14,hrnet32,rotation,45,23,0.07165157865514861,0.07165157865514861,0.005133948723774948
DTSR14,hrnet32,rotation,45,24,0.1066456059523384,0.1066456059523384,0.011373285268941434
DTSR14,hrnet32,rotation,45,25,0.10523301310214622,0.10523301310214622,0.011073987046556478
DTSR14,hrnet32,rotation,45,26,0.2919171738670134,0.2919171738670134,0.08521563639850412
DTSR14,hrnet32,rotation,45,27,0.27552743074859537,0.27552743074859537,0.07591536509492201
DTSR14,hrnet32,rotation,45,28,0.2648350181309524,0.2648350181309524,0.07013758682842189
DTSR14,hrnet32,rotation,45,29,0.360002165707259,0.360002165707259,0.1296015593139168
DTSR14,hrnet32,rotation,45,30,0.23564705916855852,0.23564705916855852,0.05552953649479012
DTSR14,hrnet32,rotation,45,31,0.3456348411817821,0.3456348411817821,0.11946344343875574
DTSR14,hrnet32,rotation,45,32,0.24282080368628894,0.24282080368628894,0.05896194270285528
DTSR14,hrnet32,rotation,45,33,0.42734405961184085,0.42734405961184085,0.18262294528552858
DTSR14,hrnet32,rotation,45,34,0.44728486627162867,0.44728486627162867,0.20006375159562875
DTSR14,hrnet32,rotation,45,35,0.2807799405792948,0.2807799405792948,0.07883737503171231
DTSR14,hrnet32,rotation,45,36,0.2275314918874351,0.2275314918874351,0.051770579800521944
DTSR14,hrnet32,rotation,45,37,0.4569540113101114,0.4569540113101114,0.2088069684524014
DTSR14,hrnet32,rotation,45,38,0.12117459912436776,0.12117459912436776,0.014683283472951229
DTSR14,hrnet32,rotation,45,39,0.4681009326317599,0.4681009326317599,0.2191184831307234
DTSR14,hrnet32,rotation,45,40,0.2351600608558621,0.2351600608558621,0.05530025422173277
DTSR14,hrnet32,rotation,45,41,0.39081391865008164,0.39081391865008164,0.15273551901063262
DTSR14,hrnet32,rotation,45,42,0.5464889807110132,0.5464889807110132,0.2986502060385621
DTSR14,hrnet32,rotation,45,43,0.29001653339070327,0.29001653339070327,0.0841095896399609
DTSR14,hrnet32,rotation,45,44,0.433323375184107,0.433323375184107,0.18776914748094636
DTSR14,hrnet32,rotation,45,45,0.3176029465755843,0.3176029465755843,0.10087163167349346
DTSR14,hrnet32,rotation,45,46,0.491291146372166,0.491291146372166,0.24136699050367702
DTSR14,hrnet32,rotation,45,47,0.046570402292926145,0.046570402292926145,0.0021688023697249807
DTSR14,hrnet32,rotation,45,48,0.025458130769731562,0.025458130769731562,0.0006481164222887529
DTSR14,hrnet32,rotation,45,49,0.3974745924175976,0.3974745924175976,0.15798605161753532
DTSR14,hrnet32,rotation,45,50,0.28459160449893783,0.28459160449893783,0.08099238135127985
DTSR14,hrnet32,rotation,45,51,0.31351929413281093,0.31351929413281093,0.09829434779353602
DTSR14,hrnet32,rotation,45,52,0.22594953529290943,0.22594953529290943,0.051053192499081725
DTSR14,hrnet32,rotation,45,53,0.13513030721520425,0.13513030721520425,0.018260199928075482
DTSR14,hrnet32,rotation,45,54,0.6153165373576883,0.6153165373576883,0.37861444114585546
DTSR14,hrnet32,rotation,45,55,0.16354581935769907,0.16354581935769907,0.026747235029381138
DTSR14,hrnet32,rotation,45,56,0.334965706050674,0.334965706050674,0.11220202423002654
DTSR14,hrnet32,rotation,45,57,0.39765898419887613,0.39765898419887613,0.15813266771408202
DTSR14,hrnet32,rotation,45,58,0.4282177183661435,0.4282177183661435,0.18337041432270576
DTSR14,hrnet32,rotation,45,59,0.1331806023957052,0.1331806023957052,0.017737072854482918
DTSR14,hrnet32,rotation,45,60,0.3273922898910361,0.3273922898910361,0.1071857114800962
DTSR14,hrnet32,rotation,45,61,0.3732669453865881,0.3732669453865881,0.13932821251823416
DTSR14,hrnet32,rotation,45,62,0.44057924857925945,0.44057924857925945,0.1941100742786649
DTSR14,hrnet32,rotation,45,63,0.22366065830218665,0.22366065830218665,0.050024090072167494
DTSR14,hrnet32,rotation,45,64,0.2586626184469039,0.2586626184469039,0.0669063501818086
DTSR14,hrnet32,rotation,45,65,0.25025066040924343,0.25025066040924343,0.06262539303526247
DTSR14,hrnet32,rotation,45,66,0.0770861554731343,0.0770861554731343,0.005942275365628233
DTSR14,hrnet32,rotation,45,67,0.304294960222083,0.304294960222083,0.0925954228165591
DTSR14,hrnet32,rotation,45,68,0.13466200691821528,0.13466200691821528,0.01813385610724146
DTSR14,hrnet32,rotation,45,69,0.06869567487568828,0.06869567487568828,0.004719095746626271
DTSR14,hrnet32,rotation,45,70,0.3203062598873371,0.3203062598873371,0.10259610012301432
DTSR14,hrnet32,rotation,45,71,0.2074477045942356,0.2074477045942356,0.04303455014141723
DTSR14,hrnet32,rotation,45,72,0.06712759622813191,0.06712759622813191,0.00450611417536711
DTSR14,hrnet32,rotation,45,73,0.3944555796663868,0.3944555796663868,0.1555952043299452
DTSR14,hrnet32,rotation,45,74,0.14829709922631984,0.14829709922631984,0.021992029638940952
DTSR14,hrnet32,rotation,45,75,0.2920161517427898,0.2920161517427898,0.08527343287866802
DTSR14,hrnet32,rotation,45,76,0.505907341781351,0.505907341781351,0.2559422384682727
DTSR14,hrnet32,rotation,45,77,0.2509692734147334,0.2509692734147334,0.06298557619831921
DTSR14,hrnet32,rotation,45,78,0.5578739540817806,0.5578739540817806,0.3112233486428407
DTSR14,hrnet32,rotation,45,79,0.36253317280729125,0.36253317280729125,0.1314303013857213
DTSR14,hrnet32,rotation,45,80,0.33865737957875985,0.33865737957875985,0.11468882074315223
DTSR14,hrnet32,rotation,45,81,0.24698748332292597,0.24698748332292597,0.061002816918192634
DTSR14,hrnet32,rotation,45,82,0.27051718065165625,0.27051718065165625,0.07317954502772082
DTSR14,hrnet32,rotation,45,83,0.3897853538656258,0.3897853538656258,0.15193262208815111
DTSR14,hrnet32,rotation,45,84,0.4655193351911533,0.4655193351911533,0.21670825143681333
DTSR14,hrnet32,rotation,45,85,0.34662673998177035,0.34662673998177035,0.12015009687038983
DTSR14,hrnet32,rotation,45,86,0.15481143245733012,0.15481143245733012,0.023966579619490485
DTSR14,hrnet32,rotation,45,87,0.6075044171573064,0.6075044171573064,0.36906161686563854
DTSR14,hrnet32,rotation,45,88,0.2888324367119155,0.2888324367119155,0.08342417649694267
DTSR14,hrnet32,rotation,45,89,0.4207743828435,0.4207743828435,0.1770510812573283
DTSR14,hrnet32,rotation,45,90,0.3898912493564667,0.3898912493564667,0.15201518632474648
DTSR14,hrnet32,rotation,45,91,0.3841814050810048,0.3841814050810048,0.14759535201001509
DTSR14,hrnet32,rotation,45,92,0.4224806365486397,0.4224806365486397,0.1784898882585438
DTSR14,hrnet32,rotation,45,93,0.2758819608859874,0.2758819608859874,0.07611085634229747
DTSR14,hrnet32,rotation,45,94,0.20304919462080578,0.20304919462080578,0.04122897543615787
DTSR14,hrnet32,rotation,45,95,0.16121774385638102,0.16121774385638102,0.02599116093414168
DTSR14,hrnet32,rotation,45,96,0.2029525004277273,0.2029525004277273,0.04118971742986665
DTSR14,hrnet32,rotation,45,97,0.24104895391627285,0.24104895391627285,0.05810459818412943
DTSR14,hrnet32,rotation,45,98,0.2855487072819606,0.2855487072819606,0.0815380642303988
DTSR14,hrnet32,rotation,45,99,0.31917167472256364,0.31917167472256364,0.10187055794520597
DTSR14,hrnet32,rotation,45,100,0.5874199161371128,0.5874199161371128,0.3450621578745326
DTSR14,hrnet32,rotation,45,101,0.08989098379655078,0.08989098379655078,0.008080388967911755
DTSR14,hrnet32,rotation,45,102,0.2542420307531945,0.2542420307531945,0.0646390102015083
DTSR14,hrnet32,rotation,45,103,0.15673965604816195,0.15673965604816195,0.024567319778096113
DTSR14,hrnet32,rotation,45,104,0.2703251198513336,0.2703251198513336,0.07307567042263788
DTSR14,hrnet32,rotation,45,105,0.3409625181762472,0.3409625181762472,0.11625543880108768
DTSR14,hrnet32,rotation,45,106,0.5522107742195973,0.5522107742195973,0.30493673916420705
DTSR14,hrnet32,rotation,45,107,0.15060790063030005,0.15060790063030005,0.022682739732266335
DTSR14,hrnet32,rotation,45,108,0.34685201496230444,0.34685201496230444,0.12030632028341066
DTSR14,hrnet32,rotation,45,109,0.2856403886054035,0.2856403886054035,0.08159043160264591
DTSR14,hrnet32,rotation,45,110,0.38159684312111786,0.38159684312111786,0.14561615068000303
DTSR14,hrnet32,rotation,45,111,0.0346885425771348,0.0346885425771348,0.0012032949861256938
DTSR14,hrnet32,rotation,45,112,0.5978712603371854,0.5978712603371854,0.3574500439371745
DTSR14,hrnet32,rotation,45,113,0.5611187371164593,0.5611187371164593,0.3148542371431702
DTSR14,hrnet32,rotation,45,114,0.4620642063387429,0.4620642063387429,0.21350333077945238
DTSR14,hrnet32,rotation,45,115,0.1222031453841513,0.1222031453841513,0.014933608741780017
DTSR14,hrnet32,rotation,45,116,0.38612858578788545,0.38612858578788545,0.1490952847625524
DTSR14,hrnet32,rotation,45,117,0.5667300200270178,0.5667300200270178,0.321182915599824
DTSR14,hrnet32,rotation,45,118,0.5589040267081724,0.5589040267081724,0.3123737110706095
DTSR14,hrnet32,rotation,45,119,0.15300922445921225,0.15300922445921225,0.023411822769609597
DTSR14,hrnet32,rotation,45,120,0.024904363396480406,0.024904363396480406,0.000620227316183953
DTSR14,hrnet32,rotation,45,121,0.11543205515668002,0.11543205515668002,0.01332455935769482
DTSR14,hrnet32,rotation,45,122,0.3876803503163295,0.3876803503163295,0.15029605402139198
DTSR14,hrnet32,rotation,45,123,0.3052879473156854,0.3052879473156854,0.09320073077622472
DTSR14,hrnet32,rotation,45,124,0.1314089737181204,0.1314089737181204,0.01726831837364966
DTSR14,hrnet32,rotation,45,125,0.5240922576056454,0.5240922576056454,0.2746726944821821
DTSR14,hrnet32,rotation,45,126,0.35129659732088037,0.35129659732088037,0.12340929928922877
DTSR14,hrnet32,rotation,45,127,0.36895346201271845,0.36895346201271845,0.13612665713117048
DTSR14,hrnet32,rotation,45,128,0.47336175299886124,0.47336175299886124,0.2240713492021549
DTSR14,hrnet32,rotation,45,129,0.08615101488100008,0.08615101488100008,0.007421997365026297
DTSR14,hrnet32,rotation,45,130,0.7269995802093272,0.7269995802093272,0.528528389624538
DTSR14,hrnet32,rotation,45,131,0.4281658097733138,0.4281658097733138,0.18332596065883755
DTSR14,hrnet32,rotation,45,132,0.30462690773874485,0.30462690773874485,0.09279755291846976
DTSR14,hrnet32,rotation,45,133,0.6170957756771369,0.6170957756771369,0.3808071963585673
DTSR14,hrnet32,rotation,45,134,0.47653063252778255,0.47653063252778255,0.22708144373732853
DTSR14,hrnet32,rotation,45,135,0.32529361572971216,0.32529361572971216,0.10581593643450964
DTSR14,hrnet32,rotation,45,136,0.2762319543850935,0.2762319543850935,0.07630409262340838
DTSR14,hrnet32,rotation,45,137,0.5563996637304863,0.5563996637304863,0.3095805857993983
DTSR14,hrnet32,rotation,45,138,0.6646655375264893,0.6646655375264893,0.4417802767753769
DTSR14,hrnet32,rotation,45,139,0.7135049452172364,0.7135049452172364,0.5090893068494515
DTSR14,hrnet32,rotation,45,140,0.40039672545766375,0.40039672545766375,0.16031753775721977
DTSR14,hrnet32,rotation,45,141,0.07937839732670497,0.07937839732670497,0.006300929962156243
DTSR14,hrnet32,rotation,45,142,0.24145123666816493,0.24145123666816493,0.05829869968858619
DTSR14,hrnet32,rotation,45,143,0.6154527607853959,0.6154527607853959,0.37878210075836577
DTSR14,hrnet32,rotation,45,144,0.5749947628230806,0.5749947628230806,0.3306189772739707
DTSR14,hrnet32,rotation,45,145,0.3775667526070091,0.3775667526070091,0.14255665267420242
DTSR14,hrnet32,rotation,45,146,0.296619354240092,0.296619354240092,0.08798304130980919
DTSR14,hrnet32,rotation,45,147,0.40726766256417624,0.40726766256417624,0.1658669489704877
DTSR14,hrnet32,rotation,45,148,0.29319153533435915,0.29319153533435915,0.08596127639171877
DTSR14,hrnet32,rotation,45,149,0.16570267434873523,0.16570267434873523,0.027457376286322995
DTSR14,hrnet32,rotation,45,150,0.242103211883983,0.242103211883983,0.05861396520454077
DTSR14,hrnet32,rotation,45,151,0.26948552547720067,0.26948552547720067,0.07262244844172297
DTSR14,hrnet32,rotation,45,152,0.19115331715654704,0.19115331715654704,0.036539590659951465
DTSR14,hrnet32,rotation,45,153,0.35482390678198406,0.35482390678198406,0.1259000048240301
DTSR14,hrnet32,rotation,45,154,0.1875179578026196,0.1875179578026196,0.03516298449846502
DTSR14,hrnet32,rotation,45,155,0.4178007636998058,0.4178007636998058,0.17455747814814096
DTSR14,hrnet32,rotation,45,156,0.3279725857130319,0.3279725857130319,0.10756601697929205
DTSR14,hrnet32,rotation,45,157,0.34249746764557276,0.34249746764557276,0.11730451534363016
DTSR14,hrnet32,rotation,45,158,0.6019933096058981,0.6019933096058981,0.3623959448102627
DTSR14,hrnet32,rotation,45,159,0.4680051573064751,0.4680051573064751,0.21902882726545847
DTSR14,hrnet32,rotation,45,160,0.3180596843382798,0.3180596843382798,0.10116196280136619
DTSR14,hrnet32,rotation,45,161,0.47840166396138384,0.47840166396138384,0.22886815208102082
DTSR14,hrnet32,rotation,45,162,0.2739064698196508,0.2739064698196508,0.07502475420906327
DTSR14,hrnet32,rotation,45,163,0.3292604975618012,0.3292604975618012,0.1084124752546449
DTSR14,hrnet32,rotation,45,164,0.21664902701650512,0.21664902701650512,0.046936800907198366
DTSR14,hrnet32,rotation,45,165,0.30776473696588097,0.30776473696588097,0.0947191333196779
DTSR14,hrnet32,rotation,45,166,0.3128132303968764,0.3128132303968764,0.0978521171113293
DTSR14,hrnet32,rotation,45,167,0.4673628673097565,0.4673628673097565,0.21842804973999708
DTSR14,hrnet32,rotation,45,168,0.3402969056444082,0.3402969056444082,0.11580198399115924
DTSR14,hrnet32,rotation,45,169,0.17330417157070427,0.17330417157070427,0.030034335883808102
DTSR14,hrnet32,rotation,45,170,0.10343876123111422,0.10343876123111422,0.010699577325027456
DTSR14,hrnet32,rotation,45,171,0.13653123573565443,0.13653123573565443,0.01864077833150484
DTSR14,hrnet32,rotation,45,172,0.17169217623921365,0.17169217623921365,0.0294782033817572
DTSR14,hrnet32,rotation,45,173,0.2654895595740663,0.2654895595740663,0.0704847062428317
DTSR14,hrnet32,rotation,45,174,0.2990598297959159,0.2990598297959159,0.08943678179756218
DTSR14,hrnet32,rotation,45,175,0.3817221519902291,0.3817221519902291,0.14571180132005154
DTSR14,hrnet32,rotation,45,176,0.3398760456098788,0.3398760456098788,0.11551572637940839
DTSR14,hrnet32,rotation,45,177,0.16931892930598882,0.16931892930598882,0.028668899821326442
DTSR14,hrnet32,rotation,45,178,0.24282539626076285,0.24282539626076285,0.058964173069196504
DTSR14,hrnet32,rotation,45,179,0.43881161425257037,0.43881161425257037,0.19255563280294663
DTSR14,hrnet32,rotation,45,180,0.45756233322184275,0.45756233322184275,0.20936328878341667
DTSR14,hrnet32,rotation,45,181,0.473799809670749,0.473799809670749,0.22448625964403796
DTSR14,hrnet32,rotation,45,182,0.460837386792982,0.460837386792982,0.21237109706618448
DTSR14,hrnet32,rotation,45,183,0.7510820122607242,0.7510820122607242,0.5641241891416188
DTSR14,hrnet32,rotation,45,184,0.40499716969227334,0.40499716969227334,0.16402270745875205
DTSR14,hrnet32,rotation,45,185,0.3824667657668344,0.3824667657668344,0.14628082691614258
DTSR14,hrnet32,rotation,45,186,0.42467988106588045,0.42467988106588045,0.18035300138213037
DTSR14,hrnet32,rotation,45,187,0.4530824339008686,0.4530824339008686,0.20528369190953497
DTSR14,hrnet32,rotation,45,188,0.44213922701080494,0.44213922701080494,0.1954870960617121
DTSR14,hrnet32,rotation,45,189,0.40634991054626735,0.40634991054626735,0.16512024980095946
DTSR14,hrnet32,rotation,45,190,0.28786763037499624,0.28786763037499624,0.08286777261771545
DTSR14,hrnet32,rotation,45,191,0.28228604391518336,0.28228604391518336,0.07968541058928483
DTSR14,hrnet32,rotation,45,192,0.5449412100226765,0.5449412100226765,0.2969609223809788
DTSR14,hrnet32,rotation,45,193,0.28761535755047324,0.28761535755047324,0.08272259389888656
DTSR14,hrnet32,rotation,45,194,0.4327479241422149,0.4327479241422149,0.1872707658493962
DTSR14,hrnet32,rotation,45,195,0.42651638455496566,0.42651638455496566,0.18191622629383936
DTSR14,hrnet32,rotation,45,196,0.5732223198724927,0.5732223198724927,0.32858382800000235
DTSR14,hrnet32,rotation,45,197,0.47075164766939503,0.47075164766939503,0.22160711378345024
DTSR14,hrnet32,rotation,45,198,0.5786819323999725,0.5786819323999725,0.3348727788861663
DTSR14,hrnet32,rotation,45,199,0.47795316440107377,0.47795316440107377,0.22843922736099986
DTSR14,hrnet32,rotation,180,0,0.08121504656217506,0.08121504656217506,0.006595883788096262
DTSR14,hrnet32,rotation,180,1,0.21136399476788614,0.21136399476788614,0.044674738284239
DTSR14,hrnet32,rotation,180,2,0.1305180752734665,0.1305180752734665,0.01703496797309027
DTSR14,hrnet32,rotation,180,3,0.2623300402919545,0.2623300402919545,0.06881705003957847
DTSR14,hrnet32,rotation,180,4,0.03066437401531124,0.03066437401531124,0.0009403038337508951
DTSR14,hrnet32,rotation,180,5,0.24619486233756135,0.24619486233756135,0.060611910241410785
DTSR14,hrnet32,rotation,180,6,0.23076887860008366,0.23076887860008366,0.05325427533034015
DTSR14,hrnet32,rotation,180,7,0.022756886064303185,0.022756886064303185,0.0005178758633436765
DTSR14,hrnet32,rotation,180,8,0.43191155724044744,0.43191155724044744,0.1865475932778683
DTSR14,hrnet32,rotation,180,9,0.3720744007853355,0.3720744007853355,0.13843935971976645
DTSR14,hrnet32,rotation,180,10,0.4306423237150237,0.4306423237150237,0.18545281097467525
DTSR14,hrnet32,rotation,180,11,0.08050313398038421,0.08050313398038421,0.006480754580663691
DTSR14,hrnet32,rotation,180,12,0.41945661289762093,0.41945661289762093,0.1759438501035446
DTSR14,hrnet32,rotation,180,13,0.027998199973903112,0.027998199973903112,0.0007838992017786682
DTSR14,hrnet32,rotation,180,14,0.2576457898578522,0.2576457898578522,0.06638135303147653
DTSR14,hrnet32,rotation,180,15,0.33207125674902704,0.33207125674902704,0.11027131955887824
DTSR14,hrnet32,rotation,180,16,0.13037098349729176,0.13037098349729176,0.01699659333805112
DTSR14,hrnet32,rotation,180,17,0.05264180653758968,0.05264180653758968,0.00277115979554102
DTSR14,hrnet32,rotation,180,18,0.1335366421239297,0.1335366421239297,0.01783203478973448
DTSR14,hrnet32,rotation,180,19,0.3304527644296242,0.3304527644296242,0.10919902951918069
DTSR14,hrnet32,rotation,180,20,0.392931931913905,0.392931931913905,0.1543955031175937
DTSR14,hrnet32,rotation,180,21,0.011322939157070229,0.011322939157070229,0.00012820895115471428
DTSR14,hrnet32,rotation,180,22,0.12835809199869108,0.12835809199869108,0.016475799781544443
DTSR14,hrnet32,rotation,180,23,0.16253326837169949,0.16253326837169949,0.02641706332758689
DTSR14,hrnet32,rotation,180,24,0.36314459811046784,0.36314459811046784,0.1318739991368132
DTSR14,hrnet32,rotation,180,25,0.47900545310786685,0.47900545310786685,0.22944622410707283
DTSR14,hrnet32,rotation,180,26,0.01611550544890264,0.01611550544890264,0.00025970951587361065
DTSR14,hrnet32,rotation,180,27,0.24518111920549152,0.24518111920549152,0.06011378121485744
DTSR14,hrnet32,rotation,180,28,0.18919940224846454,0.18919940224846454,0.03579641381117629
DTSR14,hrnet32,rotation,180,29,0.4265344109247004,0.4265344109247004,0.1819316037028812
DTSR14,hrnet32,rotation,180,30,0.03810637130447634,0.03810637130447634,0.0014520955339946179
DTSR14,hrnet32,rotation,180,31,0.36227415275863384,0.36227415275863384,0.13124256175698595
DTSR14,hrnet32,rotation,180,32,0.07263568768024671,0.07263568768024671,0.005275943124782344
DTSR14,hrnet32,rotation,180,33,0.03456422580725074,0.03456422580725074,0.0011946857056546183
DTSR14,hrnet32,rotation,180,34,0.3314831035297219,0.3314831035297219,0.1098810479256963
DTSR14,hrnet32,rotation,180,35,0.045732508259331554,0.045732508259331554,0.002091462311689829
DTSR14,hrnet32,rotation,180,36,0.31562279647608527,0.31562279647608527,0.09961774965538434
DTSR14,hrnet32,rotation,180,37,0.4609930100036919,0.4609930100036919,0.21251455527226398
DTSR14,hrnet32,rotation,180,38,0.04550462546889263,0.04550462546889263,0.002070670939064192
DTSR14,hrnet32,rotation,180,39,0.535700766404189,0.535700766404189,0.2869753111260354
DTSR14,hrnet32,rotation,180,40,0.23013444119696863,0.23013444119696863,0.05296186102504101
DTSR14,hrnet32,rotation,180,41,0.4516913195062557,0.4516913195062557,0.20402504811730235
DTSR14,hrnet32,rotation,180,42,0.022638731296130865,0.022638731296130865,0.0005125121546984151
DTSR14,hrnet32,rotation,180,43,0.06248574672772554,0.06248574672772554,0.003904468544121463
DTSR14,hrnet32,rotation,180,44,0.4898488836024748,0.4898488836024748,0.2399519287665909
DTSR14,hrnet32,rotation,180,45,0.18283560770668922,0.18283560770668922,0.03342885944547436
DTSR14,hrnet32,rotation,180,46,0.14860216502573026,0.14860216502573026,0.02208260345033437
DTSR14,hrnet32,rotation,180,47,0.360723332813158,0.360723332813158,0.13012132283583236
DTSR14,hrnet32,rotation,180,48,0.13088410380781448,0.13088410380781448,0.01713064862957476
DTSR14,hrnet32,rotation,180,49,0.2059114035779855,0.2059114035779855,0.04239950612345603
DTSR14,hrnet32,rotation,180,50,0.11342472893444643,0.11342472893444643,0.012865169133852649
DTSR14,hrnet32,rotation,180,51,0.17036655333248488,0.17036655333248488,0.029024762494390413
DTSR14,hrnet32,rotation,180,52,0.06189377228818917,0.06189377228818917,0.0038308390480622134
DTSR14,hrnet32,rotation,180,53,0.12812547047187905,0.12812547047187905,0.01641613618364035
DTSR14,hrnet32,rotation,180,54,0.2245445527600284,0.2245445527600284,0.050420256174201185
DTSR14,hrnet32,rotation,180,55,0.13327227350802853,0.13327227350802853,0.017761498885998765
DTSR14,hrnet32,rotation,180,56,0.24399873750527815,0.24399873750527815,0.059535383904169625
DTSR14,hrnet32,rotation,180,57,0.392820145592553,0.392820145592553,0.15430766678335456
DTSR14,hrnet32,rotation,180,58,0.21259533590044213,0.21259533590044213,0.04519677684662182
DTSR14,hrnet32,rotation,180,59,0.4043228232165487,0.4043228232165487,0.1634769453738005
DTSR14,hrnet32,rotation,180,60,0.038410394446923214,0.038410394446923214,0.0014753584015682296
DTSR14,hrnet32,rotation,180,61,0.37763469953949397,0.37763469953949397,0.1426079662962839
DTSR14,hrnet32,rotation,180,62,0.15153671255542825,0.15153671255542825,0.022963375252106486
DTSR14,hrnet32,rotation,180,63,0.20583216594057177,0.20583216594057177,0.04236688053578708
DTSR14,hrnet32,rotation,180,64,0.3652864976528685,0.3652864976528685,0.13343422536749913
DTSR14,hrnet32,rotation,180,65,0.04887732071703683,0.04887732071703683,0.0023889924804760773
DTSR14,hrnet32,rotation,180,66,0.06683585422921472,0.06683585422921472,0.004467031410548839
DTSR14,hrnet32,rotation,180,67,0.23163454124134003,0.23163454124134003,0.053654560696086054
DTSR14,hrnet32,rotation,180,68,0.021503999319933822,0.021503999319933822,0.00046242198675171427
DTSR14,hrnet32,rotation,180,69,0.14637059979479053,0.14637059979479053,0.021424352484286733
DTSR14,hrnet32,rotation,180,70,0.13136179004242332,0.13136179004242332,0.017255919883149708
DTSR14,hrnet32,rotation,180,71,0.18630023697638098,0.18630023697638098,0.034707778297455714
DTSR14,hrnet32,rotation,180,72,0.1847040454259901,0.1847040454259901,0.03411558439672621
DTSR14,hrnet32,rotation,180,73,0.023365234166774232,0.023365234166774232,0.000545934167668194
DTSR14,hrnet32,rotation,180,74,0.024746225698371323,0.024746225698371323,0.0006123756863147333
DTSR14,hrnet32,rotation,180,75,0.13591352987527944,0.13591352987527944,0.018472487603158477
DTSR14,hrnet32,rotation,180,76,0.08697965454465455,0.08697965454465455,0.007565460304707445
DTSR14,hrnet32,rotation,180,77,0.15617998354611176,0.15617998354611176,0.02439218726046374
DTSR14,hrnet32,rotation,180,78,0.3467367079033504,0.3467367079033504,0.12022634460765336
DTSR14,hrnet32,rotation,180,79,0.11678069807702299,0.11678069807702299,0.013637731443356801
DTSR14,hrnet32,rotation,180,80,0.052782686254920955,0.052782686254920955,0.0027860119682854216
DTSR14,hrnet32,rotation,180,81,0.2596826237580204,0.2596826237580204,0.0674350650818496
DTSR14,hrnet32,rotation,180,82,0.06534302966469072,0.06534302966469072,0.004269711525760651
DTSR14,hrnet32,rotation,180,83,0.356022817276029,0.356022817276029,0.12675224642116076
DTSR14,hrnet32,rotation,180,84,0.05117044690266432,0.05117044690266432,0.0026184146362183886
DTSR14,hrnet32,rotation,180,85,0.046951022413095005,0.046951022413095005,0.0022043985056349495
DTSR14,hrnet32,rotation,180,86,0.11437234459110097,0.11437234459110097,0.013081033207265544
DTSR14,hrnet32,rotation,180,87,0.29154861402558807,0.29154861402558807,0.08500059434024133
DTSR14,hrnet32,rotation,180,88,0.1446453033457999,0.1446453033457999,0.02092226377999847
DTSR14,hrnet32,rotation,180,89,0.34519279270149034,0.34519279270149034,0.11915806413305408
DTSR14,hrnet32,rotation,180,90,0.3631140675715902,0.3631140675715902,0.13185182606838539
DTSR14,hrnet32,rotation,180,91,0.3776085220000571,0.3776085220000571,0.14258819588706761
DTSR14,hrnet32,rotation,180,92,0.238585222204478,0.238585222204478,0.056922908254360145
DTSR14,hrnet32,rotation,180,93,0.11626675933595185,0.11626675933595185,0.013517959326484147
DTSR14,hrnet32,rotation,180,94,0.2652815497169125,0.2652815497169125,0.0703743006202067
DTSR14,hrnet32,rotation,180,95,0.27075253803067095,0.27075253803067095,0.07330693685004992
DTSR14,hrnet32,rotation,180,96,0.042442475707076675,0.042442475707076675,0.0018013637441457936
DTSR14,hrnet32,rotation,180,97,0.3438480757546417,0.3438480757546417,0.11823149920016983
DTSR14,hrnet32,rotation,180,98,0.20551498890197462,0.20551498890197462,0.04223641066337875
DTSR14,hrnet32,rotation,180,99,0.2753830566171272,0.2753830566171272,0.07583582787179188
DTSR14,hrnet32,rotation,180,100,0.16563903597590343,0.16563903597590343,0.02743629023902663
DTSR14,hrnet32,rotation,180,101,0.10315022110259851,0.10315022110259851,0.01063996811351496
DTSR14,hrnet32,rotation,180,102,0.3746690681663148,0.3746690681663148,0.14037691064061464
DTSR14,hrnet32,rotation,180,103,0.06154001089050276,0.06154001089050276,0.0037871729404031986
DTSR14,hrnet32,rotation,180,104,0.09081265271481145,0.09081265271481145,0.008246937893100952
DTSR14,hrnet32,rotation,180,105,0.23401654641670308,0.23401654641670308,0.054763743996800944
DTSR14,hrnet32,rotation,180,106,0.17382438157618973,0.17382438157618973,0.03021491563034481
DTSR14,hrnet32,rotation,180,107,0.07929106876806234,0.07929106876806234,0.0062870735863815915
DTSR14,hrnet32,rotation,180,108,0.12523059768428435,0.12523059768428435,0.015682702596363084
DTSR14,hrnet32,rotation,180,109,0.19565408871778223,0.19565408871778223,0.0382805224319858
DTSR14,hrnet32,rotation,180,110,0.12032915857837219,0.12032915857837219,0.014479106404179041
DTSR14,hrnet32,rotation,180,111,0.24846515383463721,0.24846515383463721,0.061734932670069936
DTSR14,hrnet32,rotation,180,112,0.12854339387562053,0.12854339387562053,0.016523404109062917
DTSR14,hrnet32,rotation,180,113,0.18581793724439963,0.18581793724439963,0.03452830580176364
DTSR14,hrnet32,rotation,180,114,0.13059800129271665,0.13059800129271665,0.01705583794165242
DTSR14,hrnet32,rotation,180,115,0.23961858409578266,0.23961858409578266,0.057417065844067666
DTSR14,hrnet32,rotation,180,116,0.1164749671688185,0.1164749671688185,0.013566417976977347
DTSR14,hrnet32,rotation,180,117,0.02327164468652534,0.02327164468652534,0.0005415694464158831
DTSR14,hrnet32,rotation,180,118,0.4519444781857676,0.4519444781857676,0.20425381136260576
DTSR14,hrnet32,rotation,180,119,0.13530930168610417,0.13530930168610417,0.01830860712278115
DTSR14,hrnet32,rotation,180,120,0.12764214115133843,0.12764214115133843,0.0162925161976982
DTSR14,hrnet32,rotation,180,121,0.04252874295129124,0.04252874295129124,0.0018086939770170045
DTSR14,hrnet32,rotation,180,122,0.07189365870272306,0.07189365870272306,0.005168698161663627
DTSR14,hrnet32,rotation,180,123,0.05507291586771633,0.05507291586771633,0.0030330260621725612
DTSR14,hrnet32,rotation,180,124,0.4302995442989628,0.4302995442989628,0.18515769782389502
DTSR14,hrnet32,rotation,180,125,0.08273083984429455,0.08273083984429455,0.006844391861342315
DTSR14,hrnet32,rotation,180,126,0.03296542894234053,0.03296542894234053,0.0010867195053525028
DTSR14,hrnet32,rotation,180,127,0.31991829797962107,0.31991829797962107,0.10234771738217761
DTSR14,hrnet32,rotation,180,128,0.6026513410138802,0.6026513410138802,0.3631886388258281
DTSR14,hrnet32,rotation,180,129,0.3464351668611562,0.3464351668611562,0.12001732483811715
DTSR14,hrnet32,rotation,180,130,0.4356027173192251,0.4356027173192251,0.18974972733589274
DTSR14,hrnet32,rotation,180,131,0.4488829905487968,0.4488829905487968,0.20149593920403122
DTSR14,hrnet32,rotation,180,132,0.12880405511360152,0.12880405511360152,0.0165904846137077
DTSR14,hrnet32,rotation,180,133,0.21681263588325,0.21681263588325,0.04700771907864275
DTSR14,hrnet32,rotation,180,134,0.24437641710904057,0.24437641710904057,0.05971983323905178
DTSR14,hrnet32,rotation,180,135,0.14940467486583844,0.14940467486583844,0.022321756871766896
DTSR14,hrnet32,rotation,180,136,0.1394356240924568,0.1394356240924568,0.01944229326605292
DTSR14,hrnet32,rotation,180,137,0.12577465194210274,0.12577465194210274,0.01581926307115709
DTSR14,hrnet32,rotation,180,138,0.29484519880452237,0.29484519880452237,0.08693369125807832
DTSR14,hrnet32,rotation,180,139,0.1282063664555803,0.1282063664555803,0.01643687239974255
DTSR14,hrnet32,rotation,180,140,0.32756587370122336,0.32756587370122336,0.10729940161364582
DTSR14,hrnet32,rotation,180,141,0.35188923334092503,0.35188923334092503,0.12382603254126398
DTSR14,hrnet32,rotation,180,142,0.08965927639804522,0.08965927639804522,0.008038785844221068
DTSR14,hrnet32,rotation,180,143,0.49779740840548653,0.49779740840548653,0.24780225981521875
DTSR14,hrnet32,rotation,180,144,0.37857373040522946,0.37857373040522946,0.14331806935293134
DTSR14,hrnet32,rotation,180,145,0.058757437604390644,0.058757437604390644,0.00345243647383386
DTSR14,hrnet32,rotation,180,146,0.07371904493055502,0.07371904493055502,0.00543449758547319
DTSR14,hrnet32,rotation,180,147,0.07719477264841713,0.07719477264841713,0.00595903292424081
DTSR14,hrnet32,rotation,180,148,0.12946500244846537,0.12946500244846537,0.016761186858981144
DTSR14,hrnet32,rotation,180,149,0.06017323229496462,0.06017323229496462,0.0036208178848237734
DTSR14,hrnet32,rotation,180,150,0.18877561561419787,0.18877561561419787,0.035636233050519384
DTSR14,hrnet32,rotation,180,151,0.05925233425445539,0.05925233425445539,0.003510839114601708
DTSR14,hrnet32,rotation,180,152,0.31532405239372563,0.31532405239372563,0.09942925801800102
DTSR14,hrnet32,rotation,180,153,0.2356259101596921,0.2356259101596921,0.05551956953858329
DTSR14,hrnet32,rotation,180,154,0.30964093826819344,0.30964093826819344,0.09587751065160718
DTSR14,hrnet32,rotation,180,155,0.08721183712504926,0.08721183712504926,0.007605904534726121
DTSR14,hrnet32,rotation,180,156,0.12263969454863112,0.12263969454863112,0.015040494678981541
DTSR14,hrnet32,rotation,180,157,0.31156056473583404,0.31156056473583404,0.09706998549851184
DTSR14,hrnet32,rotation,180,158,0.6328473949308595,0.6328473949308595,0.40049582527077526
DTSR14,hrnet32,rotation,180,159,0.17817989789568492,0.17817989789568492,0.0317480760141167
DTSR14,hrnet32,rotation,180,160,0.358024481387546,0.358024481387546,0.12818152927282128
DTSR14,hrnet32,rotation,180,161,0.36199450715702164,0.36199450715702164,0.13104002321185498
DTSR14,hrnet32,rotation,180,162,0.1382456075002546,0.1382456075002546,0.019111847993114453
DTSR14,hrnet32,rotation,180,163,0.3423202303007828,0.3423202303007828,0.11718314007318097
DTSR14,hrnet32,rotation,180,164,0.1270975007948698,0.1270975007948698,0.016153774708301934
DTSR14,hrnet32,rotation,180,165,0.022543090681973674,0.022543090681973674,0.0005081909374956882
DTSR14,hrnet32,rotation,180,166,0.023411116140995277,0.023411116140995277,0.0005480803589671696
DTSR14,hrnet32,rotation,180,167,0.4069948862448569,0.4069948862448569,0.165644837429464
DTSR14,hrnet32,rotation,180,168,0.24027518526544434,0.24027518526544434,0.057732164654343596
DTSR14,hrnet32,rotation,180,169,0.16519958213641153,0.16519958213641153,0.02729090193804498
DTSR14,hrnet32,rotation,180,170,0.0559638360570784,0.0559638360570784,0.0031319509462235484
DTSR14,hrnet32,rotation,180,171,0.08116133397488678,0.08116133397488678,0.006587162132583112
DTSR14,hrnet32,rotation,180,172,0.01677875555009109,0.01677875555009109,0.0002815266378097126
DTSR14,hrnet32,rotation,180,173,0.12635303885021648,0.12635303885021648,0.015965090426684314
DTSR14,hrnet32,rotation,180,174,0.08271314217219689,0.08271314217219689,0.006841463887998055
DTSR14,hrnet32,rotation,180,175,0.14499221109870505,0.14499221109870505,0.02102274127929145
DTSR14,hrnet32,rotation,180,176,0.06402490498870778,0.06402490498870778,0.004099188458813058
DTSR14,hrnet32,rotation,180,177,0.19383052824265565,0.19383052824265565,0.037570273678826926
DTSR14,hrnet32,rotation,180,178,0.21502561607133341,0.21502561607133341,0.04623601556685648
DTSR14,hrnet32,rotation,180,179,0.14160593103844787,0.14160593103844787,0.020052239705265654
DTSR14,hrnet32,rotation,180,180,0.41499859572270065,0.41499859572270065,0.17222383445181352
DTSR14,hrnet32,rotation,180,181,0.18533209861270208,0.18533209861270208,0.03434798677618833
DTSR14,hrnet32,rotation,180,182,0.37093581516009666,0.37093581516009666,0.1375933789684854
DTSR14,hrnet32,rotation,180,183,0.37554642390637016,0.37554642390637016,0.14103511650886308
DTSR14,hrnet32,rotation,180,184,0.17493966020627097,0.17493966020627097,0.030603884713085547
DTSR14,hrnet32,rotation,180,185,0.29980076939011896,0.29980076939011896,0.0898805013269073
DTSR14,hrnet32,rotation,180,186,0.0865679497049422,0.0865679497049422,0.007494009916117401
DTSR14,hrnet32,rotation,180,187,0.14190561554285705,0.14190561554285705,0.02013720372259715
DTSR14,hrnet32,rotation,180,188,0.3731431899116493,0.3731431899116493,0.13923584017744117
DTSR14,hrnet32,rotation,180,189,0.3151000302429383,0.3151000302429383,0.09928802905910064
DTSR14,hrnet32,rotation,180,190,0.1738067614372325,0.1738067614372325,0.030208790321299053
DTSR14,hrnet32,rotation,180,191,0.13884004215973345,0.13884004215973345,0.01927655730691656
DTSR14,hrnet32,rotation,180,192,0.17175028290771704,0.17175028290771704,0.02949815967888084
DTSR14,hrnet32,rotation,180,193,0.1436659238730748,0.1436659238730748,0.020639897682304127
DTSR14,hrnet32,rotation,180,194,0.17580871613319604,0.17580871613319604,0.030908704668402707
DTSR14,hrnet32,rotation,180,195,0.02530511801998799,0.02530511801998799,0.0006403489980055208
DTSR14,hrnet32,rotation,180,196,0.5144915472606184,0.5144915472606184,0.26470155220262515
DTSR14,hrnet32,rotation,180,197,0.2662381823965825,0.2662381823965825,0.07088276976583592
DTSR14,hrnet32,rotation,180,198,0.07753455179261527,0.07753455179261527,0.0060116067216817405
DTSR14,hrnet32,rotation,180,199,0.03461817931986242,0.03461817931986242,0.00119841833942215
DTSR14,hrnet32,red_channel_shift,-45,0,0.23483359996398076,0.23483359996398076,0.05514681967204294
DTSR14,hrnet32,red_channel_shift,-45,1,0.2435481224792862,0.2435481224792862,0.05931568796318539
DTSR14,hrnet32,red_channel_shift,-45,2,0.013419653356694634,0.013419653356694634,0.00018008709621384556
DTSR14,hrnet32,red_channel_shift,-45,3,0.2429069247551016,0.2429069247551016,0.05900377409398058
DTSR14,hrnet32,red_channel_shift,-45,4,0.12700387957866796,0.12700387957866796,0.016129985428032793
DTSR14,hrnet32,red_channel_shift,-45,5,0.06447061128154338,0.06447061128154338,0.004156459719015869
DTSR14,hrnet32,red_channel_shift,-45,6,0.05348809787996822,0.05348809787996822,0.002860976614817061
DTSR14,hrnet32,red_channel_shift,-45,7,0.06524715786732523,0.06524715786732523,0.00425719160976366
DTSR14,hrnet32,red_channel_shift,-45,8,0.23599672250186668,0.23599672250186668,0.05569445303162306
DTSR14,hrnet32,red_channel_shift,-45,9,0.11869265043686039,0.11869265043686039,0.014087945267726736
DTSR14,hrnet32,red_channel_shift,-45,10,0.0890846119923165,0.0890846119923165,0.007936068093821582
DTSR14,hrnet32,red_channel_shift,-45,11,0.3291764034115302,0.3291764034115302,0.10835710456295047
DTSR14,hrnet32,red_channel_shift,-45,12,0.06147847590183044,0.06147847590183044,0.0037796029992119462
DTSR14,hrnet32,red_channel_shift,-45,13,0.05006905219667923,0.05006905219667923,0.002506909987873789
DTSR14,hrnet32,red_channel_shift,-45,14,0.024293690715007293,0.024293690715007293,0.0005901834085564315
DTSR14,hrnet32,red_channel_shift,-45,15,0.014663671222905234,0.014663671222905234,0.00021502325373345908
DTSR14,hrnet32,red_channel_shift,-45,16,0.04639428180976716,0.04639428180976716,0.0021524293846440917
DTSR14,hrnet32,red_channel_shift,-45,17,0.23290346998818778,0.23290346998818778,0.054244026332538685
DTSR14,hrnet32,red_channel_shift,-45,18,0.0715677794429007,0.0715677794429007,0.00512194705438768
DTSR14,hrnet32,red_channel_shift,-45,19,0.1589567346748232,0.1589567346748232,0.025267243498482146
DTSR14,hrnet32,red_channel_shift,-45,20,0.018491792139267136,0.018491792139267136,0.00034194637652186185
DTSR14,hrnet32,red_channel_shift,-45,21,0.01128917492020387,0.01128917492020387,0.00012744547037896008
DTSR14,hrnet32,red_channel_shift,-45,22,0.15154076594746116,0.15154076594746116,0.022964603743943202
DTSR14,hrnet32,red_channel_shift,-45,23,0.1515959068109442,0.1515959068109442,0.02298131896183248
DTSR14,hrnet32,red_channel_shift,-45,24,0.07680435148884344,0.07680435148884344,0.005898908407621808
DTSR14,hrnet32,red_channel_shift,-45,25,0.07294357365046183,0.07294357365046183,0.00532076493690035
DTSR14,hrnet32,red_channel_shift,-45,26,0.038987985324554844,0.038987985324554844,0.0015200629996677038
DTSR14,hrnet32,red_channel_shift,-45,27,0.28557298464457814,0.28557298464457814,0.08155192955881246
DTSR14,hrnet32,red_channel_shift,-45,28,0.06476342011499737,0.06476342011499737,0.004194300584991647
DTSR14,hrnet32,red_channel_shift,-45,29,0.23430538217432184,0.23430538217432184,0.05489901211585502
DTSR14,hrnet32,red_channel_shift,-45,30,0.05550557225813987,0.05550557225813987,0.003080868551703586
DTSR14,hrnet32,red_channel_shift,-45,31,0.03447482885047142,0.03447482885047142,0.0011885138242692967
DTSR14,hrnet32,red_channel_shift,-45,32,0.018076258553425036,0.018076258553425036,0.0003267511232902718
DTSR14,hrnet32,red_channel_shift,-45,33,0.06347800169620241,0.06347800169620241,0.0040294566993430755
DTSR14,hrnet32,red_channel_shift,-45,34,0.03864836069345923,0.03864836069345923,0.0014936957842917242
DTSR14,hrnet32,red_channel_shift,-45,35,0.02567966300374155,0.02567966300374155,0.0006594450919857325
DTSR14,hrnet32,red_channel_shift,-45,36,0.2711453849834062,0.2711453849834062,0.07351981979779955
DTSR14,hrnet32,red_channel_shift,-45,37,0.13397982021850705,0.13397982021850705,0.01795059222578347
DTSR14,hrnet32,red_channel_shift,-45,38,0.21581359049116802,0.21581359049116802,0.04657550584068957
DTSR14,hrnet32,red_channel_shift,-45,39,0.12473570115242892,0.12473570115242892,0.015558995141988058
DTSR14,hrnet32,red_channel_shift,-45,40,0.06522845351753036,0.06522845351753036,0.0042547511482886186
DTSR14,hrnet32,red_channel_shift,-45,41,0.043578753704313924,0.043578753704313924,0.0018991077744212547
DTSR14,hrnet32,red_channel_shift,-45,42,0.04919819967949101,0.04919819967949101,0.002420462851703069
DTSR14,hrnet32,red_channel_shift,-45,43,0.11894193761443882,0.11894193761443882,0.014147184523477055
DTSR14,hrnet32,red_channel_shift,-45,44,0.15727098841448606,0.15727098841448606,0.024734163796869407
DTSR14,hrnet32,red_channel_shift,-45,45,0.10166455542213998,0.10166455542213998,0.010335681829181372
DTSR14,hrnet32,red_channel_shift,-45,46,0.00914874747230091,0.00914874747230091,8.36995803119323e-05
DTSR14,hrnet32,red_channel_shift,-45,47,0.10743727194741996,0.10743727194741996,0.011542767403503873
DTSR14,hrnet32,red_channel_shift,-45,48,0.1229538623065223,0.1229538623065223,0.015117652256091246
DTSR14,hrnet32,red_channel_shift,-45,49,0.22217005047020677,0.22217005047020677,0.04935953132593422
DTSR14,hrnet32,red_channel_shift,-45,50,0.12260224495137367,0.12260224495137367,0.015031310467116631
DTSR14,hrnet32,red_channel_shift,-45,51,0.2616817430222868,0.2616817430222868,0.06847733463118215
DTSR14,hrnet32,red_channel_shift,-45,52,0.12578042176188367,0.12578042176188367,0.01582071449859734
DTSR14,hrnet32,red_channel_shift,-45,53,0.06497471386600731,0.06497471386600731,0.004221713441969523
DTSR14,hrnet32,red_channel_shift,-45,54,0.32319130685001013,0.32319130685001013,0.1044526208234174
DTSR14,hrnet32,red_channel_shift,-45,55,0.07912498160236847,0.07912498160236847,0.006260762713575149
DTSR14,hrnet32,red_channel_shift,-45,56,0.21111530715855867,0.21111530715855867,0.04456967291665257
DTSR14,hrnet32,red_channel_shift,-45,57,0.11558735792535967,0.11558735792535967,0.013360437312165206
DTSR14,hrnet32,red_channel_shift,-45,58,0.1934483443716832,0.1934483443716832,0.037422261940145335
DTSR14,hrnet32,red_channel_shift,-45,59,0.07439322952854849,0.07439322952854849,0.005534352599687298
DTSR14,hrnet32,red_channel_shift,-45,60,0.16782304183350372,0.16782304183350372,0.02816457337024994
DTSR14,hrnet32,red_channel_shift,-45,61,0.14214765382892994,0.14214765382892994,0.0202059554890693
DTSR14,hrnet32,red_channel_shift,-45,62,0.23270883590731908,0.23270883590731908,0.05415340230933956
DTSR14,hrnet32,red_channel_shift,-45,63,0.0955632024381876,0.0955632024381876,0.009132325660242024
DTSR14,hrnet32,red_channel_shift,-45,64,0.15367602080062256,0.15367602080062256,0.02361631936911338
DTSR14,hrnet32,red_channel_shift,-45,65,0.0440983768045406,0.0440983768045406,0.0019446668367952447
DTSR14,hrnet32,red_channel_shift,-45,66,0.1741107834115818,0.1741107834115818,0.030314564900194744
DTSR14,hrnet32,red_channel_shift,-45,67,0.06960337129915596,0.06960337129915596,0.004844629296208168
DTSR14,hrnet32,red_channel_shift,-45,68,0.011956341679754625,0.011956341679754625,0.00014295410636303764
DTSR14,hrnet32,red_channel_shift,-45,69,0.06004055872233887,0.06004055872233887,0.003604868691690622
DTSR14,hrnet32,red_channel_shift,-45,70,0.10200861127348736,0.10200861127348736,0.010405756773945452
DTSR14,hrnet32,red_channel_shift,-45,71,0.04743917856876074,0.04743917856876074,0.0022504756632787683
DTSR14,hrnet32,red_channel_shift,-45,72,0.14383494267041938,0.14383494267041938,0.02068849073300283
DTSR14,hrnet32,red_channel_shift,-45,73,0.07201986590307628,0.07201986590307628,0.00518686108469709
DTSR14,hrnet32,red_channel_shift,-45,74,0.018968767376522023,0.018968767376522023,0.0003598141357846062
DTSR14,hrnet32,red_channel_shift,-45,75,0.03268722040425862,0.03268722040425862,0.0010684543777565812
DTSR14,hrnet32,red_channel_shift,-45,76,0.14690053383847387,0.14690053383847387,0.021579766842028607
DTSR14,hrnet32,red_channel_shift,-45,77,0.19513173034576073,0.19513173034576073,0.03807639218773068
DTSR14,hrnet32,red_channel_shift,-45,78,0.13426404853580798,0.13426404853580798,0.0180268347292258
DTSR14,hrnet32,red_channel_shift,-45,79,0.2560822256992349,0.2560822256992349,0.06557810631907388
DTSR14,hrnet32,red_channel_shift,-45,80,0.06609647020356796,0.06609647020356796,0.004368743373371147
DTSR14,hrnet32,red_channel_shift,-45,81,0.06510508173176256,0.06510508173176256,0.004238671667299483
DTSR14,hrnet32,red_channel_shift,-45,82,0.14808459780740513,0.14808459780740513,0.021929048107780937
DTSR14,hrnet32,red_channel_shift,-45,83,0.18295343436634612,0.18295343436634612,0.03347195914644092
DTSR14,hrnet32,red_channel_shift,-45,84,0.160934035144452,0.160934035144452,0.025899763667875716
DTSR14,hrnet32,red_channel_shift,-45,85,0.09319901491861614,0.09319901491861614,0.008686056381800434
DTSR14,hrnet32,red_channel_shift,-45,86,0.09930291083732969,0.09930291083732969,0.009861068100766649
DTSR14,hrnet32,red_channel_shift,-45,87,0.1003649660425699,0.1003649660425699,0.01007312640872621
DTSR14,hrnet32,red_channel_shift,-45,88,0.03708985847915946,0.03708985847915946,0.0013756576020040768
DTSR14,hrnet32,red_channel_shift,-45,89,0.061922387681507936,0.061922387681507936,0.0038343820961789657
DTSR14,hrnet32,red_channel_shift,-45,90,0.09845156748287294,0.09845156748287294,0.009692711139834685
DTSR14,hrnet32,red_channel_shift,-45,91,0.07339576853993916,0.07339576853993916,0.005386938839568324
DTSR14,hrnet32,red_channel_shift,-45,92,0.20136916504775637,0.20136916504775637,0.04054954063203055
DTSR14,hrnet32,red_channel_shift,-45,93,0.05755150236388595,0.05755150236388595,0.00331217542434037
DTSR14,hrnet32,red_channel_shift,-45,94,0.23228298143707046,0.23228298143707046,0.053955383465294424
DTSR14,hrnet32,red_channel_shift,-45,95,0.14526824217219259,0.14526824217219259,0.021102862183798792
DTSR14,hrnet32,red_channel_shift,-45,96,0.016633963868160875,0.016633963868160875,0.0002766887539672815
DTSR14,hrnet32,red_channel_shift,-45,97,0.10198448917861819,0.10198448917861819,0.01040083603302369
DTSR14,hrnet32,red_channel_shift,-45,98,0.026316377933683997,0.026316377933683997,0.00069255174754849
DTSR14,hrnet32,red_channel_shift,-45,99,0.21762724068578324,0.21762724068578324,0.047361615888507826
DTSR14,hrnet32,red_channel_shift,-45,100,0.150878048785575,0.150878048785575,0.022764185605342352
DTSR14,hrnet32,red_channel_shift,-45,101,0.23246175773256753,0.23246175773256753,0.054038468808114914
DTSR14,hrnet32,red_channel_shift,-45,102,0.09246722019209141,0.09246722019209141,0.008550186810052719
DTSR14,hrnet32,red_channel_shift,-45,103,0.07529415232348197,0.07529415232348197,0.005669209374111705
DTSR14,hrnet32,red_channel_shift,-45,104,0.11588709998610534,0.11588709998610534,0.013429819943189578
DTSR14,hrnet32,red_channel_shift,-45,105,0.2676513789189575,0.2676513789189575,0.07163726063721938
DTSR14,hrnet32,red_channel_shift,-45,106,0.02918408034434967,0.02918408034434967,0.0008517105455454569
DTSR14,hrnet32,red_channel_shift,-45,107,0.06669924710701508,0.06669924710701508,0.00444878956464266
DTSR14,hrnet32,red_channel_shift,-45,108,0.21260662200537564,0.21260662200537564,0.04520157572053668
DTSR14,hrnet32,red_channel_shift,-45,109,0.06420970369518851,0.06420970369518851,0.004122886048623905
DTSR14,hrnet32,red_channel_shift,-45,110,0.10696165844885866,0.10696165844885866,0.011440796378130298
DTSR14,hrnet32,red_channel_shift,-45,111,0.012003072834337448,0.012003072834337448,0.00014407375746640962
DTSR14,hrnet32,red_channel_shift,-45,112,0.19176750566513673,0.19176750566513673,0.03677477622902825
DTSR14,hrnet32,red_channel_shift,-45,113,0.06382768050945523,0.06382768050945523,0.0040739727992170904
DTSR14,hrnet32,red_channel_shift,-45,114,0.08756717907171485,0.08756717907171485,0.007668010850577775
DTSR14,hrnet32,red_channel_shift,-45,115,0.08607423173001745,0.08607423173001745,0.007408773367912743
DTSR14,hrnet32,red_channel_shift,-45,116,0.05808931382815664,0.05808931382815664,0.00337436838102607
DTSR14,hrnet32,red_channel_shift,-45,117,0.19466823577359613,0.19466823577359613,0.03789572201920441
DTSR14,hrnet32,red_channel_shift,-45,118,0.2081717997359448,0.2081717997359448,0.0433354982053023
DTSR14,hrnet32,red_channel_shift,-45,119,0.0809799823777811,0.0809799823777811,0.006557757545905738
DTSR14,hrnet32,red_channel_shift,-45,120,0.2045520220715173,0.2045520220715173,0.0418415297335465
DTSR14,hrnet32,red_channel_shift,-45,121,0.3280133607714152,0.3280133607714152,0.10759276484455857
DTSR14,hrnet32,red_channel_shift,-45,122,0.10867005504648827,0.10867005504648827,0.01180918086380679
DTSR14,hrnet32,red_channel_shift,-45,123,0.09756000484528064,0.09756000484528064,0.009517954545411182
DTSR14,hrnet32,red_channel_shift,-45,124,0.08839899204192976,0.08839899204192976,0.00781438179402916
DTSR14,hrnet32,red_channel_shift,-45,125,0.25149154223589315,0.25149154223589315,0.06324799581618804
DTSR14,hrnet32,red_channel_shift,-45,126,0.08006733691700085,0.08006733691700085,0.006410778440980528
DTSR14,hrnet32,red_channel_shift,-45,127,0.2288271236500188,0.2288271236500188,0.052361852517940996
DTSR14,hrnet32,red_channel_shift,-45,128,0.16623701779138503,0.16623701779138503,0.027634746084173264
DTSR14,hrnet32,red_channel_shift,-45,129,0.11115204320030701,0.11115204320030701,0.012354776707602917
DTSR14,hrnet32,red_channel_shift,-45,130,0.09166536825864828,0.09166536825864828,0.008402539737993604
DTSR14,hrnet32,red_channel_shift,-45,131,0.00391808815841531,0.00391808815841531,1.535141481711427e-05
DTSR14,hrnet32,red_channel_shift,-45,132,0.07508960756837994,0.07508960756837994,0.005638449164773302
DTSR14,hrnet32,red_channel_shift,-45,133,0.04977236671028486,0.04977236671028486,0.0024772884879430725
DTSR14,hrnet32,red_channel_shift,-45,134,0.21563387447061808,0.21563387447061808,0.04649796781921028
DTSR14,hrnet32,red_channel_shift,-45,135,0.30928662015519487,0.30928662015519487,0.0956582134070238
DTSR14,hrnet32,red_channel_shift,-45,136,0.08891706532527363,0.08891706532527363,0.007906244506058977
DTSR14,hrnet32,red_channel_shift,-45,137,0.09414842057899418,0.09414842057899418,0.008863925097519175
DTSR14,hrnet32,red_channel_shift,-45,138,0.1017323407561634,0.1017323407561634,0.010349469155728146
DTSR14,hrnet32,red_channel_shift,-45,139,0.23936704167395184,0.23936704167395184,0.0572965806397394
DTSR14,hrnet32,red_channel_shift,-45,140,0.3409186894906128,0.3409186894906128,0.11622555284399688
DTSR14,hrnet32,red_channel_shift,-45,141,0.23784323521642914,0.23784323521642914,0.05656940453821764
DTSR14,hrnet32,red_channel_shift,-45,142,0.10340721456014232,0.10340721456014232,0.01069305202308731
DTSR14,hrnet32,red_channel_shift,-45,143,0.09458543359209265,0.09458543359209265,0.00894640424780417
DTSR14,hrnet32,red_channel_shift,-45,144,0.4849508382485795,0.4849508382485795,0.2351773155179999
DTSR14,hrnet32,red_channel_shift,-45,145,0.050055966545500354,0.050055966545500354,0.0025055997868042505
DTSR14,hrnet32,red_channel_shift,-45,146,0.17981320369015816,0.17981320369015816,0.032332788221318305
DTSR14,hrnet32,red_channel_shift,-45,147,0.12684807839001638,0.12684807839001638,0.01609043499123974
DTSR14,hrnet32,red_channel_shift,-45,148,0.041142496730121214,0.041142496730121214,0.0016927050371880348
DTSR14,hrnet32,red_channel_shift,-45,149,0.20611141539419164,0.20611141539419164,0.04248191555579702
DTSR14,hrnet32,red_channel_shift,-45,150,0.1912540833811339,0.1912540833811339,0.03657812440995772
DTSR14,hrnet32,red_channel_shift,-45,151,0.11712181920164455,0.11712181920164455,0.013717520533102713
DTSR14,hrnet32,red_channel_shift,-45,152,0.13992586641666815,0.13992586641666815,0.01957924809245526
DTSR14,hrnet32,red_channel_shift,-45,153,0.15287709937810687,0.15287709937810687,0.023371407514263563
DTSR14,hrnet32,red_channel_shift,-45,154,0.26184947927949664,0.26184947927949664,0.06856514979894354
DTSR14,hrnet32,red_channel_shift,-45,155,0.34807366204049917,0.34807366204049917,0.12115527420628364
DTSR14,hrnet32,red_channel_shift,-45,156,0.03475283837398667,0.03475283837398667,0.0012077597750484404
DTSR14,hrnet32,red_channel_shift,-45,157,0.1496781405769496,0.1496781405769496,0.022403545766573083
DTSR14,hrnet32,red_channel_shift,-45,158,0.11839372553900764,0.11839372553900764,0.014017074247005868
DTSR14,hrnet32,red_channel_shift,-45,159,0.06888510043254618,0.06888510043254618,0.004745157061601974
DTSR14,hrnet32,red_channel_shift,-45,160,0.355974227555067,0.355974227555067,0.12671765068342664
DTSR14,hrnet32,red_channel_shift,-45,161,0.10801308857785807,0.10801308857785807,0.011666827304128215
DTSR14,hrnet32,red_channel_shift,-45,162,0.07511175734291865,0.07511175734291865,0.005641776091141494
DTSR14,hrnet32,red_channel_shift,-45,163,0.05546868540437348,0.05546868540437348,0.003076775060489356
DTSR14,hrnet32,red_channel_shift,-45,164,0.13180696191228838,0.13180696191228838,0.01737307520854744
DTSR14,hrnet32,red_channel_shift,-45,165,0.11091477843018842,0.11091477843018842,0.01230208807421779
DTSR14,hrnet32,red_channel_shift,-45,166,0.044948624024777915,0.044948624024777915,0.0020203788017208422
DTSR14,hrnet32,red_channel_shift,-45,167,0.40430068345696735,0.40430068345696735,0.1634590426437709
DTSR14,hrnet32,red_channel_shift,-45,168,0.15397857498742645,0.15397857498742645,0.02370940155515851
DTSR14,hrnet32,red_channel_shift,-45,169,0.05558118662546083,0.05558118662546083,0.0030892683066943054
DTSR14,hrnet32,red_channel_shift,-45,170,0.1004143126392761,0.1004143126392761,0.010083034182818282
DTSR14,hrnet32,red_channel_shift,-45,171,0.23351042642304645,0.23351042642304645,0.05452711924827299
DTSR14,hrnet32,red_channel_shift,-45,172,0.07618134601400733,0.07618134601400733,0.005803597480505911
DTSR14,hrnet32,red_channel_shift,-45,173,0.10463936103319846,0.10463936103319846,0.010949395877436052
DTSR14,hrnet32,red_channel_shift,-45,174,0.20384644977072863,0.20384644977072863,0.04155337508413019
DTSR14,hrnet32,red_channel_shift,-45,175,0.07645994679516512,0.07645994679516512,0.00584612346391948
DTSR14,hrnet32,red_channel_shift,-45,176,0.13297924855841114,0.13297924855841114,0.017683480547159694
DTSR14,hrnet32,red_channel_shift,-45,177,0.15489239041684846,0.15489239041684846,0.02399165260904541
DTSR14,hrnet32,red_channel_shift,-45,178,0.12540144743989537,0.12540144743989537,0.01572552302002084
DTSR14,hrnet32,red_channel_shift,-45,179,0.10023226475552013,0.10023226475552013,0.010046506898020684
DTSR14,hrnet32,red_channel_shift,-45,180,0.5316755245448631,0.5316755245448631,0.2826788634000553
DTSR14,hrnet32,red_channel_shift,-45,181,0.20264845837272824,0.20264845837272824,0.04106639768084337
DTSR14,hrnet32,red_channel_shift,-45,182,0.32396505569614986,0.32396505569614986,0.10495335731220948
DTSR14,hrnet32,red_channel_shift,-45,183,0.4479606173158916,0.4479606173158916,0.20066871466603467
DTSR14,hrnet32,red_channel_shift,-45,184,0.33838697054259614,0.33838697054259614,0.11450574183299583
DTSR14,hrnet32,red_channel_shift,-45,185,0.029490860048163474,0.029490860048163474,0.0008697108263803645
DTSR14,hrnet32,red_channel_shift,-45,186,0.14954103589366485,0.14954103589366485,0.02236252141615036
DTSR14,hrnet32,red_channel_shift,-45,187,0.31798089565965504,0.31798089565965504,0.10111185000451642
DTSR14,hrnet32,red_channel_shift,-45,188,0.18778898051192067,0.18778898051192067,0.03526470120170652
DTSR14,hrnet32,red_channel_shift,-45,189,0.3203378402196795,0.3203378402196795,0.1026163318766089
DTSR14,hrnet32,red_channel_shift,-45,190,0.19960233788861448,0.19960233788861448,0.03984109329060062
DTSR14,hrnet32,red_channel_shift,-45,191,0.07222666687417573,0.07222666687417573,0.005216691407753153
DTSR14,hrnet32,red_channel_shift,-45,192,0.11340280720956755,0.11340280720956755,0.012860196683010347
DTSR14,hrnet32,red_channel_shift,-45,193,0.11837594072432413,0.11837594072432413,0.0140128633423687
DTSR14,hrnet32,red_channel_shift,-45,194,0.06602901447192965,0.06602901447192965,0.004359830752134294
DTSR14,hrnet32,red_channel_shift,-45,195,0.06998264416248909,0.06998264416248909,0.004897570483973568
DTSR14,hrnet32,red_channel_shift,-45,196,0.19850235097950927,0.19850235097950927,0.03940318334439229
DTSR14,hrnet32,red_channel_shift,-45,197,0.07174136651205615,0.07174136651205615,0.0051468236690171715
DTSR14,hrnet32,red_channel_shift,-45,198,0.13740655481458455,0.13740655481458455,0.01888056130601343
DTSR14,hrnet32,red_channel_shift,-45,199,0.15053091937615404,0.15053091937615404,0.02265955768823019
DTSR14,hrnet32,red_channel_shift,45,0,0.12533851935214024,0.12533851935214024,0.015709744433386835
DTSR14,hrnet32,red_channel_shift,45,1,0.05485960540805575,0.05485960540805575,0.0030095763055275793
DTSR14,hrnet32,red_channel_shift,45,2,0.2345195098420139,0.2345195098420139,0.05499940049653845
DTSR14,hrnet32,red_channel_shift,45,3,0.09491358734981828,0.09491358734981828,0.009008589063611584
DTSR14,hrnet32,red_channel_shift,45,4,0.24180935772913473,0.24180935772913473,0.05847176548537665
DTSR14,hrnet32,red_channel_shift,45,5,0.056941347555150464,0.056941347555150464,0.00324231706139644
DTSR14,hrnet32,red_channel_shift,45,6,0.21377605022004986,0.21377605022004986,0.045700199647685284
DTSR14,hrnet32,red_channel_shift,45,7,0.06544393152060093,0.06544393152060093,0.004282908172873105
DTSR14,hrnet32,red_channel_shift,45,8,0.09350940952059905,0.09350940952059905,0.008744009668891101
DTSR14,hrnet32,red_channel_shift,45,9,0.1434156179829491,0.1434156179829491,0.020568039481431197
DTSR14,hrnet32,red_channel_shift,45,10,0.208778989080127,0.208778989080127,0.043588666281319785
DTSR14,hrnet32,red_channel_shift,45,11,0.09973617877697331,0.09973617877697331,0.009947305357032383
DTSR14,hrnet32,red_channel_shift,45,12,0.0870691791854038,0.0870691791854038,0.007581041964019954
DTSR14,hrnet32,red_channel_shift,45,13,0.05184240966459759,0.05184240966459759,0.002687635439831962
DTSR14,hrnet32,red_channel_shift,45,14,0.22919057539666218,0.22919057539666218,0.052528319850653094
DTSR14,hrnet32,red_channel_shift,45,15,0.031911897047561706,0.031911897047561706,0.0010183691731741776
DTSR14,hrnet32,red_channel_shift,45,16,0.03370112354471343,0.03370112354471343,0.0011357657281760376
DTSR14,hrnet32,red_channel_shift,45,17,0.021686873469792138,0.021686873469792138,0.00047032048089477407
DTSR14,hrnet32,red_channel_shift,45,18,0.3336197261008197,0.3336197261008197,0.11130212164358595
DTSR14,hrnet32,red_channel_shift,45,19,0.19292471212180592,0.19292471212180592,0.03721994454728169
DTSR14,hrnet32,red_channel_shift,45,20,0.023415203772922406,0.023415203772922406,0.0005482717677274797
DTSR14,hrnet32,red_channel_shift,45,21,0.040954692850058726,0.040954692850058726,0.0016772868664426514
DTSR14,hrnet32,red_channel_shift,45,22,0.030300363100249073,0.030300363100249073,0.0009181120040069356
DTSR14,hrnet32,red_channel_shift,45,23,0.06482176749703093,0.06482176749703093,0.004201861541439136
DTSR14,hrnet32,red_channel_shift,45,24,0.049317975707462304,0.049317975707462304,0.0024322627278818417
DTSR14,hrnet32,red_channel_shift,45,25,0.003969907033091906,0.003969907033091906,1.576016185139258e-05
DTSR14,hrnet32,red_channel_shift,45,26,0.07629563174928712,0.07629563174928712,0.005821023424022829
DTSR14,hrnet32,red_channel_shift,45,27,0.39357497512413936,0.39357497512413936,0.15490126104396693
DTSR14,hrnet32,red_channel_shift,45,28,0.022832458305060466,0.022832458305060466,0.0005213211522523246
DTSR14,hrnet32,red_channel_shift,45,29,0.0448335406547922,0.0448335406547922,0.0020100463676449047
DTSR14,hrnet32,red_channel_shift,45,30,0.06836504520659854,0.06836504520659854,0.004673779406100262
DTSR14,hrnet32,red_channel_shift,45,31,0.06638042325739257,0.06638042325739257,0.004406360591830585
DTSR14,hrnet32,red_channel_shift,45,32,0.018940704672651555,0.018940704672651555,0.0003587502934966045
DTSR14,hrnet32,red_channel_shift,45,33,0.031097794211366974,0.031097794211366974,0.0009670728048125293
DTSR14,hrnet32,red_channel_shift,45,34,0.10967769358696947,0.10967769358696947,0.012029196470557163
DTSR14,hrnet32,red_channel_shift,45,35,0.028961243176503,0.028961243176503,0.0008387536063285417
DTSR14,hrnet32,red_channel_shift,45,36,0.05915236819802083,0.05915236819802083,0.0034990026634342266
DTSR14,hrnet32,red_channel_shift,45,37,0.1258086988086594,0.1258086988086594,0.01582782869592798
DTSR14,hrnet32,red_channel_shift,45,38,0.045495385552744995,0.045495385552744995,0.002069830106592918
DTSR14,hrnet32,red_channel_shift,45,39,0.022923344433202417,0.022923344433202417,0.0005254797200032322
DTSR14,hrnet32,red_channel_shift,45,40,0.09560479593048668,0.09560479593048668,0.009140277004910002
DTSR14,hrnet32,red_channel_shift,45,41,0.041866160136017454,0.041866160136017454,0.001752775364534657
DTSR14,hrnet32,red_channel_shift,45,42,0.05777137430854732,0.05777137430854732,0.0033375316894982813
DTSR14,hrnet32,red_channel_shift,45,43,0.07847527469566273,0.07847527469566273,0.006158368738559724
DTSR14,hrnet32,red_channel_shift,45,44,0.1486747736202713,0.1486747736202713,0.022104188311038917
DTSR14,hrnet32,red_channel_shift,45,45,0.017147074852352014,0.017147074852352014,0.0002940221759921628
DTSR14,hrnet32,red_channel_shift,45,46,0.20909063537053413,0.20909063537053413,0.04371889379965366
DTSR14,hrnet32,red_channel_shift,45,47,0.0238997570228585,0.0238997570228585,0.0005711983857516742
DTSR14,hrnet32,red_channel_shift,45,48,0.10661813552605492,0.10661813552605492,0.011367426823052215
DTSR14,hrnet32,red_channel_shift,45,49,0.1596116835413064,0.1596116835413064,0.02547588952289014
DTSR14,hrnet32,red_channel_shift,45,50,0.12189625116025908,0.12189625116025908,0.014858696046924963
DTSR14,hrnet32,red_channel_shift,45,51,0.04976474647409546,0.04976474647409546,0.002476529991630997
DTSR14,hrnet32,red_channel_shift,45,52,0.09685874978141856,0.09685874978141856,0.00938161740921945
DTSR14,hrnet32,red_channel_shift,45,53,0.031642593841524326,0.031642593841524326,0.0010012537450196732
DTSR14,hrnet32,red_channel_shift,45,54,0.03888145234207401,0.03888145234207401,0.0015117673362289726
DTSR14,hrnet32,red_channel_shift,45,55,0.09008392027326047,0.09008392027326047,0.008115112691799148
DTSR14,hrnet32,red_channel_shift,45,56,0.10377168535542666,0.10377168535542666,0.010768562681505672
DTSR14,hrnet32,red_channel_shift,45,57,0.012775750071947674,0.012775750071947674,0.00016321978990087101
DTSR14,hrnet32,red_channel_shift,45,58,0.3052484394070872,0.3052484394070872,0.09317660976046217
DTSR14,hrnet32,red_channel_shift,45,59,0.03790876856187605,0.03790876856187605,0.0014370747338778818
DTSR14,hrnet32,red_channel_shift,45,60,0.03107487532017417,0.03107487532017417,0.0009656478761643697
DTSR14,hrnet32,red_channel_shift,45,61,0.03434817215684997,0.03434817215684997,0.0011797969305166033
DTSR14,hrnet32,red_channel_shift,45,62,0.07324714158461525,0.07324714158461525,0.005365143750316672
DTSR14,hrnet32,red_channel_shift,45,63,0.03140587991987815,0.03140587991987815,0.0009863292935418056
DTSR14,hrnet32,red_channel_shift,45,64,0.04981557682671496,0.04981557682671496,0.0024815916945783406
DTSR14,hrnet32,red_channel_shift,45,65,0.030679057764017706,0.030679057764017706,0.000941204585287935
DTSR14,hrnet32,red_channel_shift,45,66,0.1969040983149303,0.1969040983149303,0.03877122393321574
DTSR14,hrnet32,red_channel_shift,45,67,0.008819789826804751,0.008819789826804751,7.778869258900859e-05
DTSR14,hrnet32,red_channel_shift,45,68,0.0670114933442795,0.0670114933442795,0.004490540240230416
DTSR14,hrnet32,red_channel_shift,45,69,0.04295842493160387,0.04295842493160387,0.0018454262726042452
DTSR14,hrnet32,red_channel_shift,45,70,0.08387063744959988,0.08387063744959988,0.007034283826202226
DTSR14,hrnet32,red_channel_shift,45,71,0.11833870068019274,0.11833870068019274,0.01400404807867625
DTSR14,hrnet32,red_channel_shift,45,72,0.04672924580977213,0.04672924580977213,0.002183622413950106
DTSR14,hrnet32,red_channel_shift,45,73,0.0422657737982787,0.0422657737982787,0.0017863956347672623
DTSR14,hrnet32,red_channel_shift,45,74,0.05792220314221345,0.05792220314221345,0.0033549816168478414
DTSR14,hrnet32,red_channel_shift,45,75,0.09478030444622532,0.09478030444622532,0.00898330611091916
DTSR14,hrnet32,red_channel_shift,45,76,0.09292134466608315,0.09292134466608315,0.00863437629455302
DTSR14,hrnet32,red_channel_shift,45,77,0.1414135328121812,0.1414135328121812,0.019997787262421848
DTSR14,hrnet32,red_channel_shift,45,78,0.2832928975946344,0.2832928975946344,0.080254865827564
DTSR14,hrnet32,red_channel_shift,45,79,0.08592396314082446,0.08592396314082446,0.007382927441825759
DTSR14,hrnet32,red_channel_shift,45,80,0.020998425945787474,0.020998425945787474,0.00044093389220072055
DTSR14,hrnet32,red_channel_shift,45,81,0.10090517205954615,0.10090517205954615,0.010181853748366613
DTSR14,hrnet32,red_channel_shift,45,82,0.13345864892138865,0.13345864892138865,0.01781121097192247
DTSR14,hrnet32,red_channel_shift,45,83,0.28227034133586537,0.28227034133586537,0.07967654559786595
DTSR14,hrnet32,red_channel_shift,45,84,0.1649275734433971,0.1649275734433971,0.02720110448192714
DTSR14,hrnet32,red_channel_shift,45,85,0.13068471833043208,0.13068471833043208,0.01707849560510437
DTSR14,hrnet32,red_channel_shift,45,86,0.020077611970893316,0.020077611970893316,0.0004031105024537586
DTSR14,hrnet32,red_channel_shift,45,87,0.16635684036560938,0.16635684036560938,0.027674598336428845
DTSR14,hrnet32,red_channel_shift,45,88,0.07794360331864346,0.07794360331864346,0.006075205298294048
DTSR14,hrnet32,red_channel_shift,45,89,0.06273063406071948,0.06273063406071948,0.003935132449659899
DTSR14,hrnet32,red_channel_shift,45,90,0.033326135411174684,0.033326135411174684,0.0011106313014439513
DTSR14,hrnet32,red_channel_shift,45,91,0.07277250550698891,0.07277250550698891,0.005295837557764731
DTSR14,hrnet32,red_channel_shift,45,92,0.14000422938537174,0.14000422938537174,0.019601184245791787
DTSR14,hrnet32,red_channel_shift,45,93,0.0901994916096528,0.0901994916096528,0.008135948286639825
DTSR14,hrnet32,red_channel_shift,45,94,0.0889718446193116,0.0889718446193116,0.007915989134962926
DTSR14,hrnet32,red_channel_shift,45,95,0.34346142091621373,0.34346142091621373,0.11796574765778454
DTSR14,hrnet32,red_channel_shift,45,96,0.024273643998118103,0.024273643998118103,0.000589209792947375
DTSR14,hrnet32,red_channel_shift,45,97,0.12764534458416982,0.12764534458416982,0.01629333399401145
DTSR14,hrnet32,red_channel_shift,45,98,0.12678329910172143,0.12678329910172143,0.016074004931116558
DTSR14,hrnet32,red_channel_shift,45,99,0.07731222936025692,0.07731222936025692,0.005977180808652972
DTSR14,hrnet32,red_channel_shift,45,100,0.13494967222254192,0.13494967222254192,0.018211414032971503
DTSR14,hrnet32,red_channel_shift,45,101,0.21485357161135205,0.21485357161135205,0.04616205723415438
DTSR14,hrnet32,red_channel_shift,45,102,0.07573172213562453,0.07573172213562453,0.005735293737627442
DTSR14,hrnet32,red_channel_shift,45,103,0.03252574517685447,0.03252574517685447,0.0010579240993096718
DTSR14,hrnet32,red_channel_shift,45,104,0.13320656421209687,0.13320656421209687,0.017743988749191485
DTSR14,hrnet32,red_channel_shift,45,105,0.0861641751145793,0.0861641751145793,0.0074242650731758866
DTSR14,hrnet32,red_channel_shift,45,106,0.1870229589922562,0.1870229589922562,0.03497758719021915
DTSR14,hrnet32,red_channel_shift,45,107,0.17487107750932712,0.17487107750932712,0.030579893749273095
DTSR14,hrnet32,red_channel_shift,45,108,0.06417916009088348,0.06417916009088348,0.004118964589971251
DTSR14,hrnet32,red_channel_shift,45,109,0.11303869463895799,0.11303869463895799,0.01277774648567959
DTSR14,hrnet32,red_channel_shift,45,110,0.06773927976552648,0.06773927976552648,0.004588610023152265
DTSR14,hrnet32,red_channel_shift,45,111,0.13702878650955796,0.13702878650955796,0.018776888332282016
DTSR14,hrnet32,red_channel_shift,45,112,0.12342685085088742,0.12342685085088742,0.01523418751096721
DTSR14,hrnet32,red_channel_shift,45,113,0.10045443352819475,0.10045443352819475,0.010091093215470496
DTSR14,hrnet32,red_channel_shift,45,114,0.09256249144620646,0.09256249144620646,0.008567814822729043
DTSR14,hrnet32,red_channel_shift,45,115,0.02530188316331079,0.02530188316331079,0.00064018529160983
DTSR14,hrnet32,red_channel_shift,45,116,0.18516210926589644,0.18516210926589644,0.03428500670779577
DTSR14,hrnet32,red_channel_shift,45,117,0.20349838221032454,0.20349838221032454,0.04141159156221933
DTSR14,hrnet32,red_channel_shift,45,118,0.1517928869761906,0.1517928869761906,0.02304108053656657
DTSR14,hrnet32,red_channel_shift,45,119,0.019455612848457697,0.019455612848457697,0.00037852087130907223
DTSR14,hrnet32,red_channel_shift,45,120,0.06611907431545842,0.06611907431545842,0.0043717319883331135
DTSR14,hrnet32,red_channel_shift,45,121,0.017125815773786416,0.017125815773786416,0.00029329356591767164
DTSR14,hrnet32,red_channel_shift,45,122,0.10265229002540699,0.10265229002540699,0.010537492647460272
DTSR14,hrnet32,red_channel_shift,45,123,0.03305703097845191,0.03305703097845191,0.0010927672971103293
DTSR14,hrnet32,red_channel_shift,45,124,0.37154893839810155,0.37154893839810155,0.13804861362475626
DTSR14,hrnet32,red_channel_shift,45,125,0.1469656738600913,0.1469656738600913,0.021598909293150722
DTSR14,hrnet32,red_channel_shift,45,126,0.18990348997582984,0.18990348997582984,0.036063335505000106
DTSR14,hrnet32,red_channel_shift,45,127,0.43679062100156313,0.43679062100156313,0.19078604659493117
DTSR14,hrnet32,red_channel_shift,45,128,0.024421360859657806,0.024421360859657806,0.0005964028662376262
DTSR14,hrnet32,red_channel_shift,45,129,0.1509627213116383,0.1509627213116383,0.02278974322581537
DTSR14,hrnet32,red_channel_shift,45,130,0.5244278108136313,0.5244278108136313,0.2750245287547779
DTSR14,hrnet32,red_channel_shift,45,131,0.07025001836358781,0.07025001836358781,0.004935065080084424
DTSR14,hrnet32,red_channel_shift,45,132,0.23424979398107662,0.23424979398107662,0.05487296598017684
DTSR14,hrnet32,red_channel_shift,45,133,0.2624246602827174,0.2624246602827174,0.06886670232449962
DTSR14,hrnet32,red_channel_shift,45,134,0.21453992248332907,0.21453992248332907,0.046027378339152845
DTSR14,hrnet32,red_channel_shift,45,135,0.05777956316583283,0.05777956316583283,0.003338477919634466
DTSR14,hrnet32,red_channel_shift,45,136,0.04697706935816692,0.04697706935816692,0.0022068450454820255
DTSR14,hrnet32,red_channel_shift,45,137,0.019433743526456795,0.019433743526456795,0.00037767038745210136
DTSR14,hrnet32,red_channel_shift,45,138,0.06867813881751922,0.06867813881751922,0.00471668675143844
DTSR14,hrnet32,red_channel_shift,45,139,0.006093214477958667,0.006093214477958667,3.7127262674405114e-05
DTSR14,hrnet32,red_channel_shift,45,140,0.2397939725105979,0.2397939725105979,0.057501149252413376
DTSR14,hrnet32,red_channel_shift,45,141,0.21532262161680224,0.21532262161680224,0.046363831379932594
DTSR14,hrnet32,red_channel_shift,45,142,0.02214225614639119,0.02214225614639119,0.0004902795072523984
DTSR14,hrnet32,red_channel_shift,45,143,0.0821117078267482,0.0821117078267482,0.006742332562225262
DTSR14,hrnet32,red_channel_shift,45,144,0.047895466750128214,0.047895466750128214,0.0022939757352126375
DTSR14,hrnet32,red_channel_shift,45,145,0.05568900214096254,0.05568900214096254,0.0031012649594561307
DTSR14,hrnet32,red_channel_shift,45,146,0.20235170265676286,0.20235170265676286,0.040946211568090966
DTSR14,hrnet32,red_channel_shift,45,147,0.07112900294447971,0.07112900294447971,0.005059335059875804
DTSR14,hrnet32,red_channel_shift,45,148,0.11444964084661241,0.11444964084661241,0.013098720289918571
DTSR14,hrnet32,red_channel_shift,45,149,0.11769149826048306,0.11769149826048306,0.013851288762797287
DTSR14,hrnet32,red_channel_shift,45,150,0.14591736661327948,0.14591736661327948,0.021291877879354208
DTSR14,hrnet32,red_channel_shift,45,151,0.1982909784717144,0.1982909784717144,0.039319312143269905
DTSR14,hrnet32,red_channel_shift,45,152,0.19250618350332682,0.19250618350332682,0.03705863068701654
DTSR14,hrnet32,red_channel_shift,45,153,0.2383288955462008,0.2383288955462008,0.05680066245227189
DTSR14,hrnet32,red_channel_shift,45,154,0.27709542401813964,0.27709542401813964,0.0767818740117926
DTSR14,hrnet32,red_channel_shift,45,155,0.05760040319280267,0.05760040319280267,0.003317806447973432
DTSR14,hrnet32,red_channel_shift,45,156,0.15934946591786042,0.15934946591786042,0.02539225228830736
DTSR14,hrnet32,red_channel_shift,45,157,0.20420262426601613,0.20420262426601613,0.041698711757127756
DTSR14,hrnet32,red_channel_shift,45,158,0.16838038573540523,0.16838038573540523,0.028351954300403857
DTSR14,hrnet32,red_channel_shift,45,159,0.022729084601570363,0.022729084601570363,0.000516611286825343
DTSR14,hrnet32,red_channel_shift,45,160,0.09603552641257683,0.09603552641257683,0.009222822333340742
DTSR14,hrnet32,red_channel_shift,45,161,0.10181455915362227,0.10181455915362227,0.010366204455646448
DTSR14,hrnet32,red_channel_shift,45,162,0.050516457850771065,0.050516457850771065,0.00255191251378873
DTSR14,hrnet32,red_channel_shift,45,163,0.06717916849938514,0.06717916849938514,0.004513040680268781
DTSR14,hrnet32,red_channel_shift,45,164,0.06749473532458083,0.06749473532458083,0.00455553929653522
DTSR14,hrnet32,red_channel_shift,45,165,0.013273681218953998,0.013273681218953998,0.0001761906131024121
DTSR14,hrnet32,red_channel_shift,45,166,0.014832835966821894,0.014832835966821894,0.0002200130228186452
DTSR14,hrnet32,red_channel_shift,45,167,0.499824956936495,0.499824956936495,0.24982498757656907
DTSR14,hrnet32,red_channel_shift,45,168,0.07854819203270419,0.07854819203270419,0.006169818471606574
DTSR14,hrnet32,red_channel_shift,45,169,0.08857561200566352,0.08857561200566352,0.007845639042177844
DTSR14,hrnet32,red_channel_shift,45,170,0.14865311557491828,0.14865311557491828,0.022097748770130012
DTSR14,hrnet32,red_channel_shift,45,171,0.1976014378136706,0.1976014378136706,0.03904632822602993
DTSR14,hrnet32,red_channel_shift,45,172,0.12402209980029806,0.12402209980029806,0.015381481238875092
DTSR14,hrnet32,red_channel_shift,45,173,0.03883500766995201,0.03883500766995201,0.0015081578207252313
DTSR14,hrnet32,red_channel_shift,45,174,0.09825071642727935,0.09825071642727935,0.009653203278473662
DTSR14,hrnet32,red_channel_shift,45,175,0.023504795398473777,0.023504795398473777,0.000552475406724114
DTSR14,hrnet32,red_channel_shift,45,176,0.033692808260470844,0.033692808260470844,0.0011352053284768523
DTSR14,hrnet32,red_channel_shift,45,177,0.05068737730353442,0.05068737730353442,0.002569210217910856
DTSR14,hrnet32,red_channel_shift,45,178,0.059393179640498374,0.059393179640498374,0.0035275497878085108
DTSR14,hrnet32,red_channel_shift,45,179,0.2071465762357272,0.2071465762357272,0.04290970404618394
DTSR14,hrnet32,red_channel_shift,45,180,0.3822620727753408,0.3822620727753408,0.14612429228249996
DTSR14,hrnet32,red_channel_shift,45,181,0.05690179078864524,0.05690179078864524,0.003237813794954752
DTSR14,hrnet32,red_channel_shift,45,182,0.14877482865967717,0.14877482865967717,0.0221339496427163
DTSR14,hrnet32,red_channel_shift,45,183,0.1687235912579543,0.1687235912579543,0.028467650246981235
DTSR14,hrnet32,red_channel_shift,45,184,0.06373205124874146,0.06373205124874146,0.0040617743563722076
DTSR14,hrnet32,red_channel_shift,45,185,0.008670781641881774,0.008670781641881774,7.518245428119399e-05
DTSR14,hrnet32,red_channel_shift,45,186,0.0568833851271508,0.0568833851271508,0.0032357195035237606
DTSR14,hrnet32,red_channel_shift,45,187,0.48845059742761626,0.48845059742761626,0.23858398612739526
DTSR14,hrnet32,red_channel_shift,45,188,0.05976380321911052,0.05976380321911052,0.003571712175212565
DTSR14,hrnet32,red_channel_shift,45,189,0.22200060620129955,0.22200060620129955,0.04928426915374448
DTSR14,hrnet32,red_channel_shift,45,190,0.05910724124215486,0.05910724124215486,0.003493665967258292
DTSR14,hrnet32,red_channel_shift,45,191,0.11958296758424387,0.11958296758424387,0.01430008613625432
DTSR14,hrnet32,red_channel_shift,45,192,0.04379021952716183,0.04379021952716183,0.0019175833262370255
DTSR14,hrnet32,red_channel_shift,45,193,0.2170730568444759,0.2170730568444759,0.047120712007805064
DTSR14,hrnet32,red_channel_shift,45,194,0.21403961801428042,0.21403961801428042,0.045812958079699075
DTSR14,hrnet32,red_channel_shift,45,195,0.1945199252928437,0.1945199252928437,0.03783800133593349
DTSR14,hrnet32,red_channel_shift,45,196,0.2003315834248679,0.2003315834248679,0.040132743317514805
DTSR14,hrnet32,red_channel_shift,45,197,0.1637721899412888,0.1637721899412888,0.02682133019816558
DTSR14,hrnet32,red_channel_shift,45,198,0.09569500571959598,0.09569500571959598,0.009157534119673507
DTSR14,hrnet32,red_channel_shift,45,199,0.1213129012856918,0.1213129012856918,0.014716820018352004
DTSR14,hrnet32,green_channel_shift,-45,0,0.059867055858784504,0.059867055858784504,0.003584064377198824
DTSR14,hrnet32,green_channel_shift,-45,1,0.09975544770989743,0.09975544770989743,0.00995114934780208
DTSR14,hrnet32,green_channel_shift,-45,2,0.19655092239916355,0.19655092239916355,0.038632265095962015
DTSR14,hrnet32,green_channel_shift,-45,3,0.029396756066449606,0.029396756066449606,0.0008641692672303417
DTSR14,hrnet32,green_channel_shift,-45,4,0.29235985135563936,0.29235985135563936,0.08547428268469154
DTSR14,hrnet32,green_channel_shift,-45,5,0.1608063776735543,0.1608063776735543,0.025858691100489783
DTSR14,hrnet32,green_channel_shift,-45,6,0.48514970403255736,0.48514970403255736,0.235370235322878
DTSR14,hrnet32,green_channel_shift,-45,7,0.12068839114160605,0.12068839114160605,0.014565687756349295
DTSR14,hrnet32,green_channel_shift,-45,8,0.3508561850565087,0.3508561850565087,0.12310006259240706
DTSR14,hrnet32,green_channel_shift,-45,9,0.07322010676009377,0.07322010676009377,0.005361184033959529
DTSR14,hrnet32,green_channel_shift,-45,10,0.09531116717624416,0.09531116717624416,0.009084218588497962
DTSR14,hrnet32,green_channel_shift,-45,11,0.26449211203226436,0.26449211203226436,0.06995607732728788
DTSR14,hrnet32,green_channel_shift,-45,12,0.023337844148421334,0.023337844148421334,0.0005446549694960039
DTSR14,hrnet32,green_channel_shift,-45,13,0.0320840420345612,0.0320840420345612,0.00102938575327549
DTSR14,hrnet32,green_channel_shift,-45,14,0.04110083340534813,0.04110083340534813,0.001689278506614181
DTSR14,hrnet32,green_channel_shift,-45,15,0.03598545657582584,0.03598545657582584,0.001294953084970647
DTSR14,hrnet32,green_channel_shift,-45,16,0.097068287675863,0.097068287675863,0.009422252472324096
DTSR14,hrnet32,green_channel_shift,-45,17,0.050755021836216725,0.050755021836216725,0.0025760722415948366
DTSR14,hrnet32,green_channel_shift,-45,18,0.017885966473533632,0.017885966473533632,0.0003199077966923691
DTSR14,hrnet32,green_channel_shift,-45,19,0.09051189837186918,0.09051189837186918,0.008192403746879575
DTSR14,hrnet32,green_channel_shift,-45,20,0.03382547661693618,0.03382547661693618,0.0011441628683628966
DTSR14,hrnet32,green_channel_shift,-45,21,0.06307242134297829,0.06307242134297829,0.003978130334066183
DTSR14,hrnet32,green_channel_shift,-45,22,0.1444316436298262,0.1444316436298262,0.02086049968161311
DTSR14,hrnet32,green_channel_shift,-45,23,0.07675880786188721,0.07675880786188721,0.005891914584378118
DTSR14,hrnet32,green_channel_shift,-45,24,0.033193559316740597,0.033193559316740597,0.0011018123801139765
DTSR14,hrnet32,green_channel_shift,-45,25,0.08808923919970515,0.08808923919970515,0.007759714062782871
DTSR14,hrnet32,green_channel_shift,-45,26,0.10513364819184846,0.10513364819184846,0.011053083982127362
DTSR14,hrnet32,green_channel_shift,-45,27,0.4514833691780075,0.4514833691780075,0.20383723264432504
DTSR14,hrnet32,green_channel_shift,-45,28,0.1491257389765322,0.1491257389765322,0.022238486025296815
DTSR14,hrnet32,green_channel_shift,-45,29,0.1532538426040015,0.1532538426040015,0.023486740272892062
DTSR14,hrnet32,green_channel_shift,-45,30,0.0808018812108051,0.0808018812108051,0.006528944007205059
DTSR14,hrnet32,green_channel_shift,-45,31,0.04929177126582877,0.04929177126582877,0.0024296787145227823
DTSR14,hrnet32,green_channel_shift,-45,32,0.09384516988089307,0.09384516988089307,0.00880691590997368
DTSR14,hrnet32,green_channel_shift,-45,33,0.08059322680616511,0.08059322680616511,0.006495268207029971
DTSR14,hrnet32,green_channel_shift,-45,34,0.1714810305277696,0.1714810305277696,0.029405743830865853
DTSR14,hrnet32,green_channel_shift,-45,35,0.013034917355810683,0.013034917355810683,0.00016990907047281456
DTSR14,hrnet32,green_channel_shift,-45,36,0.10736355437070227,0.10736355437070227,0.011526932807110743
DTSR14,hrnet32,green_channel_shift,-45,37,0.14279283702182705,0.14279283702182705,0.02038979430474206
DTSR14,hrnet32,green_channel_shift,-45,38,0.10934105187969545,0.10934105187969545,0.011955465626158252
DTSR14,hrnet32,green_channel_shift,-45,39,0.12803377578855385,0.12803377578855385,0.01639264774267368
DTSR14,hrnet32,green_channel_shift,-45,40,0.15655136298786515,0.15655136298786515,0.024508329253358316
DTSR14,hrnet32,green_channel_shift,-45,41,0.023457176359434607,0.023457176359434607,0.0005502391227576178
DTSR14,hrnet32,green_channel_shift,-45,42,0.074032169888347,0.074032169888347,0.005480762178377073
DTSR14,hrnet32,green_channel_shift,-45,43,0.08836194871694325,0.08836194871694325,0.007807833981055709
DTSR14,hrnet32,green_channel_shift,-45,44,0.10960455485283666,0.10960455485283666,0.012013158444488478
DTSR14,hrnet32,green_channel_shift,-45,45,0.11792782276705759,0.11792782276705759,0.013906971382578546
DTSR14,hrnet32,green_channel_shift,-45,46,0.0974915221646217,0.0974915221646217,0.009504596893974924
DTSR14,hrnet32,green_channel_shift,-45,47,0.30898944943306134,0.30898944943306134,0.09547447986094637
DTSR14,hrnet32,green_channel_shift,-45,48,0.09140213369443566,0.09140213369443566,0.00835435004389549
DTSR14,hrnet32,green_channel_shift,-45,49,0.23060389615545293,0.23060389615545293,0.05317815692207492
DTSR14,hrnet32,green_channel_shift,-45,50,0.20785852304360566,0.20785852304360566,0.04320516560186915
DTSR14,hrnet32,green_channel_shift,-45,51,0.006392986562007036,0.006392986562007036,4.087027718200254e-05
DTSR14,hrnet32,green_channel_shift,-45,52,0.096312018246108,0.096312018246108,0.009276004858638639
DTSR14,hrnet32,green_channel_shift,-45,53,0.0873361054916545,0.0873361054916545,0.007627595322449404
DTSR14,hrnet32,green_channel_shift,-45,54,0.46440560246792095,0.46440560246792095,0.21567256360359263
DTSR14,hrnet32,green_channel_shift,-45,55,0.09285216648114576,0.09285216648114576,0.008621524820242409
DTSR14,hrnet32,green_channel_shift,-45,56,0.14898721530464973,0.14898721530464973,0.022197190324234055
DTSR14,hrnet32,green_channel_shift,-45,57,0.053372582087176934,0.053372582087176934,0.0028486325186524403
DTSR14,hrnet32,green_channel_shift,-45,58,0.2649468926311555,0.2649468926311555,0.07019685591490504
DTSR14,hrnet32,green_channel_shift,-45,59,0.1505687045391393,0.1505687045391393,0.022670934786594623
DTSR14,hrnet32,green_channel_shift,-45,60,0.2505371514168309,0.2505371514168309,0.06276886424006006
DTSR14,hrnet32,green_channel_shift,-45,61,0.07383753228916126,0.07383753228916126,0.005451981174552932
DTSR14,hrnet32,green_channel_shift,-45,62,0.100556623575866,0.100556623575866,0.010111634544978411
DTSR14,hrnet32,green_channel_shift,-45,63,0.021940526271703762,0.021940526271703762,0.000481386693079323
DTSR14,hrnet32,green_channel_shift,-45,64,0.024362160517389937,0.024362160517389937,0.0005935148650750732
DTSR14,hrnet32,green_channel_shift,-45,65,0.059834834533917074,0.059834834533917074,0.0035802074237012353
DTSR14,hrnet32,green_channel_shift,-45,66,0.2693449498555623,0.2693449498555623,0.07254670201269536
DTSR14,hrnet32,green_channel_shift,-45,67,0.05112671861982053,0.05112671861982053,0.0026139413568303034
DTSR14,hrnet32,green_channel_shift,-45,68,0.0567756237860216,0.0567756237860216,0.0032234714562918614
DTSR14,hrnet32,green_channel_shift,-45,69,0.0731937988583334,0.0731937988583334,0.005357332191314167
DTSR14,hrnet32,green_channel_shift,-45,70,0.03689742202502826,0.03689742202502826,0.0013614197520930408
DTSR14,hrnet32,green_channel_shift,-45,71,0.1314693736650828,0.1314693736650828,0.017284196211889164
DTSR14,hrnet32,green_channel_shift,-45,72,0.21338581514787366,0.21338581514787366,0.04553350610632251
DTSR14,hrnet32,green_channel_shift,-45,73,0.05298665581195715,0.05298665581195715,0.002807585694134812
DTSR14,hrnet32,green_channel_shift,-45,74,0.1418787844869929,0.1418787844869929,0.020129589487506577
DTSR14,hrnet32,green_channel_shift,-45,75,0.004188795165715016,0.004188795165715016,1.7546004940317487e-05
DTSR14,hrnet32,green_channel_shift,-45,76,0.16788753443255502,0.16788753443255502,0.028186224217842348
DTSR14,hrnet32,green_channel_shift,-45,77,0.152796017541263,0.152796017541263,0.023346622976469954
DTSR14,hrnet32,green_channel_shift,-45,78,0.18124543467595297,0.18124543467595297,0.03284990759087514
DTSR14,hrnet32,green_channel_shift,-45,79,0.17834273492447172,0.17834273492447172,0.03180613110034038
DTSR14,hrnet32,green_channel_shift,-45,80,0.027801742625248572,0.027801742625248572,0.0007729368930005634
DTSR14,hrnet32,green_channel_shift,-45,81,0.1346957946490284,0.1346957946490284,0.018142957096133228
DTSR14,hrnet32,green_channel_shift,-45,82,0.12471232986975411,0.12471232986975411,0.015553165221542363
DTSR14,hrnet32,green_channel_shift,-45,83,0.23739027639358343,0.23739027639358343,0.056354143326221934
DTSR14,hrnet32,green_channel_shift,-45,84,0.17562726053244493,0.17562726053244493,0.030844934642131287
DTSR14,hrnet32,green_channel_shift,-45,85,0.05193974356449322,0.05193974356449322,0.0026977369615453148
DTSR14,hrnet32,green_channel_shift,-45,86,0.15233930586134967,0.15233930586134967,0.023207264110317843
DTSR14,hrnet32,green_channel_shift,-45,87,0.42964687242814364,0.42964687242814364,0.18459643498728553
DTSR14,hrnet32,green_channel_shift,-45,88,0.07442717337822655,0.07442717337822655,0.005539404137072594
DTSR14,hrnet32,green_channel_shift,-45,89,0.11890619714546337,0.11890619714546337,0.0141386837195958
DTSR14,hrnet32,green_channel_shift,-45,90,0.09085686231883564,0.09085686231883564,0.008254969430423855
DTSR14,hrnet32,green_channel_shift,-45,91,0.11966923725388853,0.11966923725388853,0.014320726344927464
DTSR14,hrnet32,green_channel_shift,-45,92,0.14175019173989473,0.14175019173989473,0.02009311685829692
DTSR14,hrnet32,green_channel_shift,-45,93,0.06471878531532683,0.06471878531532683,0.004188521172691364
DTSR14,hrnet32,green_channel_shift,-45,94,0.15297287098743476,0.15297287098743476,0.02340069925813836
DTSR14,hrnet32,green_channel_shift,-45,95,0.06784489948326568,0.06784489948326568,0.004602930385894423
DTSR14,hrnet32,green_channel_shift,-45,96,0.06402758213978847,0.06402758213978847,0.00409953127466736
DTSR14,hrnet32,green_channel_shift,-45,97,0.09086985414657987,0.09086985414657987,0.0082573303926207
DTSR14,hrnet32,green_channel_shift,-45,98,0.08687908125076563,0.08687908125076563,0.007547974758977135
DTSR14,hrnet32,green_channel_shift,-45,99,0.10379029350771958,0.10379029350771958,0.010772425026418578
DTSR14,hrnet32,green_channel_shift,-45,100,0.093030155390812,0.093030155390812,0.008654609812038626
DTSR14,hrnet32,green_channel_shift,-45,101,0.31049264532219867,0.31049264532219867,0.09640568279917666
DTSR14,hrnet32,green_channel_shift,-45,102,0.06834677091668594,0.06834677091668594,0.004671281094737947
DTSR14,hrnet32,green_channel_shift,-45,103,0.0069414946286024915,0.0069414946286024915,4.8184347678917243e-05
DTSR14,hrnet32,green_channel_shift,-45,104,0.04888989148150098,0.04888989148150098,0.0023902214890729424
DTSR14,hrnet32,green_channel_shift,-45,105,0.04853629186712007,0.04853629186712007,0.002355771628210266
DTSR14,hrnet32,green_channel_shift,-45,106,0.16245180914876706,0.16245180914876706,0.026390590295707436
DTSR14,hrnet32,green_channel_shift,-45,107,0.1338597809626793,0.1338597809626793,0.017918440959376482
DTSR14,hrnet32,green_channel_shift,-45,108,0.0862474635616282,0.0862474635616282,0.007438624970814384
DTSR14,hrnet32,green_channel_shift,-45,109,0.1781032610179995,0.1781032610179995,0.03172077158524566
DTSR14,hrnet32,green_channel_shift,-45,110,0.17870293503404497,0.17870293503404497,0.031934738989782094
DTSR14,hrnet32,green_channel_shift,-45,111,0.1345858983156856,0.1345858983156856,0.018113364025440063
DTSR14,hrnet32,green_channel_shift,-45,112,0.2391001723391463,0.2391001723391463,0.05716889241260946
DTSR14,hrnet32,green_channel_shift,-45,113,0.015123835733644155,0.015123835733644155,0.00022873040729825183
DTSR14,hrnet32,green_channel_shift,-45,114,0.11567612985352917,0.11567612985352917,0.013380967017890542
DTSR14,hrnet32,green_channel_shift,-45,115,0.07086414085192157,0.07086414085192157,0.005021726458680979
DTSR14,hrnet32,green_channel_shift,-45,116,0.2162599172676094,0.2162599172676094,0.046768351816593265
DTSR14,hrnet32,green_channel_shift,-45,117,0.09596172460875257,0.09596172460875257,0.00920865258988607
DTSR14,hrnet32,green_channel_shift,-45,118,0.2327036725333052,0.2327036725333052,0.054150999210487744
DTSR14,hrnet32,green_channel_shift,-45,119,0.10442408935934551,0.10442408935934551,0.010904390438528576
DTSR14,hrnet32,green_channel_shift,-45,120,0.03850206658570556,0.03850206658570556,0.0014824091313701048
DTSR14,hrnet32,green_channel_shift,-45,121,0.08579387312151054,0.08579387312151054,0.00736058866518985
DTSR14,hrnet32,green_channel_shift,-45,122,0.122762438568974,0.122762438568974,0.015070616323401113
DTSR14,hrnet32,green_channel_shift,-45,123,0.08728296164256291,0.08728296164256291,0.007618315393097108
DTSR14,hrnet32,green_channel_shift,-45,124,0.37108519706695187,0.37108519706695187,0.1377042234822185
DTSR14,hrnet32,green_channel_shift,-45,125,0.26088391844137004,0.26088391844137004,0.06806041890132342
DTSR14,hrnet32,green_channel_shift,-45,126,0.2667877539237398,0.2667877539237398,0.07117570564367395
DTSR14,hrnet32,green_channel_shift,-45,127,0.45241170828408483,0.45241170828408483,0.20467635379252389
DTSR14,hrnet32,green_channel_shift,-45,128,0.03509431129928839,0.03509431129928839,0.0012316106855713607
DTSR14,hrnet32,green_channel_shift,-45,129,0.2197847837208987,0.2197847837208987,0.048305351155242225
DTSR14,hrnet32,green_channel_shift,-45,130,0.5985773965741663,0.5985773965741663,0.3582948996895068
DTSR14,hrnet32,green_channel_shift,-45,131,0.010546414935489176,0.010546414935489176,0.00011122686799150916
DTSR14,hrnet32,green_channel_shift,-45,132,0.32757521212183444,0.32757521212183444,0.10730551959666483
DTSR14,hrnet32,green_channel_shift,-45,133,0.07133237340890636,0.07133237340890636,0.005088307496147651
DTSR14,hrnet32,green_channel_shift,-45,134,0.22795381978789098,0.22795381978789098,0.051962943955890274
DTSR14,hrnet32,green_channel_shift,-45,135,0.1634488381110147,0.1634488381110147,0.026715522679840696
DTSR14,hrnet32,green_channel_shift,-45,136,0.23142503231170375,0.23142503231170375,0.053557545580473126
DTSR14,hrnet32,green_channel_shift,-45,137,0.01590280681114977,0.01590280681114977,0.00025289926447275154
DTSR14,hrnet32,green_channel_shift,-45,138,0.19701227136000315,0.19701227136000315,0.03881383506642752
DTSR14,hrnet32,green_channel_shift,-45,139,0.3369596689701771,0.3369596689701771,0.11354181851249133
DTSR14,hrnet32,green_channel_shift,-45,140,0.19106843751274605,0.19106843751274605,0.03650714781356214
DTSR14,hrnet32,green_channel_shift,-45,141,0.260087617682744,0.260087617682744,0.06764556887188522
DTSR14,hrnet32,green_channel_shift,-45,142,0.05338155223745382,0.05338155223745382,0.0028495901192800107
DTSR14,hrnet32,green_channel_shift,-45,143,0.4593825790789861,0.4593825790789861,0.21103235396126094
DTSR14,hrnet32,green_channel_shift,-45,144,0.11181645085856974,0.11181645085856974,0.012502918682606941
DTSR14,hrnet32,green_channel_shift,-45,145,0.050593487677849845,0.050593487677849845,0.002559700995408744
DTSR14,hrnet32,green_channel_shift,-45,146,0.1644188229748042,0.1644188229748042,0.02703354934842
DTSR14,hrnet32,green_channel_shift,-45,147,0.04478591892309721,0.04478591892309721,0.0020057785337862367
DTSR14,hrnet32,green_channel_shift,-45,148,0.10202577911670495,0.10202577911670495,0.010409259604370667
DTSR14,hrnet32,green_channel_shift,-45,149,0.1586408703191907,0.1586408703191907,0.02516692573563028
DTSR14,hrnet32,green_channel_shift,-45,150,0.2116184367277074,0.2116184367277074,0.0447823627630787
DTSR14,hrnet32,green_channel_shift,-45,151,0.020827430975294117,0.020827430975294117,0.00043378188103064086
DTSR14,hrnet32,green_channel_shift,-45,152,0.22820801925264864,0.22820801925264864,0.05207890005121725
DTSR14,hrnet32,green_channel_shift,-45,153,0.3072184279567055,0.3072184279567055,0.09438316247618946
DTSR14,hrnet32,green_channel_shift,-45,154,0.28749292419432615,0.28749292419432615,0.08265218146180456
DTSR14,hrnet32,green_channel_shift,-45,155,0.07792655440081739,0.07792655440081739,0.006072547880783552
DTSR14,hrnet32,green_channel_shift,-45,156,0.10500621141908303,0.10500621141908303,0.011026304436589165
DTSR14,hrnet32,green_channel_shift,-45,157,0.06646050200484298,0.06646050200484298,0.0044169983267357375
DTSR14,hrnet32,green_channel_shift,-45,158,0.19071715113407392,0.19071715113407392,0.036373031736697196
DTSR14,hrnet32,green_channel_shift,-45,159,0.04329711261583644,0.04329711261583644,0.0018746399608684232
DTSR14,hrnet32,green_channel_shift,-45,160,0.2373526156064522,0.2373526156064522,0.05633626413522426
DTSR14,hrnet32,green_channel_shift,-45,161,0.10475759014759681,0.10475759014759681,0.010974152693531872
DTSR14,hrnet32,green_channel_shift,-45,162,0.11172195615571444,0.11172195615571444,0.012481795487259379
DTSR14,hrnet32,green_channel_shift,-45,163,0.047476513976186435,0.047476513976186435,0.002254019379331026
DTSR14,hrnet32,green_channel_shift,-45,164,0.17998156721493716,0.17998156721493716,0.03239336453714494
DTSR14,hrnet32,green_channel_shift,-45,165,0.025488306886776956,0.025488306886776956,0.0006496537879545217
DTSR14,hrnet32,green_channel_shift,-45,166,0.0227160800274567,0.0227160800274567,0.0005160202918138172
DTSR14,hrnet32,green_channel_shift,-45,167,0.16591513277700393,0.16591513277700393,0.02752783128441084
DTSR14,hrnet32,green_channel_shift,-45,168,0.056296640829019765,0.056296640829019765,0.003169311768631655
DTSR14,hrnet32,green_channel_shift,-45,169,0.05398662447247203,0.05398662447247203,0.002914555621931716
DTSR14,hrnet32,green_channel_shift,-45,170,0.431542409545234,0.431542409545234,0.18622885123610647
DTSR14,hrnet32,green_channel_shift,-45,171,0.2293475206940211,0.2293475206940211,0.05260028524849443
DTSR14,hrnet32,green_channel_shift,-45,172,0.11685076610548337,0.11685076610548337,0.013654101539438381
DTSR14,hrnet32,green_channel_shift,-45,173,0.1067045664176778,0.1067045664176778,0.011385864494384612
DTSR14,hrnet32,green_channel_shift,-45,174,0.06462828396738955,0.06462828396738955,0.004176815088569542
DTSR14,hrnet32,green_channel_shift,-45,175,0.008994627472565003,0.008994627472565003,8.090332337022108e-05
DTSR14,hrnet32,green_channel_shift,-45,176,0.15015801613157245,0.15015801613157245,0.022547429808569573
DTSR14,hrnet32,green_channel_shift,-45,177,0.11367747970668379,0.11367747970668379,0.012922569392463506
DTSR14,hrnet32,green_channel_shift,-45,178,0.02339887245462088,0.02339887245462088,0.0005475072321476158
DTSR14,hrnet32,green_channel_shift,-45,179,0.26412661447427493,0.26412661447427493,0.06976286847364226
DTSR14,hrnet32,green_channel_shift,-45,180,0.3020911934571454,0.3020911934571454,0.09125908916436246
DTSR14,hrnet32,green_channel_shift,-45,181,0.28038643187801393,0.28038643187801393,0.07861655118128415
DTSR14,hrnet32,green_channel_shift,-45,182,0.1392489719751353,0.1392489719751353,0.01939027619613202
DTSR14,hrnet32,green_channel_shift,-45,183,0.15749291633441065,0.15749291633441065,0.024804018695517672
DTSR14,hrnet32,green_channel_shift,-45,184,0.11814562394251718,0.11814562394251718,0.013958388456766689
DTSR14,hrnet32,green_channel_shift,-45,185,0.02723510389540161,0.02723510389540161,0.00074175088419332
DTSR14,hrnet32,green_channel_shift,-45,186,0.04381920067972039,0.04381920067972039,0.0019201223482096077
DTSR14,hrnet32,green_channel_shift,-45,187,0.5203719485826178,0.5203719485826178,0.27078696487167064
DTSR14,hrnet32,green_channel_shift,-45,188,0.20976877310128825,0.20976877310128825,0.04400293816841975
DTSR14,hrnet32,green_channel_shift,-45,189,0.28281973671514543,0.28281973671514543,0.07998700347562418
DTSR14,hrnet32,green_channel_shift,-45,190,0.08545518672260247,0.08545518672260247,0.007302588937794853
DTSR14,hrnet32,green_channel_shift,-45,191,0.15130636349413137,0.15130636349413137,0.022893615633818212
DTSR14,hrnet32,green_channel_shift,-45,192,0.07967863754480535,0.07967863754480535,0.0063486852809964646
DTSR14,hrnet32,green_channel_shift,-45,193,0.2185466176935717,0.2185466176935717,0.04776262410530019
DTSR14,hrnet32,green_channel_shift,-45,194,0.14456978513976937,0.14456978513976937,0.02090042277535908
DTSR14,hrnet32,green_channel_shift,-45,195,0.09645084726200165,0.09645084726200165,0.009302765937557972
DTSR14,hrnet32,green_channel_shift,-45,196,0.2985985636335795,0.2985985636335795,0.08916110220403684
DTSR14,hrnet32,green_channel_shift,-45,197,0.11755972077850639,0.11755972077850639,0.013820287949520386
DTSR14,hrnet32,green_channel_shift,-45,198,0.04709847710473201,0.04709847710473201,0.002218266545584965
DTSR14,hrnet32,green_channel_shift,-45,199,0.056759056952624835,0.056759056952624835,0.00322159054615131
DTSR14,hrnet32,green_channel_shift,45,0,0.07169670687199987,0.07169670687199987,0.005140417776289474
DTSR14,hrnet32,green_channel_shift,45,1,0.2859257966616943,0.2859257966616943,0.08175356119662457
DTSR14,hrnet32,green_channel_shift,45,2,0.17299838880270704,0.17299838880270704,0.029928442528332592
DTSR14,hrnet32,green_channel_shift,45,3,0.19042668531061546,0.19042668531061546,0.03626232247838817
DTSR14,hrnet32,green_channel_shift,45,4,0.08829872383307381,0.08829872383307381,0.007796664630549437
DTSR14,hrnet32,green_channel_shift,45,5,0.0643569496314639,0.0643569496314639,0.004141816965866782
DTSR14,hrnet32,green_channel_shift,45,6,0.010066604552287526,0.010066604552287526,0.00010133652721213595
DTSR14,hrnet32,green_channel_shift,45,7,0.13578482806787875,0.13578482806787875,0.018437519533423395
DTSR14,hrnet32,green_channel_shift,45,8,0.31926963419514137,0.31926963419514137,0.10193309931909939
DTSR14,hrnet32,green_channel_shift,45,9,0.0757905784123877,0.0757905784123877,0.005744211776084289
DTSR14,hrnet32,green_channel_shift,45,10,0.09568352843588501,0.09568352843588501,0.009155337613940816
DTSR14,hrnet32,green_channel_shift,45,11,0.1738597710151921,0.1738597710151921,0.03022721997745503
DTSR14,hrnet32,green_channel_shift,45,12,0.10815390613544468,0.10815390613544468,0.011697267412354578
DTSR14,hrnet32,green_channel_shift,45,13,0.018037536176506237,0.018037536176506237,0.00032535271131877124
DTSR14,hrnet32,green_channel_shift,45,14,0.31448818495728204,0.31448818495728204,0.09890281847772564
DTSR14,hrnet32,green_channel_shift,45,15,0.10911440386136141,0.10911440386136141,0.011905953130020281
DTSR14,hrnet32,green_channel_shift,45,16,0.03020985224830376,0.03020985224830376,0.0009126351728643437
DTSR14,hrnet32,green_channel_shift,45,17,0.29371674990386404,0.29371674990386404,0.08626952917408902
DTSR14,hrnet32,green_channel_shift,45,18,0.0205970252054556,0.0205970252054556,0.0004242374473141732
DTSR14,hrnet32,green_channel_shift,45,19,0.15114414203431395,0.15114414203431395,0.02284455167128887
DTSR14,hrnet32,green_channel_shift,45,20,0.023321615550603803,0.023321615550603803,0.0005438977518901651
DTSR14,hrnet32,green_channel_shift,45,21,0.07399154695371075,0.07399154695371075,0.005474749020603183
DTSR14,hrnet32,green_channel_shift,45,22,0.037213907724710435,0.037213907724710435,0.001384874928143263
DTSR14,hrnet32,green_channel_shift,45,23,0.09739943814899696,0.09739943814899696,0.009486650551740285
DTSR14,hrnet32,green_channel_shift,45,24,0.0512902925935894,0.0512902925935894,0.002630694114336012
DTSR14,hrnet32,green_channel_shift,45,25,0.006527371875816553,0.006527371875816553,4.26065836052009e-05
DTSR14,hrnet32,green_channel_shift,45,26,0.10459234885108991,0.10459234885108991,0.010939559438188088
DTSR14,hrnet32,green_channel_shift,45,27,0.34390271129454386,0.34390271129454386,0.11826907483573838
DTSR14,hrnet32,green_channel_shift,45,28,0.05712698966484747,0.05712698966484747,0.00326349294816759
DTSR14,hrnet32,green_channel_shift,45,29,0.3068871268203559,0.3068871268203559,0.0941797086080532
DTSR14,hrnet32,green_channel_shift,45,30,0.07321495615748289,0.07321495615748289,0.005360429805142141
DTSR14,hrnet32,green_channel_shift,45,31,0.0914792147779189,0.0914792147779189,0.008368446736384616
DTSR14,hrnet32,green_channel_shift,45,32,0.05484353855158956,0.05484353855158956,0.0030078137208596908
DTSR14,hrnet32,green_channel_shift,45,33,0.05488763706901552,0.05488763706901552,0.0030126527030199667
DTSR14,hrnet32,green_channel_shift,45,34,0.054897600059885227,0.054897600059885227,0.0030137464923351105
DTSR14,hrnet32,green_channel_shift,45,35,0.013320423278406249,0.013320423278406249,0.0001774336763159071
DTSR14,hrnet32,green_channel_shift,45,36,0.31247220334095765,0.31247220334095765,0.09763887786075279
DTSR14,hrnet32,green_channel_shift,45,37,0.08776490296785512,0.08776490296785512,0.007702678192957025
DTSR14,hrnet32,green_channel_shift,45,38,0.10891457133285697,0.10891457133285697,0.01186238384861999
DTSR14,hrnet32,green_channel_shift,45,39,0.051196900571485626,0.051196900571485626,0.002621122628126585
DTSR14,hrnet32,green_channel_shift,45,40,0.2366415203483172,0.2366415203483172,0.055999209152763026
DTSR14,hrnet32,green_channel_shift,45,41,0.07803747653965684,0.07803747653965684,0.006089847744677492
DTSR14,hrnet32,green_channel_shift,45,42,0.10292560254881894,0.10292560254881894,0.010593679660037443
DTSR14,hrnet32,green_channel_shift,45,43,0.16236759866657663,0.16236759866657663,0.026363237096750498
DTSR14,hrnet32,green_channel_shift,45,44,0.09462202652526933,0.09462202652526933,0.008953327903748773
DTSR14,hrnet32,green_channel_shift,45,45,0.2145154978530701,0.2145154978530701,0.04601689881915052
DTSR14,hrnet32,green_channel_shift,45,46,0.06280564319688907,0.06280564319688907,0.0039445488173749385
DTSR14,hrnet32,green_channel_shift,45,47,0.11659801033161449,0.11659801033161449,0.013595096013291279
DTSR14,hrnet32,green_channel_shift,45,48,0.1345767720276975,0.1345767720276975,0.018110907569394864
DTSR14,hrnet32,green_channel_shift,45,49,0.24635530806754874,0.24635530806754874,0.060690937813056844
DTSR14,hrnet32,green_channel_shift,45,50,0.10855604277667565,0.10855604277667565,0.011784414423331432
DTSR14,hrnet32,green_channel_shift,45,51,0.284836957743889,0.284836957743889,0.08113209249679401
DTSR14,hrnet32,green_channel_shift,45,52,0.13830220250011407,0.13830220250011407,0.01912749921638256
DTSR14,hrnet32,green_channel_shift,45,53,0.1321850877076194,0.1321850877076194,0.01747289741227103
DTSR14,hrnet32,green_channel_shift,45,54,0.37187966553736684,0.37187966553736684,0.13829448564018382
DTSR14,hrnet32,green_channel_shift,45,55,0.019067226350243854,0.019067226350243854,0.0003635591206914336
DTSR14,hrnet32,green_channel_shift,45,56,0.15158687749327368,0.15158687749327368,0.02297858142816076
DTSR14,hrnet32,green_channel_shift,45,57,0.2884808211683294,0.2884808211683294,0.08322118418195365
DTSR14,hrnet32,green_channel_shift,45,58,0.22154553576670769,0.22154553576670769,0.04908242441815756
DTSR14,hrnet32,green_channel_shift,45,59,0.09412082136369658,0.09412082136369658,0.008858729014176883
DTSR14,hrnet32,green_channel_shift,45,60,0.23506404155991195,0.23506404155991195,0.05525510363448001
DTSR14,hrnet32,green_channel_shift,45,61,0.032613439440716985,0.032613439440716985,0.0010636364321533142
DTSR14,hrnet32,green_channel_shift,45,62,0.1121637700642592,0.1121637700642592,0.01258071131502801
DTSR14,hrnet32,green_channel_shift,45,63,0.07326041197932595,0.07326041197932595,0.005367087963380565
DTSR14,hrnet32,green_channel_shift,45,64,0.10015241724650052,0.10015241724650052,0.010030506680317136
DTSR14,hrnet32,green_channel_shift,45,65,0.16868488623140265,0.16868488623140265,0.028454590842901258
DTSR14,hrnet32,green_channel_shift,45,66,0.1641938135232811,0.1641938135232811,0.02695960839931801
DTSR14,hrnet32,green_channel_shift,45,67,0.1208962160916007,0.1208962160916007,0.014615895065267013
DTSR14,hrnet32,green_channel_shift,45,68,0.01404538381189872,0.01404538381189872,0.0001972728064235466
DTSR14,hrnet32,green_channel_shift,45,69,0.07803302358719034,0.07803302358719034,0.006089152770159005
DTSR14,hrnet32,green_channel_shift,45,70,0.08453996887686535,0.08453996887686535,0.0071470063377013626
DTSR14,hrnet32,green_channel_shift,45,71,0.08482545260249875,0.08482545260249875,0.0071953574092187625
DTSR14,hrnet32,green_channel_shift,45,72,0.12535262726785293,0.12535262726785293,0.015713281162953265
DTSR14,hrnet32,green_channel_shift,45,73,0.05860156458418104,0.05860156458418104,0.0034341433717139415
DTSR14,hrnet32,green_channel_shift,45,74,0.1328405187957299,0.1328405187957299,0.017646603433918665
DTSR14,hrnet32,green_channel_shift,45,75,0.19822396039263426,0.19822396039263426,0.03929273847374064
DTSR14,hrnet32,green_channel_shift,45,76,0.19548412428686215,0.19548412428686215,0.03821404284820137
DTSR14,hrnet32,green_channel_shift,45,77,0.21409980680768026,0.21409980680768026,0.04583872727508601
DTSR14,hrnet32,green_channel_shift,45,78,0.3302046700029201,0.3302046700029201,0.10903512409173735
DTSR14,hrnet32,green_channel_shift,45,79,0.19638298858560702,0.19638298858560702,0.03856627820581465
DTSR14,hrnet32,green_channel_shift,45,80,0.07280268874351711,0.07280268874351711,0.005300231488285434
DTSR14,hrnet32,green_channel_shift,45,81,0.07232243397045902,0.07232243397045902,0.005230534455411406
DTSR14,hrnet32,green_channel_shift,45,82,0.07341583059575955,0.07341583059575955,0.005389884182065265
DTSR14,hrnet32,green_channel_shift,45,83,0.27003245685057553,0.27003245685057553,0.07291752775275794
DTSR14,hrnet32,green_channel_shift,45,84,0.04708382918450276,0.04708382918450276,0.002216886970675434
DTSR14,hrnet32,green_channel_shift,45,85,0.06673451461530952,0.06673451461530952,0.00445349544094096
DTSR14,hrnet32,green_channel_shift,45,86,0.2766279267571439,0.2766279267571439,0.07652300986195579
DTSR14,hrnet32,green_channel_shift,45,87,0.1588717636075039,0.1588717636075039,0.025240237271758604
DTSR14,hrnet32,green_channel_shift,45,88,0.049145539269695254,0.049145539269695254,0.0024152840301091584
DTSR14,hrnet32,green_channel_shift,45,89,0.1215616295005587,0.1215616295005587,0.014777229766831101
DTSR14,hrnet32,green_channel_shift,45,90,0.22580759350795598,0.22580759350795598,0.05098906928585428
DTSR14,hrnet32,green_channel_shift,45,91,0.10960703833189366,0.10960703833189366,0.012013702851889204
DTSR14,hrnet32,green_channel_shift,45,92,0.27272796069498567,0.27272796069498567,0.07438054054484565
DTSR14,hrnet32,green_channel_shift,45,93,0.10719790493792024,0.10719790493792024,0.011491390823079385
DTSR14,hrnet32,green_channel_shift,45,94,0.14640292228100388,0.14640292228100388,0.02143381565241766
DTSR14,hrnet32,green_channel_shift,45,95,0.18798148991501787,0.18798148991501787,0.03533704055066997
DTSR14,hrnet32,green_channel_shift,45,96,0.05116808674245885,0.05116808674245885,0.0026181731008837936
DTSR14,hrnet32,green_channel_shift,45,97,0.1738337327576217,0.1738337327576217,0.030218166644448242
DTSR14,hrnet32,green_channel_shift,45,98,0.09727815979453952,0.09727815979453952,0.009463040373011966
DTSR14,hrnet32,green_channel_shift,45,99,0.20804551004805402,0.20804551004805402,0.043282934251154946
DTSR14,hrnet32,green_channel_shift,45,100,0.20948467141840404,0.20948467141840404,0.04388382755927671
DTSR14,hrnet32,green_channel_shift,45,101,0.07059807953221,0.07059807953221,0.00498408883363625
DTSR14,hrnet32,green_channel_shift,45,102,0.13964888929770491,0.13964888929770491,0.019501812282082642
DTSR14,hrnet32,green_channel_shift,45,103,0.05179739611149112,0.05179739611149112,0.0026829702439307153
DTSR14,hrnet32,green_channel_shift,45,104,0.12410180760248771,0.12410180760248771,0.015401258650204875
DTSR14,hrnet32,green_channel_shift,45,105,0.07613866646591659,0.07613866646591659,0.005797096531208091
DTSR14,hrnet32,green_channel_shift,45,106,0.0356086189803132,0.0356086189803132,0.0012679737456851214
DTSR14,hrnet32,green_channel_shift,45,107,0.14496487701773828,0.14496487701773828,0.021014815568767983
DTSR14,hrnet32,green_channel_shift,45,108,0.04327391202811611,0.04327391202811611,0.0018726314622171322
DTSR14,hrnet32,green_channel_shift,45,109,0.06938625194062543,0.06938625194062543,0.004814451958367947
DTSR14,hrnet32,green_channel_shift,45,110,0.17413768689001963,0.17413768689001963,0.030323933995406515
DTSR14,hrnet32,green_channel_shift,45,111,0.04270895881665635,0.04270895881665635,0.0018240551632028484
DTSR14,hrnet32,green_channel_shift,45,112,0.1445817624227021,0.1445817624227021,0.020903886025254673
DTSR14,hrnet32,green_channel_shift,45,113,0.12280887147010335,0.12280887147010335,0.015082018911760363
DTSR14,hrnet32,green_channel_shift,45,114,0.19698988193285416,0.19698988193285416,0.03880501358391982
DTSR14,hrnet32,green_channel_shift,45,115,0.1122751001073568,0.1122751001073568,0.012605698104116993
DTSR14,hrnet32,green_channel_shift,45,116,0.09894149096529475,0.09894149096529475,0.009789418634435504
DTSR14,hrnet32,green_channel_shift,45,117,0.10675863411193573,0.10675863411193573,0.011397405957446167
DTSR14,hrnet32,green_channel_shift,45,118,0.2303712086111216,0.2303712086111216,0.0530708937569489
DTSR14,hrnet32,green_channel_shift,45,119,0.1362742295353636,0.1362742295353636,0.01857066563545697
DTSR14,hrnet32,green_channel_shift,45,120,0.051920372591194044,0.051920372591194044,0.002695725090008414
DTSR14,hrnet32,green_channel_shift,45,121,0.04192867182854127,0.04192867182854127,0.0017580135213055104
DTSR14,hrnet32,green_channel_shift,45,122,0.10226522528958513,0.10226522528958513,0.010458176303529604
DTSR14,hrnet32,green_channel_shift,45,123,0.13309285454352238,0.13309285454352238,0.017713707930543204
DTSR14,hrnet32,green_channel_shift,45,124,0.21865521717110842,0.21865521717110842,0.04781010399614458
DTSR14,hrnet32,green_channel_shift,45,125,0.2616747795603733,0.2616747795603733,0.06847369025796997
DTSR14,hrnet32,green_channel_shift,45,126,0.07834249413818552,0.07834249413818552,0.006137546387791632
DTSR14,hrnet32,green_channel_shift,45,127,0.15549944838640595,0.15549944838640595,0.024180078448476527
DTSR14,hrnet32,green_channel_shift,45,128,0.3499587074471595,0.3499587074471595,0.12247109691808658
DTSR14,hrnet32,green_channel_shift,45,129,0.03709818522952573,0.03709818522952573,0.001376275347324201
DTSR14,hrnet32,green_channel_shift,45,130,0.49323175028582883,0.49323175028582883,0.2432775594900222
DTSR14,hrnet32,green_channel_shift,45,131,0.1013834084688533,0.1013834084688533,0.010278595512762355
DTSR14,hrnet32,green_channel_shift,45,132,0.1332558425141299,0.1332558425141299,0.017757119564150586
DTSR14,hrnet32,green_channel_shift,45,133,0.253223187178176,0.253223187178176,0.06412198252467355
DTSR14,hrnet32,green_channel_shift,45,134,0.18278566420143835,0.18278566420143835,0.03341059903756098
DTSR14,hrnet32,green_channel_shift,45,135,0.18595825463339313,0.18595825463339313,0.034580472466297876
DTSR14,hrnet32,green_channel_shift,45,136,0.02807449367859229,0.02807449367859229,0.0007881771953093183
DTSR14,hrnet32,green_channel_shift,45,137,0.12414153186428306,0.12414153186428306,0.015411119933610806
DTSR14,hrnet32,green_channel_shift,45,138,0.1951357180715692,0.1951357180715692,0.038077948467306943
DTSR14,hrnet32,green_channel_shift,45,139,0.14509882413521394,0.14509882413521394,0.021053668765421744
DTSR14,hrnet32,green_channel_shift,45,140,0.12438664646293077,0.12438664646293077,0.015472037818294126
DTSR14,hrnet32,green_channel_shift,45,141,0.037116896603604954,0.037116896603604954,0.001377664013482701
DTSR14,hrnet32,green_channel_shift,45,142,0.14220231391866076,0.14220231391866076,0.02022149808382134
DTSR14,hrnet32,green_channel_shift,45,143,0.15430275877132368,0.15430275877132368,0.023809341364441308
DTSR14,hrnet32,green_channel_shift,45,144,0.4800024833500191,0.4800024833500191,0.23040238402218538
DTSR14,hrnet32,green_channel_shift,45,145,0.0647182478056939,0.0647182478056939,0.004188451599039202
DTSR14,hrnet32,green_channel_shift,45,146,0.2670160142054419,0.2670160142054419,0.07129755184216076
DTSR14,hrnet32,green_channel_shift,45,147,0.19283989829211326,0.19283989829211326,0.037187226373312586
DTSR14,hrnet32,green_channel_shift,45,148,0.12133169438471664,0.12133169438471664,0.014721380062266278
DTSR14,hrnet32,green_channel_shift,45,149,0.10561292177193157,0.10561292177193157,0.011154089245204137
DTSR14,hrnet32,green_channel_shift,45,150,0.2601571729975882,0.2601571729975882,0.06768175466209705
DTSR14,hrnet32,green_channel_shift,45,151,0.09492897565298498,0.09492897565298498,0.009011510418525015
DTSR14,hrnet32,green_channel_shift,45,152,0.3576004372799111,0.3576004372799111,0.12787807274278362
DTSR14,hrnet32,green_channel_shift,45,153,0.27388268080686534,0.27388268080686534,0.07501172284595528
DTSR14,hrnet32,green_channel_shift,45,154,0.31331352173614824,0.31331352173614824,0.09816536290270783
DTSR14,hrnet32,green_channel_shift,45,155,0.4217011519145612,0.4217011519145612,0.17783186152606784
DTSR14,hrnet32,green_channel_shift,45,156,0.14736147310634579,0.14736147310634579,0.021715403756072272
DTSR14,hrnet32,green_channel_shift,45,157,0.0321936651741076,0.0321936651741076,0.0010364320773425485
DTSR14,hrnet32,green_channel_shift,45,158,0.44843054740996374,0.44843054740996374,0.20108995585039974
DTSR14,hrnet32,green_channel_shift,45,159,0.14627487538545592,0.14627487538545592,0.021396339169030658
DTSR14,hrnet32,green_channel_shift,45,160,0.1411713802746348,0.1411713802746348,0.01992935860864555
DTSR14,hrnet32,green_channel_shift,45,161,0.11638417401588708,0.11638417401588708,0.013545275961360284
DTSR14,hrnet32,green_channel_shift,45,162,0.2015057691376792,0.2015057691376792,0.04060457499576767
DTSR14,hrnet32,green_channel_shift,45,163,0.1942764447529052,0.1942764447529052,0.03774333698582863
DTSR14,hrnet32,green_channel_shift,45,164,0.17826875120974112,0.17826875120974112,0.031779747657880573
DTSR14,hrnet32,green_channel_shift,45,165,0.10982149043872047,0.10982149043872047,0.012060759762181971
DTSR14,hrnet32,green_channel_shift,45,166,0.0596947658814685,0.0596947658814685,0.003563465073643336
DTSR14,hrnet32,green_channel_shift,45,167,0.03011275231424741,0.03011275231424741,0.0009067778519392126
DTSR14,hrnet32,green_channel_shift,45,168,0.12012683909630774,0.12012683909630774,0.01443045747127021
DTSR14,hrnet32,green_channel_shift,45,169,0.07096843821378762,0.07096843821378762,0.005036519222504191
DTSR14,hrnet32,green_channel_shift,45,170,0.11178818915657213,0.11178818915657213,0.01249659923490555
DTSR14,hrnet32,green_channel_shift,45,171,0.26079449849954434,0.26079449849954434,0.06801377044762884
DTSR14,hrnet32,green_channel_shift,45,172,0.10374412427363987,0.10374412427363987,0.010762843321304432
DTSR14,hrnet32,green_channel_shift,45,173,0.16001015924828252,0.16001015924828252,0.02560325106266073
DTSR14,hrnet32,green_channel_shift,45,174,0.054745361053048065,0.054745361053048065,0.0029970545568285918
DTSR14,hrnet32,green_channel_shift,45,175,0.06480239012282145,0.06480239012282145,0.004199349765630347
DTSR14,hrnet32,green_channel_shift,45,176,0.07455906059159755,0.07455906059159755,0.005559053516301514
DTSR14,hrnet32,green_channel_shift,45,177,0.25041211114733647,0.25041211114733647,0.062706225409266
DTSR14,hrnet32,green_channel_shift,45,178,0.12981475946525695,0.12981475946525695,0.01685187177502252
DTSR14,hrnet32,green_channel_shift,45,179,0.037381853773521836,0.037381853773521836,0.0013974029915449688
DTSR14,hrnet32,green_channel_shift,45,180,0.5816968589414193,0.5816968589414193,0.3383712357023135
DTSR14,hrnet32,green_channel_shift,45,181,0.07775760931818287,0.07775760931818287,0.00604624580687916
DTSR14,hrnet32,green_channel_shift,45,182,0.19784224290709185,0.19784224290709185,0.03914155307850874
DTSR14,hrnet32,green_channel_shift,45,183,0.27604161092050344,0.27604161092050344,0.07619897095958661
DTSR14,hrnet32,green_channel_shift,45,184,0.12102777049317068,0.12102777049317068,0.014647721230547596
DTSR14,hrnet32,green_channel_shift,45,185,0.06806010233172877,0.06806010233172877,0.004632177529405391
DTSR14,hrnet32,green_channel_shift,45,186,0.42359708448819033,0.42359708448819033,0.17943448998689507
DTSR14,hrnet32,green_channel_shift,45,187,0.48563138251274224,0.48563138251274224,0.23583783968123737
DTSR14,hrnet32,green_channel_shift,45,188,0.1709541247748035,0.1709541247748035,0.029225312777519087
DTSR14,hrnet32,green_channel_shift,45,189,0.13836082241193637,0.13836082241193637,0.019143717178507394
DTSR14,hrnet32,green_channel_shift,45,190,0.06887470257643555,0.06887470257643555,0.004743724654992457
DTSR14,hrnet32,green_channel_shift,45,191,0.05353604518145978,0.05353604518145978,0.002866108133671303
DTSR14,hrnet32,green_channel_shift,45,192,0.15000144337399204,0.15000144337399204,0.02250043301428094
DTSR14,hrnet32,green_channel_shift,45,193,0.06044684191897533,0.06044684191897533,0.0036538206979775927
DTSR14,hrnet32,green_channel_shift,45,194,0.0847243509265008,0.0847243509265008,0.007178215639916856
DTSR14,hrnet32,green_channel_shift,45,195,0.1402784247900293,0.1402784247900293,0.01967803646157191
DTSR14,hrnet32,green_channel_shift,45,196,0.1159521374827396,0.1159521374827396,0.013444898186816144
DTSR14,hrnet32,green_channel_shift,45,197,0.0705547299573411,0.0705547299573411,0.004977969919353327
DTSR14,hrnet32,green_channel_shift,45,198,0.18908704196294335,0.18908704196294335,0.0357539094382959
DTSR14,hrnet32,green_channel_shift,45,199,0.2019872854381975,0.2019872854381975,0.04079886347869187
DTSR14,hrnet32,blue_channel_shift,-45,0,0.1187587846795473,0.1187587846795473,0.014103648938563078
DTSR14,hrnet32,blue_channel_shift,-45,1,0.09962995603382795,0.09962995603382795,0.009926128139302489
DTSR14,hrnet32,blue_channel_shift,-45,2,0.08590615593689115,0.08590615593689115,0.007379867627853458
DTSR14,hrnet32,blue_channel_shift,-45,3,0.050991747792800406,0.050991747792800406,0.002600158342964565
DTSR14,hrnet32,blue_channel_shift,-45,4,0.11976209428961374,0.11976209428961374,0.01434295922863433
DTSR14,hrnet32,blue_channel_shift,-45,5,0.03326701373105859,0.03326701373105859,0.0011066942025824405
DTSR14,hrnet32,blue_channel_shift,-45,6,0.04665169239550794,0.04665169239550794,0.0021763804033650934
DTSR14,hrnet32,blue_channel_shift,-45,7,0.04297929483025816,0.04297929483025816,0.001847219784106256
DTSR14,hrnet32,blue_channel_shift,-45,8,0.015613564282806991,0.015613564282806991,0.0002437833896133462
DTSR14,hrnet32,blue_channel_shift,-45,9,0.11336913330565744,0.11336913330565744,0.012852560386475927
DTSR14,hrnet32,blue_channel_shift,-45,10,0.04865518733759556,0.04865518733759556,0.002367327254856519
DTSR14,hrnet32,blue_channel_shift,-45,11,0.294589389959881,0.294589389959881,0.08678290867693483
DTSR14,hrnet32,blue_channel_shift,-45,12,0.041396678567085246,0.041396678567085246,0.001713684996386575
DTSR14,hrnet32,blue_channel_shift,-45,13,0.03175710439145272,0.03175710439145272,0.0010085136793296255
DTSR14,hrnet32,blue_channel_shift,-45,14,0.040844531406839246,0.040844531406839246,0.0016682757458442775
DTSR14,hrnet32,blue_channel_shift,-45,15,0.023500261570857495,0.023500261570857495,0.0005522622938987215
DTSR14,hrnet32,blue_channel_shift,-45,16,0.02732291376767179,0.02732291376767179,0.0007465416167556288
DTSR14,hrnet32,blue_channel_shift,-45,17,0.05474839138783927,0.05474839138783927,0.002997386359556033
DTSR14,hrnet32,blue_channel_shift,-45,18,0.04832999584328441,0.04832999584328441,0.002335788498211888
DTSR14,hrnet32,blue_channel_shift,-45,19,0.09777430244655286,0.09777430244655286,0.009559814218909992
DTSR14,hrnet32,blue_channel_shift,-45,20,0.03987924063210437,0.03987924063210437,0.0015903538333932844
DTSR14,hrnet32,blue_channel_shift,-45,21,0.0544267039020421,0.0544267039020421,0.0029622660976405648
DTSR14,hrnet32,blue_channel_shift,-45,22,0.06913795758382736,0.06913795758382736,0.004780057178863112
DTSR14,hrnet32,blue_channel_shift,-45,23,0.026079006000173783,0.026079006000173783,0.0006801145539571001
DTSR14,hrnet32,blue_channel_shift,-45,24,0.03157137966918137,0.03157137966918137,0.0009967520142155986
DTSR14,hrnet32,blue_channel_shift,-45,25,0.014838733370781204,0.014838733370781204,0.00022018800804913573
DTSR14,hrnet32,blue_channel_shift,-45,26,0.07468934455428866,0.07468934455428866,0.005578498189949249
DTSR14,hrnet32,blue_channel_shift,-45,27,0.3991537957066103,0.3991537957066103,0.15932375262699439
DTSR14,hrnet32,blue_channel_shift,-45,28,0.025868866894213235,0.025868866894213235,0.0006691982743905216
DTSR14,hrnet32,blue_channel_shift,-45,29,0.010985161505448182,0.010985161505448182,0.00012067377330078056
DTSR14,hrnet32,blue_channel_shift,-45,30,0.06438409407249522,0.06438409407249522,0.004145311569535915
DTSR14,hrnet32,blue_channel_shift,-45,31,0.03899500487411559,0.03899500487411559,0.0015206104051322987
DTSR14,hrnet32,blue_channel_shift,-45,32,0.018334944561262244,0.018334944561262244,0.00033617019206455995
DTSR14,hrnet32,blue_channel_shift,-45,33,0.01832681732097142,0.01832681732097142,0.000335872233116258
DTSR14,hrnet32,blue_channel_shift,-45,34,0.09908537323554126,0.09908537323554126,0.009817911189226515
DTSR14,hrnet32,blue_channel_shift,-45,35,0.03683721233293994,0.03683721233293994,0.0013569802124621024
DTSR14,hrnet32,blue_channel_shift,-45,36,0.01649048979044212,0.01649048979044212,0.0002719362535286757
DTSR14,hrnet32,blue_channel_shift,-45,37,0.03770924520989449,0.03770924520989449,0.0014219871742999508
DTSR14,hrnet32,blue_channel_shift,-45,38,0.035638768400129334,0.035638768400129334,0.001270121813078057
DTSR14,hrnet32,blue_channel_shift,-45,39,0.09629759574564113,0.09629759574564113,0.009273226946390921
DTSR14,hrnet32,blue_channel_shift,-45,40,0.3508699419874609,0.3508699419874609,0.12310971619028419
DTSR14,hrnet32,blue_channel_shift,-45,41,0.05616102014588245,0.05616102014588245,0.0031540601838262144
DTSR14,hrnet32,blue_channel_shift,-45,42,0.02597508366595031,0.02597508366595031,0.0006747049714531185
DTSR14,hrnet32,blue_channel_shift,-45,43,0.05528667980510937,0.05528667980510937,0.0030566169638726885
DTSR14,hrnet32,blue_channel_shift,-45,44,0.16140742921318238,0.16140742921318238,0.02605235820520848
DTSR14,hrnet32,blue_channel_shift,-45,45,0.07421588322113642,0.07421588322113642,0.005507997322293359
DTSR14,hrnet32,blue_channel_shift,-45,46,0.07443266349815536,0.07443266349815536,0.00554022139542963
DTSR14,hrnet32,blue_channel_shift,-45,47,0.04007954815627405,0.04007954815627405,0.0016063701804110906
DTSR14,hrnet32,blue_channel_shift,-45,48,0.008386593030658605,0.008386593030658605,7.033494266189149e-05
DTSR14,hrnet32,blue_channel_shift,-45,49,0.22725955488824628,0.22725955488824628,0.05164690528800383
DTSR14,hrnet32,blue_channel_shift,-45,50,0.22219739921792447,0.22219739921792447,0.049371684219209705
DTSR14,hrnet32,blue_channel_shift,-45,51,0.32871705093839704,0.32871705093839704,0.10805489957763671
DTSR14,hrnet32,blue_channel_shift,-45,52,0.03657346693266777,0.03657346693266777,0.0013376184834749426
DTSR14,hrnet32,blue_channel_shift,-45,53,0.05353518239384035,0.05353518239384035,0.0028660157539417536
DTSR14,hrnet32,blue_channel_shift,-45,54,0.046406833164297515,0.046406833164297515,0.0021535941643389435
DTSR14,hrnet32,blue_channel_shift,-45,55,0.0611383459720749,0.0611383459720749,0.0037378973482011277
DTSR14,hrnet32,blue_channel_shift,-45,56,0.07926963038446425,0.07926963038446425,0.006283674301289577
DTSR14,hrnet32,blue_channel_shift,-45,57,0.07049720721323334,0.07049720721323334,0.004969856224865559
DTSR14,hrnet32,blue_channel_shift,-45,58,0.20533813443754145,0.20533813443754145,0.04216374945428985
DTSR14,hrnet32,blue_channel_shift,-45,59,0.11523610964793352,0.11523610964793352,0.013279360966790556
DTSR14,hrnet32,blue_channel_shift,-45,60,0.14193984349480954,0.14193984349480954,0.020146919171331025
DTSR14,hrnet32,blue_channel_shift,-45,61,0.04834041501000506,0.04834041501000506,0.0023367957233395224
DTSR14,hrnet32,blue_channel_shift,-45,62,0.16937245090483186,0.16937245090483186,0.028687027125509676
DTSR14,hrnet32,blue_channel_shift,-45,63,0.03639494932639809,0.03639494932639809,0.001324592336471085
DTSR14,hrnet32,blue_channel_shift,-45,64,0.045382232235486555,0.045382232235486555,0.002059547002675635
DTSR14,hrnet32,blue_channel_shift,-45,65,0.03552565663109421,0.03552565663109421,0.0012620722790704078
DTSR14,hrnet32,blue_channel_shift,-45,66,0.05493900436174415,0.05493900436174415,0.0030182942002597427
DTSR14,hrnet32,blue_channel_shift,-45,67,0.06789505117558943,0.06789505117558943,0.004609737974135907
DTSR14,hrnet32,blue_channel_shift,-45,68,0.0603141904577007,0.0603141904577007,0.0036378015705677944
DTSR14,hrnet32,blue_channel_shift,-45,69,0.10223476037627262,0.10223476037627262,0.010451946229193881
DTSR14,hrnet32,blue_channel_shift,-45,70,0.11369355618180017,0.11369355618180017,0.012926224717264153
DTSR14,hrnet32,blue_channel_shift,-45,71,0.18777481301116752,0.18777481301116752,0.03525938040137893
DTSR14,hrnet32,blue_channel_shift,-45,72,0.3573049920787736,0.3573049920787736,0.12766685736441247
DTSR14,hrnet32,blue_channel_shift,-45,73,0.018419213668277257,0.018419213668277257,0.0003392674321576517
DTSR14,hrnet32,blue_channel_shift,-45,74,0.06594175228296746,0.06594175228296746,0.004348314694148245
DTSR14,hrnet32,blue_channel_shift,-45,75,0.05303828604083545,0.05303828604083545,0.0028130597861494807
DTSR14,hrnet32,blue_channel_shift,-45,76,0.2181404837897312,0.2181404837897312,0.04758527066801798
DTSR14,hrnet32,blue_channel_shift,-45,77,0.13378846682916037,0.13378846682916037,0.017899353856497345
DTSR14,hrnet32,blue_channel_shift,-45,78,0.18224597713097107,0.18224597713097107,0.03321359618042243
DTSR14,hrnet32,blue_channel_shift,-45,79,0.10224848454610692,0.10224848454610692,0.010454752591975466
DTSR14,hrnet32,blue_channel_shift,-45,80,0.02265870667332469,0.02265870667332469,0.0005134169881077687
DTSR14,hrnet32,blue_channel_shift,-45,81,0.1514454085442045,0.1514454085442045,0.022935711769121007
DTSR14,hrnet32,blue_channel_shift,-45,82,0.07872058080151151,0.07872058080151151,0.006196929841727302
DTSR14,hrnet32,blue_channel_shift,-45,83,0.16853849963567408,0.16853849963567408,0.028405225859444112
DTSR14,hrnet32,blue_channel_shift,-45,84,0.06183309287429987,0.06183309287429987,0.003823331374401793
DTSR14,hrnet32,blue_channel_shift,-45,85,0.04706999407552705,0.04706999407552705,0.0022155843422701515
DTSR14,hrnet32,blue_channel_shift,-45,86,0.12792873673764127,0.12792873673764127,0.016365761683288727
DTSR14,hrnet32,blue_channel_shift,-45,87,0.06942747921516784,0.06942747921516784,0.0048201748701725625
DTSR14,hrnet32,blue_channel_shift,-45,88,0.02143813505614824,0.02143813505614824,0.00045959363468565207
DTSR14,hrnet32,blue_channel_shift,-45,89,0.09990071899188094,0.09990071899188094,0.00998015365509476
DTSR14,hrnet32,blue_channel_shift,-45,90,0.01714733548254167,0.01714733548254167,0.00029403111415083255
DTSR14,hrnet32,blue_channel_shift,-45,91,0.1362338501399542,0.1362338501399542,0.0185596619239555
DTSR14,hrnet32,blue_channel_shift,-45,92,0.20182747394616815,0.20182747394616815,0.040734329239491184
DTSR14,hrnet32,blue_channel_shift,-45,93,0.03989319593065615,0.03989319593065615,0.0015914670815617203
DTSR14,hrnet32,blue_channel_shift,-45,94,0.08517874888922883,0.08517874888922883,0.007255419262334301
DTSR14,hrnet32,blue_channel_shift,-45,95,0.025357768350968455,0.025357768350968455,0.0006430164157413775
DTSR14,hrnet32,blue_channel_shift,-45,96,0.011473999637187305,0.011473999637187305,0.00013165266767417442
DTSR14,hrnet32,blue_channel_shift,-45,97,0.1258406488698624,0.1258406488698624,0.015835868907988
DTSR14,hrnet32,blue_channel_shift,-45,98,0.055099710961057084,0.055099710961057084,0.0030359781479920344
DTSR14,hrnet32,blue_channel_shift,-45,99,0.012315097074668943,0.012315097074668943,0.00015166161595851958
DTSR14,hrnet32,blue_channel_shift,-45,100,0.14725131952904597,0.14725131952904597,0.021682951103045193
DTSR14,hrnet32,blue_channel_shift,-45,101,0.10751762254050905,0.10751762254050905,0.01156003915676338
DTSR14,hrnet32,blue_channel_shift,-45,102,0.045720165718985864,0.045720165718985864,0.0020903335533715302
DTSR14,hrnet32,blue_channel_shift,-45,103,0.06612481781953905,0.06612481781953905,0.004372491531667229
DTSR14,hrnet32,blue_channel_shift,-45,104,0.1116301257582275,0.1116301257582275,0.012461284976797687
DTSR14,hrnet32,blue_channel_shift,-45,105,0.054613827923970834,0.054613827923970834,0.0029826702005090965
DTSR14,hrnet32,blue_channel_shift,-45,106,0.0109488432924357,0.0109488432924357,0.00011987716944231423
DTSR14,hrnet32,blue_channel_shift,-45,107,0.1516122838399638,0.1516122838399638,0.02298628461116975
DTSR14,hrnet32,blue_channel_shift,-45,108,0.0434114506041263,0.0434114506041263,0.0018845540435544978
DTSR14,hrnet32,blue_channel_shift,-45,109,0.029409726669147197,0.029409726669147197,0.0008649320227539478
DTSR14,hrnet32,blue_channel_shift,-45,110,0.16128289061513848,0.16128289061513848,0.026012170805174723
DTSR14,hrnet32,blue_channel_shift,-45,111,0.018298514826780993,0.018298514826780993,0.0003348356448659238
DTSR14,hrnet32,blue_channel_shift,-45,112,0.19618959113810847,0.19618959113810847,0.03849035567093817
DTSR14,hrnet32,blue_channel_shift,-45,113,0.043059409056761366,0.043059409056761366,0.0018541127083175027
DTSR14,hrnet32,blue_channel_shift,-45,114,0.04542340475976871,0.04542340475976871,0.0020632856999697785
DTSR14,hrnet32,blue_channel_shift,-45,115,0.0233419770205644,0.0233419770205644,0.0005448478912285566
DTSR14,hrnet32,blue_channel_shift,-45,116,0.13908309900061552,0.13908309900061552,0.01934410842761502
DTSR14,hrnet32,blue_channel_shift,-45,117,0.04102733802317305,0.04102733802317305,0.001683242465267701
DTSR14,hrnet32,blue_channel_shift,-45,118,0.21958190888120868,0.21958190888120868,0.048216214707915435
DTSR14,hrnet32,blue_channel_shift,-45,119,0.11345599216777569,0.11345599216777569,0.012872262158774378
DTSR14,hrnet32,blue_channel_shift,-45,120,0.0705361874642687,0.0705361874642687,0.0049753537419944555
DTSR14,hrnet32,blue_channel_shift,-45,121,0.05904482019504842,0.05904482019504842,0.003486290791865598
DTSR14,hrnet32,blue_channel_shift,-45,122,0.11748348364666572,0.11748348364666572,0.013802368929756371
DTSR14,hrnet32,blue_channel_shift,-45,123,0.019853452083526138,0.019853452083526138,0.00039415955963286836
DTSR14,hrnet32,blue_channel_shift,-45,124,0.29675722284555983,0.29675722284555983,0.08806484931100926
DTSR14,hrnet32,blue_channel_shift,-45,125,0.31171601884857425,0.31171601884857425,0.0971668764068047
DTSR14,hrnet32,blue_channel_shift,-45,126,0.3368200901793246,0.3368200901793246,0.11344777314840837
DTSR14,hrnet32,blue_channel_shift,-45,127,0.11782130823161054,0.11782130823161054,0.013881860673408176
DTSR14,hrnet32,blue_channel_shift,-45,128,0.12210517217202249,0.12210517217202249,0.014909673071159256
DTSR14,hrnet32,blue_channel_shift,-45,129,0.04899598639180762,0.04899598639180762,0.0024006066825061974
DTSR14,hrnet32,blue_channel_shift,-45,130,0.44912530180736215,0.44912530180736215,0.20171353672355413
DTSR14,hrnet32,blue_channel_shift,-45,131,0.0411708827720009,0.0411708827720009,0.0016950415882258404
DTSR14,hrnet32,blue_channel_shift,-45,132,0.03709826293018707,0.03709826293018707,0.0013762811124372924
DTSR14,hrnet32,blue_channel_shift,-45,133,0.1258489181153842,0.1258489181153842,0.015837950190812678
DTSR14,hrnet32,blue_channel_shift,-45,134,0.26719525180680154,0.26719525180680154,0.07139330258810007
DTSR14,hrnet32,blue_channel_shift,-45,135,0.31938546802634477,0.31938546802634477,0.1020070771864073
DTSR14,hrnet32,blue_channel_shift,-45,136,0.03884833267316216,0.03884833267316216,0.0015091929514846785
DTSR14,hrnet32,blue_channel_shift,-45,137,0.014551832372762825,0.014551832372762825,0.00021175582540498814
DTSR14,hrnet32,blue_channel_shift,-45,138,0.1593322447836374,0.1593322447836374,0.025386764227792943
DTSR14,hrnet32,blue_channel_shift,-45,139,0.380463595138409,0.380463595138409,0.14475254722564318
DTSR14,hrnet32,blue_channel_shift,-45,140,0.3907919980968866,0.3907919980968866,0.152718385776557
DTSR14,hrnet32,blue_channel_shift,-45,141,0.2427861162128559,0.2427861162128559,0.058945098225722366
DTSR14,hrnet32,blue_channel_shift,-45,142,0.06824969521032025,0.06824969521032025,0.004658020896301611
DTSR14,hrnet32,blue_channel_shift,-45,143,0.07266936060952044,0.07266936060952044,0.005280835971396521
DTSR14,hrnet32,blue_channel_shift,-45,144,0.07389894034613936,0.07389894034613936,0.005461053384282264
DTSR14,hrnet32,blue_channel_shift,-45,145,0.05508979556399131,0.05508979556399131,0.0030348855752823567
DTSR14,hrnet32,blue_channel_shift,-45,146,0.29792796040880914,0.29792796040880914,0.08876106959335295
DTSR14,hrnet32,blue_channel_shift,-45,147,0.026938828699603505,0.026938828699603505,0.0007257004917065815
DTSR14,hrnet32,blue_channel_shift,-45,148,0.05619517278049438,0.05619517278049438,0.0031578974438296165
DTSR14,hrnet32,blue_channel_shift,-45,149,0.17662892511288852,0.17662892511288852,0.03119777718653438
DTSR14,hrnet32,blue_channel_shift,-45,150,0.07245632055096861,0.07245632055096861,0.005249918387784716
DTSR14,hrnet32,blue_channel_shift,-45,151,0.028942050895937033,0.028942050895937033,0.0008376423100630097
DTSR14,hrnet32,blue_channel_shift,-45,152,0.024002948168216177,0.024002948168216177,0.0005761415207660724
DTSR14,hrnet32,blue_channel_shift,-45,153,0.10896611172562444,0.10896611172562444,0.011873613504601269
DTSR14,hrnet32,blue_channel_shift,-45,154,0.30598289831690784,0.30598289831690784,0.09362553406241517
DTSR14,hrnet32,blue_channel_shift,-45,155,0.024360310858403095,0.024360310858403095,0.0005934247451180317
DTSR14,hrnet32,blue_channel_shift,-45,156,0.048899359228700215,0.048899359228700215,0.0023911473329774687
DTSR14,hrnet32,blue_channel_shift,-45,157,0.09584535812646752,0.09584535812646752,0.009186332674390814
DTSR14,hrnet32,blue_channel_shift,-45,158,0.12845141856709766,0.12845141856709766,0.01649976693189972
DTSR14,hrnet32,blue_channel_shift,-45,159,0.025859165758166297,0.025859165758166297,0.0006686964537083204
DTSR14,hrnet32,blue_channel_shift,-45,160,0.0707666589535177,0.0707666589535177,0.0050079200194434875
DTSR14,hrnet32,blue_channel_shift,-45,161,0.047412424020696134,0.047412424020696134,0.0022479379515182836
DTSR14,hrnet32,blue_channel_shift,-45,162,0.043952426185991135,0.043952426185991135,0.0019318157676349993
DTSR14,hrnet32,blue_channel_shift,-45,163,0.06132694251290141,0.06132694251290141,0.0037609938779807144
DTSR14,hrnet32,blue_channel_shift,-45,164,0.1809393999067126,0.1809393999067126,0.032739066438601264
DTSR14,hrnet32,blue_channel_shift,-45,165,0.05516132952147739,0.05516132952147739,0.003042772274577013
DTSR14,hrnet32,blue_channel_shift,-45,166,0.06605811136817212,0.06605811136817212,0.00436367407752983
DTSR14,hrnet32,blue_channel_shift,-45,167,0.38449932816939136,0.38449932816939136,0.1478397333627133
DTSR14,hrnet32,blue_channel_shift,-45,168,0.06050320033724649,0.06050320033724649,0.0036606372510489837
DTSR14,hrnet32,blue_channel_shift,-45,169,0.04143354771428512,0.04143354771428512,0.0017167388761919415
DTSR14,hrnet32,blue_channel_shift,-45,170,0.07289619883858034,0.07289619883858034,0.005313855805113842
DTSR14,hrnet32,blue_channel_shift,-45,171,0.22330248362865032,0.22330248362865032,0.049863999194723646
DTSR14,hrnet32,blue_channel_shift,-45,172,0.09559889421709308,0.09559889421709308,0.009139148575530954
DTSR14,hrnet32,blue_channel_shift,-45,173,0.030943253634797836,0.030943253634797836,0.0009574849455074295
DTSR14,hrnet32,blue_channel_shift,-45,174,0.10473882470510856,0.10473882470510856,0.01097022140060746
DTSR14,hrnet32,blue_channel_shift,-45,175,0.038529577845980933,0.038529577845980933,0.0014845283689895047
DTSR14,hrnet32,blue_channel_shift,-45,176,0.06865248991213709,0.06865248991213709,0.004713164371136084
DTSR14,hrnet32,blue_channel_shift,-45,177,0.0764232545774372,0.0764232545774372,0.005840513840207777
DTSR14,hrnet32,blue_channel_shift,-45,178,0.050928863548305635,0.050928863548305635,0.0025937491423219344
DTSR14,hrnet32,blue_channel_shift,-45,179,0.041889442060345415,0.041889442060345415,0.0017547253561270356
DTSR14,hrnet32,blue_channel_shift,-45,180,0.3603291985632065,0.3603291985632065,0.1298371313372027
DTSR14,hrnet32,blue_channel_shift,-45,181,0.06606843505142414,0.06606843505142414,0.0043650381101442495
DTSR14,hrnet32,blue_channel_shift,-45,182,0.15022600193661825,0.15022600193661825,0.02256785165786083
DTSR14,hrnet32,blue_channel_shift,-45,183,0.16115029876331174,0.16115029876331174,0.025969418791504634
DTSR14,hrnet32,blue_channel_shift,-45,184,0.08125961642265968,0.08125961642265968,0.0066031252611577825
DTSR14,hrnet32,blue_channel_shift,-45,185,0.291913612068286,0.291913612068286,0.08521355691075376
DTSR14,hrnet32,blue_channel_shift,-45,186,0.05604354002930571,0.05604354002930571,0.0031408783790163918
DTSR14,hrnet32,blue_channel_shift,-45,187,0.4785501460512881,0.4785501460512881,0.22901024228570915
DTSR14,hrnet32,blue_channel_shift,-45,188,0.08116528928738273,0.08116528928738273,0.0065878041851045255
DTSR14,hrnet32,blue_channel_shift,-45,189,0.10840552062669517,0.10840552062669517,0.011751756902344833
DTSR14,hrnet32,blue_channel_shift,-45,190,0.012764027284534327,0.012764027284534327,0.00016292039252033676
DTSR14,hrnet32,blue_channel_shift,-45,191,0.09235510782143135,0.09235510782143135,0.00852946594070821
DTSR14,hrnet32,blue_channel_shift,-45,192,0.035561734179907684,0.035561734179907684,0.0012646369378824145
DTSR14,hrnet32,blue_channel_shift,-45,193,0.13021566767212908,0.13021566767212908,0.016956120107298363
DTSR14,hrnet32,blue_channel_shift,-45,194,0.06754303094934384,0.06754303094934384,0.00456206102982402
DTSR14,hrnet32,blue_channel_shift,-45,195,0.05853848299046319,0.05853848299046319,0.0034267539908247485
DTSR14,hrnet32,blue_channel_shift,-45,196,0.09069719061672421,0.09069719061672421,0.008225980385766406
DTSR14,hrnet32,blue_channel_shift,-45,197,0.017254262349999803,0.017254262349999803,0.0002977095692426207
DTSR14,hrnet32,blue_channel_shift,-45,198,0.07674744003811293,0.07674744003811293,0.00589016955240374
DTSR14,hrnet32,blue_channel_shift,-45,199,0.15913556855188948,0.15913556855188948,0.025324129178333116
DTSR14,hrnet32,blue_channel_shift,45,0,0.019862107373882446,0.019862107373882446,0.00039450330933163543
DTSR14,hrnet32,blue_channel_shift,45,1,0.06014989332169314,0.06014989332169314,0.003618009666611065
DTSR14,hrnet32,blue_channel_shift,45,2,0.3368633642419019,0.3368633642419019,0.11347692616837227
DTSR14,hrnet32,blue_channel_shift,45,3,0.10765098433379723,0.10765098433379723,0.011588734428035458
DTSR14,hrnet32,blue_channel_shift,45,4,0.13730241250211592,0.13730241250211592,0.018851952478901198
DTSR14,hrnet32,blue_channel_shift,45,5,0.07036809226955103,0.07036809226955103,0.004951668409656047
DTSR14,hrnet32,blue_channel_shift,45,6,0.4029117966620188,0.4029117966620188,0.16233791588941598
DTSR14,hrnet32,blue_channel_shift,45,7,0.14965197722585757,0.14965197722585757,0.022395714287608594
DTSR14,hrnet32,blue_channel_shift,45,8,0.2923224032636043,0.2923224032636043,0.0854523874498093
DTSR14,hrnet32,blue_channel_shift,45,9,0.08515652036339745,0.08515652036339745,0.007251632960401724
DTSR14,hrnet32,blue_channel_shift,45,10,0.10989382521724829,0.10989382521724829,0.012076652820879117
DTSR14,hrnet32,blue_channel_shift,45,11,0.03642556076127936,0.03642556076127936,0.0013268214767736548
DTSR14,hrnet32,blue_channel_shift,45,12,0.16357900485965723,0.16357900485965723,0.026758090830875766
DTSR14,hrnet32,blue_channel_shift,45,13,0.038136418824889946,0.038136418824889946,0.0014543864407874202
DTSR14,hrnet32,blue_channel_shift,45,14,0.061006419250535106,0.061006419250535106,0.0037217831897720603
DTSR14,hrnet32,blue_channel_shift,45,15,0.03440116874640211,0.03440116874640211,0.0011834404111184334
DTSR14,hrnet32,blue_channel_shift,45,16,0.0478432089056887,0.0478432089056887,0.002288972638393371
DTSR14,hrnet32,blue_channel_shift,45,17,0.030399007415924557,0.030399007415924557,0.0009240996518734363
DTSR14,hrnet32,blue_channel_shift,45,18,0.031577315998521774,0.031577315998521774,0.0009971268856704993
DTSR14,hrnet32,blue_channel_shift,45,19,0.2527063060354995,0.2527063060354995,0.06386047711010752
DTSR14,hrnet32,blue_channel_shift,45,20,0.03270769631870107,0.03270769631870107,0.0010697933984763713
DTSR14,hrnet32,blue_channel_shift,45,21,0.0662421792426413,0.0662421792426413,0.004388026310814217
DTSR14,hrnet32,blue_channel_shift,45,22,0.06983604771190906,0.06983604771190906,0.004877073560020038
DTSR14,hrnet32,blue_channel_shift,45,23,0.03590461486036162,0.03590461486036162,0.0012891413682709003
DTSR14,hrnet32,blue_channel_shift,45,24,0.050427134623115696,0.050427134623115696,0.002542895906297834
DTSR14,hrnet32,blue_channel_shift,45,25,0.06549301647514595,0.06549301647514595,0.004289335207013739
DTSR14,hrnet32,blue_channel_shift,45,26,0.09470391603653441,0.09470391603653441,0.00896883171265496
DTSR14,hrnet32,blue_channel_shift,45,27,0.36325001055243705,0.36325001055243705,0.13195057016634562
DTSR14,hrnet32,blue_channel_shift,45,28,0.07867941629343501,0.07867941629343501,0.006190450548275647
DTSR14,hrnet32,blue_channel_shift,45,29,0.14969149761843054,0.14969149761843054,0.022407544459248595
DTSR14,hrnet32,blue_channel_shift,45,30,0.06276538383780499,0.06276538383780499,0.003939493408306991
DTSR14,hrnet32,blue_channel_shift,45,31,0.09251986807161869,0.09251986807161869,0.008559925987989728
DTSR14,hrnet32,blue_channel_shift,45,32,0.054764824463124244,0.054764824463124244,0.0029991859984768118
DTSR14,hrnet32,blue_channel_shift,45,33,0.0896194805634628,0.0896194805634628,0.008031651296464888
DTSR14,hrnet32,blue_channel_shift,45,34,0.029270619526944562,0.029270619526944562,0.0008567691674911483
DTSR14,hrnet32,blue_channel_shift,45,35,0.04020463639033905,0.04020463639033905,0.0016164127872793747
DTSR14,hrnet32,blue_channel_shift,45,36,0.099262555880668,0.099262555880668,0.009853054999962738
DTSR14,hrnet32,blue_channel_shift,45,37,0.062341116563428736,0.062341116563428736,0.0038864148143750088
DTSR14,hrnet32,blue_channel_shift,45,38,0.020735392621843686,0.020735392621843686,0.00042995650718200955
DTSR14,hrnet32,blue_channel_shift,45,39,0.10867630665971423,0.10867630665971423,0.011810539629196247
DTSR14,hrnet32,blue_channel_shift,45,40,0.14172491002385543,0.14172491002385543,0.020085950121269916
DTSR14,hrnet32,blue_channel_shift,45,41,0.03160300665634478,0.03160300665634478,0.0009987500297209725
DTSR14,hrnet32,blue_channel_shift,45,42,0.0733583756420674,0.0733583756420674,0.005381451276842668
DTSR14,hrnet32,blue_channel_shift,45,43,0.08761088457000267,0.08761088457000267,0.007675667095138332
DTSR14,hrnet32,blue_channel_shift,45,44,0.09073294442488714,0.09073294442488714,0.008232467204009657
DTSR14,hrnet32,blue_channel_shift,45,45,0.13009652520288817,0.13009652520288817,0.016925105869865717
DTSR14,hrnet32,blue_channel_shift,45,46,0.07185229217177085,0.07185229217177085,0.005162751890337522
DTSR14,hrnet32,blue_channel_shift,45,47,0.023267947681306224,0.023267947681306224,0.0005413973893000037
DTSR14,hrnet32,blue_channel_shift,45,48,0.10795839994772853,0.10795839994772853,0.011655016119273711
DTSR14,hrnet32,blue_channel_shift,45,49,0.14387973469896387,0.14387973469896387,0.020701378057044226
DTSR14,hrnet32,blue_channel_shift,45,50,0.10621171420636946,0.10621171420636946,0.011280928234655504
DTSR14,hrnet32,blue_channel_shift,45,51,0.16977769691307357,0.16977769691307357,0.02882446636910747
DTSR14,hrnet32,blue_channel_shift,45,52,0.07443947619452859,0.07443947619452859,0.005541235616115789
DTSR14,hrnet32,blue_channel_shift,45,53,0.05901107407329442,0.05901107407329442,0.0034823068632838412
DTSR14,hrnet32,blue_channel_shift,45,54,0.14463485754975364,0.14463485754975364,0.020919242018437527
DTSR14,hrnet32,blue_channel_shift,45,55,0.06020212842951368,0.06020212842951368,0.0036242962674436596
DTSR14,hrnet32,blue_channel_shift,45,56,0.10046918559920193,0.10046918559920193,0.010094057254966884
DTSR14,hrnet32,blue_channel_shift,45,57,0.025703612427090152,0.025703612427090152,0.0006606756918020633
DTSR14,hrnet32,blue_channel_shift,45,58,0.25994670468926767,0.25994670468926767,0.06757228927880933
DTSR14,hrnet32,blue_channel_shift,45,59,0.19323648202239535,0.19323648202239535,0.03734033798439152
DTSR14,hrnet32,blue_channel_shift,45,60,0.2032851599352949,0.2032851599352949,0.04132485624991842
DTSR14,hrnet32,blue_channel_shift,45,61,0.08379019691176749,0.08379019691176749,0.0070207970985127705
DTSR14,hrnet32,blue_channel_shift,45,62,0.05381033062234166,0.05381033062234166,0.0028955516816857206
DTSR14,hrnet32,blue_channel_shift,45,63,0.03186518136273081,0.03186518136273081,0.001015389783279727
DTSR14,hrnet32,blue_channel_shift,45,64,0.0508413652865863,0.0508413652865863,0.0025848444242041026
DTSR14,hrnet32,blue_channel_shift,45,65,0.03310507946982431,0.03310507946982431,0.0010959462867033828
DTSR14,hrnet32,blue_channel_shift,45,66,0.15826259120899044,0.15826259120899044,0.02504704777618402
DTSR14,hrnet32,blue_channel_shift,45,67,0.03640853910903611,0.03640853910903611,0.001325581720054212
DTSR14,hrnet32,blue_channel_shift,45,68,0.013631954279826957,0.013631954279826957,0.00018583017748729247
DTSR14,hrnet32,blue_channel_shift,45,69,0.05967645019575885,0.05967645019575885,0.0035612787079668867
DTSR14,hrnet32,blue_channel_shift,45,70,0.05114045376388366,0.05114045376388366,0.0026153460111759223
DTSR14,hrnet32,blue_channel_shift,45,71,0.0727026696027644,0.0727026696027644,0.005285678167368723
DTSR14,hrnet32,blue_channel_shift,45,72,0.08892024015351309,0.08892024015351309,0.007906809108958442
DTSR14,hrnet32,blue_channel_shift,45,73,0.08327283189487782,0.08327283189487782,0.00693436453179258
DTSR14,hrnet32,blue_channel_shift,45,74,0.12728906880229535,0.12728906880229535,0.01620250703655548
DTSR14,hrnet32,blue_channel_shift,45,75,0.042635841974675834,0.042635841974675834,0.0018178150208895297
DTSR14,hrnet32,blue_channel_shift,45,76,0.18892480517011018,0.18892480517011018,0.03569258200856409
DTSR14,hrnet32,blue_channel_shift,45,77,0.11587920718577029,0.11587920718577029,0.013427990658002676
DTSR14,hrnet32,blue_channel_shift,45,78,0.3233232662540784,0.3233232662540784,0.10453793450120569
DTSR14,hrnet32,blue_channel_shift,45,79,0.2733960621824854,0.2733960621824854,0.07474540681688943
DTSR14,hrnet32,blue_channel_shift,45,80,0.027873669841597216,0.027873669841597216,0.0007769414704383662
DTSR14,hrnet32,blue_channel_shift,45,81,0.08511350706074292,0.08511350706074292,0.007244309084179134
DTSR14,hrnet32,blue_channel_shift,45,82,0.0739062100609456,0.0739062100609456,0.005462127885572616
DTSR14,hrnet32,blue_channel_shift,45,83,0.20270305274479056,0.20270305274479056,0.04108852759205734
DTSR14,hrnet32,blue_channel_shift,45,84,0.08197326453897766,0.08197326453897766,0.006719616099177212
DTSR14,hrnet32,blue_channel_shift,45,85,0.2791127171743373,0.2791127171743373,0.07790390888844159
DTSR14,hrnet32,blue_channel_shift,45,86,0.038790049438547136,0.038790049438547136,0.001504667935444931
DTSR14,hrnet32,blue_channel_shift,45,87,0.15429633502401321,0.15429633502401321,0.023807359001842526
DTSR14,hrnet32,blue_channel_shift,45,88,0.028362898044216708,0.028362898044216708,0.0008044539854666319
DTSR14,hrnet32,blue_channel_shift,45,89,0.025115252472024695,0.025115252472024695,0.0006307759067335425
DTSR14,hrnet32,blue_channel_shift,45,90,0.2442480824472529,0.2442480824472529,0.059657125779160054
DTSR14,hrnet32,blue_channel_shift,45,91,0.07153143244747416,0.07153143244747416,0.005116745827987559
DTSR14,hrnet32,blue_channel_shift,45,92,0.22229200465103677,0.22229200465103677,0.04941373533177655
DTSR14,hrnet32,blue_channel_shift,45,93,0.05598505134979178,0.05598505134979178,0.003134325974638822
DTSR14,hrnet32,blue_channel_shift,45,94,0.19381087827402624,0.19381087827402624,0.037562656537349415
DTSR14,hrnet32,blue_channel_shift,45,95,0.0344594767669799,0.0344594767669799,0.0011874555390540273
DTSR14,hrnet32,blue_channel_shift,45,96,0.03143030675981068,0.03143030675981068,0.0009878641830158008
DTSR14,hrnet32,blue_channel_shift,45,97,0.12777086721121145,0.12777086721121145,0.016325394507905027
DTSR14,hrnet32,blue_channel_shift,45,98,0.12286717126905312,0.12286717126905312,0.015096341775658833
DTSR14,hrnet32,blue_channel_shift,45,99,0.15192071468283092,0.15192071468283092,0.023079903549742115
DTSR14,hrnet32,blue_channel_shift,45,100,0.14055504587832668,0.14055504587832668,0.019755720921858518
DTSR14,hrnet32,blue_channel_shift,45,101,0.0898870325879574,0.0898870325879574,0.008079678627468515
DTSR14,hrnet32,blue_channel_shift,45,102,0.03280530177182565,0.03280530177182565,0.001076187824340547
DTSR14,hrnet32,blue_channel_shift,45,103,0.0853421989040277,0.0853421989040277,0.007283290913774626
DTSR14,hrnet32,blue_channel_shift,45,104,0.023850492017655604,0.023850492017655604,0.0005688459694842536
DTSR14,hrnet32,blue_channel_shift,45,105,0.02923267152130627,0.02923267152130627,0.0008545490842725907
DTSR14,hrnet32,blue_channel_shift,45,106,0.05587344181821563,0.05587344181821563,0.003121841500613527
DTSR14,hrnet32,blue_channel_shift,45,107,0.05983659860000646,0.05983659860000646,0.003580418532018295
DTSR14,hrnet32,blue_channel_shift,45,108,0.06629215934803992,0.06629215934803992,0.0043946503910259165
DTSR14,hrnet32,blue_channel_shift,45,109,0.1429013560419017,0.1429013560419017,0.020420797558614357
DTSR14,hrnet32,blue_channel_shift,45,110,0.15370276172215064,0.15370276172215064,0.023624538961016215
DTSR14,hrnet32,blue_channel_shift,45,111,0.1228148850477249,0.1228148850477249,0.015083495989285883
DTSR14,hrnet32,blue_channel_shift,45,112,0.040184508968152316,0.040184508968152316,0.001614794761011514
DTSR14,hrnet32,blue_channel_shift,45,113,0.047400210841539794,0.047400210841539794,0.0022467799878224267
DTSR14,hrnet32,blue_channel_shift,45,114,0.11698196765398398,0.11698196765398398,0.013684780756197756
DTSR14,hrnet32,blue_channel_shift,45,115,0.04697787549761737,0.04697787549761737,0.0022069207862696386
DTSR14,hrnet32,blue_channel_shift,45,116,0.18440687423243704,0.18440687423243704,0.034005895264177854
DTSR14,hrnet32,blue_channel_shift,45,117,0.055055872733209346,0.055055872733209346,0.0030311491224153443
DTSR14,hrnet32,blue_channel_shift,45,118,0.07091855399154105,0.07091855399154105,0.005029441300251123
DTSR14,hrnet32,blue_channel_shift,45,119,0.1645994786772973,0.1645994786772973,0.027092988380838047
DTSR14,hrnet32,blue_channel_shift,45,120,0.021458549580697355,0.021458549580697355,0.00046046935010724666
DTSR14,hrnet32,blue_channel_shift,45,121,0.049632052812947657,0.049632052812947657,0.0024633406664272255
DTSR14,hrnet32,blue_channel_shift,45,122,0.09265859036336493,0.09265859036336493,0.008585614368125865
DTSR14,hrnet32,blue_channel_shift,45,123,0.03764084470294873,0.03764084470294873,0.0014168331899515032
DTSR14,hrnet32,blue_channel_shift,45,124,0.19104191391377248,0.19104191391377248,0.03649701287183726
DTSR14,hrnet32,blue_channel_shift,45,125,0.05183943853674255,0.05183943853674255,0.0026873273878047083
DTSR14,hrnet32,blue_channel_shift,45,126,0.25829514807940424,0.25829514807940424,0.06671638352136136
DTSR14,hrnet32,blue_channel_shift,45,127,0.19389890959796405,0.19389890959796405,0.037596787143279436
DTSR14,hrnet32,blue_channel_shift,45,128,0.03129716773142872,0.03129716773142872,0.0009795127080091828
DTSR14,hrnet32,blue_channel_shift,45,129,0.19825495010474944,0.19825495010474944,0.03930502524103669
DTSR14,hrnet32,blue_channel_shift,45,130,0.46105435034684644,0.46105435034684644,0.2125711139737526
DTSR14,hrnet32,blue_channel_shift,45,131,0.028756594473379447,0.028756594473379447,0.0008269417257063973
DTSR14,hrnet32,blue_channel_shift,45,132,0.01589088814834863,0.01589088814834863,0.000252520326143327
DTSR14,hrnet32,blue_channel_shift,45,133,0.15064319998209422,0.15064319998209422,0.022693373700845232
DTSR14,hrnet32,blue_channel_shift,45,134,0.17957761600756647,0.17957761600756647,0.032248120170960994
DTSR14,hrnet32,blue_channel_shift,45,135,0.08778799921954374,0.08778799921954374,0.007706732806970612
DTSR14,hrnet32,blue_channel_shift,45,136,0.12100412970052764,0.12100412970052764,0.014641999404582115
DTSR14,hrnet32,blue_channel_shift,45,137,0.15992070903489627,0.15992070903489627,0.025574633178223956
DTSR14,hrnet32,blue_channel_shift,45,138,0.1733925440635039,0.1733925440635039,0.030064974336814144
DTSR14,hrnet32,blue_channel_shift,45,139,0.16442321550198755,0.16442321550198755,0.027034993796013037
DTSR14,hrnet32,blue_channel_shift,45,140,0.15600089755736118,0.15600089755736118,0.0243362800387023
DTSR14,hrnet32,blue_channel_shift,45,141,0.14469302305810003,0.14469302305810003,0.020936070921691866
DTSR14,hrnet32,blue_channel_shift,45,142,0.0903855882715727,0.0903855882715727,0.00816955456719826
DTSR14,hrnet32,blue_channel_shift,45,143,0.0395289386958422,0.0395289386958422,0.001562536994419651
DTSR14,hrnet32,blue_channel_shift,45,144,0.38339909797726796,0.38339909797726796,0.1469948683297827
DTSR14,hrnet32,blue_channel_shift,45,145,0.016648172690026327,0.016648172690026327,0.00027716165391693845
DTSR14,hrnet32,blue_channel_shift,45,146,0.15994377649839914,0.15994377649839914,0.025582011640569856
DTSR14,hrnet32,blue_channel_shift,45,147,0.09639500770088477,0.09639500770088477,0.009291997509653635
DTSR14,hrnet32,blue_channel_shift,45,148,0.15182442310785632,0.15182442310785632,0.023050655452033376
DTSR14,hrnet32,blue_channel_shift,45,149,0.007108303376994079,0.007108303376994079,5.052797689938543e-05
DTSR14,hrnet32,blue_channel_shift,45,150,0.10795924208428379,0.10795924208428379,0.011655197951412991
DTSR14,hrnet32,blue_channel_shift,45,151,0.0846931552647169,0.0846931552647169,0.007172930548693443
DTSR14,hrnet32,blue_channel_shift,45,152,0.09693365811128743,0.09693365811128743,0.009396134074835959
DTSR14,hrnet32,blue_channel_shift,45,153,0.29439649175464316,0.29439649175464316,0.08666929435744168
DTSR14,hrnet32,blue_channel_shift,45,154,0.10964828659962689,0.10964828659962689,0.012022746754233917
DTSR14,hrnet32,blue_channel_shift,45,155,0.0306487404160154,0.0306487404160154,0.0009393452890882958
DTSR14,hrnet32,blue_channel_shift,45,156,0.15901806517052522,0.15901806517052522,0.025286745050577406
DTSR14,hrnet32,blue_channel_shift,45,157,0.1792029254265867,0.1792029254265867,0.032113688481446793
DTSR14,hrnet32,blue_channel_shift,45,158,0.01805556873862027,0.01805556873862027,0.0003260035624750416
DTSR14,hrnet32,blue_channel_shift,45,159,0.05097822999179863,0.05097822999179863,0.0025987799330967174
DTSR14,hrnet32,blue_channel_shift,45,160,0.19725719044105705,0.19725719044105705,0.03891039918069945
DTSR14,hrnet32,blue_channel_shift,45,161,0.1350954394565867,0.1350954394565867,0.018250777761968283
DTSR14,hrnet32,blue_channel_shift,45,162,0.12937710998035867,0.12937710998035867,0.016738436586869822
DTSR14,hrnet32,blue_channel_shift,45,163,0.034596119760072694,0.034596119760072694,0.0011968915024532924
DTSR14,hrnet32,blue_channel_shift,45,164,0.18463555987385963,0.18463555987385963,0.0340902899699336
DTSR14,hrnet32,blue_channel_shift,45,165,0.021905422322650747,0.021905422322650747,0.00047984752713368565
DTSR14,hrnet32,blue_channel_shift,45,166,0.034120172176952936,0.034120172176952936,0.0011641861493849133
DTSR14,hrnet32,blue_channel_shift,45,167,0.06932517925258325,0.06932517925258325,0.004805980478402799
DTSR14,hrnet32,blue_channel_shift,45,168,0.04559250421802623,0.04559250421802623,0.0020786764408707394
DTSR14,hrnet32,blue_channel_shift,45,169,0.07797148593559046,0.07797148593559046,0.006079552619003981
DTSR14,hrnet32,blue_channel_shift,45,170,0.19007916843217898,0.19007916843217898,0.03613009027186866
DTSR14,hrnet32,blue_channel_shift,45,171,0.2902175154757853,0.2902175154757853,0.08422620628893766
DTSR14,hrnet32,blue_channel_shift,45,172,0.07659192957127725,0.07659192957127725,0.005866323675451495
DTSR14,hrnet32,blue_channel_shift,45,173,0.06979194756769506,0.06979194756769506,0.004870915945291897
DTSR14,hrnet32,blue_channel_shift,45,174,0.14443097659112647,0.14443097659112647,0.020860306999066523
DTSR14,hrnet32,blue_channel_shift,45,175,0.02139435439818587,0.02139435439818587,0.0004577184001151751
DTSR14,hrnet32,blue_channel_shift,45,176,0.026144282641635177,0.026144282641635177,0.0006835235148457064
DTSR14,hrnet32,blue_channel_shift,45,177,0.04563623605517565,0.04563623605517565,0.0020826660412837142
DTSR14,hrnet32,blue_channel_shift,45,178,0.03344952156046978,0.03344952156046978,0.0011188704926243325
DTSR14,hrnet32,blue_channel_shift,45,179,0.13377375405142405,0.13377375405142405,0.017895417273010892
DTSR14,hrnet32,blue_channel_shift,45,180,0.2813074453130026,0.2813074453130026,0.07913387878852796
DTSR14,hrnet32,blue_channel_shift,45,181,0.3483800748337941,0.3483800748337941,0.12136867654119995
DTSR14,hrnet32,blue_channel_shift,45,182,0.3099359050777692,0.3099359050777692,0.09606026525637595
DTSR14,hrnet32,blue_channel_shift,45,183,0.393872545650102,0.393872545650102,0.15513558221689167
DTSR14,hrnet32,blue_channel_shift,45,184,0.10924001666017338,0.10924001666017338,0.011933381239914958
DTSR14,hrnet32,blue_channel_shift,45,185,0.02409543898534399,0.02409543898534399,0.0005805901798964351
DTSR14,hrnet32,blue_channel_shift,45,186,0.052945933713158325,0.052945933713158325,0.002803271896758155
DTSR14,hrnet32,blue_channel_shift,45,187,0.14829056923406791,0.14829056923406791,0.02199009292376389
DTSR14,hrnet32,blue_channel_shift,45,188,0.1064463591187613,0.1064463591187613,0.011330827369640296
DTSR14,hrnet32,blue_channel_shift,45,189,0.35367938434213286,0.35367938434213286,0.12508910690863015
DTSR14,hrnet32,blue_channel_shift,45,190,0.2476289110413388,0.2476289110413388,0.06132007758351928
DTSR14,hrnet32,blue_channel_shift,45,191,0.11238045071585767,0.11238045071585767,0.012629365703099315
DTSR14,hrnet32,blue_channel_shift,45,192,0.12371981412585806,0.12371981412585806,0.015306592407336866
DTSR14,hrnet32,blue_channel_shift,45,193,0.06309686689950814,0.06309686689950814,0.003981214612534246
DTSR14,hrnet32,blue_channel_shift,45,194,0.10728136082829239,0.10728136082829239,0.011509290381170267
DTSR14,hrnet32,blue_channel_shift,45,195,0.08180323662782532,0.08180323662782532,0.006691769522787982
DTSR14,hrnet32,blue_channel_shift,45,196,0.21687210057834289,0.21687210057834289,0.04703350800926287
DTSR14,hrnet32,blue_channel_shift,45,197,0.23394519511174644,0.23394519511174644,0.05473035431587311
DTSR14,hrnet32,blue_channel_shift,45,198,0.12126821233381702,0.12126821233381702,0.01470597932263973
DTSR14,hrnet32,blue_channel_shift,45,199,0.11228722943295068,0.11228722943295068,0.012608421893728105
DTSR14,hrnet32,gaussian_noise,0.1,0,0.1135613869323644,0.1135613869323644,0.012896188602002182
DTSR14,hrnet32,gaussian_noise,0.1,1,0.12291722829367678,0.12291722829367678,0.015108645011399855
DTSR14,hrnet32,gaussian_noise,0.1,2,0.06983035052800574,0.06983035052800574,0.004876277854864151
DTSR14,hrnet32,gaussian_noise,0.1,3,0.19765129120833783,0.19765129120833783,0.039066032916323164
DTSR14,hrnet32,gaussian_noise,0.1,4,0.30525295877442093,0.30525295877442093,0.09317936884053833
DTSR14,hrnet32,gaussian_noise,0.1,5,0.09574007496173918,0.09574007496173918,0.009166161953679438
DTSR14,hrnet32,gaussian_noise,0.1,6,0.2825052583044898,0.2825052583044898,0.07980922096968651
DTSR14,hrnet32,gaussian_noise,0.1,7,0.2882193702191407,0.2882193702191407,0.08307040536951808
DTSR14,hrnet32,gaussian_noise,0.1,8,0.1148089609252913,0.1148089609252913,0.013181097508745066
DTSR14,hrnet32,gaussian_noise,0.1,9,0.32681941905765105,0.32681941905765105,0.10681093267318052
DTSR14,hrnet32,gaussian_noise,0.1,10,0.2854417544258715,0.2854417544258715,0.08147699516971953
DTSR14,hrnet32,gaussian_noise,0.1,11,0.04246790697253636,0.04246790697253636,0.0018035231226280022
DTSR14,hrnet32,gaussian_noise,0.1,12,0.27742126684058005,0.27742126684058005,0.07696255929543232
DTSR14,hrnet32,gaussian_noise,0.1,13,0.1972361375207314,0.1972361375207314,0.03890209394409687
DTSR14,hrnet32,gaussian_noise,0.1,14,0.3641399174729559,0.3641399174729559,0.1325978794972111
DTSR14,hrnet32,gaussian_noise,0.1,15,0.10270338010726299,0.10270338010726299,0.010547984285456943
DTSR14,hrnet32,gaussian_noise,0.1,16,0.028065711297681782,0.028065711297681782,0.0007876841506448229
DTSR14,hrnet32,gaussian_noise,0.1,17,0.015694315288326842,0.015694315288326842,0.00024631153236940966
DTSR14,hrnet32,gaussian_noise,0.1,18,0.3598851003704436,0.3598851003704436,0.12951728546864424
DTSR14,hrnet32,gaussian_noise,0.1,19,0.014929973968493536,0.014929973968493536,0.00022290412269989463
DTSR14,hrnet32,gaussian_noise,0.1,20,0.4139537572022047,0.4139537572022047,0.17135771310182182
DTSR14,hrnet32,gaussian_noise,0.1,21,0.2124581734957612,0.2124581734957612,0.04513847548515497
DTSR14,hrnet32,gaussian_noise,0.1,22,0.25034788331432317,0.25034788331432317,0.06267406267996196
DTSR14,hrnet32,gaussian_noise,0.1,23,0.3372551256353837,0.3372551256353837,0.11374101976733843
DTSR14,hrnet32,gaussian_noise,0.1,24,0.06930861724323137,0.06930861724323137,0.004803684424168749
DTSR14,hrnet32,gaussian_noise,0.1,25,0.20187041636360284,0.20187041636360284,0.040751665002814366
DTSR14,hrnet32,gaussian_noise,0.1,26,0.16227715519123806,0.16227715519123806,0.02633387509696116
DTSR14,hrnet32,gaussian_noise,0.1,27,0.2936159780896103,0.2936159780896103,0.08621034258951853
DTSR14,hrnet32,gaussian_noise,0.1,28,0.08911840798104867,0.08911840798104867,0.007942090641076639
DTSR14,hrnet32,gaussian_noise,0.1,29,0.18049204273110583,0.18049204273110583,0.032577377489247335
DTSR14,hrnet32,gaussian_noise,0.1,30,0.05397767350270494,0.05397767350270494,0.0029135892367646147
DTSR14,hrnet32,gaussian_noise,0.1,31,0.10018693449322015,0.10018693449322015,0.010037421843148786
DTSR14,hrnet32,gaussian_noise,0.1,32,0.10221460212896834,0.10221460212896834,0.010447824888383299
DTSR14,hrnet32,gaussian_noise,0.1,33,0.11464258542863465,0.11464258542863465,0.013142922393761794
DTSR14,hrnet32,gaussian_noise,0.1,34,0.30108666638241494,0.30108666638241494,0.09065318067327563
DTSR14,hrnet32,gaussian_noise,0.1,35,0.12763857888528765,0.12763857888528765,0.016291606819855798
DTSR14,hrnet32,gaussian_noise,0.1,36,0.5237902581845683,0.5237902581845683,0.27435623456905667
DTSR14,hrnet32,gaussian_noise,0.1,37,0.23175336891616116,0.23175336891616116,0.05370962400399029
DTSR14,hrnet32,gaussian_noise,0.1,38,0.4407248362013245,0.4407248362013245,0.19423838124468432
DTSR14,hrnet32,gaussian_noise,0.1,39,0.42181636181777743,0.42181636181777743,0.17792904309718613
DTSR14,hrnet32,gaussian_noise,0.1,40,0.3196143378271911,0.3196143378271911,0.10215332494471385
DTSR14,hrnet32,gaussian_noise,0.1,41,0.20342295609780406,0.20342295609780406,0.041380899067569116
DTSR14,hrnet32,gaussian_noise,0.1,42,0.1704807002362576,0.1704807002362576,0.029063669153044727
DTSR14,hrnet32,gaussian_noise,0.1,43,0.13584554945866184,0.13584554945866184,0.01845401330772574
DTSR14,hrnet32,gaussian_noise,0.1,44,0.14702410519022927,0.14702410519022927,0.0216160875069876
DTSR14,hrnet32,gaussian_noise,0.1,45,0.18999397655186093,0.18999397655186093,0.03609771112598908
DTSR14,hrnet32,gaussian_noise,0.1,46,0.2325393520883796,0.2325393520883796,0.054074550269683365
DTSR14,hrnet32,gaussian_noise,0.1,47,0.13826604720157037,0.13826604720157037,0.01911749980874689
DTSR14,hrnet32,gaussian_noise,0.1,48,0.0416345508707905,0.0416345508707905,0.0017334358262124422
DTSR14,hrnet32,gaussian_noise,0.1,49,0.1454959516559361,0.1454959516559361,0.021169071948266494
DTSR14,hrnet32,gaussian_noise,0.1,50,0.16934402391041367,0.16934402391041367,0.028677398434170758
DTSR14,hrnet32,gaussian_noise,0.1,51,0.3309196680647932,0.3309196680647932,0.10950782671211293
DTSR14,hrnet32,gaussian_noise,0.1,52,0.3303197584881655,0.3303197584881655,0.10911114284768
DTSR14,hrnet32,gaussian_noise,0.1,53,0.4249149118259215,0.4249149118259215,0.18055268229203064
DTSR14,hrnet32,gaussian_noise,0.1,54,0.21166815691422633,0.21166815691422633,0.04480340865146554
DTSR14,hrnet32,gaussian_noise,0.1,55,0.3144105637689718,0.3144105637689718,0.09885400260952269
DTSR14,hrnet32,gaussian_noise,0.1,56,0.2163545255165735,0.2163545255165735,0.04680928071150165
DTSR14,hrnet32,gaussian_noise,0.1,57,0.3567545227071949,0.3567545227071949,0.12727378947203843
DTSR14,hrnet32,gaussian_noise,0.1,58,0.03401699054571487,0.03401699054571487,0.001157155645787255
DTSR14,hrnet32,gaussian_noise,0.1,59,0.18275231312955842,0.18275231312955842,0.03339840795420417
DTSR14,hrnet32,gaussian_noise,0.1,60,0.3519587571120942,0.3519587571120942,0.12387496670789011
DTSR14,hrnet32,gaussian_noise,0.1,61,0.13136654640633677,0.13136654640633677,0.01725716951472823
DTSR14,hrnet32,gaussian_noise,0.1,62,0.2138108454131693,0.2138108454131693,0.04571507761629418
DTSR14,hrnet32,gaussian_noise,0.1,63,0.06988390178931467,0.06988390178931467,0.004883759729298578
DTSR14,hrnet32,gaussian_noise,0.1,64,0.09090378149067037,0.09090378149067037,0.008263497489303545
DTSR14,hrnet32,gaussian_noise,0.1,65,0.0625458091518759,0.0625458091518759,0.003911978242462882
DTSR14,hrnet32,gaussian_noise,0.1,66,0.036835869448243325,0.036835869448243325,0.001356881278008026
DTSR14,hrnet32,gaussian_noise,0.1,67,0.08689821666539035,0.08689821666539035,0.0075513000596251255
DTSR14,hrnet32,gaussian_noise,0.1,68,0.15292453042547147,0.15292453042547147,0.02338591200585095
DTSR14,hrnet32,gaussian_noise,0.1,69,0.3586195277834553,0.3586195277834553,0.12860796570762847
DTSR14,hrnet32,gaussian_noise,0.1,70,0.30355610199858124,0.30355610199858124,0.09214630706057306
DTSR14,hrnet32,gaussian_noise,0.1,71,0.19611622642607132,0.19611622642607132,0.03846157426760208
DTSR14,hrnet32,gaussian_noise,0.1,72,0.2530357989988352,0.2530357989988352,0.06402711557497894
DTSR14,hrnet32,gaussian_noise,0.1,73,0.3649379820801503,0.3649379820801503,0.1331797307647321
DTSR14,hrnet32,gaussian_noise,0.1,74,0.11177416165681427,0.11177416165681427,0.012493463214083648
DTSR14,hrnet32,gaussian_noise,0.1,75,0.20565184390481536,0.20565184390481536,0.042292680901450545
DTSR14,hrnet32,gaussian_noise,0.1,76,0.11611178651458767,0.11611178651458767,0.013481946967609184
DTSR14,hrnet32,gaussian_noise,0.1,77,0.048832204458801515,0.048832204458801515,0.0023845841923061943
DTSR14,hrnet32,gaussian_noise,0.1,78,0.12943612490896206,0.12943612490896206,0.016753710431448427
DTSR14,hrnet32,gaussian_noise,0.1,79,0.14648591299834773,0.14648591299834773,0.0214581227069595
DTSR14,hrnet32,gaussian_noise,0.1,80,0.03014371153745244,0.03014371153745244,0.0009086433452531433
DTSR14,hrnet32,gaussian_noise,0.1,81,0.09326181285480127,0.09326181285480127,0.008697765736963976
DTSR14,hrnet32,gaussian_noise,0.1,82,0.17484469207640993,0.17484469207640993,0.030570666347294606
DTSR14,hrnet32,gaussian_noise,0.1,83,0.1527205936968519,0.1527205936968519,0.02332357973911892
DTSR14,hrnet32,gaussian_noise,0.1,84,0.2439939307279526,0.2439939307279526,0.05953303823207694
DTSR14,hrnet32,gaussian_noise,0.1,85,0.23486004358417142,0.23486004358417142,0.0551592400723589
DTSR14,hrnet32,gaussian_noise,0.1,86,0.05916781928268373,0.05916781928268373,0.0035008308386683205
DTSR14,hrnet32,gaussian_noise,0.1,87,0.3257367981823961,0.3257367981823961,0.10610446169011904
DTSR14,hrnet32,gaussian_noise,0.1,88,0.1410869995931335,0.1410869995931335,0.019905541454192852
DTSR14,hrnet32,gaussian_noise,0.1,89,0.2844054803329921,0.2844054803329921,0.08088647724343997
DTSR14,hrnet32,gaussian_noise,0.1,90,0.045646563024861524,0.045646563024861524,0.0020836087159826554
DTSR14,hrnet32,gaussian_noise,0.1,91,0.13984773495759037,0.13984773495759037,0.019557388972768444
DTSR14,hrnet32,gaussian_noise,0.1,92,0.16340338624646597,0.16340338624646597,0.026700666636811744
DTSR14,hrnet32,gaussian_noise,0.1,93,0.09073267414553941,0.09073267414553941,0.008232418157600636
DTSR14,hrnet32,gaussian_noise,0.1,94,0.0859148066626126,0.0859148066626126,0.007381354003874102
DTSR14,hrnet32,gaussian_noise,0.1,95,0.14574010418029817,0.14574010418029817,0.021240177966484166
DTSR14,hrnet32,gaussian_noise,0.1,96,0.1647760072165194,0.1647760072165194,0.02715113255421845
DTSR14,hrnet32,gaussian_noise,0.1,97,0.19156043520385377,0.19156043520385377,0.03669540033548986
DTSR14,hrnet32,gaussian_noise,0.1,98,0.22348415431454752,0.22348415431454752,0.04994516722968849
DTSR14,hrnet32,gaussian_noise,0.1,99,0.14908333813494115,0.14908333813494115,0.022225841709457198
DTSR14,hrnet32,gaussian_noise,0.1,100,0.1314482028965388,0.1314482028965388,0.017278630044729633
DTSR14,hrnet32,gaussian_noise,0.1,101,0.07233006747143181,0.07233006747143181,0.005231638660421878
DTSR14,hrnet32,gaussian_noise,0.1,102,0.131122073676714,0.131122073676714,0.017192998205281612
DTSR14,hrnet32,gaussian_noise,0.1,103,0.09055556076754133,0.09055556076754133,0.00820030958592387
DTSR14,hrnet32,gaussian_noise,0.1,104,0.11292946676161972,0.11292946676161972,0.012753064463063773
DTSR14,hrnet32,gaussian_noise,0.1,105,0.1823807730309535,0.1823807730309535,0.03326274637136818
DTSR14,hrnet32,gaussian_noise,0.1,106,0.0651110220550979,0.0651110220550979,0.004239445193059446
DTSR14,hrnet32,gaussian_noise,0.1,107,0.11870958998104819,0.11870958998104819,0.014091966753468577
DTSR14,hrnet32,gaussian_noise,0.1,108,0.1250664402953261,0.1250664402953261,0.015641614488144367
DTSR14,hrnet32,gaussian_noise,0.1,109,0.1590288126336891,0.1590288126336891,0.02529016324768099
DTSR14,hrnet32,gaussian_noise,0.1,110,0.25506385689292205,0.25506385689292205,0.06505757109309301
DTSR14,hrnet32,gaussian_noise,0.1,111,0.09800101298656154,0.09800101298656154,0.009604198546392204
DTSR14,hrnet32,gaussian_noise,0.1,112,0.37314201361094534,0.37314201361094534,0.13923496232163093
DTSR14,hrnet32,gaussian_noise,0.1,113,0.12610304775101128,0.12610304775101128,0.01590197865209383
DTSR14,hrnet32,gaussian_noise,0.1,114,0.08299992092329354,0.08299992092329354,0.006888986873272981
DTSR14,hrnet32,gaussian_noise,0.1,115,0.35831434199912815,0.35831434199912815,0.12838916768226818
DTSR14,hrnet32,gaussian_noise,0.1,116,0.543057638516898,0.543057638516898,0.2949115987515499
DTSR14,hrnet32,gaussian_noise,0.1,117,0.1536350306624919,0.1536350306624919,0.023603722646664826
DTSR14,hrnet32,gaussian_noise,0.1,118,0.503256408173427,0.503256408173427,0.25326701236761895
DTSR14,hrnet32,gaussian_noise,0.1,119,0.1779830322929085,0.1779830322929085,0.031677959784178505
DTSR14,hrnet32,gaussian_noise,0.1,120,0.26677445191147015,0.26677445191147015,0.0711686081926653
DTSR14,hrnet32,gaussian_noise,0.1,121,0.3089902506995762,0.3089902506995762,0.09547497502738694
DTSR14,hrnet32,gaussian_noise,0.1,122,0.17010189324691938,0.17010189324691938,0.028934654086186357
DTSR14,hrnet32,gaussian_noise,0.1,123,0.11161400867241848,0.11161400867241848,0.012457686931926708
DTSR14,hrnet32,gaussian_noise,0.1,124,0.4491105818112365,0.4491105818112365,0.20170031469482733
DTSR14,hrnet32,gaussian_noise,0.1,125,0.38242054923599944,0.38242054923599944,0.14624547647796346
DTSR14,hrnet32,gaussian_noise,0.1,126,0.20975951355714323,0.20975951355714323,0.043999053527729357
DTSR14,hrnet32,gaussian_noise,0.1,127,0.3464431932487174,0.3464431932487174,0.12002288614836816
DTSR14,hrnet32,gaussian_noise,0.1,128,0.2856448213765482,0.2856448213765482,0.08159296397924011
DTSR14,hrnet32,gaussian_noise,0.1,129,0.1932320566446095,0.1932320566446095,0.03733862771510557
DTSR14,hrnet32,gaussian_noise,0.1,130,0.17742860270089378,0.17742860270089378,0.03148090905639161
DTSR14,hrnet32,gaussian_noise,0.1,131,0.4495341428018701,0.4495341428018701,0.20208094554461214
DTSR14,hrnet32,gaussian_noise,0.1,132,0.3297409983114059,0.3297409983114059,0.1087291259674026
DTSR14,hrnet32,gaussian_noise,0.1,133,0.1833101492063935,0.1833101492063935,0.03360261080207024
DTSR14,hrnet32,gaussian_noise,0.1,134,0.3492329663548776,0.3492329663548776,0.12196366478902708
DTSR14,hrnet32,gaussian_noise,0.1,135,0.04401140444358349,0.04401140444358349,0.001937003721096681
DTSR14,hrnet32,gaussian_noise,0.1,136,0.17313842810447203,0.17313842810447203,0.029976915286487427
DTSR14,hrnet32,gaussian_noise,0.1,137,0.21835711645515277,0.21835711645515277,0.04767983030660915
DTSR14,hrnet32,gaussian_noise,0.1,138,0.4508880068000357,0.4508880068000357,0.20329999467610904
DTSR14,hrnet32,gaussian_noise,0.1,139,0.2414999507817994,0.2414999507817994,0.05832222622761153
DTSR14,hrnet32,gaussian_noise,0.1,140,0.2635013552101197,0.2635013552101197,0.06943296419756967
DTSR14,hrnet32,gaussian_noise,0.1,141,0.3449445092361212,0.3449445092361212,0.11898671445214849
DTSR14,hrnet32,gaussian_noise,0.1,142,0.1862937718904633,0.1862937718904633,0.03470536944517598
DTSR14,hrnet32,gaussian_noise,0.1,143,0.14799180085061683,0.14799180085061683,0.021901573119008633
DTSR14,hrnet32,gaussian_noise,0.1,144,0.12123238617370141,0.12123238617370141,0.01469729145736947
DTSR14,hrnet32,gaussian_noise,0.1,145,0.04511647209703292,0.04511647209703292,0.00203549605448235
DTSR14,hrnet32,gaussian_noise,0.1,146,0.11895992697649634,0.11895992697649634,0.014151464226253341
DTSR14,hrnet32,gaussian_noise,0.1,147,0.15431981475097592,0.15431981475097592,0.023814605224775524
DTSR14,hrnet32,gaussian_noise,0.1,148,0.1352702893015955,0.1352702893015955,0.018298051167737337
DTSR14,hrnet32,gaussian_noise,0.1,149,0.08980723925421447,0.08980723925421447,0.00806534022246372
DTSR14,hrnet32,gaussian_noise,0.1,150,0.4328843555118708,0.4328843555118708,0.18738886524692777
DTSR14,hrnet32,gaussian_noise,0.1,151,0.13960817256355348,0.13960817256355348,0.019490441846534926
DTSR14,hrnet32,gaussian_noise,0.1,152,0.19461570093794955,0.19461570093794955,0.03787527105156942
DTSR14,hrnet32,gaussian_noise,0.1,153,0.2588041106879274,0.2588041106879274,0.06697956770896898
DTSR14,hrnet32,gaussian_noise,0.1,154,0.2886406880298177,0.2886406880298177,0.08331344678632653
DTSR14,hrnet32,gaussian_noise,0.1,155,0.31792496471530934,0.31792496471530934,0.10107628318923069
DTSR14,hrnet32,gaussian_noise,0.1,156,0.08261100973507546,0.08261100973507546,0.006824578929448732
DTSR14,hrnet32,gaussian_noise,0.1,157,0.18152075906209345,0.18152075906209345,0.03294978597047858
DTSR14,hrnet32,gaussian_noise,0.1,158,0.33056544653754527,0.33056544653754527,0.1092735144445667
DTSR14,hrnet32,gaussian_noise,0.1,159,0.06530531985110205,0.06530531985110205,0.004264784800854743
DTSR14,hrnet32,gaussian_noise,0.1,160,0.11699893584366479,0.11699893584366479,0.01368875098854999
DTSR14,hrnet32,gaussian_noise,0.1,161,0.26210830131545465,0.26210830131545465,0.06870076161847316
DTSR14,hrnet32,gaussian_noise,0.1,162,0.1901472937779017,0.1901472937779017,0.036155993331059656
DTSR14,hrnet32,gaussian_noise,0.1,163,0.2459906010732819,0.2459906010732819,0.06051137581639452
DTSR14,hrnet32,gaussian_noise,0.1,164,0.3587733390211371,0.3587733390211371,0.12871830879237578
DTSR14,hrnet32,gaussian_noise,0.1,165,0.1421150708377887,0.1421150708377887,0.020196693359229703
DTSR14,hrnet32,gaussian_noise,0.1,166,0.04763170933111554,0.04763170933111554,0.002268779733803879
DTSR14,hrnet32,gaussian_noise,0.1,167,0.35507572066798043,0.35507572066798043,0.12607876740788568
DTSR14,hrnet32,gaussian_noise,0.1,168,0.06146685540079395,0.06146685540079395,0.003778174312862112
DTSR14,hrnet32,gaussian_noise,0.1,169,0.03403924067473015,0.03403924067473015,0.0011586699057122036
DTSR14,hrnet32,gaussian_noise,0.1,170,0.24185420558208023,0.24185420558208023,0.05849345675773913
DTSR14,hrnet32,gaussian_noise,0.1,171,0.2445909590015978,0.2445909590015978,0.0598247372253213
DTSR14,hrnet32,gaussian_noise,0.1,172,0.09942770818527245,0.09942770818527245,0.009885869154975696
DTSR14,hrnet32,gaussian_noise,0.1,173,0.11397168967260006,0.11397168967260006,0.012989546046827451
DTSR14,hrnet32,gaussian_noise,0.1,174,0.1516955588019653,0.1516955588019653,0.023011542560240513
DTSR14,hrnet32,gaussian_noise,0.1,175,0.24139302192129528,0.24139302192129528,0.05827059103229494
DTSR14,hrnet32,gaussian_noise,0.1,176,0.0671647596082585,0.0671647596082585,0.004511104933235153
DTSR14,hrnet32,gaussian_noise,0.1,177,0.2049678356075275,0.2049678356075275,0.04201181363363441
DTSR14,hrnet32,gaussian_noise,0.1,178,0.03302410868860968,0.03302410868860968,0.0010905917546771052
DTSR14,hrnet32,gaussian_noise,0.1,179,0.054366898506939154,0.054366898506939154,0.002955759653263823
DTSR14,hrnet32,gaussian_noise,0.1,180,0.4256139412107791,0.4256139412107791,0.18114722695297253
DTSR14,hrnet32,gaussian_noise,0.1,181,0.21303519293133757,0.21303519293133757,0.04538399342729222
DTSR14,hrnet32,gaussian_noise,0.1,182,0.09725709438615135,0.09725709438615135,0.009458942408436753
DTSR14,hrnet32,gaussian_noise,0.1,183,0.27563871567988396,0.27563871567988396,0.07597670158165591
DTSR14,hrnet32,gaussian_noise,0.1,184,0.12083569242572212,0.12083569242572212,0.014601264564003718
DTSR14,hrnet32,gaussian_noise,0.1,185,0.16007478890978682,0.16007478890978682,0.025623938044512812
DTSR14,hrnet32,gaussian_noise,0.1,186,0.3359846368200695,0.3359846368200695,0.112885676179114
DTSR14,hrnet32,gaussian_noise,0.1,187,0.2915740466648937,0.2915740466648937,0.08501542468854162
DTSR14,hrnet32,gaussian_noise,0.1,188,0.15097607906510013,0.15097607906510013,0.022793776449871368
DTSR14,hrnet32,gaussian_noise,0.1,189,0.515342953524922,0.515342953524922,0.2655783597477899
DTSR14,hrnet32,gaussian_noise,0.1,190,0.10837726469703116,0.10837726469703116,0.011745631503210356
DTSR14,hrnet32,gaussian_noise,0.1,191,0.1312391627581918,0.1312391627581918,0.01722371784147116
DTSR14,hrnet32,gaussian_noise,0.1,192,0.0769917179885848,0.0769917179885848,0.005927724638833772
DTSR14,hrnet32,gaussian_noise,0.1,193,0.13812443243281944,0.13812443243281944,0.019078358834888502
DTSR14,hrnet32,gaussian_noise,0.1,194,0.17007745299952418,0.17007745299952418,0.028926340018805355
DTSR14,hrnet32,gaussian_noise,0.1,195,0.20610774555213732,0.20610774555213732,0.04248040277658458
DTSR14,hrnet32,gaussian_noise,0.1,196,0.3167248690959457,0.3167248690959457,0.10031464270384395
DTSR14,hrnet32,gaussian_noise,0.1,197,0.4741871963191428,0.4741871963191428,0.22485349715300929
DTSR14,hrnet32,gaussian_noise,0.1,198,0.1302259283026059,0.1302259283026059,0.016958792402275453
DTSR14,hrnet32,gaussian_noise,0.1,199,0.3241039393171174,0.3241039393171174,0.10504336348087372
DTSR14,hrnet32,shot_noise,15,0,0.33456692415005845,0.33456692415005845,0.11193502673523097
DTSR14,hrnet32,shot_noise,15,1,0.495824897078812,0.495824897078812,0.2458423285632145
DTSR14,hrnet32,shot_noise,15,2,0.6343953573846735,0.6343953573846735,0.40245746947122757
DTSR14,hrnet32,shot_noise,15,3,0.14197543937960033,0.14197543937960033,0.02015702538703057
DTSR14,hrnet32,shot_noise,15,4,0.2623980567469072,0.2623980567469072,0.06885274018455313
DTSR14,hrnet32,shot_noise,15,5,0.09688679256820007,0.09688679256820007,0.009387050574153429
DTSR14,hrnet32,shot_noise,15,6,0.5870000251125871,0.5870000251125871,0.3445690294821779
DTSR14,hrnet32,shot_noise,15,7,0.2054394544592139,0.2054394544592139,0.042205369448499425
DTSR14,hrnet32,shot_noise,15,8,0.3718413189554785,0.3718413189554785,0.1382659664825499
DTSR14,hrnet32,shot_noise,15,9,0.3935102122566603,0.3935102122566603,0.15485028715028182
DTSR14,hrnet32,shot_noise,15,10,0.18551483874406655,0.18551483874406655,0.03441575539423702
DTSR14,hrnet32,shot_noise,15,11,0.2917328446960316,0.2917328446960316,0.0851080526744389
DTSR14,hrnet32,shot_noise,15,12,0.4471530719294016,0.4471530719294016,0.19994586973590062
DTSR14,hrnet32,shot_noise,15,13,0.22977459610907644,0.22977459610907644,0.0527963650170892
DTSR14,hrnet32,shot_noise,15,14,0.10197691691781391,0.10197691691781391,0.01039929158406272
DTSR14,hrnet32,shot_noise,15,15,0.34585349696798057,0.34585349696798057,0.11961464136498094
DTSR14,hrnet32,shot_noise,15,16,0.3556590435270171,0.3556590435270171,0.12649335524255265
DTSR14,hrnet32,shot_noise,15,17,0.19402713052814924,0.19402713052814924,0.03764652738098746
DTSR14,hrnet32,shot_noise,15,18,0.12806080051138316,0.12806080051138316,0.016399568627616275
DTSR14,hrnet32,shot_noise,15,19,0.17170150284423577,0.17170150284423577,0.029481406078969104
DTSR14,hrnet32,shot_noise,15,20,0.3852755747610037,0.3852755747610037,0.14843726850742175
DTSR14,hrnet32,shot_noise,15,21,0.07027234533927872,0.07027234533927872,0.004938202519482847
DTSR14,hrnet32,shot_noise,15,22,0.23207538511072368,0.23207538511072368,0.0538589843742907
DTSR14,hrnet32,shot_noise,15,23,0.08629152315009958,0.08629152315009958,0.007446226967564172
DTSR14,hrnet32,shot_noise,15,24,0.07053487574308115,0.07053487574308115,0.004975168696091897
DTSR14,hrnet32,shot_noise,15,25,0.32065065429030726,0.32065065429030726,0.10281684209680214
DTSR14,hrnet32,shot_noise,15,26,0.028186486711601157,0.028186486711601157,0.0007944780331432686
DTSR14,hrnet32,shot_noise,15,27,0.27221912450212216,0.27221912450212216,0.07410325174470188
DTSR14,hrnet32,shot_noise,15,28,0.18055220814900586,0.18055220814900586,0.03259909986748193
DTSR14,hrnet32,shot_noise,15,29,0.37822361290309103,0.37822361290309103,0.14305310135746724
DTSR14,hrnet32,shot_noise,15,30,0.09387034216432745,0.09387034216432745,0.008811641138047912
DTSR14,hrnet32,shot_noise,15,31,0.11937932264763793,0.11937932264763793,0.014251422675808837
DTSR14,hrnet32,shot_noise,15,32,0.09218959678205296,0.09218959678205296,0.00849892175483751
DTSR14,hrnet32,shot_noise,15,33,0.17384782805682145,0.17384782805682145,0.030223067320074154
DTSR14,hrnet32,shot_noise,15,34,0.3084599578214611,0.3084599578214611,0.09514754557921755
DTSR14,hrnet32,shot_noise,15,35,0.048661954656848666,0.048661954656848666,0.0023679858310251957
DTSR14,hrnet32,shot_noise,15,36,0.16324245896748601,0.16324245896748601,0.026648100409751355
DTSR14,hrnet32,shot_noise,15,37,0.2514490042522481,0.2514490042522481,0.06322660173944708
DTSR14,hrnet32,shot_noise,15,38,0.4118884449186691,0.4118884449186691,0.16965209105751952
DTSR14,hrnet32,shot_noise,15,39,0.20202527515197546,0.20202527515197546,0.0408142118002314
DTSR14,hrnet32,shot_noise,15,40,0.4283596255387509,0.4283596255387509,0.18349196879169888
DTSR14,hrnet32,shot_noise,15,41,0.11612485090959083,0.11612485090959083,0.013484980998774699
DTSR14,hrnet32,shot_noise,15,42,0.350729066184696,0.350729066184696,0.12301087786678888
DTSR14,hrnet32,shot_noise,15,43,0.2938767973127399,0.2938767973127399,0.08636357199879321
DTSR14,hrnet32,shot_noise,15,44,0.13523527827670812,0.13523527827670812,0.01828858049057868
DTSR14,hrnet32,shot_noise,15,45,0.28869981206668216,0.28869981206668216,0.0833475814873376
DTSR14,hrnet32,shot_noise,15,46,0.2357623729024466,0.2357623729024466,0.05558389647659228
DTSR14,hrnet32,shot_noise,15,47,0.27708626153828775,0.27708626153828775,0.0767767963332644
DTSR14,hrnet32,shot_noise,15,48,0.3458349809924679,0.3458349809924679,0.11960183407806063
DTSR14,hrnet32,shot_noise,15,49,0.38255019951953406,0.38255019951953406,0.14634465515243533
DTSR14,hrnet32,shot_noise,15,50,0.4622336083728551,0.4622336083728551,0.21365990870938997
DTSR14,hrnet32,shot_noise,15,51,0.2124267019735289,0.2124267019735289,0.045125103711350464
DTSR14,hrnet32,shot_noise,15,52,0.09157798043612234,0.09157798043612234,0.008386526500758806
DTSR14,hrnet32,shot_noise,15,53,0.08130866283950172,0.08130866283950172,0.006611098652747768
DTSR14,hrnet32,shot_noise,15,54,0.12385452004715154,0.12385452004715154,0.015339942136110262
DTSR14,hrnet32,shot_noise,15,55,0.047465407307202216,0.047465407307202216,0.0022529648908386057
DTSR14,hrnet32,shot_noise,15,56,0.12752834976079971,0.12752834976079971,0.016263479992712864
DTSR14,hrnet32,shot_noise,15,57,0.3926333216563248,0.3926333216563248,0.154160925274879
DTSR14,hrnet32,shot_noise,15,58,0.15855788568503307,0.15855788568503307,0.025140603112908014
DTSR14,hrnet32,shot_noise,15,59,0.45620464760025004,0.45620464760025004,0.2081226804920683
DTSR14,hrnet32,shot_noise,15,60,0.3091915128817866,0.3091915128817866,0.095599391638128
DTSR14,hrnet32,shot_noise,15,61,0.09610622578894529,0.09610622578894529,0.009236406635395732
DTSR14,hrnet32,shot_noise,15,62,0.5697656699169797,0.5697656699169797,0.32463291861594473
DTSR14,hrnet32,shot_noise,15,63,0.23146975047644383,0.23146975047644383,0.053578245385627166
DTSR14,hrnet32,shot_noise,15,64,0.09139434586603079,0.09139434586603079,0.00835292645627966
DTSR14,hrnet32,shot_noise,15,65,0.062103394892727426,0.062103394892727426,0.003856831657202043
DTSR14,hrnet32,shot_noise,15,66,0.11911202532654146,0.11911202532654146,0.014187674577390653
DTSR14,hrnet32,shot_noise,15,67,0.09578659338056303,0.09578659338056303,0.00917507147145332
DTSR14,hrnet32,shot_noise,15,68,0.0852251039312278,0.0852251039312278,0.00726331834008858
DTSR14,hrnet32,shot_noise,15,69,0.11918942987278494,0.11918942987278494,0.01420612019339952
DTSR14,hrnet32,shot_noise,15,70,0.20232665074136072,0.20232665074136072,0.04093607360021656
DTSR14,hrnet32,shot_noise,15,71,0.06097592895065111,0.06097592895065111,0.0037180639113948526
DTSR14,hrnet32,shot_noise,15,72,0.1474584279081204,0.1474584279081204,0.021743987961134338
DTSR14,hrnet32,shot_noise,15,73,0.1467581935216193,0.1467581935216193,0.021537967365729063
DTSR14,hrnet32,shot_noise,15,74,0.0476157807084056,0.0476157807084056,0.002267262572470971
DTSR14,hrnet32,shot_noise,15,75,0.168482302665866,0.168482302665866,0.028386286311592478
DTSR14,hrnet32,shot_noise,15,76,0.2146594809445786,0.2146594809445786,0.0460786927593959
DTSR14,hrnet32,shot_noise,15,77,0.21957953691441634,0.21957953691441634,0.04821517303154953
DTSR14,hrnet32,shot_noise,15,78,0.1875577056043918,0.1875577056043918,0.03517789293158371
DTSR14,hrnet32,shot_noise,15,79,0.17843962083029133,0.17843962083029133,0.03184069828205814
DTSR14,hrnet32,shot_noise,15,80,0.2534745729655952,0.2534745729655952,0.06424935914009086
DTSR14,hrnet32,shot_noise,15,81,0.15510629749351443,0.15510629749351443,0.0240579635221466
DTSR14,hrnet32,shot_noise,15,82,0.21299427421037215,0.21299427421037215,0.045366560846403205
DTSR14,hrnet32,shot_noise,15,83,0.14114781656901587,0.14114781656901587,0.01992270612220055
DTSR14,hrnet32,shot_noise,15,84,0.38527890179831176,0.38527890179831176,0.14843983217091317
DTSR14,hrnet32,shot_noise,15,85,0.06573106836352895,0.06573106836352895,0.004320573348210916
DTSR14,hrnet32,shot_noise,15,86,0.03511747640539578,0.03511747640539578,0.0012332371490835295
DTSR14,hrnet32,shot_noise,15,87,0.42891605481979483,0.42891605481979483,0.18396898208217724
DTSR14,hrnet32,shot_noise,15,88,0.0932421399855551,0.0932421399855551,0.008694096669085853
DTSR14,hrnet32,shot_noise,15,89,0.5041012669920312,0.5041012669920312,0.2541180873829711
DTSR14,hrnet32,shot_noise,15,90,0.40722514072073934,0.40722514072073934,0.16583231523502595
DTSR14,hrnet32,shot_noise,15,91,0.18254503218038895,0.18254503218038895,0.033322688773739235
DTSR14,hrnet32,shot_noise,15,92,0.21605299019885177,0.21605299019885177,0.04667889457386514
DTSR14,hrnet32,shot_noise,15,93,0.12976605621084225,0.12976605621084225,0.016839229344515472
DTSR14,hrnet32,shot_noise,15,94,0.4278634684255829,0.4278634684255829,0.1830671476131698
DTSR14,hrnet32,shot_noise,15,95,0.16640910098607464,0.16640910098607464,0.02769198889099359
DTSR14,hrnet32,shot_noise,15,96,0.07153838008692838,0.07153838008692838,0.005117739825461831
DTSR14,hrnet32,shot_noise,15,97,0.03751177618948649,0.03751177618948649,0.0014071333528901258
DTSR14,hrnet32,shot_noise,15,98,0.22194050369854887,0.22194050369854887,0.04925758718196559
DTSR14,hrnet32,shot_noise,15,99,0.11694138210019665,0.11694138210019665,0.013675286847504194
DTSR14,hrnet32,shot_noise,15,100,0.16808720773876523,0.16808720773876523,0.028253309405414817
DTSR14,hrnet32,shot_noise,15,101,0.10868083050172737,0.10868083050172737,0.011811522918545194
DTSR14,hrnet32,shot_noise,15,102,0.21569372083865368,0.21569372083865368,0.04652378120922306
DTSR14,hrnet32,shot_noise,15,103,0.07230118973766435,0.07230118973766435,0.00522746203748174
DTSR14,hrnet32,shot_noise,15,104,0.4139729540862456,0.4139729540862456,0.17137360671489282
DTSR14,hrnet32,shot_noise,15,105,0.28487085666238804,0.28487085666238804,0.08115140497556284
DTSR14,hrnet32,shot_noise,15,106,0.2824550700802538,0.2824550700802538,0.07978086661404107
DTSR14,hrnet32,shot_noise,15,107,0.16858515112478617,0.16858515112478617,0.028420953179766992
DTSR14,hrnet32,shot_noise,15,108,0.021726827061688183,0.021726827061688183,0.000472055014168506
DTSR14,hrnet32,shot_noise,15,109,0.20345103407894832,0.20345103407894832,0.04139232326779339
DTSR14,hrnet32,shot_noise,15,110,0.363993122008232,0.363993122008232,0.13249099286929963
DTSR14,hrnet32,shot_noise,15,111,0.06876804762869225,0.06876804762869225,0.004729044374662086
DTSR14,hrnet32,shot_noise,15,112,0.40085053131831366,0.40085053131831366,0.16068114845817436
DTSR14,hrnet32,shot_noise,15,113,0.025143525581249913,0.025143525581249913,0.0006321968786549688
DTSR14,hrnet32,shot_noise,15,114,0.059869775494287306,0.059869775494287306,0.0035843900177363647
DTSR14,hrnet32,shot_noise,15,115,0.16616261847513294,0.16616261847513294,0.027610015778512593
DTSR14,hrnet32,shot_noise,15,116,0.1393055202621806,0.1393055202621806,0.01940602797551681
DTSR14,hrnet32,shot_noise,15,117,0.14520547546478912,0.14520547546478912,0.021084630104955475
DTSR14,hrnet32,shot_noise,15,118,0.2427160192885301,0.2427160192885301,0.05891106601927011
DTSR14,hrnet32,shot_noise,15,119,0.3032848057568629,0.3032848057568629,0.09198167340297805
DTSR14,hrnet32,shot_noise,15,120,0.4640641507512545,0.4640641507512545,0.21535553601248308
DTSR14,hrnet32,shot_noise,15,121,0.0455456252374766,0.0455456252374766,0.0020744039782726654
DTSR14,hrnet32,shot_noise,15,122,0.14186321978893773,0.14186321978893773,0.020125173128884455
DTSR14,hrnet32,shot_noise,15,123,0.3215181257888201,0.3215181257888201,0.10337390521075555
DTSR14,hrnet32,shot_noise,15,124,0.3546489583463245,0.3546489583463245,0.125775883656133
DTSR14,hrnet32,shot_noise,15,125,0.17711385166723478,0.17711385166723478,0.03136931645240325
DTSR14,hrnet32,shot_noise,15,126,0.3000344124982227,0.3000344124982227,0.09002064868315367
DTSR14,hrnet32,shot_noise,15,127,0.2545445526180788,0.2545445526180788,0.06479292926753788
DTSR14,hrnet32,shot_noise,15,128,0.6618760563977797,0.6618760563977797,0.4380799140326768
DTSR14,hrnet32,shot_noise,15,129,0.3401261732216832,0.3401261732216832,0.11568581371042645
DTSR14,hrnet32,shot_noise,15,130,0.36413239167904854,0.36413239167904854,0.13259239866990402
DTSR14,hrnet32,shot_noise,15,131,0.3534807976324912,0.3534807976324912,0.12494867429490218
DTSR14,hrnet32,shot_noise,15,132,0.21957329997481828,0.21957329997481828,0.04821243406183153
DTSR14,hrnet32,shot_noise,15,133,0.3318757138567917,0.3318757138567917,0.11014148944795508
DTSR14,hrnet32,shot_noise,15,134,0.21562134176209877,0.21562134176209877,0.046492563023287796
DTSR14,hrnet32,shot_noise,15,135,0.19920712378751174,0.19920712378751174,0.03968347816769303
DTSR14,hrnet32,shot_noise,15,136,0.15846261591356245,0.15846261591356245,0.025110400642169215
DTSR14,hrnet32,shot_noise,15,137,0.15153431851984928,0.15153431851984928,0.022962649689275135
DTSR14,hrnet32,shot_noise,15,138,0.4404582305633656,0.4404582305633656,0.19400345287101092
DTSR14,hrnet32,shot_noise,15,139,0.23887494551576263,0.23887494551576263,0.05706123959515857
DTSR14,hrnet32,shot_noise,15,140,0.1885861649400243,0.1885861649400243,0.035564741606786056
DTSR14,hrnet32,shot_noise,15,141,0.2532903719694044,0.2532903719694044,0.06415601253239925
DTSR14,hrnet32,shot_noise,15,142,0.11344443094135853,0.11344443094135853,0.012869638911608665
DTSR14,hrnet32,shot_noise,15,143,0.24631258690526736,0.24631258690526736,0.060669890467964886
DTSR14,hrnet32,shot_noise,15,144,0.5045995555285402,0.5045995555285402,0.2546207114396003
DTSR14,hrnet32,shot_noise,15,145,0.4470716737232439,0.4470716737232439,0.19987308144570265
DTSR14,hrnet32,shot_noise,15,146,0.2194496740072422,0.2194496740072422,0.048158159421884866
DTSR14,hrnet32,shot_noise,15,147,0.4228521505619769,0.4228521505619769,0.17880394123488877
DTSR14,hrnet32,shot_noise,15,148,0.09859740519298625,0.09859740519298625,0.009721448310789912
DTSR14,hrnet32,shot_noise,15,149,0.08517878241527707,0.08517878241527707,0.007255424973749114
DTSR14,hrnet32,shot_noise,15,150,0.16881464984215877,0.16881464984215877,0.028498386001330676
DTSR14,hrnet32,shot_noise,15,151,0.15774696176311118,0.15774696176311118,0.02488410394549246
DTSR14,hrnet32,shot_noise,15,152,0.13803694734059482,0.13803694734059482,0.019054198831110147
DTSR14,hrnet32,shot_noise,15,153,0.19114205044692187,0.19114205044692187,0.03653528344905362
DTSR14,hrnet32,shot_noise,15,154,0.12590650836369624,0.12590650836369624,0.015852448848337513
DTSR14,hrnet32,shot_noise,15,155,0.0807406486300672,0.0807406486300672,0.006519052341203973
DTSR14,hrnet32,shot_noise,15,156,0.027406700260504326,0.027406700260504326,0.0007511272191691278
DTSR14,hrnet32,shot_noise,15,157,0.24692733069802447,0.24692733069802447,0.06097310664565154
DTSR14,hrnet32,shot_noise,15,158,0.24817444051029108,0.24817444051029108,0.061590552922596006
DTSR14,hrnet32,shot_noise,15,159,0.22010143034601853,0.22010143034601853,0.048444639640363246
DTSR14,hrnet32,shot_noise,15,160,0.31883833450432364,0.31883833450432364,0.10165788354949097
DTSR14,hrnet32,shot_noise,15,161,0.13008733111203696,0.13008733111203696,0.01692271371585274
DTSR14,hrnet32,shot_noise,15,162,0.06756271707216266,0.06756271707216266,0.0045647207381730994
DTSR14,hrnet32,shot_noise,15,163,0.14201680684009638,0.14201680684009638,0.020168773425057244
DTSR14,hrnet32,shot_noise,15,164,0.2261060774960227,0.2261060774960227,0.05112395828063743
DTSR14,hrnet32,shot_noise,15,165,0.09637609879656996,0.09637609879656996,0.009288352419246212
DTSR14,hrnet32,shot_noise,15,166,0.1622910025577976,0.1622910025577976,0.026338369511215067
DTSR14,hrnet32,shot_noise,15,167,0.15087402922899218,0.15087402922899218,0.022762972695790785
DTSR14,hrnet32,shot_noise,15,168,0.06615132188617381,0.06615132188617381,0.0043759973872881785
DTSR14,hrnet32,shot_noise,15,169,0.08564695816207786,0.08564695816207786,0.007335401442416715
DTSR14,hrnet32,shot_noise,15,170,0.2330518053590518,0.2330518053590518,0.05431314398111336
DTSR14,hrnet32,shot_noise,15,171,0.31641199318135965,0.31641199318135965,0.10011654942900079
DTSR14,hrnet32,shot_noise,15,172,0.19491102771144053,0.19491102771144053,0.03799030872352994
DTSR14,hrnet32,shot_noise,15,173,0.10812300877696436,0.10812300877696436,0.011690585026983513
DTSR14,hrnet32,shot_noise,15,174,0.2217251095818437,0.2217251095818437,0.04916202421908059
DTSR14,hrnet32,shot_noise,15,175,0.06577098863370018,0.06577098863370018,0.004325822945854318
DTSR14,hrnet32,shot_noise,15,176,0.05604046875840989,0.05604046875840989,0.0031405341386623155
DTSR14,hrnet32,shot_noise,15,177,0.08959546278526523,0.08959546278526523,0.008027346951705847
DTSR14,hrnet32,shot_noise,15,178,0.022203371256353088,0.022203371256353088,0.0004929896951474464
DTSR14,hrnet32,shot_noise,15,179,0.37910884814088247,0.37910884814088247,0.14372351873870667
DTSR14,hrnet32,shot_noise,15,180,0.4679651876712304,0.4679651876712304,0.2189914168721699
DTSR14,hrnet32,shot_noise,15,181,0.1298628173687193,0.1298628173687193,0.01686435133494134
DTSR14,hrnet32,shot_noise,15,182,0.3945480211358304,0.3945480211358304,0.15566814098219964
DTSR14,hrnet32,shot_noise,15,183,0.2302525369064786,0.2302525369064786,0.05301623075186929
DTSR14,hrnet32,shot_noise,15,184,0.24239041263139605,0.24239041263139605,0.05875311213561844
DTSR14,hrnet32,shot_noise,15,185,0.18155383878933068,0.18155383878933068,0.032961796379142275
DTSR14,hrnet32,shot_noise,15,186,0.03474304428217922,0.03474304428217922,0.001207079125993466
DTSR14,hrnet32,shot_noise,15,187,0.20765938273698276,0.20765938273698276,0.04312241923870469
DTSR14,hrnet32,shot_noise,15,188,0.3225977375144367,0.3225977375144367,0.10406930024943341
DTSR14,hrnet32,shot_noise,15,189,0.2723581945621289,0.2723581945621289,0.07417898614514246
DTSR14,hrnet32,shot_noise,15,190,0.1453665722222443,0.1453665722222443,0.021131440319644968
DTSR14,hrnet32,shot_noise,15,191,0.09227218618587765,0.09227218618587765,0.00851415634352127
DTSR14,hrnet32,shot_noise,15,192,0.07372635945057676,0.07372635945057676,0.0054355760778356495
DTSR14,hrnet32,shot_noise,15,193,0.24566422947996916,0.24566422947996916,0.06035091364598695
DTSR14,hrnet32,shot_noise,15,194,0.291359304815198,0.291359304815198,0.08489024450239546
DTSR14,hrnet32,shot_noise,15,195,0.0488824375359443,0.0488824375359443,0.002389492699455496
DTSR14,hrnet32,shot_noise,15,196,0.38633164658983826,0.38633164658983826,0.14925214115681568
DTSR14,hrnet32,shot_noise,15,197,0.605584313856189,0.605584313856189,0.3667323611886713
DTSR14,hrnet32,shot_noise,15,198,0.47532182055133415,0.47532182055133415,0.22593083309223472
DTSR14,hrnet32,shot_noise,15,199,0.43379495935966556,0.43379495935966556,0.18817806676585389
DTSR14,hrnet32,impulse_noise,0.05,0,0.5253443220945865,0.5253443220945865,0.2759866567570206
DTSR14,hrnet32,impulse_noise,0.05,1,0.646381876358615,0.646381876358615,0.41780953008488386
DTSR14,hrnet32,impulse_noise,0.05,2,0.4149103558397415,0.4149103558397415,0.17215060338306093
DTSR14,hrnet32,impulse_noise,0.05,3,0.41096490632157173,0.41096490632157173,0.16889215422789822
DTSR14,hrnet32,impulse_noise,0.05,4,0.5165539827643088,0.5165539827643088,0.2668280171096698
DTSR14,hrnet32,impulse_noise,0.05,5,0.5888321902141505,0.5888321902141505,0.3467233482323935
DTSR14,hrnet32,impulse_noise,0.05,6,0.5507714869498639,0.5507714869498639,0.3033492308369641
DTSR14,hrnet32,impulse_noise,0.05,7,0.6783341158459536,0.6783341158459536,0.4601371727205116
DTSR14,hrnet32,impulse_noise,0.05,8,0.6262925298075407,0.6262925298075407,0.39224233289272925
DTSR14,hrnet32,impulse_noise,0.05,9,0.5369713603804808,0.5369713603804808,0.28833824186886414
DTSR14,hrnet32,impulse_noise,0.05,10,0.44601708682782365,0.44601708682782365,0.1989312417423784
DTSR14,hrnet32,impulse_noise,0.05,11,0.30894081873847024,0.30894081873847024,0.09544442948279633
DTSR14,hrnet32,impulse_noise,0.05,12,0.6331048374600428,0.6331048374600428,0.4008217352153072
DTSR14,hrnet32,impulse_noise,0.05,13,0.5476739406226251,0.5476739406226251,0.2999467452371147
DTSR14,hrnet32,impulse_noise,0.05,14,0.31879644493333076,0.31879644493333076,0.10163117330213019
DTSR14,hrnet32,impulse_noise,0.05,15,0.4386614112580468,0.4386614112580468,0.19242383372690128
DTSR14,hrnet32,impulse_noise,0.05,16,0.5016268790619755,0.5016268790619755,0.25162952579745773
DTSR14,hrnet32,impulse_noise,0.05,17,0.43928503146393605,0.43928503146393605,0.19297133886827128
DTSR14,hrnet32,impulse_noise,0.05,18,0.4910502386985081,0.4910502386985081,0.2411303369258618
DTSR14,hrnet32,impulse_noise,0.05,19,0.5294427651505894,0.5294427651505894,0.2803096415703022
DTSR14,hrnet32,impulse_noise,0.05,20,0.5987130726249719,0.5987130726249719,0.35845734333203483
DTSR14,hrnet32,impulse_noise,0.05,21,0.45871840453005286,0.45871840453005286,0.2104225746545972
DTSR14,hrnet32,impulse_noise,0.05,22,0.39680971909518886,0.39680971909518886,0.1574579531684027
DTSR14,hrnet32,impulse_noise,0.05,23,0.3744543770290568,0.3744543770290568,0.14021608047621903
DTSR14,hrnet32,impulse_noise,0.05,24,0.6001859296944094,0.6001859296944094,0.36022315020314255
DTSR14,hrnet32,impulse_noise,0.05,25,0.5722195322042261,0.5722195322042261,0.3274351930360233
DTSR14,hrnet32,impulse_noise,0.05,26,0.43400298223345984,0.43400298223345984,0.18835858858753687
DTSR14,hrnet32,impulse_noise,0.05,27,0.46654154847292445,0.46654154847292445,0.21766101645151412
DTSR14,hrnet32,impulse_noise,0.05,28,0.5496358174085438,0.5496358174085438,0.30209953177835813
DTSR14,hrnet32,impulse_noise,0.05,29,0.5771867976382443,0.5771867976382443,0.3331445993678916
DTSR14,hrnet32,impulse_noise,0.05,30,0.4969146962950472,0.4969146962950472,0.246924215393999
DTSR14,hrnet32,impulse_noise,0.05,31,0.6049439076921108,0.6049439076921108,0.3659571314538011
DTSR14,hrnet32,impulse_noise,0.05,32,0.3913814683216985,0.3913814683216985,0.1531794537456487
DTSR14,hrnet32,impulse_noise,0.05,33,0.3999297051227934,0.3999297051227934,0.1599437690396045
DTSR14,hrnet32,impulse_noise,0.05,34,0.22201665301462822,0.22201665301462822,0.049291394215817824
DTSR14,hrnet32,impulse_noise,0.05,35,0.5184926620855644,0.5184926620855644,0.2688346406365753
DTSR14,hrnet32,impulse_noise,0.05,36,0.48924469297875545,0.48924469297875545,0.23936036960787668
DTSR14,hrnet32,impulse_noise,0.05,37,0.537630653734575,0.537630653734575,0.28904671983506647
DTSR14,hrnet32,impulse_noise,0.05,38,0.20710644664566993,0.20710644664566993,0.04289308024219573
DTSR14,hrnet32,impulse_noise,0.05,39,0.5884174791162543,0.5884174791162543,0.3462351297295276
DTSR14,hrnet32,impulse_noise,0.05,40,0.3634381252451221,0.3634381252451221,0.13208727088168906
DTSR14,hrnet32,impulse_noise,0.05,41,0.7186916392220312,0.7186916392220312,0.5165176722876502
DTSR14,hrnet32,impulse_noise,0.05,42,0.5059576080188154,0.5059576080188154,0.25599310111212126
DTSR14,hrnet32,impulse_noise,0.05,43,0.3772057008001582,0.3772057008001582,0.14228414071613846
DTSR14,hrnet32,impulse_noise,0.05,44,0.20984248989554863,0.20984248989554863,0.044033870565563425
DTSR14,hrnet32,impulse_noise,0.05,45,0.5786007250854163,0.5786007250854163,0.33477879906936947
DTSR14,hrnet32,impulse_noise,0.05,46,0.5281242544206438,0.5281242544206438,0.2789152281073609
DTSR14,hrnet32,impulse_noise,0.05,47,0.2780443753520557,0.2780443753520557,0.07730867466491483
DTSR14,hrnet32,impulse_noise,0.05,48,0.6138450005537909,0.6138450005537909,0.3768056847048835
DTSR14,hrnet32,impulse_noise,0.05,49,0.2510273685051097,0.2510273685051097,0.06301473973860014
DTSR14,hrnet32,impulse_noise,0.05,50,0.5207412725874451,0.5207412725874451,0.27117147297599176
DTSR14,hrnet32,impulse_noise,0.05,51,0.3723338130664359,0.3723338130664359,0.13863246835259166
DTSR14,hrnet32,impulse_noise,0.05,52,0.4944121378654046,0.4944121378654046,0.24444336206863987
DTSR14,hrnet32,impulse_noise,0.05,53,0.5481166100004357,0.5481166100004357,0.30043181815836967
DTSR14,hrnet32,impulse_noise,0.05,54,0.6929745018719256,0.6929745018719256,0.48021366024464335
DTSR14,hrnet32,impulse_noise,0.05,55,0.5444126314963585,0.5444126314963585,0.2963851133327899
DTSR14,hrnet32,impulse_noise,0.05,56,0.3095033055991679,0.3095033055991679,0.09579229617681191
DTSR14,hrnet32,impulse_noise,0.05,57,0.5422361348796843,0.5422361348796843,0.29402002596925914
DTSR14,hrnet32,impulse_noise,0.05,58,0.4548623791200936,0.4548623791200936,0.20689978393879174
DTSR14,hrnet32,impulse_noise,0.05,59,0.3310547060664454,0.3310547060664454,0.10959721840874055
DTSR14,hrnet32,impulse_noise,0.05,60,0.47629227928152607,0.47629227928152607,0.2268543353031912
DTSR14,hrnet32,impulse_noise,0.05,61,0.1265633902615528,0.1265633902615528,0.01601829175449812
DTSR14,hrnet32,impulse_noise,0.05,62,0.63744377002015,0.63744377002015,0.40633455993750184
DTSR14,hrnet32,impulse_noise,0.05,63,0.4106961435019962,0.4106961435019962,0.16867132228741225
DTSR14,hrnet32,impulse_noise,0.05,64,0.5366909241575731,0.5366909241575731,0.2880371480731099
DTSR14,hrnet32,impulse_noise,0.05,65,0.4639865346682813,0.4639865346682813,0.21528350435348023
DTSR14,hrnet32,impulse_noise,0.05,66,0.47564300507179996,0.47564300507179996,0.22623626827373233
DTSR14,hrnet32,impulse_noise,0.05,67,0.6410013698109074,0.6410013698109074,0.4108827560994596
DTSR14,hrnet32,impulse_noise,0.05,68,0.3895438374890664,0.3895438374890664,0.15174440132570818
DTSR14,hrnet32,impulse_noise,0.05,69,0.32202887171279704,0.32202887171279704,0.1037025942166171
DTSR14,hrnet32,impulse_noise,0.05,70,0.259939353439693,0.259939353439693,0.06756846746664563
DTSR14,hrnet32,impulse_noise,0.05,71,0.47504660713666363,0.47504660713666363,0.22566927895205563
DTSR14,hrnet32,impulse_noise,0.05,72,0.3113458867057547,0.3113458867057547,0.09693626116859264
DTSR14,hrnet32,impulse_noise,0.05,73,0.32914963074544007,0.32914963074544007,0.10833947941985955
DTSR14,hrnet32,impulse_noise,0.05,74,0.3949753388178446,0.3949753388178446,0.15600551827427112
DTSR14,hrnet32,impulse_noise,0.05,75,0.4587617809344143,0.4587617809344143,0.2104623716461155
DTSR14,hrnet32,impulse_noise,0.05,76,0.4106366576579791,0.4106366576579791,0.16862246461251632
DTSR14,hrnet32,impulse_noise,0.05,77,0.5000765186758843,0.5000765186758843,0.25007652453099205
DTSR14,hrnet32,impulse_noise,0.05,78,0.42051335231994147,0.42051335231994147,0.17683147947935524
DTSR14,hrnet32,impulse_noise,0.05,79,0.5588676637921721,0.5588676637921721,0.31233306563252033
DTSR14,hrnet32,impulse_noise,0.05,80,0.5513757958517217,0.5513757958517217,0.30401526825111946
DTSR14,hrnet32,impulse_noise,0.05,81,0.5130629422895953,0.5130629422895953,0.26323358275085657
DTSR14,hrnet32,impulse_noise,0.05,82,0.4919578414707687,0.4919578414707687,0.242022517784578
DTSR14,hrnet32,impulse_noise,0.05,83,0.4730252396955594,0.4730252396955594,0.2237528773890414
DTSR14,hrnet32,impulse_noise,0.05,84,0.6336896964809486,0.6336896964809486,0.4015626314261168
DTSR14,hrnet32,impulse_noise,0.05,85,0.5026803013610466,0.5026803013610466,0.2526874853764326
DTSR14,hrnet32,impulse_noise,0.05,86,0.4261746000953591,0.4261746000953591,0.18162478976643928
DTSR14,hrnet32,impulse_noise,0.05,87,0.5788591515464211,0.5788591515464211,0.3350779173290425
DTSR14,hrnet32,impulse_noise,0.05,88,0.5488814280152856,0.5488814280152856,0.30127082202009914
DTSR14,hrnet32,impulse_noise,0.05,89,0.6662043704301316,0.6662043704301316,0.44382826318020796
DTSR14,hrnet32,impulse_noise,0.05,90,0.6125820239110765,0.6125820239110765,0.37525673601899073
DTSR14,hrnet32,impulse_noise,0.05,91,0.5455825180426758,0.5455825180426758,0.29766028399378663
DTSR14,hrnet32,impulse_noise,0.05,92,0.513612746172572,0.513612746172572,0.2637980530309309
DTSR14,hrnet32,impulse_noise,0.05,93,0.5038458052993425,0.5038458052993425,0.253860595517743
DTSR14,hrnet32,impulse_noise,0.05,94,0.46517281743416067,0.46517281743416067,0.21638575007963498
DTSR14,hrnet32,impulse_noise,0.05,95,0.5384854555089206,0.5384854555089206,0.2899665857946497
DTSR14,hrnet32,impulse_noise,0.05,96,0.3824687605401602,0.3824687605401602,0.1462823527891264
DTSR14,hrnet32,impulse_noise,0.05,97,0.3443062025060998,0.3443062025060998,0.11854676108417139
DTSR14,hrnet32,impulse_noise,0.05,98,0.6163737222723451,0.6163737222723451,0.379916565507866
DTSR14,hrnet32,impulse_noise,0.05,99,0.44545569342873353,0.44545569342873353,0.19843077480807383
DTSR14,hrnet32,impulse_noise,0.05,100,0.5093619481787875,0.5093619481787875,0.25944959425248987
DTSR14,hrnet32,impulse_noise,0.05,101,0.4827687039264092,0.4827687039264092,0.23306562149078494
DTSR14,hrnet32,impulse_noise,0.05,102,0.5036957433025884,0.5036957433025884,0.253709401821147
DTSR14,hrnet32,impulse_noise,0.05,103,0.5072989287062357,0.5072989287062357,0.2573522030664944
DTSR14,hrnet32,impulse_noise,0.05,104,0.3957548657656328,0.3957548657656328,0.15662191377717402
DTSR14,hrnet32,impulse_noise,0.05,105,0.5452559670072936,0.5452559670072936,0.29730406955705885
DTSR14,hrnet32,impulse_noise,0.05,106,0.4068883833854601,0.4068883833854601,0.16555815653403314
DTSR14,hrnet32,impulse_noise,0.05,107,0.3733957356040237,0.3733957356040237,0.13942437536726998
DTSR14,hrnet32,impulse_noise,0.05,108,0.5285019191711896,0.5285019191711896,0.27931427856763064
DTSR14,hrnet32,impulse_noise,0.05,109,0.5483290187556963,0.5483290187556963,0.30066471280958473
DTSR14,hrnet32,impulse_noise,0.05,110,0.5193030186137738,0.5193030186137738,0.2696756251413775
DTSR14,hrnet32,impulse_noise,0.05,111,0.2050064672677616,0.2050064672677616,0.042027651621607806
DTSR14,hrnet32,impulse_noise,0.05,112,0.5496031762558997,0.5496031762558997,0.30206365135057356
DTSR14,hrnet32,impulse_noise,0.05,113,0.5042170800602713,0.5042170800602713,0.25423486382450605
DTSR14,hrnet32,impulse_noise,0.05,114,0.5061383853840269,0.5061383853840269,0.2561760651591497
DTSR14,hrnet32,impulse_noise,0.05,115,0.4405084652692957,0.4405084652692957,0.1940477079739103
DTSR14,hrnet32,impulse_noise,0.05,116,0.7262567612578957,0.7262567612578957,0.5274488832728081
DTSR14,hrnet32,impulse_noise,0.05,117,0.3974642311618693,0.3974642311618693,0.15797781505309588
DTSR14,hrnet32,impulse_noise,0.05,118,0.6081711993019272,0.6081711993019272,0.36987220766034445
DTSR14,hrnet32,impulse_noise,0.05,119,0.3078966291034909,0.3078966291034909,0.09480033421329265
DTSR14,hrnet32,impulse_noise,0.05,120,0.37408728645641615,0.37408728645641615,0.13994129788832474
DTSR14,hrnet32,impulse_noise,0.05,121,0.3520898658760087,0.3520898658760087,0.12396727365258581
DTSR14,hrnet32,impulse_noise,0.05,122,0.5048470499041604,0.5048470499041604,0.2548705437969338
DTSR14,hrnet32,impulse_noise,0.05,123,0.47897345481415005,0.47897345481415005,0.22941557041660263
DTSR14,hrnet32,impulse_noise,0.05,124,0.6658185434917002,0.6658185434917002,0.4433143328574091
DTSR14,hrnet32,impulse_noise,0.05,125,0.5179716434061087,0.5179716434061087,0.268294623372825
DTSR14,hrnet32,impulse_noise,0.05,126,0.5816417693396342,0.5816417693396342,0.3383071478405402
DTSR14,hrnet32,impulse_noise,0.05,127,0.38410739059303944,0.38410739059303944,0.14753848750819376
DTSR14,hrnet32,impulse_noise,0.05,128,0.3307537157090097,0.3307537157090097,0.10939802045531641
DTSR14,hrnet32,impulse_noise,0.05,129,0.32147864314596,0.32147864314596,0.10334851799896748
DTSR14,hrnet32,impulse_noise,0.05,130,0.7395133703934741,0.7395133703934741,0.5468800249907156
DTSR14,hrnet32,impulse_noise,0.05,131,0.3997857488289242,0.3997857488289242,0.15982864496670368
DTSR14,hrnet32,impulse_noise,0.05,132,0.44126333899141956,0.44126333899141956,0.19471333433785645
DTSR14,hrnet32,impulse_noise,0.05,133,0.37033515341662393,0.37033515341662393,0.13714812585611438
DTSR14,hrnet32,impulse_noise,0.05,134,0.428797080454389,0.428797080454389,0.18386693620620778
DTSR14,hrnet32,impulse_noise,0.05,135,0.6221926274892957,0.6221926274892957,0.3871236657020335
DTSR14,hrnet32,impulse_noise,0.05,136,0.505018114884488,0.505018114884488,0.25504329636148193
DTSR14,hrnet32,impulse_noise,0.05,137,0.5037533030085531,0.5037533030085531,0.25376739029202716
DTSR14,hrnet32,impulse_noise,0.05,138,0.613522197108198,0.613522197108198,0.3764094863444706
DTSR14,hrnet32,impulse_noise,0.05,139,0.3452429872505188,0.3452429872505188,0.11919272024566187
DTSR14,hrnet32,impulse_noise,0.05,140,0.3211300116574611,0.3211300116574611,0.10312448438712109
DTSR14,hrnet32,impulse_noise,0.05,141,0.23379386169317257,0.23379386169317257,0.054659569765406306
DTSR14,hrnet32,impulse_noise,0.05,142,0.40843185785945985,0.40843185785945985,0.16681658251453002
DTSR14,hrnet32,impulse_noise,0.05,143,0.4804750358716962,0.4804750358716962,0.23085626009590776
DTSR14,hrnet32,impulse_noise,0.05,144,0.45769470395416534,0.45769470395416534,0.20948444202769106
DTSR14,hrnet32,impulse_noise,0.05,145,0.5104249329942071,0.5104249329942071,0.26053361222214083
DTSR14,hrnet32,impulse_noise,0.05,146,0.5511129489517962,0.5511129489517962,0.3037254825023451
DTSR14,hrnet32,impulse_noise,0.05,147,0.601002669452898,0.601002669452898,0.3612042086895094
DTSR14,hrnet32,impulse_noise,0.05,148,0.6218409481177875,0.6218409481177875,0.38668616475602885
DTSR14,hrnet32,impulse_noise,0.05,149,0.4725684156618216,0.4725684156618216,0.2233209074811242
DTSR14,hrnet32,impulse_noise,0.05,150,0.4974667389439663,0.4974667389439663,0.24747315635554434
DTSR14,hrnet32,impulse_noise,0.05,151,0.40469030783418863,0.40469030783418863,0.16377424525493037
DTSR14,hrnet32,impulse_noise,0.05,152,0.31042770249516105,0.31042770249516105,0.09636535847642422
DTSR14,hrnet32,impulse_noise,0.05,153,0.4477101805034769,0.4477101805034769,0.20044440572645586
DTSR14,hrnet32,impulse_noise,0.05,154,0.4411605149884646,0.4411605149884646,0.1946225999848873
DTSR14,hrnet32,impulse_noise,0.05,155,0.32051550121098654,0.32051550121098654,0.10273018651652992
DTSR14,hrnet32,impulse_noise,0.05,156,0.22017217025101876,0.22017217025101876,0.04847578455304359
DTSR14,hrnet32,impulse_noise,0.05,157,0.3716507468580873,0.3716507468580873,0.1381242776401741
DTSR14,hrnet32,impulse_noise,0.05,158,0.2738391165006814,0.2738391165006814,0.07498786172587375
DTSR14,hrnet32,impulse_noise,0.05,159,0.13838873524774423,0.13838873524774423,0.019151442043470246
DTSR14,hrnet32,impulse_noise,0.05,160,0.1863032859087869,0.1863032859087869,0.03470891434041119
DTSR14,hrnet32,impulse_noise,0.05,161,0.36170962200336015,0.36170962200336015,0.13083385064981368
DTSR14,hrnet32,impulse_noise,0.05,162,0.3869785955121384,0.3869785955121384,0.14975243338454725
DTSR14,hrnet32,impulse_noise,0.05,163,0.42750773859478497,0.42750773859478497,0.182762866558427
DTSR14,hrnet32,impulse_noise,0.05,164,0.3722402070437321,0.3722402070437321,0.13856277173996057
DTSR14,hrnet32,impulse_noise,0.05,165,0.23003482260020755,0.23003482260020755,0.05291601960870896
DTSR14,hrnet32,impulse_noise,0.05,166,0.398825029658748,0.398825029658748,0.15906140428230123
DTSR14,hrnet32,impulse_noise,0.05,167,0.5108081392924138,0.5108081392924138,0.26092495516737796
DTSR14,hrnet32,impulse_noise,0.05,168,0.5620588302404979,0.5620588302404979,0.3159101286513168
DTSR14,hrnet32,impulse_noise,0.05,169,0.2985637325812235,0.2985637325812235,0.08914030241283233
DTSR14,hrnet32,impulse_noise,0.05,170,0.4926394253955159,0.4926394253955159,0.2426936034540241
DTSR14,hrnet32,impulse_noise,0.05,171,0.3946947528015479,0.3946947528015479,0.15578394788907501
DTSR14,hrnet32,impulse_noise,0.05,172,0.16694921353807565,0.16694921353807565,0.02787203990098198
DTSR14,hrnet32,impulse_noise,0.05,173,0.28479374059468837,0.28479374059468837,0.08110747468191465
DTSR14,hrnet32,impulse_noise,0.05,174,0.40634455822273624,0.40634455822273624,0.16511589999723067
DTSR14,hrnet32,impulse_noise,0.05,175,0.1592670972745285,0.1592670972745285,0.025366008274254125
DTSR14,hrnet32,impulse_noise,0.05,176,0.5588636088813631,0.5588636088813631,0.3123285333319012
DTSR14,hrnet32,impulse_noise,0.05,177,0.4557611659699646,0.4557611659699646,0.2077182404063016
DTSR14,hrnet32,impulse_noise,0.05,178,0.307490503725487,0.307490503725487,0.09455040988135371
DTSR14,hrnet32,impulse_noise,0.05,179,0.28973013905924,0.28973013905924,0.08394355347928655
DTSR14,hrnet32,impulse_noise,0.05,180,0.7682557560711113,0.7682557560711113,0.5902169067363948
DTSR14,hrnet32,impulse_noise,0.05,181,0.43363280788780506,0.43363280788780506,0.18803741207666205
DTSR14,hrnet32,impulse_noise,0.05,182,0.5326374291862855,0.5326374291862855,0.28370263097017534
DTSR14,hrnet32,impulse_noise,0.05,183,0.6852679653736364,0.6852679653736364,0.46959218436732336
DTSR14,hrnet32,impulse_noise,0.05,184,0.3411637523149776,0.3411637523149776,0.11639270589363537
DTSR14,hrnet32,impulse_noise,0.05,185,0.27614909758410133,0.27614909758410133,0.07625832409651352
DTSR14,hrnet32,impulse_noise,0.05,186,0.5430350024533754,0.5430350024533754,0.2948870138895375
DTSR14,hrnet32,impulse_noise,0.05,187,0.45490709654048483,0.45490709654048483,0.206940466482894
DTSR14,hrnet32,impulse_noise,0.05,188,0.6010397631377293,0.6010397631377293,0.36124879687265776
DTSR14,hrnet32,impulse_noise,0.05,189,0.499278329463667,0.499278329463667,0.24927885027203003
DTSR14,hrnet32,impulse_noise,0.05,190,0.3831249883295156,0.3831249883295156,0.14678475668249144
DTSR14,hrnet32,impulse_noise,0.05,191,0.41082178332858976,0.41082178332858976,0.16877453765728276
DTSR14,hrnet32,impulse_noise,0.05,192,0.38610605586441515,0.38610605586441515,0.14907788637517488
DTSR14,hrnet32,impulse_noise,0.05,193,0.5507026889479816,0.5507026889479816,0.30327345161453734
DTSR14,hrnet32,impulse_noise,0.05,194,0.32398523795054757,0.32398523795054757,0.10496643440987292
DTSR14,hrnet32,impulse_noise,0.05,195,0.6094743809399183,0.6094743809399183,0.3714590210220967
DTSR14,hrnet32,impulse_noise,0.05,196,0.46981731160042267,0.46981731160042267,0.22072830627944864
DTSR14,hrnet32,impulse_noise,0.05,197,0.581883795760656,0.581883795760656,0.3385887517688288
DTSR14,hrnet32,impulse_noise,0.05,198,0.3648052471151949,0.3648052471151949,0.13308286832277844
DTSR14,hrnet32,impulse_noise,0.05,199,0.510497102831015,0.510497102831015,0.2606072919988599
DTSR14,hrnet32,motion_blur,15,0,0.05255447382712675,0.05255447382712675,0.002761972719246151
DTSR14,hrnet32,motion_blur,15,1,0.2384353242289824,0.2384353242289824,0.056851403840179955
DTSR14,hrnet32,motion_blur,15,2,0.19198575593194425,0.19198575593194425,0.036858530480760064
DTSR14,hrnet32,motion_blur,15,3,0.2536115247150568,0.2536115247150568,0.06431880546829588
DTSR14,hrnet32,motion_blur,15,4,0.17330686216631555,0.17330686216631555,0.030035268473934295
DTSR14,hrnet32,motion_blur,15,5,0.055516037429443596,0.055516037429443596,0.003082030411867382
DTSR14,hrnet32,motion_blur,15,6,0.1833541231761689,0.1833541231761689,0.03361873448570171
DTSR14,hrnet32,motion_blur,15,7,0.08617159116819359,0.08617159116819359,0.007425543124458299
DTSR14,hrnet32,motion_blur,15,8,0.29061495662277415,0.29061495662277415,0.0844570530128569
DTSR14,hrnet32,motion_blur,15,9,0.11175038126133144,0.11175038126133144,0.012488147712052937
DTSR14,hrnet32,motion_blur,15,10,0.08596826958707433,0.08596826958707433,0.0073905433757958895
DTSR14,hrnet32,motion_blur,15,11,0.20795471785995404,0.20795471785995404,0.04324516468021308
DTSR14,hrnet32,motion_blur,15,12,0.2730273588670035,0.2730273588670035,0.07454393868989152
DTSR14,hrnet32,motion_blur,15,13,0.13185483246407606,0.13185483246407606,0.017385696844129567
DTSR14,hrnet32,motion_blur,15,14,0.3882533960923422,0.3882533960923422,0.15074069957723718
DTSR14,hrnet32,motion_blur,15,15,0.02345914068787489,0.02345914068787489,0.0005503312818135071
DTSR14,hrnet32,motion_blur,15,16,0.01650476142954681,0.01650476142954681,0.00027240714984625607
DTSR14,hrnet32,motion_blur,15,17,0.057440006925143595,0.057440006925143595,0.0032993543955605444
DTSR14,hrnet32,motion_blur,15,18,0.34467812980157786,0.34467812980157786,0.11880301316351335
DTSR14,hrnet32,motion_blur,15,19,0.28497429565766824,0.28497429565766824,0.08121034918558412
DTSR14,hrnet32,motion_blur,15,20,0.29408688142566924,0.29408688142566924,0.08648709382667565
DTSR14,hrnet32,motion_blur,15,21,0.19070692107955398,0.19070692107955398,0.03636912974764323
DTSR14,hrnet32,motion_blur,15,22,0.023994733586435175,0.023994733586435175,0.0005757472398840003
DTSR14,hrnet32,motion_blur,15,23,0.07128446414640996,0.07128446414640996,0.005081474828640807
DTSR14,hrnet32,motion_blur,15,24,0.037524674364975245,0.037524674364975245,0.0014081011861974302
DTSR14,hrnet32,motion_blur,15,25,0.012882713352065233,0.012882713352065233,0.00016596430331147985
DTSR14,hrnet32,motion_blur,15,26,0.10069998893637494,0.10069998893637494,0.010140487771786034
DTSR14,hrnet32,motion_blur,15,27,0.024123733374780874,0.024123733374780874,0.0005819545119375167
DTSR14,hrnet32,motion_blur,15,28,0.17840705438811794,0.17840705438811794,0.03182907705544487
DTSR14,hrnet32,motion_blur,15,29,0.03217112990676033,0.03217112990676033,0.001034981599477649
DTSR14,hrnet32,motion_blur,15,30,0.11095735954167758,0.11095735954167758,0.01231153563646111
DTSR14,hrnet32,motion_blur,15,31,0.18752804993797959,0.18752804993797959,0.03516676951354136
DTSR14,hrnet32,motion_blur,15,32,0.0005096317133551361,0.0005096317133551361,2.597244832572916e-07
DTSR14,hrnet32,motion_blur,15,33,0.2756304277109148,0.2756304277109148,0.07597213268010182
DTSR14,hrnet32,motion_blur,15,34,0.1583314884073441,0.1583314884073441,0.025068860221284937
DTSR14,hrnet32,motion_blur,15,35,0.03457954945074199,0.03457954945074199,0.0011957452402163108
DTSR14,hrnet32,motion_blur,15,36,0.27673758864630427,0.27673758864630427,0.0765836929697711
DTSR14,hrnet32,motion_blur,15,37,0.07668814379956183,0.07668814379956183,0.005881071399422274
DTSR14,hrnet32,motion_blur,15,38,0.4692827263495884,0.4692827263495884,0.22022627725010266
DTSR14,hrnet32,motion_blur,15,39,0.09176723295772893,0.09176723295772893,0.00842122504471809
DTSR14,hrnet32,motion_blur,15,40,0.07804880374473944,0.07804880374473944,0.006091615765984853
DTSR14,hrnet32,motion_blur,15,41,0.05651327763165157,0.05651327763165157,0.00319375054867213
DTSR14,hrnet32,motion_blur,15,42,0.22454221076911055,0.22454221076911055,0.050419204417079665
DTSR14,hrnet32,motion_blur,15,43,0.16302253440034586,0.16302253440034586,0.02657634672231195
DTSR14,hrnet32,motion_blur,15,44,0.11280220938796277,0.11280220938796277,0.012724338442805797
DTSR14,hrnet32,motion_blur,15,45,0.11363070144485869,0.11363070144485869,0.012911936310850611
DTSR14,hrnet32,motion_blur,15,46,0.05380457488052791,0.05380457488052791,0.0028949322780743346
DTSR14,hrnet32,motion_blur,15,47,0.2043452955288017,0.2043452955288017,0.04175699980475331
DTSR14,hrnet32,motion_blur,15,48,0.09840013694422896,0.09840013694422896,0.009682586950643012
DTSR14,hrnet32,motion_blur,15,49,0.32091819452329234,0.32091819452329234,0.10298848757608971
DTSR14,hrnet32,motion_blur,15,50,0.12934629979911436,0.12934629979911436,0.01673046527172237
DTSR14,hrnet32,motion_blur,15,51,0.357607905892584,0.357607905892584,0.12788341435687922
DTSR14,hrnet32,motion_blur,15,52,0.08832755612354184,0.08832755612354184,0.0078017571707574345
DTSR14,hrnet32,motion_blur,15,53,0.041920576561422944,0.041920576561422944,0.0017573347392421227
DTSR14,hrnet32,motion_blur,15,54,0.060764293097634314,0.060764293097634314,0.003692299315655209
DTSR14,hrnet32,motion_blur,15,55,0.0646585757892471,0.0646585757892471,0.004180731423093811
DTSR14,hrnet32,motion_blur,15,56,0.08454639438893741,0.08454639438893741,0.007148092804169746
DTSR14,hrnet32,motion_blur,15,57,0.11462471411211007,0.11462471411211007,0.013138825085282966
DTSR14,hrnet32,motion_blur,15,58,0.24485244715545668,0.24485244715545668,0.0599527208780157
DTSR14,hrnet32,motion_blur,15,59,0.1730000476894102,0.1730000476894102,0.029929016500538207
DTSR14,hrnet32,motion_blur,15,60,0.0413506547242803,0.0413506547242803,0.001709876646126645
DTSR14,hrnet32,motion_blur,15,61,0.00902611100044058,0.00902611100044058,8.147067979227444e-05
DTSR14,hrnet32,motion_blur,15,62,0.28213813828643114,0.28213813828643114,0.07960192907573334
DTSR14,hrnet32,motion_blur,15,63,0.17701901963131655,0.17701901963131655,0.03133573331123243
DTSR14,hrnet32,motion_blur,15,64,0.29348295961147336,0.29348295961147336,0.08613224758230971
DTSR14,hrnet32,motion_blur,15,65,0.12254158061220054,0.12254158061220054,0.015016438978936442
DTSR14,hrnet32,motion_blur,15,66,0.12862760037196452,0.12862760037196452,0.016545059577449808
DTSR14,hrnet32,motion_blur,15,67,0.1183925295377982,0.1183925295377982,0.014016791050358421
DTSR14,hrnet32,motion_blur,15,68,0.035685711634816195,0.035685711634816195,0.001273470014883256
DTSR14,hrnet32,motion_blur,15,69,0.05904000121254178,0.05904000121254178,0.0034857217431769347
DTSR14,hrnet32,motion_blur,15,70,0.06993221369203097,0.06993221369203097,0.0048905145118678835
DTSR14,hrnet32,motion_blur,15,71,0.06606397776458604,0.06606397776458604,0.004364449158079719
DTSR14,hrnet32,motion_blur,15,72,0.09164614729694025,0.09164614729694025,0.008399016314372468
DTSR14,hrnet32,motion_blur,15,73,0.05872472934678154,0.05872472934678154,0.003448593836852745
DTSR14,hrnet32,motion_blur,15,74,0.09546586206882883,0.09546586206882883,0.009113730820544652
DTSR14,hrnet32,motion_blur,15,75,0.06586441426939635,0.06586441426939635,0.004338121067050661
DTSR14,hrnet32,motion_blur,15,76,0.21494171664674816,0.21494171664674816,0.04619994155505097
DTSR14,hrnet32,motion_blur,15,77,0.09160409511855892,0.09160409511855892,0.00839131024248999
DTSR14,hrnet32,motion_blur,15,78,0.2164144844313387,0.2164144844313387,0.046835229071682145
DTSR14,hrnet32,motion_blur,15,79,0.11200885699962446,0.11200885699962446,0.01254598404636232
DTSR14,hrnet32,motion_blur,15,80,0.03333728366192393,0.03333728366192393,0.00111137448195558
DTSR14,hrnet32,motion_blur,15,81,0.08163896734962107,0.08163896734962107,0.006664920989912496
DTSR14,hrnet32,motion_blur,15,82,0.07252775258274514,0.07252775258274514,0.005260274894703895
DTSR14,hrnet32,motion_blur,15,83,0.2580619082615214,0.2580619082615214,0.0665959484955779
DTSR14,hrnet32,motion_blur,15,84,0.17130798446937412,0.17130798446937412,0.029346425542959326
DTSR14,hrnet32,motion_blur,15,85,0.2910127650502601,0.2910127650502601,0.08468842942219787
DTSR14,hrnet32,motion_blur,15,86,0.08043235751848328,0.08043235751848328,0.0064693641359811135
DTSR14,hrnet32,motion_blur,15,87,0.5198519182425794,0.5198519182425794,0.27024601690048944
DTSR14,hrnet32,motion_blur,15,88,0.019476574333595068,0.019476574333595068,0.00037933694777205417
DTSR14,hrnet32,motion_blur,15,89,0.09939927473309482,0.09939927473309482,0.009880215817465262
DTSR14,hrnet32,motion_blur,15,90,0.1928120931106393,0.1928120931106393,0.03717650324970584
DTSR14,hrnet32,motion_blur,15,91,0.131624061146339,0.131624061146339,0.01732489347265519
DTSR14,hrnet32,motion_blur,15,92,0.1986931631973583,0.1986931631973583,0.03947897310137206
DTSR14,hrnet32,motion_blur,15,93,0.1711922272923313,0.1711922272923313,0.02930677868530922
DTSR14,hrnet32,motion_blur,15,94,0.09705523724354943,0.09705523724354943,0.009419719076401665
DTSR14,hrnet32,motion_blur,15,95,0.08345970388308213,0.08345970388308213,0.0069655221722517546
DTSR14,hrnet32,motion_blur,15,96,0.1439115344775688,0.1439115344775688,0.020710529755688472
DTSR14,hrnet32,motion_blur,15,97,0.12818503002734583,0.12818503002734583,0.01643140192311155
DTSR14,hrnet32,motion_blur,15,98,0.19178338447973278,0.19178338447973278,0.036780866562501006
DTSR14,hrnet32,motion_blur,15,99,0.25340979033775674,0.25340979033775674,0.06421652183902583
DTSR14,hrnet32,motion_blur,15,100,0.31963754168533537,0.31963754168533537,0.1021681580546445
DTSR14,hrnet32,motion_blur,15,101,0.06800073697719874,0.06800073697719874,0.004624100229442165
DTSR14,hrnet32,motion_blur,15,102,0.10065309324316914,0.10065309324316914,0.0101310451794181
DTSR14,hrnet32,motion_blur,15,103,0.17125059667344425,0.17125059667344425,0.029326766861010673
DTSR14,hrnet32,motion_blur,15,104,0.2048014831782038,0.2048014831782038,0.04194364751199209
DTSR14,hrnet32,motion_blur,15,105,0.17017135434302566,0.17017135434302566,0.0289582898389396
DTSR14,hrnet32,motion_blur,15,106,0.34674732116358337,0.34674732116358337,0.12023370473412123
DTSR14,hrnet32,motion_blur,15,107,0.14161285106164367,0.14161285106164367,0.020054199585807272
DTSR14,hrnet32,motion_blur,15,108,0.04933508973363147,0.04933508973363147,0.002433951079025469
DTSR14,hrnet32,motion_blur,15,109,0.06130598128272089,0.06130598128272089,0.003758423341037324
DTSR14,hrnet32,motion_blur,15,110,0.10704911433856491,0.10704911433856491,0.011459512880671143
DTSR14,hrnet32,motion_blur,15,111,0.16467123058454805,0.16467123058454805,0.027116614182229392
DTSR14,hrnet32,motion_blur,15,112,0.06693530158105042,0.06693530158105042,0.004480334597746171
DTSR14,hrnet32,motion_blur,15,113,0.15579166022993268,0.15579166022993268,0.024271041397198788
DTSR14,hrnet32,motion_blur,15,114,0.0751477532172188,0.0751477532172188,0.005647184813596018
DTSR14,hrnet32,motion_blur,15,115,0.15427077662862754,0.15427077662862754,0.023799472521599894
DTSR14,hrnet32,motion_blur,15,116,0.25607619604642634,0.25607619604642634,0.06557501818160778
DTSR14,hrnet32,motion_blur,15,117,0.18398854271311535,0.18398854271311535,0.03385178384969587
DTSR14,hrnet32,motion_blur,15,118,0.21853262602227225,0.21853262602227225,0.0477565086361903
DTSR14,hrnet32,motion_blur,15,119,0.2190858766292954,0.2190858766292954,0.04799862133842685
DTSR14,hrnet32,motion_blur,15,120,0.06709081336029162,0.06709081336029162,0.004501177237345484
DTSR14,hrnet32,motion_blur,15,121,0.043622221151077,0.043622221151077,0.0019028981781534697
DTSR14,hrnet32,motion_blur,15,122,0.0868680763110844,0.0868680763110844,0.0075460626819883825
DTSR14,hrnet32,motion_blur,15,123,0.046991950505636565,0.046991950505636565,0.0022082434123241964
DTSR14,hrnet32,motion_blur,15,124,0.3497403306457481,0.3497403306457481,0.12231829888019721
DTSR14,hrnet32,motion_blur,15,125,0.13255709713999198,0.13255709713999198,0.017571384002181268
DTSR14,hrnet32,motion_blur,15,126,0.3431782942539933,0.3431782942539933,0.11777134164708042
DTSR14,hrnet32,motion_blur,15,127,0.13807432639643516,0.13807432639643516,0.01906451960982931
DTSR14,hrnet32,motion_blur,15,128,0.3784768733652204,0.3784768733652204,0.14324474367231307
DTSR14,hrnet32,motion_blur,15,129,0.2322814685559184,0.2322814685559184,0.053954680634494115
DTSR14,hrnet32,motion_blur,15,130,0.52968607323267,0.52968607323267,0.2805673361766455
DTSR14,hrnet32,motion_blur,15,131,0.1279121726551096,0.1279121726551096,0.016361523913350568
DTSR14,hrnet32,motion_blur,15,132,0.19003101798513208,0.19003101798513208,0.036111787796465594
DTSR14,hrnet32,motion_blur,15,133,0.27181313993067346,0.27181313993067346,0.07388238303897188
DTSR14,hrnet32,motion_blur,15,134,0.12645047829102732,0.12645047829102732,0.01598972346002957
DTSR14,hrnet32,motion_blur,15,135,0.058598015487518834,0.058598015487518834,0.003433727419075497
DTSR14,hrnet32,motion_blur,15,136,0.15106734106521216,0.15106734106521216,0.022821341536513138
DTSR14,hrnet32,motion_blur,15,137,0.11317188408336208,0.11317188408336208,0.012807875346977944
DTSR14,hrnet32,motion_blur,15,138,0.10681581352453104,0.10681581352453104,0.011409618018907388
DTSR14,hrnet32,motion_blur,15,139,0.11613673428270618,0.11613673428270618,0.013487741049851901
DTSR14,hrnet32,motion_blur,15,140,0.2733670213376326,0.2733670213376326,0.07472952835500966
DTSR14,hrnet32,motion_blur,15,141,0.19244603283692752,0.19244603283692752,0.037035475554671786
DTSR14,hrnet32,motion_blur,15,142,0.25340230165310046,0.25340230165310046,0.06421272648308891
DTSR14,hrnet32,motion_blur,15,143,0.016167220713260256,0.016167220713260256,0.00026137902559127146
DTSR14,hrnet32,motion_blur,15,144,0.057639405766003425,0.057639405766003425,0.003322301097057989
DTSR14,hrnet32,motion_blur,15,145,0.08296902059824646,0.08296902059824646,0.0068838583790322445
DTSR14,hrnet32,motion_blur,15,146,0.10079888282649603,0.10079888282649603,0.010160414779069676
DTSR14,hrnet32,motion_blur,15,147,0.07292576315806316,0.07292576315806316,0.005318166932185923
DTSR14,hrnet32,motion_blur,15,148,0.08208512887805301,0.08208512887805301,0.006737968382926573
DTSR14,hrnet32,motion_blur,15,149,0.06940234858197206,0.06940234858197206,0.004816685988693559
DTSR14,hrnet32,motion_blur,15,150,0.10408622487072533,0.10408622487072533,0.0108339422078392
DTSR14,hrnet32,motion_blur,15,151,0.10305054188583163,0.10305054188583163,0.010619414182963539
DTSR14,hrnet32,motion_blur,15,152,0.04360226353214774,0.04360226353214774,0.0019011573851268604
DTSR14,hrnet32,motion_blur,15,153,0.11362389420854106,0.11362389420854106,0.012910389335113731
DTSR14,hrnet32,motion_blur,15,154,0.03487618388741011,0.03487618388741011,0.0012163482025484445
DTSR14,hrnet32,motion_blur,15,155,0.32287019998411853,0.32287019998411853,0.10424516603778469
DTSR14,hrnet32,motion_blur,15,156,0.0219336877370793,0.0219336877370793,0.0004810866577477029
DTSR14,hrnet32,motion_blur,15,157,0.2556273761184559,0.2556273761184559,0.06534535542120651
DTSR14,hrnet32,motion_blur,15,158,0.1318989751430517,0.1318989751430517,0.017397339643787372
DTSR14,hrnet32,motion_blur,15,159,0.05329574084545522,0.05329574084545522,0.002840435992265924
DTSR14,hrnet32,motion_blur,15,160,0.08238126378555298,0.08238126378555298,0.006786672622904863
DTSR14,hrnet32,motion_blur,15,161,0.06395727090526966,0.06395727090526966,0.004090532501650053
DTSR14,hrnet32,motion_blur,15,162,0.20645721484244678,0.20645721484244678,0.042624581560500224
DTSR14,hrnet32,motion_blur,15,163,0.04469928116999145,0.04469928116999145,0.0019980257371139524
DTSR14,hrnet32,motion_blur,15,164,0.1079964514704551,0.1079964514704551,0.011663233530210364
DTSR14,hrnet32,motion_blur,15,165,0.03668022097853677,0.03668022097853677,0.0013454386110342892
DTSR14,hrnet32,motion_blur,15,166,0.03251846103048405,0.03251846103048405,0.0010574503077911098
DTSR14,hrnet32,motion_blur,15,167,0.3804122834923006,0.3804122834923006,0.14471350543182648
DTSR14,hrnet32,motion_blur,15,168,0.03917689101618007,0.03917689101618007,0.0015348287896936505
DTSR14,hrnet32,motion_blur,15,169,0.0007237363590266769,0.0007237363590266769,5.23794317377191e-07
DTSR14,hrnet32,motion_blur,15,170,0.16756749934379866,0.16756749934379866,0.028078866836333965
DTSR14,hrnet32,motion_blur,15,171,0.2918467775054435,0.2918467775054435,0.08517454154031186
DTSR14,hrnet32,motion_blur,15,172,0.1574806259326567,0.1574806259326567,0.02480014754414134
DTSR14,hrnet32,motion_blur,15,173,0.03691977040050313,0.03691977040050313,0.001363069446425867
DTSR14,hrnet32,motion_blur,15,174,0.05199912475219604,0.05199912475219604,0.0027039089749944473
DTSR14,hrnet32,motion_blur,15,175,0.022340191441682537,0.022340191441682537,0.0004990841536510256
DTSR14,hrnet32,motion_blur,15,176,0.039989335209700896,0.039989335209700896,0.0015991469305138238
DTSR14,hrnet32,motion_blur,15,177,0.07926821737881182,0.07926821737881182,0.006283450286414563
DTSR14,hrnet32,motion_blur,15,178,0.10128944408015046,0.10128944408015046,0.010259551482065928
DTSR14,hrnet32,motion_blur,15,179,0.011800228135779441,0.011800228135779441,0.00013924538405644073
DTSR14,hrnet32,motion_blur,15,180,0.5032472259698102,0.5032472259698102,0.2532577704463092
DTSR14,hrnet32,motion_blur,15,181,0.12907276122177014,0.12907276122177014,0.01665977768941209
DTSR14,hrnet32,motion_blur,15,182,0.2506044771662379,0.2506044771662379,0.06280260397576345
DTSR14,hrnet32,motion_blur,15,183,0.2847409605750966,0.2847409605750966,0.08107741462922873
DTSR14,hrnet32,motion_blur,15,184,0.10859214949383397,0.10859214949383397,0.011792254931691186
DTSR14,hrnet32,motion_blur,15,185,0.28569536775991333,0.28569536775991333,0.08162184315947213
DTSR14,hrnet32,motion_blur,15,186,0.062439534466397065,0.062439534466397065,0.0038986954643803868
DTSR14,hrnet32,motion_blur,15,187,0.09556965665261197,0.09556965665261197,0.00913355927269814
DTSR14,hrnet32,motion_blur,15,188,0.09843817507553114,0.09843817507553114,0.00969007431220092
DTSR14,hrnet32,motion_blur,15,189,0.17085317916541784,0.17085317916541784,0.02919080883093037
DTSR14,hrnet32,motion_blur,15,190,0.10225341125546845,0.10225341125546845,0.010455760113379963
DTSR14,hrnet32,motion_blur,15,191,0.0702296693688433,0.0702296693688433,0.0049322064596570465
DTSR14,hrnet32,motion_blur,15,192,0.09263017580667861,0.09263017580667861,0.008580349469976187
DTSR14,hrnet32,motion_blur,15,193,0.01863969661493329,0.01863969661493329,0.0003474382898967555
DTSR14,hrnet32,motion_blur,15,194,0.2926192499749526,0.2926192499749526,0.0856260254559038
DTSR14,hrnet32,motion_blur,15,195,0.08150009928264268,0.08150009928264268,0.006642266183080614
DTSR14,hrnet32,motion_blur,15,196,0.25901742483292695,0.25901742483292695,0.06709002636708096
DTSR14,hrnet32,motion_blur,15,197,0.051444981560640125,0.051444981560640125,0.0026465861277746023
DTSR14,hrnet32,motion_blur,15,198,0.13618239468403157,0.13618239468403157,0.018545644621877348
DTSR14,hrnet32,motion_blur,15,199,0.11960927378492929,0.11960927378492929,0.014306378375358173
DTSR14,hrnet32,zoom_blur,1.2,0,0.22357065416292618,0.22357065416292618,0.049983837402838745
DTSR14,hrnet32,zoom_blur,1.2,1,0.164838586641833,0.164838586641833,0.027171759646077088
DTSR14,hrnet32,zoom_blur,1.2,2,0.14479386758478913,0.14479386758478913,0.02096526409016145
DTSR14,hrnet32,zoom_blur,1.2,3,0.08742559963970443,0.08742559963970443,0.007643235472361888
DTSR14,hrnet32,zoom_blur,1.2,4,0.09301439641773865,0.09301439641773865,0.008651677940956233
DTSR14,hrnet32,zoom_blur,1.2,5,0.1164301028462064,0.1164301028462064,0.0135559688487782
DTSR14,hrnet32,zoom_blur,1.2,6,0.23799236094943527,0.23799236094943527,0.05664036387028628
DTSR14,hrnet32,zoom_blur,1.2,7,0.22245495707680962,0.22245495707680962,0.049486207928045214
DTSR14,hrnet32,zoom_blur,1.2,8,0.2813342071651742,0.2813342071651742,0.07914893612125716
DTSR14,hrnet32,zoom_blur,1.2,9,0.1993645529137072,0.1993645529137072,0.03974622495848235
DTSR14,hrnet32,zoom_blur,1.2,10,0.18172001323621145,0.18172001323621145,0.03302216321056887
DTSR14,hrnet32,zoom_blur,1.2,11,0.29384248457802786,0.29384248457802786,0.08634340574298854
DTSR14,hrnet32,zoom_blur,1.2,12,0.26477382660301574,0.26477382660301574,0.07010517925400385
DTSR14,hrnet32,zoom_blur,1.2,13,0.12266092503138248,0.12266092503138248,0.015045702529554434
DTSR14,hrnet32,zoom_blur,1.2,14,0.022136616744093757,0.022136616744093757,0.000490029800874892
DTSR14,hrnet32,zoom_blur,1.2,15,0.2837925374433829,0.2837925374433829,0.08053820430855388
DTSR14,hrnet32,zoom_blur,1.2,16,0.007382364604654285,0.007382364604654285,5.449930715605241e-05
DTSR14,hrnet32,zoom_blur,1.2,17,0.020717911099748278,0.020717911099748278,0.0004292318403370729
DTSR14,hrnet32,zoom_blur,1.2,18,0.0967335293760682,0.0967335293760682,0.00935737570555065
DTSR14,hrnet32,zoom_blur,1.2,19,0.22663651232385976,0.22663651232385976,0.05136410871832304
DTSR14,hrnet32,zoom_blur,1.2,20,0.021905927515975112,0.021905927515975112,0.00047986966033515554
DTSR14,hrnet32,zoom_blur,1.2,21,0.25008594469778067,0.25008594469778067,0.06254297973538141
DTSR14,hrnet32,zoom_blur,1.2,22,0.15537042290123199,0.15537042290123199,0.024139968312507674
DTSR14,hrnet32,zoom_blur,1.2,23,0.12321843402029874,0.12321843402029874,0.015182782482414713
DTSR14,hrnet32,zoom_blur,1.2,24,0.17549943302860066,0.17549943302860066,0.03080005099336029
DTSR14,hrnet32,zoom_blur,1.2,25,0.25527242860585114,0.25527242860585114,0.06516401280632937
DTSR14,hrnet32,zoom_blur,1.2,26,0.08462443001994177,0.08462443001994177,0.007161294156200022
DTSR14,hrnet32,zoom_blur,1.2,27,0.2382347650175941,0.2382347650175941,0.056755803262988284
DTSR14,hrnet32,zoom_blur,1.2,28,0.09844536312201901,0.09844536312201901,0.009691489520226181
DTSR14,hrnet32,zoom_blur,1.2,29,0.021994577048305562,0.021994577048305562,0.0004837614195338498
DTSR14,hrnet32,zoom_blur,1.2,30,0.18100125916313728,0.18100125916313728,0.032761455818641184
DTSR14,hrnet32,zoom_blur,1.2,31,0.04423482187696009,0.04423482187696009,0.001956719466486387
DTSR14,hrnet32,zoom_blur,1.2,32,0.12948620532019842,0.12948620532019842,0.01676667736822458
DTSR14,hrnet32,zoom_blur,1.2,33,0.06923286999958575,0.06923286999958575,0.004793190288379541
DTSR14,hrnet32,zoom_blur,1.2,34,0.319827685654115,0.319827685654115,0.1022897485108674
DTSR14,hrnet32,zoom_blur,1.2,35,0.08631379700712913,0.08631379700712913,0.007450071553787893
DTSR14,hrnet32,zoom_blur,1.2,36,0.32220356501995373,0.32220356501995373,0.10381513731156755
DTSR14,hrnet32,zoom_blur,1.2,37,0.03774212071166381,0.03774212071166381,0.0014244676758138023
DTSR14,hrnet32,zoom_blur,1.2,38,0.2144118644205371,0.2144118644205371,0.04597244760429079
DTSR14,hrnet32,zoom_blur,1.2,39,0.1093828722546041,0.1093828722546041,0.011964612742667038
DTSR14,hrnet32,zoom_blur,1.2,40,0.25684821383928025,0.25684821383928025,0.06597100495242864
DTSR14,hrnet32,zoom_blur,1.2,41,0.07582443978365509,0.07582443978365509,0.005749345668505137
DTSR14,hrnet32,zoom_blur,1.2,42,0.15995126590199524,0.15995126590199524,0.025584407463650784
DTSR14,hrnet32,zoom_blur,1.2,43,0.15278333998970958,0.15278333998970958,0.023342748978411192
DTSR14,hrnet32,zoom_blur,1.2,44,0.17563446929445947,0.17563446929445947,0.030847466804346427
DTSR14,hrnet32,zoom_blur,1.2,45,0.18190238647198875,0.18190238647198875,0.033088478204204755
DTSR14,hrnet32,zoom_blur,1.2,46,0.05642244868350327,0.05642244868350327,0.00318349271544256
DTSR14,hrnet32,zoom_blur,1.2,47,0.2712462246222593,0.2712462246222593,0.07357451437182913
DTSR14,hrnet32,zoom_blur,1.2,48,0.15549194259386137,0.15549194259386137,0.02417774421161268
DTSR14,hrnet32,zoom_blur,1.2,49,0.14247358292935677,0.14247358292935677,0.0202987218327283
DTSR14,hrnet32,zoom_blur,1.2,50,0.12154664949057258,0.12154664949057258,0.014773588002384106
DTSR14,hrnet32,zoom_blur,1.2,51,0.30129821348612656,0.30129821348612656,0.0907806134499315
DTSR14,hrnet32,zoom_blur,1.2,52,0.1741370178077183,0.1741370178077183,0.030323700970965595
DTSR14,hrnet32,zoom_blur,1.2,53,0.057907783913580924,0.057907783913580924,0.0033533114377819816
DTSR14,hrnet32,zoom_blur,1.2,54,0.15506317664799935,0.15506317664799935,0.02404458875216865
DTSR14,hrnet32,zoom_blur,1.2,55,0.12143160770210598,0.12143160770210598,0.014745635349118165
DTSR14,hrnet32,zoom_blur,1.2,56,0.05232073126555548,0.05232073126555548,0.002737458920162475
DTSR14,hrnet32,zoom_blur,1.2,57,0.26227605706280754,0.26227605706280754,0.06878873010841308
DTSR14,hrnet32,zoom_blur,1.2,58,0.3090998359603624,0.3090998359603624,0.09554270859072293
DTSR14,hrnet32,zoom_blur,1.2,59,0.08015366333544269,0.08015366333544269,0.006424609746091489
DTSR14,hrnet32,zoom_blur,1.2,60,0.18407959719937395,0.18407959719937395,0.03388529810508376
DTSR14,hrnet32,zoom_blur,1.2,61,0.09263904768798609,0.09263904768798609,0.00858199315653696
DTSR14,hrnet32,zoom_blur,1.2,62,0.22522954634906106,0.22522954634906106,0.05072834854860384
DTSR14,hrnet32,zoom_blur,1.2,63,0.23057421498811717,0.23057421498811717,0.053164468617386475
DTSR14,hrnet32,zoom_blur,1.2,64,0.2696309319065417,0.2696309319065417,0.07270083944079013
DTSR14,hrnet32,zoom_blur,1.2,65,0.11462020672848192,0.11462020672848192,0.013137791790479931
DTSR14,hrnet32,zoom_blur,1.2,66,0.33909158698638664,0.33909158698638664,0.11498310436494621
DTSR14,hrnet32,zoom_blur,1.2,67,0.11690251617364625,0.11690251617364625,0.013666198287729622
DTSR14,hrnet32,zoom_blur,1.2,68,0.06969668764676215,0.06969668764676215,0.004857628268930328
DTSR14,hrnet32,zoom_blur,1.2,69,0.06566642501227908,0.06566642501227908,0.004312079373893271
DTSR14,hrnet32,zoom_blur,1.2,70,0.28863747839178044,0.28863747839178044,0.08331159393236552
DTSR14,hrnet32,zoom_blur,1.2,71,0.09200878206989789,0.09200878206989789,0.008465615977985964
DTSR14,hrnet32,zoom_blur,1.2,72,0.20469374139953242,0.20469374139953242,0.041899527768138656
DTSR14,hrnet32,zoom_blur,1.2,73,0.011465343937577059,0.011465343937577059,0.00013145411160693502
DTSR14,hrnet32,zoom_blur,1.2,74,0.1824937573077759,0.1824937573077759,0.03330397145630941
DTSR14,hrnet32,zoom_blur,1.2,75,0.048778994779037105,0.048778994779037105,0.0023793903316533293
DTSR14,hrnet32,zoom_blur,1.2,76,0.16451005558374582,0.16451005558374582,0.02706355838816714
DTSR14,hrnet32,zoom_blur,1.2,77,0.11581511189982202,0.11581511189982202,0.013413140144368296
DTSR14,hrnet32,zoom_blur,1.2,78,0.04223947185663659,0.04223947185663659,0.0017841729827275945
DTSR14,hrnet32,zoom_blur,1.2,79,0.1602871781820099,0.1602871781820099,0.025691979489551393
DTSR14,hrnet32,zoom_blur,1.2,80,0.06941394299564807,0.06941394299564807,0.00481829548220308
DTSR14,hrnet32,zoom_blur,1.2,81,0.08447447533263683,0.08447447533263683,0.007135936982724268
DTSR14,hrnet32,zoom_blur,1.2,82,0.1407655615641525,0.1407655615641525,0.01981494332247121
DTSR14,hrnet32,zoom_blur,1.2,83,0.13015894650309412,0.13015894650309412,0.01694135135479532
DTSR14,hrnet32,zoom_blur,1.2,84,0.13186903972352837,0.13186903972352837,0.017389443637605504
DTSR14,hrnet32,zoom_blur,1.2,85,0.22706390688465422,0.22706390688465422,0.051558017809722925
DTSR14,hrnet32,zoom_blur,1.2,86,0.013161742295448605,0.013161742295448605,0.00017323146025180074
DTSR14,hrnet32,zoom_blur,1.2,87,0.21905240514888388,0.21905240514888388,0.04798395620151077
DTSR14,hrnet32,zoom_blur,1.2,88,0.10343751656761725,0.10343751656761725,0.010699319833676094
DTSR14,hrnet32,zoom_blur,1.2,89,0.28141472427951564,0.28141472427951564,0.07919424704131581
DTSR14,hrnet32,zoom_blur,1.2,90,0.26453631960175794,0.26453631960175794,0.06997946438844342
DTSR14,hrnet32,zoom_blur,1.2,91,0.3276793549092561,0.3276793549092561,0.10737375963374622
DTSR14,hrnet32,zoom_blur,1.2,92,0.18010100408123048,0.18010100408123048,0.032436371671067395
DTSR14,hrnet32,zoom_blur,1.2,93,0.05062566835969885,0.05062566835969885,0.0025629582968662136
DTSR14,hrnet32,zoom_blur,1.2,94,0.09425673342178738,0.09425673342178738,0.00888433179534589
DTSR14,hrnet32,zoom_blur,1.2,95,0.1724194441534373,0.1724194441534373,0.029728464722180284
DTSR14,hrnet32,zoom_blur,1.2,96,0.22526884515543968,0.22526884515543968,0.05074605259766546
DTSR14,hrnet32,zoom_blur,1.2,97,0.13944581057748323,0.13944581057748323,0.019445134087611334
DTSR14,hrnet32,zoom_blur,1.2,98,0.1931754409143284,0.1931754409143284,0.03731675097244518
DTSR14,hrnet32,zoom_blur,1.2,99,0.13056405762358353,0.13056405762358353,0.017046973143134442
DTSR14,hrnet32,zoom_blur,1.2,100,0.2508468678415423,0.2508468678415423,0.0629241511059122
DTSR14,hrnet32,zoom_blur,1.2,101,0.03087739136780622,0.03087739136780622,0.0009534132976806741
DTSR14,hrnet32,zoom_blur,1.2,102,0.021886259467054334,0.021886259467054334,0.0004790083534592255
DTSR14,hrnet32,zoom_blur,1.2,103,0.12183296227701651,0.12183296227701651,0.014843270697192927
DTSR14,hrnet32,zoom_blur,1.2,104,0.11068707962652813,0.11068707962652813,0.012251629596249378
DTSR14,hrnet32,zoom_blur,1.2,105,0.23517232154171894,0.23517232154171894,0.05530602081932164
DTSR14,hrnet32,zoom_blur,1.2,106,0.0419382428993856,0.0419382428993856,0.0017588162174878668
DTSR14,hrnet32,zoom_blur,1.2,107,0.04141617448041327,0.04141617448041327,0.0017152995085920354
DTSR14,hrnet32,zoom_blur,1.2,108,0.1822091299234254,0.1822091299234254,0.03320016702745171
DTSR14,hrnet32,zoom_blur,1.2,109,0.06463850330804007,0.06463850330804007,0.004178136109903506
DTSR14,hrnet32,zoom_blur,1.2,110,0.14188298136223673,0.14188298136223673,0.020130780400236817
DTSR14,hrnet32,zoom_blur,1.2,111,0.1853258287637927,0.1853258287637927,0.03434566280698661
DTSR14,hrnet32,zoom_blur,1.2,112,0.1295792982513,0.1295792982513,0.016790794535299358
DTSR14,hrnet32,zoom_blur,1.2,113,0.20737563926581298,0.20737563926581298,0.0430046557609046
DTSR14,hrnet32,zoom_blur,1.2,114,0.1805355636953659,0.1805355636953659,0.032593089758803526
DTSR14,hrnet32,zoom_blur,1.2,115,0.08224972896496298,0.08224972896496298,0.00676501791480987
DTSR14,hrnet32,zoom_blur,1.2,116,0.2663661143180933,0.2663661143180933,0.07095090685691956
DTSR14,hrnet32,zoom_blur,1.2,117,0.1513928281842013,0.1513928281842013,0.022919788425611095
DTSR14,hrnet32,zoom_blur,1.2,118,0.29231009757400045,0.29231009757400045,0.08544519314372166
DTSR14,hrnet32,zoom_blur,1.2,119,0.15497267189404287,0.15497267189404287,0.024016529033978665
DTSR14,hrnet32,zoom_blur,1.2,120,0.061335489605896513,0.061335489605896513,0.003762042285195039
DTSR14,hrnet32,zoom_blur,1.2,121,0.050515337474340595,0.050515337474340595,0.002551799320146519
DTSR14,hrnet32,zoom_blur,1.2,122,0.14573087605541712,0.14573087605541712,0.02123748823587935
DTSR14,hrnet32,zoom_blur,1.2,123,0.14931734397156063,0.14931734397156063,0.022295669210721354
DTSR14,hrnet32,zoom_blur,1.2,124,0.2939166818888204,0.2939166818888204,0.08638701589253406
DTSR14,hrnet32,zoom_blur,1.2,125,0.2348786350007232,0.2348786350007232,0.05516797317980295
DTSR14,hrnet32,zoom_blur,1.2,126,0.18008567098226044,0.18008567098226044,0.03243084889313096
DTSR14,hrnet32,zoom_blur,1.2,127,0.34272445475560226,0.34272445475560226,0.11746005188752486
DTSR14,hrnet32,zoom_blur,1.2,128,0.36802774250625075,0.36802774250625075,0.13544441925424722
DTSR14,hrnet32,zoom_blur,1.2,129,0.033283675442369084,0.033283675442369084,0.0011078030509529629
DTSR14,hrnet32,zoom_blur,1.2,130,0.4688688631695483,0.4688688631695483,0.2198380108499046
DTSR14,hrnet32,zoom_blur,1.2,131,0.27929717646241614,0.27929717646241614,0.07800691277987802
DTSR14,hrnet32,zoom_blur,1.2,132,0.3016212796404534,0.3016212796404534,0.09097539633194457
DTSR14,hrnet32,zoom_blur,1.2,133,0.24765885567133733,0.24765885567133733,0.0613349087924363
DTSR14,hrnet32,zoom_blur,1.2,134,0.2951921507014597,0.2951921507014597,0.0871384058357533
DTSR14,hrnet32,zoom_blur,1.2,135,0.14091924726724475,0.14091924726724475,0.01985823425036687
DTSR14,hrnet32,zoom_blur,1.2,136,0.0811304352019699,0.0811304352019699,0.006582147516061037
DTSR14,hrnet32,zoom_blur,1.2,137,0.14678693822144123,0.14678693822144123,0.021546405232425205
DTSR14,hrnet32,zoom_blur,1.2,138,0.27557977714568305,0.27557977714568305,0.07594421357166434
DTSR14,hrnet32,zoom_blur,1.2,139,0.2522142699069756,0.2522142699069756,0.06361203794470874
DTSR14,hrnet32,zoom_blur,1.2,140,0.17435873703670818,0.17435873703670818,0.030400969181035953
DTSR14,hrnet32,zoom_blur,1.2,141,0.2514315058389945,0.2514315058389945,0.06321780212846431
DTSR14,hrnet32,zoom_blur,1.2,142,0.20981413891983589,0.20981413891983589,0.04402197289067219
DTSR14,hrnet32,zoom_blur,1.2,143,0.04589967556801544,0.04589967556801544,0.0021067802172490737
DTSR14,hrnet32,zoom_blur,1.2,144,0.5783930339667153,0.5783930339667153,0.33453850174122185
DTSR14,hrnet32,zoom_blur,1.2,145,0.04755333501349356,0.04755333501349356,0.002261319670905553
DTSR14,hrnet32,zoom_blur,1.2,146,0.32187123190777167,0.32187123190777167,0.10360108992982653
DTSR14,hrnet32,zoom_blur,1.2,147,0.06696891049261952,0.06696891049261952,0.004484834972568485
DTSR14,hrnet32,zoom_blur,1.2,148,0.21388197619510696,0.21388197619510696,0.0457454997411243
DTSR14,hrnet32,zoom_blur,1.2,149,0.19198729046503973,0.19198729046503973,0.03685911970010754
DTSR14,hrnet32,zoom_blur,1.2,150,0.2935556582367054,0.2935556582367054,0.08617492448278537
DTSR14,hrnet32,zoom_blur,1.2,151,0.2803283897347953,0.2803283897347953,0.07858400609130328
DTSR14,hrnet32,zoom_blur,1.2,152,0.10658702789294927,0.10658702789294927,0.011360794515052347
DTSR14,hrnet32,zoom_blur,1.2,153,0.09231028309279803,0.09231028309279803,0.008521188364672513
DTSR14,hrnet32,zoom_blur,1.2,154,0.22989548981830246,0.22989548981830246,0.05285193623879721
DTSR14,hrnet32,zoom_blur,1.2,155,0.17599010598869153,0.17599010598869153,0.030972517405910876
DTSR14,hrnet32,zoom_blur,1.2,156,0.05101606339723249,0.05101606339723249,0.002602638724550445
DTSR14,hrnet32,zoom_blur,1.2,157,0.3730559494895494,0.3730559494895494,0.13917074144954925
DTSR14,hrnet32,zoom_blur,1.2,158,0.2373313600471717,0.2373313600471717,0.056326174461840246
DTSR14,hrnet32,zoom_blur,1.2,159,0.029091198909080938,0.029091198909080938,0.000846297853967712
DTSR14,hrnet32,zoom_blur,1.2,160,0.2517474651032838,0.2517474651032838,0.06337678618592908
DTSR14,hrnet32,zoom_blur,1.2,161,0.15686468850075058,0.15686468850075058,0.02460653049843751
DTSR14,hrnet32,zoom_blur,1.2,162,0.13381763331683993,0.13381763331683993,0.01790715898652023
DTSR14,hrnet32,zoom_blur,1.2,163,0.024929214517138407,0.024929214517138407,0.0006214657364415043
DTSR14,hrnet32,zoom_blur,1.2,164,0.19231477123550075,0.19231477123550075,0.036984971235362984
DTSR14,hrnet32,zoom_blur,1.2,165,0.06288710052282623,0.06288710052282623,0.003954787412168051
DTSR14,hrnet32,zoom_blur,1.2,166,0.03943143747030241,0.03943143747030241,0.0015548382609743689
DTSR14,hrnet32,zoom_blur,1.2,167,0.3608272019402501,0.3608272019402501,0.13019626966003
DTSR14,hrnet32,zoom_blur,1.2,168,0.055315449528251334,0.055315449528251334,0.003059798956512521
DTSR14,hrnet32,zoom_blur,1.2,169,0.02020962271016662,0.02020962271016662,0.0004084288500872824
DTSR14,hrnet32,zoom_blur,1.2,170,0.28319005744316783,0.28319005744316783,0.0801966086346647
DTSR14,hrnet32,zoom_blur,1.2,171,0.18551113892514778,0.18551113892514778,0.034414382665305485
DTSR14,hrnet32,zoom_blur,1.2,172,0.18398404408666275,0.18398404408666275,0.03385012847848306
DTSR14,hrnet32,zoom_blur,1.2,173,0.008494902582242315,0.008494902582242315,7.216336988178717e-05
DTSR14,hrnet32,zoom_blur,1.2,174,0.06546798766480351,0.06546798766480351,0.004286057408878864
DTSR14,hrnet32,zoom_blur,1.2,175,0.13528259746612853,0.13528259746612853,0.018301381177182566
DTSR14,hrnet32,zoom_blur,1.2,176,0.05684503151355593,0.05684503151355593,0.003231357607777167
DTSR14,hrnet32,zoom_blur,1.2,177,0.055675370913038154,0.055675370913038154,0.003099746926304375
DTSR14,hrnet32,zoom_blur,1.2,178,0.11966946173179399,0.11966946173179399,0.014320780071177307
DTSR14,hrnet32,zoom_blur,1.2,179,0.03203100706659787,0.03203100706659787,0.001025985413700443
DTSR14,hrnet32,zoom_blur,1.2,180,0.4285848289640199,0.4285848289640199,0.18368495561811818
DTSR14,hrnet32,zoom_blur,1.2,181,0.06439683508359433,0.06439683508359433,0.004146952368783645
DTSR14,hrnet32,zoom_blur,1.2,182,0.1904587979479563,0.1904587979479563,0.03627455371578045
DTSR14,hrnet32,zoom_blur,1.2,183,0.2999917233755377,0.2999917233755377,0.08999503409382513
DTSR14,hrnet32,zoom_blur,1.2,184,0.12400420499367609,0.12400420499367609,0.015377042856113642
DTSR14,hrnet32,zoom_blur,1.2,185,0.1679500659297318,0.1679500659297318,0.02820722464580126
DTSR14,hrnet32,zoom_blur,1.2,186,0.04977808575942155,0.04977808575942155,0.0024778578218723267
DTSR14,hrnet32,zoom_blur,1.2,187,0.3468746803833124,0.3468746803833124,0.12032204389102512
DTSR14,hrnet32,zoom_blur,1.2,188,0.10403882644533159,0.10403882644533159,0.010824077408121828
DTSR14,hrnet32,zoom_blur,1.2,189,0.09387822864779442,0.09387822864779442,0.008813121814047569
DTSR14,hrnet32,zoom_blur,1.2,190,0.10780502272000934,0.10780502272000934,0.01162192292366173
DTSR14,hrnet32,zoom_blur,1.2,191,0.22897598602801927,0.22897598602801927,0.052430002177503675
DTSR14,hrnet32,zoom_blur,1.2,192,0.15164891192049557,0.15164891192049557,0.022997392486670223
DTSR14,hrnet32,zoom_blur,1.2,193,0.12180667552739022,0.12180667552739022,0.014836866203034923
DTSR14,hrnet32,zoom_blur,1.2,194,0.054931718642122755,0.054931718642122755,0.0030174937129773365
DTSR14,hrnet32,zoom_blur,1.2,195,0.04828017337901268,0.04828017337901268,0.0023309751415075243
DTSR14,hrnet32,zoom_blur,1.2,196,0.41704730973205684,0.41704730973205684,0.17392845855474615
DTSR14,hrnet32,zoom_blur,1.2,197,0.15035569611745797,0.15035569611745797,0.022606835354965365
DTSR14,hrnet32,zoom_blur,1.2,198,0.16023939296925666,0.16023939296925666,0.02567666305915586
DTSR14,hrnet32,zoom_blur,1.2,199,0.17772740521022903,0.17772740521022903,0.031587030562760944
DTSR14,hrnet32,contrast,0.5,0,0.01633695051485942,0.01633695051485942,0.0002668959521249654
DTSR14,hrnet32,contrast,0.5,1,0.097214700757053,0.097214700757053,0.009450698043283362
DTSR14,hrnet32,contrast,0.5,2,0.15634795186836895,0.15634795186836895,0.024444682053433812
DTSR14,hrnet32,contrast,0.5,3,0.08018571761865816,0.08018571761865816,0.006429749310019185
DTSR14,hrnet32,contrast,0.5,4,0.2539268036612735,0.2539268036612735,0.06447882161763095
DTSR14,hrnet32,contrast,0.5,5,0.05826509450517006,0.05826509450517006,0.0033948212376963987
DTSR14,hrnet32,contrast,0.5,6,0.2780772949661222,0.2780772949661222,0.07732698197567574
DTSR14,hrnet32,contrast,0.5,7,0.46279045797288754,0.46279045797288754,0.21417500799075498
DTSR14,hrnet32,contrast,0.5,8,0.2356244968955287,0.2356244968955287,0.055518903537271014
DTSR14,hrnet32,contrast,0.5,9,0.04460897479249707,0.04460897479249707,0.001989960632037639
DTSR14,hrnet32,contrast,0.5,10,0.04586143929280821,0.04586143929280821,0.002103271614007933
DTSR14,hrnet32,contrast,0.5,11,0.04388355166042979,0.04388355166042979,0.0019257661063336099
DTSR14,hrnet32,contrast,0.5,12,0.032031498530005545,0.032031498530005545,0.0010260168980777474
DTSR14,hrnet32,contrast,0.5,13,0.07179945666977396,0.07179945666977396,0.005155161978074748
DTSR14,hrnet32,contrast,0.5,14,0.08209756794760795,0.08209756794760795,0.006740010662912104
DTSR14,hrnet32,contrast,0.5,15,0.052582220401168,0.052582220401168,0.0027648899023170084
DTSR14,hrnet32,contrast,0.5,16,0.09363033979335748,0.09363033979335748,0.008766640529819581
DTSR14,hrnet32,contrast,0.5,17,0.0756333246056598,0.0756333246056598,0.005720399790905105
DTSR14,hrnet32,contrast,0.5,18,0.01698474272045899,0.01698474272045899,0.00028848148528018473
DTSR14,hrnet32,contrast,0.5,19,0.2191929708120963,0.2191929708120963,0.048045558453432495
DTSR14,hrnet32,contrast,0.5,20,0.009934748812505239,0.009934748812505239,9.869923396757425e-05
DTSR14,hrnet32,contrast,0.5,21,0.03444224527183578,0.03444224527183578,0.001186268259365294
DTSR14,hrnet32,contrast,0.5,22,0.17285426384022237,0.17285426384022237,0.02987859652774521
DTSR14,hrnet32,contrast,0.5,23,0.05019321772700242,0.05019321772700242,0.0025193591057902703
DTSR14,hrnet32,contrast,0.5,24,0.12323115940170146,0.12323115940170146,0.015185918647487553
DTSR14,hrnet32,contrast,0.5,25,0.02610613824512111,0.02610613824512111,0.000681530454073375
DTSR14,hrnet32,contrast,0.5,26,0.1046302309145421,0.1046302309145421,0.010947485221230402
DTSR14,hrnet32,contrast,0.5,27,0.24009891774417458,0.24009891774417458,0.05764749030192391
DTSR14,hrnet32,contrast,0.5,28,0.062114085101958524,0.062114085101958524,0.003858159568053346
DTSR14,hrnet32,contrast,0.5,29,0.06632157170230678,0.06632157170230678,0.004398550873064219
DTSR14,hrnet32,contrast,0.5,30,0.04860179445164712,0.04860179445164712,0.002362134423920157
DTSR14,hrnet32,contrast,0.5,31,0.03363692093118572,0.03363692093118572,0.0011314424497308399
DTSR14,hrnet32,contrast,0.5,32,0.016456125283927522,0.016456125283927522,0.00027080405936031867
DTSR14,hrnet32,contrast,0.5,33,0.03386414048059743,0.03386414048059743,0.0011467800104896376
DTSR14,hrnet32,contrast,0.5,34,0.07237515143453993,0.07237515143453993,0.005238162545172587
DTSR14,hrnet32,contrast,0.5,35,0.030179041573738626,0.030179041573738626,0.0009107745503094443
DTSR14,hrnet32,contrast,0.5,36,0.029087298415296347,0.029087298415296347,0.0008460709291005014
DTSR14,hrnet32,contrast,0.5,37,0.1129604503608557,0.1129604503608557,0.012760063345727345
DTSR14,hrnet32,contrast,0.5,38,0.037798399186215206,0.037798399186215206,0.0014287189810404744
DTSR14,hrnet32,contrast,0.5,39,0.1411346146191268,0.1411346146191268,0.01991897944368944
DTSR14,hrnet32,contrast,0.5,40,0.049884963587119704,0.049884963587119704,0.002488509592088259
DTSR14,hrnet32,contrast,0.5,41,0.028327181676304835,0.028327181676304835,0.0008024292217223804
DTSR14,hrnet32,contrast,0.5,42,0.07084331449684927,0.07084331449684927,0.0050187752088994945
DTSR14,hrnet32,contrast,0.5,43,0.05129860567170379,0.05129860567170379,0.00263154694386096
DTSR14,hrnet32,contrast,0.5,44,0.10189452272932926,0.10189452272932926,0.010382493762237799
DTSR14,hrnet32,contrast,0.5,45,0.05452347370135208,0.05452347370135208,0.0029728091844620323
DTSR14,hrnet32,contrast,0.5,46,0.039547544126275175,0.039547544126275175,0.0015640082464196822
DTSR14,hrnet32,contrast,0.5,47,0.053712448502780195,0.053712448502780195,0.0028850271241638143
DTSR14,hrnet32,contrast,0.5,48,0.13479559537368183,0.13479559537368183,0.018169852532145352
DTSR14,hrnet32,contrast,0.5,49,0.1479131790046522,0.1479131790046522,0.021878308523262283
DTSR14,hrnet32,contrast,0.5,50,0.20216603540221154,0.20216603540221154,0.040871105870248246
DTSR14,hrnet32,contrast,0.5,51,0.11793972668704232,0.11793972668704232,0.013909779131014242
DTSR14,hrnet32,contrast,0.5,52,0.019078319479458126,0.019078319479458126,0.00036398227416027136
DTSR14,hrnet32,contrast,0.5,53,0.006152858632542558,0.006152858632542558,3.785766935205348e-05
DTSR14,hrnet32,contrast,0.5,54,0.04646121471762516,0.04646121471762516,0.002158644473037269
DTSR14,hrnet32,contrast,0.5,55,0.09586764865451866,0.09586764865451866,0.009190606058546234
DTSR14,hrnet32,contrast,0.5,56,0.03392178498229012,0.03392178498229012,0.0011506874963847235
DTSR14,hrnet32,contrast,0.5,57,0.0030096135655195535,0.0030096135655195535,9.057773813759319e-06
DTSR14,hrnet32,contrast,0.5,58,0.22826547286565074,0.22826547286565074,0.052105126102579134
DTSR14,hrnet32,contrast,0.5,59,0.1675455787416972,0.1675455787416972,0.02807152095589026
DTSR14,hrnet32,contrast,0.5,60,0.014027192147654199,0.014027192147654199,0.0001967621195472116
DTSR14,hrnet32,contrast,0.5,61,0.028464354059036537,0.028464354059036537,0.0008102194519981898
DTSR14,hrnet32,contrast,0.5,62,0.2890324615645064,0.2890324615645064,0.08353976383803788
DTSR14,hrnet32,contrast,0.5,63,0.06545081725885118,0.06545081725885118,0.004283809479851532
DTSR14,hrnet32,contrast,0.5,64,0.03545073140450089,0.03545073140450089,0.0012567543571140657
DTSR14,hrnet32,contrast,0.5,65,0.10955655197559049,0.10955655197559049,0.012002638080780259
DTSR14,hrnet32,contrast,0.5,66,0.1008342052915843,0.1008342052915843,0.010167536956785366
DTSR14,hrnet32,contrast,0.5,67,0.10779429716870648,0.10779429716870648,0.0116196105020954
DTSR14,hrnet32,contrast,0.5,68,0.07669899064880244,0.07669899064880244,0.005882735166545083
DTSR14,hrnet32,contrast,0.5,69,0.03931986529447092,0.03931986529447092,0.001546051806775339
DTSR14,hrnet32,contrast,0.5,70,0.0395058824342663,0.0395058824342663,0.0015607147469100708
DTSR14,hrnet32,contrast,0.5,71,0.11237092536350586,0.11237092536350586,0.012627224867050604
DTSR14,hrnet32,contrast,0.5,72,0.10724783145049854,0.10724783145049854,0.011502097350834545
DTSR14,hrnet32,contrast,0.5,73,0.03906260089090896,0.03906260089090896,0.0015258867883624415
DTSR14,hrnet32,contrast,0.5,74,0.18127954543091848,0.18127954543091848,0.032862273591640435
DTSR14,hrnet32,contrast,0.5,75,0.043778433139009296,0.043778433139009296,0.0019165512081067073
DTSR14,hrnet32,contrast,0.5,76,0.1243025884011821,0.1243025884011821,0.01545113348323369
DTSR14,hrnet32,contrast,0.5,77,0.09483026288880836,0.09483026288880836,0.008992778759560505
DTSR14,hrnet32,contrast,0.5,78,0.2584044594789616,0.2584044594789616,0.06677286467861432
DTSR14,hrnet32,contrast,0.5,79,0.11179989983926282,0.11179989983926282,0.0124992176040692
DTSR14,hrnet32,contrast,0.5,80,0.010419085305863357,0.010419085305863357,0.00010855733861085772
DTSR14,hrnet32,contrast,0.5,81,0.035942873797495486,0.035942873797495486,0.0012918901768226875
DTSR14,hrnet32,contrast,0.5,82,0.1204669006766669,0.1204669006766669,0.01451227415864193
DTSR14,hrnet32,contrast,0.5,83,0.11432405692251811,0.11432405692251811,0.013069989991223161
DTSR14,hrnet32,contrast,0.5,84,0.07173293397199827,0.07173293397199827,0.005145613816231064
DTSR14,hrnet32,contrast,0.5,85,0.08382827999884006,0.08382827999884006,0.007027180527563928
DTSR14,hrnet32,contrast,0.5,86,0.0703270077019179,0.0703270077019179,0.004945888012305619
DTSR14,hrnet32,contrast,0.5,87,0.07829959437471035,0.07829959437471035,0.006130826479244172
DTSR14,hrnet32,contrast,0.5,88,0.04048285657218811,0.04048285657218811,0.0016388616762443538
DTSR14,hrnet32,contrast,0.5,89,0.06278746962749802,0.06278746962749802,0.003942266342223987
DTSR14,hrnet32,contrast,0.5,90,0.05503312446487726,0.05503312446487726,0.003028644788366672
DTSR14,hrnet32,contrast,0.5,91,0.06400811106108266,0.06400811106108266,0.004097038281607892
DTSR14,hrnet32,contrast,0.5,92,0.16829679892365085,0.16829679892365085,0.028323812527947766
DTSR14,hrnet32,contrast,0.5,93,0.04504104397230105,0.04504104397230105,0.0020286956421147564
DTSR14,hrnet32,contrast,0.5,94,0.03552569466463763,0.03552569466463763,0.0012620749814050629
DTSR14,hrnet32,contrast,0.5,95,0.053091413915090535,0.053091413915090535,0.002818698231503469
DTSR14,hrnet32,contrast,0.5,96,0.09186204239870463,0.09186204239870463,0.008438634833661408
DTSR14,hrnet32,contrast,0.5,97,0.1468772877168242,0.1468772877168242,0.02157293764705076
DTSR14,hrnet32,contrast,0.5,98,0.16642595446208142,0.16642595446208142,0.027697598318614798
DTSR14,hrnet32,contrast,0.5,99,0.06653880112330574,0.06653880112330574,0.0044274120549268325
DTSR14,hrnet32,contrast,0.5,100,0.20176112963275722,0.20176112963275722,0.040707553430686265
DTSR14,hrnet32,contrast,0.5,101,0.044983975178967864,0.044983975178967864,0.0020235580229019967
DTSR14,hrnet32,contrast,0.5,102,0.11575896553261372,0.11575896553261372,0.013400138101180853
DTSR14,hrnet32,contrast,0.5,103,0.06432333074072005,0.06432333074072005,0.004137490877580061
DTSR14,hrnet32,contrast,0.5,104,0.056793202011361635,0.056793202011361635,0.0032254677947033314
DTSR14,hrnet32,contrast,0.5,105,0.08796720660281976,0.08796720660281976,0.007738229437503176
DTSR14,hrnet32,contrast,0.5,106,0.3076724649038523,0.3076724649038523,0.09466234566001223
DTSR14,hrnet32,contrast,0.5,107,0.16909429347319635,0.16909429347319635,0.028592880085199453
DTSR14,hrnet32,contrast,0.5,108,0.10116738862707611,0.10116738862707611,0.010234840521621848
DTSR14,hrnet32,contrast,0.5,109,0.03509639241970949,0.03509639241970949,0.001231756760878242
DTSR14,hrnet32,contrast,0.5,110,0.1372037256745678,0.1372037256745678,0.018824862338982052
DTSR14,hrnet32,contrast,0.5,111,0.17444819033913123,0.17444819033913123,0.03043217111259776
DTSR14,hrnet32,contrast,0.5,112,0.19403379649846703,0.19403379649846703,0.037649114183608515
DTSR14,hrnet32,contrast,0.5,113,0.06880536506451015,0.06880536506451015,0.004734178261660515
DTSR14,hrnet32,contrast,0.5,114,0.3479966372692489,0.3479966372692489,0.12110165955070519
DTSR14,hrnet32,contrast,0.5,115,0.05787624825291517,0.05787624825291517,0.0033496601118330666
DTSR14,hrnet32,contrast,0.5,116,0.048881220327036394,0.048881220327036394,0.002389373700660276
DTSR14,hrnet32,contrast,0.5,117,0.04460823754644839,0.04460823754644839,0.0019898948570003677
DTSR14,hrnet32,contrast,0.5,118,0.31094921187774904,0.31094921187774904,0.09668941236739327
DTSR14,hrnet32,contrast,0.5,119,0.030940664305512088,0.030940664305512088,0.0009573247076663897
DTSR14,hrnet32,contrast,0.5,120,0.055801321440540355,0.055801321440540355,0.003113787474510509
DTSR14,hrnet32,contrast,0.5,121,0.03017770117538501,0.03017770117538501,0.0009106936482308338
DTSR14,hrnet32,contrast,0.5,122,0.13018219773719894,0.13018219773719894,0.016947404607687164
DTSR14,hrnet32,contrast,0.5,123,0.06672727806503001,0.06672727806503001,0.004452529637967835
DTSR14,hrnet32,contrast,0.5,124,0.32338061020814624,0.32338061020814624,0.10457501905859301
DTSR14,hrnet32,contrast,0.5,125,0.09639680029950776,0.09639680029950776,0.00929234310798318
DTSR14,hrnet32,contrast,0.5,126,0.2731343639087358,0.2731343639087358,0.07460238074782971
DTSR14,hrnet32,contrast,0.5,127,0.21974221379237802,0.21974221379237802,0.04828664052237517
DTSR14,hrnet32,contrast,0.5,128,0.48232728888118775,0.48232728888118775,0.23263961359947674
DTSR14,hrnet32,contrast,0.5,129,0.15618113738251851,0.15618113738251851,0.024392547674097122
DTSR14,hrnet32,contrast,0.5,130,0.19099515088641758,0.19099515088641758,0.03647914766212542
DTSR14,hrnet32,contrast,0.5,131,0.03608079520179658,0.03608079520179658,0.001301823782393987
DTSR14,hrnet32,contrast,0.5,132,0.09382575433941577,0.09382575433941577,0.008803272177360398
DTSR14,hrnet32,contrast,0.5,133,0.06685411355028414,0.06685411355028414,0.004469472498594286
DTSR14,hrnet32,contrast,0.5,134,0.10128159383333663,0.10128159383333663,0.010257961249420971
DTSR14,hrnet32,contrast,0.5,135,0.018682057365817555,0.018682057365817555,0.000349019267419698
DTSR14,hrnet32,contrast,0.5,136,0.0489212587191823,0.0489212587191823,0.0023932895546691702
DTSR14,hrnet32,contrast,0.5,137,0.19841179061477474,0.19841179061477474,0.03936723865496121
DTSR14,hrnet32,contrast,0.5,138,0.16576532949697315,0.16576532949697315,0.027478144463240074
DTSR14,hrnet32,contrast,0.5,139,0.09935462990766757,0.09935462990766757,0.00987134248408959
DTSR14,hrnet32,contrast,0.5,140,0.27192058829279947,0.27192058829279947,0.07394080633750215
DTSR14,hrnet32,contrast,0.5,141,0.1907143134747067,0.1907143134747067,0.036371949364128686
DTSR14,hrnet32,contrast,0.5,142,0.11941708963020563,0.11941708963020563,0.014260441295748565
DTSR14,hrnet32,contrast,0.5,143,0.09591304306469305,0.09591304306469305,0.009199311829929663
DTSR14,hrnet32,contrast,0.5,144,0.045449753009551695,0.045449753009551695,0.0020656800486292533
DTSR14,hrnet32,contrast,0.5,145,0.08878982638898703,0.08878982638898703,0.007883633270186458
DTSR14,hrnet32,contrast,0.5,146,0.27792712740839937,0.27792712740839937,0.07724348814948466
DTSR14,hrnet32,contrast,0.5,147,0.09215668833388692,0.09215668833388692,0.00849285520466917
DTSR14,hrnet32,contrast,0.5,148,0.07430843952020237,0.07430843952020237,0.005521744183927574
DTSR14,hrnet32,contrast,0.5,149,0.07683557957596843,0.07683557957596843,0.005903706288774976
DTSR14,hrnet32,contrast,0.5,150,0.054248001146032926,0.054248001146032926,0.0029428456283399898
DTSR14,hrnet32,contrast,0.5,151,0.05777809929713963,0.05777809929713963,0.003338308758390127
DTSR14,hrnet32,contrast,0.5,152,0.044582937104563,0.044582937104563,0.0019876382808694205
DTSR14,hrnet32,contrast,0.5,153,0.07130029285513258,0.07130029285513258,0.00508373176122767
DTSR14,hrnet32,contrast,0.5,154,0.18380152825547888,0.18380152825547888,0.0337830017890496
DTSR14,hrnet32,contrast,0.5,155,0.02143331450563764,0.02143331450563764,0.00045938697069757695
DTSR14,hrnet32,contrast,0.5,156,0.027789617324222804,0.027789617324222804,0.0007722628310267442
DTSR14,hrnet32,contrast,0.5,157,0.21430427009390016,0.21430427009390016,0.04592632018047931
DTSR14,hrnet32,contrast,0.5,158,0.017303171374490747,0.017303171374490747,0.000299399739614996
DTSR14,hrnet32,contrast,0.5,159,0.024043969913281556,0.024043969913281556,0.0005781124891907887
DTSR14,hrnet32,contrast,0.5,160,0.022715545366844635,0.022715545366844635,0.0005159960013131768
DTSR14,hrnet32,contrast,0.5,161,0.09427632743086028,0.09427632743086028,0.008888025913850779
DTSR14,hrnet32,contrast,0.5,162,0.007886598159380802,0.007886598159380802,6.219843052754865e-05
DTSR14,hrnet32,contrast,0.5,163,0.04390766321527185,0.04390766321527185,0.0019278828890257366
DTSR14,hrnet32,contrast,0.5,164,0.03224327378417365,0.03224327378417365,0.0010396287043211798
DTSR14,hrnet32,contrast,0.5,165,0.04585520122593847,0.04585520122593847,0.0021026994794713086
DTSR14,hrnet32,contrast,0.5,166,0.025701916430871507,0.025701916430871507,0.0006605885082195028
DTSR14,hrnet32,contrast,0.5,167,0.38621769355860125,0.38621769355860125,0.14916410681772563
DTSR14,hrnet32,contrast,0.5,168,0.029766317423820982,0.029766317423820982,0.0008860336529756686
DTSR14,hrnet32,contrast,0.5,169,0.07482666321750027,0.07482666321750027,0.005599029528265208
DTSR14,hrnet32,contrast,0.5,170,0.022295096659626285,0.022295096659626285,0.0004970713350620791
DTSR14,hrnet32,contrast,0.5,171,0.21211457531080133,0.21211457531080133,0.04499259305928161
DTSR14,hrnet32,contrast,0.5,172,0.09461624440481177,0.09461624440481177,0.008952233705271075
DTSR14,hrnet32,contrast,0.5,173,0.04620974616782797,0.04620974616782797,0.0021353406408950917
DTSR14,hrnet32,contrast,0.5,174,0.019919745714878267,0.019919745714878267,0.0003967962693454111
DTSR14,hrnet32,contrast,0.5,175,0.02369770789337694,0.02369770789337694,0.0005615813593998197
DTSR14,hrnet32,contrast,0.5,176,0.03556613649962206,0.03556613649962206,0.0012649500655097484
DTSR14,hrnet32,contrast,0.5,177,0.0461465408952555,0.0461465408952555,0.0021295032365974886
DTSR14,hrnet32,contrast,0.5,178,0.044617285614237535,0.044617285614237535,0.001990702175582448
DTSR14,hrnet32,contrast,0.5,179,0.07478948215776894,0.07478948215776894,0.005593466641427239
DTSR14,hrnet32,contrast,0.5,180,0.35556068466412494,0.35556068466412494,0.12642340047882128
DTSR14,hrnet32,contrast,0.5,181,0.2026653386098442,0.2026653386098442,0.04107323947384281
DTSR14,hrnet32,contrast,0.5,182,0.15675602468762145,0.15675602468762145,0.024572451275866186
DTSR14,hrnet32,contrast,0.5,183,0.05712169539010095,0.05712169539010095,0.0032628880842394802
DTSR14,hrnet32,contrast,0.5,184,0.15760912740108396,0.15760912740108396,0.024840637040131116
DTSR14,hrnet32,contrast,0.5,185,0.016033794705190934,0.016033794705190934,0.0002570825726482088
DTSR14,hrnet32,contrast,0.5,186,0.4124605142332231,0.4124605142332231,0.17012367580153484
DTSR14,hrnet32,contrast,0.5,187,0.1893081935066428,0.1893081935066428,0.03583759212874851
DTSR14,hrnet32,contrast,0.5,188,0.16048245369920908,0.16048245369920908,0.025754617945318786
DTSR14,hrnet32,contrast,0.5,189,0.13144291860013427,0.13144291860013427,0.017277240850121525
DTSR14,hrnet32,contrast,0.5,190,0.09262244398119877,0.09262244398119877,0.008578917129050305
DTSR14,hrnet32,contrast,0.5,191,0.07630441182858896,0.07630441182858896,0.005822363264506907
DTSR14,hrnet32,contrast,0.5,192,0.06660569070682844,0.06660569070682844,0.004436318034533693
DTSR14,hrnet32,contrast,0.5,193,0.08228001106308905,0.08228001106308905,0.006770000220542056
DTSR14,hrnet32,contrast,0.5,194,0.23790287473123461,0.23790287473123461,0.05659777780538551
DTSR14,hrnet32,contrast,0.5,195,0.09767070796321328,0.09767070796321328,0.009539567194035295
DTSR14,hrnet32,contrast,0.5,196,0.5100516051228869,0.5100516051228869,0.2601526398884334
DTSR14,hrnet32,contrast,0.5,197,0.0708037417400015,0.0708037417400015,0.00501316984438483
DTSR14,hrnet32,contrast,0.5,198,0.0870060157287277,0.0870060157287277,0.007570046772987611
DTSR14,hrnet32,contrast,0.5,199,0.33074498135257957,0.33074498135257957,0.1093922426899182
DTSR14,hrnet32,contrast,1.5,0,0.02690572408739504,0.02690572408739504,0.0007239179886670298
DTSR14,hrnet32,contrast,1.5,1,0.06847777478333741,0.06847777478333741,0.004689205639277482
DTSR14,hrnet32,contrast,1.5,2,0.5002746567061828,0.5002746567061828,0.250274732142489
DTSR14,hrnet32,contrast,1.5,3,0.017468964660754708,0.017468964660754708,0.00030516472631869683
DTSR14,hrnet32,contrast,1.5,4,0.04793296683322496,0.04793296683322496,0.002297569309435044
DTSR14,hrnet32,contrast,1.5,5,0.05675651081215582,0.05675651081215582,0.0032213015195703605
DTSR14,hrnet32,contrast,1.5,6,0.2539046992586584,0.2539046992586584,0.06446759630562976
DTSR14,hrnet32,contrast,1.5,7,0.009487404966694094,0.009487404966694094,9.001085300205177e-05
DTSR14,hrnet32,contrast,1.5,8,0.15459899336361815,0.15459899336361815,0.02390084874904405
DTSR14,hrnet32,contrast,1.5,9,0.09418648000265165,0.09418648000265165,0.008871093015289898
DTSR14,hrnet32,contrast,1.5,10,0.2490944349052975,0.2490944349052975,0.0620480375007895
DTSR14,hrnet32,contrast,1.5,11,0.09102013532792196,0.09102013532792196,0.008284665035113227
DTSR14,hrnet32,contrast,1.5,12,0.2632242862574019,0.2632242862574019,0.06928702487571867
DTSR14,hrnet32,contrast,1.5,13,0.05122487129869291,0.05122487129869291,0.0026239874395676526
DTSR14,hrnet32,contrast,1.5,14,0.15442459655189358,0.15442459655189358,0.023846956020215103
DTSR14,hrnet32,contrast,1.5,15,0.028873260807287287,0.028873260807287287,0.0008336651896456321
DTSR14,hrnet32,contrast,1.5,16,0.10157689533519777,0.10157689533519777,0.010317865665937722
DTSR14,hrnet32,contrast,1.5,17,0.011463987156973063,0.011463987156973063,0.00013142300153524335
DTSR14,hrnet32,contrast,1.5,18,0.01642941773769094,0.01642941773769094,0.00026992576719955374
DTSR14,hrnet32,contrast,1.5,19,0.12395465003049791,0.12395465003049791,0.015364755264183216
DTSR14,hrnet32,contrast,1.5,20,0.014822363654900706,0.014822363654900706,0.00021970246431812142
DTSR14,hrnet32,contrast,1.5,21,0.02806471118222282,0.02806471118222282,0.0007876280137415826
DTSR14,hrnet32,contrast,1.5,22,0.08201860640436186,0.08201860640436186,0.006727051796513628
DTSR14,hrnet32,contrast,1.5,23,0.08119788194538174,0.08119788194538174,0.006593096032416151
DTSR14,hrnet32,contrast,1.5,24,0.048095970112237124,0.048095970112237124,0.002313222341037207
DTSR14,hrnet32,contrast,1.5,25,0.004127277213005778,0.004127277213005778,1.7034417192996746e-05
DTSR14,hrnet32,contrast,1.5,26,0.05008691210727017,0.05008691210727017,0.002508698764441407
DTSR14,hrnet32,contrast,1.5,27,0.29550029858602245,0.29550029858602245,0.08732042646442842
DTSR14,hrnet32,contrast,1.5,28,0.06374306998290016,0.06374306998290016,0.004063178970844908
DTSR14,hrnet32,contrast,1.5,29,0.026676352278673182,0.026676352278673182,0.0007116277708958719
DTSR14,hrnet32,contrast,1.5,30,0.017120198173584948,0.017120198173584948,0.0002931011855028214
DTSR14,hrnet32,contrast,1.5,31,0.03249879160280471,0.03249879160280471,0.0010561714556425298
DTSR14,hrnet32,contrast,1.5,32,0.0865819768245526,0.0865819768245526,0.007496438710847363
DTSR14,hrnet32,contrast,1.5,33,0.05945262177926754,0.05945262177926754,0.003534614236428637
DTSR14,hrnet32,contrast,1.5,34,0.028361490438963497,0.028361490438963497,0.0008043741399194179
DTSR14,hrnet32,contrast,1.5,35,0.024131612495300173,0.024131612495300173,0.0005823347216233274
DTSR14,hrnet32,contrast,1.5,36,0.3233595745078485,0.3233595745078485,0.10456141442589684
DTSR14,hrnet32,contrast,1.5,37,0.031349378192867906,0.031349378192867906,0.0009827835130794618
DTSR14,hrnet32,contrast,1.5,38,0.15005731983559115,0.15005731983559115,0.022517199236240897
DTSR14,hrnet32,contrast,1.5,39,0.01803421863023007,0.01803421863023007,0.00032523304160293737
DTSR14,hrnet32,contrast,1.5,40,0.08399845072080456,0.08399845072080456,0.007055739723495431
DTSR14,hrnet32,contrast,1.5,41,0.04592718925323726,0.04592718925323726,0.0021093067127026716
DTSR14,hrnet32,contrast,1.5,42,0.011627186486595885,0.011627186486595885,0.00013519146559407794
DTSR14,hrnet32,contrast,1.5,43,0.020700762932694464,0.020700762932694464,0.0004285215859956171
DTSR14,hrnet32,contrast,1.5,44,0.12578036213660723,0.12578036213660723,0.015820699499216058
DTSR14,hrnet32,contrast,1.5,45,0.14086255883808715,0.14086255883808715,0.019842260482413564
DTSR14,hrnet32,contrast,1.5,46,0.04122370106816864,0.04122370106816864,0.0016993935297577281
DTSR14,hrnet32,contrast,1.5,47,0.06257664176165129,0.06257664176165129,0.003915836094166039
DTSR14,hrnet32,contrast,1.5,48,0.018618264245544688,0.018618264245544688,0.0003466397635169277
DTSR14,hrnet32,contrast,1.5,49,0.03859592444263239,0.03859592444263239,0.0014896453835813886
DTSR14,hrnet32,contrast,1.5,50,0.03372102611334247,0.03372102611334247,0.0011371076021367246
DTSR14,hrnet32,contrast,1.5,51,0.03221277807686416,0.03221277807686416,0.0010376630714293
DTSR14,hrnet32,contrast,1.5,52,0.019464140282264415,0.019464140282264415,0.0003788527569276682
DTSR14,hrnet32,contrast,1.5,53,0.03036668643254238,0.03036668643254238,0.0009221356448923535
DTSR14,hrnet32,contrast,1.5,54,0.1288991083513993,0.1288991083513993,0.01661498013378578
DTSR14,hrnet32,contrast,1.5,55,0.12030316982032631,0.12030316982032631,0.014472852668818271
DTSR14,hrnet32,contrast,1.5,56,0.06722112559125976,0.06722112559125976,0.0045186797257559174
DTSR14,hrnet32,contrast,1.5,57,0.19059102200687722,0.19059102200687722,0.036324937669625953
DTSR14,hrnet32,contrast,1.5,58,0.10071675510502358,0.10071675510502358,0.010143864758885294
DTSR14,hrnet32,contrast,1.5,59,0.013812849729722179,0.013812849729722179,0.00019079481765588608
DTSR14,hrnet32,contrast,1.5,60,0.17834907968001829,0.17834907968001829,0.031808394222709514
DTSR14,hrnet32,contrast,1.5,61,0.07433699315881816,0.07433699315881816,0.005525988551894178
DTSR14,hrnet32,contrast,1.5,62,0.06931824868312733,0.06931824868312733,0.004805019600495884
DTSR14,hrnet32,contrast,1.5,63,0.02133281299085156,0.02133281299085156,0.0004550889101026451
DTSR14,hrnet32,contrast,1.5,64,0.025465112035627954,0.025465112035627954,0.0006484719309870836
DTSR14,hrnet32,contrast,1.5,65,0.05705868138868405,0.05705868138868405,0.0032556931218153595
DTSR14,hrnet32,contrast,1.5,66,0.05191844943095773,0.05191844943095773,0.002695525391314915
DTSR14,hrnet32,contrast,1.5,67,0.08295042409583205,0.08295042409583205,0.006880772857678394
DTSR14,hrnet32,contrast,1.5,68,0.02374158838040215,0.02374158838040215,0.0005636630188244465
DTSR14,hrnet32,contrast,1.5,69,0.15333101136182292,0.15333101136182292,0.02351039904523947
DTSR14,hrnet32,contrast,1.5,70,0.0771620467547669,0.0771620467547669,0.005953981459384833
DTSR14,hrnet32,contrast,1.5,71,0.05229683078837863,0.05229683078837863,0.002734958510508307
DTSR14,hrnet32,contrast,1.5,72,0.057565981165894474,0.057565981165894474,0.003313842187592117
DTSR14,hrnet32,contrast,1.5,73,0.015758481435989877,0.015758481435989877,0.0002483297371684376
DTSR14,hrnet32,contrast,1.5,74,0.05600925447673219,0.05600925447673219,0.003137036587039345
DTSR14,hrnet32,contrast,1.5,75,0.008187738029724285,0.008187738029724285,6.703905404339333e-05
DTSR14,hrnet32,contrast,1.5,76,0.02397692242075651,0.02397692242075651,0.0005748928087709762
DTSR14,hrnet32,contrast,1.5,77,0.127131874712097,0.127131874712097,0.01616251356781233
DTSR14,hrnet32,contrast,1.5,78,0.06715493120162994,0.06715493120162994,0.00450978478469565
DTSR14,hrnet32,contrast,1.5,79,0.08530082135469338,0.08530082135469338,0.007276230123785315
DTSR14,hrnet32,contrast,1.5,80,0.04050039803716523,0.04050039803716523,0.0016402822411688172
DTSR14,hrnet32,contrast,1.5,81,0.059677667389006483,0.059677667389006483,0.003561423984992888
DTSR14,hrnet32,contrast,1.5,82,0.049229337301513944,0.049229337301513944,0.0024235276511462324
DTSR14,hrnet32,contrast,1.5,83,0.02594009657094352,0.02594009657094352,0.0006728886101098758
DTSR14,hrnet32,contrast,1.5,84,0.043795830876989864,0.043795830876989864,0.0019180748022058988
DTSR14,hrnet32,contrast,1.5,85,0.025175563957895074,0.025175563957895074,0.0006338090205980655
DTSR14,hrnet32,contrast,1.5,86,0.048771547171994174,0.048771547171994174,0.002378663813550053
DTSR14,hrnet32,contrast,1.5,87,0.044178284162091304,0.044178284162091304,0.0019517207915064874
DTSR14,hrnet32,contrast,1.5,88,0.03607550192694449,0.03607550192694449,0.0013014418392809756
DTSR14,hrnet32,contrast,1.5,89,0.3756760899559643,0.3756760899559643,0.1411325245646018
DTSR14,hrnet32,contrast,1.5,90,0.19147951429329155,0.19147951429329155,0.03666440439399484
DTSR14,hrnet32,contrast,1.5,91,0.1066122758240037,0.1066122758240037,0.011366177356373445
DTSR14,hrnet32,contrast,1.5,92,0.10757382838741425,0.10757382838741425,0.011572128553924851
DTSR14,hrnet32,contrast,1.5,93,0.023917034853885986,0.023917034853885986,0.0005720245562019971
DTSR14,hrnet32,contrast,1.5,94,0.10885549994236399,0.10885549994236399,0.011849519867702007
DTSR14,hrnet32,contrast,1.5,95,0.2080339231678014,0.2080339231678014,0.043278113188586695
DTSR14,hrnet32,contrast,1.5,96,0.029982138628514298,0.029982138628514298,0.0008989286367394493
DTSR14,hrnet32,contrast,1.5,97,0.11464276677873954,0.11464276677873954,0.013142963974684466
DTSR14,hrnet32,contrast,1.5,98,0.03972707227561526,0.03972707227561526,0.0015782402715919588
DTSR14,hrnet32,contrast,1.5,99,0.06083623130082278,0.06083623130082278,0.0037010470388872093
DTSR14,hrnet32,contrast,1.5,100,0.11977981427200073,0.11977981427200073,0.014347203907034988
DTSR14,hrnet32,contrast,1.5,101,0.030211081269904592,0.030211081269904592,0.0009127094314967801
DTSR14,hrnet32,contrast,1.5,102,0.022502785637034044,0.022502785637034044,0.0005063753614263056
DTSR14,hrnet32,contrast,1.5,103,0.04033185469739276,0.04033185469739276,0.0016266585033316025
DTSR14,hrnet32,contrast,1.5,104,0.09751558052057788,0.09751558052057788,0.009509288444265308
DTSR14,hrnet32,contrast,1.5,105,0.3982884754661074,0.3982884754661074,0.15863370968911605
DTSR14,hrnet32,contrast,1.5,106,0.07122255328844586,0.07122255328844586,0.00507265209692551
DTSR14,hrnet32,contrast,1.5,107,0.010019473802741562,0.010019473802741562,0.00010038985528382445
DTSR14,hrnet32,contrast,1.5,108,0.20736027690285697,0.20736027690285697,0.042998284437229514
DTSR14,hrnet32,contrast,1.5,109,0.058196017673846974,0.058196017673846974,0.0033867764730947094
DTSR14,hrnet32,contrast,1.5,110,0.09788530819115634,0.09788530819115634,0.00958153355967766
DTSR14,hrnet32,contrast,1.5,111,0.026472232736620395,0.026472232736620395,0.0007007791060617965
DTSR14,hrnet32,contrast,1.5,112,0.16435047792437554,0.16435047792437554,0.027011079593970654
DTSR14,hrnet32,contrast,1.5,113,0.05738369200471871,0.05738369200471871,0.003292888108092418
DTSR14,hrnet32,contrast,1.5,114,0.01100323323793221,0.01100323323793221,0.00012107114168833615
DTSR14,hrnet32,contrast,1.5,115,0.06639214169134056,0.06639214169134056,0.004407916478363041
DTSR14,hrnet32,contrast,1.5,116,0.013646668646756618,0.013646668646756618,0.0001862315651543701
DTSR14,hrnet32,contrast,1.5,117,0.09873826821258494,0.09873826821258494,0.009749245609620361
DTSR14,hrnet32,contrast,1.5,118,0.03370614289113925,0.03370614289113925,0.0011361040685978969
DTSR14,hrnet32,contrast,1.5,119,0.2778312248125551,0.2778312248125551,0.07719018948084455
DTSR14,hrnet32,contrast,1.5,120,0.07679469714435457,0.07679469714435457,0.005897425509493139
DTSR14,hrnet32,contrast,1.5,121,0.0610362733458827,0.0610362733458827,0.0037254266639533107
DTSR14,hrnet32,contrast,1.5,122,0.11052540337425339,0.11052540337425339,0.012215864791041421
DTSR14,hrnet32,contrast,1.5,123,0.006823516456347181,0.006823516456347181,4.656037683004079e-05
DTSR14,hrnet32,contrast,1.5,124,0.019887625247469932,0.019887625247469932,0.0003955176379838035
DTSR14,hrnet32,contrast,1.5,125,0.06819347335324046,0.06819347335324046,0.004650349807979116
DTSR14,hrnet32,contrast,1.5,126,0.13405780742820367,0.13405780742820367,0.01797149573245734
DTSR14,hrnet32,contrast,1.5,127,0.29523063164096364,0.29523063164096364,0.08716112585912236
DTSR14,hrnet32,contrast,1.5,128,0.06898877009288987,0.06898877009288987,0.004759450398929615
DTSR14,hrnet32,contrast,1.5,129,0.15567050122731796,0.15567050122731796,0.024233304952364403
DTSR14,hrnet32,contrast,1.5,130,0.015194852038331224,0.015194852038331224,0.00023088352846677854
DTSR14,hrnet32,contrast,1.5,131,0.017265434457553647,0.017265434457553647,0.0002980952270080808
DTSR14,hrnet32,contrast,1.5,132,0.07872262272863907,0.07872262272863907,0.006197251329275641
DTSR14,hrnet32,contrast,1.5,133,0.011165757850667327,0.011165757850667327,0.00012467414837973904
DTSR14,hrnet32,contrast,1.5,134,0.14466463611240857,0.14466463611240857,0.020927856941535584
DTSR14,hrnet32,contrast,1.5,135,0.10073486549809496,0.10073486549809496,0.010147513126919283
DTSR14,hrnet32,contrast,1.5,136,0.057155157973347394,0.057155157973347394,0.0032667120829582962
DTSR14,hrnet32,contrast,1.5,137,0.0448244285918365,0.0448244285918365,0.0020092293985846496
DTSR14,hrnet32,contrast,1.5,138,0.0776210822530182,0.0776210822530182,0.006025032410129817
DTSR14,hrnet32,contrast,1.5,139,0.06499227933132878,0.06499227933132878,0.004223996372681466
DTSR14,hrnet32,contrast,1.5,140,0.24440136014152358,0.24440136014152358,0.05973202483902671
DTSR14,hrnet32,contrast,1.5,141,0.022704586211636048,0.022704586211636048,0.0005154982350416138
DTSR14,hrnet32,contrast,1.5,142,0.11089577100564271,0.11089577100564271,0.012297872026935946
DTSR14,hrnet32,contrast,1.5,143,0.4275192059329364,0.4275192059329364,0.18277267144152848
DTSR14,hrnet32,contrast,1.5,144,0.45247570688472144,0.45247570688472144,0.20473426532082836
DTSR14,hrnet32,contrast,1.5,145,0.009808089914133108,0.009808089914133108,9.61986277637196e-05
DTSR14,hrnet32,contrast,1.5,146,0.07619303338222934,0.07619303338222934,0.0058053783359855145
DTSR14,hrnet32,contrast,1.5,147,0.05912681866580624,0.05912681866580624,0.0034959806855391334
DTSR14,hrnet32,contrast,1.5,148,0.03081476718773047,0.03081476718773047,0.0009495498768340305
DTSR14,hrnet32,contrast,1.5,149,0.0031040693998764567,0.0031040693998764567,9.635246839249387e-06
DTSR14,hrnet32,contrast,1.5,150,0.03722943036367545,0.03722943036367545,0.0013860304852037597
DTSR14,hrnet32,contrast,1.5,151,0.015935600118055677,0.015935600118055677,0.00025394335112257613
DTSR14,hrnet32,contrast,1.5,152,0.06473811583724776,0.06473811583724776,0.004191023642156909
DTSR14,hrnet32,contrast,1.5,153,0.31243888522964497,0.31243888522964497,0.09761805700354326
DTSR14,hrnet32,contrast,1.5,154,0.06655719780995391,0.06655719780995391,0.004429860580313334
DTSR14,hrnet32,contrast,1.5,155,0.00841574536020039,0.00841574536020039,7.082476996773441e-05
DTSR14,hrnet32,contrast,1.5,156,0.00767715832779066,0.00767715832779066,5.893875998996548e-05
DTSR14,hrnet32,contrast,1.5,157,0.32468286273998886,0.32468286273998886,0.10541896135703445
DTSR14,hrnet32,contrast,1.5,158,0.15421243102911703,0.15421243102911703,0.023781473883910175
DTSR14,hrnet32,contrast,1.5,159,0.018111410230665082,0.018111410230665082,0.00032802318054343983
DTSR14,hrnet32,contrast,1.5,160,0.06961237241886598,0.06961237241886598,0.004845882393782893
DTSR14,hrnet32,contrast,1.5,161,0.05532419789207146,0.05532419789207146,0.003060766872401084
DTSR14,hrnet32,contrast,1.5,162,0.025900750582670877,0.025900750582670877,0.0006708488807457257
DTSR14,hrnet32,contrast,1.5,163,0.021914738010023214,0.021914738010023214,0.00048025574204795625
DTSR14,hrnet32,contrast,1.5,164,0.03374435993202363,0.03374435993202363,0.001138681827221962
DTSR14,hrnet32,contrast,1.5,165,0.02165813849001711,0.02165813849001711,0.00046907496285276067
DTSR14,hrnet32,contrast,1.5,166,0.03356605685327273,0.03356605685327273,0.001126680172677137
DTSR14,hrnet32,contrast,1.5,167,0.04020228382589794,0.04020228382589794,0.001616223624818055
DTSR14,hrnet32,contrast,1.5,168,0.08427193228373456,0.08427193228373456,0.007101758570834343
DTSR14,hrnet32,contrast,1.5,169,0.02485948176222352,0.02485948176222352,0.0006179938334863237
DTSR14,hrnet32,contrast,1.5,170,0.03364265175069453,0.03364265175069453,0.0011318280168185098
DTSR14,hrnet32,contrast,1.5,171,0.04904026118317857,0.04904026118317857,0.0024049472169143707
DTSR14,hrnet32,contrast,1.5,172,0.03724031182923397,0.03724031182923397,0.0013868408251385836
DTSR14,hrnet32,contrast,1.5,173,0.04322291046955867,0.04322291046955867,0.0018682199894594848
DTSR14,hrnet32,contrast,1.5,174,0.16308677877263333,0.16308677877263333,0.026597297410433846
DTSR14,hrnet32,contrast,1.5,175,0.013769270767716384,0.013769270767716384,0.00018959281747468892
DTSR14,hrnet32,contrast,1.5,176,0.055067979884230386,0.055067979884230386,0.0030324824085300023
DTSR14,hrnet32,contrast,1.5,177,0.0079139674705727,0.0079139674705727,6.263088112528286e-05
DTSR14,hrnet32,contrast,1.5,178,0.027747111149706526,0.027747111149706526,0.0007699021771541682
DTSR14,hrnet32,contrast,1.5,179,0.06270180925071868,0.06270180925071868,0.00393151688331351
DTSR14,hrnet32,contrast,1.5,180,0.09819711107549847,0.09819711107549847,0.009642672623573784
DTSR14,hrnet32,contrast,1.5,181,0.15470857552809716,0.15470857552809716,0.023934743341932945
DTSR14,hrnet32,contrast,1.5,182,0.11515345154205389,0.11515345154205389,0.013260317402048154
DTSR14,hrnet32,contrast,1.5,183,0.03727754226738673,0.03727754226738673,0.001389615157496804
DTSR14,hrnet32,contrast,1.5,184,0.03803311159690333,0.03803311159690333,0.0014465175777425023
DTSR14,hrnet32,contrast,1.5,185,0.2210862801066002,0.2210862801066002,0.04887914325137408
DTSR14,hrnet32,contrast,1.5,186,0.07547567031206284,0.07547567031206284,0.005696576809055204
DTSR14,hrnet32,contrast,1.5,187,0.5828013409987464,0.5828013409987464,0.339657403069937
DTSR14,hrnet32,contrast,1.5,188,0.0474120697084848,0.0474120697084848,0.002247904354042222
DTSR14,hrnet32,contrast,1.5,189,0.49444000885697137,0.49444000885697137,0.24447092235848192
DTSR14,hrnet32,contrast,1.5,190,0.030621888524363497,0.030621888524363497,0.0009377000567985448
DTSR14,hrnet32,contrast,1.5,191,0.028926026780301112,0.028926026780301112,0.0008367150252946971
DTSR14,hrnet32,contrast,1.5,192,0.13855774851452884,0.13855774851452884,0.01919824967341542
DTSR14,hrnet32,contrast,1.5,193,0.029008201421837607,0.029008201421837607,0.0008414757497299014
DTSR14,hrnet32,contrast,1.5,194,0.07297891643994234,0.07297891643994234,0.005325922244748086
DTSR14,hrnet32,contrast,1.5,195,0.016957094532162657,0.016957094532162657,0.0002875430549727007
DTSR14,hrnet32,contrast,1.5,196,0.05005844012691341,0.05005844012691341,0.002505847427939775
DTSR14,hrnet32,contrast,1.5,197,0.059889921868770374,0.059889921868770374,0.00358680274144742
DTSR14,hrnet32,contrast,1.5,198,0.15252731462033714,0.15252731462033714,0.02326458170529131
DTSR14,hrnet32,contrast,1.5,199,0.0634217151578377,0.0634217151578377,0.004022313953561901
DTSR14,hrnet32,pixelate,0.25,0,0.014712177387944959,0.014712177387944959,0.00021644816349435895
DTSR14,hrnet32,pixelate,0.25,1,0.296226899884662,0.296226899884662,0.08775037621527756
DTSR14,hrnet32,pixelate,0.25,2,0.1111867942205259,0.1111867942205259,0.01236250320903757
DTSR14,hrnet32,pixelate,0.25,3,0.15922326174657955,0.15922326174657955,0.025352047081219783
DTSR14,hrnet32,pixelate,0.25,4,0.10939832726783548,0.10939832726783548,0.011967994009000435
DTSR14,hrnet32,pixelate,0.25,5,0.047873449256988304,0.047873449256988304,0.002291867143761434
DTSR14,hrnet32,pixelate,0.25,6,0.23870821180293555,0.23870821180293555,0.05698161038215514
DTSR14,hrnet32,pixelate,0.25,7,0.04854421744712729,0.04854421744712729,0.0023565410475539774
DTSR14,hrnet32,pixelate,0.25,8,0.2213420773818435,0.2213420773818435,0.048992315219709995
DTSR14,hrnet32,pixelate,0.25,9,0.1512889869390761,0.1512889869390761,0.022888357569051943
DTSR14,hrnet32,pixelate,0.25,10,0.036716279940489344,0.036716279940489344,0.0013480852126683803
DTSR14,hrnet32,pixelate,0.25,11,0.23917839065165633,0.23917839065165633,0.05720630255471632
DTSR14,hrnet32,pixelate,0.25,12,0.3921925718135307,0.3921925718135307,0.1538150133857114
DTSR14,hrnet32,pixelate,0.25,13,0.08281155290579977,0.08281155290579977,0.006857753294670073
DTSR14,hrnet32,pixelate,0.25,14,0.3486627238904543,0.3486627238904543,0.12156569503071116
DTSR14,hrnet32,pixelate,0.25,15,0.05514987133886403,0.05514987133886403,0.0030415083086932563
DTSR14,hrnet32,pixelate,0.25,16,0.13227017872024277,0.13227017872024277,0.017495400178684964
DTSR14,hrnet32,pixelate,0.25,17,0.11137384846363334,0.11137384846363334,0.012404134121600362
DTSR14,hrnet32,pixelate,0.25,18,0.1650799996835119,0.1650799996835119,0.027251406295508287
DTSR14,hrnet32,pixelate,0.25,19,0.3695231235932551,0.3695231235932551,0.1365473388701161
DTSR14,hrnet32,pixelate,0.25,20,0.08575955438210256,0.08575955438210256,0.007354701167816806
DTSR14,hrnet32,pixelate,0.25,21,0.24781132279973409,0.24781132279973409,0.061410451707754006
DTSR14,hrnet32,pixelate,0.25,22,0.08547665928780769,0.08547665928780769,0.00730625928300396
DTSR14,hrnet32,pixelate,0.25,23,0.29592614057503064,0.29592614057503064,0.08757228067563279
DTSR14,hrnet32,pixelate,0.25,24,0.18540278894060294,0.18540278894060294,0.03437419414695376
DTSR14,hrnet32,pixelate,0.25,25,0.08115358860444057,0.08115358860444057,0.006585904943378786
DTSR14,hrnet32,pixelate,0.25,26,0.22508941596106877,0.22508941596106877,0.05066524517769504
DTSR14,hrnet32,pixelate,0.25,27,0.18220245762469606,0.18220245762469606,0.033197735564479164
DTSR14,hrnet32,pixelate,0.25,28,0.22674479186365346,0.22674479186365346,0.051413200637291524
DTSR14,hrnet32,pixelate,0.25,29,0.10481609122365193,0.10481609122365193,0.010986412979404923
DTSR14,hrnet32,pixelate,0.25,30,0.0422902520195703,0.0422902520195703,0.0017884654158787695
DTSR14,hrnet32,pixelate,0.25,31,0.32445612739178725,0.32445612739178725,0.10527177860207568
DTSR14,hrnet32,pixelate,0.25,32,0.12310726610786331,0.12310726610786331,0.01515539896855227
DTSR14,hrnet32,pixelate,0.25,33,0.16408900870307133,0.16408900870307133,0.02692520277715662
DTSR14,hrnet32,pixelate,0.25,34,0.21693678148161896,0.21693678148161896,0.0470615671596037
DTSR14,hrnet32,pixelate,0.25,35,0.24895289120040393,0.24895289120040393,0.06197754203704015
DTSR14,hrnet32,pixelate,0.25,36,0.3569383257169033,0.3569383257169033,0.12740496836558615
DTSR14,hrnet32,pixelate,0.25,37,0.4887802114998868,0.4887802114998868,0.2389060951538741
DTSR14,hrnet32,pixelate,0.25,38,0.44519983288403264,0.44519983288403264,0.1982028911999706
DTSR14,hrnet32,pixelate,0.25,39,0.08401055527052845,0.08401055527052845,0.007057773396862515
DTSR14,hrnet32,pixelate,0.25,40,0.20129210474522022,0.20129210474522022,0.04051851143276071
DTSR14,hrnet32,pixelate,0.25,41,0.08955854022082922,0.08955854022082922,0.008020732126485885
DTSR14,hrnet32,pixelate,0.25,42,0.10883645924138012,0.10883645924138012,0.011845374860200597
DTSR14,hrnet32,pixelate,0.25,43,0.20733543887019562,0.20733543887019562,0.042987984211496626
DTSR14,hrnet32,pixelate,0.25,44,0.24675501909471695,0.24675501909471695,0.06088803944843413
DTSR14,hrnet32,pixelate,0.25,45,0.22262123073572798,0.22262123073572798,0.04956021237429024
DTSR14,hrnet32,pixelate,0.25,46,0.13630493823422588,0.13630493823422588,0.01857903618703613
DTSR14,hrnet32,pixelate,0.25,47,0.05062401302742511,0.05062401302742511,0.0025627906950009076
DTSR14,hrnet32,pixelate,0.25,48,0.07404518508767455,0.07404518508767455,0.005482689434667981
DTSR14,hrnet32,pixelate,0.25,49,0.1512592351785069,0.1512592351785069,0.022879356226786857
DTSR14,hrnet32,pixelate,0.25,50,0.19686186019752977,0.19686186019752977,0.038754592000431756
DTSR14,hrnet32,pixelate,0.25,51,0.40978675493634437,0.40978675493634437,0.16792518452125954
DTSR14,hrnet32,pixelate,0.25,52,0.15253058462359223,0.15253058462359223,0.023265579245614832
DTSR14,hrnet32,pixelate,0.25,53,0.1309821823337931,0.1309821823337931,0.01715633208892302
DTSR14,hrnet32,pixelate,0.25,54,0.3475209596252142,0.3475209596252142,0.12077081737882975
DTSR14,hrnet32,pixelate,0.25,55,0.17615486576298436,0.17615486576298436,0.03103053673197504
DTSR14,hrnet32,pixelate,0.25,56,0.10723092642775384,0.10723092642775384,0.011498471582554357
DTSR14,hrnet32,pixelate,0.25,57,0.4794506956932578,0.4794506956932578,0.2298729696007489
DTSR14,hrnet32,pixelate,0.25,58,0.19911461387692986,0.19911461387692986,0.039646629459358866
DTSR14,hrnet32,pixelate,0.25,59,0.17467357910460213,0.17467357910460213,0.030510859237211696
DTSR14,hrnet32,pixelate,0.25,60,0.2696937710801172,0.2696937710801172,0.07273473015941467
DTSR14,hrnet32,pixelate,0.25,61,0.12803049787398982,0.12803049787398982,0.01639180838586171
DTSR14,hrnet32,pixelate,0.25,62,0.2657014545968088,0.2657014545968088,0.07059726297486003
DTSR14,hrnet32,pixelate,0.25,63,0.0405119659762711,0.0405119659762711,0.0016412193872625475
DTSR14,hrnet32,pixelate,0.25,64,0.17714849360606208,0.17714849360606208,0.031381588786897015
DTSR14,hrnet32,pixelate,0.25,65,0.1909161478037498,0.1909161478037498,0.036448975492223236
DTSR14,hrnet32,pixelate,0.25,66,0.2373422991475889,0.2373422991475889,0.05633136696466357
DTSR14,hrnet32,pixelate,0.25,67,0.11459583984909287,0.11459583984909287,0.013132206510718942
DTSR14,hrnet32,pixelate,0.25,68,0.18857726719866535,0.18857726719866535,0.03556138570411683
DTSR14,hrnet32,pixelate,0.25,69,0.3883151941899449,0.3883151941899449,0.15078869003877463
DTSR14,hrnet32,pixelate,0.25,70,0.1438461494965366,0.1438461494965366,0.020691714724979954
DTSR14,hrnet32,pixelate,0.25,71,0.11933985229062884,0.11933985229062884,0.014242000344749109
DTSR14,hrnet32,pixelate,0.25,72,0.1962913944344787,0.1962913944344787,0.0385303115290321
DTSR14,hrnet32,pixelate,0.25,73,0.09702151089102637,0.09702151089102637,0.009413173575577548
DTSR14,hrnet32,pixelate,0.25,74,0.23837711438226214,0.23837711438226214,0.05682364866121409
DTSR14,hrnet32,pixelate,0.25,75,0.22133152545383403,0.22133152545383403,0.04898764415972118
DTSR14,hrnet32,pixelate,0.25,76,0.19138538032679267,0.19138538032679267,0.036628363802831077
DTSR14,hrnet32,pixelate,0.25,77,0.18602744558186976,0.18602744558186976,0.03460621050971552
DTSR14,hrnet32,pixelate,0.25,78,0.23158201297329342,0.23158201297329342,0.053630228732762644
DTSR14,hrnet32,pixelate,0.25,79,0.14537429659294526,0.14537429659294526,0.021133686109893617
DTSR14,hrnet32,pixelate,0.25,80,0.32802126815679383,0.32802126815679383,0.10759795236319125
DTSR14,hrnet32,pixelate,0.25,81,0.11284940563766342,0.11284940563766342,0.012734988352773901
DTSR14,hrnet32,pixelate,0.25,82,0.18982418043012017,0.18982418043012017,0.03603321947596682
DTSR14,hrnet32,pixelate,0.25,83,0.20281991949826766,0.20281991949826766,0.04113591974528378
DTSR14,hrnet32,pixelate,0.25,84,0.25128438273775283,0.25128438273775283,0.06314384100789346
DTSR14,hrnet32,pixelate,0.25,85,0.39333102468682984,0.39333102468682984,0.15470929498119154
DTSR14,hrnet32,pixelate,0.25,86,0.17457375434538872,0.17457375434538872,0.030475995706244124
DTSR14,hrnet32,pixelate,0.25,87,0.5841963822043446,0.5841963822043446,0.34128541298064463
DTSR14,hrnet32,pixelate,0.25,88,0.0945901041235532,0.0945901041235532,0.008947287798104636
DTSR14,hrnet32,pixelate,0.25,89,0.06849963707359041,0.06849963707359041,0.004692200279213602
DTSR14,hrnet32,pixelate,0.25,90,0.3188172522783825,0.3188172522783825,0.10164444035033778
DTSR14,hrnet32,pixelate,0.25,91,0.2871243277915446,0.2871243277915446,0.08244037960974636
DTSR14,hrnet32,pixelate,0.25,92,0.23290023309383254,0.23290023309383254,0.054242518575161526
DTSR14,hrnet32,pixelate,0.25,93,0.05587805487135795,0.05587805487135795,0.00312235701620649
DTSR14,hrnet32,pixelate,0.25,94,0.035667293117354816,0.035667293117354816,0.0012721557983193061
DTSR14,hrnet32,pixelate,0.25,95,0.0930317838997699,0.0930317838997699,0.008654912815573486
DTSR14,hrnet32,pixelate,0.25,96,0.23995937406742526,0.23995937406742526,0.05758050120283052
DTSR14,hrnet32,pixelate,0.25,97,0.1745184378191939,0.1745184378191939,0.03045668513885185
DTSR14,hrnet32,pixelate,0.25,98,0.17084934223698814,0.17084934223698814,0.029189497742811498
DTSR14,hrnet32,pixelate,0.25,99,0.11504592966860891,0.11504592966860891,0.013235565933314508
DTSR14,hrnet32,pixelate,0.25,100,0.2443675972293781,0.2443675972293781,0.059715522575659555
DTSR14,hrnet32,pixelate,0.25,101,0.12207937402415124,0.12207937402415124,0.014903373562128612
DTSR14,hrnet32,pixelate,0.25,102,0.09523945505454925,0.09523945505454925,0.009070553799087508
DTSR14,hrnet32,pixelate,0.25,103,0.10902527621853121,0.10902527621853121,0.011886510854527027
DTSR14,hrnet32,pixelate,0.25,104,0.1732615021512201,0.1732615021512201,0.03001954812769725
DTSR14,hrnet32,pixelate,0.25,105,0.10142283024709949,0.10142283024709949,0.010286590495331958
DTSR14,hrnet32,pixelate,0.25,106,0.30560921406298525,0.30560921406298525,0.09339699172019554
DTSR14,hrnet32,pixelate,0.25,107,0.04240072294302727,0.04240072294302727,0.001797821306091359
DTSR14,hrnet32,pixelate,0.25,108,0.18161002274360658,0.18161002274360658,0.0329822003609333
DTSR14,hrnet32,pixelate,0.25,109,0.12623559335610432,0.12623559335610432,0.01593542502996773
DTSR14,hrnet32,pixelate,0.25,110,0.1041463459473384,0.1041463459473384,0.01084646137418269
DTSR14,hrnet32,pixelate,0.25,111,0.12490032910181563,0.12490032910181563,0.015600092209741852
DTSR14,hrnet32,pixelate,0.25,112,0.2868681649915379,0.2868681649915379,0.0822933440856122
DTSR14,hrnet32,pixelate,0.25,113,0.13044237301738434,0.13044237301738434,0.01701521267840644
DTSR14,hrnet32,pixelate,0.25,114,0.13343737046692972,0.13343737046692972,0.017805531837128647
DTSR14,hrnet32,pixelate,0.25,115,0.15404669184324757,0.15404669184324757,0.023730383267848477
DTSR14,hrnet32,pixelate,0.25,116,0.21533882874681837,0.21533882874681837,0.046370811166051566
DTSR14,hrnet32,pixelate,0.25,117,0.1723951301014634,0.1723951301014634,0.029720080882700492
DTSR14,hrnet32,pixelate,0.25,118,0.10248115690344649,0.10248115690344649,0.010502387520268818
DTSR14,hrnet32,pixelate,0.25,119,0.10146402173404248,0.10146402173404248,0.010294947706446246
DTSR14,hrnet32,pixelate,0.25,120,0.537435332693423,0.537435332693423,0.2888367368272903
DTSR14,hrnet32,pixelate,0.25,121,0.3452913111490644,0.3452913111490644,0.11922608955504002
DTSR14,hrnet32,pixelate,0.25,122,0.1810145541828129,0.1810145541828129,0.032766268826002504
DTSR14,hrnet32,pixelate,0.25,123,0.16722422275518473,0.16722422275518473,0.02796394067607564
DTSR14,hrnet32,pixelate,0.25,124,0.2806288201825566,0.2806288201825566,0.07875253471705368
DTSR14,hrnet32,pixelate,0.25,125,0.06310902658009344,0.06310902658009344,0.003982749235886941
DTSR14,hrnet32,pixelate,0.25,126,0.15285723896386183,0.15285723896386183,0.02336533550365516
DTSR14,hrnet32,pixelate,0.25,127,0.16785554251009444,0.16785554251009444,0.02817548315135812
DTSR14,hrnet32,pixelate,0.25,128,0.28373163358887754,0.28373163358887754,0.08050363989901306
DTSR14,hrnet32,pixelate,0.25,129,0.10005575175537412,0.10005575175537412,0.010011153459333053
DTSR14,hrnet32,pixelate,0.25,130,0.28296550884850646,0.28296550884850646,0.08006947919789419
DTSR14,hrnet32,pixelate,0.25,131,0.07530946052927001,0.07530946052927001,0.005671514845209678
DTSR14,hrnet32,pixelate,0.25,132,0.02548684023519417,0.02548684023519417,0.0006495790251743125
DTSR14,hrnet32,pixelate,0.25,133,0.3417705282393605,0.3417705282393605,0.1168070939730115
DTSR14,hrnet32,pixelate,0.25,134,0.2394480305550301,0.2394480305550301,0.057335359336682636
DTSR14,hrnet32,pixelate,0.25,135,0.12375844747705077,0.12375844747705077,0.015316153321929933
DTSR14,hrnet32,pixelate,0.25,136,0.052674408507236425,0.052674408507236425,0.002774593311587221
DTSR14,hrnet32,pixelate,0.25,137,0.07596430901363346,0.07596430901363346,0.005770576243918794
DTSR14,hrnet32,pixelate,0.25,138,0.4380340554739688,0.4380340554739688,0.19187383375497197
DTSR14,hrnet32,pixelate,0.25,139,0.3563876196732991,0.3563876196732991,0.1270121354564001
DTSR14,hrnet32,pixelate,0.25,140,0.2785215011706999,0.2785215011706999,0.07757422661438018
DTSR14,hrnet32,pixelate,0.25,141,0.2544188473357838,0.2544188473357838,0.06472894987966886
DTSR14,hrnet32,pixelate,0.25,142,0.23767492778444688,0.23767492778444688,0.056489371297342036
DTSR14,hrnet32,pixelate,0.25,143,0.025421642784245777,0.025421642784245777,0.0006462599218497954
DTSR14,hrnet32,pixelate,0.25,144,0.14408934746899596,0.14408934746899596,0.020761740054041054
DTSR14,hrnet32,pixelate,0.25,145,0.062233099293323185,0.062233099293323185,0.0038729586476526226
DTSR14,hrnet32,pixelate,0.25,146,0.3665991464264974,0.3665991464264974,0.13439493416063647
DTSR14,hrnet32,pixelate,0.25,147,0.06269281865432931,0.06269281865432931,0.003930389510824621
DTSR14,hrnet32,pixelate,0.25,148,0.057337267506396415,0.057337267506396415,0.003287562245100062
DTSR14,hrnet32,pixelate,0.25,149,0.24589050168650417,0.24589050168650417,0.06046213881964071
DTSR14,hrnet32,pixelate,0.25,150,0.09232924925674642,0.09232924925674642,0.008524690268314409
DTSR14,hrnet32,pixelate,0.25,151,0.25693540820252175,0.25693540820252175,0.06601580398819648
DTSR14,hrnet32,pixelate,0.25,152,0.1329297030723384,0.1329297030723384,0.01767030595890005
DTSR14,hrnet32,pixelate,0.25,153,0.11797268338321297,0.11797268338321297,0.013917554024635813
DTSR14,hrnet32,pixelate,0.25,154,0.2648082999420097,0.2648082999420097,0.07012343571817739
DTSR14,hrnet32,pixelate,0.25,155,0.2230668611303796,0.2230668611303796,0.049758824534560056
DTSR14,hrnet32,pixelate,0.25,156,0.09351554394906104,0.09351554394906104,0.008745156960088768
DTSR14,hrnet32,pixelate,0.25,157,0.23594751823568696,0.23594751823568696,0.05567123136157983
DTSR14,hrnet32,pixelate,0.25,158,0.1751046775835172,0.1751046775835172,0.03066164811162751
DTSR14,hrnet32,pixelate,0.25,159,0.03185798491513674,0.03185798491513674,0.0010149312028530802
DTSR14,hrnet32,pixelate,0.25,160,0.13971908624073764,0.13971908624073764,0.019521423059946683
DTSR14,hrnet32,pixelate,0.25,161,0.470701157525485,0.470701157525485,0.22155957969583145
DTSR14,hrnet32,pixelate,0.25,162,0.22094632612572257,0.22094632612572257,0.048817279028454154
DTSR14,hrnet32,pixelate,0.25,163,0.14221025614826022,0.14221025614826022,0.020223756953753783
DTSR14,hrnet32,pixelate,0.25,164,0.18683018987704084,0.18683018987704084,0.03490551984949113
DTSR14,hrnet32,pixelate,0.25,165,0.09080172831522167,0.09080172831522167,0.008244953865031329
DTSR14,hrnet32,pixelate,0.25,166,0.16488780773482925,0.16488780773482925,0.027187989139598016
DTSR14,hrnet32,pixelate,0.25,167,0.3415580268553907,0.3415580268553907,0.11666188570934781
DTSR14,hrnet32,pixelate,0.25,168,0.06278005587734724,0.06278005587734724,0.003941335415962841
DTSR14,hrnet32,pixelate,0.25,169,0.012551753997293028,0.012551753997293028,0.0001575465284085615
DTSR14,hrnet32,pixelate,0.25,170,0.1664502630987387,0.1664502630987387,0.027705690085639334
DTSR14,hrnet32,pixelate,0.25,171,0.09077644479495404,0.09077644479495404,0.008240362929611339
DTSR14,hrnet32,pixelate,0.25,172,0.10204620626047743,0.10204620626047743,0.010413428212155903
DTSR14,hrnet32,pixelate,0.25,173,0.18220693100139382,0.18220693100139382,0.033199365704946686
DTSR14,hrnet32,pixelate,0.25,174,0.16102706912128822,0.16102706912128822,0.025929716989792136
DTSR14,hrnet32,pixelate,0.25,175,0.060499460346680696,0.060499460346680696,0.0036601847022395897
DTSR14,hrnet32,pixelate,0.25,176,0.09775317319301341,0.09775317319301341,0.009555682869303276
DTSR14,hrnet32,pixelate,0.25,177,0.13031403498002608,0.13031403498002608,0.016981747712775462
DTSR14,hrnet32,pixelate,0.25,178,0.10225806115303346,0.10225806115303346,0.01045671107077753
DTSR14,hrnet32,pixelate,0.25,179,0.08431600578059815,0.08431600578059815,0.0071091888307938614
DTSR14,hrnet32,pixelate,0.25,180,0.5002265320904017,0.5002265320904017,0.2502265834071897
DTSR14,hrnet32,pixelate,0.25,181,0.12816699592102804,0.12816699592102804,0.01642677884342082
DTSR14,hrnet32,pixelate,0.25,182,0.16343877577324303,0.16343877577324303,0.026712233426256414
DTSR14,hrnet32,pixelate,0.25,183,0.4114934163371169,0.4114934163371169,0.1693268316887918
DTSR14,hrnet32,pixelate,0.25,184,0.17577335392988144,0.17577335392988144,0.03089627195175937
DTSR14,hrnet32,pixelate,0.25,185,0.2832485243350879,0.2832485243350879,0.08022972653800488
DTSR14,hrnet32,pixelate,0.25,186,0.293467505449094,0.293467505449094,0.08612317675451402
DTSR14,hrnet32,pixelate,0.25,187,0.4845555330161688,0.4845555330161688,0.23479406457658347
DTSR14,hrnet32,pixelate,0.25,188,0.08408763228246305,0.08408763228246305,0.007070729902870722
DTSR14,hrnet32,pixelate,0.25,189,0.3268967713231967,0.3268967713231967,0.10686149910153037
DTSR14,hrnet32,pixelate,0.25,190,0.12897331173615456,0.12897331173615456,0.016634115140191304
DTSR14,hrnet32,pixelate,0.25,191,0.12688475299604077,0.12688475299604077,0.016099740542866278
DTSR14,hrnet32,pixelate,0.25,192,0.07226110062765231,0.07226110062765231,0.005221666663919693
DTSR14,hrnet32,pixelate,0.25,193,0.2819955947587328,0.2819955947587328,0.07952151546333146
DTSR14,hrnet32,pixelate,0.25,194,0.13620085250242706,0.13620085250242706,0.01855067222238789
DTSR14,hrnet32,pixelate,0.25,195,0.08479435555165102,0.08479435555165102,0.00719008273341981
DTSR14,hrnet32,pixelate,0.25,196,0.12358344739546576,0.12358344739546576,0.015272868470147851
DTSR14,hrnet32,pixelate,0.25,197,0.033594035152907153,0.033594035152907153,0.0011285591978547616
DTSR14,hrnet32,pixelate,0.25,198,0.025157256294454946,0.025157256294454946,0.000632887544264893
DTSR14,hrnet32,pixelate,0.25,199,0.15514843225608846,0.15514843225608846,0.02407103603152207
DTSR14,hrnet32,scratch,severe,0,0.16005808484363318,0.16005808484363318,0.025618590523811678
DTSR14,hrnet32,scratch,severe,1,0.40097861794732387,0.40097861794732387,0.16078385205094592
DTSR14,hrnet32,scratch,severe,2,0.5218936384356767,0.5218936384356767,0.27237296983962883
DTSR14,hrnet32,scratch,severe,3,0.039713529436212675,0.039713529436212675,0.0015771644202809305
DTSR14,hrnet32,scratch,severe,4,0.3532115184132813,0.3532115184132813,0.12475837673981575
DTSR14,hrnet32,scratch,severe,5,0.6408588087927892,0.6408588087927892,0.4107000128073128
DTSR14,hrnet32,scratch,severe,6,0.3200992358907897,0.3200992358907897,0.10246352081786743
DTSR14,hrnet32,scratch,severe,7,0.38467788577010525,0.38467788577010525,0.14797707580055813
DTSR14,hrnet32,scratch,severe,8,0.5800018708579617,0.5800018708579617,0.3364021701987357
DTSR14,hrnet32,scratch,severe,9,0.43369858246560733,0.43369858246560733,0.1880944604326772
DTSR14,hrnet32,scratch,severe,10,0.2441505549395547,0.2441505549395547,0.05960949347729252
DTSR14,hrnet32,scratch,severe,11,0.5099699461716177,0.5099699461716177,0.2600693459982827
DTSR14,hrnet32,scratch,severe,12,0.44398343748771935,0.44398343748771935,0.1971212927634116
DTSR14,hrnet32,scratch,severe,13,0.3237278766315498,0.3237278766315498,0.10479973810837191
DTSR14,hrnet32,scratch,severe,14,0.1652517048995834,0.1652517048995834,0.027308125972219
DTSR14,hrnet32,scratch,severe,15,0.436230637930466,0.436230637930466,0.19029716946922134
DTSR14,hrnet32,scratch,severe,16,0.3690849639781856,0.3690849639781856,0.13622371063477853
DTSR14,hrnet32,scratch,severe,17,0.5648154597984812,0.5648154597984812,0.3190165036273698
DTSR14,hrnet32,scratch,severe,18,0.2694871789719538,0.2694871789719538,0.07262333963026185
DTSR14,hrnet32,scratch,severe,19,0.4481060428819827,0.4481060428819827,0.2007990256673493
DTSR14,hrnet32,scratch,severe,20,0.4702372959800617,0.4702372959800617,0.22112311453064015
DTSR14,hrnet32,scratch,severe,21,0.24773687231887292,0.24773687231887292,0.06137355790633755
DTSR14,hrnet32,scratch,severe,22,0.22508354378835524,0.22508354378835524,0.05066260168432443
DTSR14,hrnet32,scratch,severe,23,0.1070098431855169,0.1070098431855169,0.011451106538588917
DTSR14,hrnet32,scratch,severe,24,0.5386206443160103,0.5386206443160103,0.2901121984833941
DTSR14,hrnet32,scratch,severe,25,0.44441132392648264,0.44441132392648264,0.19750142483408908
DTSR14,hrnet32,scratch,severe,26,0.19137873860017915,0.19137873860017915,0.0366258215881957
DTSR14,hrnet32,scratch,severe,27,0.4886906866244821,0.4886906866244821,0.2388185871935078
DTSR14,hrnet32,scratch,severe,28,0.52051361389464,0.52051361389464,0.27093442224965836
DTSR14,hrnet32,scratch,severe,29,0.4057178119589894,0.4057178119589894,0.1646069429407899
DTSR14,hrnet32,scratch,severe,30,0.4905371902330381,0.4905371902330381,0.24062673500172382
DTSR14,hrnet32,scratch,severe,31,0.1472107119130558,0.1472107119130558,0.021670993701948707
DTSR14,hrnet32,scratch,severe,32,0.2957307214312989,0.2957307214312989,0.08745665959827652
DTSR14,hrnet32,scratch,severe,33,0.5433993297702987,0.5433993297702987,0.29528283159480984
DTSR14,hrnet32,scratch,severe,34,0.6460004169443119,0.6460004169443119,0.4173165386922248
DTSR14,hrnet32,scratch,severe,35,0.23747862638575834,0.23747862638575834,0.0563960979900666
DTSR14,hrnet32,scratch,severe,36,0.3238746289118571,0.3238746289118571,0.10489477525279313
DTSR14,hrnet32,scratch,severe,37,0.2283796957108289,0.2283796957108289,0.052157285412970794
DTSR14,hrnet32,scratch,severe,38,0.3517825549572325,0.3517825549572325,0.1237509659722383
DTSR14,hrnet32,scratch,severe,39,0.29344265912668166,0.29344265912668166,0.08610859419533788
DTSR14,hrnet32,scratch,severe,40,0.1616976080916972,0.1616976080916972,0.0261461164625761
DTSR14,hrnet32,scratch,severe,41,0.4626816078242926,0.4626816078242926,0.2140742702188725
DTSR14,hrnet32,scratch,severe,42,0.3752389439444323,0.3752389439444323,0.1408042650525328
DTSR14,hrnet32,scratch,severe,43,0.5465224876103917,0.5465224876103917,0.2986868294638507
DTSR14,hrnet32,scratch,severe,44,0.19614323021688124,0.19614323021688124,0.038472166759912475
DTSR14,hrnet32,scratch,severe,45,0.4305185342692185,0.4305185342692185,0.18534620834931625
DTSR14,hrnet32,scratch,severe,46,0.42736532923507414,0.42736532923507414,0.1826411246322033
DTSR14,hrnet32,scratch,severe,47,0.20777144895237928,0.20777144895237928,0.043168974999771154
DTSR14,hrnet32,scratch,severe,48,0.46951936454579374,0.46951936454579374,0.22044843368348596
DTSR14,hrnet32,scratch,severe,49,0.3043025610681638,0.3043025610681638,0.09260004867264354
DTSR14,hrnet32,scratch,severe,50,0.4333460725765598,0.4333460725765598,0.18778881861752905
DTSR14,hrnet32,scratch,severe,51,0.6849295526425782,0.6849295526425782,0.46912849208316226
DTSR14,hrnet32,scratch,severe,52,0.24572173172375714,0.24572173172375714,0.06037916944132207
DTSR14,hrnet32,scratch,severe,53,0.31895379499692783,0.31895379499692783,0.10173152334294226
DTSR14,hrnet32,scratch,severe,54,0.15468966392703273,0.15468966392703273,0.02392889212585833
DTSR14,hrnet32,scratch,severe,55,0.4176894572385401,0.4176894572385401,0.17446448268822623
DTSR14,hrnet32,scratch,severe,56,0.25784522675924304,0.25784522675924304,0.06648416096252546
DTSR14,hrnet32,scratch,severe,57,0.5934759988176252,0.5934759988176252,0.3522137611725779
DTSR14,hrnet32,scratch,severe,58,0.11474996715101066,0.11474996715101066,0.013167554961158024
DTSR14,hrnet32,scratch,severe,59,0.4224761171317786,0.4224761171317786,0.17848606954674429
DTSR14,hrnet32,scratch,severe,60,0.25605137486259766,0.25605137486259766,0.06556230656902651
DTSR14,hrnet32,scratch,severe,61,0.24469666509255442,0.24469666509255442,0.05987645790741774
DTSR14,hrnet32,scratch,severe,62,0.47642673429890403,0.47642673429890403,0.2269824331547185
DTSR14,hrnet32,scratch,severe,63,0.37415186963747044,0.37415186963747044,0.13998962155321468
DTSR14,hrnet32,scratch,severe,64,0.489912457108043,0.489912457108043,0.24001421562964007
DTSR14,hrnet32,scratch,severe,65,0.5698660972660298,0.5698660972660298,0.3247473688132161
DTSR14,hrnet32,scratch,severe,66,0.3909492270353207,0.3909492270353207,0.15284129811951472
DTSR14,hrnet32,scratch,severe,67,0.41257355357571557,0.41257355357571557,0.17021693711009384
DTSR14,hrnet32,scratch,severe,68,0.27396380314327184,0.27396380314327184,0.0750561654327254
DTSR14,hrnet32,scratch,severe,69,0.28624098020258393,0.28624098020258393,0.08193389874733605
DTSR14,hrnet32,scratch,severe,70,0.6240718183103142,0.6240718183103142,0.38946563440914184
DTSR14,hrnet32,scratch,severe,71,0.4806685590698717,0.4806685590698717,0.23104226367830674
DTSR14,hrnet32,scratch,severe,72,0.5532211130135903,0.5532211130135903,0.3060535998839957
DTSR14,hrnet32,scratch,severe,73,0.4340882084526702,0.4340882084526702,0.18843257271764888
DTSR14,hrnet32,scratch,severe,74,0.1749434105966238,0.1749434105966238,0.030605196911178904
DTSR14,hrnet32,scratch,severe,75,0.2912861193927883,0.2912861193927883,0.08484760335090973
DTSR14,hrnet32,scratch,severe,76,0.30154074830966765,0.30154074830966765,0.09092682289115434
DTSR14,hrnet32,scratch,severe,77,0.49285220586635614,0.49285220586635614,0.24290329682733308
DTSR14,hrnet32,scratch,severe,78,0.35849739291847577,0.35849739291847577,0.128520380729344
DTSR14,hrnet32,scratch,severe,79,0.366797649032732,0.366797649032732,0.13454051533593922
DTSR14,hrnet32,scratch,severe,80,0.3738380040117759,0.3738380040117759,0.1397548532435086
DTSR14,hrnet32,scratch,severe,81,0.3519386675886886,0.3519386675886886,0.12386082574410144
DTSR14,hrnet32,scratch,severe,82,0.2819800509498096,0.2819800509498096,0.07951274913365722
DTSR14,hrnet32,scratch,severe,83,0.5317724891128451,0.5317724891128451,0.282781980177271
DTSR14,hrnet32,scratch,severe,84,0.24731509273980787,0.24731509273980787,0.06116475509689977
DTSR14,hrnet32,scratch,severe,85,0.5859336124564595,0.5859336124564595,0.34331819820627646
DTSR14,hrnet32,scratch,severe,86,0.3606508292047631,0.3606508292047631,0.13006902060608322
DTSR14,hrnet32,scratch,severe,87,0.23015773728955075,0.23015773728955075,0.05297258403424586
DTSR14,hrnet32,scratch,severe,88,0.2440349321734627,0.2440349321734627,0.05955304812090654
DTSR14,hrnet32,scratch,severe,89,0.39913106204227344,0.39913106204227344,0.15930560468699315
DTSR14,hrnet32,scratch,severe,90,0.4765720091077313,0.4765720091077313,0.2271208798649795
DTSR14,hrnet32,scratch,severe,91,0.45067724406304144,0.45067724406304144,0.2031099783162582
DTSR14,hrnet32,scratch,severe,92,0.1237151842516788,0.1237151842516788,0.015305446814426834
DTSR14,hrnet32,scratch,severe,93,0.3015882289927435,0.3015882289927435,0.0909554598669795
DTSR14,hrnet32,scratch,severe,94,0.22571056473766954,0.22571056473766954,0.050945259034197714
DTSR14,hrnet32,scratch,severe,95,0.5449674325512853,0.5449674325512853,0.2969895025415397
DTSR14,hrnet32,scratch,severe,96,0.2610079692087355,0.2610079692087355,0.06812515999046821
DTSR14,hrnet32,scratch,severe,97,0.7048417674274408,0.7048417674274408,0.49680191711023847
DTSR14,hrnet32,scratch,severe,98,0.11876963387397865,0.11876963387397865,0.014106225930558937
DTSR14,hrnet32,scratch,severe,99,0.189627742461992,0.189627742461992,0.03595868071123156
DTSR14,hrnet32,scratch,severe,100,0.44600544701240197,0.44600544701240197,0.1989208587647325
DTSR14,hrnet32,scratch,severe,101,0.5325720458655375,0.5325720458655375,0.2836329840374042
DTSR14,hrnet32,scratch,severe,102,0.18451866517809865,0.18451866517809865,0.03404713779910727
DTSR14,hrnet32,scratch,severe,103,0.3229635580616275,0.3229635580616275,0.10430545983582624
DTSR14,hrnet32,scratch,severe,104,0.43885399163704136,0.43885399163704136,0.19259282597576438
DTSR14,hrnet32,scratch,severe,105,0.2798092201918387,0.2798092201918387,0.07829319970436487
DTSR14,hrnet32,scratch,severe,106,0.3975542482597158,0.3975542482597158,0.15804938030934776
DTSR14,hrnet32,scratch,severe,107,0.4861130172337995,0.4861130172337995,0.23630586552414826
DTSR14,hrnet32,scratch,severe,108,0.633266106420287,0.633266106420287,0.4010259615407103
DTSR14,hrnet32,scratch,severe,109,0.28083342279804085,0.28083342279804085,0.07886741136046317
DTSR14,hrnet32,scratch,severe,110,0.2981061243458421,0.2981061243458421,0.08886726137249867
DTSR14,hrnet32,scratch,severe,111,0.32176953875526176,0.32176953875526176,0.1035356360707739
DTSR14,hrnet32,scratch,severe,112,0.2965554140182551,0.2965554140182551,0.08794511358353868
DTSR14,hrnet32,scratch,severe,113,0.2453903069535823,0.2453903069535823,0.06021640274677334
DTSR14,hrnet32,scratch,severe,114,0.34018752472725355,0.34018752472725355,0.11572755198005574
DTSR14,hrnet32,scratch,severe,115,0.41667693138850004,0.41667693138850004,0.17361966515133676
DTSR14,hrnet32,scratch,severe,116,0.15747131026239586,0.15747131026239586,0.02479721355575574
DTSR14,hrnet32,scratch,severe,117,0.42156960642309255,0.42156960642309255,0.17772093305972114
DTSR14,hrnet32,scratch,severe,118,0.6356495603115142,0.6356495603115142,0.40405036352422136
DTSR14,hrnet32,scratch,severe,119,0.22469546648084088,0.22469546648084088,0.05048805265704269
DTSR14,hrnet32,scratch,severe,120,0.48940879474330473,0.48940879474330473,0.2395209683720942
DTSR14,hrnet32,scratch,severe,121,0.24463408316632013,0.24463408316632013,0.05984583464662603
DTSR14,hrnet32,scratch,severe,122,0.14069369590312775,0.14069369590312775,0.019794716066881785
DTSR14,hrnet32,scratch,severe,123,0.3982074826169308,0.3982074826169308,0.15856919921211324
DTSR14,hrnet32,scratch,severe,124,0.26643505573244414,0.26643505573244414,0.07098763892315062
DTSR14,hrnet32,scratch,severe,125,0.4026067118693749,0.4026067118693749,0.16209216444226987
DTSR14,hrnet32,scratch,severe,126,0.36758106538769064,0.36758106538769064,0.13511583963154972
DTSR14,hrnet32,scratch,severe,127,0.22433587613931635,0.22433587613931635,0.050326585323194686
DTSR14,hrnet32,scratch,severe,128,0.4840348300689252,0.4840348300689252,0.23428971671985332
DTSR14,hrnet32,scratch,severe,129,0.47241687784321285,0.47241687784321285,0.22317770647112908
DTSR14,hrnet32,scratch,severe,130,0.6440500358856357,0.6440500358856357,0.4148004487242886
DTSR14,hrnet32,scratch,severe,131,0.4858439558028939,0.4858439558028939,0.23604434939020433
DTSR14,hrnet32,scratch,severe,132,0.44421002329634246,0.44421002329634246,0.19732254479693712
DTSR14,hrnet32,scratch,severe,133,0.447931689817454,0.447931689817454,0.20064279874271984
DTSR14,hrnet32,scratch,severe,134,0.44619602175461476,0.44619602175461476,0.19909088982964465
DTSR14,hrnet32,scratch,severe,135,0.09970924656076735,0.09970924656076735,0.009941933849715895
DTSR14,hrnet32,scratch,severe,136,0.26332619909110005,0.26332619909110005,0.06934068712776566
DTSR14,hrnet32,scratch,severe,137,0.5238584671478884,0.5238584671478884,0.27442769360253527
DTSR14,hrnet32,scratch,severe,138,0.459668317122466,0.459668317122466,0.21129496176619994
DTSR14,hrnet32,scratch,severe,139,0.7100488889456525,0.7100488889456525,0.5041694246929557
DTSR14,hrnet32,scratch,severe,140,0.21265684444391686,0.21265684444391686,0.04522293348884425
DTSR14,hrnet32,scratch,severe,141,0.11702163572343426,0.11702163572343426,0.013694063227388144
DTSR14,hrnet32,scratch,severe,142,0.24603892453511683,0.24603892453511683,0.060535152386396916
DTSR14,hrnet32,scratch,severe,143,0.2888116692567134,0.2888116692567134,0.08341218029884923
DTSR14,hrnet32,scratch,severe,144,0.04899140761065389,0.04899140761065389,0.002400158019673236
DTSR14,hrnet32,scratch,severe,145,0.4203295828562575,0.4203295828562575,0.17667695822411542
DTSR14,hrnet32,scratch,severe,146,0.5110513545717789,0.5110513545717789,0.26117348700965004
DTSR14,hrnet32,scratch,severe,147,0.6724356738305605,0.6724356738305605,0.4521697354399599
DTSR14,hrnet32,scratch,severe,148,0.24062795237310944,0.24062795237310944,0.05790181146327542
DTSR14,hrnet32,scratch,severe,149,0.35195192933915637,0.35195192933915637,0.12387016056555451
DTSR14,hrnet32,scratch,severe,150,0.5504961454629791,0.5504961454629791,0.3030460061695974
DTSR14,hrnet32,scratch,severe,151,0.35286966209974546,0.35286966209974546,0.12451699843038853
DTSR14,hrnet32,scratch,severe,152,0.11784994115164313,0.11784994115164313,0.01388860862944575
DTSR14,hrnet32,scratch,severe,153,0.37435366237078593,0.37435366237078593,0.1401406645304204
DTSR14,hrnet32,scratch,severe,154,0.26322491521251085,0.26322491521251085,0.06928735598863352
DTSR14,hrnet32,scratch,severe,155,0.3032844603308574,0.3032844603308574,0.0919814638781794
DTSR14,hrnet32,scratch,severe,156,0.6459076284237149,0.6459076284237149,0.4171966644559477
DTSR14,hrnet32,scratch,severe,157,0.3993640676267667,0.3993640676267667,0.15949165851139668
DTSR14,hrnet32,scratch,severe,158,0.16013048987057746,0.16013048987057746,0.02564177378619111
DTSR14,hrnet32,scratch,severe,159,0.2904847676818887,0.2904847676818887,0.08438140025520084
DTSR14,hrnet32,scratch,severe,160,0.256250818181464,0.256250818181464,0.06566448181866973
DTSR14,hrnet32,scratch,severe,161,0.1619485898963153,0.1619485898963153,0.02622734576940492
DTSR14,hrnet32,scratch,severe,162,0.370195905123579,0.370195905123579,0.13704500817026594
DTSR14,hrnet32,scratch,severe,163,0.4984678199292796,0.4984678199292796,0.2484701675050487
DTSR14,hrnet32,scratch,severe,164,0.23559336336654163,0.23559336336654163,0.055504232862359316
DTSR14,hrnet32,scratch,severe,165,0.16237045497344774,0.16237045497344774,0.026364164648284418
DTSR14,hrnet32,scratch,severe,166,0.40103188128375333,0.40103188128375333,0.16082656980598642
DTSR14,hrnet32,scratch,severe,167,0.16482087905015694,0.16482087905015694,0.027165922170866462
DTSR14,hrnet32,scratch,severe,168,0.5569967168750339,0.5569967168750339,0.3102453426095667
DTSR14,hrnet32,scratch,severe,169,0.16038332650587855,0.16038332650587855,0.025722811421091247
DTSR14,hrnet32,scratch,severe,170,0.4681116448037603,0.4681116448037603,0.21912851200088182
DTSR14,hrnet32,scratch,severe,171,0.4700975070605271,0.4700975070605271,0.22099166614452234
DTSR14,hrnet32,scratch,severe,172,0.4786242127708921,0.4786242127708921,0.22908113705055622
DTSR14,hrnet32,scratch,severe,173,0.251512797696297,0.251512797696297,0.06325868740501842
DTSR14,hrnet32,scratch,severe,174,0.3503072137572311,0.3503072137572311,0.12271514401035441
DTSR14,hrnet32,scratch,severe,175,0.3101098843334764,0.3101098843334764,0.09616814036132212
DTSR14,hrnet32,scratch,severe,176,0.3190629045203845,0.3190629045203845,0.101801137040984
DTSR14,hrnet32,scratch,severe,177,0.17591916133098348,0.17591916133098348,0.030947551323396594
DTSR14,hrnet32,scratch,severe,178,0.4562686602337852,0.4562686602337852,0.2081810903115333
DTSR14,hrnet32,scratch,severe,179,0.49572777938380613,0.49572777938380613,0.24574603125279956
DTSR14,hrnet32,scratch,severe,180,0.43996982193460826,0.43996982193460826,0.1935734442131709
DTSR14,hrnet32,scratch,severe,181,0.5621830162901917,0.5621830162901917,0.316049743805138
DTSR14,hrnet32,scratch,severe,182,0.10463923343663455,0.10463923343663455,0.010949369174206497
DTSR14,hrnet32,scratch,severe,183,0.2780569720972749,0.2780569720972749,0.07731567973190473
DTSR14,hrnet32,scratch,severe,184,0.4996481304450283,0.4996481304450283,0.24964825425721204
DTSR14,hrnet32,scratch,severe,185,0.20781214657041858,0.20781214657041858,0.04318588826220513
DTSR14,hrnet32,scratch,severe,186,0.4994428374137758,0.4994428374137758,0.2494431478439233
DTSR14,hrnet32,scratch,severe,187,0.77447138412013,0.77447138412013,0.5998059248209499
DTSR14,hrnet32,scratch,severe,188,0.4967361328647552,0.4967361328647552,0.24674678569343175
DTSR14,hrnet32,scratch,severe,189,0.4884209104796242,0.4884209104796242,0.2385549857937451
DTSR14,hrnet32,scratch,severe,190,0.2966562080547006,0.2966562080547006,0.08800490577739381
DTSR14,hrnet32,scratch,severe,191,0.6491529620580356,0.6491529620580356,0.4213995681487214
DTSR14,hrnet32,scratch,severe,192,0.35891126846989985,0.35891126846989985,0.12881729863467253
DTSR14,hrnet32,scratch,severe,193,0.4024552181558103,0.4024552181558103,0.16197020262084086
DTSR14,hrnet32,scratch,severe,194,0.5392803637012294,0.5392803637012294,0.2908233106737303
DTSR14,hrnet32,scratch,severe,195,0.46508092228248493,0.46508092228248493,0.21630026427112678
DTSR14,hrnet32,scratch,severe,196,0.4348641380811223,0.4348641380811223,0.18910681858903738
DTSR14,hrnet32,scratch,severe,197,0.6401122645662018,0.6401122645662018,0.4097437112480712
DTSR14,hrnet32,scratch,severe,198,0.339133866197446,0.339133866197446,0.11501177920202721
DTSR14,hrnet32,scratch,severe,199,0.17806858715542276,0.17806858715542276,0.031708421731528394
DTSR14,hrnet32,compound,mild,0,0.11265208913227412,0.11265208913227412,0.012690493185865832
DTSR14,hrnet32,compound,mild,1,0.22561968583207417,0.22561968583207417,0.050904242634963855
DTSR14,hrnet32,compound,mild,2,0.12935225312016882,0.12935225312016882,0.016732005387264225
DTSR14,hrnet32,compound,mild,3,0.16379339191872597,0.16379339191872597,0.026828275236241365
DTSR14,hrnet32,compound,mild,4,0.20396090062259564,0.20396090062259564,0.04160004898278034
DTSR14,hrnet32,compound,mild,5,0.009430135601591129,0.009430135601591129,8.892745746439648e-05
DTSR14,hrnet32,compound,mild,6,0.21854097007773848,0.21854097007773848,0.047760155602518985
DTSR14,hrnet32,compound,mild,7,0.09626538141468137,0.09626538141468137,0.00926702365891408
DTSR14,hrnet32,compound,mild,8,0.05385380962870788,0.05385380962870788,0.0029002328115251097
DTSR14,hrnet32,compound,mild,9,0.1450558751452823,0.1450558751452823,0.021041206914163724
DTSR14,hrnet32,compound,mild,10,0.13728710044764278,0.13728710044764278,0.018847747949321158
DTSR14,hrnet32,compound,mild,11,0.09252452141977706,0.09252452141977706,0.008560787063958783
DTSR14,hrnet32,compound,mild,12,0.11347719747344587,0.11347719747344587,0.012877074346427429
DTSR14,hrnet32,compound,mild,13,0.2011597994830292,0.2011597994830292,0.04046526492805252
DTSR14,hrnet32,compound,mild,14,0.22734189515933084,0.22734189515933084,0.05168433729463617
DTSR14,hrnet32,compound,mild,15,0.0188531643867886,0.0188531643867886,0.00035544180739527397
DTSR14,hrnet32,compound,mild,16,0.05896132697537468,0.05896132697537468,0.0034764380786970455
DTSR14,hrnet32,compound,mild,17,0.05033340560024718,0.05033340560024718,0.0025334517193189945
DTSR14,hrnet32,compound,mild,18,0.08509367552083592,0.08509367552083592,0.0072409336136453105
DTSR14,hrnet32,compound,mild,19,0.3298478350614725,0.3298478350614725,0.10879959429474038
DTSR14,hrnet32,compound,mild,20,0.07217701185165337,0.07217701185165337,0.005209521039833711
DTSR14,hrnet32,compound,mild,21,0.1964795442217613,0.1964795442217613,0.038604211297591055
DTSR14,hrnet32,compound,mild,22,0.052832853651652974,0.052832853651652974,0.002791310424976981
DTSR14,hrnet32,compound,mild,23,0.06505594212843333,0.06505594212843333,0.004232275606218066
DTSR14,hrnet32,compound,mild,24,0.03198354400188839,0.03198354400188839,0.0010229470869207308
DTSR14,hrnet32,compound,mild,25,0.05212115157253965,0.05212115157253965,0.0027166144412476526
DTSR14,hrnet32,compound,mild,26,0.17701466570221483,0.17701466570221483,0.03133419187366687
DTSR14,hrnet32,compound,mild,27,0.11758357901087178,0.11758357901087178,0.013825898053005927
DTSR14,hrnet32,compound,mild,28,0.2302347238623523,0.2302347238623523,0.05300802807197362
DTSR14,hrnet32,compound,mild,29,0.088665696966472,0.088665696966472,0.007861605818550242
DTSR14,hrnet32,compound,mild,30,0.09563920487748699,0.09563920487748699,0.009146857509597931
DTSR14,hrnet32,compound,mild,31,0.13356960861857067,0.13356960861857067,0.017840840346518148
DTSR14,hrnet32,compound,mild,32,0.10071722385824977,0.10071722385824977,0.010143959181712797
DTSR14,hrnet32,compound,mild,33,0.2637750806604122,0.2637750806604122,0.06957729317740698
DTSR14,hrnet32,compound,mild,34,0.2643741839174686,0.2643741839174686,0.06989370912202751
DTSR14,hrnet32,compound,mild,35,0.07820447717651316,0.07820447717651316,0.006115940250451768
DTSR14,hrnet32,compound,mild,36,0.22967461183544582,0.22967461183544582,0.05275042732176271
DTSR14,hrnet32,compound,mild,37,0.36570335527940395,0.36570335527940395,0.13373894406261394
DTSR14,hrnet32,compound,mild,38,0.13677331341729917,0.13677331341729917,0.01870693926314675
DTSR14,hrnet32,compound,mild,39,0.0731894024453681,0.0731894024453681,0.005356688630310054
DTSR14,hrnet32,compound,mild,40,0.2464193048801332,0.2464193048801332,0.060722473817608036
DTSR14,hrnet32,compound,mild,41,0.10416442494645091,0.10416442494645091,0.010850227424424805
DTSR14,hrnet32,compound,mild,42,0.09874928327814064,0.09874928327814064,0.009751420947946466
DTSR14,hrnet32,compound,mild,43,0.15415304998180504,0.15415304998180504,0.02376316281869288
DTSR14,hrnet32,compound,mild,44,0.3035312272888466,0.3035312272888466,0.09213120593947344
DTSR14,hrnet32,compound,mild,45,0.03138983369622894,0.03138983369622894,0.0009853216594769099
DTSR14,hrnet32,compound,mild,46,0.10462726194960349,0.10462726194960349,0.010946863943070947
DTSR14,hrnet32,compound,mild,47,0.24236384442116096,0.24236384442116096,0.05874023308260472
DTSR14,hrnet32,compound,mild,48,0.07747505026746186,0.07747505026746186,0.006002383413945742
DTSR14,hrnet32,compound,mild,49,0.25478577991439855,0.25478577991439855,0.06491579364658834
DTSR14,hrnet32,compound,mild,50,0.14998107284949302,0.14998107284949302,0.022494322213084932
DTSR14,hrnet32,compound,mild,51,0.06430709728195502,0.06430709728195502,0.004135402760830827
DTSR14,hrnet32,compound,mild,52,0.14473652563419595,0.14473652563419595,0.02094866185265826
DTSR14,hrnet32,compound,mild,53,0.08849380651069036,0.08849380651069036,0.007831153790751503
DTSR14,hrnet32,compound,mild,54,0.44442779886598927,0.44442779886598927,0.1975160684048682
DTSR14,hrnet32,compound,mild,55,0.19261374595767966,0.19261374595767966,0.03710005513184956
DTSR14,hrnet32,compound,mild,56,0.17066420485280542,0.17066420485280542,0.029126270818040333
DTSR14,hrnet32,compound,mild,57,0.36377681788538263,0.36377681788538263,0.13233357323081485
DTSR14,hrnet32,compound,mild,58,0.13996851478933003,0.13996851478933003,0.0195911851323309
DTSR14,hrnet32,compound,mild,59,0.12696050448362878,0.12696050448362878,0.016118969698737523
DTSR14,hrnet32,compound,mild,60,0.07887951297819848,0.07887951297819848,0.0062219775676777824
DTSR14,hrnet32,compound,mild,61,0.133495600809211,0.133495600809211,0.017821075435412215
DTSR14,hrnet32,compound,mild,62,0.33844170295086584,0.33844170295086584,0.11454278629628212
DTSR14,hrnet32,compound,mild,63,0.16365913317568756,0.16365913317568756,0.026784311871817436
DTSR14,hrnet32,compound,mild,64,0.08480822195525792,0.08480822195525792,0.007192434511212291
DTSR14,hrnet32,compound,mild,65,0.08850426662077052,0.08850426662077052,0.007833005210080434
DTSR14,hrnet32,compound,mild,66,0.007120920624349632,0.007120920624349632,5.070751053828796e-05
DTSR14,hrnet32,compound,mild,67,0.1621081764465879,0.1621081764465879,0.026279060870838075
DTSR14,hrnet32,compound,mild,68,0.08546982247804209,0.08546982247804209,0.00730509055442803
DTSR14,hrnet32,compound,mild,69,0.08057022533194372,0.08057022533194372,0.006491561210040185
DTSR14,hrnet32,compound,mild,70,0.07232368809891318,0.07232368809891318,0.005230715860228876
DTSR14,hrnet32,compound,mild,71,0.09326758885250866,0.09326758885250866,0.008698843130360597
DTSR14,hrnet32,compound,mild,72,0.25043848164904425,0.25043848164904425,0.06271943309067868
DTSR14,hrnet32,compound,mild,73,0.14930520346484538,0.14930520346484538,0.02229204378167888
DTSR14,hrnet32,compound,mild,74,0.07857899781143561,0.07857899781143561,0.0061746588970496025
DTSR14,hrnet32,compound,mild,75,0.13597488989890244,0.13597488989890244,0.01848917068301864
DTSR14,hrnet32,compound,mild,76,0.17514005777070715,0.17514005777070715,0.03067403983592664
DTSR14,hrnet32,compound,mild,77,0.25077249673503077,0.25077249673503077,0.06288684511872102
DTSR14,hrnet32,compound,mild,78,0.2264947549835446,0.2264947549835446,0.0512998740350559
DTSR14,hrnet32,compound,mild,79,0.08852768838861916,0.08852768838861916,0.007837151611432456
DTSR14,hrnet32,compound,mild,80,0.08842278662428246,0.08842278662428246,0.007818589194403385
DTSR14,hrnet32,compound,mild,81,0.051432939903232694,0.051432939903232694,0.0026453473070895458
DTSR14,hrnet32,compound,mild,82,0.06598512611826363,0.06598512611826363,0.004354036868843157
DTSR14,hrnet32,compound,mild,83,0.15061764955457746,0.15061764955457746,0.02268567635734551
DTSR14,hrnet32,compound,mild,84,0.14015424461076653,0.14015424461076653,0.019643212282414578
DTSR14,hrnet32,compound,mild,85,0.07538960450224887,0.07538960450224887,0.005683592467005502
DTSR14,hrnet32,compound,mild,86,0.04762614979800979,0.04762614979800979,0.002268250144582468
DTSR14,hrnet32,compound,mild,87,0.4248383304269845,0.4248383304269845,0.18048760699998764
DTSR14,hrnet32,compound,mild,88,0.1506091151744961,0.1506091151744961,0.02268310557364463
DTSR14,hrnet32,compound,mild,89,0.03516302208558144,0.03516302208558144,0.001236438122191088
DTSR14,hrnet32,compound,mild,90,0.15704835460123373,0.15704835460123373,0.02466418568295485
DTSR14,hrnet32,compound,mild,91,0.17937084661108244,0.17937084661108244,0.032173900613976465
DTSR14,hrnet32,compound,mild,92,0.2001932090708091,0.2001932090708091,0.04007732095806868
DTSR14,hrnet32,compound,mild,93,0.14601381836895092,0.14601381836895092,0.021320035154680988
DTSR14,hrnet32,compound,mild,94,0.2769694159824807,0.2769694159824807,0.07671205738967644
DTSR14,hrnet32,compound,mild,95,0.10223029219369426,0.10223029219369426,0.010451032642008105
DTSR14,hrnet32,compound,mild,96,0.21641114271506173,0.21641114271506173,0.046833782691238814
DTSR14,hrnet32,compound,mild,97,0.23089706575211214,0.23089706575211214,0.053313454972935194
DTSR14,hrnet32,compound,mild,98,0.2541215594432684,0.2541215594432684,0.06457776697387861
DTSR14,hrnet32,compound,mild,99,0.3141565675678396,0.3141565675678396,0.09869434894600657
DTSR14,hrnet32,compound,mild,100,0.15400237937489522,0.15400237937489522,0.02371673285312915
DTSR14,hrnet32,compound,mild,101,0.024570362107796426,0.024570362107796426,0.0006037026941082385
DTSR14,hrnet32,compound,mild,102,0.10794884140722212,0.10794884140722212,0.011652952361161593
DTSR14,hrnet32,compound,mild,103,0.12641924625209702,0.12641924625209702,0.015981825822948346
DTSR14,hrnet32,compound,mild,104,0.14929651317680215,0.14929651317680215,0.022289448846751058
DTSR14,hrnet32,compound,mild,105,0.10769491077537166,0.10769491077537166,0.011598193806915263
DTSR14,hrnet32,compound,mild,106,0.22130510833586675,0.22130510833586675,0.04897595097554972
DTSR14,hrnet32,compound,mild,107,0.2080901003507058,0.2080901003507058,0.043301489863966806
DTSR14,hrnet32,compound,mild,108,0.15174959075892794,0.15174959075892794,0.023027938295502107
DTSR14,hrnet32,compound,mild,109,0.12404931107674749,0.12404931107674749,0.015388231578615668
DTSR14,hrnet32,compound,mild,110,0.13069899363562226,0.13069899363562226,0.017082226937364428
DTSR14,hrnet32,compound,mild,111,0.21008695824898135,0.21008695824898135,0.04413653002630923
DTSR14,hrnet32,compound,mild,112,0.18959086599141933,0.18959086599141933,0.03594469646737632
DTSR14,hrnet32,compound,mild,113,0.131359661708078,0.131359661708078,0.017255360724060694
DTSR14,hrnet32,compound,mild,114,0.11822025653272802,0.11822025653272802,0.013976029054664022
DTSR14,hrnet32,compound,mild,115,0.08142819267685221,0.08142819267685221,0.006630550562618568
DTSR14,hrnet32,compound,mild,116,0.21309683729928533,0.21309683729928533,0.045410262066958085
DTSR14,hrnet32,compound,mild,117,0.10775499586498967,0.10775499586498967,0.01161113913386394
DTSR14,hrnet32,compound,mild,118,0.07575272566584265,0.07575272566584265,0.005738475445804416
DTSR14,hrnet32,compound,mild,119,0.06823006167844377,0.06823006167844377,0.004655341316644241
DTSR14,hrnet32,compound,mild,120,0.07872066306955837,0.07872066306955837,0.006196942794110931
DTSR14,hrnet32,compound,mild,121,0.10974976579617755,0.10974976579617755,0.012045011092315825
DTSR14,hrnet32,compound,mild,122,0.11467150620891194,0.11467150620891194,0.013149554336220528
DTSR14,hrnet32,compound,mild,123,0.08883444017099044,0.08883444017099044,0.007891557760493282
DTSR14,hrnet32,compound,mild,124,0.4138483597972682,0.4138483597972682,0.17127046490688916
DTSR14,hrnet32,compound,mild,125,0.12399082270782989,0.12399082270782989,0.015373724115764506
DTSR14,hrnet32,compound,mild,126,0.2485778432812238,0.2485778432812238,0.061790944170344655
DTSR14,hrnet32,compound,mild,127,0.24508612838518185,0.24508612838518185,0.06006721032683784
DTSR14,hrnet32,compound,mild,128,0.10226165526747633,0.10226165526747633,0.010457446138044169
DTSR14,hrnet32,compound,mild,129,0.12806923532021774,0.12806923532021774,0.016401729035505307
DTSR14,hrnet32,compound,mild,130,0.43053294798848646,0.43053294798848646,0.1853586193036568
DTSR14,hrnet32,compound,mild,131,0.05015757339607601,0.05015757339607601,0.0025157821689827517
DTSR14,hrnet32,compound,mild,132,0.22779008082414565,0.22779008082414565,0.051888320921870804
DTSR14,hrnet32,compound,mild,133,0.20539672600552175,0.20539672600552175,0.042187815053787374
DTSR14,hrnet32,compound,mild,134,0.08965850079540573,0.08965850079540573,0.00803864676487977
DTSR14,hrnet32,compound,mild,135,0.0878419020870759,0.0878419020870759,0.007716199762275429
DTSR14,hrnet32,compound,mild,136,0.09301522923227992,0.09301522923227992,0.008651832869133581
DTSR14,hrnet32,compound,mild,137,0.16194207493264035,0.16194207493264035,0.0262252356334889
DTSR14,hrnet32,compound,mild,138,0.23816874147195083,0.23816874147195083,0.05672434941433295
DTSR14,hrnet32,compound,mild,139,0.1836050838509731,0.1836050838509731,0.03371082681592286
DTSR14,hrnet32,compound,mild,140,0.2520786862448985,0.2520786862448985,0.06354366405895398
DTSR14,hrnet32,compound,mild,141,0.12891826069881024,0.12891826069881024,0.016619917941606402
DTSR14,hrnet32,compound,mild,142,0.12270651040376783,0.12270651040376783,0.015056887695469983
DTSR14,hrnet32,compound,mild,143,0.32022159629010016,0.32022159629010016,0.1025418707305799
DTSR14,hrnet32,compound,mild,144,0.028677463002382587,0.028677463002382587,0.0008223968842530221
DTSR14,hrnet32,compound,mild,145,0.028989178335921698,0.028989178335921698,0.0008403724605918719
DTSR14,hrnet32,compound,mild,146,0.24067393094519524,0.24067393094519524,0.0579239410366126
DTSR14,hrnet32,compound,mild,147,0.2877787744100452,0.2877787744100452,0.08281662300094768
DTSR14,hrnet32,compound,mild,148,0.08161657502251575,0.08161657502251575,0.006661265318405942
DTSR14,hrnet32,compound,mild,149,0.10107956869982004,0.10107956869982004,0.01021707920854164
DTSR14,hrnet32,compound,mild,150,0.10228339090161706,0.10228339090161706,0.010461892054333
DTSR14,hrnet32,compound,mild,151,0.12098212321758689,0.12098212321758689,0.014636674138235377
DTSR14,hrnet32,compound,mild,152,0.0734916364689153,0.0734916364689153,0.005401020630879201
DTSR14,hrnet32,compound,mild,153,0.0622543370726135,0.0622543370726135,0.0038756024843505793
DTSR14,hrnet32,compound,mild,154,0.201763312566153,0.201763312566153,0.040708434297667156
DTSR14,hrnet32,compound,mild,155,0.0713149635996078,0.0713149635996078,0.005085824033213386
DTSR14,hrnet32,compound,mild,156,0.019896286034900876,0.019896286034900876,0.00039586219798259166
DTSR14,hrnet32,compound,mild,157,0.22122008804677695,0.22122008804677695,0.04893832735542375
DTSR14,hrnet32,compound,mild,158,0.3105535821157273,0.3105535821157273,0.09644352736490978
DTSR14,hrnet32,compound,mild,159,0.03897937353277521,0.03897937353277521,0.0015193915610076166
DTSR14,hrnet32,compound,mild,160,0.23639194596752555,0.23639194596752555,0.05588115211831352
DTSR14,hrnet32,compound,mild,161,0.4852145023027838,0.4852145023027838,0.23543311324493818
DTSR14,hrnet32,compound,mild,162,0.09463279714406489,0.09463279714406489,0.008955366295309736
DTSR14,hrnet32,compound,mild,163,0.017328658356464233,0.017328658356464233,0.0003002824004350577
DTSR14,hrnet32,compound,mild,164,0.10695119228030438,0.10695119228030438,0.011438557530178639
DTSR14,hrnet32,compound,mild,165,0.028193028411156087,0.028193028411156087,0.0007948468509922543
DTSR14,hrnet32,compound,mild,166,0.029572260957628514,0.029572260957628514,0.0008745186181460797
DTSR14,hrnet32,compound,mild,167,0.2051819388300023,0.2051819388300023,0.0420996280220388
DTSR14,hrnet32,compound,mild,168,0.060373687006184874,0.060373687006184874,0.003644982082720776
DTSR14,hrnet32,compound,mild,169,0.10829512198977782,0.10829512198977782,0.01172783344678086
DTSR14,hrnet32,compound,mild,170,0.12580684296073927,0.12580684296073927,0.01582736173574811
DTSR14,hrnet32,compound,mild,171,0.3607968926540408,0.3607968926540408,0.13017439774881145
DTSR14,hrnet32,compound,mild,172,0.026109279750612023,0.026109279750612023,0.000681694489095719
DTSR14,hrnet32,compound,mild,173,0.0409728057076533,0.0409728057076533,0.0016787708075571067
DTSR14,hrnet32,compound,mild,174,0.13389150805901967,0.13389150805901967,0.01792693593031853
DTSR14,hrnet32,compound,mild,175,0.06488852108659543,0.06488852108659543,0.00421052016880554
DTSR14,hrnet32,compound,mild,176,0.11878615870334965,0.11878615870334965,0.014110151499497368
DTSR14,hrnet32,compound,mild,177,0.06390672838986444,0.06390672838986444,0.004084069933495906
DTSR14,hrnet32,compound,mild,178,0.02000985816058229,0.02000985816058229,0.0004003944236066216
DTSR14,hrnet32,compound,mild,179,0.26190558122787105,0.26190558122787105,0.06859453347830896
DTSR14,hrnet32,compound,mild,180,0.40331690606079573,0.40331690606079573,0.16266452671445272
DTSR14,hrnet32,compound,mild,181,0.21891601133531124,0.21891601133531124,0.04792422001896212
DTSR14,hrnet32,compound,mild,182,0.3512682746547101,0.3512682746547101,0.12338940077889686
DTSR14,hrnet32,compound,mild,183,0.34502776968042603,0.34502776968042603,0.11904416185064912
DTSR14,hrnet32,compound,mild,184,0.17798752824451616,0.17798752824451616,0.03167956021059244
DTSR14,hrnet32,compound,mild,185,0.3684087343411125,0.3684087343411125,0.1357249955388204
DTSR14,hrnet32,compound,mild,186,0.09947416837433842,0.09947416837433842,0.009895110173766231
DTSR14,hrnet32,compound,mild,187,0.46322464677622716,0.46322464677622716,0.2145770733809604
DTSR14,hrnet32,compound,mild,188,0.3463294618550573,0.3463294618550573,0.1199440961488136
DTSR14,hrnet32,compound,mild,189,0.15881040903003177,0.15881040903003177,0.025220746016285996
DTSR14,hrnet32,compound,mild,190,0.16456751251206525,0.16456751251206525,0.027082466174408754
DTSR14,hrnet32,compound,mild,191,0.30402647058187804,0.30402647058187804,0.09243209481447355
DTSR14,hrnet32,compound,mild,192,0.06857068960905112,0.06857068960905112,0.004701939473460831
DTSR14,hrnet32,compound,mild,193,0.1343004374364435,0.1343004374364435,0.018036607495620072
DTSR14,hrnet32,compound,mild,194,0.08459179037142629,0.08459179037142629,0.00715577099824333
DTSR14,hrnet32,compound,mild,195,0.044922599059044666,0.044922599059044666,0.0020180399062196806
DTSR14,hrnet32,compound,mild,196,0.0760975110377034,0.0760975110377034,0.0057908311861333914
DTSR14,hrnet32,compound,mild,197,0.10620604546588773,0.10620604546588773,0.01127972409350221
DTSR14,hrnet32,compound,mild,198,0.12146313974859006,0.12146313974859006,0.014753294317585519
DTSR14,hrnet32,compound,mild,199,0.1166440099309947,0.1166440099309947,0.01360582505278199
DTSR14,hrnet32,compound,severe,0,0.3981300783468475,0.3981300783468475,0.15850755928446691
DTSR14,hrnet32,compound,severe,1,0.3126310148601761,0.3126310148601761,0.09773815145250364
DTSR14,hrnet32,compound,severe,2,0.5040660138278746,0.5040660138278746,0.2540825462963231
DTSR14,hrnet32,compound,severe,3,0.3233546713790996,0.3233546713790996,0.10455824350268551
DTSR14,hrnet32,compound,severe,4,0.22440527854482778,0.22440527854482778,0.050357729038781746
DTSR14,hrnet32,compound,severe,5,0.3965655624040352,0.3965655624040352,0.1572642452848287
DTSR14,hrnet32,compound,severe,6,0.08764490709639056,0.08764490709639056,0.007681629739934932
DTSR14,hrnet32,compound,severe,7,0.4660063550143695,0.4660063550143695,0.21716192291377856
DTSR14,hrnet32,compound,severe,8,0.4351259817968824,0.4351259817968824,0.18933462003470083
DTSR14,hrnet32,compound,severe,9,0.498729163391684,0.498729163391684,0.24873077841736904
DTSR14,hrnet32,compound,severe,10,0.3210470438205404,0.3210470438205404,0.10307120434590798
DTSR14,hrnet32,compound,severe,11,0.2442471312622067,0.2442471312622067,0.059656661129817636
DTSR14,hrnet32,compound,severe,12,0.385628134833868,0.385628134833868,0.14870905837544787
DTSR14,hrnet32,compound,severe,13,0.2550024939828402,0.2550024939828402,0.06502627193746845
DTSR14,hrnet32,compound,severe,14,0.24590332006973223,0.24590332006973223,0.06046844282131717
DTSR14,hrnet32,compound,severe,15,0.4633209784654353,0.4633209784654353,0.21466632908616837
DTSR14,hrnet32,compound,severe,16,0.11517458054869696,0.11517458054869696,0.013265184004568284
DTSR14,hrnet32,compound,severe,17,0.5788044039551925,0.5788044039551925,0.3350145380379257
DTSR14,hrnet32,compound,severe,18,0.3435003039676645,0.3435003039676645,0.11799245882587792
DTSR14,hrnet32,compound,severe,19,0.3426256149431895,0.3426256149431895,0.11739231201519876
DTSR14,hrnet32,compound,severe,20,0.4353231336484761,0.4353231336484761,0.18950623068952896
DTSR14,hrnet32,compound,severe,21,0.3116309185513127,0.3116309185513127,0.0971138293971349
DTSR14,hrnet32,compound,severe,22,0.3510296172914202,0.3510296172914202,0.12322179221576092
DTSR14,hrnet32,compound,severe,23,0.3182574987850055,0.3182574987850055,0.10128783553288777
DTSR14,hrnet32,compound,severe,24,0.4528984480060402,0.4528984480060402,0.20511700420627987
DTSR14,hrnet32,compound,severe,25,0.3176928142013261,0.3176928142013261,0.10092872419515832
DTSR14,hrnet32,compound,severe,26,0.25196320771749303,0.25196320771749303,0.06348545804328853
DTSR14,hrnet32,compound,severe,27,0.4264484341474361,0.4264484341474361,0.18185826698680016
DTSR14,hrnet32,compound,severe,28,0.3569253522878021,0.3569253522878021,0.12739570710577164
DTSR14,hrnet32,compound,severe,29,0.4741447843749079,0.4741447843749079,0.22481327654992794
DTSR14,hrnet32,compound,severe,30,0.3623279627662668,0.3623279627662668,0.1312815526023532
DTSR14,hrnet32,compound,severe,31,0.3850188862407661,0.3850188862407661,0.14823954276207998
DTSR14,hrnet32,compound,severe,32,0.3180850091603208,0.3180850091603208,0.10117807305252136
DTSR14,hrnet32,compound,severe,33,0.1864766079049128,0.1864766079049128,0.034773525295722585
DTSR14,hrnet32,compound,severe,34,0.1342914588881434,0.1342914588881434,0.018034195930305908
DTSR14,hrnet32,compound,severe,35,0.20351135130902645,0.20351135130902645,0.04141687011162598
DTSR14,hrnet32,compound,severe,36,0.383685070106926,0.383685070106926,0.14721423302295672
DTSR14,hrnet32,compound,severe,37,0.22498242230534798,0.22498242230534798,0.05061709034638194
DTSR14,hrnet32,compound,severe,38,0.15788397272360896,0.15788397272360896,0.0249273488429893
DTSR14,hrnet32,compound,severe,39,0.5089309614403879,0.5089309614403879,0.25901072351263754
DTSR14,hrnet32,compound,severe,40,0.4411968797712797,0.4411968797712797,0.19465468671991304
DTSR14,hrnet32,compound,severe,41,0.3690143371372713,0.3690143371372713,0.1361715810128597
DTSR14,hrnet32,compound,severe,42,0.25458740281990005,0.25458740281990005,0.06481474567458205
DTSR14,hrnet32,compound,severe,43,0.16729369257001583,0.16729369257001583,0.027987179573710972
DTSR14,hrnet32,compound,severe,44,0.36486396930053167,0.36486396930053167,0.13312571609373933
DTSR14,hrnet32,compound,severe,45,0.3696214811297066,0.3696214811297066,0.13662003931251807
DTSR14,hrnet32,compound,severe,46,0.21333201143928848,0.21333201143928848,0.045510547104732714
DTSR14,hrnet32,compound,severe,47,0.29238360753824,0.29238360753824,0.08548817395707556
DTSR14,hrnet32,compound,severe,48,0.36451206514161894,0.36451206514161894,0.13286904563380786
DTSR14,hrnet32,compound,severe,49,0.3811200255658181,0.3811200255658181,0.14525247388728985
DTSR14,hrnet32,compound,severe,50,0.40442018300969074,0.40442018300969074,0.16355568442559174
DTSR14,hrnet32,compound,severe,51,0.5047475652459471,0.5047475652459471,0.2547701046217116
DTSR14,hrnet32,compound,severe,52,0.20776294586173358,0.20776294586173358,0.043165441673145635
DTSR14,hrnet32,compound,severe,53,0.350883197986933,0.350883197986933,0.12311901862953724
DTSR14,hrnet32,compound,severe,54,0.19399155625723316,0.19399155625723316,0.03763272389910326
DTSR14,hrnet32,compound,severe,55,0.3006423488632035,0.3006423488632035,0.09038582192998416
DTSR14,hrnet32,compound,severe,56,0.203560637810182,0.203560637810182,0.04143693326568809
DTSR14,hrnet32,compound,severe,57,0.36387958171918955,0.36387958171918955,0.13240834999213236
DTSR14,hrnet32,compound,severe,58,0.4270166573029296,0.4270166573029296,0.1823432256141676
DTSR14,hrnet32,compound,severe,59,0.14499063705771542,0.14499063705771542,0.02102228483440216
DTSR14,hrnet32,compound,severe,60,0.25553555066828115,0.25553555066828115,0.06529841765534168
DTSR14,hrnet32,compound,severe,61,0.29644909142851733,0.29644909142851733,0.08788206380879343
DTSR14,hrnet32,compound,severe,62,0.33052508712997947,0.33052508712997947,0.10924683322228051
DTSR14,hrnet32,compound,severe,63,0.13217255723186727,0.13217255723186727,0.01746958488521123
DTSR14,hrnet32,compound,severe,64,0.19701988815052976,0.19701988815052976,0.03881683632684726
DTSR14,hrnet32,compound,severe,65,0.4130782468897947,0.4130782468897947,0.1706336380535462
DTSR14,hrnet32,compound,severe,66,0.2628019799791723,0.2628019799791723,0.06906488068097329
DTSR14,hrnet32,compound,severe,67,0.14239020715426975,0.14239020715426975,0.020274971093435852
DTSR14,hrnet32,compound,severe,68,0.3704947217535326,0.3704947217535326,0.13726633884722755
DTSR14,hrnet32,compound,severe,69,0.33584422256096086,0.33584422256096086,0.1127913418275762
DTSR14,hrnet32,compound,severe,70,0.42008164868039366,0.42008164868039366,0.17646859155803768
DTSR14,hrnet32,compound,severe,71,0.36019468523142323,0.36019468523142323,0.12974021126896407
DTSR14,hrnet32,compound,severe,72,0.14305163762458697,0.14305163762458697,0.02046377102707615
DTSR14,hrnet32,compound,severe,73,0.06272278378890718,0.06272278378890718,0.0039341476062299974
DTSR14,hrnet32,compound,severe,74,0.2683455775980396,0.2683455775980396,0.0720093490164255
DTSR14,hrnet32,compound,severe,75,0.4247818600057984,0.4247818600057984,0.1804396285899857
DTSR14,hrnet32,compound,severe,76,0.22656418975859233,0.22656418975859233,0.051331332080967434
DTSR14,hrnet32,compound,severe,77,0.2974576633554993,0.2974576633554993,0.08848106148891353
DTSR14,hrnet32,compound,severe,78,0.24284570684946946,0.24284570684946946,0.05897403733521846
DTSR14,hrnet32,compound,severe,79,0.26007499084160146,0.26007499084160146,0.06763900086125908
DTSR14,hrnet32,compound,severe,80,0.39957085057601416,0.39957085057601416,0.15965686463003945
DTSR14,hrnet32,compound,severe,81,0.2897579044139514,0.2897579044139514,0.08395964317036458
DTSR14,hrnet32,compound,severe,82,0.36425704888628924,0.36425704888628924,0.13268319766334852
DTSR14,hrnet32,compound,severe,83,0.25922588511430417,0.25922588511430417,0.06719805951329443
DTSR14,hrnet32,compound,severe,84,0.37212250976500233,0.37212250976500233,0.13847516227380424
DTSR14,hrnet32,compound,severe,85,0.26249190295041314,0.26249190295041314,0.06890199911452911
DTSR14,hrnet32,compound,severe,86,0.23610350692592366,0.23610350692592366,0.05574486598271968
DTSR14,hrnet32,compound,severe,87,0.09665247859099572,0.09665247859099572,0.009341701617782886
DTSR14,hrnet32,compound,severe,88,0.258480202074829,0.258480202074829,0.06681201486464444
DTSR14,hrnet32,compound,severe,89,0.1375301531634434,0.1375301531634434,0.018914543029160204
DTSR14,hrnet32,compound,severe,90,0.4863459817393336,0.4863459817393336,0.23653241395399618
DTSR14,hrnet32,compound,severe,91,0.300251877408916,0.300251877408916,0.09015118988757873
DTSR14,hrnet32,compound,severe,92,0.3993732256555141,0.3993732256555141,0.15949897337049018
DTSR14,hrnet32,compound,severe,93,0.2771985424610322,0.2771985424610322,0.07683903194252067
DTSR14,hrnet32,compound,severe,94,0.17068769783920337,0.17068769783920337,0.029134290193647192
DTSR14,hrnet32,compound,severe,95,0.13635981313194914,0.13635981313194914,0.01859399863738009
DTSR14,hrnet32,compound,severe,96,0.540210428641973,0.540210428641973,0.2918273072135442
DTSR14,hrnet32,compound,severe,97,0.4643293575609332,0.4643293575609332,0.21560175229294895
DTSR14,hrnet32,compound,severe,98,0.4529150257220844,0.4529150257220844,0.2051320205248364
DTSR14,hrnet32,compound,severe,99,0.3131760709466821,0.3131760709466821,0.09807925141360126
DTSR14,hrnet32,compound,severe,100,0.3504876769264633,0.3504876769264633,0.12284161167730893
DTSR14,hrnet32,compound,severe,101,0.21487356827143658,0.21487356827143658,0.04617065034169972
DTSR14,hrnet32,compound,severe,102,0.11632701744126911,0.11632701744126911,0.013531974986781327
DTSR14,hrnet32,compound,severe,103,0.2284493206165753,0.2284493206165753,0.05218909209017482
DTSR14,hrnet32,compound,severe,104,0.4382008149150326,0.4382008149150326,0.19201995419219867
DTSR14,hrnet32,compound,severe,105,0.45790403521460254,0.45790403521460254,0.20967610546581597
DTSR14,hrnet32,compound,severe,106,0.3172362281641587,0.3172362281641587,0.10063882445982215
DTSR14,hrnet32,compound,severe,107,0.24243249856051857,0.24243249856051857,0.05877351635829584
DTSR14,hrnet32,compound,severe,108,0.28624562626390215,0.28624562626390215,0.08193655855521355
DTSR14,hrnet32,compound,severe,109,0.19497230911107458,0.19497230911107458,0.03801420132010441
DTSR14,hrnet32,compound,severe,110,0.22399792855078354,0.22399792855078354,0.05017507199504193
DTSR14,hrnet32,compound,severe,111,0.1434635822741812,0.1434635822741812,0.02058179943894076
DTSR14,hrnet32,compound,severe,112,0.2177658752909221,0.2177658752909221,0.04742197644122143
DTSR14,hrnet32,compound,severe,113,0.25365460823264985,0.25365460823264985,0.06434066027765907
DTSR14,hrnet32,compound,severe,114,0.2631154717900929,0.2631154717900929,0.06922975149532319
DTSR14,hrnet32,compound,severe,115,0.3687564785577164,0.3687564785577164,0.13598134047828758
DTSR14,hrnet32,compound,severe,116,0.5078238067455075,0.5078238067455075,0.2578850186974986
DTSR14,hrnet32,compound,severe,117,0.3869460219242721,0.3869460219242721,0.14972722388301923
DTSR14,hrnet32,compound,severe,118,0.14121320972009638,0.14121320972009638,0.019941170599451923
DTSR14,hrnet32,compound,severe,119,0.19350006157316968,0.19350006157316968,0.037442273828820455
DTSR14,hrnet32,compound,severe,120,0.10720266309718672,0.10720266309718672,0.01149241097512892
DTSR14,hrnet32,compound,severe,121,0.47057790442147074,0.47057790442147074,0.22144356412970284
DTSR14,hrnet32,compound,severe,122,0.4625261449990589,0.4625261449990589,0.21393043480769047
DTSR14,hrnet32,compound,severe,123,0.3969581219442936,0.3969581219442936,0.15757575057754067
DTSR14,hrnet32,compound,severe,124,0.3168529823352791,0.3168529823352791,0.10039581241476069
DTSR14,hrnet32,compound,severe,125,0.24129488543291758,0.24129488543291758,0.05822322173608482
DTSR14,hrnet32,compound,severe,126,0.2308868127638172,0.2308868127638172,0.053308720308233984
DTSR14,hrnet32,compound,severe,127,0.22071134473645299,0.22071134473645299,0.04871349769537339
DTSR14,hrnet32,compound,severe,128,0.18153129226799347,0.18153129226799347,0.03295361007248766
DTSR14,hrnet32,compound,severe,129,0.36368414904823926,0.36368414904823926,0.13226616026894192
DTSR14,hrnet32,compound,severe,130,0.5772732207725623,0.5772732207725623,0.3332443714211274
DTSR14,hrnet32,compound,severe,131,0.5072945083346352,0.5072945083346352,0.2573477181864792
DTSR14,hrnet32,compound,severe,132,0.33425138030458323,0.33425138030458323,0.11172398523551913
DTSR14,hrnet32,compound,severe,133,0.4479912236927696,0.4479912236927696,0.20069613650574514
DTSR14,hrnet32,compound,severe,134,0.4432538731262149,0.4432538731262149,0.1964739960413906
DTSR14,hrnet32,compound,severe,135,0.16589442315720107,0.16589442315720107,0.027520959634660492
DTSR14,hrnet32,compound,severe,136,0.14883880762243323,0.14883880762243323,0.02215299065446769
DTSR14,hrnet32,compound,severe,137,0.22855486671036648,0.22855486671036648,0.05223732709699339
DTSR14,hrnet32,compound,severe,138,0.1840840534653941,0.1840840534653941,0.033886938740250075
DTSR14,hrnet32,compound,severe,139,0.424241597573188,0.424241597573188,0.1799809331114508
DTSR14,hrnet32,compound,severe,140,0.3012569601535237,0.3012569601535237,0.09075575604094177
DTSR14,hrnet32,compound,severe,141,0.38779066048936317,0.38779066048936317,0.15038159636277654
DTSR14,hrnet32,compound,severe,142,0.1697817590450656,0.1697817590450656,0.028825845704436713
DTSR14,hrnet32,compound,severe,143,0.2706068193293573,0.2706068193293573,0.07322805066755143
DTSR14,hrnet32,compound,severe,144,0.020345224103975292,0.020345224103975292,0.00041392814384097725
DTSR14,hrnet32,compound,severe,145,0.12004013457037446,0.12004013457037446,0.01440963390767361
DTSR14,hrnet32,compound,severe,146,0.27170523407568226,0.27170523407568226,0.07382373422412129
DTSR14,hrnet32,compound,severe,147,0.2153558321275715,0.2153558321275715,0.04637813443135876
DTSR14,hrnet32,compound,severe,148,0.04047439118033136,0.04047439118033136,0.001638176341418485
DTSR14,hrnet32,compound,severe,149,0.22120738807757362,0.22120738807757362,0.04893270854010226
DTSR14,hrnet32,compound,severe,150,0.014325296897075528,0.014325296897075528,0.00020521413118936176
DTSR14,hrnet32,compound,severe,151,0.1690874703374579,0.1690874703374579,0.02859057262512071
DTSR14,hrnet32,compound,severe,152,0.35211413194988905,0.35211413194988905,0.12398436191882388
DTSR14,hrnet32,compound,severe,153,0.15118416612206317,0.15118416612206317,0.022856652086023593
DTSR14,hrnet32,compound,severe,154,0.14465906723337554,0.14465906723337554,0.020926245732830265
DTSR14,hrnet32,compound,severe,155,0.3974723209747311,0.3974723209747311,0.15798424594103969
DTSR14,hrnet32,compound,severe,156,0.33807290983675914,0.33807290983675914,0.11429329236549347
DTSR14,hrnet32,compound,severe,157,0.37537630034137554,0.37537630034137554,0.14090736685797858
DTSR14,hrnet32,compound,severe,158,0.29271483769388323,0.29271483769388323,0.0856819762061564
DTSR14,hrnet32,compound,severe,159,0.47067084667784803,0.47067084667784803,0.22153104591244233
DTSR14,hrnet32,compound,severe,160,0.3585617769828173,0.3585617769828173,0.12856654791307562
DTSR14,hrnet32,compound,severe,161,0.3224399534163896,0.3224399534163896,0.10396752355916349
DTSR14,hrnet32,compound,severe,162,0.3523629262828771,0.3523629262828771,0.12415963181863227
DTSR14,hrnet32,compound,severe,163,0.15125081034307633,0.15125081034307633,0.022876807629437244
DTSR14,hrnet32,compound,severe,164,0.13736502812962137,0.13736502812962137,0.01886915095305167
DTSR14,hrnet32,compound,severe,165,0.19014540830043725,0.19014540830043725,0.03615527629773999
DTSR14,hrnet32,compound,severe,166,0.22221538706136487,0.22221538706136487,0.049379678246832204
DTSR14,hrnet32,compound,severe,167,0.5315501132550726,0.5315501132550726,0.28254552290148055
DTSR14,hrnet32,compound,severe,168,0.15219912472892683,0.15219912472892683,0.023164573568251426
DTSR14,hrnet32,compound,severe,169,0.3545556551371917,0.3545556551371917,0.12570971258976324
DTSR14,hrnet32,compound,severe,170,0.12172601252931718,0.12172601252931718,0.014817222126287484
DTSR14,hrnet32,compound,severe,171,0.404463279186996,0.404463279186996,0.16359054421069785
DTSR14,hrnet32,compound,severe,172,0.40345767896583834,0.40345767896583834,0.16277809871650148
DTSR14,hrnet32,compound,severe,173,0.1450395845382919,0.1450395845382919,0.021036481083040327
DTSR14,hrnet32,compound,severe,174,0.10495706518319653,0.10495706518319653,0.011015985531869766
DTSR14,hrnet32,compound,severe,175,0.0757661096666097,0.0757661096666097,0.005740503374012727
DTSR14,hrnet32,compound,severe,176,0.20398088969403413,0.20398088969403413,0.041608203360369724
DTSR14,hrnet32,compound,severe,177,0.2495902447281516,0.2495902447281516,0.06229529026345861
DTSR14,hrnet32,compound,severe,178,0.11560417185642491,0.11560417185642491,0.013364324550609825
DTSR14,hrnet32,compound,severe,179,0.59003425220692,0.59003425220692,0.3481404187773792
DTSR14,hrnet32,compound,severe,180,0.38737928147853784,0.38737928147853784,0.15006270771882824
DTSR14,hrnet32,compound,severe,181,0.3183195007809571,0.3183195007809571,0.10132730457743776
DTSR14,hrnet32,compound,severe,182,0.3660503912148703,0.3660503912148703,0.13399288890855962
DTSR14,hrnet32,compound,severe,183,0.4499122754724253,0.4499122754724253,0.2024210556207755
DTSR14,hrnet32,compound,severe,184,0.3185329366776145,0.3185329366776145,0.10146323174846518
DTSR14,hrnet32,compound,severe,185,0.07234327649196903,0.07234327649196903,0.005233549653593479
DTSR14,hrnet32,compound,severe,186,0.4597551691472752,0.4597551691472752,0.21137481555763965
DTSR14,hrnet32,compound,severe,187,0.843209453782853,0.843209453782853,0.7110021829487773
DTSR14,hrnet32,compound,severe,188,0.24249437731259607,0.24249437731259607,0.05880352302822371
DTSR14,hrnet32,compound,severe,189,0.21358391480843283,0.21358391480843283,0.045618088664895896
DTSR14,hrnet32,compound,severe,190,0.1974795537563689,0.1974795537563689,0.03899817415181459
DTSR14,hrnet32,compound,severe,191,0.21859369047908989,0.21859369047908989,0.04778320151726815
DTSR14,hrnet32,compound,severe,192,0.11568970508573094,0.11568970508573094,0.013384107862823399
DTSR14,hrnet32,compound,severe,193,0.126446825005023,0.126446825005023,0.015988799553850908
DTSR14,hrnet32,compound,severe,194,0.13323714052941318,0.13323714052941318,0.017752135616454598
DTSR14,hrnet32,compound,severe,195,0.32785934824226914,0.32785934824226914,0.10749175222984551
DTSR14,hrnet32,compound,severe,196,0.433259245137894,0.433259245137894,0.1877135734974577
DTSR14,hrnet32,compound,severe,197,0.6364516742988959,0.6364516742988959,0.4050707337178679
DTSR14,hrnet32,compound,severe,198,0.14600527816944386,0.14600527816944386,0.02131754125333668
DTSR14,hrnet32,compound,severe,199,0.26379255203217156,0.26379255203217156,0.06958651050764594
DTSR14,hrnet32,compound_optical,severe,0,0.06077436446450129,0.06077436446450129,0.003693523376064037
DTSR14,hrnet32,compound_optical,severe,1,0.18679268890705958,0.18679268890705958,0.03489150862912954
DTSR14,hrnet32,compound_optical,severe,2,0.1945358430703964,0.1945358430703964,0.037844194239109896
DTSR14,hrnet32,compound_optical,severe,3,0.28273019462063026,0.28273019462063026,0.07993636295021947
DTSR14,hrnet32,compound_optical,severe,4,0.21645697494996008,0.21645697494996008,0.046853622004487644
DTSR14,hrnet32,compound_optical,severe,5,0.06833405067596246,0.06833405067596246,0.004669542481785006
DTSR14,hrnet32,compound_optical,severe,6,0.1857717912605452,0.1857717912605452,0.03451115842815158
DTSR14,hrnet32,compound_optical,severe,7,0.1044627495494866,0.1044627495494866,0.010912466043438764
DTSR14,hrnet32,compound_optical,severe,8,0.03853585863481285,0.03853585863481285,0.00148501240072228
DTSR14,hrnet32,compound_optical,severe,9,0.1069436684036987,0.1069436684036987,0.011436948211640265
DTSR14,hrnet32,compound_optical,severe,10,0.13763676368980726,0.13763676368980726,0.018943878719003847
DTSR14,hrnet32,compound_optical,severe,11,0.1780116929407205,0.1780116929407205,0.03168816282362136
DTSR14,hrnet32,compound_optical,severe,12,0.1837479571153046,0.1837479571153046,0.033763311744047814
DTSR14,hrnet32,compound_optical,severe,13,0.205597039418904,0.205597039418904,0.04227014261781837
DTSR14,hrnet32,compound_optical,severe,14,0.1765022464449214,0.1765022464449214,0.031153043000103773
DTSR14,hrnet32,compound_optical,severe,15,0.0992191052519463,0.0992191052519463,0.009844430846996797
DTSR14,hrnet32,compound_optical,severe,16,0.07690310408617439,0.07690310408617439,0.005914087418088972
DTSR14,hrnet32,compound_optical,severe,17,0.24463936080742588,0.24463936080742588,0.0598484168562659
DTSR14,hrnet32,compound_optical,severe,18,0.17097736547540826,0.17097736547540826,0.02923325950491133
DTSR14,hrnet32,compound_optical,severe,19,0.3360296857709655,0.3360296857709655,0.1129159497193338
DTSR14,hrnet32,compound_optical,severe,20,0.12801459531877146,0.12801459531877146,0.016387736614628824
DTSR14,hrnet32,compound_optical,severe,21,0.18615765193423175,0.18615765193423175,0.03465467137366658
DTSR14,hrnet32,compound_optical,severe,22,0.04265089652576592,0.04265089652576592,0.0018190989744515911
DTSR14,hrnet32,compound_optical,severe,23,0.1763966309870497,0.1763966309870497,0.03111577142358138
DTSR14,hrnet32,compound_optical,severe,24,0.3069115599495653,0.3069115599495653,0.09419470563067563
DTSR14,hrnet32,compound_optical,severe,25,0.08990165759567775,0.08990165759567775,0.008082308038450484
DTSR14,hrnet32,compound_optical,severe,26,0.29825206802598325,0.29825206802598325,0.08895429608177574
DTSR14,hrnet32,compound_optical,severe,27,0.18243767624123866,0.18243767624123866,0.03328350571230302
DTSR14,hrnet32,compound_optical,severe,28,0.20024815899470647,0.20024815899470647,0.04009932518076924
DTSR14,hrnet32,compound_optical,severe,29,0.18402246221496385,0.18402246221496385,0.0338642665996578
DTSR14,hrnet32,compound_optical,severe,30,0.17755524484756202,0.17755524484756202,0.0315258649728777
DTSR14,hrnet32,compound_optical,severe,31,0.27921205421655676,0.27921205421655676,0.07795937121982943
DTSR14,hrnet32,compound_optical,severe,32,0.1928689646509988,0.1928689646509988,0.03719843752554822
DTSR14,hrnet32,compound_optical,severe,33,0.1931033763894129,0.1931033763894129,0.03728891397299127
DTSR14,hrnet32,compound_optical,severe,34,0.29606579231370633,0.29606579231370633,0.0876549533783427
DTSR14,hrnet32,compound_optical,severe,35,0.1939154844190211,0.1939154844190211,0.037603215097463616
DTSR14,hrnet32,compound_optical,severe,36,0.10229896724072376,0.10229896724072376,0.010465078698518674
DTSR14,hrnet32,compound_optical,severe,37,0.1997721155739456,0.1997721155739456,0.03990889816088988
DTSR14,hrnet32,compound_optical,severe,38,0.2121086834123805,0.2121086834123805,0.044990093578933466
DTSR14,hrnet32,compound_optical,severe,39,0.22129002528023195,0.22129002528023195,0.048969275288525696
DTSR14,hrnet32,compound_optical,severe,40,0.1724219721111919,0.1724219721111919,0.029729336466712636
DTSR14,hrnet32,compound_optical,severe,41,0.15099535089066515,0.15099535089066515,0.022799595990595094
DTSR14,hrnet32,compound_optical,severe,42,0.07539099158877084,0.07539099158877084,0.005683801612738116
DTSR14,hrnet32,compound_optical,severe,43,0.2768527123387784,0.2768527123387784,0.07664742432933838
DTSR14,hrnet32,compound_optical,severe,44,0.12132931274632927,0.12132931274632927,0.014720802131496579
DTSR14,hrnet32,compound_optical,severe,45,0.13061278798082318,0.13061278798082318,0.01705970038412347
DTSR14,hrnet32,compound_optical,severe,46,0.10773936813186241,0.10773936813186241,0.011607771445452969
DTSR14,hrnet32,compound_optical,severe,47,0.1869848847040924,0.1869848847040924,0.03496334710780273
DTSR14,hrnet32,compound_optical,severe,48,0.3800732949403151,0.3800732949403151,0.14445570952678777
DTSR14,hrnet32,compound_optical,severe,49,0.14390160067469085,0.14390160067469085,0.020707670676738187
DTSR14,hrnet32,compound_optical,severe,50,0.1323141128422707,0.1323141128422707,0.017507024457237147
DTSR14,hrnet32,compound_optical,severe,51,0.060700835599249194,0.060700835599249194,0.003684591442447078
DTSR14,hrnet32,compound_optical,severe,52,0.1284666268924796,0.1284666268924796,0.01650367422513156
DTSR14,hrnet32,compound_optical,severe,53,0.09042095814251178,0.09042095814251178,0.008175949671409867
DTSR14,hrnet32,compound_optical,severe,54,0.09835126774262017,0.09835126774262017,0.009672971866580558
DTSR14,hrnet32,compound_optical,severe,55,0.2077457452738607,0.2077457452738607,0.04315829467939181
DTSR14,hrnet32,compound_optical,severe,56,0.10009699468997955,0.10009699468997955,0.010019408345965795
DTSR14,hrnet32,compound_optical,severe,57,0.16441202594585183,0.16441202594585183,0.027031314275619455
DTSR14,hrnet32,compound_optical,severe,58,0.10652572952286227,0.10652572952286227,0.011347731050378009
DTSR14,hrnet32,compound_optical,severe,59,0.20018416484468274,0.20018416484468274,0.04007369985456311
DTSR14,hrnet32,compound_optical,severe,60,0.1425101892064611,0.1425101892064611,0.020309154027661345
DTSR14,hrnet32,compound_optical,severe,61,0.20942618755887724,0.20942618755887724,0.043859328035446024
DTSR14,hrnet32,compound_optical,severe,62,0.5906008904456751,0.5906008904456751,0.34880941179522434
DTSR14,hrnet32,compound_optical,severe,63,0.3404672019006222,0.3404672019006222,0.11591791557003903
DTSR14,hrnet32,compound_optical,severe,64,0.194114057694581,0.194114057694581,0.037680267394655124
DTSR14,hrnet32,compound_optical,severe,65,0.14992033063118268,0.14992033063118268,0.02247610553656313
DTSR14,hrnet32,compound_optical,severe,66,0.06592235133183785,0.06592235133183785,0.004345756405118264
DTSR14,hrnet32,compound_optical,severe,67,0.14184160755410627,0.14184160755410627,0.020119041633533098
DTSR14,hrnet32,compound_optical,severe,68,0.1379115811375627,0.1379115811375627,0.019019604211862537
DTSR14,hrnet32,compound_optical,severe,69,0.11342756217146066,0.11342756217146066,0.012865811860160574
DTSR14,hrnet32,compound_optical,severe,70,0.07023495451717475,0.07023495451717475,0.004932948836029606
DTSR14,hrnet32,compound_optical,severe,71,0.10402316300518293,0.10402316300518293,0.010820818441602858
DTSR14,hrnet32,compound_optical,severe,72,0.12753185605702755,0.12753185605702755,0.016264374309350394
DTSR14,hrnet32,compound_optical,severe,73,0.0493848876289164,0.0493848876289164,0.0024388671261207
DTSR14,hrnet32,compound_optical,severe,74,0.158338049394504,0.158338049394504,0.025070937886056386
DTSR14,hrnet32,compound_optical,severe,75,0.2865656986735469,0.2865656986735469,0.08211989965625809
DTSR14,hrnet32,compound_optical,severe,76,0.1530097231168418,0.1530097231168418,0.023411975368292592
DTSR14,hrnet32,compound_optical,severe,77,0.11996160397771535,0.11996160397771535,0.014390786428906212
DTSR14,hrnet32,compound_optical,severe,78,0.13355242915908905,0.13355242915908905,0.0178362513342935
DTSR14,hrnet32,compound_optical,severe,79,0.06589778384029184,0.06589778384029184,0.004342517915061828
DTSR14,hrnet32,compound_optical,severe,80,0.10527737522811749,0.10527737522811749,0.011083325734921845
DTSR14,hrnet32,compound_optical,severe,81,0.18999538714618613,0.18999538714618613,0.03609824713682915
DTSR14,hrnet32,compound_optical,severe,82,0.2304582613913121,0.2304582613913121,0.053111010243506326
DTSR14,hrnet32,compound_optical,severe,83,0.25933305235954296,0.25933305235954296,0.06725363204611745
DTSR14,hrnet32,compound_optical,severe,84,0.4039207599837095,0.4039207599837095,0.1631519803458175
DTSR14,hrnet32,compound_optical,severe,85,0.23157645337663807,0.23157645337663807,0.053627653758502224
DTSR14,hrnet32,compound_optical,severe,86,0.11438316539359022,0.11438316539359022,0.013083508525457416
DTSR14,hrnet32,compound_optical,severe,87,0.3698282952838744,0.3698282952838744,0.1367729679925766
DTSR14,hrnet32,compound_optical,severe,88,0.08352725068936125,0.08352725068936125,0.006976801607723399
DTSR14,hrnet32,compound_optical,severe,89,0.24790588421736823,0.24790588421736823,0.06145732742959518
DTSR14,hrnet32,compound_optical,severe,90,0.31807047861703286,0.31807047861703286,0.10116882936766836
DTSR14,hrnet32,compound_optical,severe,91,0.2330470392114057,0.2330470392114057,0.05431092248520247
DTSR14,hrnet32,compound_optical,severe,92,0.27007421363432366,0.27007421363432366,0.07294008087019829
DTSR14,hrnet32,compound_optical,severe,93,0.17091578873842994,0.17091578873842994,0.029212206840079614
DTSR14,hrnet32,compound_optical,severe,94,0.2147717021438813,0.2147717021438813,0.04612688404178007
DTSR14,hrnet32,compound_optical,severe,95,0.12694966830501556,0.12694966830501556,0.01611621828275347
DTSR14,hrnet32,compound_optical,severe,96,0.06098541885177491,0.06098541885177491,0.0037192213125264223
DTSR14,hrnet32,compound_optical,severe,97,0.16146998720998845,0.16146998720998845,0.026072556769593833
DTSR14,hrnet32,compound_optical,severe,98,0.20081173746740483,0.20081173746740483,0.04032535390467792
DTSR14,hrnet32,compound_optical,severe,99,0.2089191765206437,0.2089191765206437,0.04364722231806389
DTSR14,hrnet32,compound_optical,severe,100,0.3617938819541975,0.3617938819541975,0.13089481301948777
DTSR14,hrnet32,compound_optical,severe,101,0.15079454762658728,0.15079454762658728,0.022738995593907102
DTSR14,hrnet32,compound_optical,severe,102,0.2390623189523288,0.2390623189523288,0.057150792342864985
DTSR14,hrnet32,compound_optical,severe,103,0.12588979115959748,0.12588979115959748,0.015848239518207068
DTSR14,hrnet32,compound_optical,severe,104,0.1922162612166003,0.1922162612166003,0.03694709107608832
DTSR14,hrnet32,compound_optical,severe,105,0.2583761800625255,0.2583761800625255,0.06675825042370259
DTSR14,hrnet32,compound_optical,severe,106,0.3254355065501854,0.3254355065501854,0.10590826892357576
DTSR14,hrnet32,compound_optical,severe,107,0.2534541238270789,0.2534541238270789,0.06423899288495223
DTSR14,hrnet32,compound_optical,severe,108,0.11235494979054478,0.11235494979054478,0.012623634742435838
DTSR14,hrnet32,compound_optical,severe,109,0.27920233336886796,0.27920233336886796,0.07795394295862047
DTSR14,hrnet32,compound_optical,severe,110,0.2370207131758041,0.2370207131758041,0.05617881847436679
DTSR14,hrnet32,compound_optical,severe,111,0.26718054500067173,0.26718054500067173,0.07138544362685598
DTSR14,hrnet32,compound_optical,severe,112,0.3135289047659926,0.3135289047659926,0.09830037412376286
DTSR14,hrnet32,compound_optical,severe,113,0.15726842362075266,0.15726842362075266,0.024733357068156513
DTSR14,hrnet32,compound_optical,severe,114,0.12795798338651015,0.12795798338651015,0.01637324551234241
DTSR14,hrnet32,compound_optical,severe,115,0.1766936515291659,0.1766936515291659,0.031220646490710314
DTSR14,hrnet32,compound_optical,severe,116,0.13731727157321566,0.13731727157321566,0.01885603307231226
DTSR14,hrnet32,compound_optical,severe,117,0.2056289194880701,0.2056289194880701,0.04228325252983122
DTSR14,hrnet32,compound_optical,severe,118,0.16526163541956865,0.16526163541956865,0.027311408141550426
DTSR14,hrnet32,compound_optical,severe,119,0.07813715004196554,0.07813715004196554,0.006105414216680636
DTSR14,hrnet32,compound_optical,severe,120,0.20702623941201848,0.20702623941201848,0.042859863805082395
DTSR14,hrnet32,compound_optical,severe,121,0.18226898787375886,0.18226898787375886,0.033221983940524454
DTSR14,hrnet32,compound_optical,severe,122,0.036779088699443706,0.036779088699443706,0.0013527013655615476
DTSR14,hrnet32,compound_optical,severe,123,0.08932537156065724,0.08932537156065724,0.007979022004449474
DTSR14,hrnet32,compound_optical,severe,124,0.43095783557258055,0.43095783557258055,0.18572465604140337
DTSR14,hrnet32,compound_optical,severe,125,0.11140637938731576,0.11140637938731576,0.012411381368190534
DTSR14,hrnet32,compound_optical,severe,126,0.16849726191980594,0.16849726191980594,0.028391327274471682
DTSR14,hrnet32,compound_optical,severe,127,0.31903446755228604,0.31903446755228604,0.10178299148637066
DTSR14,hrnet32,compound_optical,severe,128,0.19928506700860035,0.19928506700860035,0.039714537932622335
DTSR14,hrnet32,compound_optical,severe,129,0.13934284567840777,0.13934284567840777,0.01941642864175656
DTSR14,hrnet32,compound_optical,severe,130,0.4506655002529241,0.4506655002529241,0.20309939311821834
DTSR14,hrnet32,compound_optical,severe,131,0.36653617926398446,0.36653617926398446,0.13434877070943976
DTSR14,hrnet32,compound_optical,severe,132,0.2965096577767891,0.2965096577767891,0.0879179771549086
DTSR14,hrnet32,compound_optical,severe,133,0.1374456667667146,0.1374456667667146,0.018891311312946756
DTSR14,hrnet32,compound_optical,severe,134,0.051573693746642675,0.051573693746642675,0.00265984588667249
DTSR14,hrnet32,compound_optical,severe,135,0.04191682076263122,0.04191682076263122,0.0017570198628465519
DTSR14,hrnet32,compound_optical,severe,136,0.24179097167952365,0.24179097167952365,0.058462873985728206
DTSR14,hrnet32,compound_optical,severe,137,0.2109780599939208,0.2109780599939208,0.044511741798798445
DTSR14,hrnet32,compound_optical,severe,138,0.20064856188004995,0.20064856188004995,0.040259845384532235
DTSR14,hrnet32,compound_optical,severe,139,0.27950154798013815,0.27950154798013815,0.07812111532329347
DTSR14,hrnet32,compound_optical,severe,140,0.1361098775393362,0.1361098775393362,0.0185258987637731
DTSR14,hrnet32,compound_optical,severe,141,0.1579213467407107,0.1579213467407107,0.02493915175639978
DTSR14,hrnet32,compound_optical,severe,142,0.12668849399923365,0.12668849399923365,0.016049974511793862
DTSR14,hrnet32,compound_optical,severe,143,0.1699015704415354,0.1699015704415354,0.028866543638500015
DTSR14,hrnet32,compound_optical,severe,144,0.14857354984151905,0.14857354984151905,0.022074099712510346
DTSR14,hrnet32,compound_optical,severe,145,0.12587089080788574,0.12587089080788574,0.015843481152770695
DTSR14,hrnet32,compound_optical,severe,146,0.15841305146839893,0.15841305146839893,0.025094694875529608
DTSR14,hrnet32,compound_optical,severe,147,0.09770712665660912,0.09770712665660912,0.009546682599490656
DTSR14,hrnet32,compound_optical,severe,148,0.1359195966807917,0.1359195966807917,0.018474136761869084
DTSR14,hrnet32,compound_optical,severe,149,0.14999774139560573,0.14999774139560573,0.022499322423783014
DTSR14,hrnet32,compound_optical,severe,150,0.18189869959272725,0.18189869959272725,0.03308713691352523
DTSR14,hrnet32,compound_optical,severe,151,0.2907278801797173,0.2907278801797173,0.08452270031379205
DTSR14,hrnet32,compound_optical,severe,152,0.14386909382955987,0.14386909382955987,0.0206983161593387
DTSR14,hrnet32,compound_optical,severe,153,0.1284064834260938,0.1284064834260938,0.0164882249858557
DTSR14,hrnet32,compound_optical,severe,154,0.10604918789620645,0.10604918789620645,0.0112464302534449
DTSR14,hrnet32,compound_optical,severe,155,0.037298843259369746,0.037298843259369746,0.001391203708487032
DTSR14,hrnet32,compound_optical,severe,156,0.18646388878598644,0.18646388878598644,0.03476878182119272
DTSR14,hrnet32,compound_optical,severe,157,0.3580999134968813,0.3580999134968813,0.12823554804647389
DTSR14,hrnet32,compound_optical,severe,158,0.0933478674927126,0.0933478674927126,0.008713824365437028
DTSR14,hrnet32,compound_optical,severe,159,0.0584096769528661,0.0584096769528661,0.003411690361738177
DTSR14,hrnet32,compound_optical,severe,160,0.13179777855959754,0.13179777855959754,0.01737065443324471
DTSR14,hrnet32,compound_optical,severe,161,0.40080650843287785,0.40080650843287785,0.16064585720215457
DTSR14,hrnet32,compound_optical,severe,162,0.11446246483930293,0.11446246483930293,0.01310165585708866
DTSR14,hrnet32,compound_optical,severe,163,0.013897539579830512,0.013897539579830512,0.00019314160637295564
DTSR14,hrnet32,compound_optical,severe,164,0.18117008106402216,0.18117008106402216,0.03282259827274436
DTSR14,hrnet32,compound_optical,severe,165,0.05124716956086408,0.05124716956086408,0.002626272387999954
DTSR14,hrnet32,compound_optical,severe,166,0.08234626858455052,0.08234626858455052,0.006780907949798931
DTSR14,hrnet32,compound_optical,severe,167,0.33822920537637885,0.33822920537637885,0.11439899536953667
DTSR14,hrnet32,compound_optical,severe,168,0.1433601385670444,0.1433601385670444,0.020552129329962174
DTSR14,hrnet32,compound_optical,severe,169,0.18242407252241985,0.18242407252241985,0.0332785422356651
DTSR14,hrnet32,compound_optical,severe,170,0.2273152552118225,0.2273152552118225,0.051672225252015994
DTSR14,hrnet32,compound_optical,severe,171,0.15897801615188248,0.15897801615188248,0.025274009619588207
DTSR14,hrnet32,compound_optical,severe,172,0.0619870369350925,0.0619870369350925,0.0038423927479925217
DTSR14,hrnet32,compound_optical,severe,173,0.08795686545145431,0.08795686545145431,0.007736410180045237
DTSR14,hrnet32,compound_optical,severe,174,0.08328607688393333,0.08328607688393333,0.0069365706027164535
DTSR14,hrnet32,compound_optical,severe,175,0.06760624616116465,0.06760624616116465,0.004570604520003989
DTSR14,hrnet32,compound_optical,severe,176,0.045279027185911216,0.045279027185911216,0.002050190302902487
DTSR14,hrnet32,compound_optical,severe,177,0.20294043859949648,0.20294043859949648,0.041184821618956
DTSR14,hrnet32,compound_optical,severe,178,0.09917025725540804,0.09917025725540804,0.009834739924103811
DTSR14,hrnet32,compound_optical,severe,179,0.3892140562311779,0.3892140562311779,0.1514875815679265
DTSR14,hrnet32,compound_optical,severe,180,0.3310137864016705,0.3310137864016705,0.10957012678797075
DTSR14,hrnet32,compound_optical,severe,181,0.14535718604074918,0.14535718604074918,0.02112871153368497
DTSR14,hrnet32,compound_optical,severe,182,0.2835525659762182,0.2835525659762182,0.08040205767169757
DTSR14,hrnet32,compound_optical,severe,183,0.2722760211263406,0.2722760211263406,0.07413423168039146
DTSR14,hrnet32,compound_optical,severe,184,0.22818057013586812,0.22818057013586812,0.05206637258752983
DTSR14,hrnet32,compound_optical,severe,185,0.2212608478590984,0.2212608478590984,0.048956362795327085
DTSR14,hrnet32,compound_optical,severe,186,0.185622942279798,0.185622942279798,0.03445587670060922
DTSR14,hrnet32,compound_optical,severe,187,0.5741750542189499,0.5741750542189499,0.32967699288733404
DTSR14,hrnet32,compound_optical,severe,188,0.19484010723049833,0.19484010723049833,0.037962667385592085
DTSR14,hrnet32,compound_optical,severe,189,0.20855135815716686,0.20855135815716686,0.04349366898919889
DTSR14,hrnet32,compound_optical,severe,190,0.21434550844829622,0.21434550844829622,0.04594399699195863
DTSR14,hrnet32,compound_optical,severe,191,0.16339531860668205,0.16339531860668205,0.026698030142579137
DTSR14,hrnet32,compound_optical,severe,192,0.1342643716187126,0.1342643716187126,0.018026921486167757
DTSR14,hrnet32,compound_optical,severe,193,0.18695306341646492,0.18695306341646492,0.03495144792080075
DTSR14,hrnet32,compound_optical,severe,194,0.1855838579068245,0.1855838579068245,0.03444136831558042
DTSR14,hrnet32,compound_optical,severe,195,0.09460243460661445,0.09460243460661445,0.008949620633498764
DTSR14,hrnet32,compound_optical,severe,196,0.41412287557043925,0.41412287557043925,0.1714977560707295
DTSR14,hrnet32,compound_optical,severe,197,0.054580351165395204,0.054580351165395204,0.0029790147333378578
DTSR14,hrnet32,compound_optical,severe,198,0.12588647670239045,0.12588647670239045,0.015847405016541492
DTSR14,hrnet32,compound_optical,severe,199,0.23462420103267867,0.23462420103267867,0.05504851571022282
DTSR14,hrnet32,compound_digital,severe,0,0.27301303491108114,0.27301303491108114,0.07453611723135921
DTSR14,hrnet32,compound_digital,severe,1,0.2472311916825857,0.2472311916825857,0.06112326214079143
DTSR14,hrnet32,compound_digital,severe,2,0.5258873221538232,0.5258873221538232,0.27655747560211896
DTSR14,hrnet32,compound_digital,severe,3,0.1725517659849504,0.1725517659849504,0.029774111944525086
DTSR14,hrnet32,compound_digital,severe,4,0.33485022761017075,0.33485022761017075,0.11212467493058316
DTSR14,hrnet32,compound_digital,severe,5,0.3321444985076671,0.3321444985076671,0.11031996788890966
DTSR14,hrnet32,compound_digital,severe,6,0.19444731797755038,0.19444731797755038,0.037809759468662586
DTSR14,hrnet32,compound_digital,severe,7,0.09012289515440701,0.09012289515440701,0.00812213623101224
DTSR14,hrnet32,compound_digital,severe,8,0.45529744746900996,0.45529744746900996,0.2072957656717959
DTSR14,hrnet32,compound_digital,severe,9,0.16955816966381854,0.16955816966381854,0.028749972899744274
DTSR14,hrnet32,compound_digital,severe,10,0.2298419018885864,0.2298419018885864,0.05282729986376257
DTSR14,hrnet32,compound_digital,severe,11,0.14774026194782244,0.14774026194782244,0.02182718500041119
DTSR14,hrnet32,compound_digital,severe,12,0.12040374791022689,0.12040374791022689,0.014497062510829465
DTSR14,hrnet32,compound_digital,severe,13,0.09089062775454916,0.09089062775454916,0.008261106213616021
DTSR14,hrnet32,compound_digital,severe,14,0.11746290966488773,0.11746290966488773,0.013797535146941577
DTSR14,hrnet32,compound_digital,severe,15,0.30732384316062406,0.30732384316062406,0.09444794457501585
DTSR14,hrnet32,compound_digital,severe,16,0.24413449805402374,0.24413449805402374,0.05960165314009012
DTSR14,hrnet32,compound_digital,severe,17,0.2228176475174842,0.2228176475174842,0.04964770404522583
DTSR14,hrnet32,compound_digital,severe,18,0.08957406931691737,0.08957406931691737,0.008023513893991918
DTSR14,hrnet32,compound_digital,severe,19,0.23499213819627873,0.23499213819627873,0.05522130501405896
DTSR14,hrnet32,compound_digital,severe,20,0.1877715112391422,0.1877715112391422,0.035258140433031306
DTSR14,hrnet32,compound_digital,severe,21,0.18865568224632723,0.18865568224632723,0.035590966443827185
DTSR14,hrnet32,compound_digital,severe,22,0.18410374487599943,0.18410374487599943,0.03389418887736709
DTSR14,hrnet32,compound_digital,severe,23,0.3838436152801532,0.3838436152801532,0.14733592099133827
DTSR14,hrnet32,compound_digital,severe,24,0.05400937513432521,0.05400937513432521,0.002917012602400266
DTSR14,hrnet32,compound_digital,severe,25,0.18693169108603064,0.18693169108603064,0.03494345713228319
DTSR14,hrnet32,compound_digital,severe,26,0.258788648164181,0.258788648164181,0.06697156441864427
DTSR14,hrnet32,compound_digital,severe,27,0.3822893862407014,0.3822893862407014,0.1461451748322922
DTSR14,hrnet32,compound_digital,severe,28,0.1022688405320007,0.1022688405320007,0.010458915743759787
DTSR14,hrnet32,compound_digital,severe,29,0.28724213181260416,0.28724213181260416,0.08250804228824947
DTSR14,hrnet32,compound_digital,severe,30,0.14008197603024738,0.14008197603024738,0.019622960008538803
DTSR14,hrnet32,compound_digital,severe,31,0.24281715611433005,0.24281715611433005,0.05896017130345093
DTSR14,hrnet32,compound_digital,severe,32,0.30160986541080387,0.30160986541080387,0.09096851091312322
DTSR14,hrnet32,compound_digital,severe,33,0.10847932955056805,0.10847932955056805,0.011767764939740747
DTSR14,hrnet32,compound_digital,severe,34,0.2275695895340132,0.2275695895340132,0.05178791808067926
DTSR14,hrnet32,compound_digital,severe,35,0.24939960561440397,0.24939960561440397,0.06220016328062024
DTSR14,hrnet32,compound_digital,severe,36,0.2513106204017529,0.2513106204017529,0.06315702792671393
DTSR14,hrnet32,compound_digital,severe,37,0.578643019064026,0.578643019064026,0.33482774351153083
DTSR14,hrnet32,compound_digital,severe,38,0.24024160508513515,0.24024160508513515,0.057716028813882034
DTSR14,hrnet32,compound_digital,severe,39,0.07274607059536152,0.07274607059536152,0.005291990787065322
DTSR14,hrnet32,compound_digital,severe,40,0.05314374233139377,0.05314374233139377,0.0028242573489855737
DTSR14,hrnet32,compound_digital,severe,41,0.11474439158543043,0.11474439158543043,0.013166275400310597
DTSR14,hrnet32,compound_digital,severe,42,0.22986826035490596,0.22986826035490596,0.05283941711859083
DTSR14,hrnet32,compound_digital,severe,43,0.20865536712237204,0.20865536712237204,0.04353706222897186
DTSR14,hrnet32,compound_digital,severe,44,0.10927488794662377,0.10927488794662377,0.01194100113574718
DTSR14,hrnet32,compound_digital,severe,45,0.14792757563919132,0.14792757563919132,0.02188256763448867
DTSR14,hrnet32,compound_digital,severe,46,0.05014927451170359,0.05014927451170359,0.0025149497340502033
DTSR14,hrnet32,compound_digital,severe,47,0.03562636608425118,0.03562636608425118,0.001269237960369083
DTSR14,hrnet32,compound_digital,severe,48,0.23097118076028092,0.23097118076028092,0.053347686341798366
DTSR14,hrnet32,compound_digital,severe,49,0.22991819701702443,0.22991819701702443,0.05286237731955926
DTSR14,hrnet32,compound_digital,severe,50,0.24322170431215917,0.24322170431215917,0.059156797448511385
DTSR14,hrnet32,compound_digital,severe,51,0.0958410241152736,0.0958410241152736,0.009185501903464455
DTSR14,hrnet32,compound_digital,severe,52,0.1444733730006457,0.1444733730006457,0.0208725555061837
DTSR14,hrnet32,compound_digital,severe,53,0.2973059710618368,0.2973059710618368,0.08839084042902175
DTSR14,hrnet32,compound_digital,severe,54,0.13655962054036044,0.13655962054036044,0.018648529962127233
DTSR14,hrnet32,compound_digital,severe,55,0.21771959287568016,0.21771959287568016,0.04740182112195192
DTSR14,hrnet32,compound_digital,severe,56,0.17360887855504004,0.17360887855504004,0.03014004271313864
DTSR14,hrnet32,compound_digital,severe,57,0.2243709614710411,0.2243709614710411,0.05034232835143941
DTSR14,hrnet32,compound_digital,severe,58,0.2965316359908633,0.2965316359908633,0.08793101114341785
DTSR14,hrnet32,compound_digital,severe,59,0.14435354396516378,0.14435354396516378,0.020837945655302472
DTSR14,hrnet32,compound_digital,severe,60,0.15512752686372602,0.15512752686372602,0.02406454959085604
DTSR14,hrnet32,compound_digital,severe,61,0.22667277221690674,0.22667277221690674,0.051380545664497686
DTSR14,hrnet32,compound_digital,severe,62,0.44499069177752426,0.44499069177752426,0.1980167157686396
DTSR14,hrnet32,compound_digital,severe,63,0.09624120027373266,0.09624120027373266,0.00926236863012872
DTSR14,hrnet32,compound_digital,severe,64,0.1539596872081945,0.1539596872081945,0.02370358528524509
DTSR14,hrnet32,compound_digital,severe,65,0.15129769973631782,0.15129769973631782,0.022890993945500985
DTSR14,hrnet32,compound_digital,severe,66,0.1308237302425054,0.1308237302425054,0.017114848394563825
DTSR14,hrnet32,compound_digital,severe,67,0.1183330801647001,0.1183330801647001,0.014002717861265338
DTSR14,hrnet32,compound_digital,severe,68,0.24229478206141347,0.24229478206141347,0.058706761414187854
DTSR14,hrnet32,compound_digital,severe,69,0.24025261367667444,0.24025261367667444,0.05772131837847338
DTSR14,hrnet32,compound_digital,severe,70,0.37707502203609516,0.37707502203609516,0.14218557224352166
DTSR14,hrnet32,compound_digital,severe,71,0.15994127313898113,0.15994127313898113,0.025581210853318166
DTSR14,hrnet32,compound_digital,severe,72,0.2571312891384095,0.2571312891384095,0.06611649985398034
DTSR14,hrnet32,compound_digital,severe,73,0.2025630666034593,0.2025630666034593,0.041031795951797484
DTSR14,hrnet32,compound_digital,severe,74,0.12293159527829985,0.12293159527829985,0.015112177117667713
DTSR14,hrnet32,compound_digital,severe,75,0.250828710712235,0.250828710712235,0.06291504211756208
DTSR14,hrnet32,compound_digital,severe,76,0.21545372627761122,0.21545372627761122,0.04642030816690782
DTSR14,hrnet32,compound_digital,severe,77,0.2337928945667782,0.2337928945667782,0.05465911754991267
DTSR14,hrnet32,compound_digital,severe,78,0.2697438033184766,0.2697438033184766,0.07276171942871698
DTSR14,hrnet32,compound_digital,severe,79,0.005825681654023153,0.005825681654023153,3.393856673402195e-05
DTSR14,hrnet32,compound_digital,severe,80,0.18726983396016866,0.18726983396016866,0.03506999071146914
DTSR14,hrnet32,compound_digital,severe,81,0.12596351785062526,0.12596351785062526,0.015866807829304788
DTSR14,hrnet32,compound_digital,severe,82,0.10584882828385068,0.10584882828385068,0.011203974449064109
DTSR14,hrnet32,compound_digital,severe,83,0.20494344789169866,0.20494344789169866,0.0420018168337374
DTSR14,hrnet32,compound_digital,severe,84,0.1572838461400026,0.1572838461400026,0.02473820825659201
DTSR14,hrnet32,compound_digital,severe,85,0.16584560870571352,0.16584560870571352,0.02750476592696864
DTSR14,hrnet32,compound_digital,severe,86,0.15195854509227333,0.15195854509227333,0.023091399426560466
DTSR14,hrnet32,compound_digital,severe,87,0.26608320448981093,0.26608320448981093,0.07080027171156654
DTSR14,hrnet32,compound_digital,severe,88,0.17884413384156325,0.17884413384156325,0.03198522420953899
DTSR14,hrnet32,compound_digital,severe,89,0.164306032554448,0.164306032554448,0.026996472333783328
DTSR14,hrnet32,compound_digital,severe,90,0.20884412577789974,0.20884412577789974,0.04361586887193521
DTSR14,hrnet32,compound_digital,severe,91,0.40224518893502476,0.40224518893502476,0.16180119202137377
DTSR14,hrnet32,compound_digital,severe,92,0.09675417732656343,0.09675417732656343,0.00936137083014008
DTSR14,hrnet32,compound_digital,severe,93,0.21063642581029807,0.21063642581029807,0.0443677038781372
DTSR14,hrnet32,compound_digital,severe,94,0.2620318065014672,0.2620318065014672,0.06866066761842234
DTSR14,hrnet32,compound_digital,severe,95,0.15600615350430355,0.15600615350430355,0.024337919931208322
DTSR14,hrnet32,compound_digital,severe,96,0.1009882679756934,0.1009882679756934,0.01019863026873046
DTSR14,hrnet32,compound_digital,severe,97,0.14886369065238458,0.14886369065238458,0.022160398394648853
DTSR14,hrnet32,compound_digital,severe,98,0.27951819237885905,0.27951819237885905,0.07813041987074486
DTSR14,hrnet32,compound_digital,severe,99,0.1248822980111988,0.1248822980111988,0.015595588356557867
DTSR14,hrnet32,compound_digital,severe,100,0.11984047287439158,0.11984047287439158,0.014361738938757784
DTSR14,hrnet32,compound_digital,severe,101,0.09010577400107495,0.09010577400107495,0.008119050508332793
DTSR14,hrnet32,compound_digital,severe,102,0.10048074703340962,0.10048074703340962,0.010096380524392056
DTSR14,hrnet32,compound_digital,severe,103,0.15334789024826936,0.15334789024826936,0.023515575443595265
DTSR14,hrnet32,compound_digital,severe,104,0.262261669839203,0.262261669839203,0.06878118346684713
DTSR14,hrnet32,compound_digital,severe,105,0.23969015498007357,0.23969015498007357,0.05745137039437168
DTSR14,hrnet32,compound_digital,severe,106,0.1631192059206467,0.1631192059206467,0.026607875340182337
DTSR14,hrnet32,compound_digital,severe,107,0.20676421530628042,0.20676421530628042,0.04275144073122188
DTSR14,hrnet32,compound_digital,severe,108,0.09415191063999151,0.09415191063999151,0.008864582277160946
DTSR14,hrnet32,compound_digital,severe,109,0.2847925683457147,0.2847925683457147,0.08110680698494858
DTSR14,hrnet32,compound_digital,severe,110,0.2876153210371326,0.2876153210371326,0.08272257289529286
DTSR14,hrnet32,compound_digital,severe,111,0.09240067437786705,0.09240067437786705,0.008537884625484616
DTSR14,hrnet32,compound_digital,severe,112,0.015929523913660225,0.015929523913660225,0.00025374973211587297
DTSR14,hrnet32,compound_digital,severe,113,0.142131722982638,0.142131722982638,0.020201426678013345
DTSR14,hrnet32,compound_digital,severe,114,0.32013104172107704,0.32013104172107704,0.10248388387342197
DTSR14,hrnet32,compound_digital,severe,115,0.3100987484893975,0.3100987484893975,0.0961612338146906
DTSR14,hrnet32,compound_digital,severe,116,0.18590382209628548,0.18590382209628548,0.03456023107000736
DTSR14,hrnet32,compound_digital,severe,117,0.2534330812732518,0.2534330812732518,0.06422832668365466
DTSR14,hrnet32,compound_digital,severe,118,0.07426087075731064,0.07426087075731064,0.005514676925633994
DTSR14,hrnet32,compound_digital,severe,119,0.13930410004324323,0.13930410004324323,0.01940563228885792
DTSR14,hrnet32,compound_digital,severe,120,0.2782607730250049,0.2782607730250049,0.0774290578044733
DTSR14,hrnet32,compound_digital,severe,121,0.0496353191487746,0.0496353191487746,0.0024636649070007106
DTSR14,hrnet32,compound_digital,severe,122,0.26672001685628416,0.26672001685628416,0.07113956739181651
DTSR14,hrnet32,compound_digital,severe,123,0.11791141097539508,0.11791141097539508,0.01390310083820852
DTSR14,hrnet32,compound_digital,severe,124,0.438623437915528,0.438623437915528,0.19239052028883705
DTSR14,hrnet32,compound_digital,severe,125,0.2675422011397001,0.2675422011397001,0.07157882939067575
DTSR14,hrnet32,compound_digital,severe,126,0.4398008108965095,0.4398008108965095,0.19342475326522732
DTSR14,hrnet32,compound_digital,severe,127,0.48632318357931825,0.48632318357931825,0.2365102388867233
DTSR14,hrnet32,compound_digital,severe,128,0.17776659646363363,0.17776659646363363,0.03160096281826436
DTSR14,hrnet32,compound_digital,severe,129,0.13015387323843103,0.13015387323843103,0.016940030718965573
DTSR14,hrnet32,compound_digital,severe,130,0.5204334042672403,0.5204334042672403,0.27085092827718876
DTSR14,hrnet32,compound_digital,severe,131,0.0598303491688207,0.0598303491688207,0.0035796706816630035
DTSR14,hrnet32,compound_digital,severe,132,0.19157229114229882,0.19157229114229882,0.036699942733509704
DTSR14,hrnet32,compound_digital,severe,133,0.04313094870755232,0.04313094870755232,0.0018602787364135089
DTSR14,hrnet32,compound_digital,severe,134,0.27094768028705424,0.27094768028705424,0.07341264545293576
DTSR14,hrnet32,compound_digital,severe,135,0.15870532944297855,0.15870532944297855,0.025187381593604355
DTSR14,hrnet32,compound_digital,severe,136,0.07218632431090304,0.07218632431090304,0.0052108654175188705
DTSR14,hrnet32,compound_digital,severe,137,0.23343197314122652,0.23343197314122652,0.0544904860846063
DTSR14,hrnet32,compound_digital,severe,138,0.3222840834329372,0.3222840834329372,0.10386703043420842
DTSR14,hrnet32,compound_digital,severe,139,0.18492917770626635,0.18492917770626635,0.03419880076711584
DTSR14,hrnet32,compound_digital,severe,140,0.2867820790299517,0.2867820790299517,0.08224396085274145
DTSR14,hrnet32,compound_digital,severe,141,0.12025311061808328,0.12025311061808328,0.014460810613324973
DTSR14,hrnet32,compound_digital,severe,142,0.1538726507871548,0.1538726507871548,0.023676792660265695
DTSR14,hrnet32,compound_digital,severe,143,0.08140007385569681,0.08140007385569681,0.006625972023712895
DTSR14,hrnet32,compound_digital,severe,144,0.33238143337094944,0.33238143337094944,0.1104774172497269
DTSR14,hrnet32,compound_digital,severe,145,0.0568200126431806,0.0568200126431806,0.0032285138367712037
DTSR14,hrnet32,compound_digital,severe,146,0.12232123795418222,0.12232123795418222,0.014962485254643668
DTSR14,hrnet32,compound_digital,severe,147,0.12301242880011332,0.12301242880011332,0.015132057639302948
DTSR14,hrnet32,compound_digital,severe,148,0.08596055360898788,0.08596055360898788,0.00738921677676368
DTSR14,hrnet32,compound_digital,severe,149,0.1741992566792053,0.1741992566792053,0.030345381027587652
DTSR14,hrnet32,compound_digital,severe,150,0.22836053423761557,0.22836053423761557,0.052148533597289194
DTSR14,hrnet32,compound_digital,severe,151,0.17951452015098598,0.17951452015098598,0.03222546294503875
DTSR14,hrnet32,compound_digital,severe,152,0.05901014640744312,0.05901014640744312,0.0034821973790278723
DTSR14,hrnet32,compound_digital,severe,153,0.22914919493691388,0.22914919493691388,0.05250935354023576
DTSR14,hrnet32,compound_digital,severe,154,0.09321978856074008,0.09321978856074008,0.008689928979309086
DTSR14,hrnet32,compound_digital,severe,155,0.2852633833267464,0.2852633833267464,0.08137519786702226
DTSR14,hrnet32,compound_digital,severe,156,0.10507024130894568,0.10507024130894568,0.011039755608720076
DTSR14,hrnet32,compound_digital,severe,157,0.08987072228348447,0.08987072228348447,0.008076746723755192
DTSR14,hrnet32,compound_digital,severe,158,0.360843226473975,0.360843226473975,0.1302078340921484
DTSR14,hrnet32,compound_digital,severe,159,0.07188916605578771,0.07188916605578771,0.00516805219619662
DTSR14,hrnet32,compound_digital,severe,160,0.41974260795359375,0.41974260795359375,0.1761838569316843
DTSR14,hrnet32,compound_digital,severe,161,0.3031090112570706,0.3031090112570706,0.09187507270523897
DTSR14,hrnet32,compound_digital,severe,162,0.10662349355267689,0.10662349355267689,0.01136856937737773
DTSR14,hrnet32,compound_digital,severe,163,0.07591341060152867,0.07591341060152867,0.005762845909156286
DTSR14,hrnet32,compound_digital,severe,164,0.23168758507649356,0.23168758507649356,0.053679137078577445
DTSR14,hrnet32,compound_digital,severe,165,0.2352842867770582,0.2352842867770582,0.05535869560418897
DTSR14,hrnet32,compound_digital,severe,166,0.1830220348857515,0.1830220348857515,0.03349706525372124
DTSR14,hrnet32,compound_digital,severe,167,0.4402302029536527,0.4402302029536527,0.19380263159261427
DTSR14,hrnet32,compound_digital,severe,168,0.051989803408381524,0.051989803408381524,0.002702939658442159
DTSR14,hrnet32,compound_digital,severe,169,0.05711655425679516,0.05711655425679516,0.0032623007701694253
DTSR14,hrnet32,compound_digital,severe,170,0.12874751099289564,0.12874751099289564,0.016575921586865782
DTSR14,hrnet32,compound_digital,severe,171,0.32891573964527826,0.32891573964527826,0.10818556378640047
DTSR14,hrnet32,compound_digital,severe,172,0.2452353090069766,0.2452353090069766,0.060140356783747295
DTSR14,hrnet32,compound_digital,severe,173,0.1834733863328197,0.1834733863328197,0.03366248349243211
DTSR14,hrnet32,compound_digital,severe,174,0.12797618195803281,0.12797618195803281,0.016377903148555525
DTSR14,hrnet32,compound_digital,severe,175,0.05888605734376956,0.05888605734376956,0.003467567749493717
DTSR14,hrnet32,compound_digital,severe,176,0.08512965177108907,0.08512965177108907,0.007247057610666888
DTSR14,hrnet32,compound_digital,severe,177,0.17441365638526818,0.17441365638526818,0.0304201235336784
DTSR14,hrnet32,compound_digital,severe,178,0.09751252110342398,0.09751252110342398,0.009508691771945707
DTSR14,hrnet32,compound_digital,severe,179,0.2717184493201182,0.2717184493201182,0.07383091570092963
DTSR14,hrnet32,compound_digital,severe,180,0.20947466323317596,0.20947466323317596,0.04387963453665248
DTSR14,hrnet32,compound_digital,severe,181,0.3447163379852351,0.3447163379852351,0.11882935367395084
DTSR14,hrnet32,compound_digital,severe,182,0.11637517943961502,0.11637517943961502,0.013543182389602594
DTSR14,hrnet32,compound_digital,severe,183,0.17280326573662114,0.17280326573662114,0.0298609686492413
DTSR14,hrnet32,compound_digital,severe,184,0.16687820857593935,0.16687820857593935,0.027848336497514718
DTSR14,hrnet32,compound_digital,severe,185,0.26456104031613004,0.26456104031613004,0.06999254405315299
DTSR14,hrnet32,compound_digital,severe,186,0.09598429105550554,0.09598429105550554,0.009212984129428002
DTSR14,hrnet32,compound_digital,severe,187,0.45926638626419064,0.45926638626419064,0.21092561355216877
DTSR14,hrnet32,compound_digital,severe,188,0.15742595979362703,0.15742595979362703,0.024782932816944676
DTSR14,hrnet32,compound_digital,severe,189,0.44610764336473485,0.44610764336473485,0.19901202946843746
DTSR14,hrnet32,compound_digital,severe,190,0.2707080834414842,0.2707080834414842,0.07328286644056159
DTSR14,hrnet32,compound_digital,severe,191,0.1727290890362313,0.1727290890362313,0.02983533819928632
DTSR14,hrnet32,compound_digital,severe,192,0.08738574572123221,0.08738574572123221,0.007636268555255854
DTSR14,hrnet32,compound_digital,severe,193,0.24982417661066036,0.24982417661066036,0.06241211921919442
DTSR14,hrnet32,compound_digital,severe,194,0.1397557627202671,0.1397557627202671,0.0195316732135236
DTSR14,hrnet32,compound_digital,severe,195,0.1836206206422235,0.1836206206422235,0.03371653232503536
DTSR14,hrnet32,compound_digital,severe,196,0.24489913193680393,0.24489913193680393,0.0599755848234001
DTSR14,hrnet32,compound_digital,severe,197,0.18114150428465772,0.18114150428465772,0.032812244574508674
DTSR14,hrnet32,compound_digital,severe,198,0.1885187318735255,0.1885187318735255,0.0355393122672022
DTSR14,hrnet32,compound_digital,severe,199,0.09251790783603922,0.09251790783603922,0.008559563270357848
DTSR14,hrnet32,compound_field,severe,0,0.28072532602367656,0.28072532602367656,0.0788067086710995
DTSR14,hrnet32,compound_field,severe,1,0.13896719495561802,0.13896719495561802,0.019311881273832744
DTSR14,hrnet32,compound_field,severe,2,0.46695875497987094,0.46695875497987094,0.21805047885235115
DTSR14,hrnet32,compound_field,severe,3,0.24005708605176185,0.24005708605176185,0.05762740456366299
DTSR14,hrnet32,compound_field,severe,4,0.12730894916269736,0.12730894916269736,0.01620756853691026
DTSR14,hrnet32,compound_field,severe,5,0.11651143465506693,0.11651143465506693,0.013574914405381932
DTSR14,hrnet32,compound_field,severe,6,0.15340856632444788,0.15340856632444788,0.023534188221722523
DTSR14,hrnet32,compound_field,severe,7,0.39441388312768594,0.39441388312768594,0.1555623112038599
DTSR14,hrnet32,compound_field,severe,8,0.270940707959569,0.270940707959569,0.07340886722963244
DTSR14,hrnet32,compound_field,severe,9,0.1935238747488361,0.1935238747488361,0.0374514900978032
DTSR14,hrnet32,compound_field,severe,10,0.1529995916432053,0.1529995916432053,0.02340887504298758
DTSR14,hrnet32,compound_field,severe,11,0.4549370802783268,0.4549370802783268,0.20696774701216877
DTSR14,hrnet32,compound_field,severe,12,0.40546184093137194,0.40546184093137194,0.16439930445145717
DTSR14,hrnet32,compound_field,severe,13,0.3121632565568739,0.3121632565568739,0.09744589874419267
DTSR14,hrnet32,compound_field,severe,14,0.29817177324693045,0.29817177324693045,0.08890640636121891
DTSR14,hrnet32,compound_field,severe,15,0.29349759560203464,0.29349759560203464,0.08614083862417547
DTSR14,hrnet32,compound_field,severe,16,0.06482980609173612,0.06482980609173612,0.004202903757892106
DTSR14,hrnet32,compound_field,severe,17,0.08835541986397741,0.08835541986397741,0.007806680219339734
DTSR14,hrnet32,compound_field,severe,18,0.03227575699854301,0.03227575699854301,0.001041724489828998
DTSR14,hrnet32,compound_field,severe,19,0.44990219305936047,0.44990219305936047,0.20241198331962207
DTSR14,hrnet32,compound_field,severe,20,0.23526945754115425,0.23526945754115425,0.05535171765170898
DTSR14,hrnet32,compound_field,severe,21,0.14510604221974704,0.14510604221974704,0.021055763488679012
DTSR14,hrnet32,compound_field,severe,22,0.18874038640461704,0.18874038640461704,0.03562293346016415
DTSR14,hrnet32,compound_field,severe,23,0.3240094254468439,0.3240094254468439,0.10498210777839391
DTSR14,hrnet32,compound_field,severe,24,0.05957266807353567,0.05957266807353567,0.0035489027813996564
DTSR14,hrnet32,compound_field,severe,25,0.229619797154874,0.229619797154874,0.05272525124544548
DTSR14,hrnet32,compound_field,severe,26,0.23406187271263065,0.23406187271263065,0.054784960257743716
DTSR14,hrnet32,compound_field,severe,27,0.24035007121048108,0.24035007121048108,0.05776815673088333
DTSR14,hrnet32,compound_field,severe,28,0.08381102265091357,0.08381102265091357,0.007024287517791948
DTSR14,hrnet32,compound_field,severe,29,0.15091072371636927,0.15091072371636927,0.022774046532598336
DTSR14,hrnet32,compound_field,severe,30,0.03776738898664248,0.03776738898664248,0.0014263756708683638
DTSR14,hrnet32,compound_field,severe,31,0.11195845992970832,0.11195845992970832,0.012534696749832104
DTSR14,hrnet32,compound_field,severe,32,0.23980605306341787,0.23980605306341787,0.057506943085854786
DTSR14,hrnet32,compound_field,severe,33,0.05368709189772156,0.05368709189772156,0.0028823038364344
DTSR14,hrnet32,compound_field,severe,34,0.2792294724908204,0.2792294724908204,0.07796909830750183
DTSR14,hrnet32,compound_field,severe,35,0.2682060960931259,0.2682060960931259,0.07193450998151509
DTSR14,hrnet32,compound_field,severe,36,0.26946074520319124,0.26946074520319124,0.07260909320545915
DTSR14,hrnet32,compound_field,severe,37,0.04865855707342244,0.04865855707342244,0.0023676551764675088
DTSR14,hrnet32,compound_field,severe,38,0.42272016554529224,0.42272016554529224,0.17869233835863926
DTSR14,hrnet32,compound_field,severe,39,0.34289494373988183,0.34289494373988183,0.11757694244237672
DTSR14,hrnet32,compound_field,severe,40,0.15217967894496243,0.15217967894496243,0.02315865468379184
DTSR14,hrnet32,compound_field,severe,41,0.06777068566210788,0.06777068566210788,0.004592865835112234
DTSR14,hrnet32,compound_field,severe,42,0.176394906512133,0.176394906512133,0.031115163043424137
DTSR14,hrnet32,compound_field,severe,43,0.28641357411244656,0.28641357411244656,0.08203273543586592
DTSR14,hrnet32,compound_field,severe,44,0.20299347917870103,0.20299347917870103,0.04120635258907373
DTSR14,hrnet32,compound_field,severe,45,0.2880314775173786,0.2880314775173786,0.08296213204084418
DTSR14,hrnet32,compound_field,severe,46,0.2570073695581947,0.2570073695581947,0.06605278800722246
DTSR14,hrnet32,compound_field,severe,47,0.1855866725701316,0.1855866725701316,0.034442413035653235
DTSR14,hrnet32,compound_field,severe,48,0.22728722775879565,0.22728722775879565,0.05165948390227865
DTSR14,hrnet32,compound_field,severe,49,0.12824259237197547,0.12824259237197547,0.01644616249828466
DTSR14,hrnet32,compound_field,severe,50,0.20099323581343692,0.20099323581343692,0.04039828084275586
DTSR14,hrnet32,compound_field,severe,51,0.28333466518705924,0.28333466518705924,0.08027853249666296
DTSR14,hrnet32,compound_field,severe,52,0.09687242534831013,0.09687242534831013,0.009384266792863919
DTSR14,hrnet32,compound_field,severe,53,0.12404514527775776,0.12404514527775776,0.015387198066980027
DTSR14,hrnet32,compound_field,severe,54,0.21638991451606268,0.21638991451606268,0.046824595104268917
DTSR14,hrnet32,compound_field,severe,55,0.1771144526320389,0.1771144526320389,0.03136952933114675
DTSR14,hrnet32,compound_field,severe,56,0.20855981590317,0.20855981590317,0.04349719680956416
DTSR14,hrnet32,compound_field,severe,57,0.2958198436553658,0.2958198436553658,0.08750937990028505
DTSR14,hrnet32,compound_field,severe,58,0.13394952524907164,0.13394952524907164,0.01794247531445168
DTSR14,hrnet32,compound_field,severe,59,0.16591012597706548,0.16591012597706548,0.027526169901725735
DTSR14,hrnet32,compound_field,severe,60,0.14602330598528837,0.14602330598528837,0.021322805890873153
DTSR14,hrnet32,compound_field,severe,61,0.36782860054921107,0.36782860054921107,0.1352978793819911
DTSR14,hrnet32,compound_field,severe,62,0.34345067427214837,0.34345067427214837,0.11795836565799336
DTSR14,hrnet32,compound_field,severe,63,0.2713137116091313,0.2713137116091313,0.07361113010712288
DTSR14,hrnet32,compound_field,severe,64,0.27193830878804,0.27193830878804,0.07395044378649938
DTSR14,hrnet32,compound_field,severe,65,0.1595603200465452,0.1595603200465452,0.02545949573335593
DTSR14,hrnet32,compound_field,severe,66,0.18686705566581402,0.18686705566581402,0.03491929649321043
DTSR14,hrnet32,compound_field,severe,67,0.019690308082098602,0.019690308082098602,0.00038770823236795757
DTSR14,hrnet32,compound_field,severe,68,0.08219586607843513,0.08219586607843513,0.0067561604003840425
DTSR14,hrnet32,compound_field,severe,69,0.15550273564434652,0.15550273564434652,0.02418110079287552
DTSR14,hrnet32,compound_field,severe,70,0.3009437800639408,0.3009437800639408,0.09056715875917357
DTSR14,hrnet32,compound_field,severe,71,0.12347115658685726,0.12347115658685726,0.015245126508896223
DTSR14,hrnet32,compound_field,severe,72,0.23977387612100132,0.23977387612100132,0.057491511670089285
DTSR14,hrnet32,compound_field,severe,73,0.08110626495611226,0.08110626495611226,0.0065782262151310835
DTSR14,hrnet32,compound_field,severe,74,0.1592869030620013,0.1592869030620013,0.0253723174870834
DTSR14,hrnet32,compound_field,severe,75,0.24332614361656166,0.24332614361656166,0.05920761216730759
DTSR14,hrnet32,compound_field,severe,76,0.13114299432210005,0.13114299432210005,0.017198484959766367
DTSR14,hrnet32,compound_field,severe,77,0.04360457037866364,0.04360457037866364,0.0019013585579078303
DTSR14,hrnet32,compound_field,severe,78,0.25042976115374943,0.25042976115374943,0.06271506527152398
DTSR14,hrnet32,compound_field,severe,79,0.1183599929994951,0.1183599929994951,0.014009087942840528
DTSR14,hrnet32,compound_field,severe,80,0.047123079286107906,0.047123079286107906,0.002220584601404812
DTSR14,hrnet32,compound_field,severe,81,0.14363459013727092,0.14363459013727092,0.020630895483901807
DTSR14,hrnet32,compound_field,severe,82,0.16888845258789212,0.16888845258789212,0.028523309417532686
DTSR14,hrnet32,compound_field,severe,83,0.10243573149423567,0.10243573149423567,0.010493079086759146
DTSR14,hrnet32,compound_field,severe,84,0.22731483769434035,0.22731483769434035,0.0516720354360043
DTSR14,hrnet32,compound_field,severe,85,0.13859458152900528,0.13859458152900528,0.01920845802920009
DTSR14,hrnet32,compound_field,severe,86,0.13433140236463925,0.13433140236463925,0.01804492566125061
DTSR14,hrnet32,compound_field,severe,87,0.22228599865639598,0.22228599865639598,0.04941106519867128
DTSR14,hrnet32,compound_field,severe,88,0.08433985351511356,0.08433985351511356,0.007113210890950812
DTSR14,hrnet32,compound_field,severe,89,0.2319185398631406,0.2319185398631406,0.053786209132251135
DTSR14,hrnet32,compound_field,severe,90,0.23396112122891305,0.23396112122891305,0.05473780624669015
DTSR14,hrnet32,compound_field,severe,91,0.17426932910810622,0.17426932910810622,0.030369799067789437
DTSR14,hrnet32,compound_field,severe,92,0.23498835336557655,0.23498835336557655,0.05521952621746507
DTSR14,hrnet32,compound_field,severe,93,0.08626244673795011,0.08626244673795011,0.00744120971721768
DTSR14,hrnet32,compound_field,severe,94,0.1866878223278395,0.1866878223278395,0.034852343005510975
DTSR14,hrnet32,compound_field,severe,95,0.13868394941768963,0.13868394941768963,0.019233237826088295
DTSR14,hrnet32,compound_field,severe,96,0.1086257878575797,0.1086257878575797,0.01179956178767991
DTSR14,hrnet32,compound_field,severe,97,0.18376852401391772,0.18376852401391772,0.03377087041825385
DTSR14,hrnet32,compound_field,severe,98,0.24333453166691849,0.24333453166691849,0.05921169430155856
DTSR14,hrnet32,compound_field,severe,99,0.20493842916928126,0.20493842916928126,0.04199975975037251
DTSR14,hrnet32,compound_field,severe,100,0.2365714901539442,0.2365714901539442,0.05596606995365772
DTSR14,hrnet32,compound_field,severe,101,0.08973894096996735,0.08973894096996735,0.008053077526411283
DTSR14,hrnet32,compound_field,severe,102,0.2587235285117799,0.2587235285117799,0.06693786420558577
DTSR14,hrnet32,compound_field,severe,103,0.0810627056237052,0.0810627056237052,0.006571162243035486
DTSR14,hrnet32,compound_field,severe,104,0.17205902387490538,0.17205902387490538,0.029604307696785258
DTSR14,hrnet32,compound_field,severe,105,0.16384868048668433,0.16384868048668433,0.02684639009722757
DTSR14,hrnet32,compound_field,severe,106,0.032977873974359855,0.032977873974359855,0.001087540171868761
DTSR14,hrnet32,compound_field,severe,107,0.20347176070829442,0.20347176070829442,0.04140075740573343
DTSR14,hrnet32,compound_field,severe,108,0.04150830729883334,0.04150830729883334,0.0017229395748143811
DTSR14,hrnet32,compound_field,severe,109,0.07557767655924577,0.07557767655924577,0.005711985194093968
DTSR14,hrnet32,compound_field,severe,110,0.05590074962347826,0.05590074962347826,0.003124893808466805
DTSR14,hrnet32,compound_field,severe,111,0.2772184248443281,0.2772184248443281,0.0768500550731704
DTSR14,hrnet32,compound_field,severe,112,0.08735457518901048,0.08735457518901048,0.007630821806452485
DTSR14,hrnet32,compound_field,severe,113,0.10341018228818057,0.10341018228818057,0.010693665800874734
DTSR14,hrnet32,compound_field,severe,114,0.1676590148064881,0.1676590148064881,0.028109545245882193
DTSR14,hrnet32,compound_field,severe,115,0.19453398371719186,0.19453398371719186,0.037843470820880666
DTSR14,hrnet32,compound_field,severe,116,0.2972844539129644,0.2972844539129644,0.08837804653832944
DTSR14,hrnet32,compound_field,severe,117,0.17924735347194015,0.17924735347194015,0.03212961372669466
DTSR14,hrnet32,compound_field,severe,118,0.2986353251068324,0.2986353251068324,0.08918305740166348
DTSR14,hrnet32,compound_field,severe,119,0.3940016579135458,0.3940016579135458,0.15523730643862277
DTSR14,hrnet32,compound_field,severe,120,0.09407170450293754,0.09407170450293754,0.008849485588087999
DTSR14,hrnet32,compound_field,severe,121,0.05120688780763486,0.05120688780763486,0.002622145358943704
DTSR14,hrnet32,compound_field,severe,122,0.2526150249162562,0.2526150249162562,0.06381435081344074
DTSR14,hrnet32,compound_field,severe,123,0.053887113292777906,0.053887113292777906,0.002903820979028681
DTSR14,hrnet32,compound_field,severe,124,0.47068187405204254,0.47068187405204254,0.22154142656114284
DTSR14,hrnet32,compound_field,severe,125,0.1568543041319624,0.1568543041319624,0.02460327272472216
DTSR14,hrnet32,compound_field,severe,126,0.20709583130380557,0.20709583130380557,0.042888683343414294
DTSR14,hrnet32,compound_field,severe,127,0.03521365474656896,0.03521365474656896,0.0012400014806105589
DTSR14,hrnet32,compound_field,severe,128,0.4906559618439712,0.4906559618439712,0.24074327289303252
DTSR14,hrnet32,compound_field,severe,129,0.2564674793889088,0.2564674793889088,0.06577556798410035
DTSR14,hrnet32,compound_field,severe,130,0.29023588098729153,0.29023588098729153,0.08423686661246925
DTSR14,hrnet32,compound_field,severe,131,0.3533415690428991,0.3533415690428991,0.12485026441369783
DTSR14,hrnet32,compound_field,severe,132,0.46191637934588037,0.46191637934588037,0.21336674150800725
DTSR14,hrnet32,compound_field,severe,133,0.3485591965082765,0.3485591965082765,0.1214935134704953
DTSR14,hrnet32,compound_field,severe,134,0.17430958941567407,0.17430958941567407,0.03038383296226087
DTSR14,hrnet32,compound_field,severe,135,0.2304961101996626,0.2304961101996626,0.053128456817175006
DTSR14,hrnet32,compound_field,severe,136,0.07693433911992814,0.07693433911992814,0.0059188925358201055
DTSR14,hrnet32,compound_field,severe,137,0.22282469653473044,0.22282469653473044,0.049650845385794715
DTSR14,hrnet32,compound_field,severe,138,0.24459757210021985,0.24459757210021985,0.05982797227732225
DTSR14,hrnet32,compound_field,severe,139,0.29646396370834166,0.29646396370834166,0.08789088177766093
DTSR14,hrnet32,compound_field,severe,140,0.16286419620686837,0.16286419620686837,0.026524746406109318
DTSR14,hrnet32,compound_field,severe,141,0.32270450064775963,0.32270450064775963,0.1041381947383199
DTSR14,hrnet32,compound_field,severe,142,0.108371790905707,0.108371790905707,0.011744445064110279
DTSR14,hrnet32,compound_field,severe,143,0.16629531438927392,0.16629531438927392,0.027654131587827452
DTSR14,hrnet32,compound_field,severe,144,0.5190842842006242,0.5190842842006242,0.26944849410407445
DTSR14,hrnet32,compound_field,severe,145,0.39094329323023624,0.39094329323023624,0.15283665852170247
DTSR14,hrnet32,compound_field,severe,146,0.07052498689422255,0.07052498689422255,0.004973773776430263
DTSR14,hrnet32,compound_field,severe,147,0.10699428842747702,0.10699428842747702,0.011447777756102142
DTSR14,hrnet32,compound_field,severe,148,0.1281068304915199,0.1281068304915199,0.016411360018583017
DTSR14,hrnet32,compound_field,severe,149,0.15213212064105416,0.15213212064105416,0.02314418213074426
DTSR14,hrnet32,compound_field,severe,150,0.19860874470997905,0.19860874470997905,0.039445433475273635
DTSR14,hrnet32,compound_field,severe,151,0.2529572959120767,0.2529572959120767,0.06398739355514994
DTSR14,hrnet32,compound_field,severe,152,0.3774723588962831,0.3774723588962831,0.14248538173072436
DTSR14,hrnet32,compound_field,severe,153,0.0677223194250279,0.0677223194250279,0.004586312548305512
DTSR14,hrnet32,compound_field,severe,154,0.09664780913721636,0.09664780913721636,0.009340799011023804
DTSR14,hrnet32,compound_field,severe,155,0.1718386259880501,0.1718386259880501,0.02952851338146097
DTSR14,hrnet32,compound_field,severe,156,0.21641167610254944,0.21641167610254944,0.04683401355351477
DTSR14,hrnet32,compound_field,severe,157,0.2807103515975706,0.2807103515975706,0.07879830149403169
DTSR14,hrnet32,compound_field,severe,158,0.2866347458997259,0.2866347458997259,0.08215947755700041
DTSR14,hrnet32,compound_field,severe,159,0.14040842601021364,0.14040842601021364,0.01971452609466564
DTSR14,hrnet32,compound_field,severe,160,0.12839776739557163,0.12839776739557163,0.016485986672167316
DTSR14,hrnet32,compound_field,severe,161,0.2982193711065799,0.2982193711065799,0.08893479330320403
DTSR14,hrnet32,compound_field,severe,162,0.13326825317590324,0.13326825317590324,0.017760427304556643
DTSR14,hrnet32,compound_field,severe,163,0.19011922138965498,0.19011922138965498,0.03614531834180865
DTSR14,hrnet32,compound_field,severe,164,0.13239726004691738,0.13239726004691738,0.017529034467931064
DTSR14,hrnet32,compound_field,severe,165,0.052770754474871014,0.052770754474871014,0.002784752527847119
DTSR14,hrnet32,compound_field,severe,166,0.23277202218098475,0.23277202218098475,0.054182814310224856
DTSR14,hrnet32,compound_field,severe,167,0.22569588263356774,0.22569588263356774,0.050938631437745185
DTSR14,hrnet32,compound_field,severe,168,0.25155199320442584,0.25155199320442584,0.06327840528511951
DTSR14,hrnet32,compound_field,severe,169,0.06152690033107164,0.06152690033107164,0.0037855594643496234
DTSR14,hrnet32,compound_field,severe,170,0.16277927930208655,0.16277927930208655,0.026497093770106703
DTSR14,hrnet32,compound_field,severe,171,0.28692338674167817,0.28692338674167817,0.08232502985931461
DTSR14,hrnet32,compound_field,severe,172,0.15089572187895853,0.15089572187895853,0.022769518881372002
DTSR14,hrnet32,compound_field,severe,173,0.17027340454291048,0.17027340454291048,0.02899303229463365
DTSR14,hrnet32,compound_field,severe,174,0.06741545615899838,0.06741545615899838,0.004544843729125833
DTSR14,hrnet32,compound_field,severe,175,0.09269075529267752,0.09269075529267752,0.008591576116727026
DTSR14,hrnet32,compound_field,severe,176,0.12740138810266222,0.12740138810266222,0.01623111369048516
DTSR14,hrnet32,compound_field,severe,177,0.24621197822202143,0.24621197822202143,0.06062033822000115
DTSR14,hrnet32,compound_field,severe,178,0.04845906624613955,0.04845906624613955,0.0023482811014477415
DTSR14,hrnet32,compound_field,severe,179,0.20997885668980015,0.20997885668980015,0.04409112025675563
DTSR14,hrnet32,compound_field,severe,180,0.4309312126872959,0.4309312126872959,0.18570171006814346
DTSR14,hrnet32,compound_field,severe,181,0.10675883391705984,0.10675883391705984,0.011397448619330368
DTSR14,hrnet32,compound_field,severe,182,0.29765218530594373,0.29765218530594373,0.08859682341740387
DTSR14,hrnet32,compound_field,severe,183,0.20121570929608712,0.20121570929608712,0.04048776166752744
DTSR14,hrnet32,compound_field,severe,184,0.09945415569353003,0.09945415569353003,0.00989112908471291
DTSR14,hrnet32,compound_field,severe,185,0.32420961023425315,0.32420961023425315,0.10511187136824635
DTSR14,hrnet32,compound_field,severe,186,0.17814153251008286,0.17814153251008286,0.031734405605040907
DTSR14,hrnet32,compound_field,severe,187,0.2899768080295704,0.2899768080295704,0.08408654919501832
DTSR14,hrnet32,compound_field,severe,188,0.11617259600455661,0.11617259600455661,0.013496072062437922
DTSR14,hrnet32,compound_field,severe,189,0.36897467693010694,0.36897467693010694,0.1361423122156768
DTSR14,hrnet32,compound_field,severe,190,0.10133532466226691,0.10133532466226691,0.010268848024407041
DTSR14,hrnet32,compound_field,severe,191,0.16186615213576333,0.16186615213576333,0.02620065120723808
DTSR14,hrnet32,compound_field,severe,192,0.18123341531351833,0.18123341531351833,0.03284555082620222
DTSR14,hrnet32,compound_field,severe,193,0.09320916725433093,0.09320916725433093,0.008687948860245837
DTSR14,hrnet32,compound_field,severe,194,0.34505152966490504,0.34505152966490504,0.11906055812409085
DTSR14,hrnet32,compound_field,severe,195,0.30457318205270145,0.30457318205270145,0.09276482322570802
DTSR14,hrnet32,compound_field,severe,196,0.24477005951084602,0.24477005951084602,0.0599123820329431
DTSR14,hrnet32,compound_field,severe,197,0.39526150809926985,0.39526150809926985,0.15623165978490916
DTSR14,hrnet32,compound_field,severe,198,0.16184952502853311,0.16184952502853311,0.026195268751961768
DTSR14,hrnet32,compound_field,severe,199,0.0738871517922155,0.0738871517922155,0.005459311199965894
