dataset,backbone,condition,image_idx,label,cam_pct_c0,cam_pct_c1,cam_pct_c2,entropy
DTSR14,mobilenetv3,clean,0,0,0.0473119392991066,0.12152906507253647,0.8311590552330017,0.7995313986104294
DTSR14,mobilenetv3,clean,1,0,0.06274337321519852,0.04114634171128273,0.8961102962493896,0.5818331531146179
DTSR14,mobilenetv3,clean,2,0,0.24639475345611572,0.05284871160984039,0.7007564902305603,1.0816351876929942
DTSR14,mobilenetv3,clean,3,0,0.0690547302365303,0.5719478130340576,0.3589974343776703,1.2578803724704404
DTSR14,mobilenetv3,clean,4,0,0.8882789611816406,0.04968151077628136,0.06203960254788399,0.6158186074737442
DTSR14,mobilenetv3,clean,5,0,0.06439708173274994,0.7543962597846985,0.1812065690755844,1.0080980273367675
DTSR14,mobilenetv3,clean,6,0,0.040904249995946884,0.6192082166671753,0.3398875594139099,1.145979833156321
DTSR14,mobilenetv3,clean,7,1,0.0470302514731884,0.5946159362792969,0.35835373401641846,1.1839184117632828
DTSR14,mobilenetv3,clean,8,1,0.03577316552400589,0.6802172660827637,0.28400951623916626,1.0658022392276112
DTSR14,mobilenetv3,clean,9,1,0.05223243683576584,0.632015585899353,0.3157519996166229,1.1659659185234688
DTSR14,mobilenetv3,clean,10,1,0.04459161311388016,0.7498056292533875,0.2056027352809906,0.9807636830154158
DTSR14,mobilenetv3,clean,11,1,0.5864974856376648,0.0393710657954216,0.3741314709186554,1.165883018980773
DTSR14,mobilenetv3,clean,12,1,0.041340917348861694,0.30952760577201843,0.6491315364837646,1.118371864018069
DTSR14,mobilenetv3,clean,13,1,0.03135672211647034,0.23305219411849976,0.7355911731719971,0.972220661720351
DTSR14,mobilenetv3,clean,14,2,0.23032066226005554,0.4409221112728119,0.3287571966648102,1.5364161710220579
DTSR14,mobilenetv3,clean,15,2,0.2992646098136902,0.4502038359642029,0.2505315840244293,1.539509481893857
DTSR14,mobilenetv3,clean,16,2,0.61750727891922,0.16025274991989136,0.22224000096321106,1.334997775950832
DTSR14,mobilenetv3,clean,17,2,0.20862677693367004,0.5571119785308838,0.23426134884357452,1.4323851324164123
DTSR14,mobilenetv3,clean,18,2,0.3530524671077728,0.20531588792800903,0.4416315257549286,1.5199804482781545
DTSR14,mobilenetv3,clean,19,2,0.24876484274864197,0.5605931282043457,0.19064204394817352,1.4232248411940018
DTSR14,mobilenetv3,clean,20,2,0.45904120802879333,0.1668509989976883,0.3741077780723572,1.4773427204129286
DTSR14,mobilenetv3,clean,21,2,0.6023684740066528,0.20034374296665192,0.1972876340150833,1.3671626931432868
DTSR14,mobilenetv3,clean,22,2,0.5186100006103516,0.04908660799264908,0.43230316042900085,1.227759240582883
DTSR14,mobilenetv3,clean,23,2,0.09962216764688492,0.3837825059890747,0.5165954232215881,1.3539909681301143
DTSR14,mobilenetv3,clean,24,2,0.17169860005378723,0.4353439211845398,0.392957478761673,1.4883118370840125
DTSR14,mobilenetv3,clean,25,2,0.19770149886608124,0.42625507712364197,0.3760434091091156,1.517337402916175
DTSR14,mobilenetv3,clean,26,2,0.12738873064517975,0.5292752981185913,0.3433358669281006,1.394043712959522
DTSR14,mobilenetv3,clean,27,2,0.04848642647266388,0.6199184656143188,0.33159515261650085,1.1674226099177984
DTSR14,mobilenetv3,clean,28,2,0.4379744231700897,0.03797352313995361,0.5240521430969238,1.1893857700081127
DTSR14,mobilenetv3,clean,29,2,0.3610489070415497,0.39186009764671326,0.24709096550941467,1.5586340231162226
DTSR14,mobilenetv3,clean,30,2,0.5296245217323303,0.031022341921925545,0.43935319781303406,1.1623956781611215
DTSR14,mobilenetv3,clean,31,2,0.599663257598877,0.1810816526412964,0.2192552089691162,1.3688544031620946
DTSR14,mobilenetv3,clean,32,2,0.23362739384174347,0.42601385712623596,0.3403587341308594,1.5437336696459592
DTSR14,mobilenetv3,clean,33,2,0.2458907663822174,0.6452341079711914,0.10887511074542999,1.253835991664027
DTSR14,mobilenetv3,clean,34,2,0.31121131777763367,0.43771353363990784,0.2510751783847809,1.5464149264131208
DTSR14,mobilenetv3,clean,35,2,0.33872541785240173,0.38995853066444397,0.2713159918785095,1.569430134897435
DTSR14,mobilenetv3,clean,36,2,0.5077464580535889,0.20929303765296936,0.2829604744911194,1.4840978621062568
DTSR14,mobilenetv3,clean,37,2,0.5783708095550537,0.1967405527830124,0.22488857805728912,1.4024772920521449
DTSR14,mobilenetv3,clean,38,2,0.27859944105148315,0.4275488555431366,0.29385173320770264,1.5569586255981358
DTSR14,mobilenetv3,clean,39,3,0.06460350751876831,0.267384797334671,0.6680117249488831,1.1529842759476439
DTSR14,mobilenetv3,clean,40,3,0.10921331495046616,0.20939552783966064,0.681391179561615,1.1983578293900916
DTSR14,mobilenetv3,clean,41,3,0.057907652109861374,0.6626710891723633,0.27942124009132385,1.1453827627955717
DTSR14,mobilenetv3,clean,42,4,0.17881929874420166,0.23857653141021729,0.582604169845581,1.3914243975167488
DTSR14,mobilenetv3,clean,43,4,0.0373133085668087,0.39439526200294495,0.5682914853096008,1.1697380709514889
DTSR14,mobilenetv3,clean,44,4,0.07736120373010635,0.34959933161735535,0.5730394721031189,1.2760269995234164
DTSR14,mobilenetv3,clean,45,4,0.039421986788511276,0.495125949382782,0.4654521048069,1.1995523765064555
DTSR14,mobilenetv3,clean,46,4,0.6083312630653381,0.2407178282737732,0.15095087885856628,1.3425631292502558
DTSR14,mobilenetv3,clean,47,4,0.13304676115512848,0.14377902448177338,0.7231742143630981,1.1276151580749716
DTSR14,mobilenetv3,clean,48,4,0.0954693928360939,0.3422833979129791,0.5622471570968628,1.3200227025896578
DTSR14,mobilenetv3,clean,49,4,0.5483741760253906,0.40153199434280396,0.05009381100535393,1.220261266466988
DTSR14,mobilenetv3,clean,50,4,0.557029128074646,0.38781797885894775,0.05515279248356819,1.2307642262202219
DTSR14,mobilenetv3,clean,51,4,0.38361090421676636,0.4558686912059784,0.16052040457725525,1.4705406552677016
DTSR14,mobilenetv3,clean,52,5,0.45599448680877686,0.27716168761253357,0.2668437957763672,1.538269579801616
DTSR14,mobilenetv3,clean,53,5,0.4625338017940521,0.13814716041088104,0.3993190824985504,1.4378709433776604
DTSR14,mobilenetv3,clean,54,5,0.31057649850845337,0.28035250306129456,0.4090709984302521,1.5658235011612902
DTSR14,mobilenetv3,clean,55,5,0.48044243454933167,0.15437808632850647,0.3651794195175171,1.4549423604984368
DTSR14,mobilenetv3,clean,56,5,0.29921668767929077,0.2522810995578766,0.44850218296051025,1.540947193627138
DTSR14,mobilenetv3,clean,57,5,0.09092292189598083,0.6740591526031494,0.23501800000667572,1.1890864669941292
DTSR14,mobilenetv3,clean,58,5,0.9486116766929626,0.01348755694925785,0.03790082037448883,0.33494064679704383
DTSR14,mobilenetv3,clean,59,5,0.06175285950303078,0.3156178891658783,0.6226292252540588,1.1987930376190463
DTSR14,mobilenetv3,clean,60,5,0.1513611525297165,0.406909704208374,0.4417291581630707,1.460844146447794
DTSR14,mobilenetv3,clean,61,5,0.22570094466209412,0.45427650213241577,0.3200225830078125,1.5278638514665248
DTSR14,mobilenetv3,clean,62,5,0.10428111255168915,0.48137006163597107,0.41434893012046814,1.374519409582414
DTSR14,mobilenetv3,clean,63,5,0.0770215168595314,0.7166165113449097,0.20636196434497833,1.099202948423521
DTSR14,mobilenetv3,clean,64,5,0.23365333676338196,0.44712498784065247,0.3192216157913208,1.5352014274346009
DTSR14,mobilenetv3,clean,65,5,0.2509304881095886,0.39916661381721497,0.34990280866622925,1.559480316157427
DTSR14,mobilenetv3,clean,66,5,0.548783540725708,0.20347358286380768,0.24774277210235596,1.441200636983019
DTSR14,mobilenetv3,clean,67,5,0.5317910313606262,0.29080459475517273,0.17740435898303986,1.4452802193554848
DTSR14,mobilenetv3,clean,68,5,0.6383673548698425,0.16869589686393738,0.1929367333650589,1.3044896955698992
DTSR14,mobilenetv3,clean,69,5,0.5114225745201111,0.18676085770130157,0.30181652307510376,1.468471501693966
DTSR14,mobilenetv3,clean,70,5,0.25697454810142517,0.4939277172088623,0.24909770488739014,1.5058774330182192
DTSR14,mobilenetv3,clean,71,5,0.540301501750946,0.317900687456131,0.14179785549640656,1.4050772025778895
DTSR14,mobilenetv3,clean,72,5,0.7210895419120789,0.04212956875562668,0.2367810308933258,1.0247844649046787
DTSR14,mobilenetv3,clean,73,5,0.23840253055095673,0.032819729298353195,0.7287777066230774,0.9875705316266564
DTSR14,mobilenetv3,clean,74,5,0.463375061750412,0.28369393944740295,0.25293096899986267,1.531478212512031
DTSR14,mobilenetv3,clean,75,5,0.5580272674560547,0.3137754499912262,0.12819725275039673,1.3742460818115803
DTSR14,mobilenetv3,clean,76,5,0.05158308520913124,0.44612500071525574,0.5022918581962585,1.2391002072299777
DTSR14,mobilenetv3,clean,77,5,0.6002261638641357,0.16482040286064148,0.23495343327522278,1.361670742060689
DTSR14,mobilenetv3,clean,78,5,0.5160498023033142,0.1510457545518875,0.3329043984413147,1.4326796060585045
DTSR14,mobilenetv3,clean,79,5,0.5669553875923157,0.056391775608062744,0.3766528367996216,1.2286844695102979
DTSR14,mobilenetv3,clean,80,5,0.5337857007980347,0.05619468167424202,0.4100196361541748,1.2442142355112724
DTSR14,mobilenetv3,clean,81,5,0.5566076040267944,0.3043540120124817,0.13903836905956268,1.3885729506740865
DTSR14,mobilenetv3,clean,82,5,0.7585071921348572,0.04870149865746498,0.19279129803180695,0.9726572424563791
DTSR14,mobilenetv3,clean,83,5,0.7617361545562744,0.0614454559981823,0.1768183708190918,0.988361675139878
DTSR14,mobilenetv3,clean,84,5,0.11941005289554596,0.5580711364746094,0.32251885533332825,1.362243267796374
DTSR14,mobilenetv3,clean,85,5,0.39685413241386414,0.3900156617164612,0.2131301909685135,1.5342504770437277
DTSR14,mobilenetv3,clean,86,5,0.4446781575679779,0.3524608612060547,0.2028609812259674,1.51703957553114
DTSR14,mobilenetv3,clean,87,5,0.5520752668380737,0.31524717807769775,0.13267764449119568,1.3848131077215116
DTSR14,mobilenetv3,clean,88,5,0.4674387574195862,0.25045567750930786,0.28210553526878357,1.5281422668389708
DTSR14,mobilenetv3,clean,89,5,0.048186369240283966,0.11122525483369827,0.8405882716178894,0.7738289316942655
DTSR14,mobilenetv3,clean,90,5,0.7684124112129211,0.028136324137449265,0.20345115661621094,0.9043523491228185
DTSR14,mobilenetv3,clean,91,5,0.0685734823346138,0.5578657388687134,0.37356075644493103,1.26552265314516
DTSR14,mobilenetv3,clean,92,5,0.36691877245903015,0.43376368284225464,0.1993175745010376,1.5172133628276605
DTSR14,mobilenetv3,clean,93,5,0.04102957248687744,0.5626400709152222,0.39633041620254517,1.1850525314403881
DTSR14,mobilenetv3,clean,94,5,0.46288374066352844,0.038733310997486115,0.49838292598724365,1.1967748287798607
DTSR14,mobilenetv3,clean,95,5,0.7146742939949036,0.23943044245243073,0.04589530825614929,1.0441719166999417
DTSR14,mobilenetv3,clean,96,5,0.5345741510391235,0.05221324414014816,0.41321268677711487,1.2322714552318317
DTSR14,mobilenetv3,clean,97,5,0.6041920781135559,0.030994655564427376,0.36481329798698425,1.1252593275580989
DTSR14,mobilenetv3,clean,98,5,0.48812639713287354,0.2502206265926361,0.26165303587913513,1.5112826007876916
DTSR14,mobilenetv3,clean,99,5,0.5247178077697754,0.08113981783390045,0.39414235949516296,1.311612504432253
DTSR14,mobilenetv3,clean,100,5,0.6009770035743713,0.04333838075399399,0.3556845784187317,1.1681769941228974
DTSR14,mobilenetv3,clean,101,5,0.07411814481019974,0.789063572883606,0.1368183195590973,0.9405560082872639
DTSR14,mobilenetv3,clean,102,5,0.7341289520263672,0.033223967999219894,0.23264697194099426,0.9799673494021042
DTSR14,mobilenetv3,clean,103,5,0.5963014960289001,0.2002486288547516,0.20344990491867065,1.3767532284161268
DTSR14,mobilenetv3,clean,104,5,0.5976845622062683,0.3227953016757965,0.07952006906270981,1.2608356960221236
DTSR14,mobilenetv3,clean,105,5,0.5046741962432861,0.31331494450569153,0.1820107102394104,1.469852084770428
DTSR14,mobilenetv3,clean,106,5,0.04843377694487572,0.7589070796966553,0.19265903532505035,0.9713341703314131
DTSR14,mobilenetv3,clean,107,5,0.5352653861045837,0.19738972187042236,0.2673449218273163,1.4535183912399057
DTSR14,mobilenetv3,clean,108,5,0.05129840970039368,0.6543418765068054,0.29435983300209045,1.1395447119586128
DTSR14,mobilenetv3,clean,109,5,0.5923570990562439,0.047648485749959946,0.35999447107315063,1.187362508798953
DTSR14,mobilenetv3,clean,110,5,0.2490108460187912,0.46181604266166687,0.28917306661605835,1.5318089223800562
DTSR14,mobilenetv3,clean,111,5,0.2646385431289673,0.3271649479866028,0.4081965684890747,1.5625729971228224
DTSR14,mobilenetv3,clean,112,5,0.2751728594303131,0.5024257898330688,0.22240136563777924,1.4935123877660725
DTSR14,mobilenetv3,clean,113,5,0.3117276430130005,0.38803425431251526,0.30023807287216187,1.5753293870069722
DTSR14,mobilenetv3,clean,114,5,0.5136386156082153,0.24671083688735962,0.23965048789978027,1.4857506325642544
DTSR14,mobilenetv3,clean,115,5,0.3970051407814026,0.15587164461612701,0.4471231997013092,1.4663217253364982
DTSR14,mobilenetv3,clean,116,5,0.5646926760673523,0.3744527995586395,0.060854505747556686,1.2419818092374793
DTSR14,mobilenetv3,clean,117,5,0.4815649390220642,0.22500182688236237,0.29343321919441223,1.51091947658121
DTSR14,mobilenetv3,clean,118,6,0.0588349774479866,0.2960064113140106,0.6451587080955505,1.1682623262251632
DTSR14,mobilenetv3,clean,119,6,0.07801558077335358,0.26619720458984375,0.6557872891426086,1.1945681475988432
DTSR14,mobilenetv3,clean,120,6,0.0547436885535717,0.24145375192165375,0.7038025856018066,1.0811207917038987
DTSR14,mobilenetv3,clean,121,6,0.28786513209342957,0.09066393971443176,0.6214707493782043,1.2576377497347981
DTSR14,mobilenetv3,clean,122,6,0.07582996785640717,0.05157838761806488,0.8725916743278503,0.6743455778888162
DTSR14,mobilenetv3,clean,123,6,0.04559538513422012,0.9162653088569641,0.03813933581113815,0.4984590662150874
DTSR14,mobilenetv3,clean,124,7,0.768851101398468,0.04249641299247742,0.1886523962020874,0.9391371475222345
DTSR14,mobilenetv3,clean,125,7,0.7794144153594971,0.17281512916088104,0.047770388424396515,0.9275213152365954
DTSR14,mobilenetv3,clean,126,7,0.5521867275238037,0.40307608246803284,0.04473738372325897,1.2020105814720048
DTSR14,mobilenetv3,clean,127,7,0.6563466191291809,0.2957049012184143,0.04794849455356598,1.1286202699394114
DTSR14,mobilenetv3,clean,128,7,0.7195004820823669,0.017753977328538895,0.2627454400062561,0.9516082688354466
DTSR14,mobilenetv3,clean,129,7,0.6982787847518921,0.2526921033859253,0.04902901500463486,1.0765621350234293
DTSR14,mobilenetv3,clean,130,7,0.8369222283363342,0.11086855828762054,0.052209313958883286,0.7891332852276611
DTSR14,mobilenetv3,clean,131,7,0.042146507650613785,0.7581166625022888,0.1997368484735489,0.959571767590305
DTSR14,mobilenetv3,clean,132,7,0.8623062372207642,0.031584832817316055,0.10610881447792053,0.6851460594133638
DTSR14,mobilenetv3,clean,133,7,0.6917773485183716,0.03203625604510307,0.2761865258216858,1.039476697252892
DTSR14,mobilenetv3,clean,134,7,0.342140793800354,0.6149659752845764,0.04289325699210167,1.1556263906580204
DTSR14,mobilenetv3,clean,135,7,0.41677460074424744,0.5499985218048096,0.03322687745094299,1.1638128340235927
DTSR14,mobilenetv3,clean,136,8,0.8266661763191223,0.04464222490787506,0.12869155406951904,0.8079330539521746
DTSR14,mobilenetv3,clean,137,8,0.6846281290054321,0.26795560121536255,0.047416288405656815,1.0918801697772085
DTSR14,mobilenetv3,clean,138,8,0.06865345686674118,0.17004583775997162,0.7613006830215454,0.9994934975072379
DTSR14,mobilenetv3,clean,139,8,0.240191251039505,0.049826186150312424,0.7099826335906982,1.060681682055352
DTSR14,mobilenetv3,clean,140,8,0.04927121847867966,0.2168094366788864,0.7339192628860474,1.0197167758988253
DTSR14,mobilenetv3,clean,141,8,0.8554996252059937,0.10418935120105743,0.04031102731823921,0.7193139078689759
DTSR14,mobilenetv3,clean,142,8,0.5271584391593933,0.43245846033096313,0.04038306698203087,1.1969103984875822
DTSR14,mobilenetv3,clean,143,9,0.9296408891677856,0.029665634036064148,0.0406934879720211,0.43636953263940587
DTSR14,mobilenetv3,clean,144,9,0.04026935622096062,0.8709313869476318,0.08879923820495605,0.6704550934818538
DTSR14,mobilenetv3,clean,145,9,0.8020119667053223,0.14724048972129822,0.05074755847454071,0.8804611084888981
DTSR14,mobilenetv3,clean,146,9,0.042174000293016434,0.1556679904460907,0.8021580576896667,0.8654776409901236
DTSR14,mobilenetv3,clean,147,9,0.03995325788855553,0.7878789305686951,0.17216770350933075,0.8935799223154284
DTSR14,mobilenetv3,clean,148,9,0.06755560636520386,0.29304826259613037,0.6393961310386658,1.1941182035704543
DTSR14,mobilenetv3,clean,149,9,0.055334851145744324,0.7277767062187195,0.21688832342624664,1.0429296826989658
DTSR14,mobilenetv3,clean,150,9,0.6583567261695862,0.05199677497148514,0.28964659571647644,1.1365987335060708
DTSR14,mobilenetv3,clean,151,9,0.41009894013404846,0.051268622279167175,0.5386324524879456,1.22789310570019
DTSR14,mobilenetv3,clean,152,9,0.052738968282938004,0.6732848882675171,0.2739761471748352,1.119881289595031
DTSR14,mobilenetv3,clean,153,9,0.6915388703346252,0.043681319802999496,0.2647797763347626,1.0729002353023627
DTSR14,mobilenetv3,clean,154,9,0.7615307569503784,0.041790544986724854,0.19667866826057434,0.9521556949885459
DTSR14,mobilenetv3,clean,155,9,0.05344654992222786,0.6790347099304199,0.2675187289714813,1.1139520021880127
DTSR14,mobilenetv3,clean,156,9,0.32936009764671326,0.6198055148124695,0.0508342944085598,1.1739453286942068
DTSR14,mobilenetv3,clean,157,9,0.04964946582913399,0.6955792903900146,0.25477123260498047,1.0819631119301905
DTSR14,mobilenetv3,clean,158,9,0.8165103793144226,0.03770356625318527,0.1457860767841339,0.8221047774054611
DTSR14,mobilenetv3,clean,159,9,0.7954419851303101,0.04565688967704773,0.15890119969844818,0.887635127013938
DTSR14,mobilenetv3,clean,160,9,0.7973315119743347,0.02853584475815296,0.1741325706243515,0.8460639063626729
DTSR14,mobilenetv3,clean,161,9,0.12544704973697662,0.4004656672477722,0.47408729791641235,1.4148951696128256
DTSR14,mobilenetv3,clean,162,9,0.07646074891090393,0.20175722241401672,0.7217819690704346,1.0890238530816923
DTSR14,mobilenetv3,clean,163,9,0.1379736065864563,0.5344868898391724,0.3275395333766937,1.4047431206247896
DTSR14,mobilenetv3,clean,164,9,0.3395143449306488,0.5906766057014465,0.06980910897254944,1.2458698869960836
DTSR14,mobilenetv3,clean,165,10,0.29923802614212036,0.6269444823265076,0.07381758838891983,1.2207139905437865
DTSR14,mobilenetv3,clean,166,10,0.7942875623703003,0.14209704101085663,0.06361544132232666,0.9167640650140845
DTSR14,mobilenetv3,clean,167,10,0.8298203349113464,0.12517006695270538,0.045009441673755646,0.7999488870857228
DTSR14,mobilenetv3,clean,168,10,0.05602746829390526,0.8058522343635559,0.13812026381492615,0.8783711925141611
DTSR14,mobilenetv3,clean,169,10,0.3429052233695984,0.12460273504257202,0.5324921607971191,1.3879913641110724
DTSR14,mobilenetv3,clean,170,10,0.7694153189659119,0.19239778816699982,0.03818686306476593,0.9283466115465024
DTSR14,mobilenetv3,clean,171,10,0.8235780000686646,0.14274059236049652,0.03368143364787102,0.7962785135729956
DTSR14,mobilenetv3,clean,172,10,0.8273017406463623,0.07101698964834213,0.10168127715587616,0.8325900098812508
DTSR14,mobilenetv3,clean,173,11,0.599906325340271,0.04279277101159096,0.3573008179664612,1.1673185784282247
DTSR14,mobilenetv3,clean,174,11,0.24049779772758484,0.7097325325012207,0.04976972937583923,1.0609442250385905
DTSR14,mobilenetv3,clean,175,11,0.435323566198349,0.055823709815740585,0.5088527798652649,1.2506800259116009
DTSR14,mobilenetv3,clean,176,11,0.9288102984428406,0.058440059423446655,0.012749703601002693,0.4186212278886162
DTSR14,mobilenetv3,clean,177,11,0.060335639864206314,0.9168063402175903,0.0228580255061388,0.4838990115117793
DTSR14,mobilenetv3,clean,178,11,0.6909166574478149,0.16613776981830597,0.14294567704200745,1.1999395141471967
DTSR14,mobilenetv3,clean,179,12,0.34981390833854675,0.19817547500133514,0.4520106315612793,1.5106670022943989
DTSR14,mobilenetv3,clean,180,12,0.03561355173587799,0.42038264870643616,0.5440038442611694,1.1747296991084732
DTSR14,mobilenetv3,clean,181,12,0.3549325168132782,0.01315360888838768,0.6319137811660767,1.0310477166962775
DTSR14,mobilenetv3,clean,182,12,0.4881622791290283,0.44616761803627014,0.06567003577947617,1.2825212100782815
DTSR14,mobilenetv3,clean,183,12,0.3707362413406372,0.026925968006253242,0.602337658405304,1.1116599798786069
DTSR14,mobilenetv3,clean,184,12,0.04590732604265213,0.3514695465564728,0.6026232242584229,1.1745857432700166
DTSR14,mobilenetv3,clean,185,12,0.2528533339500427,0.17753151059150696,0.5696150064468384,1.4067979998673241
DTSR14,mobilenetv3,clean,186,12,0.37887707352638245,0.03313588723540306,0.5879870653152466,1.1438637783981909
DTSR14,mobilenetv3,clean,187,12,0.05394234135746956,0.6071251630783081,0.33893245458602905,1.1933688245404779
DTSR14,mobilenetv3,clean,188,12,0.023869283497333527,0.5767277479171753,0.39940300583839417,1.115410685203933
DTSR14,mobilenetv3,clean,189,12,0.2092820256948471,0.4602833688259125,0.33043453097343445,1.5153746988499834
DTSR14,mobilenetv3,clean,190,12,0.21868708729743958,0.2979338765144348,0.4833790063858032,1.5070202941992001
DTSR14,mobilenetv3,clean,191,12,0.4154573380947113,0.3652259409427643,0.2193167507648468,1.53726816041682
DTSR14,mobilenetv3,clean,192,12,0.6263906955718994,0.04974174126982689,0.3238676190376282,1.1648596323433604
DTSR14,mobilenetv3,clean,193,12,0.6384117007255554,0.30553656816482544,0.056051675230264664,1.1689919119610863
DTSR14,mobilenetv3,clean,194,12,0.05297992378473282,0.281884104013443,0.6651359796524048,1.1307892488756788
DTSR14,mobilenetv3,clean,195,12,0.5190059542655945,0.04126078635454178,0.43973326683044434,1.2020489434808492
DTSR14,mobilenetv3,clean,196,13,0.059014804661273956,0.7983346581459045,0.1426505595445633,0.9011194383934247
DTSR14,mobilenetv3,clean,197,13,0.03388958051800728,0.09587040543556213,0.8702400326728821,0.6642868464572578
DTSR14,mobilenetv3,clean,198,13,0.04946952313184738,0.31406575441360474,0.6364647150039673,1.1542032965286622
DTSR14,mobilenetv3,clean,199,13,0.06876202672719955,0.13277176022529602,0.7984662652015686,0.9115965253082408
DTSR14,mobilenetv3,gaussian_blur_4,0,0,0.02959256060421467,0.5453294515609741,0.4250779449939728,1.1519751147482031
DTSR14,mobilenetv3,gaussian_blur_4,1,0,0.023428721353411674,0.5663266777992249,0.4102446734905243,1.1187805875701362
DTSR14,mobilenetv3,gaussian_blur_4,2,0,0.22859236598014832,0.7475503087043762,0.023857388645410538,0.9290749464316873
DTSR14,mobilenetv3,gaussian_blur_4,3,0,0.043348442763090134,0.5837639570236206,0.37288761138916016,1.1802830528541532
DTSR14,mobilenetv3,gaussian_blur_4,4,0,0.8325276374816895,0.033341456204652786,0.13413105905056,0.7724864870211138
DTSR14,mobilenetv3,gaussian_blur_4,5,0,0.6466520428657532,0.037420906126499176,0.3159269690513611,1.1092569434851534
DTSR14,mobilenetv3,gaussian_blur_4,6,0,0.028066564351320267,0.6671127676963806,0.3048206865787506,1.0567280838053494
DTSR14,mobilenetv3,gaussian_blur_4,7,1,0.03909022733569145,0.7432363033294678,0.21767359972000122,0.9798417313081813
DTSR14,mobilenetv3,gaussian_blur_4,8,1,0.03171135485172272,0.6715351343154907,0.29675349593162537,1.0637687515209082
DTSR14,mobilenetv3,gaussian_blur_4,9,1,0.5600252747535706,0.032480232417583466,0.4074944257736206,1.1567826913834671
DTSR14,mobilenetv3,gaussian_blur_4,10,1,0.03587294742465019,0.7718574404716492,0.19226959347724915,0.9179560594349108
DTSR14,mobilenetv3,gaussian_blur_4,11,1,0.02633444406092167,0.8231772184371948,0.15048834681510925,0.7804365403856508
DTSR14,mobilenetv3,gaussian_blur_4,12,1,0.04469924047589302,0.729010820388794,0.22628998756408691,1.0179442563534422
DTSR14,mobilenetv3,gaussian_blur_4,13,1,0.023204151540994644,0.251351535320282,0.7254443168640137,0.962660854660468
DTSR14,mobilenetv3,gaussian_blur_4,14,2,0.2302008867263794,0.4131493866443634,0.3566497564315796,1.545166458043786
DTSR14,mobilenetv3,gaussian_blur_4,15,2,0.25738921761512756,0.42505893111228943,0.3175518214702606,1.554125449355566
DTSR14,mobilenetv3,gaussian_blur_4,16,2,0.3727409839630127,0.32745668292045593,0.299802303314209,1.5791327159894637
DTSR14,mobilenetv3,gaussian_blur_4,17,2,0.3367297351360321,0.4006046652793884,0.26266559958457947,1.5640800664481658
DTSR14,mobilenetv3,gaussian_blur_4,18,2,0.34046459197998047,0.2164589762687683,0.44307634234428406,1.5274685036577302
DTSR14,mobilenetv3,gaussian_blur_4,19,2,0.28725945949554443,0.3671518862247467,0.3455887734889984,1.577424622654748
DTSR14,mobilenetv3,gaussian_blur_4,20,2,0.4326464533805847,0.15191850066184998,0.4154350161552429,1.4624501253299014
DTSR14,mobilenetv3,gaussian_blur_4,21,2,0.241841122508049,0.5118281841278076,0.24633073806762695,1.4877383345389883
DTSR14,mobilenetv3,gaussian_blur_4,22,2,0.30153265595436096,0.29425695538520813,0.4042103886604309,1.5690858119626079
DTSR14,mobilenetv3,gaussian_blur_4,23,2,0.13076260685920715,0.5799023509025574,0.289335161447525,1.3573316768618158
DTSR14,mobilenetv3,gaussian_blur_4,24,2,0.2097695916891098,0.46521127223968506,0.32501912117004395,1.5132365380733748
DTSR14,mobilenetv3,gaussian_blur_4,25,2,0.26674702763557434,0.48669785261154175,0.2465551197528839,1.5122184153341998
DTSR14,mobilenetv3,gaussian_blur_4,26,2,0.21704664826393127,0.4003649055957794,0.38258853554725647,1.537400160337385
DTSR14,mobilenetv3,gaussian_blur_4,27,2,0.39423561096191406,0.35297849774360657,0.252785861492157,1.5612339071021228
DTSR14,mobilenetv3,gaussian_blur_4,28,2,0.48141977190971375,0.04047843813896179,0.47810181975364685,1.2039948077351434
DTSR14,mobilenetv3,gaussian_blur_4,29,2,0.2787347733974457,0.2795531451702118,0.44171208143234253,1.5484616685506065
DTSR14,mobilenetv3,gaussian_blur_4,30,2,0.3911282420158386,0.22991278767585754,0.37895897030830383,1.5478077301306379
DTSR14,mobilenetv3,gaussian_blur_4,31,2,0.33302202820777893,0.22957053780555725,0.43740740418434143,1.5374577907735598
DTSR14,mobilenetv3,gaussian_blur_4,32,2,0.22864769399166107,0.44635292887687683,0.3249993324279785,1.5331693994985005
DTSR14,mobilenetv3,gaussian_blur_4,33,2,0.20127759873867035,0.345791220664978,0.45293116569519043,1.5128000715287653
DTSR14,mobilenetv3,gaussian_blur_4,34,2,0.3439754247665405,0.39132577180862427,0.2646988332271576,1.5668546492184257
DTSR14,mobilenetv3,gaussian_blur_4,35,2,0.2826535999774933,0.42436763644218445,0.2929786443710327,1.5589300440711693
DTSR14,mobilenetv3,gaussian_blur_4,36,2,0.05851047858595848,0.5235142111778259,0.4179753065109253,1.2544410041199776
DTSR14,mobilenetv3,gaussian_blur_4,37,2,0.6485267877578735,0.029911454766988754,0.3215617537498474,1.0829639253057524
DTSR14,mobilenetv3,gaussian_blur_4,38,2,0.23055399954319,0.3978513777256012,0.37159463763237,1.5477753516062827
DTSR14,mobilenetv3,gaussian_blur_4,39,3,0.14593198895454407,0.6259785890579224,0.2280893623828888,1.3146065431827165
DTSR14,mobilenetv3,gaussian_blur_4,40,3,0.13608920574188232,0.7875682711601257,0.07634246349334717,0.9462503393481545
DTSR14,mobilenetv3,gaussian_blur_4,41,3,0.386868953704834,0.4739460051059723,0.1391851156949997,1.4365507790646888
DTSR14,mobilenetv3,gaussian_blur_4,42,4,0.30219486355781555,0.6857398152351379,0.012065349146723747,0.9718417455600683
DTSR14,mobilenetv3,gaussian_blur_4,43,4,0.19246244430541992,0.32473573088645935,0.48280179500579834,1.4916689941716819
DTSR14,mobilenetv3,gaussian_blur_4,44,4,0.06621848791837692,0.30417487025260925,0.6296066641807556,1.2018774494530775
DTSR14,mobilenetv3,gaussian_blur_4,45,4,0.04513058811426163,0.5564761757850647,0.3983932435512543,1.201243896204328
DTSR14,mobilenetv3,gaussian_blur_4,46,4,0.2816656529903412,0.34226301312446594,0.37607139348983765,1.574896580401104
DTSR14,mobilenetv3,gaussian_blur_4,47,4,0.2277699112892151,0.17548218369483948,0.5967479944229126,1.3711687705462334
DTSR14,mobilenetv3,gaussian_blur_4,48,4,0.05298157408833504,0.21755896508693695,0.7294594049453735,1.0352757280956548
DTSR14,mobilenetv3,gaussian_blur_4,49,4,0.6930216550827026,0.26212936639785767,0.0448489785194397,1.0738383376737146
DTSR14,mobilenetv3,gaussian_blur_4,50,4,0.7445122003555298,0.03419622778892517,0.22129157185554504,0.9649508895746697
DTSR14,mobilenetv3,gaussian_blur_4,51,4,0.30210283398628235,0.04995236545801163,0.6479448676109314,1.143307554984581
DTSR14,mobilenetv3,gaussian_blur_4,52,5,0.09436091780662537,0.6868192553520203,0.21881988644599915,1.1733097549934235
DTSR14,mobilenetv3,gaussian_blur_4,53,5,0.07783488929271698,0.564030110836029,0.35813501477241516,1.283226886995555
DTSR14,mobilenetv3,gaussian_blur_4,54,5,0.24675744771957397,0.5021096467971802,0.2511328458786011,1.4978497446273882
DTSR14,mobilenetv3,gaussian_blur_4,55,5,0.24569110572338104,0.5355377793312073,0.2187710553407669,1.4596889190813207
DTSR14,mobilenetv3,gaussian_blur_4,56,5,0.1698586791753769,0.4746938645839691,0.3554474115371704,1.4751237180250252
DTSR14,mobilenetv3,gaussian_blur_4,57,5,0.0766342505812645,0.686403751373291,0.23696187138557434,1.1488592824928794
DTSR14,mobilenetv3,gaussian_blur_4,58,5,0.7279423475265503,0.23464184999465942,0.03741580620408058,1.0015778070450936
DTSR14,mobilenetv3,gaussian_blur_4,59,5,0.21519632637500763,0.3132942318916321,0.47150933742523193,1.5129358430835294
DTSR14,mobilenetv3,gaussian_blur_4,60,5,0.1507229059934616,0.0654902309179306,0.7837867736816406,0.9444983444431214
DTSR14,mobilenetv3,gaussian_blur_4,61,5,0.11651424318552017,0.47329699993133545,0.4101887047290802,1.3994887027134106
DTSR14,mobilenetv3,gaussian_blur_4,62,5,0.07997000217437744,0.8778701424598694,0.0421597883105278,0.6489976727614076
DTSR14,mobilenetv3,gaussian_blur_4,63,5,0.17607621848583221,0.6555703282356262,0.16835345327854156,1.2732994052971476
DTSR14,mobilenetv3,gaussian_blur_4,64,5,0.3785206377506256,0.1539224088191986,0.46755698323249817,1.458875970166571
DTSR14,mobilenetv3,gaussian_blur_4,65,5,0.5563256144523621,0.29294300079345703,0.15073126554489136,1.4010317069058806
DTSR14,mobilenetv3,gaussian_blur_4,66,5,0.617771565914154,0.19310235977172852,0.18912610411643982,1.3417993294250268
DTSR14,mobilenetv3,gaussian_blur_4,67,5,0.6580474376678467,0.148287832736969,0.19366474449634552,1.2642710846788912
DTSR14,mobilenetv3,gaussian_blur_4,68,5,0.7246479392051697,0.12526637315750122,0.1500857025384903,1.122776248676662
DTSR14,mobilenetv3,gaussian_blur_4,69,5,0.708038330078125,0.1161692664027214,0.1757923811674118,1.154358240270553
DTSR14,mobilenetv3,gaussian_blur_4,70,5,0.5837124586105347,0.23620621860027313,0.18008121848106384,1.3904967026742296
DTSR14,mobilenetv3,gaussian_blur_4,71,5,0.17548909783363342,0.5104468464851379,0.3140641450881958,1.4605524349990398
DTSR14,mobilenetv3,gaussian_blur_4,72,5,0.8404932022094727,0.036935027688741684,0.12257165461778641,0.757657736163061
DTSR14,mobilenetv3,gaussian_blur_4,73,5,0.10304465144872665,0.23691603541374207,0.6600393652915955,1.2256654428111062
DTSR14,mobilenetv3,gaussian_blur_4,74,5,0.5687302947044373,0.1991860717535019,0.23208372294902802,1.4157844101867578
DTSR14,mobilenetv3,gaussian_blur_4,75,5,0.5417850017547607,0.2659165561199188,0.19229839742183685,1.4446022574458208
DTSR14,mobilenetv3,gaussian_blur_4,76,5,0.5093688368797302,0.26440563797950745,0.22622548043727875,1.4882324796340536
DTSR14,mobilenetv3,gaussian_blur_4,77,5,0.7359333634376526,0.1514882743358612,0.11257833242416382,1.0927369421743012
DTSR14,mobilenetv3,gaussian_blur_4,78,5,0.19121907651424408,0.664699912071228,0.14408104121685028,1.250754015080937
DTSR14,mobilenetv3,gaussian_blur_4,79,5,0.4651597738265991,0.03706398233771324,0.49777618050575256,1.190803729356239
DTSR14,mobilenetv3,gaussian_blur_4,80,5,0.705122709274292,0.15618234872817993,0.13869497179985046,1.169067311613261
DTSR14,mobilenetv3,gaussian_blur_4,81,5,0.5345626473426819,0.22930651903152466,0.23613090813159943,1.4619156491688687
DTSR14,mobilenetv3,gaussian_blur_4,82,5,0.7978469133377075,0.09769874811172485,0.10445436835289001,0.9282036987398782
DTSR14,mobilenetv3,gaussian_blur_4,83,5,0.7861012816429138,0.08013121038675308,0.13376742601394653,0.9529616062153463
DTSR14,mobilenetv3,gaussian_blur_4,84,5,0.24121928215026855,0.7249669432640076,0.033813830465078354,0.9964979534531108
DTSR14,mobilenetv3,gaussian_blur_4,85,5,0.3999537229537964,0.18547330796718597,0.41457298398017883,1.506242741299445
DTSR14,mobilenetv3,gaussian_blur_4,86,5,0.44942358136177063,0.35723456740379333,0.19334189593791962,1.5074518011478664
DTSR14,mobilenetv3,gaussian_blur_4,87,5,0.8779233694076538,0.05059676989912987,0.07147981971502304,0.6547876235600129
DTSR14,mobilenetv3,gaussian_blur_4,88,5,0.4591456651687622,0.20662611722946167,0.3342282474040985,1.5141109427927553
DTSR14,mobilenetv3,gaussian_blur_4,89,5,0.04040180891752243,0.6758162975311279,0.2837817668914795,1.0847474075144683
DTSR14,mobilenetv3,gaussian_blur_4,90,5,0.6254162192344666,0.02368846908211708,0.35089534521102905,1.081549762382905
DTSR14,mobilenetv3,gaussian_blur_4,91,5,0.6782519817352295,0.11517157405614853,0.20657646656036377,1.2090285513256482
DTSR14,mobilenetv3,gaussian_blur_4,92,5,0.6297699213027954,0.32790061831474304,0.042329445481300354,1.1407204334047691
DTSR14,mobilenetv3,gaussian_blur_4,93,5,0.02993272803723812,0.6916971206665039,0.2783701419830322,1.0329310611032316
DTSR14,mobilenetv3,gaussian_blur_4,94,5,0.3693654239177704,0.08699575811624527,0.5436387658119202,1.3152224027318962
DTSR14,mobilenetv3,gaussian_blur_4,95,5,0.29240939021110535,0.11039724200963974,0.5971933007240295,1.3138444514001144
DTSR14,mobilenetv3,gaussian_blur_4,96,5,0.7265830039978027,0.030070368200540543,0.24334658682346344,0.9829940734300221
DTSR14,mobilenetv3,gaussian_blur_4,97,5,0.7054087519645691,0.02610180713236332,0.2684893012046814,1.001780205432476
DTSR14,mobilenetv3,gaussian_blur_4,98,5,0.11960417777299881,0.5596616864204407,0.3207342028617859,1.3612526836016046
DTSR14,mobilenetv3,gaussian_blur_4,99,5,0.6674972772598267,0.2009333223104477,0.1315695196390152,1.2394508654819902
DTSR14,mobilenetv3,gaussian_blur_4,100,5,0.33018988370895386,0.3369345963001251,0.33287546038627625,1.5849126306423067
DTSR14,mobilenetv3,gaussian_blur_4,101,5,0.7803370952606201,0.10373144596815109,0.11593148112297058,0.9787254254935862
DTSR14,mobilenetv3,gaussian_blur_4,102,5,0.7777080535888672,0.015384029597043991,0.20690782368183136,0.8450123784993926
DTSR14,mobilenetv3,gaussian_blur_4,103,5,0.5542668700218201,0.2154252827167511,0.23030786216259003,1.436860699469198
DTSR14,mobilenetv3,gaussian_blur_4,104,5,0.5828220248222351,0.24841603636741638,0.1687619537115097,1.386255697338265
DTSR14,mobilenetv3,gaussian_blur_4,105,5,0.049362000077962875,0.5255727171897888,0.42506536841392517,1.2266389892507275
DTSR14,mobilenetv3,gaussian_blur_4,106,5,0.023532981052994728,0.7478780150413513,0.2285889834165573,0.927453710472864
DTSR14,mobilenetv3,gaussian_blur_4,107,5,0.5131490230560303,0.20279553532600403,0.2840554416179657,1.4765224491291655
DTSR14,mobilenetv3,gaussian_blur_4,108,5,0.03968992456793785,0.7167974710464478,0.24351263046264648,1.025344636032523
DTSR14,mobilenetv3,gaussian_blur_4,109,5,0.692054808139801,0.14844979345798492,0.15949532389640808,1.1984465096821342
DTSR14,mobilenetv3,gaussian_blur_4,110,5,0.82439786195755,0.09046328067779541,0.08513884246349335,0.8458466559327471
DTSR14,mobilenetv3,gaussian_blur_4,111,5,0.3179422616958618,0.2545727491378784,0.42748501896858215,1.5522187385481057
DTSR14,mobilenetv3,gaussian_blur_4,112,5,0.708574116230011,0.03524438291788101,0.2561814785003662,1.0256092550376295
DTSR14,mobilenetv3,gaussian_blur_4,113,5,0.44169414043426514,0.3872148096561432,0.1710910201072693,1.4865187571550476
DTSR14,mobilenetv3,gaussian_blur_4,114,5,0.5860047936439514,0.11859124153852463,0.29540392756462097,1.336283418593605
DTSR14,mobilenetv3,gaussian_blur_4,115,5,0.13057202100753784,0.6243613362312317,0.24506665766239166,1.3049635145228797
DTSR14,mobilenetv3,gaussian_blur_4,116,5,0.6511683464050293,0.15036191046237946,0.19846971333026886,1.2770507644978153
DTSR14,mobilenetv3,gaussian_blur_4,117,5,0.5693480372428894,0.2776789963245392,0.15297292172908783,1.3903048348782021
DTSR14,mobilenetv3,gaussian_blur_4,118,6,0.036456149071455,0.9356820583343506,0.027861865237355232,0.40783964809214107
DTSR14,mobilenetv3,gaussian_blur_4,119,6,0.31612902879714966,0.14933529496192932,0.5345357060432434,1.4179325742366857
DTSR14,mobilenetv3,gaussian_blur_4,120,6,0.03697926178574562,0.051132939755916595,0.9118878841400146,0.5166020331567327
DTSR14,mobilenetv3,gaussian_blur_4,121,6,0.28899723291397095,0.0796971470117569,0.6313056945800781,1.2273259505233667
DTSR14,mobilenetv3,gaussian_blur_4,122,6,0.06905843317508698,0.02584921568632126,0.9050924181938171,0.5328232703007504
DTSR14,mobilenetv3,gaussian_blur_4,123,6,0.05763384699821472,0.9094786643981934,0.03288746997714043,0.5237861952462428
DTSR14,mobilenetv3,gaussian_blur_4,124,7,0.7903855443000793,0.0442255400121212,0.16538894176483154,0.8965645266532756
DTSR14,mobilenetv3,gaussian_blur_4,125,7,0.20559798181056976,0.7528509497642517,0.0415511317551136,0.9682129421196286
DTSR14,mobilenetv3,gaussian_blur_4,126,7,0.39468804001808167,0.5583927631378174,0.046919167041778564,1.2058594363782422
DTSR14,mobilenetv3,gaussian_blur_4,127,7,0.7295956015586853,0.2281723916530609,0.04223199188709259,1.0110725198921289
DTSR14,mobilenetv3,gaussian_blur_4,128,7,0.6446588039398193,0.024442726746201515,0.3308984637260437,1.0671608730238988
DTSR14,mobilenetv3,gaussian_blur_4,129,7,0.6913086771965027,0.2686147391796112,0.0400766097009182,1.0635872571837204
DTSR14,mobilenetv3,gaussian_blur_4,130,7,0.9750343561172485,0.007455413229763508,0.017510298639535904,0.1904396238415037
DTSR14,mobilenetv3,gaussian_blur_4,131,7,0.032694969326257706,0.24574387073516846,0.7215611338615417,0.9986338317258912
DTSR14,mobilenetv3,gaussian_blur_4,132,7,0.41891324520111084,0.02427290752530098,0.5568138957023621,1.1264232500074183
DTSR14,mobilenetv3,gaussian_blur_4,133,7,0.4556436538696289,0.025017380714416504,0.5193389654159546,1.1407315994563714
DTSR14,mobilenetv3,gaussian_blur_4,134,7,0.5907248854637146,0.3621111810207367,0.047163933515548706,1.1871057839331323
DTSR14,mobilenetv3,gaussian_blur_4,135,7,0.3108510673046112,0.6523676514625549,0.03678126633167267,1.1012784631651935
DTSR14,mobilenetv3,gaussian_blur_4,136,8,0.24056600034236908,0.07390806823968887,0.6855259537696838,1.1456555168050855
DTSR14,mobilenetv3,gaussian_blur_4,137,8,0.7358377575874329,0.2164517045021057,0.047710563987493515,1.0129657471012414
DTSR14,mobilenetv3,gaussian_blur_4,138,8,0.04462156444787979,0.5773680210113525,0.37801051139831543,1.1882436302604575
DTSR14,mobilenetv3,gaussian_blur_4,139,8,0.2535226047039032,0.18483804166316986,0.5616393089294434,1.4195748445960228
DTSR14,mobilenetv3,gaussian_blur_4,140,8,0.31544050574302673,0.612180769443512,0.07237880676984787,1.2326673909445123
DTSR14,mobilenetv3,gaussian_blur_4,141,8,0.8714264631271362,0.10554683953523636,0.0230267196893692,0.6406976430147528
DTSR14,mobilenetv3,gaussian_blur_4,142,8,0.6861532330513,0.14635220170021057,0.16749460995197296,1.2103827624526537
DTSR14,mobilenetv3,gaussian_blur_4,143,9,0.9640107750892639,0.010289018042385578,0.025700204074382782,0.2546620154400783
DTSR14,mobilenetv3,gaussian_blur_4,144,9,0.01975860632956028,0.8117744326591492,0.16846702992916107,0.7889522090962358
DTSR14,mobilenetv3,gaussian_blur_4,145,9,0.7164455652236938,0.24492308497428894,0.03863132745027542,1.023095638262907
DTSR14,mobilenetv3,gaussian_blur_4,146,9,0.029920563101768494,0.6490973830223083,0.3209819793701172,1.0824164931080618
DTSR14,mobilenetv3,gaussian_blur_4,147,9,0.03411116823554039,0.5224840044975281,0.4434049427509308,1.175820896759685
DTSR14,mobilenetv3,gaussian_blur_4,148,9,0.040907178074121475,0.46934136748313904,0.4897514581680298,1.2052157057600406
DTSR14,mobilenetv3,gaussian_blur_4,149,9,0.04049576446413994,0.7505802512168884,0.20892398059368134,0.9699671804048886
DTSR14,mobilenetv3,gaussian_blur_4,150,9,0.26099100708961487,0.552418053150177,0.18659092485904694,1.4306766475036212
DTSR14,mobilenetv3,gaussian_blur_4,151,9,0.19245001673698425,0.5662927627563477,0.24125725030899048,1.417018912643349
DTSR14,mobilenetv3,gaussian_blur_4,152,9,0.038149114698171616,0.6400538086891174,0.32179707288742065,1.1181796986906352
DTSR14,mobilenetv3,gaussian_blur_4,153,9,0.6081368923187256,0.0376754105091095,0.3541877269744873,1.1449367632892644
DTSR14,mobilenetv3,gaussian_blur_4,154,9,0.028378160670399666,0.7375789880752563,0.23404289782047272,0.9600871520805756
DTSR14,mobilenetv3,gaussian_blur_4,155,9,0.05217420682311058,0.6276618838310242,0.32016387581825256,1.1701075346560215
DTSR14,mobilenetv3,gaussian_blur_4,156,9,0.2480039745569229,0.2909209728240967,0.4610750377178192,1.5320807820574847
DTSR14,mobilenetv3,gaussian_blur_4,157,9,0.04418450966477394,0.7184540033340454,0.2373613864183426,1.034057530493195
DTSR14,mobilenetv3,gaussian_blur_4,158,9,0.7698585987091064,0.032106783241033554,0.19803458452224731,0.9124189038747836
DTSR14,mobilenetv3,gaussian_blur_4,159,9,0.7303838133811951,0.03942055255174637,0.23019561171531677,1.0027568315559297
DTSR14,mobilenetv3,gaussian_blur_4,160,9,0.14562048017978668,0.5798838138580322,0.27449578046798706,1.3726415136135157
DTSR14,mobilenetv3,gaussian_blur_4,161,9,0.0565837062895298,0.43763449788093567,0.5057817697525024,1.2535938139175153
DTSR14,mobilenetv3,gaussian_blur_4,162,9,0.1148233637213707,0.32267069816589355,0.5625059008598328,1.3520060720057328
DTSR14,mobilenetv3,gaussian_blur_4,163,9,0.08276049047708511,0.6479995250701904,0.26924002170562744,1.2128034993242074
DTSR14,mobilenetv3,gaussian_blur_4,164,9,0.4358423054218292,0.5022858381271362,0.06187189370393753,1.269561914049322
DTSR14,mobilenetv3,gaussian_blur_4,165,10,0.262174129486084,0.20181405544281006,0.536011815071106,1.454562755935933
DTSR14,mobilenetv3,gaussian_blur_4,166,10,0.3547389805316925,0.1063956692814827,0.5388653874397278,1.354987595064472
DTSR14,mobilenetv3,gaussian_blur_4,167,10,0.5780366659164429,0.3864424228668213,0.03552093356847763,1.158205565044037
DTSR14,mobilenetv3,gaussian_blur_4,168,10,0.02996121533215046,0.7999836206436157,0.17005513608455658,0.8438355991155204
DTSR14,mobilenetv3,gaussian_blur_4,169,10,0.3256613612174988,0.20492075383663177,0.46941789984703064,1.507887340320159
DTSR14,mobilenetv3,gaussian_blur_4,170,10,0.4680105745792389,0.49042555689811707,0.04156394675374031,1.2074753046795421
DTSR14,mobilenetv3,gaussian_blur_4,171,10,0.7300153374671936,0.23215574026107788,0.03782883659005165,0.9992591731210223
DTSR14,mobilenetv3,gaussian_blur_4,172,10,0.2841152548789978,0.5406661629676819,0.1752186417579651,1.4357556434403178
DTSR14,mobilenetv3,gaussian_blur_4,173,11,0.8451417088508606,0.1004665270447731,0.0543917752802372,0.766684185260901
DTSR14,mobilenetv3,gaussian_blur_4,174,11,0.8658875226974487,0.10421928018331528,0.029893215745687485,0.6712623705839735
DTSR14,mobilenetv3,gaussian_blur_4,175,11,0.3145013749599457,0.1023796796798706,0.5831188559532166,1.3152305736674403
DTSR14,mobilenetv3,gaussian_blur_4,176,11,0.884141206741333,0.044624242931604385,0.07123463600873947,0.6287494753866993
DTSR14,mobilenetv3,gaussian_blur_4,177,11,0.8878304958343506,0.04077490046620369,0.07139473408460617,0.6124887025673468
DTSR14,mobilenetv3,gaussian_blur_4,178,11,0.7556135654449463,0.024652831256389618,0.2197335660457611,0.9175525600315921
DTSR14,mobilenetv3,gaussian_blur_4,179,12,0.1868569552898407,0.5591491460800171,0.2539939880371094,1.423328324713651
DTSR14,mobilenetv3,gaussian_blur_4,180,12,0.033734165132045746,0.8516411781311035,0.11462465673685074,0.7204616541829495
DTSR14,mobilenetv3,gaussian_blur_4,181,12,0.34277403354644775,0.44852539896965027,0.20870056748390198,1.5200657077127484
DTSR14,mobilenetv3,gaussian_blur_4,182,12,0.3243027925491333,0.6191036701202393,0.05659353733062744,1.1896005567423884
DTSR14,mobilenetv3,gaussian_blur_4,183,12,0.4901796877384186,0.027290767058730125,0.48252949118614197,1.1532835179523757
DTSR14,mobilenetv3,gaussian_blur_4,184,12,0.21866708993911743,0.03523469716310501,0.7460982799530029,0.9649249593035547
DTSR14,mobilenetv3,gaussian_blur_4,185,12,0.23609168827533722,0.19161668419837952,0.5722916722297668,1.409234027333107
DTSR14,mobilenetv3,gaussian_blur_4,186,12,0.24961614608764648,0.03313145786523819,0.7172523736953735,1.0065331246654527
DTSR14,mobilenetv3,gaussian_blur_4,187,12,0.3487655818462372,0.03519283980131149,0.6160414814949036,1.1304917072251555
DTSR14,mobilenetv3,gaussian_blur_4,188,12,0.32816922664642334,0.18113800883293152,0.49069276452064514,1.4779986402221412
DTSR14,mobilenetv3,gaussian_blur_4,189,12,0.27909940481185913,0.4888734221458435,0.23202720284461975,1.5076377893167536
DTSR14,mobilenetv3,gaussian_blur_4,190,12,0.2998232841491699,0.5395674109458923,0.16060930490493774,1.4250671702013529
DTSR14,mobilenetv3,gaussian_blur_4,191,12,0.3284105658531189,0.3576911389827728,0.3138981759548187,1.582822264099109
DTSR14,mobilenetv3,gaussian_blur_4,192,12,0.146473690867424,0.7108584642410278,0.142667755484581,1.1567149792097082
DTSR14,mobilenetv3,gaussian_blur_4,193,12,0.7315112948417664,0.2181466668844223,0.05034193769097328,1.0262133110701193
DTSR14,mobilenetv3,gaussian_blur_4,194,12,0.0460655614733696,0.5659101605415344,0.3880242705345154,1.1993082362057117
DTSR14,mobilenetv3,gaussian_blur_4,195,12,0.19177599251270294,0.030330218374729156,0.7778937816619873,0.8917394153821083
DTSR14,mobilenetv3,gaussian_blur_4,196,13,0.03778921440243721,0.12585996091365814,0.8363507986068726,0.7705501825052734
DTSR14,mobilenetv3,gaussian_blur_4,197,13,0.011291787959635258,0.9814965128898621,0.00721166143193841,0.15080242289033505
DTSR14,mobilenetv3,gaussian_blur_4,198,13,0.02856997773051262,0.9644626379013062,0.006967484951019287,0.24681635991874884
DTSR14,mobilenetv3,gaussian_blur_4,199,13,0.0259818434715271,0.07436704635620117,0.8996511101722717,0.5528989278750615
DTSR14,mobilenetv3,gaussian_blur_8,0,0,0.018681833520531654,0.006085590925067663,0.9752325415611267,0.18735315815731585
DTSR14,mobilenetv3,gaussian_blur_8,1,0,0.0159367173910141,0.9768869280815125,0.007176321931183338,0.1792364878857707
DTSR14,mobilenetv3,gaussian_blur_8,2,0,0.9686644673347473,0.011739860288798809,0.019595690071582794,0.2309455977006052
DTSR14,mobilenetv3,gaussian_blur_8,3,0,0.01976507529616356,0.4048652648925781,0.5753697156906128,1.098851487576785
DTSR14,mobilenetv3,gaussian_blur_8,4,0,0.9763201475143433,0.015534017235040665,0.008145764470100403,0.183619421511989
DTSR14,mobilenetv3,gaussian_blur_8,5,0,0.9725295901298523,0.01552033144980669,0.011950026266276836,0.20867738095520955
DTSR14,mobilenetv3,gaussian_blur_8,6,0,0.011046069674193859,0.006740803364664316,0.982213020324707,0.14585498389337198
DTSR14,mobilenetv3,gaussian_blur_8,7,1,0.052189335227012634,0.5740165114402771,0.3737941384315491,1.21269446343859
DTSR14,mobilenetv3,gaussian_blur_8,8,1,0.02383415400981903,0.01562977023422718,0.9605360627174377,0.27805341615276546
DTSR14,mobilenetv3,gaussian_blur_8,9,1,0.014566788449883461,0.97310870885849,0.012324456125497818,0.20530979516859144
DTSR14,mobilenetv3,gaussian_blur_8,10,1,0.021616512909531593,0.9667739868164062,0.011609524488449097,0.24133864527978988
DTSR14,mobilenetv3,gaussian_blur_8,11,1,0.029961664229631424,0.15682494640350342,0.8132133483886719,0.8133624302366544
DTSR14,mobilenetv3,gaussian_blur_8,12,1,0.037101879715919495,0.2787027359008789,0.6841952800750732,1.0646372975839906
DTSR14,mobilenetv3,gaussian_blur_8,13,1,0.01328644622117281,0.26394036412239075,0.7227731347084045,0.9285810556892644
DTSR14,mobilenetv3,gaussian_blur_8,14,2,0.04256310686469078,0.36763498187065125,0.5898018479347229,1.1738315985586325
DTSR14,mobilenetv3,gaussian_blur_8,15,2,0.030021175742149353,0.3490823805332184,0.6208965182304382,1.108789398042636
DTSR14,mobilenetv3,gaussian_blur_8,16,2,0.4231528639793396,0.020361244678497314,0.5564858913421631,1.109971654790951
DTSR14,mobilenetv3,gaussian_blur_8,17,2,0.6183608770370483,0.035249579697847366,0.3463897109031677,1.1287578086004273
DTSR14,mobilenetv3,gaussian_blur_8,18,2,0.4683194160461426,0.027722381055355072,0.5039581060409546,1.1541729410384773
DTSR14,mobilenetv3,gaussian_blur_8,19,2,0.11322455108165741,0.3917125463485718,0.4950629472732544,1.3876331653206053
DTSR14,mobilenetv3,gaussian_blur_8,20,2,0.436037540435791,0.2922341525554657,0.27172836661338806,1.551587418199836
DTSR14,mobilenetv3,gaussian_blur_8,21,2,0.3295081555843353,0.48853176832199097,0.1819600760936737,1.479944141640508
DTSR14,mobilenetv3,gaussian_blur_8,22,2,0.32716137170791626,0.32077357172966003,0.3520650267601013,1.5837883344811905
DTSR14,mobilenetv3,gaussian_blur_8,23,2,0.36529019474983215,0.3058967888355255,0.32881295680999756,1.5810998499476159
DTSR14,mobilenetv3,gaussian_blur_8,24,2,0.3207925856113434,0.34778764843940735,0.33141976594924927,1.5841641410272622
DTSR14,mobilenetv3,gaussian_blur_8,25,2,0.34053727984428406,0.2543063759803772,0.4051564633846283,1.5596817227207445
DTSR14,mobilenetv3,gaussian_blur_8,26,2,0.3236731290817261,0.6405849456787109,0.03574201092123985,1.1101274184285075
DTSR14,mobilenetv3,gaussian_blur_8,27,2,0.028911059722304344,0.30107545852661133,0.6700135469436646,1.0562956963714032
DTSR14,mobilenetv3,gaussian_blur_8,28,2,0.03244370222091675,0.34782227873802185,0.6197340488433838,1.118187490681318
DTSR14,mobilenetv3,gaussian_blur_8,29,2,0.03326816484332085,0.5848783254623413,0.3818535804748535,1.146270809634968
DTSR14,mobilenetv3,gaussian_blur_8,30,2,0.4857756495475769,0.024023184552788734,0.4902011752128601,1.1394318049203767
DTSR14,mobilenetv3,gaussian_blur_8,31,2,0.028897341340780258,0.5180022120475769,0.4531005322933197,1.1568029941202806
DTSR14,mobilenetv3,gaussian_blur_8,32,2,0.5344101786613464,0.029366735368967056,0.43622300028800964,1.1546623465817212
DTSR14,mobilenetv3,gaussian_blur_8,33,2,0.3987900912761688,0.5714254975318909,0.029784347862005234,1.1412481647547588
DTSR14,mobilenetv3,gaussian_blur_8,34,2,0.5120213031768799,0.026733046397566795,0.461245596408844,1.1490890808090897
DTSR14,mobilenetv3,gaussian_blur_8,35,2,0.33966064453125,0.031017782166600227,0.6293216347694397,1.1050266258474601
DTSR14,mobilenetv3,gaussian_blur_8,36,2,0.02888507954776287,0.36177393794059753,0.6093409657478333,1.1138519104301832
DTSR14,mobilenetv3,gaussian_blur_8,37,2,0.3504238724708557,0.02819717861711979,0.6213788986206055,1.1018469321370767
DTSR14,mobilenetv3,gaussian_blur_8,38,2,0.5243056416511536,0.4503241777420044,0.025370072573423386,1.1411880275670492
DTSR14,mobilenetv3,gaussian_blur_8,39,3,0.14683964848518372,0.008587702177464962,0.8445725440979004,0.6711758612165242
DTSR14,mobilenetv3,gaussian_blur_8,40,3,0.13369809091091156,0.6888389587402344,0.17746300995349884,1.2012152189298746
DTSR14,mobilenetv3,gaussian_blur_8,41,3,0.07221215218305588,0.30079883337020874,0.6269890666007996,1.2173933698492805
DTSR14,mobilenetv3,gaussian_blur_8,42,4,0.027159256860613823,0.3203495740890503,0.6524911522865295,1.0693124844357718
DTSR14,mobilenetv3,gaussian_blur_8,43,4,0.030178556218743324,0.23645763099193573,0.7333638668060303,0.9724317397696043
DTSR14,mobilenetv3,gaussian_blur_8,44,4,0.09471407532691956,0.009978312999010086,0.8953075408935547,0.5312214152480171
DTSR14,mobilenetv3,gaussian_blur_8,45,4,0.03216778114438057,0.003056503366678953,0.9647757411003113,0.23494148755846955
DTSR14,mobilenetv3,gaussian_blur_8,46,4,0.019622407853603363,0.3393874764442444,0.640990138053894,1.0516648275005038
DTSR14,mobilenetv3,gaussian_blur_8,47,4,0.016059469431638718,0.16010741889476776,0.823833167552948,0.749191265908835
DTSR14,mobilenetv3,gaussian_blur_8,48,4,0.025093913078308105,0.1879734843969345,0.786932647228241,0.8587244633451203
DTSR14,mobilenetv3,gaussian_blur_8,49,4,0.9726182222366333,0.02493300847709179,0.0024489169009029865,0.19298711735399074
DTSR14,mobilenetv3,gaussian_blur_8,50,4,0.9785420298576355,0.0020258144941180944,0.01943226158618927,0.15922866122704435
DTSR14,mobilenetv3,gaussian_blur_8,51,4,0.753501296043396,0.21451497077941895,0.03198380768299103,0.9429218214517904
DTSR14,mobilenetv3,gaussian_blur_8,52,5,0.788453996181488,0.19018524885177612,0.021360816434025764,0.8442938174956672
DTSR14,mobilenetv3,gaussian_blur_8,53,5,0.7337267398834229,0.23944129049777985,0.02683187462389469,0.9615940492397077
DTSR14,mobilenetv3,gaussian_blur_8,54,5,0.022761832922697067,0.598434567451477,0.3788035809993744,1.0980040748844482
DTSR14,mobilenetv3,gaussian_blur_8,55,5,0.6594028472900391,0.2910148799419403,0.04958231747150421,1.1292889390462888
DTSR14,mobilenetv3,gaussian_blur_8,56,5,0.02349342219531536,0.6753141283988953,0.30119240283966064,1.0310513479292722
DTSR14,mobilenetv3,gaussian_blur_8,57,5,0.0888579860329628,0.028721921145915985,0.8824201226234436,0.6166724676980501
DTSR14,mobilenetv3,gaussian_blur_8,58,5,0.4171391427516937,0.5577360987663269,0.025124775245785713,1.1295173173895698
DTSR14,mobilenetv3,gaussian_blur_8,59,5,0.09482751041650772,0.5558661222457886,0.34930625557899475,1.3232503991448072
DTSR14,mobilenetv3,gaussian_blur_8,60,5,0.028120171278715134,0.334778368473053,0.6371015310287476,1.0877779908855312
DTSR14,mobilenetv3,gaussian_blur_8,61,5,0.39179450273513794,0.5858893990516663,0.022316163405776024,1.103957575532261
DTSR14,mobilenetv3,gaussian_blur_8,62,5,0.25650709867477417,0.7200353145599365,0.023457664996385574,0.9716966215052282
DTSR14,mobilenetv3,gaussian_blur_8,63,5,0.20085430145263672,0.6288614273071289,0.170284241437912,1.320862432866294
DTSR14,mobilenetv3,gaussian_blur_8,64,5,0.681857705116272,0.027445578947663307,0.2906966507434845,1.0372069518305755
DTSR14,mobilenetv3,gaussian_blur_8,65,5,0.6965163946151733,0.2726985216140747,0.030785011127591133,1.029219185986909
DTSR14,mobilenetv3,gaussian_blur_8,66,5,0.6343346238136292,0.021204860880970955,0.3444606065750122,1.0640839076085378
DTSR14,mobilenetv3,gaussian_blur_8,67,5,0.7571506500244141,0.021895430982112885,0.22095398604869843,0.9058732105835454
DTSR14,mobilenetv3,gaussian_blur_8,68,5,0.7747422456741333,0.2077123522758484,0.017545409500598907,0.8585621092256517
DTSR14,mobilenetv3,gaussian_blur_8,69,5,0.15696711838245392,0.6777536869049072,0.16527915000915527,1.2288991086750494
DTSR14,mobilenetv3,gaussian_blur_8,70,5,0.6539070010185242,0.32530677318573,0.02078615315258503,1.0439382922984604
DTSR14,mobilenetv3,gaussian_blur_8,71,5,0.0259900763630867,0.6755982041358948,0.29841163754463196,1.0397053789893635
DTSR14,mobilenetv3,gaussian_blur_8,72,5,0.7922149300575256,0.029394105076789856,0.17839092016220093,0.8594176248483523
DTSR14,mobilenetv3,gaussian_blur_8,73,5,0.031692586839199066,0.45018139481544495,0.5181260704994202,1.1676758404997964
DTSR14,mobilenetv3,gaussian_blur_8,74,5,0.6205743551254272,0.34875407814979553,0.03067152202129364,1.1113484747904558
DTSR14,mobilenetv3,gaussian_blur_8,75,5,0.5657479166984558,0.39984631538391113,0.03440578654408455,1.1609572868225981
DTSR14,mobilenetv3,gaussian_blur_8,76,5,0.03329719230532646,0.6280843615531921,0.3386184275150299,1.1138759914979661
DTSR14,mobilenetv3,gaussian_blur_8,77,5,0.0354672372341156,0.6197860836982727,0.3447466194629669,1.128274758536192
DTSR14,mobilenetv3,gaussian_blur_8,78,5,0.02856450155377388,0.7726060748100281,0.19882947206497192,0.8974371071835483
DTSR14,mobilenetv3,gaussian_blur_8,79,5,0.017664827406406403,0.9705566763877869,0.011778288520872593,0.2201798350962946
DTSR14,mobilenetv3,gaussian_blur_8,80,5,0.020383041352033615,0.28219038248062134,0.697426438331604,0.9921346011315786
DTSR14,mobilenetv3,gaussian_blur_8,81,5,0.5650956034660339,0.024448130279779434,0.4104562997817993,1.1235299588347498
DTSR14,mobilenetv3,gaussian_blur_8,82,5,0.5598767399787903,0.4051962196826935,0.034927040338516235,1.1656404570806453
DTSR14,mobilenetv3,gaussian_blur_8,83,5,0.7724824547767639,0.20359311997890472,0.023924339562654495,0.8840325586415387
DTSR14,mobilenetv3,gaussian_blur_8,84,5,0.9759109616279602,0.015723712742328644,0.008365368470549583,0.18626299735583524
DTSR14,mobilenetv3,gaussian_blur_8,85,5,0.02920345775783062,0.37139660120010376,0.5993998646736145,1.1221870610146385
DTSR14,mobilenetv3,gaussian_blur_8,86,5,0.6912659406661987,0.29332876205444336,0.015405271202325821,0.9799936448921516
DTSR14,mobilenetv3,gaussian_blur_8,87,5,0.02387128956615925,0.9568963646888733,0.019232407212257385,0.29908874151619425
DTSR14,mobilenetv3,gaussian_blur_8,88,5,0.7029213905334473,0.029681004583835602,0.26739761233329773,1.016933856140171
DTSR14,mobilenetv3,gaussian_blur_8,89,5,0.02571447566151619,0.3097681701183319,0.6645172834396362,1.0513559773607768
DTSR14,mobilenetv3,gaussian_blur_8,90,5,0.012461965903639793,0.9764140844345093,0.011123881675302982,0.18465733444930033
DTSR14,mobilenetv3,gaussian_blur_8,91,5,0.7421684861183167,0.22503182291984558,0.032799579203128815,0.9651980473055456
DTSR14,mobilenetv3,gaussian_blur_8,92,5,0.5906967520713806,0.3840081989765167,0.025295136496424675,1.113066024201417
DTSR14,mobilenetv3,gaussian_blur_8,93,5,0.010605494491755962,0.6511043906211853,0.33829009532928467,1.001594170423246
DTSR14,mobilenetv3,gaussian_blur_8,94,5,0.02448483183979988,0.6129323840141296,0.3625827133655548,1.0945775273954372
DTSR14,mobilenetv3,gaussian_blur_8,95,5,0.26731255650520325,0.126024067401886,0.6066634058952332,1.322815214202961
DTSR14,mobilenetv3,gaussian_blur_8,96,5,0.7733954191207886,0.204146146774292,0.02245846390724182,0.8776800424012517
DTSR14,mobilenetv3,gaussian_blur_8,97,5,0.8528112173080444,0.12101763486862183,0.026171071454882622,0.7021499431135241
DTSR14,mobilenetv3,gaussian_blur_8,98,5,0.30625301599502563,0.021585969254374504,0.6721610426902771,1.0275177423867843
DTSR14,mobilenetv3,gaussian_blur_8,99,5,0.04082654044032097,0.5811828374862671,0.3779905438423157,1.173956035832846
DTSR14,mobilenetv3,gaussian_blur_8,100,5,0.29559028148651123,0.6689360737800598,0.035473670810461044,1.0786484275568025
DTSR14,mobilenetv3,gaussian_blur_8,101,5,0.05418902263045311,0.7614533305168152,0.18435758352279663,0.9770194878426632
DTSR14,mobilenetv3,gaussian_blur_8,102,5,0.16642151772975922,0.016634183004498482,0.8169443011283875,0.7671447061898407
DTSR14,mobilenetv3,gaussian_blur_8,103,5,0.6352922320365906,0.07339107245206833,0.29131659865379333,1.2107110040369422
DTSR14,mobilenetv3,gaussian_blur_8,104,5,0.3307124078273773,0.6456184387207031,0.023669151589274406,1.0633108094475534
DTSR14,mobilenetv3,gaussian_blur_8,105,5,0.032029420137405396,0.5549077391624451,0.4130629599094391,1.157392095885938
DTSR14,mobilenetv3,gaussian_blur_8,106,5,0.012414312921464443,0.023909542709589005,0.9636759757995605,0.25882961459387355
DTSR14,mobilenetv3,gaussian_blur_8,107,5,0.03553776815533638,0.6437331438064575,0.3207290470600128,1.1063462248091773
DTSR14,mobilenetv3,gaussian_blur_8,108,5,0.018102990463376045,0.2727600336074829,0.7091370820999146,0.9676416553417024
DTSR14,mobilenetv3,gaussian_blur_8,109,5,0.7051298022270203,0.24943611025810242,0.04543394595384598,1.0577371439745886
DTSR14,mobilenetv3,gaussian_blur_8,110,5,0.41302287578582764,0.5485789179801941,0.038398195058107376,1.1826705572357494
DTSR14,mobilenetv3,gaussian_blur_8,111,5,0.04129043221473694,0.6392995715141296,0.3194100260734558,1.12839687984957
DTSR14,mobilenetv3,gaussian_blur_8,112,5,0.9705462455749512,0.016150178387761116,0.013303750194609165,0.22090106126088777
DTSR14,mobilenetv3,gaussian_blur_8,113,5,0.020028498023748398,0.6226280331611633,0.357343465089798,1.069116989760687
DTSR14,mobilenetv3,gaussian_blur_8,114,5,0.7724846601486206,0.2006962150335312,0.02681911736726761,0.892697874320825
DTSR14,mobilenetv3,gaussian_blur_8,115,5,0.04562601447105408,0.617009162902832,0.3373647630214691,1.1619084827882808
DTSR14,mobilenetv3,gaussian_blur_8,116,5,0.012451601214706898,0.9713704586029053,0.016177948564291,0.21575055041823793
DTSR14,mobilenetv3,gaussian_blur_8,117,5,0.7532293200492859,0.01949598640203476,0.2272745668888092,0.9044973803314673
DTSR14,mobilenetv3,gaussian_blur_8,118,6,0.022215405479073524,0.11538917571306229,0.8623952865600586,0.6656885943895904
DTSR14,mobilenetv3,gaussian_blur_8,119,6,0.5357561707496643,0.43358391523361206,0.030660007148981094,1.1592481227735525
DTSR14,mobilenetv3,gaussian_blur_8,120,6,0.03750822693109512,0.15965385735034943,0.8028378486633301,0.8546186033683484
DTSR14,mobilenetv3,gaussian_blur_8,121,6,0.04584098979830742,0.6835790276527405,0.2705800235271454,1.089306200089427
DTSR14,mobilenetv3,gaussian_blur_8,122,6,0.16130989789962769,0.8288711905479431,0.00981892365962267,0.7145189445228048
DTSR14,mobilenetv3,gaussian_blur_8,123,6,0.7670331597328186,0.20395396649837494,0.02901289612054825,0.9094765401584963
DTSR14,mobilenetv3,gaussian_blur_8,124,7,0.00957934558391571,0.017354074865579605,0.9730666279792786,0.20406311854469156
DTSR14,mobilenetv3,gaussian_blur_8,125,7,0.005733045749366283,0.9784929752349854,0.015773946419358253,0.1678107556178991
DTSR14,mobilenetv3,gaussian_blur_8,126,7,0.974981427192688,0.012327889911830425,0.012690708972513676,0.19377402306148928
DTSR14,mobilenetv3,gaussian_blur_8,127,7,0.007519538979977369,0.9670383930206299,0.025442074984312057,0.2345699880818999
DTSR14,mobilenetv3,gaussian_blur_8,128,7,0.006503665819764137,0.9783167243003845,0.015179673209786415,0.1698981539784739
DTSR14,mobilenetv3,gaussian_blur_8,129,7,0.9846141338348389,0.003263154299929738,0.012122731655836105,0.12615259754041974
DTSR14,mobilenetv3,gaussian_blur_8,130,7,0.9817232489585876,0.004805085249245167,0.01347156148403883,0.1468416949314542
DTSR14,mobilenetv3,gaussian_blur_8,131,7,0.013703523203730583,0.9706465601921082,0.015649737790226936,0.22039819404633718
DTSR14,mobilenetv3,gaussian_blur_8,132,7,0.016237663105130196,0.9763930439949036,0.00736934645101428,0.1823837669917678
DTSR14,mobilenetv3,gaussian_blur_8,133,7,0.01628621481359005,0.0050695533864200115,0.9786443114280701,0.16587184905795524
DTSR14,mobilenetv3,gaussian_blur_8,134,7,0.013533208519220352,0.970833420753479,0.015633367002010345,0.21925229787617842
DTSR14,mobilenetv3,gaussian_blur_8,135,7,0.009782739914953709,0.9832711219787598,0.006946123205125332,0.13903752930377428
DTSR14,mobilenetv3,gaussian_blur_8,136,8,0.7727974057197571,0.014683663845062256,0.2125188559293747,0.8516123601108054
DTSR14,mobilenetv3,gaussian_blur_8,137,8,0.9076350927352905,0.071550153195858,0.020814793184399605,0.5154195248362139
DTSR14,mobilenetv3,gaussian_blur_8,138,8,0.02504171058535576,0.7568889856338501,0.21806932985782623,0.9164921842756342
DTSR14,mobilenetv3,gaussian_blur_8,139,8,0.013977490365505219,0.6552355289459229,0.3307868540287018,1.0136939203183182
DTSR14,mobilenetv3,gaussian_blur_8,140,8,0.028386393561959267,0.5545312762260437,0.4170822203159332,1.143774441097844
DTSR14,mobilenetv3,gaussian_blur_8,141,8,0.11155620217323303,0.8709843754768372,0.017459476366639137,0.6285129351814385
DTSR14,mobilenetv3,gaussian_blur_8,142,8,0.7361842393875122,0.020509066060185432,0.24330656230449677,0.9364370040453204
DTSR14,mobilenetv3,gaussian_blur_8,143,9,0.9657062888145447,0.008901333436369896,0.025392407551407814,0.24381698322312534
DTSR14,mobilenetv3,gaussian_blur_8,144,9,0.006027494091540575,0.9826366305351257,0.011335926130414009,0.1425430383183095
DTSR14,mobilenetv3,gaussian_blur_8,145,9,0.11726196110248566,0.8610196709632874,0.021718310192227364,0.6684675858062381
DTSR14,mobilenetv3,gaussian_blur_8,146,9,0.020720917731523514,0.010882409289479256,0.968396782875061,0.23172659222895936
DTSR14,mobilenetv3,gaussian_blur_8,147,9,0.018550606444478035,0.5467691421508789,0.434680312871933,1.1054183714793973
DTSR14,mobilenetv3,gaussian_blur_8,148,9,0.020873695611953735,0.36350196599960327,0.6156243681907654,1.0780824542468292
DTSR14,mobilenetv3,gaussian_blur_8,149,9,0.027879886329174042,0.7418668866157532,0.23025324940681458,0.951400752767251
DTSR14,mobilenetv3,gaussian_blur_8,150,9,0.011553680524230003,0.012072823010385036,0.9763734936714172,0.1849628721854807
DTSR14,mobilenetv3,gaussian_blur_8,151,9,0.018378084525465965,0.6799418926239014,0.3016798794269562,1.0059417981149132
DTSR14,mobilenetv3,gaussian_blur_8,152,9,0.020960018038749695,0.356729656457901,0.6223104000091553,1.0732123096416801
DTSR14,mobilenetv3,gaussian_blur_8,153,9,0.2417413741350174,0.025974571704864502,0.7322840690612793,0.9611799353245281
DTSR14,mobilenetv3,gaussian_blur_8,154,9,0.018291596323251724,0.7084753513336182,0.27323293685913086,0.969289233815074
DTSR14,mobilenetv3,gaussian_blur_8,155,9,0.03818533942103386,0.6498642563819885,0.31195053458213806,1.1082313060609925
DTSR14,mobilenetv3,gaussian_blur_8,156,9,0.32619503140449524,0.6499488949775696,0.023856259882450104,1.0597767351287355
DTSR14,mobilenetv3,gaussian_blur_8,157,9,0.02909901924431324,0.759631872177124,0.21126894652843475,0.9236238936194989
DTSR14,mobilenetv3,gaussian_blur_8,158,9,0.01718207262456417,0.58070969581604,0.40210825204849243,1.0845871501626425
DTSR14,mobilenetv3,gaussian_blur_8,159,9,0.7024703025817871,0.0204142015427351,0.27711549401283264,0.9855762121117406
DTSR14,mobilenetv3,gaussian_blur_8,160,9,0.7529595494270325,0.22709283232688904,0.019947731867432594,0.9065569672819915
DTSR14,mobilenetv3,gaussian_blur_8,161,9,0.028288384899497032,0.1699560582637787,0.8017554879188538,0.8356155363181874
DTSR14,mobilenetv3,gaussian_blur_8,162,9,0.03251875564455986,0.8577973246574402,0.10968394577503204,0.7002853379695253
DTSR14,mobilenetv3,gaussian_blur_8,163,9,0.08405023068189621,0.8373614549636841,0.07858825474977493,0.8030906246270888
DTSR14,mobilenetv3,gaussian_blur_8,164,9,0.11330963671207428,0.8621249794960022,0.024565450847148895,0.671858659404323
DTSR14,mobilenetv3,gaussian_blur_8,165,10,0.5616592764854431,0.42267221212387085,0.015668636187911034,1.0865033777498743
DTSR14,mobilenetv3,gaussian_blur_8,166,10,0.620475172996521,0.3566253185272217,0.022899525240063667,1.0824869161240895
DTSR14,mobilenetv3,gaussian_blur_8,167,10,0.01480431854724884,0.9768568277359009,0.0083389263600111,0.18056548939454456
DTSR14,mobilenetv3,gaussian_blur_8,168,10,0.675738513469696,0.3033963143825531,0.020865263417363167,1.0206522684060684
DTSR14,mobilenetv3,gaussian_blur_8,169,10,0.03133001923561096,0.46227627992630005,0.5063936710357666,1.1682386854400095
DTSR14,mobilenetv3,gaussian_blur_8,170,10,0.461546391248703,0.5265920162200928,0.011861472390592098,1.0779429219698589
DTSR14,mobilenetv3,gaussian_blur_8,171,10,0.4889722466468811,0.037750132381916046,0.47327759861946106,1.1939449917851492
DTSR14,mobilenetv3,gaussian_blur_8,172,10,0.6000674366950989,0.3757935166358948,0.024139024317264557,1.1024342948994708
DTSR14,mobilenetv3,gaussian_blur_8,173,11,0.6554726958274841,0.32176196575164795,0.022765209898352623,1.050051798753495
DTSR14,mobilenetv3,gaussian_blur_8,174,11,0.8345479369163513,0.021784767508506775,0.14366723597049713,0.740177700760329
DTSR14,mobilenetv3,gaussian_blur_8,175,11,0.0205155648291111,0.6560060381889343,0.3234784007072449,1.040735451405915
DTSR14,mobilenetv3,gaussian_blur_8,176,11,0.7122433185577393,0.25531435012817383,0.03244232386350632,1.0120241969435868
DTSR14,mobilenetv3,gaussian_blur_8,177,11,0.7214998006820679,0.029378337785601616,0.2491217702627182,0.9887929388322001
DTSR14,mobilenetv3,gaussian_blur_8,178,11,0.6215315461158752,0.023236943408846855,0.3552314043045044,1.0829705811452284
DTSR14,mobilenetv3,gaussian_blur_8,179,12,0.4013344943523407,0.5727648735046387,0.025900643318891525,1.1256201603943758
DTSR14,mobilenetv3,gaussian_blur_8,180,12,0.0212868619710207,0.8327758312225342,0.14593742787837982,0.7432844440686738
DTSR14,mobilenetv3,gaussian_blur_8,181,12,0.0072515374049544334,0.9824732542037964,0.010275281965732574,0.14446816430943676
DTSR14,mobilenetv3,gaussian_blur_8,182,12,0.9683869481086731,0.012241286225616932,0.019371768459677696,0.2328606960322778
DTSR14,mobilenetv3,gaussian_blur_8,183,12,0.8456798791885376,0.13966971635818481,0.014650367200374603,0.6904120402766298
DTSR14,mobilenetv3,gaussian_blur_8,184,12,0.021265428513288498,0.7800653576850891,0.19866912066936493,0.86086905777922
DTSR14,mobilenetv3,gaussian_blur_8,185,12,0.23026509582996368,0.26134350895881653,0.5083913803100586,1.48998724333924
DTSR14,mobilenetv3,gaussian_blur_8,186,12,0.017600368708372116,0.0039443024434149265,0.9784554243087769,0.16482373004832496
DTSR14,mobilenetv3,gaussian_blur_8,187,12,0.023634061217308044,0.9596255421638489,0.01674039661884308,0.2835276620019358
DTSR14,mobilenetv3,gaussian_blur_8,188,12,0.01884833723306656,0.835115373134613,0.14603640139102936,0.7304191349406991
DTSR14,mobilenetv3,gaussian_blur_8,189,12,0.023829326033592224,0.7995096445083618,0.17666104435920715,0.8283779572764527
DTSR14,mobilenetv3,gaussian_blur_8,190,12,0.020645665004849434,0.7325280904769897,0.2468261569738388,0.942714110319399
DTSR14,mobilenetv3,gaussian_blur_8,191,12,0.021306850016117096,0.6201292872428894,0.3585638999938965,1.0763651060160184
DTSR14,mobilenetv3,gaussian_blur_8,192,12,0.16229350864887238,0.8036374449729919,0.03406917676329613,0.8453026679239972
DTSR14,mobilenetv3,gaussian_blur_8,193,12,0.7859044671058655,0.18383339047431946,0.030262073501944542,0.8750751749716472
DTSR14,mobilenetv3,gaussian_blur_8,194,12,0.0052322340197861195,0.0386236235499382,0.9561440944671631,0.28282792752986846
DTSR14,mobilenetv3,gaussian_blur_8,195,12,0.016525160521268845,0.9746814966201782,0.008793308399617672,0.19392890587066153
DTSR14,mobilenetv3,gaussian_blur_8,196,13,0.03194738179445267,0.00591294514015317,0.9621397852897644,0.2560603273744917
DTSR14,mobilenetv3,gaussian_blur_8,197,13,0.009324196726083755,0.9841737747192383,0.00650207931175828,0.1327775805041477
DTSR14,mobilenetv3,gaussian_blur_8,198,13,0.030656244605779648,0.9653819799423218,0.003961669746786356,0.23481097909230136
DTSR14,mobilenetv3,gaussian_blur_8,199,13,0.026206307113170624,0.005348064471036196,0.9684455990791321,0.22284445405198985
DTSR14,mobilenetv3,gaussian_blur_12,0,0,0.01716163009405136,0.004202359355986118,0.9786360859870911,0.16431327645556315
DTSR14,mobilenetv3,gaussian_blur_12,1,0,0.014204797334969044,0.9795696139335632,0.006225536577403545,0.1619713728266023
DTSR14,mobilenetv3,gaussian_blur_12,2,0,0.9751633405685425,0.008278103545308113,0.016558459028601646,0.19060288294739597
DTSR14,mobilenetv3,gaussian_blur_12,3,0,0.02207629755139351,0.5268560647964478,0.4510675072669983,1.1266273821251191
DTSR14,mobilenetv3,gaussian_blur_12,4,0,0.9777670502662659,0.014560137875378132,0.007672707550227642,0.17446833000415274
DTSR14,mobilenetv3,gaussian_blur_12,5,0,0.9776036739349365,0.012291479855775833,0.010104985907673836,0.17693466669888175
DTSR14,mobilenetv3,gaussian_blur_12,6,0,0.010809533298015594,0.007359637413173914,0.9818310141563416,0.1487274840665748
DTSR14,mobilenetv3,gaussian_blur_12,7,1,0.01303607877343893,0.03280763700604439,0.9541563391685486,0.3079580534587649
DTSR14,mobilenetv3,gaussian_blur_12,8,1,0.029059719294309616,0.1851225644350052,0.7858178019523621,0.8720861186671204
DTSR14,mobilenetv3,gaussian_blur_12,9,1,0.023241078481078148,0.4535275101661682,0.5232314467430115,1.1324383041393793
DTSR14,mobilenetv3,gaussian_blur_12,10,1,0.026928704231977463,0.37540438771247864,0.5976668000221252,1.1148723594770305
DTSR14,mobilenetv3,gaussian_blur_12,11,1,0.0234718918800354,0.5752238631248474,0.4013042449951172,1.1145784107823768
DTSR14,mobilenetv3,gaussian_blur_12,12,1,0.027248084545135498,0.6173123717308044,0.35543954372406006,1.1016629202450314
DTSR14,mobilenetv3,gaussian_blur_12,13,1,0.01239724736660719,0.5011203289031982,0.4864824414253235,1.0837425013586541
DTSR14,mobilenetv3,gaussian_blur_12,14,2,0.022668881341814995,0.2003372460603714,0.7769938111305237,0.8713701943443425
DTSR14,mobilenetv3,gaussian_blur_12,15,2,0.015707122161984444,0.24142102897167206,0.742871880531311,0.9076823916688979
DTSR14,mobilenetv3,gaussian_blur_12,16,2,0.3138847351074219,0.03018442541360855,0.6559308171272278,1.0762099915353895
DTSR14,mobilenetv3,gaussian_blur_12,17,2,0.40982499718666077,0.02398955449461937,0.5661854147911072,1.1211526516736665
DTSR14,mobilenetv3,gaussian_blur_12,18,2,0.5154193639755249,0.028371773660182953,0.45620888471603394,1.1551832874230614
DTSR14,mobilenetv3,gaussian_blur_12,19,2,0.02516840770840645,0.29574069380760193,0.6790908575057983,1.03264549655668
DTSR14,mobilenetv3,gaussian_blur_12,20,2,0.4038741886615753,0.060794297605752945,0.5353314280509949,1.2564794807245832
DTSR14,mobilenetv3,gaussian_blur_12,21,2,0.4959273040294647,0.2523837089538574,0.2516889274120331,1.5040241162435444
DTSR14,mobilenetv3,gaussian_blur_12,22,2,0.3840468227863312,0.24757474660873413,0.3683784008026123,1.559601392462771
DTSR14,mobilenetv3,gaussian_blur_12,23,2,0.44246357679367065,0.25045061111450195,0.3070858120918274,1.5438061899783988
DTSR14,mobilenetv3,gaussian_blur_12,24,2,0.21682868897914886,0.47607406973838806,0.30709728598594666,1.510998560582086
DTSR14,mobilenetv3,gaussian_blur_12,25,2,0.019565943628549576,0.3122701942920685,0.6681637167930603,1.0240784434129633
DTSR14,mobilenetv3,gaussian_blur_12,26,2,0.6145946383476257,0.34534987807273865,0.04005530849099159,1.147278255059275
DTSR14,mobilenetv3,gaussian_blur_12,27,2,0.03496190160512924,0.24428461492061615,0.7207533121109009,1.0063680547131666
DTSR14,mobilenetv3,gaussian_blur_12,28,2,0.021643010899424553,0.9665204882621765,0.011836465448141098,0.24292853126040284
DTSR14,mobilenetv3,gaussian_blur_12,29,2,0.041149042546749115,0.6323151588439941,0.3265356421470642,1.1348020237257823
DTSR14,mobilenetv3,gaussian_blur_12,30,2,0.040404997766017914,0.7958353161811829,0.16375970840454102,0.8767119956959399
DTSR14,mobilenetv3,gaussian_blur_12,31,2,0.02792050503194332,0.3691886067390442,0.6028909087181091,1.1150040980363896
DTSR14,mobilenetv3,gaussian_blur_12,32,2,0.38438090682029724,0.03336870297789574,0.5822504758834839,1.1482204349067495
DTSR14,mobilenetv3,gaussian_blur_12,33,2,0.34505656361579895,0.6349406242370605,0.020002780482172966,1.058664133883384
DTSR14,mobilenetv3,gaussian_blur_12,34,2,0.9761247634887695,0.011612406931817532,0.012262885458767414,0.18654090312444827
DTSR14,mobilenetv3,gaussian_blur_12,35,2,0.01195542886853218,0.9727989435195923,0.015245601534843445,0.2070680773454681
DTSR14,mobilenetv3,gaussian_blur_12,36,2,0.01237020455300808,0.9798784852027893,0.007751299999654293,0.16147203141009808
DTSR14,mobilenetv3,gaussian_blur_12,37,2,0.009590286761522293,0.976357638835907,0.014052105136215687,0.18446121981155683
DTSR14,mobilenetv3,gaussian_blur_12,38,2,0.9792677164077759,0.012228094041347504,0.008504104800522327,0.16577918810381925
DTSR14,mobilenetv3,gaussian_blur_12,39,3,0.039127495139837265,0.18787840008735657,0.7729941606521606,0.9232789222082043
DTSR14,mobilenetv3,gaussian_blur_12,40,3,0.14616641402244568,0.5664533972740173,0.287380188703537,1.386974732670537
DTSR14,mobilenetv3,gaussian_blur_12,41,3,0.04757263511419296,0.32514527440071106,0.6272820830345154,1.158074691868719
DTSR14,mobilenetv3,gaussian_blur_12,42,4,0.031093711033463478,0.34614238142967224,0.6227639317512512,1.110984936953941
DTSR14,mobilenetv3,gaussian_blur_12,43,4,0.03341201692819595,0.29420769214630127,0.6723802089691162,1.068178493983455
DTSR14,mobilenetv3,gaussian_blur_12,44,4,0.12787774205207825,0.018518932163715363,0.8536033630371094,0.6809386688666332
DTSR14,mobilenetv3,gaussian_blur_12,45,4,0.030986806377768517,0.9655006527900696,0.003512535011395812,0.23285422038147818
DTSR14,mobilenetv3,gaussian_blur_12,46,4,0.016940690577030182,0.003067956306040287,0.9799913763999939,0.15385673193824292
DTSR14,mobilenetv3,gaussian_blur_12,47,4,0.01629604399204254,0.8050626516342163,0.17864122986793518,0.7925319511989182
DTSR14,mobilenetv3,gaussian_blur_12,48,4,0.013772981241345406,0.21703295409679413,0.7691941261291504,0.8546902624943822
DTSR14,mobilenetv3,gaussian_blur_12,49,4,0.9713395833969116,0.026941394433379173,0.0017189215868711472,0.19701018525396752
DTSR14,mobilenetv3,gaussian_blur_12,50,4,0.9810829162597656,0.00190507504157722,0.017011983320116997,0.1442305170511603
DTSR14,mobilenetv3,gaussian_blur_12,51,4,0.09889712929725647,0.8634669780731201,0.03763600066304207,0.6910665689618806
DTSR14,mobilenetv3,gaussian_blur_12,52,5,0.7583439946174622,0.22068548202514648,0.02097044512629509,0.9006375960301337
DTSR14,mobilenetv3,gaussian_blur_12,53,5,0.7288622856140137,0.25448742508888245,0.01665034145116806,0.9333850458428467
DTSR14,mobilenetv3,gaussian_blur_12,54,5,0.008099082857370377,0.9741575121879578,0.017743339762091637,0.19627496950050588
DTSR14,mobilenetv3,gaussian_blur_12,55,5,0.45128825306892395,0.5242655873298645,0.024446221068501472,1.1373369954393788
DTSR14,mobilenetv3,gaussian_blur_12,56,5,0.012082662433385849,0.22059059143066406,0.767326831817627,0.851173545573721
DTSR14,mobilenetv3,gaussian_blur_12,57,5,0.019448837265372276,0.03543049842119217,0.9451206922531128,0.35824606591486086
DTSR14,mobilenetv3,gaussian_blur_12,58,5,0.46455296874046326,0.5158884525299072,0.019558656960725784,1.1174568451677929
DTSR14,mobilenetv3,gaussian_blur_12,59,5,0.010868601500988007,0.15971308946609497,0.8294182419776917,0.7173758585471691
DTSR14,mobilenetv3,gaussian_blur_12,60,5,0.013399876654148102,0.01861738972365856,0.9679827094078064,0.23581080179406486
DTSR14,mobilenetv3,gaussian_blur_12,61,5,0.4444703161716461,0.5337175726890564,0.02181212231516838,1.123803647671079
DTSR14,mobilenetv3,gaussian_blur_12,62,5,0.35482966899871826,0.6297988891601562,0.01537144836038351,1.043090497237053
DTSR14,mobilenetv3,gaussian_blur_12,63,5,0.2090885490179062,0.623596727848053,0.1673147827386856,1.3285142990234489
DTSR14,mobilenetv3,gaussian_blur_12,64,5,0.976244330406189,0.016637761145830154,0.0071178642101585865,0.18296215225973597
DTSR14,mobilenetv3,gaussian_blur_12,65,5,0.01834503933787346,0.9637296199798584,0.017925381660461426,0.26118965514497544
DTSR14,mobilenetv3,gaussian_blur_12,66,5,0.014380127191543579,0.971879243850708,0.013740726746618748,0.2129890206384488
DTSR14,mobilenetv3,gaussian_blur_12,67,5,0.16924339532852173,0.8197512626647949,0.011005224660038948,0.7403950732506775
DTSR14,mobilenetv3,gaussian_blur_12,68,5,0.7584261894226074,0.22187866270542145,0.01969526708126068,0.8960997696361881
DTSR14,mobilenetv3,gaussian_blur_12,69,5,0.2801024913787842,0.7011361718177795,0.018761351704597473,0.981022929285639
DTSR14,mobilenetv3,gaussian_blur_12,70,5,0.016541006043553352,0.9654665589332581,0.017992526292800903,0.2511304551355103
DTSR14,mobilenetv3,gaussian_blur_12,71,5,0.008219332434237003,0.29498282074928284,0.6967979669570923,0.9396483485459031
DTSR14,mobilenetv3,gaussian_blur_12,72,5,0.35992416739463806,0.018647896125912666,0.6214280724525452,1.064253505952166
DTSR14,mobilenetv3,gaussian_blur_12,73,5,0.006237047258764505,0.018520019948482513,0.9752428531646729,0.18753543709569814
DTSR14,mobilenetv3,gaussian_blur_12,74,5,0.6110373139381409,0.36720216274261475,0.02176050841808319,1.0851460280590397
DTSR14,mobilenetv3,gaussian_blur_12,75,5,0.6601184010505676,0.30141398310661316,0.038467664271593094,1.0978521987711292
DTSR14,mobilenetv3,gaussian_blur_12,76,5,0.024259395897388458,0.3348628580570221,0.6408777236938477,1.0700585472687965
DTSR14,mobilenetv3,gaussian_blur_12,77,5,0.023521404713392258,0.010551238432526588,0.9659273028373718,0.24484146018330646
DTSR14,mobilenetv3,gaussian_blur_12,78,5,0.017575236037373543,0.012735637836158276,0.9696892499923706,0.2256995487641527
DTSR14,mobilenetv3,gaussian_blur_12,79,5,0.019879432395100594,0.010186654515564442,0.9699339866638184,0.22249442890311716
DTSR14,mobilenetv3,gaussian_blur_12,80,5,0.0173892043530941,0.9533437490463257,0.029267068952322006,0.31647034085788994
DTSR14,mobilenetv3,gaussian_blur_12,81,5,0.4959681034088135,0.4771270453929901,0.02690473198890686,1.1514555169776697
DTSR14,mobilenetv3,gaussian_blur_12,82,5,0.9605957865715027,0.016668900847434998,0.022735433652997017,0.27828228524699766
DTSR14,mobilenetv3,gaussian_blur_12,83,5,0.9669275283813477,0.014572680927813053,0.01849977858364582,0.2423087465243301
DTSR14,mobilenetv3,gaussian_blur_12,84,5,0.014256354421377182,0.9729481935501099,0.01279545109719038,0.2063790206653353
DTSR14,mobilenetv3,gaussian_blur_12,85,5,0.030612604692578316,0.41184574365615845,0.5575416684150696,1.1509863657660586
DTSR14,mobilenetv3,gaussian_blur_12,86,5,0.6227803230285645,0.3630659878253937,0.014153656549751759,1.043120068200057
DTSR14,mobilenetv3,gaussian_blur_12,87,5,0.01434196624904871,0.971588671207428,0.01406940445303917,0.2147707786204281
DTSR14,mobilenetv3,gaussian_blur_12,88,5,0.05995320528745651,0.7300257682800293,0.21002116799354553,1.047669101537065
DTSR14,mobilenetv3,gaussian_blur_12,89,5,0.017566880211234093,0.23885898292064667,0.7435742616653442,0.9137017419769591
DTSR14,mobilenetv3,gaussian_blur_12,90,5,0.011538384482264519,0.9780313372612,0.010430357418954372,0.17428458180561074
DTSR14,mobilenetv3,gaussian_blur_12,91,5,0.9654220342636108,0.017233900725841522,0.017344007268548012,0.2514318199493835
DTSR14,mobilenetv3,gaussian_blur_12,92,5,0.9760078191757202,0.009598013013601303,0.0143940644338727,0.18659901786723454
DTSR14,mobilenetv3,gaussian_blur_12,93,5,0.011415882036089897,0.5484796762466431,0.44010454416275024,1.0700365100148734
DTSR14,mobilenetv3,gaussian_blur_12,94,5,0.43913599848747253,0.00895633827894926,0.5519076585769653,1.0555590568563846
DTSR14,mobilenetv3,gaussian_blur_12,95,5,0.353412926197052,0.6339171528816223,0.012669908814132214,1.0270587979492807
DTSR14,mobilenetv3,gaussian_blur_12,96,5,0.736205518245697,0.23960484564304352,0.024189572781324387,0.9490456751520419
DTSR14,mobilenetv3,gaussian_blur_12,97,5,0.32245200872421265,0.6610663533210754,0.016481615602970123,1.0188788264306257
DTSR14,mobilenetv3,gaussian_blur_12,98,5,0.5260609984397888,0.01772744581103325,0.4562116265296936,1.1071698554653215
DTSR14,mobilenetv3,gaussian_blur_12,99,5,0.012054355815052986,0.4355243444442749,0.5524212718009949,1.0720684442977075
DTSR14,mobilenetv3,gaussian_blur_12,100,5,0.2803477942943573,0.6866423487663269,0.033009860664606094,1.0492108841943277
DTSR14,mobilenetv3,gaussian_blur_12,101,5,0.030318569391965866,0.8022634387016296,0.16741806268692017,0.8396004441540643
DTSR14,mobilenetv3,gaussian_blur_12,102,5,0.009296143427491188,0.9789085984230042,0.01179511845111847,0.16840179007639794
DTSR14,mobilenetv3,gaussian_blur_12,103,5,0.23030221462249756,0.7474189400672913,0.022278662770986557,0.9240658418860007
DTSR14,mobilenetv3,gaussian_blur_12,104,5,0.39365318417549133,0.5833461880683899,0.02300073392689228,1.1082346483702765
DTSR14,mobilenetv3,gaussian_blur_12,105,5,0.024214955046772957,0.5743921995162964,0.4013928771018982,1.1180360880806133
DTSR14,mobilenetv3,gaussian_blur_12,106,5,0.010530371218919754,0.02080376259982586,0.9686658978462219,0.22989787080913776
DTSR14,mobilenetv3,gaussian_blur_12,107,5,0.033898014575242996,0.5814295411109924,0.3846724033355713,1.1505715472107756
DTSR14,mobilenetv3,gaussian_blur_12,108,5,0.01992744207382202,0.2895842492580414,0.6904883980751038,0.9992683366459327
DTSR14,mobilenetv3,gaussian_blur_12,109,5,0.6459206938743591,0.3305199146270752,0.023559339344501495,1.0626007434057307
DTSR14,mobilenetv3,gaussian_blur_12,110,5,0.5667207837104797,0.4012707769870758,0.032008443027734756,1.151858364115952
DTSR14,mobilenetv3,gaussian_blur_12,111,5,0.041784126311540604,0.5934191942214966,0.3647966980934143,1.1688994869640505
DTSR14,mobilenetv3,gaussian_blur_12,112,5,0.9744981527328491,0.011582296341657639,0.013919571414589882,0.19665322351109288
DTSR14,mobilenetv3,gaussian_blur_12,113,5,0.009482108056545258,0.9827749729156494,0.0077429101802408695,0.142660736944547
DTSR14,mobilenetv3,gaussian_blur_12,114,5,0.012953486293554306,0.9745842218399048,0.012462220154702663,0.19626188818506585
DTSR14,mobilenetv3,gaussian_blur_12,115,5,0.04643141105771065,0.5518338680267334,0.4017346203327179,1.2074943064552273
DTSR14,mobilenetv3,gaussian_blur_12,116,5,0.012318783439695835,0.9731510877609253,0.01453021727502346,0.20505225946948383
DTSR14,mobilenetv3,gaussian_blur_12,117,5,0.014865657314658165,0.4907890260219574,0.49434539675712585,1.096673863107684
DTSR14,mobilenetv3,gaussian_blur_12,118,6,0.028131868690252304,0.16844186186790466,0.8034263849258423,0.8314586007757603
DTSR14,mobilenetv3,gaussian_blur_12,119,6,0.4836359918117523,0.4924648404121399,0.023899061605334282,1.1388489789992653
DTSR14,mobilenetv3,gaussian_blur_12,120,6,0.033837005496025085,0.22602291405200958,0.7401400804519653,0.9715421126856125
DTSR14,mobilenetv3,gaussian_blur_12,121,6,0.03700973838567734,0.6018272042274475,0.3611629009246826,1.1475511457902283
DTSR14,mobilenetv3,gaussian_blur_12,122,6,0.01947302743792534,0.9747318029403687,0.00579521618783474,0.18970678509228264
DTSR14,mobilenetv3,gaussian_blur_12,123,6,0.5791499614715576,0.40701910853385925,0.013830912299454212,1.0696194173531324
DTSR14,mobilenetv3,gaussian_blur_12,124,7,0.009586388245224953,0.0156912412494421,0.9747223258018494,0.194329538782828
DTSR14,mobilenetv3,gaussian_blur_12,125,7,0.003632135223597288,0.9820544123649597,0.014313488267362118,0.14278599502339284
DTSR14,mobilenetv3,gaussian_blur_12,126,7,0.9795187711715698,0.009635756723582745,0.010845464654266834,0.16456365613294668
DTSR14,mobilenetv3,gaussian_blur_12,127,7,0.0060373637825250626,0.9690216779708862,0.02494097501039505,0.22131854938969583
DTSR14,mobilenetv3,gaussian_blur_12,128,7,0.004837824497371912,0.9794302582740784,0.015732068568468094,0.16081591593165975
DTSR14,mobilenetv3,gaussian_blur_12,129,7,0.9826762080192566,0.0025599368382245302,0.014764014631509781,0.13660699439843763
DTSR14,mobilenetv3,gaussian_blur_12,130,7,0.9796155691146851,0.0053861853666603565,0.014998221769928932,0.1605749837106475
DTSR14,mobilenetv3,gaussian_blur_12,131,7,0.010990153066813946,0.9771608710289001,0.011848943307995796,0.17991324404548004
DTSR14,mobilenetv3,gaussian_blur_12,132,7,0.008997466415166855,0.9844507575035095,0.006551674567162991,0.13093186153926306
DTSR14,mobilenetv3,gaussian_blur_12,133,7,0.009996765293180943,0.984803318977356,0.005199958570301533,0.1276320951836601
DTSR14,mobilenetv3,gaussian_blur_12,134,7,0.009901043027639389,0.9746953845024109,0.015403475612401962,0.19470221203521848
DTSR14,mobilenetv3,gaussian_blur_12,135,7,0.008478903211653233,0.9863725900650024,0.005148517899215221,0.11701377348112947
DTSR14,mobilenetv3,gaussian_blur_12,136,8,0.5871642231941223,0.39578282833099365,0.017053015530109406,1.080453310024617
DTSR14,mobilenetv3,gaussian_blur_12,137,8,0.9712097644805908,0.008634187281131744,0.020156076177954674,0.21365738621229793
DTSR14,mobilenetv3,gaussian_blur_12,138,8,0.016691874712705612,0.010970131494104862,0.9723380208015442,0.2093299677281853
DTSR14,mobilenetv3,gaussian_blur_12,139,8,0.6560510396957397,0.015274306759238243,0.32867467403411865,1.018714725169873
DTSR14,mobilenetv3,gaussian_blur_12,140,8,0.02559693716466427,0.5430783629417419,0.43132466077804565,1.1369427244460257
DTSR14,mobilenetv3,gaussian_blur_12,141,8,0.1691982001066208,0.8083247542381287,0.022476961836218834,0.8049117768932819
DTSR14,mobilenetv3,gaussian_blur_12,142,8,0.6793464422225952,0.29978975653648376,0.02086375281214714,1.0164333149675722
DTSR14,mobilenetv3,gaussian_blur_12,143,9,0.9703110456466675,0.006677773781120777,0.023011131212115288,0.21566184668663582
DTSR14,mobilenetv3,gaussian_blur_12,144,9,0.0051580010913312435,0.986271321773529,0.008570700883865356,0.11771486361252267
DTSR14,mobilenetv3,gaussian_blur_12,145,9,0.11082526296377182,0.8741465210914612,0.015028255991637707,0.6123642019002687
DTSR14,mobilenetv3,gaussian_blur_12,146,9,0.019579783082008362,0.010470565408468246,0.9699496030807495,0.22267111013037405
DTSR14,mobilenetv3,gaussian_blur_12,147,9,0.009925173595547676,0.9789422154426575,0.011132675223052502,0.16834743105567695
DTSR14,mobilenetv3,gaussian_blur_12,148,9,0.012687677517533302,0.005521869752556086,0.9817904829978943,0.1473854534774578
DTSR14,mobilenetv3,gaussian_blur_12,149,9,0.025466207414865494,0.006151980254799128,0.9683818221092224,0.22492169154258815
DTSR14,mobilenetv3,gaussian_blur_12,150,9,0.010854467749595642,0.009216629900038242,0.9799288511276245,0.16181413807489003
DTSR14,mobilenetv3,gaussian_blur_12,151,9,0.01025641430169344,0.9855174422264099,0.004226272460073233,0.1218396303680608
DTSR14,mobilenetv3,gaussian_blur_12,152,9,0.018083278089761734,0.9738897681236267,0.00802676472812891,0.19773450183436497
DTSR14,mobilenetv3,gaussian_blur_12,153,9,0.021195033565163612,0.963904082775116,0.014900813810527325,0.259396155229363
DTSR14,mobilenetv3,gaussian_blur_12,154,9,0.008800001814961433,0.982239842414856,0.008960116654634476,0.14643153598964756
DTSR14,mobilenetv3,gaussian_blur_12,155,9,0.013057099655270576,0.015667853876948357,0.9712750315666199,0.21651025171054344
DTSR14,mobilenetv3,gaussian_blur_12,156,9,0.9841030836105347,0.009159640409052372,0.006737352814525366,0.133367105073837
DTSR14,mobilenetv3,gaussian_blur_12,157,9,0.03304106742143631,0.0030432541389018297,0.9639155864715576,0.23909875217161575
DTSR14,mobilenetv3,gaussian_blur_12,158,9,0.017334109172225,0.32428017258644104,0.6583858132362366,1.025265904777637
DTSR14,mobilenetv3,gaussian_blur_12,159,9,0.6619966626167297,0.32767510414123535,0.010328088887035847,0.989540393611929
DTSR14,mobilenetv3,gaussian_blur_12,160,9,0.00484947906807065,0.9786943793296814,0.016456136479973793,0.165196691950868
DTSR14,mobilenetv3,gaussian_blur_12,161,9,0.02277243323624134,0.24330702424049377,0.7339204549789429,0.9479507492427109
DTSR14,mobilenetv3,gaussian_blur_12,162,9,0.03162912279367447,0.8242760896682739,0.14409475028514862,0.7901357747138522
DTSR14,mobilenetv3,gaussian_blur_12,163,9,0.12501181662082672,0.75742107629776,0.11756720393896103,1.041716985615895
DTSR14,mobilenetv3,gaussian_blur_12,164,9,0.9717261791229248,0.014453563839197159,0.013820264488458633,0.2139235108647433
DTSR14,mobilenetv3,gaussian_blur_12,165,10,0.5583137273788452,0.4147768020629883,0.026909438893198967,1.1364096603780758
DTSR14,mobilenetv3,gaussian_blur_12,166,10,0.6042468547821045,0.37949275970458984,0.01626034826040268,1.0662637972504478
DTSR14,mobilenetv3,gaussian_blur_12,167,10,0.01276627741754055,0.9785038828849792,0.008729941211640835,0.17070716133277752
DTSR14,mobilenetv3,gaussian_blur_12,168,10,0.026404432952404022,0.27770182490348816,0.6958937644958496,1.015737032773143
DTSR14,mobilenetv3,gaussian_blur_12,169,10,0.033299531787633896,0.43598672747612,0.5307137370109558,1.170672013213815
DTSR14,mobilenetv3,gaussian_blur_12,170,10,0.4410831928253174,0.5473068356513977,0.011609915643930435,1.0714255431641344
DTSR14,mobilenetv3,gaussian_blur_12,171,10,0.3391704857349396,0.6278681755065918,0.03296133875846863,1.112941702423179
DTSR14,mobilenetv3,gaussian_blur_12,172,10,0.628561794757843,0.3559153974056244,0.0155227892100811,1.0447946821694738
DTSR14,mobilenetv3,gaussian_blur_12,173,11,0.5427408218383789,0.4221248924732208,0.035134345293045044,1.1734808927615408
DTSR14,mobilenetv3,gaussian_blur_12,174,11,0.8013010025024414,0.019353466108441353,0.17934559285640717,0.8108596053005865
DTSR14,mobilenetv3,gaussian_blur_12,175,11,0.02909897454082966,0.4784443974494934,0.4924566447734833,1.1606080791119782
DTSR14,mobilenetv3,gaussian_blur_12,176,11,0.6046446561813354,0.3659534454345703,0.029401816427707672,1.119201147706713
DTSR14,mobilenetv3,gaussian_blur_12,177,11,0.031599923968315125,0.9584221839904785,0.009977818466722965,0.2825344953681694
DTSR14,mobilenetv3,gaussian_blur_12,178,11,0.5122581124305725,0.4536786675453186,0.03406322002410889,1.1777488072355564
DTSR14,mobilenetv3,gaussian_blur_12,179,12,0.004160796757787466,0.9891886115074158,0.00665057310834527,0.09651929497862033
DTSR14,mobilenetv3,gaussian_blur_12,180,12,0.007858182303607464,0.013850674964487553,0.9782910943031311,0.1714306868195518
DTSR14,mobilenetv3,gaussian_blur_12,181,12,0.003977727610617876,0.9865308403968811,0.009491296485066414,0.11479173652696195
DTSR14,mobilenetv3,gaussian_blur_12,182,12,0.9680576920509338,0.012701534666121006,0.019240712746977806,0.2350102516104464
DTSR14,mobilenetv3,gaussian_blur_12,183,12,0.009696214459836483,0.9779420495033264,0.012361731380224228,0.17466945442538767
DTSR14,mobilenetv3,gaussian_blur_12,184,12,0.012547123245894909,0.9784535765647888,0.008999370038509369,0.17116095094025435
DTSR14,mobilenetv3,gaussian_blur_12,185,12,0.22299206256866455,0.3229030966758728,0.45410484075546265,1.5265437346729125
DTSR14,mobilenetv3,gaussian_blur_12,186,12,0.015307252295315266,0.0027246379759162664,0.9819680452346802,0.14128894371169468
DTSR14,mobilenetv3,gaussian_blur_12,187,12,0.023703724145889282,0.9607409238815308,0.01555541530251503,0.2769152706190543
DTSR14,mobilenetv3,gaussian_blur_12,188,12,0.016250642016530037,0.9728028774261475,0.01094647217541933,0.20658072234400882
DTSR14,mobilenetv3,gaussian_blur_12,189,12,0.015908963978290558,0.006277031730860472,0.9778139591217041,0.17261121886253777
DTSR14,mobilenetv3,gaussian_blur_12,190,12,0.012679729610681534,0.3525097668170929,0.6348106265068054,1.0263502962358868
DTSR14,mobilenetv3,gaussian_blur_12,191,12,0.019828878343105316,0.363290935754776,0.6168801784515381,1.0727806581109691
DTSR14,mobilenetv3,gaussian_blur_12,192,12,0.2608170211315155,0.712482213973999,0.026700815185904503,0.9937165731724701
DTSR14,mobilenetv3,gaussian_blur_12,193,12,0.9687422513961792,0.009622137062251568,0.02163572795689106,0.22850120050866254
DTSR14,mobilenetv3,gaussian_blur_12,194,12,0.08084823191165924,0.9135218262672424,0.005630043800920248,0.4546449609992179
DTSR14,mobilenetv3,gaussian_blur_12,195,12,0.018366005271673203,0.9735174775123596,0.008116628043353558,0.19997853391594617
DTSR14,mobilenetv3,gaussian_blur_12,196,13,0.03343825414776802,0.005422639194875956,0.9611391425132751,0.2597019719887229
DTSR14,mobilenetv3,gaussian_blur_12,197,13,0.007260575424879789,0.9882792234420776,0.004460157826542854,0.10322942383204088
DTSR14,mobilenetv3,gaussian_blur_12,198,13,0.023919209837913513,0.9728519320487976,0.003228690242394805,0.19416789449759286
DTSR14,mobilenetv3,gaussian_blur_12,199,13,0.026631494984030724,0.00439963024109602,0.9689689874649048,0.21781056640482183
DTSR14,mobilenetv3,defocus_blur_5,0,0,0.04164932295680046,0.1670062094926834,0.7913444638252258,0.8893755490160842
DTSR14,mobilenetv3,defocus_blur_5,1,0,0.052103716880083084,0.03408398851752281,0.9138123393058777,0.507065074325552
DTSR14,mobilenetv3,defocus_blur_5,2,0,0.21223954856395721,0.7617887854576111,0.025971774011850357,0.9104388333252047
DTSR14,mobilenetv3,defocus_blur_5,3,0,0.20960815250873566,0.5633339881896973,0.22705787420272827,1.4245578746007022
DTSR14,mobilenetv3,defocus_blur_5,4,0,0.9367209076881409,0.01769421435892582,0.04558487609028816,0.3944259537767167
DTSR14,mobilenetv3,defocus_blur_5,5,0,0.10134890675544739,0.045438773930072784,0.8532122373580933,0.7327740485758456
DTSR14,mobilenetv3,defocus_blur_5,6,0,0.03613511845469475,0.7998591661453247,0.1640055924654007,0.8585604833600643
DTSR14,mobilenetv3,defocus_blur_5,7,1,0.04856964945793152,0.6670071482658386,0.28442317247390747,1.1175432021229774
DTSR14,mobilenetv3,defocus_blur_5,8,1,0.04294132813811302,0.5884230732917786,0.3686356246471405,1.1759416743230462
DTSR14,mobilenetv3,defocus_blur_5,9,1,0.04941226541996002,0.1156005933880806,0.8349871039390564,0.7914803699232469
DTSR14,mobilenetv3,defocus_blur_5,10,1,0.04357721284031868,0.8271748423576355,0.12924803793430328,0.8049212299281967
DTSR14,mobilenetv3,defocus_blur_5,11,1,0.03892682492733002,0.7427279949188232,0.2183450609445572,0.9803349423942982
DTSR14,mobilenetv3,defocus_blur_5,12,1,0.053166233003139496,0.7172138690948486,0.22961993515491486,1.0564025312227399
DTSR14,mobilenetv3,defocus_blur_5,13,1,0.040173862129449844,0.2844749391078949,0.6753512620925903,1.0846862677319549
DTSR14,mobilenetv3,defocus_blur_5,14,2,0.2682393789291382,0.40745899081230164,0.3243016004562378,1.5638560238417583
DTSR14,mobilenetv3,defocus_blur_5,15,2,0.32193729281425476,0.4084162712097168,0.26964646577835083,1.5639066585201271
DTSR14,mobilenetv3,defocus_blur_5,16,2,0.24988442659378052,0.435420423746109,0.31469520926475525,1.5471336975488947
DTSR14,mobilenetv3,defocus_blur_5,17,2,0.3050861358642578,0.4539908766746521,0.2409229725599289,1.534441010040803
DTSR14,mobilenetv3,defocus_blur_5,18,2,0.37074628472328186,0.4493359327316284,0.17991790175437927,1.494538413342086
DTSR14,mobilenetv3,defocus_blur_5,19,2,0.285954087972641,0.36378392577171326,0.3502620458602905,1.577298551326548
DTSR14,mobilenetv3,defocus_blur_5,20,2,0.36120882630348206,0.20155538618564606,0.4372357726097107,1.5182427027367191
DTSR14,mobilenetv3,defocus_blur_5,21,2,0.5838397145271301,0.19497960805892944,0.22118058800697327,1.3945916812578627
DTSR14,mobilenetv3,defocus_blur_5,22,2,0.35594236850738525,0.17623409628868103,0.4678235948085785,1.4845397782044856
DTSR14,mobilenetv3,defocus_blur_5,23,2,0.09712966531515121,0.558537483215332,0.34433281421661377,1.3256900013942579
DTSR14,mobilenetv3,defocus_blur_5,24,2,0.3061317801475525,0.35134971141815186,0.34251847863197327,1.5824448256832213
DTSR14,mobilenetv3,defocus_blur_5,25,2,0.2644514739513397,0.3329713046550751,0.4025772213935852,1.5641796526792455
DTSR14,mobilenetv3,defocus_blur_5,26,2,0.27411043643951416,0.36523306369781494,0.3606565594673157,1.5731699582403258
DTSR14,mobilenetv3,defocus_blur_5,27,2,0.36855557560920715,0.3074365258216858,0.32400789856910706,1.580687245178475
DTSR14,mobilenetv3,defocus_blur_5,28,2,0.314575731754303,0.30772700905799866,0.377697229385376,1.5786477947735607
DTSR14,mobilenetv3,defocus_blur_5,29,2,0.29171648621559143,0.4281470477581024,0.280136376619339,1.5567352346347954
DTSR14,mobilenetv3,defocus_blur_5,30,2,0.35592859983444214,0.31660449504852295,0.32746684551239014,1.583190881013282
DTSR14,mobilenetv3,defocus_blur_5,31,2,0.24090377986431122,0.34205836057662964,0.4170379340648651,1.550285128145187
DTSR14,mobilenetv3,defocus_blur_5,32,2,0.27333858609199524,0.42229264974594116,0.3043687641620636,1.5590104341766613
DTSR14,mobilenetv3,defocus_blur_5,33,2,0.2174919992685318,0.43826377391815186,0.3442441523075104,1.529900962870919
DTSR14,mobilenetv3,defocus_blur_5,34,2,0.3237263560295105,0.42858707904815674,0.24768655002117157,1.5493266300880002
DTSR14,mobilenetv3,defocus_blur_5,35,2,0.2902199327945709,0.44312962889671326,0.26665040850639343,1.5467982780076608
DTSR14,mobilenetv3,defocus_blur_5,36,2,0.12046356499195099,0.42668417096138,0.4528522193431854,1.4096666562647997
DTSR14,mobilenetv3,defocus_blur_5,37,2,0.18123523890972137,0.4543593227863312,0.3644055426120758,1.4943932452691555
DTSR14,mobilenetv3,defocus_blur_5,38,2,0.2644578218460083,0.3793211579322815,0.35622110962867737,1.5684178214880724
DTSR14,mobilenetv3,defocus_blur_5,39,3,0.13151314854621887,0.6577435731887817,0.2107432782649994,1.2558668305246559
DTSR14,mobilenetv3,defocus_blur_5,40,3,0.11145839840173721,0.3110410273075104,0.5775004625320435,1.3343036578066665
DTSR14,mobilenetv3,defocus_blur_5,41,3,0.050500329583883286,0.7009184956550598,0.248581200838089,1.0760847332757573
DTSR14,mobilenetv3,defocus_blur_5,42,4,0.04926113784313202,0.295840322971344,0.654898464679718,1.1337031507298656
DTSR14,mobilenetv3,defocus_blur_5,43,4,0.047226499766111374,0.350690096616745,0.6020833253860474,1.178850856132083
DTSR14,mobilenetv3,defocus_blur_5,44,4,0.06848660856485367,0.5960056781768799,0.33550769090652466,1.2385075521805087
DTSR14,mobilenetv3,defocus_blur_5,45,4,0.04472340643405914,0.5129608511924744,0.44231584668159485,1.2150492108855002
DTSR14,mobilenetv3,defocus_blur_5,46,4,0.28745099902153015,0.3784606158733368,0.33408841490745544,1.5759602348531323
DTSR14,mobilenetv3,defocus_blur_5,47,4,0.05302855372428894,0.19935353100299835,0.7476180195808411,1.0022228651718015
DTSR14,mobilenetv3,defocus_blur_5,48,4,0.06404994428157806,0.418783962726593,0.5171661376953125,1.27179267205704
DTSR14,mobilenetv3,defocus_blur_5,49,4,0.5461574196815491,0.4009988009929657,0.052843816578388214,1.229401828654721
DTSR14,mobilenetv3,defocus_blur_5,50,4,0.7393286824226379,0.03196083754301071,0.22871047258377075,0.9676902868293867
DTSR14,mobilenetv3,defocus_blur_5,51,4,0.36622169613838196,0.3626319468021393,0.27114632725715637,1.5719456612681422
DTSR14,mobilenetv3,defocus_blur_5,52,5,0.13316771388053894,0.6792006492614746,0.18763165175914764,1.2193455082245506
DTSR14,mobilenetv3,defocus_blur_5,53,5,0.1206434890627861,0.6236670017242432,0.25568947196006775,1.2959949596244882
DTSR14,mobilenetv3,defocus_blur_5,54,5,0.2692606747150421,0.49086862802505493,0.23987072706222534,1.5076662972790011
DTSR14,mobilenetv3,defocus_blur_5,55,5,0.19487518072128296,0.4784183204174042,0.32670649886131287,1.4959388008650358
DTSR14,mobilenetv3,defocus_blur_5,56,5,0.18365930020809174,0.4932989776134491,0.323041707277298,1.4785544144927398
DTSR14,mobilenetv3,defocus_blur_5,57,5,0.06710781902074814,0.6812636256217957,0.2516286075115204,1.1396701985482585
DTSR14,mobilenetv3,defocus_blur_5,58,5,0.08065949380397797,0.6899538040161133,0.22938679158687592,1.149628056474741
DTSR14,mobilenetv3,defocus_blur_5,59,5,0.22054827213287354,0.5308681130409241,0.24858371913433075,1.4651716170470463
DTSR14,mobilenetv3,defocus_blur_5,60,5,0.15661270916461945,0.06984288990497589,0.7735443711280823,0.9736298470184506
DTSR14,mobilenetv3,defocus_blur_5,61,5,0.11641396582126617,0.4594951868057251,0.42409080266952515,1.4015267639015851
DTSR14,mobilenetv3,defocus_blur_5,62,5,0.05906499922275543,0.5461986660957336,0.39473646879196167,1.246993245135172
DTSR14,mobilenetv3,defocus_blur_5,63,5,0.19945448637008667,0.6371510624885559,0.16339445114135742,1.3052822421288561
DTSR14,mobilenetv3,defocus_blur_5,64,5,0.5706912875175476,0.2535865902900696,0.1757221221923828,1.4045974792253855
DTSR14,mobilenetv3,defocus_blur_5,65,5,0.5451062321662903,0.3146291971206665,0.14026451110839844,1.3995476003417202
DTSR14,mobilenetv3,defocus_blur_5,66,5,0.6602654457092285,0.05715472251176834,0.2825799584388733,1.1466312626661799
DTSR14,mobilenetv3,defocus_blur_5,67,5,0.20621882379055023,0.5399954319000244,0.2537858188152313,1.4518296801663155
DTSR14,mobilenetv3,defocus_blur_5,68,5,0.23977181315422058,0.5396113991737366,0.22061678767204285,1.4552814375335212
DTSR14,mobilenetv3,defocus_blur_5,69,5,0.2990248501300812,0.4116574227809906,0.2893177568912506,1.5655896267381486
DTSR14,mobilenetv3,defocus_blur_5,70,5,0.7172984480857849,0.11871208250522614,0.16398943960666656,1.1365537813089965
DTSR14,mobilenetv3,defocus_blur_5,71,5,0.22151581943035126,0.4217463433742523,0.3567378520965576,1.5374893858071972
DTSR14,mobilenetv3,defocus_blur_5,72,5,0.4394393265247345,0.4123113751411438,0.14824922382831573,1.4565690211307727
DTSR14,mobilenetv3,defocus_blur_5,73,5,0.14956070482730865,0.24999627470970154,0.6004430651664734,1.351839707685382
DTSR14,mobilenetv3,defocus_blur_5,74,5,0.5634998679161072,0.22889596223831177,0.2076040804386139,1.4240845371351158
DTSR14,mobilenetv3,defocus_blur_5,75,5,0.5738601684570312,0.21434856951236725,0.2117912471294403,1.4103302568593474
DTSR14,mobilenetv3,defocus_blur_5,76,5,0.1987551599740982,0.6121959686279297,0.18904876708984375,1.3509964421721463
DTSR14,mobilenetv3,defocus_blur_5,77,5,0.7037018537521362,0.08071289211511612,0.21558520197868347,1.1270589344458615
DTSR14,mobilenetv3,defocus_blur_5,78,5,0.15913327038288116,0.5973116159439087,0.24355509877204895,1.362327771912742
DTSR14,mobilenetv3,defocus_blur_5,79,5,0.2473786175251007,0.46814432740211487,0.2844770848751068,1.527057486963229
DTSR14,mobilenetv3,defocus_blur_5,80,5,0.780983567237854,0.17120888829231262,0.04780764877796173,0.9241675893638415
DTSR14,mobilenetv3,defocus_blur_5,81,5,0.6405370235443115,0.18925240635871887,0.17021052539348602,1.3009714703503192
DTSR14,mobilenetv3,defocus_blur_5,82,5,0.7966299057006836,0.07247687876224518,0.1308932602405548,0.9197113620468645
DTSR14,mobilenetv3,defocus_blur_5,83,5,0.18877625465393066,0.5991300940513611,0.21209365129470825,1.3713481707243185
DTSR14,mobilenetv3,defocus_blur_5,84,5,0.7166823744773865,0.2313106209039688,0.05200701206922531,1.0548014916769124
DTSR14,mobilenetv3,defocus_blur_5,85,5,0.6320440173149109,0.1770830750465393,0.19087287783622742,1.316672774175541
DTSR14,mobilenetv3,defocus_blur_5,86,5,0.5777184367179871,0.23206588625907898,0.190215602517128,1.4017856660829626
DTSR14,mobilenetv3,defocus_blur_5,87,5,0.8091655969619751,0.10154318809509277,0.08929117769002914,0.8934802088745883
DTSR14,mobilenetv3,defocus_blur_5,88,5,0.6582157015800476,0.17617660760879517,0.1656077355146408,1.268064499516571
DTSR14,mobilenetv3,defocus_blur_5,89,5,0.05577346310019493,0.2718898355960846,0.6723368167877197,1.12818845333098
DTSR14,mobilenetv3,defocus_blur_5,90,5,0.715881884098053,0.09458485245704651,0.1895333230495453,1.1217847358035218
DTSR14,mobilenetv3,defocus_blur_5,91,5,0.6245579719543457,0.18366557359695435,0.19177646934986115,1.3300747977456284
DTSR14,mobilenetv3,defocus_blur_5,92,5,0.4471744894981384,0.3162201941013336,0.2366054505109787,1.536459176067103
DTSR14,mobilenetv3,defocus_blur_5,93,5,0.15177810192108154,0.5501601696014404,0.29806169867515564,1.4076213765999404
DTSR14,mobilenetv3,defocus_blur_5,94,5,0.7672979235649109,0.10632150620222092,0.12638060748577118,1.0141452878944355
DTSR14,mobilenetv3,defocus_blur_5,95,5,0.7337870597839355,0.1171850860118866,0.14902785420417786,1.0994366547188164
DTSR14,mobilenetv3,defocus_blur_5,96,5,0.4045037031173706,0.39575478434562683,0.19974146783351898,1.5216002729993923
DTSR14,mobilenetv3,defocus_blur_5,97,5,0.8515614867210388,0.029924046248197556,0.11851437389850616,0.7135515563722532
DTSR14,mobilenetv3,defocus_blur_5,98,5,0.6073207259178162,0.04631767049431801,0.3463616371154785,1.1720539657190758
DTSR14,mobilenetv3,defocus_blur_5,99,5,0.719184160232544,0.08474943041801453,0.19606636464595795,1.1046542606653906
DTSR14,mobilenetv3,defocus_blur_5,100,5,0.22226367890834808,0.2420990914106369,0.535637378692627,1.4600837309007717
DTSR14,mobilenetv3,defocus_blur_5,101,5,0.2284686267375946,0.5624213218688965,0.20910997688770294,1.4256885490496916
DTSR14,mobilenetv3,defocus_blur_5,102,5,0.6782793402671814,0.15786030888557434,0.16386045515537262,1.2278828863164177
DTSR14,mobilenetv3,defocus_blur_5,103,5,0.8204386234283447,0.050836868584156036,0.12872456014156342,0.8334789758831684
DTSR14,mobilenetv3,defocus_blur_5,104,5,0.7032129168510437,0.20819011330604553,0.08859700709581375,1.1383447115127914
DTSR14,mobilenetv3,defocus_blur_5,105,5,0.1673920452594757,0.5799985527992249,0.25260934233665466,1.38889656778078
DTSR14,mobilenetv3,defocus_blur_5,106,5,0.038275737315416336,0.793194591999054,0.1685297191143036,0.8782483229139862
DTSR14,mobilenetv3,defocus_blur_5,107,5,0.6168067455291748,0.16473886370658875,0.21845442056655884,1.3380098993689469
DTSR14,mobilenetv3,defocus_blur_5,108,5,0.04313276708126068,0.6986518502235413,0.25821545720100403,1.061446691412394
DTSR14,mobilenetv3,defocus_blur_5,109,5,0.6816446185112,0.13914234936237335,0.17921297252178192,1.217291466205964
DTSR14,mobilenetv3,defocus_blur_5,110,5,0.45330318808555603,0.38402608036994934,0.16267083585262299,1.4738507928626685
DTSR14,mobilenetv3,defocus_blur_5,111,5,0.30841413140296936,0.2944529354572296,0.3971329629421234,1.571882559204146
DTSR14,mobilenetv3,defocus_blur_5,112,5,0.15396006405353546,0.6792242527008057,0.16681575775146484,1.2256271633290414
DTSR14,mobilenetv3,defocus_blur_5,113,5,0.22753176093101501,0.4803849458694458,0.2920833230018616,1.5127050159715958
DTSR14,mobilenetv3,defocus_blur_5,114,5,0.19951118528842926,0.6558623313903809,0.14462657272815704,1.266519853175848
DTSR14,mobilenetv3,defocus_blur_5,115,5,0.1368258148431778,0.53862065076828,0.32455360889434814,1.400341468983883
DTSR14,mobilenetv3,defocus_blur_5,116,5,0.13535037636756897,0.6087021827697754,0.25594741106033325,1.3296774777415477
DTSR14,mobilenetv3,defocus_blur_5,117,5,0.3450451195240021,0.42245596647262573,0.23249885439872742,1.5442014808871296
DTSR14,mobilenetv3,defocus_blur_5,118,6,0.047763895243406296,0.9345742464065552,0.01766183041036129,0.40366564759788054
DTSR14,mobilenetv3,defocus_blur_5,119,6,0.28042030334472656,0.09742983430624008,0.6221498250961304,1.2676650771135187
DTSR14,mobilenetv3,defocus_blur_5,120,6,0.06465806812047958,0.3021449148654938,0.6331969499588013,1.1946256576020264
DTSR14,mobilenetv3,defocus_blur_5,121,6,0.28807443380355835,0.05234440043568611,0.6595811247825623,1.1360001159614417
DTSR14,mobilenetv3,defocus_blur_5,122,6,0.05844118446111679,0.029241634532809258,0.912317156791687,0.5092205045991639
DTSR14,mobilenetv3,defocus_blur_5,123,6,0.04133104532957077,0.9225712418556213,0.03609767183661461,0.4702270537228678
DTSR14,mobilenetv3,defocus_blur_5,124,7,0.8673116564750671,0.04696844518184662,0.08571986854076385,0.6891694940049111
DTSR14,mobilenetv3,defocus_blur_5,125,7,0.1862655133008957,0.7674084305763245,0.04632594808936119,0.9500304864293514
DTSR14,mobilenetv3,defocus_blur_5,126,7,0.14382123947143555,0.808643102645874,0.04753570258617401,0.8590621959272088
DTSR14,mobilenetv3,defocus_blur_5,127,7,0.6549131274223328,0.2970220446586609,0.04806479066610336,1.1305677240680447
DTSR14,mobilenetv3,defocus_blur_5,128,7,0.7134501338005066,0.025675484910607338,0.2608744204044342,0.9889121569910218
DTSR14,mobilenetv3,defocus_blur_5,129,7,0.723918080329895,0.23595187067985535,0.04012994095683098,1.0151797681370986
DTSR14,mobilenetv3,defocus_blur_5,130,7,0.20172981917858124,0.7429798245429993,0.05529046803712845,1.015279363185475
DTSR14,mobilenetv3,defocus_blur_5,131,7,0.0343681201338768,0.10217498987913132,0.8634569644927979,0.6862545711552723
DTSR14,mobilenetv3,defocus_blur_5,132,7,0.3068138659000397,0.6535161137580872,0.039669979363679886,1.1087461050267562
DTSR14,mobilenetv3,defocus_blur_5,133,7,0.29021212458610535,0.03032437153160572,0.6794635653495789,1.0497364119504744
DTSR14,mobilenetv3,defocus_blur_5,134,7,0.22905343770980835,0.7088381052017212,0.06210843473672867,1.0879385616467967
DTSR14,mobilenetv3,defocus_blur_5,135,7,0.35551562905311584,0.029590480029582977,0.614893913269043,1.1121203225405074
DTSR14,mobilenetv3,defocus_blur_5,136,8,0.2361835539340973,0.030265048146247864,0.7335515022277832,0.9723818340018383
DTSR14,mobilenetv3,defocus_blur_5,137,8,0.6434605121612549,0.28046664595603943,0.07607291638851166,1.206416637609414
DTSR14,mobilenetv3,defocus_blur_5,138,8,0.7751950025558472,0.14268317818641663,0.08212178945541382,0.9817342670921573
DTSR14,mobilenetv3,defocus_blur_5,139,8,0.30621209740638733,0.08802773803472519,0.6057600975036621,1.2695163424277887
DTSR14,mobilenetv3,defocus_blur_5,140,8,0.33377864956855774,0.6198948621749878,0.046326570212841034,1.1613721814500482
DTSR14,mobilenetv3,defocus_blur_5,141,8,0.8759956955909729,0.09479811787605286,0.029206184670329094,0.6384184766488926
DTSR14,mobilenetv3,defocus_blur_5,142,8,0.6246965527534485,0.24858076870441437,0.12672266364097595,1.3008957531724779
DTSR14,mobilenetv3,defocus_blur_5,143,9,0.08628345280885696,0.8865756988525391,0.027140755206346512,0.6002006161036225
DTSR14,mobilenetv3,defocus_blur_5,144,9,0.028258301317691803,0.8352876901626587,0.13645406067371368,0.7543831657251843
DTSR14,mobilenetv3,defocus_blur_5,145,9,0.7951070070266724,0.1604493111371994,0.04444367438554764,0.8861960883249405
DTSR14,mobilenetv3,defocus_blur_5,146,9,0.04389036446809769,0.6772685647010803,0.2788410782814026,1.0924643641146976
DTSR14,mobilenetv3,defocus_blur_5,147,9,0.044550590217113495,0.2816756069660187,0.6737737655639648,1.098658925547941
DTSR14,mobilenetv3,defocus_blur_5,148,9,0.054245058447122574,0.27592894434928894,0.6698259711265564,1.127894609776461
DTSR14,mobilenetv3,defocus_blur_5,149,9,0.05165311321616173,0.723170280456543,0.22517672181129456,1.0432922446906234
DTSR14,mobilenetv3,defocus_blur_5,150,9,0.1881539225578308,0.5755311250686646,0.23631487786769867,1.4039943694525787
DTSR14,mobilenetv3,defocus_blur_5,151,9,0.1104264110326767,0.5333633422851562,0.35621023178100586,1.365155077783057
DTSR14,mobilenetv3,defocus_blur_5,152,9,0.10631512850522995,0.5774655342102051,0.31621935963630676,1.3264840171830476
DTSR14,mobilenetv3,defocus_blur_5,153,9,0.6504919528961182,0.04460716247558594,0.3049007058143616,1.1261711390449038
DTSR14,mobilenetv3,defocus_blur_5,154,9,0.03854186087846756,0.7275527119636536,0.23390540480613708,1.0051707981053588
DTSR14,mobilenetv3,defocus_blur_5,155,9,0.05368044972419739,0.663642942905426,0.28267666697502136,1.1343171812150796
DTSR14,mobilenetv3,defocus_blur_5,156,9,0.7190952301025391,0.23845034837722778,0.042454350739717484,1.0287830169047778
DTSR14,mobilenetv3,defocus_blur_5,157,9,0.058724530041217804,0.7006374597549438,0.24063795804977417,1.0943125559986293
DTSR14,mobilenetv3,defocus_blur_5,158,9,0.18119417130947113,0.620429515838623,0.1983763575553894,1.3367473840001998
DTSR14,mobilenetv3,defocus_blur_5,159,9,0.7547797560691833,0.047171227633953094,0.19804899394512177,0.9768347164755873
DTSR14,mobilenetv3,defocus_blur_5,160,9,0.21618297696113586,0.5413575768470764,0.2424594908952713,1.4526149622365652
DTSR14,mobilenetv3,defocus_blur_5,161,9,0.07688532024621964,0.11645470559597015,0.806659996509552,0.8958632823591581
DTSR14,mobilenetv3,defocus_blur_5,162,9,0.13739007711410522,0.6527657508850098,0.20984433591365814,1.2678220267918878
DTSR14,mobilenetv3,defocus_blur_5,163,9,0.0938412994146347,0.6725297570228577,0.23362892866134644,1.195334267922655
DTSR14,mobilenetv3,defocus_blur_5,164,9,0.7933046221733093,0.13712012767791748,0.06957513839006424,0.9255951952134339
DTSR14,mobilenetv3,defocus_blur_5,165,10,0.24626284837722778,0.6484920978546143,0.10524501651525497,1.2449343328429125
DTSR14,mobilenetv3,defocus_blur_5,166,10,0.3144136071205139,0.6245258450508118,0.06106057018041611,1.1952915297509503
DTSR14,mobilenetv3,defocus_blur_5,167,10,0.7510223388671875,0.2035224288702011,0.045455072075128555,0.9803676219278964
DTSR14,mobilenetv3,defocus_blur_5,168,10,0.5650389194488525,0.09990762174129486,0.3350534737110138,1.3259318504798978
DTSR14,mobilenetv3,defocus_blur_5,169,10,0.32981741428375244,0.13533399999141693,0.5348486304283142,1.4011470001851776
DTSR14,mobilenetv3,defocus_blur_5,170,10,0.3351605534553528,0.19789040088653564,0.4669490456581116,1.5041078804896673
DTSR14,mobilenetv3,defocus_blur_5,171,10,0.8856500387191772,0.05899478495121002,0.05535513162612915,0.6271651356716168
DTSR14,mobilenetv3,defocus_blur_5,172,10,0.2477765679359436,0.6223752498626709,0.12984806299209595,1.3069564681912231
DTSR14,mobilenetv3,defocus_blur_5,173,11,0.6616485714912415,0.05052686855196953,0.2878246009349823,1.1290067246761968
DTSR14,mobilenetv3,defocus_blur_5,174,11,0.16042034327983856,0.26038140058517456,0.5791981816291809,1.3853334080557165
DTSR14,mobilenetv3,defocus_blur_5,175,11,0.2492574006319046,0.06290498375892639,0.6878377199172974,1.1219543409017143
DTSR14,mobilenetv3,defocus_blur_5,176,11,0.9376514554023743,0.051193758845329285,0.011154738254845142,0.37895057150764455
DTSR14,mobilenetv3,defocus_blur_5,177,11,0.6800077557563782,0.2872874140739441,0.032704856246709824,1.0566724043668472
DTSR14,mobilenetv3,defocus_blur_5,178,11,0.6665642261505127,0.1367487609386444,0.1966870129108429,1.2440194684187598
DTSR14,mobilenetv3,defocus_blur_5,179,12,0.20832237601280212,0.464348703622818,0.3273288607597351,1.512748373690953
DTSR14,mobilenetv3,defocus_blur_5,180,12,0.049510616809129715,0.6753252148628235,0.2751641571521759,1.1094067711804776
DTSR14,mobilenetv3,defocus_blur_5,181,12,0.3524794578552246,0.31878021359443665,0.3287402391433716,1.5836729709760928
DTSR14,mobilenetv3,defocus_blur_5,182,12,0.39213496446609497,0.5427695512771606,0.06509552150964737,1.2646689193120628
DTSR14,mobilenetv3,defocus_blur_5,183,12,0.3220727741718292,0.198842853307724,0.4790843725204468,1.498423785960121
DTSR14,mobilenetv3,defocus_blur_5,184,12,0.17257817089557648,0.6272248029708862,0.20019707083702087,1.3240769650827642
DTSR14,mobilenetv3,defocus_blur_5,185,12,0.48731228709220886,0.20201601088047028,0.31067171692848206,1.4954855112627428
DTSR14,mobilenetv3,defocus_blur_5,186,12,0.23877136409282684,0.036205146461725235,0.7250235676765442,1.0030494533600498
DTSR14,mobilenetv3,defocus_blur_5,187,12,0.20300662517547607,0.5890819430351257,0.20791137218475342,1.3878557919532402
DTSR14,mobilenetv3,defocus_blur_5,188,12,0.38445284962654114,0.13718751072883606,0.47835955023765564,1.4322507686323191
DTSR14,mobilenetv3,defocus_blur_5,189,12,0.301239550113678,0.3908292055130005,0.30793118476867676,1.5744503409740118
DTSR14,mobilenetv3,defocus_blur_5,190,12,0.4578078091144562,0.07225921005010605,0.46993300318717957,1.3019250471325825
DTSR14,mobilenetv3,defocus_blur_5,191,12,0.3401533365249634,0.38216516375541687,0.2776813507080078,1.5728272679365016
DTSR14,mobilenetv3,defocus_blur_5,192,12,0.25599411129951477,0.5097908973693848,0.23421494662761688,1.4892342484316627
DTSR14,mobilenetv3,defocus_blur_5,193,12,0.2652219533920288,0.5735558867454529,0.1612221598625183,1.3922945527137804
DTSR14,mobilenetv3,defocus_blur_5,194,12,0.04515315592288971,0.18527178466320038,0.7695751786231995,0.9432207658924611
DTSR14,mobilenetv3,defocus_blur_5,195,12,0.25034061074256897,0.03436753898859024,0.7152918577194214,1.013081569681514
DTSR14,mobilenetv3,defocus_blur_5,196,13,0.055949341505765915,0.16929568350315094,0.7747548818588257,0.9517903259085563
DTSR14,mobilenetv3,defocus_blur_5,197,13,0.10638837516307831,0.015515119768679142,0.8780964612960815,0.6018442033171253
DTSR14,mobilenetv3,defocus_blur_5,198,13,0.038430627435445786,0.08896870166063309,0.8726006746292114,0.6627948365445242
DTSR14,mobilenetv3,defocus_blur_5,199,13,0.036692745983600616,0.12136325985193253,0.8419438600540161,0.7531974705501969
DTSR14,mobilenetv3,defocus_blur_11,0,0,0.018621090799570084,0.9766591787338257,0.004719560034573078,0.1767599479206988
DTSR14,mobilenetv3,defocus_blur_11,1,0,0.01723010465502739,0.9757935404777527,0.006976249627768993,0.18541936161001146
DTSR14,mobilenetv3,defocus_blur_11,2,0,0.2320232391357422,0.02678213268518448,0.7411946654319763,0.9491499375024405
DTSR14,mobilenetv3,defocus_blur_11,3,0,0.027096698060631752,0.5883612036705017,0.3845421075820923,1.1214890919720593
DTSR14,mobilenetv3,defocus_blur_11,4,0,0.9741836190223694,0.007498014252632856,0.01831839792430401,0.19539826112961672
DTSR14,mobilenetv3,defocus_blur_11,5,0,0.06646183133125305,0.8922426104545593,0.0412956178188324,0.5965928069189524
DTSR14,mobilenetv3,defocus_blur_11,6,0,0.011400667019188404,0.007370954845100641,0.9812282919883728,0.15262961368206485
DTSR14,mobilenetv3,defocus_blur_11,7,1,0.12987957894802094,0.6811676621437073,0.1889527440071106,1.2139984668413997
DTSR14,mobilenetv3,defocus_blur_11,8,1,0.024166136980056763,0.013613278046250343,0.9622206687927246,0.2676410919234068
DTSR14,mobilenetv3,defocus_blur_11,9,1,0.02087341621518135,0.9628116488456726,0.016314968466758728,0.26603338250648095
DTSR14,mobilenetv3,defocus_blur_11,10,1,0.04108595475554466,0.5331667065620422,0.42574742436408997,1.197464882866098
DTSR14,mobilenetv3,defocus_blur_11,11,1,0.09186507761478424,0.02811802178621292,0.8800169825553894,0.62356105269712
DTSR14,mobilenetv3,defocus_blur_11,12,1,0.034363627433776855,0.5658771991729736,0.39975908398628235,1.1607432741293202
DTSR14,mobilenetv3,defocus_blur_11,13,1,0.020990371704101562,0.5934821367263794,0.38552743196487427,1.093867632947005
DTSR14,mobilenetv3,defocus_blur_11,14,2,0.15288998186588287,0.5034010410308838,0.3437090218067169,1.4422894412912854
DTSR14,mobilenetv3,defocus_blur_11,15,2,0.24477829039096832,0.43743109703063965,0.31779059767723083,1.5443886380668153
DTSR14,mobilenetv3,defocus_blur_11,16,2,0.22033573687076569,0.46884751319885254,0.31081676483154297,1.5171777144148182
DTSR14,mobilenetv3,defocus_blur_11,17,2,0.21748541295528412,0.4340725541114807,0.3484421372413635,1.5312909002319846
DTSR14,mobilenetv3,defocus_blur_11,18,2,0.2551317512989044,0.4208807051181793,0.32398754358291626,1.5550615017699307
DTSR14,mobilenetv3,defocus_blur_11,19,2,0.1383756548166275,0.38165292143821716,0.47997143864631653,1.4334828558875596
DTSR14,mobilenetv3,defocus_blur_11,20,2,0.21260911226272583,0.4352271854877472,0.35216373205184937,1.527498728451672
DTSR14,mobilenetv3,defocus_blur_11,21,2,0.32377034425735474,0.47713303565979004,0.19909662008285522,1.4997058360786626
DTSR14,mobilenetv3,defocus_blur_11,22,2,0.2934548258781433,0.3521449863910675,0.3544001877307892,1.5796823366748154
DTSR14,mobilenetv3,defocus_blur_11,23,2,0.20181681215763092,0.3660464584827423,0.43213680386543274,1.5197780595953483
DTSR14,mobilenetv3,defocus_blur_11,24,2,0.2968425452709198,0.3304221034049988,0.3727353513240814,1.578716553480577
DTSR14,mobilenetv3,defocus_blur_11,25,2,0.2897101938724518,0.24345771968364716,0.4668320417404175,1.5270933652131853
DTSR14,mobilenetv3,defocus_blur_11,26,2,0.3651184141635895,0.033468060195446014,0.6014136075973511,1.1359315643433778
DTSR14,mobilenetv3,defocus_blur_11,27,2,0.4392912685871124,0.030070850625634193,0.5306378602981567,1.1584613132258959
DTSR14,mobilenetv3,defocus_blur_11,28,2,0.4158729016780853,0.03678177669644356,0.5473452806472778,1.1775701111838204
DTSR14,mobilenetv3,defocus_blur_11,29,2,0.28291353583335876,0.3563743829727173,0.36071205139160156,1.5764579375439278
DTSR14,mobilenetv3,defocus_blur_11,30,2,0.4589399993419647,0.023192811757326126,0.5178672075271606,1.133251545789642
DTSR14,mobilenetv3,defocus_blur_11,31,2,0.03755168616771698,0.48458331823349,0.47786492109298706,1.1933663819897538
DTSR14,mobilenetv3,defocus_blur_11,32,2,0.19123482704162598,0.43825918436050415,0.3705059885978699,1.508713538757219
DTSR14,mobilenetv3,defocus_blur_11,33,2,0.28233078122138977,0.6804808974266052,0.03718842566013336,1.0696532517126114
DTSR14,mobilenetv3,defocus_blur_11,34,2,0.28574538230895996,0.03664851188659668,0.6776061654090881,1.0716786546773094
DTSR14,mobilenetv3,defocus_blur_11,35,2,0.38336530327796936,0.0290025994181633,0.5876320600509644,1.1291324857803375
DTSR14,mobilenetv3,defocus_blur_11,36,2,0.5841333866119385,0.03402351588010788,0.38184306025505066,1.1493754884704297
DTSR14,mobilenetv3,defocus_blur_11,37,2,0.40382394194602966,0.02380746603012085,0.5723685026168823,1.1174108784901535
DTSR14,mobilenetv3,defocus_blur_11,38,2,0.1530487984418869,0.7997350692749023,0.04721613600850105,0.8802528182647307
DTSR14,mobilenetv3,defocus_blur_11,39,3,0.11585012823343277,0.7063896656036377,0.1777602881193161,1.157462154975223
DTSR14,mobilenetv3,defocus_blur_11,40,3,0.15302102267742157,0.7311235070228577,0.11585551500320435,1.1050068192222429
DTSR14,mobilenetv3,defocus_blur_11,41,3,0.24209794402122498,0.45794811844825745,0.2999539375305176,1.5324804272216141
DTSR14,mobilenetv3,defocus_blur_11,42,4,0.3143557608127594,0.6739984750747681,0.011645635589957237,0.9832669391309747
DTSR14,mobilenetv3,defocus_blur_11,43,4,0.06629690527915955,0.1679406613111496,0.765762448310852,0.9866644717930062
DTSR14,mobilenetv3,defocus_blur_11,44,4,0.07432105392217636,0.017674969509243965,0.908004105091095,0.5080374564326366
DTSR14,mobilenetv3,defocus_blur_11,45,4,0.03629031032323837,0.959797203540802,0.003912503831088543,0.2617322707133945
DTSR14,mobilenetv3,defocus_blur_11,46,4,0.24233165383338928,0.06358644366264343,0.6940819025039673,1.1139775250089614
DTSR14,mobilenetv3,defocus_blur_11,47,4,0.03217790648341179,0.1572926789522171,0.810529351234436,0.8249049504448455
DTSR14,mobilenetv3,defocus_blur_11,48,4,0.028995957225561142,0.1421046257019043,0.8288993835449219,0.7725412100589492
DTSR14,mobilenetv3,defocus_blur_11,49,4,0.4461243450641632,0.5016189813613892,0.052256759256124496,1.241305136899991
DTSR14,mobilenetv3,defocus_blur_11,50,4,0.17217418551445007,0.7861970067024231,0.04162881523370743,0.9007490536349587
DTSR14,mobilenetv3,defocus_blur_11,51,4,0.7463313341140747,0.05489448085427284,0.1987740695476532,1.0081914493977637
DTSR14,mobilenetv3,defocus_blur_11,52,5,0.7530887722969055,0.21687132120132446,0.030039913952350616,0.9382263972521484
DTSR14,mobilenetv3,defocus_blur_11,53,5,0.03820592537522316,0.2738931477069855,0.6879008412361145,1.06294979909774
DTSR14,mobilenetv3,defocus_blur_11,54,5,0.26152002811431885,0.45426827669143677,0.28421181440353394,1.5390080308576946
DTSR14,mobilenetv3,defocus_blur_11,55,5,0.6470178365707397,0.30492082238197327,0.04806132614612579,1.13934592495028
DTSR14,mobilenetv3,defocus_blur_11,56,5,0.04470687732100487,0.6431577205657959,0.31213536858558655,1.1342825577235085
DTSR14,mobilenetv3,defocus_blur_11,57,5,0.10377735644578934,0.04170946776866913,0.8545132279396057,0.7241894856067033
DTSR14,mobilenetv3,defocus_blur_11,58,5,0.6210296154022217,0.13997109234333038,0.23899929225444794,1.3173972739575948
DTSR14,mobilenetv3,defocus_blur_11,59,5,0.05071128159761429,0.5207038521766663,0.42858487367630005,1.2322410512701945
DTSR14,mobilenetv3,defocus_blur_11,60,5,0.04210902377963066,0.5569215416908264,0.4009695053100586,1.1913738330164554
DTSR14,mobilenetv3,defocus_blur_11,61,5,0.19574519991874695,0.7090722918510437,0.09518253058195114,1.135244975381471
DTSR14,mobilenetv3,defocus_blur_11,62,5,0.7084234952926636,0.2495720237493515,0.042004480957984924,1.0441709578033391
DTSR14,mobilenetv3,defocus_blur_11,63,5,0.23802755773067474,0.22495639324188232,0.5370160937309265,1.4587605451673964
DTSR14,mobilenetv3,defocus_blur_11,64,5,0.2958197295665741,0.42880797386169434,0.27537232637405396,1.5559900613982465
DTSR14,mobilenetv3,defocus_blur_11,65,5,0.755436360836029,0.038042888045310974,0.20652075111865997,0.9550491981642953
DTSR14,mobilenetv3,defocus_blur_11,66,5,0.5997143387794495,0.2055191546678543,0.19476650655269623,1.3711947307705519
DTSR14,mobilenetv3,defocus_blur_11,67,5,0.8016423583030701,0.037325482815504074,0.16103209555149078,0.8570119348941946
DTSR14,mobilenetv3,defocus_blur_11,68,5,0.6457486152648926,0.1941719651222229,0.1600794494152069,1.2896887103643266
DTSR14,mobilenetv3,defocus_blur_11,69,5,0.7074647545814514,0.11572234332561493,0.17681282758712769,1.1552380878717692
DTSR14,mobilenetv3,defocus_blur_11,70,5,0.8035391569137573,0.15899145603179932,0.03746935352683067,0.852900813512858
DTSR14,mobilenetv3,defocus_blur_11,71,5,0.034410543739795685,0.5513402223587036,0.4142492711544037,1.1675514755939602
DTSR14,mobilenetv3,defocus_blur_11,72,5,0.8132436871528625,0.03223561868071556,0.15452075004577637,0.8185746961962044
DTSR14,mobilenetv3,defocus_blur_11,73,5,0.04975845292210579,0.26473936438560486,0.6855022311210632,1.0964383606798422
DTSR14,mobilenetv3,defocus_blur_11,74,5,0.5761969685554504,0.1637173444032669,0.26008570194244385,1.3910389647570642
DTSR14,mobilenetv3,defocus_blur_11,75,5,0.6278238296508789,0.28729164600372314,0.08488450944423676,1.2406318424352665
DTSR14,mobilenetv3,defocus_blur_11,76,5,0.03438195586204529,0.6315324902534485,0.3340856432914734,1.1143497377361058
DTSR14,mobilenetv3,defocus_blur_11,77,5,0.6965861916542053,0.04332130029797554,0.2600925862789154,1.0648848933430242
DTSR14,mobilenetv3,defocus_blur_11,78,5,0.041924849152565,0.7605104446411133,0.19756467640399933,0.9544443706964804
DTSR14,mobilenetv3,defocus_blur_11,79,5,0.5916851162910461,0.02673965133726597,0.38157519698143005,1.1180497738866786
DTSR14,mobilenetv3,defocus_blur_11,80,5,0.023578399792313576,0.3269330561161041,0.6494885087013245,1.0591822774328818
DTSR14,mobilenetv3,defocus_blur_11,81,5,0.5126826167106628,0.024286827072501183,0.46303054690361023,1.1387660947950513
DTSR14,mobilenetv3,defocus_blur_11,82,5,0.5537774562835693,0.40585339069366455,0.04036913439631462,1.1870990207697516
DTSR14,mobilenetv3,defocus_blur_11,83,5,0.7591935992240906,0.031160900369286537,0.20964550971984863,0.9302181385160764
DTSR14,mobilenetv3,defocus_blur_11,84,5,0.7634822726249695,0.19518837332725525,0.04132929816842079,0.9472980725281905
DTSR14,mobilenetv3,defocus_blur_11,85,5,0.04780697077512741,0.6679582595825195,0.284234881401062,1.114419238555306
DTSR14,mobilenetv3,defocus_blur_11,86,5,0.7118017077445984,0.2606511414051056,0.027547206729650497,0.9974664946858811
DTSR14,mobilenetv3,defocus_blur_11,87,5,0.8443947434425354,0.04210564121603966,0.11349961161613464,0.7547599380162915
DTSR14,mobilenetv3,defocus_blur_11,88,5,0.6415806412696838,0.03249833360314369,0.32592108845710754,1.0986042192293497
DTSR14,mobilenetv3,defocus_blur_11,89,5,0.032724034041166306,0.277719646692276,0.6895563006401062,1.0445343882805256
DTSR14,mobilenetv3,defocus_blur_11,90,5,0.8154270052909851,0.026191677898168564,0.1583813726902008,0.7987307719678356
DTSR14,mobilenetv3,defocus_blur_11,91,5,0.7851453423500061,0.180188849568367,0.03466581180691719,0.8876341625757689
DTSR14,mobilenetv3,defocus_blur_11,92,5,0.5585177540779114,0.40796855092048645,0.033513739705085754,1.1612188412880262
DTSR14,mobilenetv3,defocus_blur_11,93,5,0.2680445909500122,0.552143394947052,0.17981195449829102,1.4273756595437495
DTSR14,mobilenetv3,defocus_blur_11,94,5,0.04098443314433098,0.7171037793159485,0.24191176891326904,1.0282175872026451
DTSR14,mobilenetv3,defocus_blur_11,95,5,0.25690290331840515,0.13594482839107513,0.6071522831916809,1.3321537989253522
DTSR14,mobilenetv3,defocus_blur_11,96,5,0.7372849583625793,0.234793022274971,0.027922026813030243,0.9591784589526259
DTSR14,mobilenetv3,defocus_blur_11,97,5,0.8094711303710938,0.03002273105084896,0.16050615906715393,0.822319806287573
DTSR14,mobilenetv3,defocus_blur_11,98,5,0.19213339686393738,0.1070733293890953,0.7007931470870972,1.1618398190149775
DTSR14,mobilenetv3,defocus_blur_11,99,5,0.05590350180864334,0.5531923770904541,0.39090415835380554,1.2348367479255655
DTSR14,mobilenetv3,defocus_blur_11,100,5,0.2579079270362854,0.5270463228225708,0.215045765042305,1.4680360960362229
DTSR14,mobilenetv3,defocus_blur_11,101,5,0.06258824467658997,0.7648212909698486,0.17259038984775543,0.9835060101985884
DTSR14,mobilenetv3,defocus_blur_11,102,5,0.31233781576156616,0.026159388944506645,0.6615028381347656,1.0562420523896021
DTSR14,mobilenetv3,defocus_blur_11,103,5,0.5998425483703613,0.06695203483104706,0.3332054316997528,1.2317547461277656
DTSR14,mobilenetv3,defocus_blur_11,104,5,0.3655034005641937,0.6072810888290405,0.027215510606765747,1.109209212351777
DTSR14,mobilenetv3,defocus_blur_11,105,5,0.035912998020648956,0.4889739155769348,0.4751131236553192,1.1871721029100848
DTSR14,mobilenetv3,defocus_blur_11,106,5,0.013516368344426155,0.02139373868703842,0.9650898575782776,0.2520642118181969
DTSR14,mobilenetv3,defocus_blur_11,107,5,0.03533785045146942,0.6768621206283569,0.2878001034259796,1.0686767270949686
DTSR14,mobilenetv3,defocus_blur_11,108,5,0.028673416003584862,0.24388031661510468,0.7274463772773743,0.9773685485597569
DTSR14,mobilenetv3,defocus_blur_11,109,5,0.44518762826919556,0.3307151794433594,0.2240971028804779,1.5312541902875396
DTSR14,mobilenetv3,defocus_blur_11,110,5,0.8221348524093628,0.03607756644487381,0.14178764820098877,0.8047930683461655
DTSR14,mobilenetv3,defocus_blur_11,111,5,0.43499159812927246,0.29427316784858704,0.2707352340221405,1.5520723458591956
DTSR14,mobilenetv3,defocus_blur_11,112,5,0.27724727988243103,0.6868059039115906,0.03594685718417168,1.0578558468374633
DTSR14,mobilenetv3,defocus_blur_11,113,5,0.022281203418970108,0.6826884150505066,0.2950303554534912,1.017804496354988
DTSR14,mobilenetv3,defocus_blur_11,114,5,0.7028800845146179,0.263601154088974,0.03351879492402077,1.0287800245571648
DTSR14,mobilenetv3,defocus_blur_11,115,5,0.039746057242155075,0.5966418981552124,0.3636121451854706,1.160177884139328
DTSR14,mobilenetv3,defocus_blur_11,116,5,0.7924477458000183,0.03145388886332512,0.1760983169078827,0.8641521157047422
DTSR14,mobilenetv3,defocus_blur_11,117,5,0.8186376094818115,0.02666192129254341,0.15470044314861298,0.7922837615584051
DTSR14,mobilenetv3,defocus_blur_11,118,6,0.028644215315580368,0.08595503866672516,0.8854007124900818,0.6065977081731309
DTSR14,mobilenetv3,defocus_blur_11,119,6,0.33930715918540955,0.31495970487594604,0.3457331955432892,1.583812680461845
DTSR14,mobilenetv3,defocus_blur_11,120,6,0.03337952867150307,0.08865464478731155,0.8779659271240234,0.6384792195989285
DTSR14,mobilenetv3,defocus_blur_11,121,6,0.2466915100812912,0.17117130756378174,0.5821371078491211,1.3884082231009724
DTSR14,mobilenetv3,defocus_blur_11,122,6,0.0281539149582386,0.11325045675039291,0.8585955500602722,0.6897343432770204
DTSR14,mobilenetv3,defocus_blur_11,123,6,0.8398663401603699,0.1256105750799179,0.03452317789196968,0.7550551217143796
DTSR14,mobilenetv3,defocus_blur_11,124,7,0.027494339272379875,0.8071645498275757,0.1653410941362381,0.8213223219938312
DTSR14,mobilenetv3,defocus_blur_11,125,7,0.005860271863639355,0.9770175218582153,0.01712227612733841,0.17669887562100023
DTSR14,mobilenetv3,defocus_blur_11,126,7,0.4171738922595978,0.546075701713562,0.036750439554452896,1.1779585336244178
DTSR14,mobilenetv3,defocus_blur_11,127,7,0.006969233974814415,0.9647530317306519,0.028277678415179253,0.24534255451596246
DTSR14,mobilenetv3,defocus_blur_11,128,7,0.4285459518432617,0.5418482422828674,0.029605748131871223,1.15324053763653
DTSR14,mobilenetv3,defocus_blur_11,129,7,0.9816974401473999,0.004913455806672573,0.01338912919163704,0.14716123056900043
DTSR14,mobilenetv3,defocus_blur_11,130,7,0.9797324538230896,0.006607470568269491,0.013660058379173279,0.16139969559502432
DTSR14,mobilenetv3,defocus_blur_11,131,7,0.01359983254224062,0.9715096950531006,0.014890527352690697,0.2152118091974014
DTSR14,mobilenetv3,defocus_blur_11,132,7,0.01781616546213627,0.9730610251426697,0.009122802875936031,0.203679224787095
DTSR14,mobilenetv3,defocus_blur_11,133,7,0.020517131313681602,0.7202616333961487,0.2592211365699768,0.9609135953240526
DTSR14,mobilenetv3,defocus_blur_11,134,7,0.15203453600406647,0.820906937122345,0.027058539912104607,0.7877929176541969
DTSR14,mobilenetv3,defocus_blur_11,135,7,0.44989854097366333,0.5269862413406372,0.023115107789635658,1.1310829897390218
DTSR14,mobilenetv3,defocus_blur_11,136,8,0.8287923336029053,0.0229038055986166,0.14830392599105835,0.7576562043630127
DTSR14,mobilenetv3,defocus_blur_11,137,8,0.06130674481391907,0.9150830507278442,0.023610087111592293,0.4916853166376204
DTSR14,mobilenetv3,defocus_blur_11,138,8,0.032703544944524765,0.7664405703544617,0.20085597038269043,0.9206330552051316
DTSR14,mobilenetv3,defocus_blur_11,139,8,0.026040101423859596,0.7036861181259155,0.2702738344669342,1.0039618588343893
DTSR14,mobilenetv3,defocus_blur_11,140,8,0.036398861557245255,0.5832763314247131,0.3803248107433319,1.158065042206281
DTSR14,mobilenetv3,defocus_blur_11,141,8,0.08722417056560516,0.8879867792129517,0.024789007380604744,0.591373391243915
DTSR14,mobilenetv3,defocus_blur_11,142,8,0.7832018136978149,0.02795286662876606,0.18884524703025818,0.874494506435616
DTSR14,mobilenetv3,defocus_blur_11,143,9,0.961298942565918,0.008405598811805248,0.030295444652438164,0.26552412817707394
DTSR14,mobilenetv3,defocus_blur_11,144,9,0.005306069739162922,0.9832779765129089,0.01141597330570221,0.13769100493692488
DTSR14,mobilenetv3,defocus_blur_11,145,9,0.01990925893187523,0.8500121831893921,0.1300785392522812,0.6945383125871898
DTSR14,mobilenetv3,defocus_blur_11,146,9,0.018231352791190147,0.011509492993354797,0.9702591896057129,0.2217259580793382
DTSR14,mobilenetv3,defocus_blur_11,147,9,0.02665015310049057,0.6275162100791931,0.3458336591720581,1.091001557234371
DTSR14,mobilenetv3,defocus_blur_11,148,9,0.03235423192381859,0.592458188533783,0.375187486410141,1.138217214590978
DTSR14,mobilenetv3,defocus_blur_11,149,9,0.039145275950431824,0.7169506549835205,0.24390411376953125,1.0236747387337453
DTSR14,mobilenetv3,defocus_blur_11,150,9,0.02371453493833542,0.6616278290748596,0.31465768814086914,1.0471771386164095
DTSR14,mobilenetv3,defocus_blur_11,151,9,0.029159924015402794,0.705183744430542,0.26565632224082947,1.0121066436807076
DTSR14,mobilenetv3,defocus_blur_11,152,9,0.025854459032416344,0.639296293258667,0.33484911918640137,1.0775030382698936
DTSR14,mobilenetv3,defocus_blur_11,153,9,0.2748863399028778,0.0338250957429409,0.6912885308265686,1.045608137848874
DTSR14,mobilenetv3,defocus_blur_11,154,9,0.026905866339802742,0.7280135750770569,0.24508053064346313,0.9709304047396883
DTSR14,mobilenetv3,defocus_blur_11,155,9,0.04310666024684906,0.5559366941452026,0.4009566009044647,1.1950660509056652
DTSR14,mobilenetv3,defocus_blur_11,156,9,0.3880310356616974,0.5802645683288574,0.03170444443821907,1.1434513535102464
DTSR14,mobilenetv3,defocus_blur_11,157,9,0.03898406773805618,0.7433382272720337,0.21767768263816833,0.9793977649192054
DTSR14,mobilenetv3,defocus_blur_11,158,9,0.032340504229068756,0.5251671671867371,0.44249227643013,1.1685548646797714
DTSR14,mobilenetv3,defocus_blur_11,159,9,0.6826632022857666,0.03581179678440094,0.28152501583099365,1.0628136498234988
DTSR14,mobilenetv3,defocus_blur_11,160,9,0.682392418384552,0.2774144411087036,0.04019312188029289,1.0757776615026327
DTSR14,mobilenetv3,defocus_blur_11,161,9,0.05082594230771065,0.036706455051898956,0.9124674797058105,0.5140615380682878
DTSR14,mobilenetv3,defocus_blur_11,162,9,0.05066896975040436,0.8066065907478333,0.14272449910640717,0.8689845110903113
DTSR14,mobilenetv3,defocus_blur_11,163,9,0.07474201917648315,0.07666858285665512,0.8485893607139587,0.7647520464284694
DTSR14,mobilenetv3,defocus_blur_11,164,9,0.17543144524097443,0.7808405160903931,0.043728187680244446,0.9166397595095461
DTSR14,mobilenetv3,defocus_blur_11,165,10,0.28696969151496887,0.2520463466644287,0.4609839618206024,1.53298593303241
DTSR14,mobilenetv3,defocus_blur_11,166,10,0.6973382234573364,0.27031970024108887,0.03234205022454262,1.0329358419405814
DTSR14,mobilenetv3,defocus_blur_11,167,10,0.20362603664398193,0.7678903341293335,0.028483489528298378,0.9063406603476994
DTSR14,mobilenetv3,defocus_blur_11,168,10,0.20105548202991486,0.0227372907102108,0.7762072682380676,0.8731208818435527
DTSR14,mobilenetv3,defocus_blur_11,169,10,0.29281631112098694,0.29817843437194824,0.4090052843093872,1.5669348279460555
DTSR14,mobilenetv3,defocus_blur_11,170,10,0.4794206917285919,0.49096745252609253,0.029611868783831596,1.1627306659346104
DTSR14,mobilenetv3,defocus_blur_11,171,10,0.6176496744155884,0.04970724135637283,0.3326430022716522,1.1728263811489694
DTSR14,mobilenetv3,defocus_blur_11,172,10,0.6197497248649597,0.34707438945770264,0.033175885677337646,1.120667204654103
DTSR14,mobilenetv3,defocus_blur_11,173,11,0.7424243688583374,0.23161904513835907,0.025956468656659126,0.9444968725129025
DTSR14,mobilenetv3,defocus_blur_11,174,11,0.8585216403007507,0.027264617383480072,0.11421366780996323,0.6881381669468285
DTSR14,mobilenetv3,defocus_blur_11,175,11,0.03995921090245247,0.7465893626213074,0.2134513407945633,0.975969533765255
DTSR14,mobilenetv3,defocus_blur_11,176,11,0.8312659859657288,0.13038654625415802,0.03834741935133934,0.7852679108949422
DTSR14,mobilenetv3,defocus_blur_11,177,11,0.8368043303489685,0.03308682516217232,0.13010895252227783,0.7606057309192389
DTSR14,mobilenetv3,defocus_blur_11,178,11,0.6850202083587646,0.023503227159380913,0.2914765179157257,1.019452372546012
DTSR14,mobilenetv3,defocus_blur_11,179,12,0.5871807336807251,0.02027786150574684,0.39254143834114075,1.0946400377295695
DTSR14,mobilenetv3,defocus_blur_11,180,12,0.03306591138243675,0.8418572545051575,0.12507694959640503,0.7468322702906216
DTSR14,mobilenetv3,defocus_blur_11,181,12,0.573932945728302,0.02846611477434635,0.39760085940361023,1.1349595982618454
DTSR14,mobilenetv3,defocus_blur_11,182,12,0.7675195336341858,0.19906890392303467,0.033411648124456406,0.9203791741593592
DTSR14,mobilenetv3,defocus_blur_11,183,12,0.8161072731018066,0.15514056384563446,0.028752319514751434,0.8035471511016716
DTSR14,mobilenetv3,defocus_blur_11,184,12,0.023514851927757263,0.7532026171684265,0.22328251600265503,0.9181720876119888
DTSR14,mobilenetv3,defocus_blur_11,185,12,0.26420730352401733,0.20973286032676697,0.5260598659515381,1.4674532020905482
DTSR14,mobilenetv3,defocus_blur_11,186,12,0.016103090718388557,0.007522543426603079,0.9763742685317993,0.18266537699589078
DTSR14,mobilenetv3,defocus_blur_11,187,12,0.026207618415355682,0.9553697109222412,0.018422512337565422,0.3067780786020551
DTSR14,mobilenetv3,defocus_blur_11,188,12,0.03205789625644684,0.860694944858551,0.10724713653326035,0.6908276716286059
DTSR14,mobilenetv3,defocus_blur_11,189,12,0.034742847084999084,0.7231101393699646,0.24214710295200348,1.002054990629561
DTSR14,mobilenetv3,defocus_blur_11,190,12,0.7163476347923279,0.028888868167996407,0.2547634541988373,0.9950636436483156
DTSR14,mobilenetv3,defocus_blur_11,191,12,0.3108482360839844,0.051616981625556946,0.6375348567962646,1.158747501746919
DTSR14,mobilenetv3,defocus_blur_11,192,12,0.18077920377254486,0.7842574715614319,0.03496314585208893,0.8902223082021283
DTSR14,mobilenetv3,defocus_blur_11,193,12,0.8978290557861328,0.06444423645734787,0.037726808339357376,0.5729123248491856
DTSR14,mobilenetv3,defocus_blur_11,194,12,0.06153855845332146,0.6135085821151733,0.32495272159576416,1.2069340013921899
DTSR14,mobilenetv3,defocus_blur_11,195,12,0.018525654450058937,0.9709129929542542,0.010561375878751278,0.21728621526239067
DTSR14,mobilenetv3,defocus_blur_11,196,13,0.03576267510652542,0.18587051331996918,0.7783669233322144,0.9044412190856475
DTSR14,mobilenetv3,defocus_blur_11,197,13,0.013122275471687317,0.9816696047782898,0.005208166316151619,0.1477436919389799
DTSR14,mobilenetv3,defocus_blur_11,198,13,0.028470203280448914,0.9690251350402832,0.002504755277186632,0.21180943527055573
DTSR14,mobilenetv3,defocus_blur_11,199,13,0.028891637921333313,0.004892962984740734,0.9662153720855713,0.23319081017578558
DTSR14,mobilenetv3,resize_2.0,0,0,0.03417467698454857,0.04894046485424042,0.9168848991394043,0.4942743809323087
DTSR14,mobilenetv3,resize_2.0,1,0,0.04153396934270859,0.10507384687662125,0.8533921837806702,0.7273551148780959
DTSR14,mobilenetv3,resize_2.0,2,0,0.05809012055397034,0.05002616345882416,0.8918837308883667,0.6018898391287499
DTSR14,mobilenetv3,resize_2.0,3,0,0.04928411543369293,0.12323882430791855,0.8274770975112915,0.8123410812520512
DTSR14,mobilenetv3,resize_2.0,4,0,0.9007552862167358,0.0452430360019207,0.05400164797902107,0.5652831050349986
DTSR14,mobilenetv3,resize_2.0,5,0,0.05021899193525314,0.8440485596656799,0.10573239624500275,0.7659149357432642
DTSR14,mobilenetv3,resize_2.0,6,0,0.04766125977039337,0.8921431303024292,0.06019558385014534,0.6002212428149722
DTSR14,mobilenetv3,resize_2.0,7,1,0.039810121059417725,0.6725966334342957,0.28759312629699707,1.0870598249722945
DTSR14,mobilenetv3,resize_2.0,8,1,0.043986741453409195,0.13852806389331818,0.8174851536750793,0.830958258655214
DTSR14,mobilenetv3,resize_2.0,9,1,0.7406904101371765,0.10755956918001175,0.15175002813339233,1.0795534554499897
DTSR14,mobilenetv3,resize_2.0,10,1,0.04416477680206299,0.684886634349823,0.27094852924346924,1.0832174933605638
DTSR14,mobilenetv3,resize_2.0,11,1,0.2752358615398407,0.028406351804733276,0.6963579654693604,1.0217949395297443
DTSR14,mobilenetv3,resize_2.0,12,1,0.6886347532272339,0.11311673372983932,0.19824844598770142,1.1891023023407268
DTSR14,mobilenetv3,resize_2.0,13,1,0.02948915772140026,0.44104018807411194,0.5294708013534546,1.1565139426231137
DTSR14,mobilenetv3,resize_2.0,14,2,0.08164921402931213,0.6118336319923401,0.30651718378067017,1.2516811797246983
DTSR14,mobilenetv3,resize_2.0,15,2,0.051741451025009155,0.33082181215286255,0.6174366474151611,1.1785287774824482
DTSR14,mobilenetv3,resize_2.0,16,2,0.427156537771225,0.2163790762424469,0.3564642667770386,1.5325148934431465
DTSR14,mobilenetv3,resize_2.0,17,2,0.38011786341667175,0.4539959728717804,0.16588613390922546,1.4775944990368015
DTSR14,mobilenetv3,resize_2.0,18,2,0.6080369353294373,0.1832151710987091,0.20874786376953125,1.356817135196721
DTSR14,mobilenetv3,resize_2.0,19,2,0.4402204751968384,0.30285197496414185,0.25692757964134216,1.546722783225002
DTSR14,mobilenetv3,resize_2.0,20,2,0.0489874929189682,0.5715572237968445,0.3794553279876709,1.2049079973282724
DTSR14,mobilenetv3,resize_2.0,21,2,0.2855847477912903,0.3330555558204651,0.38135969638824463,1.575006792411383
DTSR14,mobilenetv3,resize_2.0,22,2,0.1428249627351761,0.44602635502815247,0.41114869713783264,1.4477406465233322
DTSR14,mobilenetv3,resize_2.0,23,2,0.672741711139679,0.0684301108121872,0.2588281035423279,1.1541935652368778
DTSR14,mobilenetv3,resize_2.0,24,2,0.31377074122428894,0.422916978597641,0.26331228017807007,1.556683456481645
DTSR14,mobilenetv3,resize_2.0,25,2,0.27117833495140076,0.3427930474281311,0.38602858781814575,1.5701208355168512
DTSR14,mobilenetv3,resize_2.0,26,2,0.8098815083503723,0.1302167773246765,0.05990171059966087,0.8726254854919024
DTSR14,mobilenetv3,resize_2.0,27,2,0.27680477499961853,0.610119640827179,0.11307545751333237,1.3034326934338467
DTSR14,mobilenetv3,resize_2.0,28,2,0.1506909430027008,0.6195574998855591,0.2297515571117401,1.326858064903258
DTSR14,mobilenetv3,resize_2.0,29,2,0.20306411385536194,0.2956179976463318,0.5013178586959839,1.4862138728667602
DTSR14,mobilenetv3,resize_2.0,30,2,0.14664414525032043,0.5444313883781433,0.30892452597618103,1.4072363092765254
DTSR14,mobilenetv3,resize_2.0,31,2,0.30461978912353516,0.6734656691551208,0.02191452868282795,1.0272837030303892
DTSR14,mobilenetv3,resize_2.0,32,2,0.2358309030532837,0.22038142383098602,0.5437876582145691,1.4502954344695422
DTSR14,mobilenetv3,resize_2.0,33,2,0.6243409514427185,0.27816450595855713,0.09749460965394974,1.2652261377320255
DTSR14,mobilenetv3,resize_2.0,34,2,0.5564375519752502,0.3412785232067108,0.10228380560874939,1.3363467612812308
DTSR14,mobilenetv3,resize_2.0,35,2,0.3868683874607086,0.48576322197914124,0.12736840546131134,1.4147061550161109
DTSR14,mobilenetv3,resize_2.0,36,2,0.26579734683036804,0.6303319334983826,0.10387077927589417,1.2671440851699065
DTSR14,mobilenetv3,resize_2.0,37,2,0.13416728377342224,0.4905925989151001,0.3752400279045105,1.423471159735893
DTSR14,mobilenetv3,resize_2.0,38,2,0.32391029596328735,0.16091102361679077,0.5151786804199219,1.443845194748119
DTSR14,mobilenetv3,resize_2.0,39,3,0.05690144747495651,0.11576314270496368,0.8273354768753052,0.8216597640173613
DTSR14,mobilenetv3,resize_2.0,40,3,0.06896770000457764,0.07800205796957016,0.8530302047729492,0.7487738059147957
DTSR14,mobilenetv3,resize_2.0,41,3,0.13707390427589417,0.35336995124816895,0.509556233882904,1.4189454329025208
DTSR14,mobilenetv3,resize_2.0,42,4,0.36705338954925537,0.49394989013671875,0.13899680972099304,1.4290685656046667
DTSR14,mobilenetv3,resize_2.0,43,4,0.016467656940221786,0.5584269165992737,0.4251055419445038,1.0915749274471382
DTSR14,mobilenetv3,resize_2.0,44,4,0.7143804430961609,0.27282193303108215,0.012797489762306213,0.9383729448694427
DTSR14,mobilenetv3,resize_2.0,45,4,0.045049216598272324,0.5862706303596497,0.3686802089214325,1.1838528655821068
DTSR14,mobilenetv3,resize_2.0,46,4,0.08570357412099838,0.16604651510715485,0.7482498288154602,1.0469671468474342
DTSR14,mobilenetv3,resize_2.0,47,4,0.010512346401810646,0.5165494084358215,0.47293820977211,1.0722715249743846
DTSR14,mobilenetv3,resize_2.0,48,4,0.38597068190574646,0.5149649977684021,0.09906426072120667,1.353589498123853
DTSR14,mobilenetv3,resize_2.0,49,4,0.004363158717751503,0.613641083240509,0.3819957673549652,0.9968913834399938
DTSR14,mobilenetv3,resize_2.0,50,4,0.5526071786880493,0.4234943687915802,0.023898346349596977,1.1265479307660031
DTSR14,mobilenetv3,resize_2.0,51,4,0.07463492453098297,0.3865140974521637,0.5388507843017578,1.2901793629982743
DTSR14,mobilenetv3,resize_2.0,52,5,0.678831934928894,0.2573937475681305,0.06377433240413666,1.136585899055512
DTSR14,mobilenetv3,resize_2.0,53,5,0.04732434079051018,0.8195492625236511,0.13312646746635437,0.8308601943749081
DTSR14,mobilenetv3,resize_2.0,54,5,0.551159143447876,0.2285841554403305,0.22025664150714874,1.441164314491664
DTSR14,mobilenetv3,resize_2.0,55,5,0.2890354096889496,0.593964695930481,0.11699993908405304,1.326129163954013
DTSR14,mobilenetv3,resize_2.0,56,5,0.046107009053230286,0.562210738658905,0.39168235659599304,1.2014074337505407
DTSR14,mobilenetv3,resize_2.0,57,5,0.17865528166294098,0.053934406489133835,0.7674103379249573,0.964217381977259
DTSR14,mobilenetv3,resize_2.0,58,5,0.30787619948387146,0.6675043106079102,0.024619512259960175,1.0440833180742792
DTSR14,mobilenetv3,resize_2.0,59,5,0.039194025099277496,0.32334014773368835,0.6374658346176147,1.1239283301525629
DTSR14,mobilenetv3,resize_2.0,60,5,0.061414625495672226,0.7637896537780762,0.17479582130908966,0.9839673188424634
DTSR14,mobilenetv3,resize_2.0,61,5,0.2500414550304413,0.6577891707420349,0.09216948598623276,1.2145501071626668
DTSR14,mobilenetv3,resize_2.0,62,5,0.2648395001888275,0.6598185896873474,0.07534190267324448,1.1845005585764228
DTSR14,mobilenetv3,resize_2.0,63,5,0.03917635604739189,0.15488484501838684,0.8059388399124146,0.8507136580810661
DTSR14,mobilenetv3,resize_2.0,64,5,0.5249665379524231,0.22347183525562286,0.25156170129776,1.4720353418148684
DTSR14,mobilenetv3,resize_2.0,65,5,0.3431694209575653,0.2620038390159607,0.394826740026474,1.5651409105966403
DTSR14,mobilenetv3,resize_2.0,66,5,0.439365953207016,0.31331968307495117,0.24731430411338806,1.5443811299811279
DTSR14,mobilenetv3,resize_2.0,67,5,0.4315684139728546,0.31188827753067017,0.2565433382987976,1.5509839172900526
DTSR14,mobilenetv3,resize_2.0,68,5,0.369005024433136,0.45203685760498047,0.17895810306072235,1.4927668312994282
DTSR14,mobilenetv3,resize_2.0,69,5,0.2199939787387848,0.27824637293815613,0.5017595887184143,1.4933073462639164
DTSR14,mobilenetv3,resize_2.0,70,5,0.3423313796520233,0.35159170627593994,0.30607694387435913,1.5824268499269605
DTSR14,mobilenetv3,resize_2.0,71,5,0.5298029184341431,0.199445441365242,0.27075159549713135,1.4598020796835303
DTSR14,mobilenetv3,resize_2.0,72,5,0.5560454726219177,0.17143262922763824,0.2725219428539276,1.4181215134515868
DTSR14,mobilenetv3,resize_2.0,73,5,0.5865950584411621,0.04314856231212616,0.3702563941478729,1.1778077929520152
DTSR14,mobilenetv3,resize_2.0,74,5,0.18514041602611542,0.6960465908050537,0.11881301552057266,1.1794983756678101
DTSR14,mobilenetv3,resize_2.0,75,5,0.41167280077934265,0.20744608342647552,0.380881130695343,1.5282633300257573
DTSR14,mobilenetv3,resize_2.0,76,5,0.05635552480816841,0.5553888082504272,0.38825565576553345,1.2349828067193216
DTSR14,mobilenetv3,resize_2.0,77,5,0.5405555963516235,0.14043590426445007,0.31900855898857117,1.4032841218767704
DTSR14,mobilenetv3,resize_2.0,78,5,0.0488433912396431,0.29150769114494324,0.6596488952636719,1.1271032678995925
DTSR14,mobilenetv3,resize_2.0,79,5,0.07489780336618423,0.7120158076286316,0.21308639645576477,1.1042259948469155
DTSR14,mobilenetv3,resize_2.0,80,5,0.06636900454759598,0.7329899668693542,0.20064102113246918,1.0531508556344074
DTSR14,mobilenetv3,resize_2.0,81,5,0.21349163353443146,0.4416636824607849,0.34484463930130005,1.5259932877812203
DTSR14,mobilenetv3,resize_2.0,82,5,0.5187754034996033,0.32641085982322693,0.1548137366771698,1.4350823171856826
DTSR14,mobilenetv3,resize_2.0,83,5,0.4160540997982025,0.45756402611732483,0.12638190388679504,1.4196261922580033
DTSR14,mobilenetv3,resize_2.0,84,5,0.4907691776752472,0.31895726919174194,0.19027364253997803,1.4852715224139037
DTSR14,mobilenetv3,resize_2.0,85,5,0.23830217123031616,0.20600594580173492,0.5556918382644653,1.433645350071448
DTSR14,mobilenetv3,resize_2.0,86,5,0.5429810881614685,0.2928287982940674,0.16419002413749695,1.4252067022907464
DTSR14,mobilenetv3,resize_2.0,87,5,0.425342857837677,0.18224962055683136,0.39240744709968567,1.5017669961220563
DTSR14,mobilenetv3,resize_2.0,88,5,0.38992589712142944,0.5359926819801331,0.0740814059972763,1.2902005901070013
DTSR14,mobilenetv3,resize_2.0,89,5,0.04368461295962334,0.08463602513074875,0.8716793656349182,0.6715409235581357
DTSR14,mobilenetv3,resize_2.0,90,5,0.5936852693557739,0.3698042035102844,0.03651033341884613,1.1516752475389824
DTSR14,mobilenetv3,resize_2.0,91,5,0.13979719579219818,0.42881596088409424,0.43138694763183594,1.4439046767692447
DTSR14,mobilenetv3,resize_2.0,92,5,0.11594026535749435,0.5193764567375183,0.3646833598613739,1.3820108046423563
DTSR14,mobilenetv3,resize_2.0,93,5,0.5226668119430542,0.2759911119937897,0.20134207606315613,1.4673943967536978
DTSR14,mobilenetv3,resize_2.0,94,5,0.1840984970331192,0.6342045664787292,0.18169695138931274,1.3131729982884763
DTSR14,mobilenetv3,resize_2.0,95,5,0.1157282218337059,0.7118828892707825,0.17238883674144745,1.1463031363740108
DTSR14,mobilenetv3,resize_2.0,96,5,0.2041792869567871,0.5550718903541565,0.24074891209602356,1.4339886278813099
DTSR14,mobilenetv3,resize_2.0,97,5,0.2314542680978775,0.3023798167705536,0.4661659598350525,1.5237109504616795
DTSR14,mobilenetv3,resize_2.0,98,5,0.27525773644447327,0.5733633041381836,0.15137897431850433,1.384726780538332
DTSR14,mobilenetv3,resize_2.0,99,5,0.4012683629989624,0.3318946957588196,0.2668369710445404,1.5653099717326078
DTSR14,mobilenetv3,resize_2.0,100,5,0.3595331907272339,0.43230944871902466,0.20815739035606384,1.524956788756745
DTSR14,mobilenetv3,resize_2.0,101,5,0.5764914155006409,0.12301607429981232,0.300492525100708,1.351218399931958
DTSR14,mobilenetv3,resize_2.0,102,5,0.08742760121822357,0.09269919246435165,0.8198730945587158,0.8603698980354967
DTSR14,mobilenetv3,resize_2.0,103,5,0.1910446733236313,0.047411322593688965,0.7615441679954529,0.9640499657003682
DTSR14,mobilenetv3,resize_2.0,104,5,0.26089397072792053,0.31774091720581055,0.4213651716709137,1.5566838245964243
DTSR14,mobilenetv3,resize_2.0,105,5,0.17267943918704987,0.2616060674190521,0.565714418888092,1.4085607259462978
DTSR14,mobilenetv3,resize_2.0,106,5,0.03525164723396301,0.18658438324928284,0.7781639099121094,0.903638001078201
DTSR14,mobilenetv3,resize_2.0,107,5,0.034931011497974396,0.791292130947113,0.1737768054008484,0.8750096372218961
DTSR14,mobilenetv3,resize_2.0,108,5,0.05060442164540291,0.8014732599258423,0.1479223221540451,0.8815556733702756
DTSR14,mobilenetv3,resize_2.0,109,5,0.6903672814369202,0.1280992478132248,0.1815335750579834,1.1956967126214157
DTSR14,mobilenetv3,resize_2.0,110,5,0.3865359127521515,0.5492197275161743,0.06424431502819061,1.2593175247033268
DTSR14,mobilenetv3,resize_2.0,111,5,0.038381580263376236,0.24255648255348206,0.7190619707107544,1.018354068727163
DTSR14,mobilenetv3,resize_2.0,112,5,0.6940209865570068,0.26099175214767456,0.04498722404241562,1.0727838389026503
DTSR14,mobilenetv3,resize_2.0,113,5,0.2934023141860962,0.22401359677314758,0.4825841188430786,1.509807802993588
DTSR14,mobilenetv3,resize_2.0,114,5,0.20233692228794098,0.561768651008606,0.23589438199996948,1.4253388909660827
DTSR14,mobilenetv3,resize_2.0,115,5,0.19354389607906342,0.39606189727783203,0.41039416193962097,1.515098794444595
DTSR14,mobilenetv3,resize_2.0,116,5,0.25747424364089966,0.6188843250274658,0.12364157289266586,1.305307490541269
DTSR14,mobilenetv3,resize_2.0,117,5,0.3716948628425598,0.2354196161031723,0.3928854465484619,1.5514966174452167
DTSR14,mobilenetv3,resize_2.0,118,6,0.30142995715141296,0.09193748235702515,0.6066325902938843,1.2755108342329042
DTSR14,mobilenetv3,resize_2.0,119,6,0.4015321135520935,0.5151875615119934,0.08328042179346085,1.3201625794946057
DTSR14,mobilenetv3,resize_2.0,120,6,0.03006793186068535,0.36897289752960205,0.6009591817855835,1.1242491898991367
DTSR14,mobilenetv3,resize_2.0,121,6,0.43617385625839233,0.489163339138031,0.07466284185647964,1.306235397165568
DTSR14,mobilenetv3,resize_2.0,122,6,0.1669037640094757,0.03345222398638725,0.7996441125869751,0.8530135314958819
DTSR14,mobilenetv3,resize_2.0,123,6,0.5295690298080444,0.13857388496398926,0.3318570852279663,1.408890727331602
DTSR14,mobilenetv3,resize_2.0,124,7,0.35486888885498047,0.046227432787418365,0.5989037156105042,1.1783771529610407
DTSR14,mobilenetv3,resize_2.0,125,7,0.13559971749782562,0.8155398964881897,0.04886023327708244,0.8435815067033058
DTSR14,mobilenetv3,resize_2.0,126,7,0.7780349850654602,0.1734911948442459,0.048473771661520004,0.931812772433672
DTSR14,mobilenetv3,resize_2.0,127,7,0.6136112213134766,0.3485637605190277,0.037825021892786026,1.141050461541348
DTSR14,mobilenetv3,resize_2.0,128,7,0.820741593837738,0.14240939915180206,0.036849021911621094,0.8098335698048162
DTSR14,mobilenetv3,resize_2.0,129,7,0.9166181683540344,0.04240838438272476,0.04097342863678932,0.49734854579756393
DTSR14,mobilenetv3,resize_2.0,130,7,0.8436046838760376,0.11113400757312775,0.0452611967921257,0.7613585981237311
DTSR14,mobilenetv3,resize_2.0,131,7,0.03932105004787445,0.779317319393158,0.18136173486709595,0.9106108425485946
DTSR14,mobilenetv3,resize_2.0,132,7,0.8810098171234131,0.034314777702093124,0.0846753716468811,0.6295708013775954
DTSR14,mobilenetv3,resize_2.0,133,7,0.1963803619146347,0.6636228561401367,0.139996737241745,1.2508369281925542
DTSR14,mobilenetv3,resize_2.0,134,7,0.18376345932483673,0.3585526943206787,0.4576837718486786,1.4957717550045482
DTSR14,mobilenetv3,resize_2.0,135,7,0.3224981129169464,0.6391138434410095,0.03838802129030228,1.1198439793323376
DTSR14,mobilenetv3,resize_2.0,136,8,0.10576596111059189,0.848283588886261,0.045950498431921005,0.7483535774356829
DTSR14,mobilenetv3,resize_2.0,137,8,0.7584189772605896,0.20001919567584991,0.041561879217624664,0.9576715454511621
DTSR14,mobilenetv3,resize_2.0,138,8,0.0584358274936676,0.6638592481613159,0.2777048647403717,1.1450891271182997
DTSR14,mobilenetv3,resize_2.0,139,8,0.20351247489452362,0.7346234917640686,0.06186404824256897,1.0426495974148235
DTSR14,mobilenetv3,resize_2.0,140,8,0.0469682514667511,0.8316730856895447,0.12135864049196243,0.7976354104196662
DTSR14,mobilenetv3,resize_2.0,141,8,0.8378121852874756,0.11852516978979111,0.04366261139512062,0.7758089553394032
DTSR14,mobilenetv3,resize_2.0,142,8,0.31231895089149475,0.6386984586715698,0.048982564359903336,1.1506124785477045
DTSR14,mobilenetv3,resize_2.0,143,9,0.21258817613124847,0.7483569979667664,0.03905480355024338,0.9705698961379421
DTSR14,mobilenetv3,resize_2.0,144,9,0.03466168791055679,0.8045622110366821,0.1607760637998581,0.8444840156819409
DTSR14,mobilenetv3,resize_2.0,145,9,0.7464247941970825,0.19495254755020142,0.058622684329748154,1.014702277281293
DTSR14,mobilenetv3,resize_2.0,146,9,0.04430942237377167,0.6630967259407043,0.29259389638900757,1.1110264646032855
DTSR14,mobilenetv3,resize_2.0,147,9,0.2755231559276581,0.042056091129779816,0.6824207305908203,1.0808623602335041
DTSR14,mobilenetv3,resize_2.0,148,9,0.04568766802549362,0.8095715641975403,0.14474092423915863,0.8537402244153296
DTSR14,mobilenetv3,resize_2.0,149,9,0.06082383543252945,0.360944539308548,0.5782316327095032,1.2332889813785297
DTSR14,mobilenetv3,resize_2.0,150,9,0.04792138934135437,0.6097972393035889,0.34228137135505676,1.174620874160504
DTSR14,mobilenetv3,resize_2.0,151,9,0.03549518808722496,0.4299183189868927,0.534586489200592,1.177537193750132
DTSR14,mobilenetv3,resize_2.0,152,9,0.3421129584312439,0.5741419792175293,0.0837450623512268,1.288644422858106
DTSR14,mobilenetv3,resize_2.0,153,9,0.4082944095134735,0.5100405812263489,0.08166510611772537,1.3182057809056271
DTSR14,mobilenetv3,resize_2.0,154,9,0.06860736012458801,0.7185567021369934,0.21283581852912903,1.082917172933527
DTSR14,mobilenetv3,resize_2.0,155,9,0.054019033908843994,0.7020992636680603,0.24388164281845093,1.082170705889892
DTSR14,mobilenetv3,resize_2.0,156,9,0.9058435559272766,0.04059765487909317,0.0535588264465332,0.5430588665386645
DTSR14,mobilenetv3,resize_2.0,157,9,0.046116169542074203,0.13115078210830688,0.8227331042289734,0.8206566533034559
DTSR14,mobilenetv3,resize_2.0,158,9,0.55434250831604,0.2530078589916229,0.19264954328536987,1.4312047236000323
DTSR14,mobilenetv3,resize_2.0,159,9,0.24568504095077515,0.36765414476394653,0.3866608440876007,1.55833662040778
DTSR14,mobilenetv3,resize_2.0,160,9,0.5813068151473999,0.3588656187057495,0.05982755497097969,1.2286064719793572
DTSR14,mobilenetv3,resize_2.0,161,9,0.1705191284418106,0.6598662734031677,0.16961461305618286,1.26507862537404
DTSR14,mobilenetv3,resize_2.0,162,9,0.07428611069917679,0.6933490633964539,0.23236477375030518,1.1342105663257116
DTSR14,mobilenetv3,resize_2.0,163,9,0.29590797424316406,0.6245469450950623,0.07954509556293488,1.2344914996502345
DTSR14,mobilenetv3,resize_2.0,164,9,0.3741450309753418,0.5545164346694946,0.07133845239877701,1.2741279805950767
DTSR14,mobilenetv3,resize_2.0,165,10,0.8869619965553284,0.060436688363552094,0.05260121077299118,0.6216575632519331
DTSR14,mobilenetv3,resize_2.0,166,10,0.8942732214927673,0.05890744924545288,0.04681932553648949,0.5916181503087802
DTSR14,mobilenetv3,resize_2.0,167,10,0.506186306476593,0.4575420320034027,0.036271676421165466,1.18688511239297
DTSR14,mobilenetv3,resize_2.0,168,10,0.05958553031086922,0.6854193210601807,0.25499507784843445,1.1186727080947887
DTSR14,mobilenetv3,resize_2.0,169,10,0.04555242881178856,0.3561716079711914,0.5982760190963745,1.17685520327243
DTSR14,mobilenetv3,resize_2.0,170,10,0.3691595196723938,0.5911321043968201,0.03970833867788315,1.1638963588439222
DTSR14,mobilenetv3,resize_2.0,171,10,0.8377031683921814,0.06053640693426132,0.10176043957471848,0.7944363045148752
DTSR14,mobilenetv3,resize_2.0,172,10,0.3197523355484009,0.6116016507148743,0.06864596903324127,1.2251097398136657
DTSR14,mobilenetv3,resize_2.0,173,11,0.1926017552614212,0.751445472240448,0.0559527613222599,1.0002153348289213
DTSR14,mobilenetv3,resize_2.0,174,11,0.18538670241832733,0.6754708290100098,0.1391424536705017,1.2289984393787292
DTSR14,mobilenetv3,resize_2.0,175,11,0.08730746805667877,0.465584397315979,0.44710811972618103,1.3398407728823876
DTSR14,mobilenetv3,resize_2.0,176,11,0.8570849895477295,0.05571041628718376,0.08720462024211884,0.7296896786646203
DTSR14,mobilenetv3,resize_2.0,177,11,0.8629938960075378,0.044892724603414536,0.0921134278178215,0.7013660248891911
DTSR14,mobilenetv3,resize_2.0,178,11,0.02107573300600052,0.8985682725906372,0.08035597205162048,0.5482953885650663
DTSR14,mobilenetv3,resize_2.0,179,12,0.3709395229816437,0.4013758897781372,0.22768466174602509,1.5454031257531862
DTSR14,mobilenetv3,resize_2.0,180,12,0.3378254175186157,0.5305906534194946,0.13158395886421204,1.3990581290608188
DTSR14,mobilenetv3,resize_2.0,181,12,0.39547351002693176,0.43891632556915283,0.16561007499694824,1.4803208987708267
DTSR14,mobilenetv3,resize_2.0,182,12,0.11070439219474792,0.6380234360694885,0.25127220153808594,1.2658571737060238
DTSR14,mobilenetv3,resize_2.0,183,12,0.11025259643793106,0.4943332076072693,0.39541417360305786,1.3824753782780155
DTSR14,mobilenetv3,resize_2.0,184,12,0.6676751375198364,0.20067386329174042,0.13165105879306793,1.2391922385555207
DTSR14,mobilenetv3,resize_2.0,185,12,0.4818459749221802,0.33581751585006714,0.1823364794254303,1.4839115927359734
DTSR14,mobilenetv3,resize_2.0,186,12,0.6022814512252808,0.17001764476299286,0.22770090401172638,1.3612627129625117
DTSR14,mobilenetv3,resize_2.0,187,12,0.03728000819683075,0.9088001847267151,0.05391981452703476,0.5294595293573475
DTSR14,mobilenetv3,resize_2.0,188,12,0.12657909095287323,0.22282712161540985,0.6505937576293945,1.263568517648633
DTSR14,mobilenetv3,resize_2.0,189,12,0.6587967276573181,0.25663265585899353,0.08457066118717194,1.2016129931542276
DTSR14,mobilenetv3,resize_2.0,190,12,0.41027969121932983,0.34114035964012146,0.24857991933822632,1.5558442322853203
DTSR14,mobilenetv3,resize_2.0,191,12,0.5448388457298279,0.18666735291481018,0.2684937119483948,1.4386830076342108
DTSR14,mobilenetv3,resize_2.0,192,12,0.4958779215812683,0.19170981645584106,0.312412291765213,1.483022286379997
DTSR14,mobilenetv3,resize_2.0,193,12,0.48046496510505676,0.45374247431755066,0.06579256057739258,1.2836783879034068
DTSR14,mobilenetv3,resize_2.0,194,12,0.14866752922534943,0.38761213421821594,0.4637203812599182,1.4529135812611207
DTSR14,mobilenetv3,resize_2.0,195,12,0.23881582915782928,0.5274576544761658,0.23372654616832733,1.470326368735682
DTSR14,mobilenetv3,resize_2.0,196,13,0.04320496320724487,0.13118791580200195,0.8256070613861084,0.8085102823852033
DTSR14,mobilenetv3,resize_2.0,197,13,0.02566276676952839,0.2884593605995178,0.6858779788017273,1.0260771527115984
DTSR14,mobilenetv3,resize_2.0,198,13,0.056191422045230865,0.2401563823223114,0.7036522626876831,1.0844199768886444
DTSR14,mobilenetv3,resize_2.0,199,13,0.05188547819852829,0.04555680230259895,0.9025576114654541,0.5579805959126807
DTSR14,mobilenetv3,jpeg_10,0,0,0.021339265629649162,0.8315272927284241,0.1471334546804428,0.7465583211572014
DTSR14,mobilenetv3,jpeg_10,1,0,0.09181679040193558,0.5994553565979004,0.30872783064842224,1.2823578357664216
DTSR14,mobilenetv3,jpeg_10,2,0,0.2906584143638611,0.3501994013786316,0.3591421842575073,1.5788305021674085
DTSR14,mobilenetv3,jpeg_10,3,0,0.1628660410642624,0.4287692606449127,0.4083646237850189,1.4778973359207548
DTSR14,mobilenetv3,jpeg_10,4,0,0.9551261067390442,0.03650244325399399,0.008371405303478241,0.295360513457312
DTSR14,mobilenetv3,jpeg_10,5,0,0.010044519789516926,0.800540566444397,0.1894148886203766,0.7782737200574465
DTSR14,mobilenetv3,jpeg_10,6,0,0.4719151258468628,0.2879316508769989,0.24015328288078308,1.5226853549811121
DTSR14,mobilenetv3,jpeg_10,7,1,0.2452644407749176,0.3533751368522644,0.4013604521751404,1.5562191397007132
DTSR14,mobilenetv3,jpeg_10,8,1,0.36251723766326904,0.4308547079563141,0.20662809908390045,1.5241084149263107
DTSR14,mobilenetv3,jpeg_10,9,1,0.8291302919387817,0.14117597043514252,0.029693681746721268,0.7735371319089123
DTSR14,mobilenetv3,jpeg_10,10,1,0.5201157331466675,0.3693031966686249,0.11058106273412704,1.372549185591323
DTSR14,mobilenetv3,jpeg_10,11,1,0.46795526146888733,0.3741389214992523,0.15790581703186035,1.4638150203227656
DTSR14,mobilenetv3,jpeg_10,12,1,0.1142413392663002,0.34960994124412537,0.5361486673355103,1.3697855606904614
DTSR14,mobilenetv3,jpeg_10,13,1,0.13935323059558868,0.44937288761138916,0.4112737774848938,1.441972262484114
DTSR14,mobilenetv3,jpeg_10,14,2,0.2707759439945221,0.32056576013565063,0.4086582064628601,1.5641046904823188
DTSR14,mobilenetv3,jpeg_10,15,2,0.3319729268550873,0.3856278657913208,0.2823992669582367,1.5734035598090452
DTSR14,mobilenetv3,jpeg_10,16,2,0.2890479564666748,0.4374336898326874,0.2735183835029602,1.5509323966687845
DTSR14,mobilenetv3,jpeg_10,17,2,0.36464357376098633,0.349070280790329,0.2862861454486847,1.577344084222482
DTSR14,mobilenetv3,jpeg_10,18,2,0.4033445417881012,0.3435400128364563,0.25311538577079773,1.5596052858248766
DTSR14,mobilenetv3,jpeg_10,19,2,0.2707745432853699,0.38793832063674927,0.34128716588020325,1.569645026355091
DTSR14,mobilenetv3,jpeg_10,20,2,0.36383455991744995,0.21400195360183716,0.4221634566783905,1.531935776228896
DTSR14,mobilenetv3,jpeg_10,21,2,0.48970603942871094,0.2573712468147278,0.25292274355888367,1.5099602263517888
DTSR14,mobilenetv3,jpeg_10,22,2,0.322025328874588,0.2125239372253418,0.4654507339000702,1.5148066072323425
DTSR14,mobilenetv3,jpeg_10,23,2,0.17118185758590698,0.30255481600761414,0.5262632369995117,1.4451182893578358
DTSR14,mobilenetv3,jpeg_10,24,2,0.2797975242137909,0.36322224140167236,0.3569801449775696,1.5753382350800642
DTSR14,mobilenetv3,jpeg_10,25,2,0.41481542587280273,0.2892022728919983,0.295982301235199,1.5640878472341322
DTSR14,mobilenetv3,jpeg_10,26,2,0.12146363407373428,0.5135369300842285,0.3649995028972626,1.3938867342325654
DTSR14,mobilenetv3,jpeg_10,27,2,0.413887619972229,0.24483156204223633,0.3412807881832123,1.5531081004834812
DTSR14,mobilenetv3,jpeg_10,28,2,0.2617100179195404,0.42607057094573975,0.31221944093704224,1.5548905426483
DTSR14,mobilenetv3,jpeg_10,29,2,0.3270449936389923,0.337616890668869,0.33533811569213867,1.5848281653234157
DTSR14,mobilenetv3,jpeg_10,30,2,0.2064250260591507,0.46045172214508057,0.33312323689460754,1.5133676351547027
DTSR14,mobilenetv3,jpeg_10,31,2,0.5516579151153564,0.22864893078804016,0.21969319880008698,1.4404995281929431
DTSR14,mobilenetv3,jpeg_10,32,2,0.37589263916015625,0.306035578250885,0.31807175278663635,1.579029301975611
DTSR14,mobilenetv3,jpeg_10,33,2,0.2731979191303253,0.38001421093940735,0.34678781032562256,1.571722110717891
DTSR14,mobilenetv3,jpeg_10,34,2,0.34469544887542725,0.4644477069377899,0.19085688889026642,1.4995720005518658
DTSR14,mobilenetv3,jpeg_10,35,2,0.3306775987148285,0.39229080080986023,0.2770315408706665,1.5705506702493632
DTSR14,mobilenetv3,jpeg_10,36,2,0.12683027982711792,0.48842886090278625,0.38474082946777344,1.4129475762081052
DTSR14,mobilenetv3,jpeg_10,37,2,0.5306615829467773,0.18577997386455536,0.28355851769447327,1.4518217440410592
DTSR14,mobilenetv3,jpeg_10,38,2,0.4251439571380615,0.27487581968307495,0.299980103969574,1.5578359171069573
DTSR14,mobilenetv3,jpeg_10,39,3,0.329668253660202,0.20377174019813538,0.4665599763393402,1.508574347138055
DTSR14,mobilenetv3,jpeg_10,40,3,0.34610316157341003,0.29049208760261536,0.3634048104286194,1.5785595953728668
DTSR14,mobilenetv3,jpeg_10,41,3,0.3526168763637543,0.29211029410362244,0.3552728295326233,1.5793141909627115
DTSR14,mobilenetv3,jpeg_10,42,4,0.16856539249420166,0.20287786424160004,0.6285567283630371,1.3209274041531287
DTSR14,mobilenetv3,jpeg_10,43,4,0.15392154455184937,0.7374815344810486,0.10859699547290802,1.0873684204926026
DTSR14,mobilenetv3,jpeg_10,44,4,0.06996428221464157,0.3832150399684906,0.5468207001686096,1.2749569572257025
DTSR14,mobilenetv3,jpeg_10,45,4,0.2727479338645935,0.5965697169303894,0.1306823194026947,1.3394793355375756
DTSR14,mobilenetv3,jpeg_10,46,4,0.2945020794868469,0.3711155354976654,0.3343823552131653,1.578583744530909
DTSR14,mobilenetv3,jpeg_10,47,4,0.13275957107543945,0.1375046670436859,0.729735791683197,1.1120476651772626
DTSR14,mobilenetv3,jpeg_10,48,4,0.09622814506292343,0.16297203302383423,0.7407998442649841,1.0721989749801606
DTSR14,mobilenetv3,jpeg_10,49,4,0.10301876813173294,0.25459471344947815,0.6423866152763367,1.2504558527904108
DTSR14,mobilenetv3,jpeg_10,50,4,0.32881778478622437,0.09345906972885132,0.5777232050895691,1.3045160012912025
DTSR14,mobilenetv3,jpeg_10,51,4,0.2921656370162964,0.5018156170845032,0.20601871609687805,1.4873749702265298
DTSR14,mobilenetv3,jpeg_10,52,5,0.3940527141094208,0.27006345987319946,0.33588382601737976,1.568144869176723
DTSR14,mobilenetv3,jpeg_10,53,5,0.1520514041185379,0.5745267271995544,0.27342185378074646,1.3840624339592646
DTSR14,mobilenetv3,jpeg_10,54,5,0.2549915611743927,0.15904636681079865,0.5859619975090027,1.3764254115512002
DTSR14,mobilenetv3,jpeg_10,55,5,0.12045179307460785,0.44893476366996765,0.4306134283542633,1.4099310325639962
DTSR14,mobilenetv3,jpeg_10,56,5,0.30462342500686646,0.34405601024627686,0.3513204753398895,1.5821911615582163
DTSR14,mobilenetv3,jpeg_10,57,5,0.20593637228012085,0.44740408658981323,0.3466595411300659,1.5184618228679065
DTSR14,mobilenetv3,jpeg_10,58,5,0.0957999899983406,0.49568960070610046,0.4085104763507843,1.3536660176584423
DTSR14,mobilenetv3,jpeg_10,59,5,0.2567073106765747,0.2009815275669098,0.5423111915588379,1.447610694669319
DTSR14,mobilenetv3,jpeg_10,60,5,0.12214358896017075,0.3509218096733093,0.5269346237182617,1.3877172111860743
DTSR14,mobilenetv3,jpeg_10,61,5,0.2059013545513153,0.14416727423667908,0.6499313116073608,1.2763036775766816
DTSR14,mobilenetv3,jpeg_10,62,5,0.038332000374794006,0.7750146985054016,0.18665334582328796,0.9173337132441206
DTSR14,mobilenetv3,jpeg_10,63,5,0.5233948230743408,0.09469393640756607,0.3819112777709961,1.3412369431779687
DTSR14,mobilenetv3,jpeg_10,64,5,0.3745594918727875,0.445623517036438,0.17981700599193573,1.4954124382860414
DTSR14,mobilenetv3,jpeg_10,65,5,0.29236742854118347,0.38229089975357056,0.3253416419029236,1.5760827255618188
DTSR14,mobilenetv3,jpeg_10,66,5,0.32744476199150085,0.34263014793395996,0.3299250900745392,1.5846764674179568
DTSR14,mobilenetv3,jpeg_10,67,5,0.15591375529766083,0.5958396196365356,0.24824650585651398,1.3621412924621912
DTSR14,mobilenetv3,jpeg_10,68,5,0.5589434504508972,0.17022711038589478,0.27082937955856323,1.4143091661142373
DTSR14,mobilenetv3,jpeg_10,69,5,0.5062085390090942,0.20011045038700104,0.29368096590042114,1.480812297051881
DTSR14,mobilenetv3,jpeg_10,70,5,0.7080085873603821,0.1423673778772354,0.1496240645647049,1.1631411661267397
DTSR14,mobilenetv3,jpeg_10,71,5,0.07111507654190063,0.6715418696403503,0.257343053817749,1.1609175859977214
DTSR14,mobilenetv3,jpeg_10,72,5,0.4804611802101135,0.3918339014053345,0.1277049332857132,1.4168984824555457
DTSR14,mobilenetv3,jpeg_10,73,5,0.12135442346334457,0.7169364094734192,0.16170911490917206,1.1384909829140213
DTSR14,mobilenetv3,jpeg_10,74,5,0.3075370490550995,0.5113174915313721,0.1811455935239792,1.4644622803527712
DTSR14,mobilenetv3,jpeg_10,75,5,0.5134227275848389,0.20234134793281555,0.2842358350753784,1.4760671686961104
DTSR14,mobilenetv3,jpeg_10,76,5,0.1827385574579239,0.60157710313797,0.21568438410758972,1.366476089302329
DTSR14,mobilenetv3,jpeg_10,77,5,0.4223102927207947,0.14727915823459625,0.4304107129573822,1.45565459972304
DTSR14,mobilenetv3,jpeg_10,78,5,0.13343912363052368,0.32325148582458496,0.5433094501495361,1.3926005154008116
DTSR14,mobilenetv3,jpeg_10,79,5,0.31419888138771057,0.36557257175445557,0.3202284276485443,1.5815979166968086
DTSR14,mobilenetv3,jpeg_10,80,5,0.13778698444366455,0.6278603076934814,0.23435257375240326,1.3061566601399637
DTSR14,mobilenetv3,jpeg_10,81,5,0.49159330129623413,0.06779088824987411,0.44061577320098877,1.28782229242773
DTSR14,mobilenetv3,jpeg_10,82,5,0.6692878007888794,0.22046752274036407,0.11024469882249832,1.2193513238277103
DTSR14,mobilenetv3,jpeg_10,83,5,0.5722733736038208,0.23857465386390686,0.1891520470380783,1.4084735230630163
DTSR14,mobilenetv3,jpeg_10,84,5,0.12289220094680786,0.4889224171638489,0.38818544149398804,1.4063611735365842
DTSR14,mobilenetv3,jpeg_10,85,5,0.2746300995349884,0.39550450444221497,0.32986536622047424,1.5691097911674006
DTSR14,mobilenetv3,jpeg_10,86,5,0.5356225371360779,0.24871006608009338,0.21566739678382874,1.4590154741018035
DTSR14,mobilenetv3,jpeg_10,87,5,0.5194388031959534,0.30541321635246277,0.17514799535274506,1.4536777593638286
DTSR14,mobilenetv3,jpeg_10,88,5,0.5630136728286743,0.08889637887477875,0.34808993339538574,1.3069602352546186
DTSR14,mobilenetv3,jpeg_10,89,5,0.4334626793861389,0.4203697144985199,0.14616763591766357,1.4538536532274686
DTSR14,mobilenetv3,jpeg_10,90,5,0.24498331546783447,0.4148373305797577,0.34017935395240784,1.5529123251309926
DTSR14,mobilenetv3,jpeg_10,91,5,0.11248612403869629,0.5971012711524963,0.29041263461112976,1.3168365798420902
DTSR14,mobilenetv3,jpeg_10,92,5,0.3539137840270996,0.024382496252655983,0.6217038035392761,1.08729489736194
DTSR14,mobilenetv3,jpeg_10,93,5,0.1637227088212967,0.24757081270217896,0.5887064933776855,1.3760508903005206
DTSR14,mobilenetv3,jpeg_10,94,5,0.27531901001930237,0.37676921486854553,0.3479117453098297,1.5728458124548172
DTSR14,mobilenetv3,jpeg_10,95,5,0.18243736028671265,0.5568785071372986,0.26068422198295593,1.4237473634810618
DTSR14,mobilenetv3,jpeg_10,96,5,0.30825093388557434,0.5247952938079834,0.1669536679983139,1.4426606089953238
DTSR14,mobilenetv3,jpeg_10,97,5,0.6538242101669312,0.19584466516971588,0.15033118426799774,1.27245314269264
DTSR14,mobilenetv3,jpeg_10,98,5,0.6607922911643982,0.13418614864349365,0.20502160489559174,1.2525169603065822
DTSR14,mobilenetv3,jpeg_10,99,5,0.5592027306556702,0.1827518790960312,0.25804534554481506,1.4213373645020317
DTSR14,mobilenetv3,jpeg_10,100,5,0.1804388016462326,0.5502412915229797,0.26931995153427124,1.4297091615473014
DTSR14,mobilenetv3,jpeg_10,101,5,0.11784057319164276,0.269801527261734,0.6123579740524292,1.306757468210297
DTSR14,mobilenetv3,jpeg_10,102,5,0.8091713786125183,0.18464712798595428,0.006181460339576006,0.742560554989348
DTSR14,mobilenetv3,jpeg_10,103,5,0.4732116162776947,0.24071472883224487,0.2860736548900604,1.521895988843729
DTSR14,mobilenetv3,jpeg_10,104,5,0.7785184979438782,0.15208318829536438,0.06939832866191864,0.9615297166108264
DTSR14,mobilenetv3,jpeg_10,105,5,0.27628448605537415,0.5874296426773071,0.1362859159708023,1.355442509911375
DTSR14,mobilenetv3,jpeg_10,106,5,0.8864615559577942,0.10317360609769821,0.010364868678152561,0.5605407969314893
DTSR14,mobilenetv3,jpeg_10,107,5,0.20953312516212463,0.0837528333067894,0.7067139744758606,1.1260123072985806
DTSR14,mobilenetv3,jpeg_10,108,5,0.06379343569278717,0.7112635374069214,0.22494295239448547,1.0870659723164962
DTSR14,mobilenetv3,jpeg_10,109,5,0.4852128326892853,0.1268673688173294,0.3879197835922241,1.4140798977165767
DTSR14,mobilenetv3,jpeg_10,110,5,0.5339752435684204,0.1931130439043045,0.27291175723075867,1.4527862176930781
DTSR14,mobilenetv3,jpeg_10,111,5,0.32938048243522644,0.4225541353225708,0.24806539714336395,1.5517823928922498
DTSR14,mobilenetv3,jpeg_10,112,5,0.36441275477409363,0.2770744264125824,0.35851290822029114,1.5743246524172498
DTSR14,mobilenetv3,jpeg_10,113,5,0.1807192862033844,0.5241085886955261,0.2951721251010895,1.4541618058251695
DTSR14,mobilenetv3,jpeg_10,114,5,0.6069897413253784,0.14452522993087769,0.24848508834838867,1.3396501614963172
DTSR14,mobilenetv3,jpeg_10,115,5,0.13222773373126984,0.4686301052570343,0.39914223551750183,1.4272703928953017
DTSR14,mobilenetv3,jpeg_10,116,5,0.03687369450926781,0.09117412567138672,0.8719522356987,0.6629598120087246
DTSR14,mobilenetv3,jpeg_10,117,5,0.46750831604003906,0.17527662217617035,0.357215017080307,1.4836858847138408
DTSR14,mobilenetv3,jpeg_10,118,6,0.0895933210849762,0.5494599938392639,0.3609466552734375,1.3171554084426638
DTSR14,mobilenetv3,jpeg_10,119,6,0.03416408970952034,0.5408704876899719,0.4249654710292816,1.1706411112427255
DTSR14,mobilenetv3,jpeg_10,120,6,0.39403805136680603,0.14887572824954987,0.4570862948894501,1.4547718427785754
DTSR14,mobilenetv3,jpeg_10,121,6,0.43392258882522583,0.18863224983215332,0.3774451017379761,1.5071311031031838
DTSR14,mobilenetv3,jpeg_10,122,6,0.1973896622657776,0.5452557802200317,0.2573545277118683,1.4431060418306323
DTSR14,mobilenetv3,jpeg_10,123,6,0.030802525579929352,0.5079816579818726,0.46121570467948914,1.165969744834868
DTSR14,mobilenetv3,jpeg_10,124,7,0.5220656991004944,0.28280186653137207,0.19513264298439026,1.4648628079487012
DTSR14,mobilenetv3,jpeg_10,125,7,0.44386962056159973,0.23627397418022156,0.31985634565353394,1.53792453563762
DTSR14,mobilenetv3,jpeg_10,126,7,0.6936678886413574,0.11560651659965515,0.1907254308462143,1.1818016890910727
DTSR14,mobilenetv3,jpeg_10,127,7,0.35241997241973877,0.3012044131755829,0.34637558460235596,1.5815160603200256
DTSR14,mobilenetv3,jpeg_10,128,7,0.4594917893409729,0.26614072918891907,0.2743675708770752,1.535678040173144
DTSR14,mobilenetv3,jpeg_10,129,7,0.3300643563270569,0.13975819945335388,0.5301774144172668,1.4099578572374982
DTSR14,mobilenetv3,jpeg_10,130,7,0.0005704500945284963,0.556240975856781,0.4431886374950409,0.997154793386853
DTSR14,mobilenetv3,jpeg_10,131,7,0.5959530472755432,0.08875662088394165,0.315290242433548,1.2801677337436699
DTSR14,mobilenetv3,jpeg_10,132,7,0.5391790270805359,0.10143213719129562,0.3593888580799103,1.3459615804855596
DTSR14,mobilenetv3,jpeg_10,133,7,0.5018664598464966,0.2973698079586029,0.2007637321949005,1.484522731623488
DTSR14,mobilenetv3,jpeg_10,134,7,0.6400045156478882,0.1111559346318245,0.24883948266506195,1.2637049845530743
DTSR14,mobilenetv3,jpeg_10,135,7,0.4433915913105011,0.20626671612262726,0.35034167766571045,1.520132320558499
DTSR14,mobilenetv3,jpeg_10,136,8,0.710602879524231,0.2742072343826294,0.015189925208687782,0.953855693902946
DTSR14,mobilenetv3,jpeg_10,137,8,0.522655189037323,0.35159698128700256,0.12574784457683563,1.3956126750220028
DTSR14,mobilenetv3,jpeg_10,138,8,0.277435839176178,0.1250622570514679,0.5975020527839661,1.3322252485212223
DTSR14,mobilenetv3,jpeg_10,139,8,0.5440528392791748,0.14702710509300232,0.3089200556278229,1.4079565006246055
DTSR14,mobilenetv3,jpeg_10,140,8,0.8062180876731873,0.1622801572084427,0.031501736491918564,0.833415206066935
DTSR14,mobilenetv3,jpeg_10,141,8,0.5481825470924377,0.15871469676494598,0.29310283064842224,1.4158336502899478
DTSR14,mobilenetv3,jpeg_10,142,8,0.3892435133457184,0.25686514377593994,0.3538913428783417,1.5639001536451982
DTSR14,mobilenetv3,jpeg_10,143,9,0.5548489093780518,0.3203529417514801,0.12479807436466217,1.372318982787533
DTSR14,mobilenetv3,jpeg_10,144,9,0.3551993668079376,0.00897248275578022,0.6358282566070557,1.0068151580738203
DTSR14,mobilenetv3,jpeg_10,145,9,0.44970422983169556,0.3447895050048828,0.2055063247680664,1.5172756778280823
DTSR14,mobilenetv3,jpeg_10,146,9,0.28683704137802124,0.537932276725769,0.1752306967973709,1.4382730565373611
DTSR14,mobilenetv3,jpeg_10,147,9,0.2803686857223511,0.5008785128593445,0.21875281631946564,1.4936183916903047
DTSR14,mobilenetv3,jpeg_10,148,9,0.24798136949539185,0.5478054285049438,0.2042132467031479,1.4425297068763747
DTSR14,mobilenetv3,jpeg_10,149,9,0.44932425022125244,0.3475418984889984,0.20313377678394318,1.5156142470763116
DTSR14,mobilenetv3,jpeg_10,150,9,0.5950191020965576,0.1814424991607666,0.22353844344615936,1.375608609429248
DTSR14,mobilenetv3,jpeg_10,151,9,0.17329028248786926,0.19857510924339294,0.6281346082687378,1.3227179006805048
DTSR14,mobilenetv3,jpeg_10,152,9,0.20469722151756287,0.31494495272636414,0.4803577959537506,1.5015272589950293
DTSR14,mobilenetv3,jpeg_10,153,9,0.12398090213537216,0.27031612396240234,0.6057029366493225,1.3216849444830387
DTSR14,mobilenetv3,jpeg_10,154,9,0.27401116490364075,0.4048907458782196,0.32109808921813965,1.5661586440106587
DTSR14,mobilenetv3,jpeg_10,155,9,0.4824623167514801,0.11601569503545761,0.4015220105648041,1.396429406425765
DTSR14,mobilenetv3,jpeg_10,156,9,0.14469538629055023,0.4594927132129669,0.3958118259906769,1.448286071523479
DTSR14,mobilenetv3,jpeg_10,157,9,0.15459813177585602,0.5699281096458435,0.2754737436771393,1.3910763623963704
DTSR14,mobilenetv3,jpeg_10,158,9,0.43183720111846924,0.3805390000343323,0.1876237541437149,1.5065120474479998
DTSR14,mobilenetv3,jpeg_10,159,9,0.30280253291130066,0.4800644814968109,0.21713300049304962,1.5085595682607005
DTSR14,mobilenetv3,jpeg_10,160,9,0.3981699049472809,0.21434029936790466,0.38748979568481445,1.5352525322781987
DTSR14,mobilenetv3,jpeg_10,161,9,0.09317261725664139,0.40655308961868286,0.5002741813659668,1.3467997195839287
DTSR14,mobilenetv3,jpeg_10,162,9,0.1358102709054947,0.5408290028572083,0.3233608603477478,1.3974469660211881
DTSR14,mobilenetv3,jpeg_10,163,9,0.11185706406831741,0.5029277205467224,0.38521522283554077,1.382347891946047
DTSR14,mobilenetv3,jpeg_10,164,9,0.10588879138231277,0.5909817218780518,0.3031294643878937,1.31344651056028
DTSR14,mobilenetv3,jpeg_10,165,10,0.5996378660202026,0.24714802205562592,0.15321414172649384,1.3554772686903753
DTSR14,mobilenetv3,jpeg_10,166,10,0.35490357875823975,0.3513917624950409,0.293704628944397,1.5797415768305951
DTSR14,mobilenetv3,jpeg_10,167,10,0.4553065598011017,0.16675500571727753,0.3779383897781372,1.4782830409328946
DTSR14,mobilenetv3,jpeg_10,168,10,0.8603349924087524,0.045225564390420914,0.09443958103656769,0.7102442743815656
DTSR14,mobilenetv3,jpeg_10,169,10,0.5038286447525024,0.10501080006361008,0.3911605477333069,1.3694118829223867
DTSR14,mobilenetv3,jpeg_10,170,10,0.7660760283470154,0.1515028327703476,0.08242110908031464,1.0037751546538018
DTSR14,mobilenetv3,jpeg_10,171,10,0.21006645262241364,0.526364803314209,0.2635687589645386,1.4672597240681604
DTSR14,mobilenetv3,jpeg_10,172,10,0.1489861011505127,0.475140780210495,0.3758731484413147,1.4499394136263704
DTSR14,mobilenetv3,jpeg_10,173,11,0.688674807548523,0.15291409194469452,0.15841107070446014,1.2059523794596672
DTSR14,mobilenetv3,jpeg_10,174,11,0.3854686915874481,0.27450183033943176,0.3400295376777649,1.571294480034698
DTSR14,mobilenetv3,jpeg_10,175,11,0.4111801087856293,0.26946744322776794,0.31935229897499084,1.5628835912348062
DTSR14,mobilenetv3,jpeg_10,176,11,0.1423845887184143,0.4243234694004059,0.43329185247421265,1.4479977054795978
DTSR14,mobilenetv3,jpeg_10,177,11,0.6045494079589844,0.22158852219581604,0.17386209964752197,1.3595125588184824
DTSR14,mobilenetv3,jpeg_10,178,11,0.5053771138191223,0.09803743660449982,0.39658546447753906,1.355217258692289
DTSR14,mobilenetv3,jpeg_10,179,12,0.45589473843574524,0.24664314091205597,0.2974621057510376,1.5350562462923514
DTSR14,mobilenetv3,jpeg_10,180,12,0.18821169435977936,0.13908898830413818,0.6726993918418884,1.234107004464439
DTSR14,mobilenetv3,jpeg_10,181,12,0.18424686789512634,0.23601068556308746,0.579742431640625,1.3972203012625959
DTSR14,mobilenetv3,jpeg_10,182,12,0.4190409779548645,0.18209746479988098,0.39886152744293213,1.502187447509284
DTSR14,mobilenetv3,jpeg_10,183,12,0.35419631004333496,0.42297908663749695,0.22282449901103973,1.5380700729394472
DTSR14,mobilenetv3,jpeg_10,184,12,0.3090880215167999,0.4791605472564697,0.21175146102905273,1.5063867823850863
DTSR14,mobilenetv3,jpeg_10,185,12,0.3986985683441162,0.10506485402584076,0.49623653292655945,1.3720997823115342
DTSR14,mobilenetv3,jpeg_10,186,12,0.21904480457305908,0.5588350296020508,0.22212009131908417,1.4311383198635224
DTSR14,mobilenetv3,jpeg_10,187,12,0.3699151873588562,0.2875758409500122,0.3425089120864868,1.5772326426420942
DTSR14,mobilenetv3,jpeg_10,188,12,0.29666537046432495,0.2447185218334198,0.45861613750457764,1.5328356031526598
DTSR14,mobilenetv3,jpeg_10,189,12,0.23729999363422394,0.2559985816478729,0.5067014098167419,1.4926576039220367
DTSR14,mobilenetv3,jpeg_10,190,12,0.1886010318994522,0.3884548246860504,0.42294418811798096,1.5088768765739573
DTSR14,mobilenetv3,jpeg_10,191,12,0.4113382399082184,0.2486407309770584,0.340021014213562,1.555585540382289
DTSR14,mobilenetv3,jpeg_10,192,12,0.5551183819770813,0.23539215326309204,0.2094893902540207,1.4350092794240248
DTSR14,mobilenetv3,jpeg_10,193,12,0.30716732144355774,0.11927195638418198,0.5735606551170349,1.3489489828072025
DTSR14,mobilenetv3,jpeg_10,194,12,0.06237226724624634,0.5807203054428101,0.3569073975086212,1.2355064182717928
DTSR14,mobilenetv3,jpeg_10,195,12,0.4207195043563843,0.27063557505607605,0.3086448907852173,1.5592675859483895
DTSR14,mobilenetv3,jpeg_10,196,13,0.196670800447464,0.260964035987854,0.5423651337623596,1.4459126912877578
DTSR14,mobilenetv3,jpeg_10,197,13,0.3709694743156433,0.0026458310894668102,0.6263847351074219,0.9761068960356615
DTSR14,mobilenetv3,jpeg_10,198,13,0.23372066020965576,0.47412601113319397,0.29215332865715027,1.5192482368584135
DTSR14,mobilenetv3,jpeg_10,199,13,0.09542535245418549,0.5243356227874756,0.38023900985717773,1.3422701523879468
DTSR14,mobilenetv3,jpeg_50,0,0,0.04899901524186134,0.13728190958499908,0.8137191534042358,0.8484809542011621
DTSR14,mobilenetv3,jpeg_50,1,0,0.040384478867053986,0.04120295122265816,0.9184125065803528,0.48932957885733874
DTSR14,mobilenetv3,jpeg_50,2,0,0.7852767109870911,0.05291202291846275,0.16181118786334991,0.9233856895466335
DTSR14,mobilenetv3,jpeg_50,3,0,0.6267363429069519,0.06626762449741364,0.3069961965084076,1.2049698491102778
DTSR14,mobilenetv3,jpeg_50,4,0,0.8453364372253418,0.04917267709970474,0.10549096018075943,0.7609140880607028
DTSR14,mobilenetv3,jpeg_50,5,0,0.06910707801580429,0.8083339929580688,0.12255892902612686,0.8857128515892342
DTSR14,mobilenetv3,jpeg_50,6,0,0.04105289652943611,0.6801230907440186,0.27882397174835205,1.081096930443572
DTSR14,mobilenetv3,jpeg_50,7,1,0.04895148426294327,0.6044153571128845,0.3466331660747528,1.1819366116610288
DTSR14,mobilenetv3,jpeg_50,8,1,0.04532204568386078,0.6733757257461548,0.28130215406417847,1.101202087170495
DTSR14,mobilenetv3,jpeg_50,9,1,0.05776304379105568,0.6232951283454895,0.3189418911933899,1.18853416472477
DTSR14,mobilenetv3,jpeg_50,10,1,0.039042696356773376,0.7863932847976685,0.17456404864788055,0.8948798927768884
DTSR14,mobilenetv3,jpeg_50,11,1,0.5656188130378723,0.040109552443027496,0.394271582365036,1.1805023809463187
DTSR14,mobilenetv3,jpeg_50,12,1,0.039138875901699066,0.3619140386581421,0.5989470481872559,1.1565729793580533
DTSR14,mobilenetv3,jpeg_50,13,1,0.031783025711774826,0.32203200459480286,0.6461849808692932,1.0916572510115967
DTSR14,mobilenetv3,jpeg_50,14,2,0.26085275411605835,0.40201079845428467,0.337136447429657,1.563065091444103
DTSR14,mobilenetv3,jpeg_50,15,2,0.27421319484710693,0.4806961119174957,0.24509064853191376,1.5170496725882918
DTSR14,mobilenetv3,jpeg_50,16,2,0.5651746988296509,0.1885233372449875,0.24630197882652283,1.4169794167224348
DTSR14,mobilenetv3,jpeg_50,17,2,0.2566823661327362,0.47134873270988464,0.2719690203666687,1.5259625091730857
DTSR14,mobilenetv3,jpeg_50,18,2,0.4214368760585785,0.3605683147907257,0.2179948389530182,1.5350732975876018
DTSR14,mobilenetv3,jpeg_50,19,2,0.1391121745109558,0.3995209336280823,0.46136683225631714,1.4395890828417448
DTSR14,mobilenetv3,jpeg_50,20,2,0.461802214384079,0.12315576523542404,0.4150420129299164,1.4134091110187121
DTSR14,mobilenetv3,jpeg_50,21,2,0.6088698506355286,0.18906186521053314,0.2020682841539383,1.3563431053923993
DTSR14,mobilenetv3,jpeg_50,22,2,0.5138282179832458,0.045816570520401,0.4403553009033203,1.2184513112749307
DTSR14,mobilenetv3,jpeg_50,23,2,0.11386935412883759,0.36902251839637756,0.5171080827713013,1.3796731189448164
DTSR14,mobilenetv3,jpeg_50,24,2,0.20835208892822266,0.40602779388427734,0.3856201171875,1.5295893675389993
DTSR14,mobilenetv3,jpeg_50,25,2,0.2652862071990967,0.36738085746765137,0.36733299493789673,1.5693328016727475
DTSR14,mobilenetv3,jpeg_50,26,2,0.1352027803659439,0.5675200819969177,0.29727721214294434,1.3743839577391967
DTSR14,mobilenetv3,jpeg_50,27,2,0.35921669006347656,0.36962416768074036,0.27115926146507263,1.5718567086419708
DTSR14,mobilenetv3,jpeg_50,28,2,0.5094003677368164,0.04204922169446945,0.4485504925251007,1.2067708772383794
DTSR14,mobilenetv3,jpeg_50,29,2,0.3324314057826996,0.42773422598838806,0.23983441293239594,1.5462888441466116
DTSR14,mobilenetv3,jpeg_50,30,2,0.6537311673164368,0.025170333683490753,0.3210985064506531,1.0608483396503938
DTSR14,mobilenetv3,jpeg_50,31,2,0.15903683006763458,0.3873588740825653,0.45360425114631653,1.4691953837914948
DTSR14,mobilenetv3,jpeg_50,32,2,0.22613035142421722,0.3942064344882965,0.3796631693840027,1.5448768964397601
DTSR14,mobilenetv3,jpeg_50,33,2,0.2375604510307312,0.7150319218635559,0.04740763455629349,1.047165563807667
DTSR14,mobilenetv3,jpeg_50,34,2,0.472043514251709,0.27219390869140625,0.2557624876499176,1.5253312042142957
DTSR14,mobilenetv3,jpeg_50,35,2,0.37085065245628357,0.3196162283420563,0.30953311920166016,1.580355782120702
DTSR14,mobilenetv3,jpeg_50,36,2,0.5886197686195374,0.160454660654068,0.2509255111217499,1.3741295239345883
DTSR14,mobilenetv3,jpeg_50,37,2,0.6378208994865417,0.038271479308605194,0.3239077031612396,1.1207554560099786
DTSR14,mobilenetv3,jpeg_50,38,2,0.28932735323905945,0.36197981238365173,0.348692923784256,1.578344193680195
DTSR14,mobilenetv3,jpeg_50,39,3,0.1353851854801178,0.2356322556734085,0.6289826035499573,1.3026839505979146
DTSR14,mobilenetv3,jpeg_50,40,3,0.1026935800909996,0.17772699892520905,0.7195795178413391,1.1217832793868454
DTSR14,mobilenetv3,jpeg_50,41,3,0.20793363451957703,0.5795421600341797,0.21252422034740448,1.4020881714915305
DTSR14,mobilenetv3,jpeg_50,42,4,0.1830391138792038,0.2545733153820038,0.5623876452445984,1.4178796011410597
DTSR14,mobilenetv3,jpeg_50,43,4,0.1397908627986908,0.44641637802124023,0.41379278898239136,1.4430072631950441
DTSR14,mobilenetv3,jpeg_50,44,4,0.07951006293296814,0.40888896584510803,0.5116009712219238,1.3126558241554038
DTSR14,mobilenetv3,jpeg_50,45,4,0.04175001010298729,0.4638071358203888,0.4944429099559784,1.2078025196498499
DTSR14,mobilenetv3,jpeg_50,46,4,0.7206254601478577,0.2457401156425476,0.033634379506111145,1.002801353535212
DTSR14,mobilenetv3,jpeg_50,47,4,0.06524229794740677,0.5262384414672852,0.4085194170475006,1.2719478426375006
DTSR14,mobilenetv3,jpeg_50,48,4,0.09483575075864792,0.436797171831131,0.4683670699596405,1.3567780248098629
DTSR14,mobilenetv3,jpeg_50,49,4,0.5139418840408325,0.4326159954071045,0.053442202508449554,1.2423543083995605
DTSR14,mobilenetv3,jpeg_50,50,4,0.2040671706199646,0.27885451912879944,0.5170782208442688,1.4736917056632899
DTSR14,mobilenetv3,jpeg_50,51,4,0.41572752594947815,0.43613675236701965,0.148135706782341,1.4566667243405216
DTSR14,mobilenetv3,jpeg_50,52,5,0.49201199412345886,0.23410968482494354,0.2738783657550812,1.505555795693649
DTSR14,mobilenetv3,jpeg_50,53,5,0.11814379692077637,0.432720810174942,0.4491353929042816,1.405637418227403
DTSR14,mobilenetv3,jpeg_50,54,5,0.2804456651210785,0.4346998333930969,0.2848545014858246,1.5529365202005674
DTSR14,mobilenetv3,jpeg_50,55,5,0.14441539347171783,0.476836621761322,0.3787480890750885,1.4431414426078695
DTSR14,mobilenetv3,jpeg_50,56,5,0.26822131872177124,0.3255431652069092,0.40623557567596436,1.5642478999253717
DTSR14,mobilenetv3,jpeg_50,57,5,0.09676332771778107,0.6431514620780945,0.2600851356983185,1.240904102584315
DTSR14,mobilenetv3,jpeg_50,58,5,0.8535044193267822,0.1035204753279686,0.04297512769699097,0.728893466259565
DTSR14,mobilenetv3,jpeg_50,59,5,0.055968549102544785,0.34458595514297485,0.5994454622268677,1.2050076851788232
DTSR14,mobilenetv3,jpeg_50,60,5,0.17361599206924438,0.40881574153900146,0.41756823658943176,1.4922273086219073
DTSR14,mobilenetv3,jpeg_50,61,5,0.20724935829639435,0.47097694873809814,0.3217736780643463,1.5085648009660315
DTSR14,mobilenetv3,jpeg_50,62,5,0.08745899051427841,0.5203146934509277,0.39222633838653564,1.3274598320617468
DTSR14,mobilenetv3,jpeg_50,63,5,0.23176319897174835,0.6428415775299072,0.12539522349834442,1.2742561849836884
DTSR14,mobilenetv3,jpeg_50,64,5,0.2263418436050415,0.4433576762676239,0.3303004801273346,1.5332772933640024
DTSR14,mobilenetv3,jpeg_50,65,5,0.2701575756072998,0.3462326228618622,0.3836098313331604,1.5701516783411777
DTSR14,mobilenetv3,jpeg_50,66,5,0.5441765189170837,0.21633920073509216,0.2394842654466629,1.4493369873860185
DTSR14,mobilenetv3,jpeg_50,67,5,0.5127862095832825,0.2207397073507309,0.2664739787578583,1.4836406256534196
DTSR14,mobilenetv3,jpeg_50,68,5,0.6081805229187012,0.1498817652463913,0.24193766713142395,1.3420349866862704
DTSR14,mobilenetv3,jpeg_50,69,5,0.5126879215240479,0.16528506577014923,0.3220269978046417,1.4498259429948406
DTSR14,mobilenetv3,jpeg_50,70,5,0.3537592887878418,0.40496373176574707,0.24127689003944397,1.5533857531004094
DTSR14,mobilenetv3,jpeg_50,71,5,0.5107206702232361,0.3283189833164215,0.16096030175685883,1.4468084582600382
DTSR14,mobilenetv3,jpeg_50,72,5,0.22068433463573456,0.5702069401741028,0.20910872519016266,1.4152989052517648
DTSR14,mobilenetv3,jpeg_50,73,5,0.24378007650375366,0.032946690917015076,0.7232732176780701,0.9966901634225422
DTSR14,mobilenetv3,jpeg_50,74,5,0.4957468807697296,0.23209817707538605,0.27215492725372314,1.5019031553748792
DTSR14,mobilenetv3,jpeg_50,75,5,0.5938259363174438,0.32621073722839355,0.07996327430009842,1.2651151677742667
DTSR14,mobilenetv3,jpeg_50,76,5,0.13762937486171722,0.4170093238353729,0.44536131620407104,1.4396946435966371
DTSR14,mobilenetv3,jpeg_50,77,5,0.5959557890892029,0.15561610460281372,0.2484281212091446,1.3617943864219384
DTSR14,mobilenetv3,jpeg_50,78,5,0.5836256742477417,0.17951305210590363,0.23686127364635468,1.3903850538502807
DTSR14,mobilenetv3,jpeg_50,79,5,0.05384502187371254,0.5610554814338684,0.38509947061538696,1.2249238067983046
DTSR14,mobilenetv3,jpeg_50,80,5,0.5676716566085815,0.05547679588198662,0.37685155868530273,1.2257436269207975
DTSR14,mobilenetv3,jpeg_50,81,5,0.495756596326828,0.20201176404953003,0.3022315800189972,1.489726786737714
DTSR14,mobilenetv3,jpeg_50,82,5,0.7643570899963379,0.05059051886200905,0.18505226075649261,0.9645348662429676
DTSR14,mobilenetv3,jpeg_50,83,5,0.7589840292930603,0.0567423440515995,0.1842736452817917,0.9864914234852016
DTSR14,mobilenetv3,jpeg_50,84,5,0.12533238530158997,0.5194525718688965,0.35521507263183594,1.3967861419025869
DTSR14,mobilenetv3,jpeg_50,85,5,0.5364571213722229,0.27633193135261536,0.18721096217632294,1.447267269905133
DTSR14,mobilenetv3,jpeg_50,86,5,0.39775753021240234,0.40387657284736633,0.19836589694023132,1.520248235332001
DTSR14,mobilenetv3,jpeg_50,87,5,0.6098402142524719,0.2646523416042328,0.1255073845386505,1.3184658215469274
DTSR14,mobilenetv3,jpeg_50,88,5,0.44894394278526306,0.25310835242271423,0.2979477345943451,1.5408867307078784
DTSR14,mobilenetv3,jpeg_50,89,5,0.02464834414422512,0.14540579915046692,0.8299459218978882,0.7593580411247656
DTSR14,mobilenetv3,jpeg_50,90,5,0.7727713584899902,0.02829558216035366,0.19893312454223633,0.8963588071059104
DTSR14,mobilenetv3,jpeg_50,91,5,0.07790090143680573,0.58121258020401,0.34088653326034546,1.2711301698228774
DTSR14,mobilenetv3,jpeg_50,92,5,0.43682655692100525,0.35562002658843994,0.20755355060100555,1.5232133810952468
DTSR14,mobilenetv3,jpeg_50,93,5,0.04093034192919731,0.5548878908157349,0.40418168902397156,1.1884575882352506
DTSR14,mobilenetv3,jpeg_50,94,5,0.02781190350651741,0.5275747776031494,0.44461333751678467,1.1503721802150322
DTSR14,mobilenetv3,jpeg_50,95,5,0.1930648386478424,0.5272245407104492,0.279710590839386,1.4591160884826233
DTSR14,mobilenetv3,jpeg_50,96,5,0.5173355937004089,0.05187197029590607,0.4307924509048462,1.2367181721638771
DTSR14,mobilenetv3,jpeg_50,97,5,0.6729714274406433,0.030316080898046494,0.2967124581336975,1.0575279102596202
DTSR14,mobilenetv3,jpeg_50,98,5,0.4519955813884735,0.181643545627594,0.36636099219322205,1.4955399353554197
DTSR14,mobilenetv3,jpeg_50,99,5,0.49802619218826294,0.1532747596502304,0.34869909286499023,1.4456038417972983
DTSR14,mobilenetv3,jpeg_50,100,5,0.5683506727218628,0.04050004854798317,0.39114928245544434,1.1803374869887986
DTSR14,mobilenetv3,jpeg_50,101,5,0.07300169765949249,0.15282060205936432,0.7741777300834656,0.9756818879541546
DTSR14,mobilenetv3,jpeg_50,102,5,0.7829945087432861,0.03738970682024956,0.17961573600769043,0.8985224141864276
DTSR14,mobilenetv3,jpeg_50,103,5,0.6208125352859497,0.19535978138446808,0.18382763862609863,1.3364005158928682
DTSR14,mobilenetv3,jpeg_50,104,5,0.5228333473205566,0.3972138464450836,0.07995285093784332,1.3096491995946766
DTSR14,mobilenetv3,jpeg_50,105,5,0.5485116243362427,0.3172474205493927,0.13424114882946014,1.3896070412688666
DTSR14,mobilenetv3,jpeg_50,106,5,0.04521128162741661,0.7923833131790161,0.16240544617176056,0.8938735478008321
DTSR14,mobilenetv3,jpeg_50,107,5,0.5448636412620544,0.1786680370569229,0.27646833658218384,1.4340426741016827
DTSR14,mobilenetv3,jpeg_50,108,5,0.050390105694532394,0.6974930167198181,0.252116858959198,1.0809057786185947
DTSR14,mobilenetv3,jpeg_50,109,5,0.5734525322914124,0.23317737877368927,0.19337014853954315,1.4082398670213792
DTSR14,mobilenetv3,jpeg_50,110,5,0.3357750475406647,0.4334152042865753,0.2308097928762436,1.5396456971902373
DTSR14,mobilenetv3,jpeg_50,111,5,0.45246854424476624,0.3043459355831146,0.24318550527095795,1.5360644441233222
DTSR14,mobilenetv3,jpeg_50,112,5,0.22227607667446136,0.521375298500061,0.2563486397266388,1.4755548014309436
DTSR14,mobilenetv3,jpeg_50,113,5,0.28197795152664185,0.4457166790962219,0.2723053991794586,1.5456424667642996
DTSR14,mobilenetv3,jpeg_50,114,5,0.5233287811279297,0.23693162202835083,0.23973959684371948,1.4750883948950855
DTSR14,mobilenetv3,jpeg_50,115,5,0.1141575500369072,0.3987240791320801,0.4871183931827545,1.3917996159415358
DTSR14,mobilenetv3,jpeg_50,116,5,0.5544484853744507,0.38760823011398315,0.05794330686330795,1.2398555660897637
DTSR14,mobilenetv3,jpeg_50,117,5,0.47916659712791443,0.21765440702438354,0.3031790852546692,1.5094042611620513
DTSR14,mobilenetv3,jpeg_50,118,6,0.07074448466300964,0.2569429278373718,0.6723125576972961,1.1591609932714995
DTSR14,mobilenetv3,jpeg_50,119,6,0.06942193955183029,0.277004212141037,0.6535738110542297,1.1812037116476646
DTSR14,mobilenetv3,jpeg_50,120,6,0.053253430873155594,0.23866765201091766,0.7080788612365723,1.071258472587076
DTSR14,mobilenetv3,jpeg_50,121,6,0.29540979862213135,0.08627866208553314,0.6183115243911743,1.2535276125932722
DTSR14,mobilenetv3,jpeg_50,122,6,0.07590432465076447,0.04793110489845276,0.8761646747589111,0.6595238080037167
DTSR14,mobilenetv3,jpeg_50,123,6,0.0350087508559227,0.9291278123855591,0.03586346283555031,0.44003495321179226
DTSR14,mobilenetv3,jpeg_50,124,7,0.7933801412582397,0.04291651397943497,0.1637033224105835,0.8872667578334241
DTSR14,mobilenetv3,jpeg_50,125,7,0.6355271339416504,0.30931562185287476,0.05515725165605545,1.169817083994337
DTSR14,mobilenetv3,jpeg_50,126,7,0.6068155169487,0.34535396099090576,0.04783059284090996,1.1768170786429788
DTSR14,mobilenetv3,jpeg_50,127,7,0.6602314710617065,0.29118019342422485,0.048588238656520844,1.1257576450794644
DTSR14,mobilenetv3,jpeg_50,128,7,0.4250056743621826,0.24430382251739502,0.33069050312042236,1.549307393188808
DTSR14,mobilenetv3,jpeg_50,129,7,0.6808475255966187,0.2676394283771515,0.05151299387216568,1.1069686577729498
DTSR14,mobilenetv3,jpeg_50,130,7,0.777289628982544,0.16523538529872894,0.05747506022453308,0.9485594454737345
DTSR14,mobilenetv3,jpeg_50,131,7,0.049529287964105606,0.7990461587905884,0.1514245569705963,0.8857274722708001
DTSR14,mobilenetv3,jpeg_50,132,7,0.8434846997261047,0.036302339285612106,0.12021303176879883,0.7482055506833966
DTSR14,mobilenetv3,jpeg_50,133,7,0.03633390739560127,0.717854380607605,0.2458115965127945,1.0146876204437305
DTSR14,mobilenetv3,jpeg_50,134,7,0.3436838686466217,0.6126585602760315,0.043657537549734116,1.1598468233966637
DTSR14,mobilenetv3,jpeg_50,135,7,0.4644477367401123,0.5004363059997559,0.03511592745780945,1.1833477416854201
DTSR14,mobilenetv3,jpeg_50,136,8,0.9336086511611938,0.024246279150247574,0.04214511066675186,0.4151774896542507
DTSR14,mobilenetv3,jpeg_50,137,8,0.5594795346260071,0.3893835246562958,0.05113686993718147,1.2179553372794125
DTSR14,mobilenetv3,jpeg_50,138,8,0.06970454752445221,0.6199021339416504,0.3103933334350586,1.2194010882293997
DTSR14,mobilenetv3,jpeg_50,139,8,0.28353145718574524,0.05421687662601471,0.6622518301010132,1.1373078906313103
DTSR14,mobilenetv3,jpeg_50,140,8,0.052883047610521317,0.1941804736852646,0.7529364824295044,0.9916773879695975
DTSR14,mobilenetv3,jpeg_50,141,8,0.8247024416923523,0.13474062085151672,0.04055683687329292,0.8064785778995522
DTSR14,mobilenetv3,jpeg_50,142,8,0.37062394618988037,0.29874661564826965,0.3306293487548828,1.5793604653023205
DTSR14,mobilenetv3,jpeg_50,143,9,0.9352168440818787,0.022139370441436768,0.04264383763074875,0.4061671313261741
DTSR14,mobilenetv3,jpeg_50,144,9,0.04160543158650398,0.8865529894828796,0.07184149324893951,0.6177892522880921
DTSR14,mobilenetv3,jpeg_50,145,9,0.7111606597900391,0.23759126663208008,0.05124809592962265,1.0620154998245643
DTSR14,mobilenetv3,jpeg_50,146,9,0.04316084459424019,0.6332014799118042,0.32363778352737427,1.1398796926429449
DTSR14,mobilenetv3,jpeg_50,147,9,0.03580094501376152,0.7694971561431885,0.1947018951177597,0.9224871120496072
DTSR14,mobilenetv3,jpeg_50,148,9,0.06010904908180237,0.2696417570114136,0.6702491641044617,1.1405684054307386
DTSR14,mobilenetv3,jpeg_50,149,9,0.062188323587179184,0.2852093577384949,0.6526023149490356,1.1672270749843883
DTSR14,mobilenetv3,jpeg_50,150,9,0.060058992356061935,0.601264476776123,0.3386765718460083,1.213992527898
DTSR14,mobilenetv3,jpeg_50,151,9,0.1453777551651001,0.6346114873886108,0.2200108915567398,1.3013797857130414
DTSR14,mobilenetv3,jpeg_50,152,9,0.05462786555290222,0.6547608375549316,0.29061126708984375,1.1472666037160781
DTSR14,mobilenetv3,jpeg_50,153,9,0.341013103723526,0.04587884247303009,0.6131080389022827,1.1659888733805637
DTSR14,mobilenetv3,jpeg_50,154,9,0.6596166491508484,0.04006049409508705,0.30032283067703247,1.1031003113281606
DTSR14,mobilenetv3,jpeg_50,155,9,0.05598144605755806,0.6076691150665283,0.3363494277000427,1.1982485734533213
DTSR14,mobilenetv3,jpeg_50,156,9,0.3639393448829651,0.5935541391372681,0.042506493628025055,1.1710524835326417
DTSR14,mobilenetv3,jpeg_50,157,9,0.05199117958545685,0.19721801578998566,0.7507908344268799,0.9941494110435507
DTSR14,mobilenetv3,jpeg_50,158,9,0.8272601962089539,0.036197129637002945,0.1365426927804947,0.791868012075762
DTSR14,mobilenetv3,jpeg_50,159,9,0.7762637734413147,0.05016179382801056,0.17357449233531952,0.9387079726397756
DTSR14,mobilenetv3,jpeg_50,160,9,0.7032790780067444,0.036043018102645874,0.26067790389060974,1.0355683676147782
DTSR14,mobilenetv3,jpeg_50,161,9,0.11083187162876129,0.3746597468852997,0.5145084857940674,1.3756557075661666
DTSR14,mobilenetv3,jpeg_50,162,9,0.07194666564464569,0.4354466497898102,0.4926067292690277,1.2986587552904152
DTSR14,mobilenetv3,jpeg_50,163,9,0.1104993149638176,0.544151246547699,0.34534952044487,1.3585977951520984
DTSR14,mobilenetv3,jpeg_50,164,9,0.19917438924312592,0.7384275197982788,0.06239815428853035,1.0364379055933213
DTSR14,mobilenetv3,jpeg_50,165,10,0.2862236797809601,0.6468079686164856,0.0669683888554573,1.1843515593321152
DTSR14,mobilenetv3,jpeg_50,166,10,0.7770580649375916,0.15633198618888855,0.06660989671945572,0.9616452586903312
DTSR14,mobilenetv3,jpeg_50,167,10,0.8648142218589783,0.03878098353743553,0.09640470892190933,0.6883781894225045
DTSR14,mobilenetv3,jpeg_50,168,10,0.3137282133102417,0.5553346276283264,0.13093717396259308,1.3799695178231934
DTSR14,mobilenetv3,jpeg_50,169,10,0.3352600038051605,0.1336727738380432,0.5310671329498291,1.401550980572444
DTSR14,mobilenetv3,jpeg_50,170,10,0.7191781401634216,0.2386413812637329,0.04218047484755516,1.0279677882856935
DTSR14,mobilenetv3,jpeg_50,171,10,0.8054839968681335,0.057830970734357834,0.13668513298034668,0.8816037737621198
DTSR14,mobilenetv3,jpeg_50,172,10,0.7504885196685791,0.1421637237071991,0.10734778642654419,1.0564986259673723
DTSR14,mobilenetv3,jpeg_50,173,11,0.6283807754516602,0.05177370086312294,0.3198455572128296,1.1683580648267653
DTSR14,mobilenetv3,jpeg_50,174,11,0.2001388967037201,0.7531617879867554,0.046699460595846176,0.9789596718142128
DTSR14,mobilenetv3,jpeg_50,175,11,0.07924128323793411,0.43751803040504456,0.4832407534122467,1.3186203685583626
DTSR14,mobilenetv3,jpeg_50,176,11,0.9194772243499756,0.061940159648656845,0.018582573160529137,0.46677449418907146
DTSR14,mobilenetv3,jpeg_50,177,11,0.7280622124671936,0.007281336933374405,0.26465654373168945,0.8926243621237466
DTSR14,mobilenetv3,jpeg_50,178,11,0.695526659488678,0.22778812050819397,0.07668528705835342,1.1345977037236166
DTSR14,mobilenetv3,jpeg_50,179,12,0.2988589107990265,0.2011411339044571,0.5000001192092896,1.4861349484640438
DTSR14,mobilenetv3,jpeg_50,180,12,0.035618510097265244,0.45404964685440063,0.5103318691253662,1.1838399770440022
DTSR14,mobilenetv3,jpeg_50,181,12,0.3681948482990265,0.09309060126543045,0.538714587688446,1.3303461556563738
DTSR14,mobilenetv3,jpeg_50,182,12,0.45067015290260315,0.09280537068843842,0.45652449131011963,1.3529324743174183
DTSR14,mobilenetv3,jpeg_50,183,12,0.3221375048160553,0.03066987730562687,0.647192656993866,1.0868963055893557
DTSR14,mobilenetv3,jpeg_50,184,12,0.044351644814014435,0.375825434923172,0.5798228979110718,1.185893630154779
DTSR14,mobilenetv3,jpeg_50,185,12,0.27744051814079285,0.14856237173080444,0.5739971399307251,1.3815751157222267
DTSR14,mobilenetv3,jpeg_50,186,12,0.3515622019767761,0.030816860496997833,0.6176209449768066,1.1142867624652182
DTSR14,mobilenetv3,jpeg_50,187,12,0.04998743161559105,0.6262695789337158,0.32374295592308044,1.1656379976873472
DTSR14,mobilenetv3,jpeg_50,188,12,0.032162584364414215,0.49828606843948364,0.46955132484436035,1.1723457156447183
DTSR14,mobilenetv3,jpeg_50,189,12,0.2519489526748657,0.38479554653167725,0.3632553815841675,1.561956139976505
DTSR14,mobilenetv3,jpeg_50,190,12,0.21043036878108978,0.3256210684776306,0.46394845843315125,1.5143025066628129
DTSR14,mobilenetv3,jpeg_50,191,12,0.2726042866706848,0.36629757285118103,0.36109817028045654,1.572545752445547
DTSR14,mobilenetv3,jpeg_50,192,12,0.5151467323303223,0.06262122094631195,0.4222320318222046,1.2684878218175628
DTSR14,mobilenetv3,jpeg_50,193,12,0.5891969203948975,0.3469487130641937,0.06385450065135956,1.2329671690100792
DTSR14,mobilenetv3,jpeg_50,194,12,0.057868875563144684,0.3084593117237091,0.6336718201637268,1.1783893240278298
DTSR14,mobilenetv3,jpeg_50,195,12,0.6345736980438232,0.044507160782814026,0.32091912627220154,1.1424154705800822
DTSR14,mobilenetv3,jpeg_50,196,13,0.061138466000556946,0.7930647134780884,0.1457967311143875,0.9167872678374791
DTSR14,mobilenetv3,jpeg_50,197,13,0.031806737184524536,0.10558418184518814,0.8626090288162231,0.6846158555376232
DTSR14,mobilenetv3,jpeg_50,198,13,0.054551608860492706,0.39253848791122437,0.5529099106788635,1.2311563023053416
DTSR14,mobilenetv3,jpeg_50,199,13,0.0686364471912384,0.13962818682193756,0.7917354702949524,0.9286062919635345
DTSR14,mobilenetv3,rotation_45,0,0,0.09563746303319931,0.028553776443004608,0.8758087158203125,0.6378940522113368
DTSR14,mobilenetv3,rotation_45,1,0,0.011542011052370071,0.09718547016382217,0.8912725448608398,0.5491474640767072
DTSR14,mobilenetv3,rotation_45,2,0,0.10082786530256271,0.013102352619171143,0.8860697746276855,0.5703122085991583
DTSR14,mobilenetv3,rotation_45,3,0,0.03489433974027634,0.8512043356895447,0.11390132457017899,0.7237409486964617
DTSR14,mobilenetv3,rotation_45,4,0,0.09943801909685135,0.011279904283583164,0.8892819881439209,0.5546604748540523
DTSR14,mobilenetv3,rotation_45,5,0,0.0968787744641304,0.017773572355508804,0.8853474855422974,0.5851355124277937
DTSR14,mobilenetv3,rotation_45,6,0,0.10196520388126373,0.008706185966730118,0.8893285393714905,0.545925762291718
DTSR14,mobilenetv3,rotation_45,7,1,0.11464858800172806,0.7849576473236084,0.10039383918046951,0.9653715066308127
DTSR14,mobilenetv3,rotation_45,8,1,0.013865497894585133,0.08783058077096939,0.8983039259910583,0.5327815659628476
DTSR14,mobilenetv3,rotation_45,9,1,0.8875654935836792,0.014643320813775063,0.09779111295938492,0.5699644125842569
DTSR14,mobilenetv3,rotation_45,10,1,0.8816419839859009,0.09602601081132889,0.02233196049928665,0.6073197523370558
DTSR14,mobilenetv3,rotation_45,11,1,0.5806264877319336,0.31642159819602966,0.10295188426971436,1.3183586456786056
DTSR14,mobilenetv3,rotation_45,12,1,0.0189752746373415,0.08707576990127563,0.8939488530158997,0.5597617103961292
DTSR14,mobilenetv3,rotation_45,13,1,0.08711722493171692,0.03116237372159958,0.8817203640937805,0.622795473117107
DTSR14,mobilenetv3,rotation_45,14,2,0.15664373338222504,0.09837377071380615,0.7449823617935181,1.0644622121116978
DTSR14,mobilenetv3,rotation_45,15,2,0.3558301627635956,0.0955042913556099,0.5486656427383423,1.3291912261662358
DTSR14,mobilenetv3,rotation_45,16,2,0.09527072310447693,0.7118660807609558,0.19286325573921204,1.1301100696501307
DTSR14,mobilenetv3,rotation_45,17,2,0.2484125941991806,0.09107519686222076,0.6605122089385986,1.209149369671937
DTSR14,mobilenetv3,rotation_45,18,2,0.7452382445335388,0.10153427720069885,0.15322743356227875,1.0658811615307973
DTSR14,mobilenetv3,rotation_45,19,2,0.09669101238250732,0.041791800409555435,0.8615171313285828,0.7025956388264551
DTSR14,mobilenetv3,rotation_45,20,2,0.0873323529958725,0.3277096748352051,0.584958016872406,1.2871501295156444
DTSR14,mobilenetv3,rotation_45,21,2,0.031069856137037277,0.8560786843299866,0.11285138875246048,0.7027282940397351
DTSR14,mobilenetv3,rotation_45,22,2,0.373532235622406,0.09606120735406876,0.5304064750671387,1.3405845901855542
DTSR14,mobilenetv3,rotation_45,23,2,0.18034252524375916,0.7117534875869751,0.10790390521287918,1.1414182044669177
DTSR14,mobilenetv3,rotation_45,24,2,0.32016074657440186,0.5875998735427856,0.09223932027816772,1.2939731255296922
DTSR14,mobilenetv3,rotation_45,25,2,0.510824978351593,0.3903888165950775,0.09878627955913544,1.354705285237384
DTSR14,mobilenetv3,rotation_45,26,2,0.7963961958885193,0.11731825023889542,0.08628557622432709,0.9292560284563163
DTSR14,mobilenetv3,rotation_45,27,2,0.2851690351963043,0.09726672619581223,0.6175642609596252,1.2726059158786374
DTSR14,mobilenetv3,rotation_45,28,2,0.013263273984193802,0.8962264060974121,0.0905103087425232,0.5380655103218095
DTSR14,mobilenetv3,rotation_45,29,2,0.09456909447908401,0.7198333144187927,0.1855975240468979,1.1141177388316255
DTSR14,mobilenetv3,rotation_45,30,2,0.09341834485530853,0.8938725590705872,0.012709135189652443,0.5442280879132683
DTSR14,mobilenetv3,rotation_45,31,2,0.030333487316966057,0.8780787587165833,0.09158773720264435,0.63353691399715
DTSR14,mobilenetv3,rotation_45,32,2,0.24358859658241272,0.6623325943946838,0.09407883882522583,1.2107868892552163
DTSR14,mobilenetv3,rotation_45,33,2,0.8964112401008606,0.0887189656496048,0.014869749546051025,0.5417442239360971
DTSR14,mobilenetv3,rotation_45,34,2,0.10697950422763824,0.6454569101333618,0.24756363034248352,1.251265758554025
DTSR14,mobilenetv3,rotation_45,35,2,0.5149118304252625,0.3764922618865967,0.10859593749046326,1.371502684221507
DTSR14,mobilenetv3,rotation_45,36,2,0.6765740513801575,0.21274684369564056,0.11067909747362137,1.2078570195822091
DTSR14,mobilenetv3,rotation_45,37,2,0.12925654649734497,0.7673298120498657,0.10341361165046692,1.0132323668299372
DTSR14,mobilenetv3,rotation_45,38,2,0.4872346520423889,0.4005994200706482,0.1121659055352211,1.3881407967316748
DTSR14,mobilenetv3,rotation_45,39,3,0.02288851886987686,0.09078387916088104,0.8863275051116943,0.5932650780260528
DTSR14,mobilenetv3,rotation_45,40,3,0.05171043053269386,0.09499891102313995,0.8532906174659729,0.7389009334994897
DTSR14,mobilenetv3,rotation_45,41,3,0.09579672664403915,0.26383477449417114,0.6403684020042419,1.2431059427681268
DTSR14,mobilenetv3,rotation_45,42,4,0.0835641548037529,0.012057722546160221,0.9043781161308289,0.5072322389094184
DTSR14,mobilenetv3,rotation_45,43,4,0.09547580033540726,0.261621356010437,0.6429027915000916,1.2393733147648316
DTSR14,mobilenetv3,rotation_45,44,4,0.09986468404531479,0.29522645473480225,0.6049088835716248,1.2902543923433532
DTSR14,mobilenetv3,rotation_45,45,4,0.10723397880792618,0.2547222077846527,0.6380437612533569,1.2616125669211302
DTSR14,mobilenetv3,rotation_45,46,4,0.13029439747333527,0.0888456478714943,0.7808600068092346,0.9720447718070511
DTSR14,mobilenetv3,rotation_45,47,4,0.08942599594593048,0.026438234373927116,0.8841358423233032,0.6071297749509087
DTSR14,mobilenetv3,rotation_45,48,4,0.08829577267169952,0.028090672567486763,0.8836135864257812,0.6116775082182528
DTSR14,mobilenetv3,rotation_45,49,4,0.45796096324920654,0.4416763484477997,0.10036277025938034,1.3695690611070654
DTSR14,mobilenetv3,rotation_45,50,4,0.5366901755332947,0.36583656072616577,0.09747320413589478,1.339988727744103
DTSR14,mobilenetv3,rotation_45,51,4,0.11017768085002899,0.39728716015815735,0.49253520369529724,1.3829053615616
DTSR14,mobilenetv3,rotation_45,52,5,0.29058554768562317,0.594863772392273,0.1145506501197815,1.3219549750460344
DTSR14,mobilenetv3,rotation_45,53,5,0.6133240461349487,0.11366793513298035,0.2730080783367157,1.3004921999851549
DTSR14,mobilenetv3,rotation_45,54,5,0.11829979717731476,0.7304987907409668,0.15120145678520203,1.1073445674974387
DTSR14,mobilenetv3,rotation_45,55,5,0.5391693115234375,0.11785140633583069,0.34297922253608704,1.3735626047588094
DTSR14,mobilenetv3,rotation_45,56,5,0.1194973737001419,0.5607926249504089,0.31971001625061035,1.3601882535836483
DTSR14,mobilenetv3,rotation_45,57,5,0.11057962477207184,0.2688432037830353,0.6205771565437317,1.2879498871309112
DTSR14,mobilenetv3,rotation_45,58,5,0.5814045071601868,0.30884572863578796,0.10974979400634766,1.3282395515928012
DTSR14,mobilenetv3,rotation_45,59,5,0.11488711833953857,0.2814670503139496,0.6036458611488342,1.3130273606754552
DTSR14,mobilenetv3,rotation_45,60,5,0.1164054125547409,0.20258276164531708,0.6810117959976196,1.2052613564441517
DTSR14,mobilenetv3,rotation_45,61,5,0.1616799533367157,0.7187855243682861,0.11953458935022354,1.1337414862075774
DTSR14,mobilenetv3,rotation_45,62,5,0.11397644877433777,0.7773482203483582,0.10867530852556229,0.9875407766430243
DTSR14,mobilenetv3,rotation_45,63,5,0.10991576313972473,0.08775656670331955,0.8023276329040527,0.9131249655546179
DTSR14,mobilenetv3,rotation_45,64,5,0.11912697553634644,0.5566694736480713,0.3242035508155823,1.3629369200457173
DTSR14,mobilenetv3,rotation_45,65,5,0.5263419151306152,0.34813663363456726,0.12552142143249512,1.3931245654220517
DTSR14,mobilenetv3,rotation_45,66,5,0.5771589875221252,0.12434417754411697,0.298496812582016,1.3522816797521306
DTSR14,mobilenetv3,rotation_45,67,5,0.4451487064361572,0.40646252036094666,0.1483888030052185,1.4561366114851526
DTSR14,mobilenetv3,rotation_45,68,5,0.6867673397064209,0.1186867356300354,0.19454599916934967,1.1967175166400323
DTSR14,mobilenetv3,rotation_45,69,5,0.5838291049003601,0.3052866756916046,0.11088418960571289,1.3276745705965738
DTSR14,mobilenetv3,rotation_45,70,5,0.6804594397544861,0.1876678317785263,0.13187284767627716,1.2163580845401383
DTSR14,mobilenetv3,rotation_45,71,5,0.4575240910053253,0.4097611904144287,0.13271464407444,1.430223371215563
DTSR14,mobilenetv3,rotation_45,72,5,0.8286969661712646,0.051792725920677185,0.11951024830341339,0.812132520081286
DTSR14,mobilenetv3,rotation_45,73,5,0.11616367846727371,0.6021053791046143,0.2817309498786926,1.3163600747213864
DTSR14,mobilenetv3,rotation_45,74,5,0.03247659280896187,0.8656915426254272,0.10183198004961014,0.6763194270358233
DTSR14,mobilenetv3,rotation_45,75,5,0.46061986684799194,0.424691766500473,0.11468829959630966,1.3981569701361378
DTSR14,mobilenetv3,rotation_45,76,5,0.45717093348503113,0.1112595871090889,0.4315693974494934,1.3919119714537578
DTSR14,mobilenetv3,rotation_45,77,5,0.597693920135498,0.2786373496055603,0.12366878986358643,1.3303960101079557
DTSR14,mobilenetv3,rotation_45,78,5,0.39180007576942444,0.12506431341171265,0.4831355810165405,1.41179034229518
DTSR14,mobilenetv3,rotation_45,79,5,0.11455191671848297,0.38439029455184937,0.5010578632354736,1.387822081802006
DTSR14,mobilenetv3,rotation_45,80,5,0.015585415996611118,0.10093872994184494,0.8834758996963501,0.5854302453514919
DTSR14,mobilenetv3,rotation_45,81,5,0.4609173834323883,0.11586762219667435,0.42321497201919556,1.400336924833249
DTSR14,mobilenetv3,rotation_45,82,5,0.7009677886962891,0.1828249841928482,0.11620716005563736,1.168340894629875
DTSR14,mobilenetv3,rotation_45,83,5,0.7779747247695923,0.10817775130271912,0.113847516477108,0.9857691977663301
DTSR14,mobilenetv3,rotation_45,84,5,0.5147399306297302,0.12206420302391052,0.36319586634635925,1.3942368796651672
DTSR14,mobilenetv3,rotation_45,85,5,0.01736277900636196,0.09790005534887314,0.8847372531890869,0.5860641499209455
DTSR14,mobilenetv3,rotation_45,86,5,0.48977547883987427,0.11130286008119583,0.3989216685295105,1.3858186969718105
DTSR14,mobilenetv3,rotation_45,87,5,0.8166028261184692,0.07238223403692245,0.11101499199867249,0.864935432302839
DTSR14,mobilenetv3,rotation_45,88,5,0.3745400309562683,0.13179172575473785,0.49366819858551025,1.418711637423232
DTSR14,mobilenetv3,rotation_45,89,5,0.09986190497875214,0.02079837955534458,0.8793397545814514,0.6112657793554317
DTSR14,mobilenetv3,rotation_45,90,5,0.10905425250530243,0.6472079157829285,0.24373787641525269,1.2512812343856536
DTSR14,mobilenetv3,rotation_45,91,5,0.37016811966896057,0.5159017443656921,0.11393008381128311,1.380358712014047
DTSR14,mobilenetv3,rotation_45,92,5,0.4960687756538391,0.376895010471344,0.12703625857830048,1.4104450116830363
DTSR14,mobilenetv3,rotation_45,93,5,0.10653403401374817,0.1674107313156128,0.7260553240776062,1.111172594472283
DTSR14,mobilenetv3,rotation_45,94,5,0.10523837804794312,0.8815532922744751,0.013208279386162758,0.5846310536635192
DTSR14,mobilenetv3,rotation_45,95,5,0.8795270323753357,0.023585624992847443,0.09688727557659149,0.6166638221589056
DTSR14,mobilenetv3,rotation_45,96,5,0.019476912915706635,0.8601115942001343,0.12041150033473969,0.6653928020082476
DTSR14,mobilenetv3,rotation_45,97,5,0.46657243371009827,0.4032631814479828,0.1301644891500473,1.4243978189921114
DTSR14,mobilenetv3,rotation_45,98,5,0.5727626085281372,0.3005243241786957,0.12671305239200592,1.3593900543536719
DTSR14,mobilenetv3,rotation_45,99,5,0.1123305931687355,0.53598952293396,0.35167986154556274,1.366768402234141
DTSR14,mobilenetv3,rotation_45,100,5,0.8715152144432068,0.10702084004878998,0.021463878452777863,0.6369012401843598
DTSR14,mobilenetv3,rotation_45,101,5,0.104433074593544,0.04667354002594948,0.8488933444023132,0.7473708199036231
DTSR14,mobilenetv3,rotation_45,102,5,0.10011983662843704,0.023838216438889503,0.8760420083999634,0.6281807530207882
DTSR14,mobilenetv3,rotation_45,103,5,0.5355415940284729,0.34718188643455505,0.11727657169103622,1.3749875579874686
DTSR14,mobilenetv3,rotation_45,104,5,0.5133311748504639,0.3606407940387726,0.12602804601192474,1.4010735285911948
DTSR14,mobilenetv3,rotation_45,105,5,0.019177110865712166,0.10325508564710617,0.8775678277015686,0.6129786479491821
DTSR14,mobilenetv3,rotation_45,106,5,0.0231084693223238,0.09777411073446274,0.8791174292564392,0.6169819123065727
DTSR14,mobilenetv3,rotation_45,107,5,0.02532958798110485,0.10091853141784668,0.8737518191337585,0.6383599041481612
DTSR14,mobilenetv3,rotation_45,108,5,0.09975714981555939,0.014372071251273155,0.8858707547187805,0.5745799561573902
DTSR14,mobilenetv3,rotation_45,109,5,0.554555356502533,0.11411713063716888,0.33132752776145935,1.357077493457949
DTSR14,mobilenetv3,rotation_45,110,5,0.6442502737045288,0.24594344198703766,0.10980632901191711,1.2562930243953032
DTSR14,mobilenetv3,rotation_45,111,5,0.10887828469276428,0.6516681909561157,0.23945344984531403,1.244715917073993
DTSR14,mobilenetv3,rotation_45,112,5,0.8763090372085571,0.09858324378728867,0.025107746943831444,0.6299083820559157
DTSR14,mobilenetv3,rotation_45,113,5,0.013982435688376427,0.8855328559875488,0.10048476606607437,0.5745440744194611
DTSR14,mobilenetv3,rotation_45,114,5,0.4133774936199188,0.4629735052585602,0.1236489936709404,1.4140848430746695
DTSR14,mobilenetv3,rotation_45,115,5,0.11090897768735886,0.5173130035400391,0.3717779815196991,1.374480730626051
DTSR14,mobilenetv3,rotation_45,116,5,0.13966968655586243,0.45129191875457764,0.40903836488723755,1.442205869262286
DTSR14,mobilenetv3,rotation_45,117,5,0.5064367055892944,0.12276089191436768,0.37080249190330505,1.3992960435598392
DTSR14,mobilenetv3,rotation_45,118,6,0.8616723418235779,0.02962901070713997,0.10869850963354111,0.68350801640674
DTSR14,mobilenetv3,rotation_45,119,6,0.8357924818992615,0.041860949248075485,0.12234659492969513,0.7787660237605858
DTSR14,mobilenetv3,rotation_45,120,6,0.8698930740356445,0.10188287496566772,0.028224099427461624,0.6559000328646116
DTSR14,mobilenetv3,rotation_45,121,6,0.10636831820011139,0.06394112855195999,0.8296905159950256,0.8210165540789466
DTSR14,mobilenetv3,rotation_45,122,6,0.8437431454658508,0.10215327143669128,0.054103653877973557,0.7707032441283215
DTSR14,mobilenetv3,rotation_45,123,6,0.8609040975570679,0.02590625174343586,0.11318973451852798,0.6783370201555874
DTSR14,mobilenetv3,rotation_45,124,7,0.012811833992600441,0.8995738625526428,0.08761432021856308,0.5256546150328743
DTSR14,mobilenetv3,rotation_45,125,7,0.898856520652771,0.08809243887662888,0.013051077723503113,0.5287230408274068
DTSR14,mobilenetv3,rotation_45,126,7,0.014066514559090137,0.8942112326622009,0.09172224998474121,0.5469073096665797
DTSR14,mobilenetv3,rotation_45,127,7,0.8867846131324768,0.10343461483716965,0.009780770167708397,0.5575770413928592
DTSR14,mobilenetv3,rotation_45,128,7,0.10226370394229889,0.7652462124824524,0.13249005377292633,1.0181451388608718
DTSR14,mobilenetv3,rotation_45,129,7,0.8563184142112732,0.043180473148822784,0.10050104558467865,0.7205177955101608
DTSR14,mobilenetv3,rotation_45,130,7,0.8907361030578613,0.08981867879629135,0.019445164129137993,0.5715107514424917
DTSR14,mobilenetv3,rotation_45,131,7,0.08721712231636047,0.8894363641738892,0.023346519097685814,0.5838390803399587
DTSR14,mobilenetv3,rotation_45,132,7,0.9012067914009094,0.09029338508844376,0.00849974062293768,0.5069573184548241
DTSR14,mobilenetv3,rotation_45,133,7,0.014663043431937695,0.08998061716556549,0.8953564167022705,0.5447158549552059
DTSR14,mobilenetv3,rotation_45,134,7,0.8949957489967346,0.0931985080242157,0.011805546469986439,0.5379184735533445
DTSR14,mobilenetv3,rotation_45,135,7,0.8833403587341309,0.0956130102276802,0.021046584472060204,0.5991242624024965
DTSR14,mobilenetv3,rotation_45,136,8,0.8843554854393005,0.09861475229263306,0.01702977903187275,0.5864369490920456
DTSR14,mobilenetv3,rotation_45,137,8,0.8880731463432312,0.012455799616873264,0.0994710698723793,0.5620873013532173
DTSR14,mobilenetv3,rotation_45,138,8,0.8720214366912842,0.1045629009604454,0.023415740579366684,0.6397286399867111
DTSR14,mobilenetv3,rotation_45,139,8,0.014143116772174835,0.886042594909668,0.09981435537338257,0.5733961514701837
DTSR14,mobilenetv3,rotation_45,140,8,0.029391353949904442,0.8700109124183655,0.10059774667024612,0.6576509028820154
DTSR14,mobilenetv3,rotation_45,141,8,0.8758022785186768,0.027827618643641472,0.09637013077735901,0.6366310022804665
DTSR14,mobilenetv3,rotation_45,142,8,0.8851869106292725,0.10300401598215103,0.011809087358415127,0.5691435984751556
DTSR14,mobilenetv3,rotation_45,143,9,0.09174679219722748,0.8969128727912903,0.011340302415192127,0.5302428296130888
DTSR14,mobilenetv3,rotation_45,144,9,0.08869723230600357,0.8794573545455933,0.03184546157717705,0.6313302294140262
DTSR14,mobilenetv3,rotation_45,145,9,0.8784052729606628,0.09173176437616348,0.02986299619078636,0.631716632573537
DTSR14,mobilenetv3,rotation_45,146,9,0.012842824682593346,0.08394704759120941,0.9032101035118103,0.5133997217706028
DTSR14,mobilenetv3,rotation_45,147,9,0.08403512835502625,0.8992922902107239,0.016672538593411446,0.5364362239064786
DTSR14,mobilenetv3,rotation_45,148,9,0.020247818902134895,0.0983353927731514,0.8814167976379395,0.6034698410133877
DTSR14,mobilenetv3,rotation_45,149,9,0.018368568271398544,0.8950508832931519,0.08658052235841751,0.5547084891739822
DTSR14,mobilenetv3,rotation_45,150,9,0.01680159941315651,0.8963045477867126,0.08689388632774353,0.5468776241904493
DTSR14,mobilenetv3,rotation_45,151,9,0.015276772901415825,0.8965832591056824,0.08813998848199844,0.5422085388717319
DTSR14,mobilenetv3,rotation_45,152,9,0.9030832648277283,0.08226566016674042,0.014650977216660976,0.5185316043572262
DTSR14,mobilenetv3,rotation_45,153,9,0.011951089836657047,0.08553510904312134,0.902513861656189,0.5133034206024827
DTSR14,mobilenetv3,rotation_45,154,9,0.012796065770089626,0.9024055004119873,0.08479844033718109,0.5160241058819519
DTSR14,mobilenetv3,rotation_45,155,9,0.08588902652263641,0.9006427526473999,0.013468206860125065,0.5238341852903025
DTSR14,mobilenetv3,rotation_45,156,9,0.01516342256218195,0.8978050947189331,0.08703156560659409,0.5378212593139002
DTSR14,mobilenetv3,rotation_45,157,9,0.0212640929967165,0.8939639329910278,0.08477205038070679,0.5645067897049799
DTSR14,mobilenetv3,rotation_45,158,9,0.8352033495903015,0.07001765817403793,0.09477892518043518,0.8077646841437356
DTSR14,mobilenetv3,rotation_45,159,9,0.09721238166093826,0.8859227895736694,0.01686476543545723,0.581040884615002
DTSR14,mobilenetv3,rotation_45,160,9,0.9004647135734558,0.08988553285598755,0.009649855084717274,0.5132325482884478
DTSR14,mobilenetv3,rotation_45,161,9,0.09302179515361786,0.06666503846645355,0.8403131365776062,0.7900942322680179
DTSR14,mobilenetv3,rotation_45,162,9,0.09558583050966263,0.02081664837896824,0.8835976123809814,0.5977954850788
DTSR14,mobilenetv3,rotation_45,163,9,0.7725781202316284,0.12856897711753845,0.09885288029909134,0.9981028349539514
DTSR14,mobilenetv3,rotation_45,164,9,0.8940812349319458,0.011564020998775959,0.0943547934293747,0.5401691832630642
DTSR14,mobilenetv3,rotation_45,165,10,0.8065871596336365,0.09585396200418472,0.0975588858127594,0.9019585297204674
DTSR14,mobilenetv3,rotation_45,166,10,0.1923869401216507,0.6931436061859131,0.11446953564882278,1.1819385904528577
DTSR14,mobilenetv3,rotation_45,167,10,0.8827374577522278,0.09408582001924515,0.023176774382591248,0.6055414686065346
DTSR14,mobilenetv3,rotation_45,168,10,0.10427769273519516,0.014206554740667343,0.8815158605575562,0.5876757877669542
DTSR14,mobilenetv3,rotation_45,169,10,0.06935562193393707,0.097444549202919,0.8331998586654663,0.8137040858444563
DTSR14,mobilenetv3,rotation_45,170,10,0.8309724926948547,0.07086090743541718,0.09816640615463257,0.8213063647879981
DTSR14,mobilenetv3,rotation_45,171,10,0.8919122219085693,0.01675448939204216,0.0913332849740982,0.5613767722548324
DTSR14,mobilenetv3,rotation_45,172,10,0.7254829406738281,0.11043485999107361,0.164082333445549,1.1147776817813475
DTSR14,mobilenetv3,rotation_45,173,11,0.8193584084510803,0.10249572992324829,0.07814578711986542,0.8597450939269556
DTSR14,mobilenetv3,rotation_45,174,11,0.24359841644763947,0.6508921384811401,0.10550949722528458,1.241878432614022
DTSR14,mobilenetv3,rotation_45,175,11,0.07261002063751221,0.1008138358592987,0.8265760540962219,0.835578009541244
DTSR14,mobilenetv3,rotation_45,176,11,0.09880124777555466,0.020767120644450188,0.8804316520690918,0.6077589819558828
DTSR14,mobilenetv3,rotation_45,177,11,0.07642003148794174,0.8199206590652466,0.10365931689739227,0.8573463456142738
DTSR14,mobilenetv3,rotation_45,178,11,0.09834209829568863,0.796288788318634,0.10536916553974152,0.9328251538746191
DTSR14,mobilenetv3,rotation_45,179,12,0.8989425301551819,0.007899921387434006,0.09315759688615799,0.5123280623905909
DTSR14,mobilenetv3,rotation_45,180,12,0.906581461429596,0.0012890646466985345,0.09212936460971832,0.4575907193310585
DTSR14,mobilenetv3,rotation_45,181,12,0.9100874066352844,0.07969120889902115,0.010221391916275024,0.48211628520175315
DTSR14,mobilenetv3,rotation_45,182,12,0.46760812401771545,0.4348108172416687,0.09758108854293823,1.3628394741712768
DTSR14,mobilenetv3,rotation_45,183,12,0.0864448994398117,0.9005972743034363,0.012957886792719364,0.5226078386511772
DTSR14,mobilenetv3,rotation_45,184,12,0.09214174747467041,0.8904839754104614,0.017374187707901,0.5675651736844848
DTSR14,mobilenetv3,rotation_45,185,12,0.8507763743400574,0.10686524957418442,0.0423584021627903,0.7363241718129174
DTSR14,mobilenetv3,rotation_45,186,12,0.010552791878581047,0.07818903774023056,0.9112581014633179,0.47895536428534247
DTSR14,mobilenetv3,rotation_45,187,12,0.022338705137372017,0.08196979761123657,0.8956913948059082,0.560670905437362
DTSR14,mobilenetv3,rotation_45,188,12,0.0143878273665905,0.08168187737464905,0.9039301872253418,0.5149421324131527
DTSR14,mobilenetv3,rotation_45,189,12,0.09502415359020233,0.4119371771812439,0.49303874373435974,1.35274704647047
DTSR14,mobilenetv3,rotation_45,190,12,0.45447686314582825,0.10398214310407639,0.44154092669487,1.3773762109917445
DTSR14,mobilenetv3,rotation_45,191,12,0.10187045484781265,0.8782176375389099,0.01991192251443863,0.6127232879425862
DTSR14,mobilenetv3,rotation_45,192,12,0.8690920472145081,0.10069286823272705,0.030215004459023476,0.6619553931915255
DTSR14,mobilenetv3,rotation_45,193,12,0.5352857708930969,0.36605972051620483,0.09865450114011765,1.3430062364859516
DTSR14,mobilenetv3,rotation_45,194,12,0.08814296871423721,0.03959619998931885,0.8722608685493469,0.6652949054383122
DTSR14,mobilenetv3,rotation_45,195,12,0.07976190000772476,0.9089797139167786,0.011258569546043873,0.4890072231825565
DTSR14,mobilenetv3,rotation_45,196,13,0.0989958718419075,0.019148075953125954,0.8818562030792236,0.5995253400072476
DTSR14,mobilenetv3,rotation_45,197,13,0.09628400951623917,0.8862902522087097,0.01742556504905224,0.5812665008996797
DTSR14,mobilenetv3,rotation_45,198,13,0.1061670109629631,0.012634102255105972,0.8811988830566406,0.5839744949932435
DTSR14,mobilenetv3,rotation_45,199,13,0.10228410363197327,0.01312579121440649,0.8845900893211365,0.5750038678071968
DTSR14,mobilenetv3,rotation_180,0,0,0.04746109992265701,0.029955456033349037,0.922583281993866,0.4675465665305568
DTSR14,mobilenetv3,rotation_180,1,0,0.05100338160991669,0.05384044721722603,0.8951562643051147,0.5889531532080201
DTSR14,mobilenetv3,rotation_180,2,0,0.2076653242111206,0.05211758613586426,0.7402172684669495,1.0142846409139055
DTSR14,mobilenetv3,rotation_180,3,0,0.0707356184720993,0.6594799160957336,0.26978445053100586,1.176318906017745
DTSR14,mobilenetv3,rotation_180,4,0,0.05968840420246124,0.2177533060312271,0.7225582599639893,1.0603531600782312
DTSR14,mobilenetv3,rotation_180,5,0,0.20273475348949432,0.05531362444162369,0.7419515252113342,1.0172518214064166
DTSR14,mobilenetv3,rotation_180,6,0,0.047009315341711044,0.19768519699573517,0.7553054690361023,0.9754837047005376
DTSR14,mobilenetv3,rotation_180,7,1,0.05259319394826889,0.6585883498191833,0.2888185679912567,1.1377954900584066
DTSR14,mobilenetv3,rotation_180,8,1,0.04780343174934387,0.2626264989376068,0.6895699501037598,1.08605454486616
DTSR14,mobilenetv3,rotation_180,9,1,0.05171578750014305,0.26492682099342346,0.6833574175834656,1.1040427494710134
DTSR14,mobilenetv3,rotation_180,10,1,0.32665586471557617,0.03404490277171135,0.639299213886261,1.105918076720707
DTSR14,mobilenetv3,rotation_180,11,1,0.04340659826993942,0.5246737599372864,0.4319196343421936,1.2077946099915455
DTSR14,mobilenetv3,rotation_180,12,1,0.043254174292087555,0.34247344732284546,0.61427241563797,1.1572913305633645
DTSR14,mobilenetv3,rotation_180,13,1,0.02844485081732273,0.3148944675922394,0.6566607356071472,1.0694803265633512
DTSR14,mobilenetv3,rotation_180,14,2,0.38440191745758057,0.5020066499710083,0.11359134316444397,1.3857744305930426
DTSR14,mobilenetv3,rotation_180,15,2,0.15455199778079987,0.29151877760887146,0.5539292097091675,1.4068301355861936
DTSR14,mobilenetv3,rotation_180,16,2,0.16152538359165192,0.5689811110496521,0.2694934904575348,1.3975266492415788
DTSR14,mobilenetv3,rotation_180,17,2,0.4857422113418579,0.20604167878627777,0.3082161545753479,1.498929656829441
DTSR14,mobilenetv3,rotation_180,18,2,0.23225095868110657,0.5503354072570801,0.21741355955600739,1.4419883391436623
DTSR14,mobilenetv3,rotation_180,19,2,0.23499560356140137,0.2137768566608429,0.5512275099754333,1.4404631895149733
DTSR14,mobilenetv3,rotation_180,20,2,0.529285728931427,0.1738254427909851,0.29688894748687744,1.4447579513362272
DTSR14,mobilenetv3,rotation_180,21,2,0.4933052659034729,0.1707341969013214,0.3359605073928833,1.4669807317681371
DTSR14,mobilenetv3,rotation_180,22,2,0.7499889731407166,0.05850053206086159,0.19151051342487335,1.0075306013808647
DTSR14,mobilenetv3,rotation_180,23,2,0.2226102501153946,0.323630690574646,0.4537590742111206,1.5265080541433433
DTSR14,mobilenetv3,rotation_180,24,2,0.3861626386642456,0.1647438108921051,0.44909361004829407,1.4773711420369748
DTSR14,mobilenetv3,rotation_180,25,2,0.3861842453479767,0.131256103515625,0.4825597405433655,1.4218886606754118
DTSR14,mobilenetv3,rotation_180,26,2,0.307388037443161,0.5414220690727234,0.1511898785829544,1.4144646077867784
DTSR14,mobilenetv3,rotation_180,27,2,0.04419374838471413,0.6219391822814941,0.33386707305908203,1.1533931160051965
DTSR14,mobilenetv3,rotation_180,28,2,0.0340782031416893,0.4042292535305023,0.5616925954818726,1.1617708142328391
DTSR14,mobilenetv3,rotation_180,29,2,0.49257415533065796,0.1875065416097641,0.3199193477630615,1.4820510648837384
DTSR14,mobilenetv3,rotation_180,30,2,0.5751438140869141,0.0376400426030159,0.38721606135368347,1.1670821902847537
DTSR14,mobilenetv3,rotation_180,31,2,0.375337690114975,0.45249319076538086,0.1721690446138382,1.4852788537618298
DTSR14,mobilenetv3,rotation_180,32,2,0.4250216484069824,0.2547733187675476,0.3202050030231476,1.5533132184151257
DTSR14,mobilenetv3,rotation_180,33,2,0.014414302073419094,0.22361767292022705,0.7619680762290955,0.8702190873060291
DTSR14,mobilenetv3,rotation_180,34,2,0.3090347349643707,0.4322415292263031,0.2587237060070038,1.551250023720945
DTSR14,mobilenetv3,rotation_180,35,2,0.30574530363082886,0.33823761343955994,0.3560170531272888,1.5821271571211741
DTSR14,mobilenetv3,rotation_180,36,2,0.042407549917697906,0.17113558948040009,0.7864567637443542,0.9017597315676928
DTSR14,mobilenetv3,rotation_180,37,2,0.21646107733249664,0.5443955659866333,0.23914341628551483,1.4490950580602076
DTSR14,mobilenetv3,rotation_180,38,2,0.26171746850013733,0.43655550479888916,0.3017270565032959,1.5497477495954795
DTSR14,mobilenetv3,rotation_180,39,3,0.07176178693771362,0.7704398036003113,0.1577983796596527,0.9829660495235737
DTSR14,mobilenetv3,rotation_180,40,3,0.09367668628692627,0.2213534563779831,0.6849699020385742,1.175502952732511
DTSR14,mobilenetv3,rotation_180,41,3,0.2271757572889328,0.1737329065799713,0.5990913510322571,1.36723397634353
DTSR14,mobilenetv3,rotation_180,42,4,0.3465040922164917,0.12077778577804565,0.5327180624008179,1.3821488624787854
DTSR14,mobilenetv3,rotation_180,43,4,0.047240000218153,0.39951011538505554,0.5532499551773071,1.20934134398024
DTSR14,mobilenetv3,rotation_180,44,4,0.2950325310230255,0.1067773699760437,0.5981902480125427,1.3076258398222222
DTSR14,mobilenetv3,rotation_180,45,4,0.04090750589966774,0.37671589851379395,0.5823765993118286,1.1734701301618276
DTSR14,mobilenetv3,rotation_180,46,4,0.239572674036026,0.43947359919548035,0.32095372676849365,1.5413767142545183
DTSR14,mobilenetv3,rotation_180,47,4,0.12657345831394196,0.5219900012016296,0.351436585187912,1.3972132646453779
DTSR14,mobilenetv3,rotation_180,48,4,0.11105746030807495,0.3709462285041809,0.5179962515830994,1.3744120706211604
DTSR14,mobilenetv3,rotation_180,49,4,0.3902198374271393,0.5608171820640564,0.04896294325590134,1.2108177630721213
DTSR14,mobilenetv3,rotation_180,50,4,0.6342727541923523,0.012093122117221355,0.3536340296268463,1.023969871107691
DTSR14,mobilenetv3,rotation_180,51,4,0.3650780916213989,0.5135493278503418,0.12137259542942047,1.3937360506139416
DTSR14,mobilenetv3,rotation_180,52,5,0.2702140212059021,0.3838336765766144,0.3459523022174835,1.5701385109606616
DTSR14,mobilenetv3,rotation_180,53,5,0.4808584749698639,0.39387649297714233,0.125264972448349,1.4127934021901238
DTSR14,mobilenetv3,rotation_180,54,5,0.03724708408117294,0.5191758275032043,0.4435770809650421,1.1879909515759457
DTSR14,mobilenetv3,rotation_180,55,5,0.2003963738679886,0.49498841166496277,0.3046152889728546,1.48931266781609
DTSR14,mobilenetv3,rotation_180,56,5,0.4146924316883087,0.44608038663864136,0.1392272263765335,1.4421583607907809
DTSR14,mobilenetv3,rotation_180,57,5,0.21146853268146515,0.09364092350006104,0.6948904395103455,1.158864618335661
DTSR14,mobilenetv3,rotation_180,58,5,0.7918906211853027,0.16940806806087494,0.038701336830854416,0.8820641320792258
DTSR14,mobilenetv3,rotation_180,59,5,0.07251210510730743,0.5329566597938538,0.39453125,1.2877584335913155
DTSR14,mobilenetv3,rotation_180,60,5,0.050672415643930435,0.2331426590681076,0.7161849141120911,1.0527040148257103
DTSR14,mobilenetv3,rotation_180,61,5,0.1721804141998291,0.5228123068809509,0.30500730872154236,1.4486598203823262
DTSR14,mobilenetv3,rotation_180,62,5,0.11547302454710007,0.44307446479797363,0.4414525032043457,1.4007315055858298
DTSR14,mobilenetv3,rotation_180,63,5,0.5668661594390869,0.3036067485809326,0.1295270472764969,1.368271014763979
DTSR14,mobilenetv3,rotation_180,64,5,0.1311175674200058,0.5391449928283691,0.3297373950481415,1.3926111048921999
DTSR14,mobilenetv3,rotation_180,65,5,0.3327311873435974,0.19452320039272308,0.4727455973625183,1.4986691642334389
DTSR14,mobilenetv3,rotation_180,66,5,0.21021004021167755,0.497240275144577,0.292549729347229,1.492966284815533
DTSR14,mobilenetv3,rotation_180,67,5,0.5219480395317078,0.13380767405033112,0.34424421191215515,1.4074956540032533
DTSR14,mobilenetv3,rotation_180,68,5,0.1669161468744278,0.6509335041046143,0.18215028941631317,1.2818182700418976
DTSR14,mobilenetv3,rotation_180,69,5,0.23559677600860596,0.49045804142951965,0.27394527196884155,1.5071953962610145
DTSR14,mobilenetv3,rotation_180,70,5,0.5952662229537964,0.15957196056842804,0.24516180157661438,1.3652307950054947
DTSR14,mobilenetv3,rotation_180,71,5,0.34274742007255554,0.12464653700590134,0.5326060056686401,1.3879829444158651
DTSR14,mobilenetv3,rotation_180,72,5,0.6741442084312439,0.02218925580382347,0.3036666214466095,1.0275451503527728
DTSR14,mobilenetv3,rotation_180,73,5,0.047668877989053726,0.2475929856300354,0.7047381401062012,1.0637272719453972
DTSR14,mobilenetv3,rotation_180,74,5,0.4313843846321106,0.27353906631469727,0.2950766384601593,1.5543993587551397
DTSR14,mobilenetv3,rotation_180,75,5,0.25225725769996643,0.14250433444976807,0.6052383780479431,1.3402615149594657
DTSR14,mobilenetv3,rotation_180,76,5,0.0641573891043663,0.41944214701652527,0.5164003968238831,1.272315149212562
DTSR14,mobilenetv3,rotation_180,77,5,0.34283894300460815,0.04189677536487579,0.6152642369270325,1.152370869981591
DTSR14,mobilenetv3,rotation_180,78,5,0.32506847381591797,0.5205613970756531,0.15437012910842896,1.4334017949616713
DTSR14,mobilenetv3,rotation_180,79,5,0.04429871588945389,0.6267898678779602,0.3289113938808441,1.1492651191287568
DTSR14,mobilenetv3,rotation_180,80,5,0.05864071473479271,0.5754405856132507,0.36591875553131104,1.2294617882791625
DTSR14,mobilenetv3,rotation_180,81,5,0.2130424976348877,0.183773472905159,0.6031841039657593,1.3643147677972514
DTSR14,mobilenetv3,rotation_180,82,5,0.781215250492096,0.14257028698921204,0.07621455192565918,0.9619787958422643
DTSR14,mobilenetv3,rotation_180,83,5,0.7991116046905518,0.136749729514122,0.06413868069648743,0.905222409371462
DTSR14,mobilenetv3,rotation_180,84,5,0.13538296520709991,0.27336716651916504,0.5912497639656067,1.350320063526652
DTSR14,mobilenetv3,rotation_180,85,5,0.40344083309173584,0.2367483526468277,0.35981079936027527,1.5510425582742022
DTSR14,mobilenetv3,rotation_180,86,5,0.21412257850170135,0.33599352836608887,0.4498838782310486,1.5232188077668491
DTSR14,mobilenetv3,rotation_180,87,5,0.6759918332099915,0.07224979251623154,0.2517583668231964,1.156742937019606
DTSR14,mobilenetv3,rotation_180,88,5,0.22237004339694977,0.31599995493888855,0.4616299569606781,1.522311782948212
DTSR14,mobilenetv3,rotation_180,89,5,0.052930377423763275,0.17039068043231964,0.7766789197921753,0.9426181553588313
DTSR14,mobilenetv3,rotation_180,90,5,0.19557367265224457,0.772258460521698,0.03216787055134773,0.9078507250738481
DTSR14,mobilenetv3,rotation_180,91,5,0.6125559210777283,0.3304845988750458,0.05695948004722595,1.1964939314359917
DTSR14,mobilenetv3,rotation_180,92,5,0.4132462441921234,0.28860560059547424,0.2981482148170471,1.5648154561081191
DTSR14,mobilenetv3,rotation_180,93,5,0.04377594217658043,0.44582822918891907,0.5103957653045654,1.2124213503496672
DTSR14,mobilenetv3,rotation_180,94,5,0.03144890442490578,0.46015214920043945,0.5083989500999451,1.1684235320346805
DTSR14,mobilenetv3,rotation_180,95,5,0.38477689027786255,0.5653731822967529,0.04984985664486885,1.2109965775609965
DTSR14,mobilenetv3,rotation_180,96,5,0.5289921760559082,0.05056034028530121,0.4204474091529846,1.2292410765541733
DTSR14,mobilenetv3,rotation_180,97,5,0.2863181531429291,0.6680164933204651,0.045665476471185684,1.108758743491472
DTSR14,mobilenetv3,rotation_180,98,5,0.2558729648590088,0.28420236706733704,0.4599246680736542,1.534363909424547
DTSR14,mobilenetv3,rotation_180,99,5,0.5616956949234009,0.08112118393182755,0.3571830987930298,1.2918855038231196
DTSR14,mobilenetv3,rotation_180,100,5,0.4811501204967499,0.47078949213027954,0.0480603463947773,1.229957918638771
DTSR14,mobilenetv3,rotation_180,101,5,0.07558020204305649,0.22241339087486267,0.7020065188407898,1.1222796092896095
DTSR14,mobilenetv3,rotation_180,102,5,0.7078039646148682,0.03334901109337807,0.25884705781936646,1.0212202893776468
DTSR14,mobilenetv3,rotation_180,103,5,0.31098228693008423,0.6295919418334961,0.05942568928003311,1.1863215800369735
DTSR14,mobilenetv3,rotation_180,104,5,0.7055829167366028,0.2074027955532074,0.08701421320438385,1.1322033905917006
DTSR14,mobilenetv3,rotation_180,105,5,0.12455935031175613,0.5744250416755676,0.30101555585861206,1.3551292742312946
DTSR14,mobilenetv3,rotation_180,106,5,0.04744953662157059,0.8384073376655579,0.11414304375648499,0.779236573139189
DTSR14,mobilenetv3,rotation_180,107,5,0.2999085485935211,0.20200283825397491,0.498088538646698,1.4880358273397198
DTSR14,mobilenetv3,rotation_180,108,5,0.05076480656862259,0.2401553988456726,0.7090798616409302,1.0642096694710783
DTSR14,mobilenetv3,rotation_180,109,5,0.3829978406429291,0.5760493278503418,0.040952764451503754,1.1774666612313263
DTSR14,mobilenetv3,rotation_180,110,5,0.530426561832428,0.2373989373445511,0.23217451572418213,1.466858642308422
DTSR14,mobilenetv3,rotation_180,111,5,0.30250588059425354,0.316762775182724,0.38073137402534485,1.577588776167734
DTSR14,mobilenetv3,rotation_180,112,5,0.3533785045146942,0.40342339873313904,0.2431981861591339,1.5547313177376023
DTSR14,mobilenetv3,rotation_180,113,5,0.41942331194877625,0.25596311688423157,0.3246135413646698,1.5558917260777478
DTSR14,mobilenetv3,rotation_180,114,5,0.38612350821495056,0.5623593926429749,0.051517046988010406,1.2175304747068847
DTSR14,mobilenetv3,rotation_180,115,5,0.3831830620765686,0.46593379974365234,0.1508830338716507,1.4553361469400043
DTSR14,mobilenetv3,rotation_180,116,5,0.551085352897644,0.39999085664749146,0.04892381280660629,1.215495125702029
DTSR14,mobilenetv3,rotation_180,117,5,0.25403690338134766,0.24141454696655273,0.5045485496520996,1.4951597617212968
DTSR14,mobilenetv3,rotation_180,118,6,0.10679314285516739,0.5586292743682861,0.33457764983177185,1.3423968535857635
DTSR14,mobilenetv3,rotation_180,119,6,0.3808857202529907,0.20221999287605286,0.4168942868709564,1.5229531389028022
DTSR14,mobilenetv3,rotation_180,120,6,0.061173755675554276,0.15954014658927917,0.7792860269546509,0.9494193306982226
DTSR14,mobilenetv3,rotation_180,121,6,0.13728223741054535,0.0735108032822609,0.7892069816589355,0.9396515971521421
DTSR14,mobilenetv3,rotation_180,122,6,0.0860346332192421,0.055084750056266785,0.8588805794715881,0.7233458702515303
DTSR14,mobilenetv3,rotation_180,123,6,0.1203760877251625,0.8432141542434692,0.03640977293252945,0.7491509984574198
DTSR14,mobilenetv3,rotation_180,124,7,0.04818037152290344,0.7671113610267639,0.18470822274684906,0.9542977324792861
DTSR14,mobilenetv3,rotation_180,125,7,0.6763866543769836,0.28010663390159607,0.04350664094090462,1.092562439215191
DTSR14,mobilenetv3,rotation_180,126,7,0.42863959074020386,0.5275033712387085,0.04385704547166824,1.2084612272984243
DTSR14,mobilenetv3,rotation_180,127,7,0.25825783610343933,0.693942666053772,0.0477994866669178,1.0798824524606927
DTSR14,mobilenetv3,rotation_180,128,7,0.16936664283275604,0.7793471217155457,0.05128615349531174,0.933957212460404
DTSR14,mobilenetv3,rotation_180,129,7,0.7815700173377991,0.16863852739334106,0.04979141801595688,0.9264474559538421
DTSR14,mobilenetv3,rotation_180,130,7,0.1953689008951187,0.7493283748626709,0.05530272051692009,1.0031758644974607
DTSR14,mobilenetv3,rotation_180,131,7,0.04573095589876175,0.8866389393806458,0.06762993335723877,0.6202610048625576
DTSR14,mobilenetv3,rotation_180,132,7,0.9086781144142151,0.056498873978853226,0.03482300043106079,0.5284416865833772
DTSR14,mobilenetv3,rotation_180,133,7,0.03292486444115639,0.37410542368888855,0.5929697155952454,1.139887823675341
DTSR14,mobilenetv3,rotation_180,134,7,0.34762290120124817,0.6097091436386108,0.042668018490076065,1.159302094069627
DTSR14,mobilenetv3,rotation_180,135,7,0.6132972836494446,0.35464945435523987,0.032053206115961075,1.1220669591943084
DTSR14,mobilenetv3,rotation_180,136,8,0.19644327461719513,0.7592381834983826,0.044318560510873795,0.9621690430237955
DTSR14,mobilenetv3,rotation_180,137,8,0.5547962784767151,0.3969216048717499,0.0482821948826313,1.2117934505935584
DTSR14,mobilenetv3,rotation_180,138,8,0.1574898213148117,0.07345660030841827,0.7690536379814148,0.9880329624051764
DTSR14,mobilenetv3,rotation_180,139,8,0.6579850316047668,0.04872496798634529,0.29329001903533936,1.1287473052847345
DTSR14,mobilenetv3,rotation_180,140,8,0.05076226964592934,0.3160712420940399,0.633166491985321,1.160965559681899
DTSR14,mobilenetv3,rotation_180,141,8,0.8559911847114563,0.10381299257278442,0.040195707231760025,0.7176610554636683
DTSR14,mobilenetv3,rotation_180,142,8,0.6443201899528503,0.3070783019065857,0.048601455986499786,1.1436900866489887
DTSR14,mobilenetv3,rotation_180,143,9,0.08435957878828049,0.870747983455658,0.04489246383309364,0.6758018057472833
DTSR14,mobilenetv3,rotation_180,144,9,0.8831179738044739,0.037435129284858704,0.07944673299789429,0.6260726006939301
DTSR14,mobilenetv3,rotation_180,145,9,0.8828404545783997,0.06465253978967667,0.05250701680779457,0.6373902859652869
DTSR14,mobilenetv3,rotation_180,146,9,0.049395062029361725,0.8027662038803101,0.14783884584903717,0.8765098755616751
DTSR14,mobilenetv3,rotation_180,147,9,0.14216499030590057,0.037218596786260605,0.8206164836883545,0.8108676379485662
DTSR14,mobilenetv3,rotation_180,148,9,0.06962387263774872,0.24018670618534088,0.6901893615722656,1.1311097009337192
DTSR14,mobilenetv3,rotation_180,149,9,0.06114925444126129,0.7151569128036499,0.22369377315044403,1.0756919079018066
DTSR14,mobilenetv3,rotation_180,150,9,0.06151929125189781,0.5470713973045349,0.3914092481136322,1.2532164850855692
DTSR14,mobilenetv3,rotation_180,151,9,0.07333072274923325,0.42726650834083557,0.49940288066864014,1.3008465621629195
DTSR14,mobilenetv3,rotation_180,152,9,0.048479143530130386,0.5119606256484985,0.439560204744339,1.2274441955746411
DTSR14,mobilenetv3,rotation_180,153,9,0.044678110629320145,0.6920050382614136,0.26331692934036255,1.0748236885973264
DTSR14,mobilenetv3,rotation_180,154,9,0.19636394083499908,0.04186307266354561,0.7617729902267456,0.95184420512367
DTSR14,mobilenetv3,rotation_180,155,9,0.05586130917072296,0.6215947270393372,0.3225439786911011,1.185411616116883
DTSR14,mobilenetv3,rotation_180,156,9,0.6541986465454102,0.2901213467121124,0.05567989498376846,1.150446749353501
DTSR14,mobilenetv3,rotation_180,157,9,0.043174147605895996,0.728954553604126,0.2278713583946228,1.0144248194155698
DTSR14,mobilenetv3,rotation_180,158,9,0.17643006145954132,0.0377083420753479,0.785861611366272,0.8931034716046838
DTSR14,mobilenetv3,rotation_180,159,9,0.7973219752311707,0.044864825904369354,0.1578132063150406,0.8818229537399354
DTSR14,mobilenetv3,rotation_180,160,9,0.17473800480365753,0.7863471508026123,0.03891482949256897,0.8947032973373821
DTSR14,mobilenetv3,rotation_180,161,9,0.11212244629859924,0.3702565133571625,0.5176210403442383,1.3764373330143898
DTSR14,mobilenetv3,rotation_180,162,9,0.066961869597435,0.20100948214530945,0.7320286631584167,1.0558887573565467
DTSR14,mobilenetv3,rotation_180,163,9,0.5177428722381592,0.32127711176872253,0.1609799712896347,1.4421734104095991
DTSR14,mobilenetv3,rotation_180,164,9,0.37084776163101196,0.5657380819320679,0.06341414898633957,1.2479688254462138
DTSR14,mobilenetv3,rotation_180,165,10,0.3125368654727936,0.5392443537712097,0.1482187658548355,1.4130910150204616
DTSR14,mobilenetv3,rotation_180,166,10,0.23302888870239258,0.7072542309761047,0.0597168505191803,1.0858976371407758
DTSR14,mobilenetv3,rotation_180,167,10,0.32972443103790283,0.6223511695861816,0.04792448878288269,1.1636488287275413
DTSR14,mobilenetv3,rotation_180,168,10,0.2456609010696411,0.04670772701501846,0.7076313495635986,1.0570430085156355
DTSR14,mobilenetv3,rotation_180,169,10,0.8047745227813721,0.04330853372812271,0.15191690623760223,0.8613322727991948
DTSR14,mobilenetv3,rotation_180,170,10,0.7035711407661438,0.03785352036356926,0.2585753798484802,1.0402413726189377
DTSR14,mobilenetv3,rotation_180,171,10,0.2561238408088684,0.05827898532152176,0.6855972409248352,1.1156541754317844
DTSR14,mobilenetv3,rotation_180,172,10,0.7461052536964417,0.1795356422662735,0.0743589997291565,1.0388916478047252
DTSR14,mobilenetv3,rotation_180,173,11,0.3792189359664917,0.1473546028137207,0.4734264314174652,1.4483020695503965
DTSR14,mobilenetv3,rotation_180,174,11,0.7196462750434875,0.226358562707901,0.053995296359062195,1.054106893718282
DTSR14,mobilenetv3,rotation_180,175,11,0.11304983496665955,0.5389998555183411,0.3479503095149994,1.3660784175732463
DTSR14,mobilenetv3,rotation_180,176,11,0.046329986304044724,0.8955365419387817,0.05813350901007652,0.5864862828956228
DTSR14,mobilenetv3,rotation_180,177,11,0.9128711819648743,0.04743436723947525,0.03969445079565048,0.513445064994227
DTSR14,mobilenetv3,rotation_180,178,11,0.2978222966194153,0.5610284805297852,0.14114920794963837,1.3869584668749624
DTSR14,mobilenetv3,rotation_180,179,12,0.6052989959716797,0.11001008749008179,0.2846909761428833,1.3047216334080698
DTSR14,mobilenetv3,rotation_180,180,12,0.03794289007782936,0.4633476734161377,0.49870944023132324,1.1938988948089568
DTSR14,mobilenetv3,rotation_180,181,12,0.28881600499153137,0.11008599400520325,0.6010980606079102,1.3093334058253718
DTSR14,mobilenetv3,rotation_180,182,12,0.6388066411018372,0.2935386300086975,0.06765478104352951,1.194990609998233
DTSR14,mobilenetv3,rotation_180,183,12,0.301115483045578,0.03867420181632042,0.6602102518081665,1.0983606482178665
DTSR14,mobilenetv3,rotation_180,184,12,0.049955252557992935,0.36869412660598755,0.5813506841659546,1.2016222873018534
DTSR14,mobilenetv3,rotation_180,185,12,0.5703675746917725,0.2605079710483551,0.16912439465522766,1.4011687085624278
DTSR14,mobilenetv3,rotation_180,186,12,0.04632778465747833,0.13738487660884857,0.8162873983383179,0.8378040318439699
DTSR14,mobilenetv3,rotation_180,187,12,0.05859389528632164,0.27638912200927734,0.6650170683860779,1.1439826408577924
DTSR14,mobilenetv3,rotation_180,188,12,0.5505335927009583,0.17261357605457306,0.2768528461456299,1.4244872400177022
DTSR14,mobilenetv3,rotation_180,189,12,0.13909810781478882,0.361968994140625,0.4989328682422638,1.4269886611582074
DTSR14,mobilenetv3,rotation_180,190,12,0.6188693046569824,0.28710708022117615,0.09402354806661606,1.2660279263556895
DTSR14,mobilenetv3,rotation_180,191,12,0.39887571334838867,0.4050617516040802,0.19606250524520874,1.5178860243142818
DTSR14,mobilenetv3,rotation_180,192,12,0.6795549988746643,0.25332266092300415,0.06712237000465393,1.1421417750677512
DTSR14,mobilenetv3,rotation_180,193,12,0.40386664867401123,0.5335434079170227,0.06258989870548248,1.2620695617939002
DTSR14,mobilenetv3,rotation_180,194,12,0.25603362917900085,0.07423820346593857,0.6697282791137695,1.1691162759578817
DTSR14,mobilenetv3,rotation_180,195,12,0.5335162878036499,0.4169187545776367,0.04956488683819771,1.2246367045286108
DTSR14,mobilenetv3,rotation_180,196,13,0.06283475458621979,0.12350033968687057,0.813664972782135,0.86556616197854
DTSR14,mobilenetv3,rotation_180,197,13,0.07248691469430923,0.0432874858379364,0.8842256665229797,0.6274955704930375
DTSR14,mobilenetv3,rotation_180,198,13,0.0639411136507988,0.5771742463111877,0.35888466238975525,1.2418931548666667
DTSR14,mobilenetv3,rotation_180,199,13,0.07083205133676529,0.05513572320342064,0.8740321397781372,0.6708284567742466
DTSR14,mobilenetv3,red_channel_shift_-45,0,0,0.05138891190290451,0.08815539628267288,0.8604556918144226,0.7155175411298118
DTSR14,mobilenetv3,red_channel_shift_-45,1,0,0.05607377365231514,0.04054524749517441,0.9033809900283813,0.5529964863331573
DTSR14,mobilenetv3,red_channel_shift_-45,2,0,0.23465874791145325,0.055782120674848557,0.7095590829849243,1.074272024522383
DTSR14,mobilenetv3,red_channel_shift_-45,3,0,0.06632856279611588,0.615102231502533,0.3185691237449646,1.2166158172939014
DTSR14,mobilenetv3,red_channel_shift_-45,4,0,0.8915362358093262,0.05430237576365471,0.05416146293282509,0.6037286471622935
DTSR14,mobilenetv3,red_channel_shift_-45,5,0,0.06984148174524307,0.7326712608337402,0.19748717546463013,1.0591237970429903
DTSR14,mobilenetv3,red_channel_shift_-45,6,0,0.04184452071785927,0.6329675316810608,0.325188010931015,1.136245524237951
DTSR14,mobilenetv3,red_channel_shift_-45,7,1,0.04607861116528511,0.6027480959892273,0.35117343068122864,1.174990961966799
DTSR14,mobilenetv3,red_channel_shift_-45,8,1,0.04091309756040573,0.2872600853443146,0.6718268990516663,1.0911272794105835
DTSR14,mobilenetv3,red_channel_shift_-45,9,1,0.050374872982501984,0.6771746873855591,0.27245038747787476,1.109115884119031
DTSR14,mobilenetv3,red_channel_shift_-45,10,1,0.041678447276353836,0.8104099631309509,0.14791156351566315,0.8446759098608831
DTSR14,mobilenetv3,red_channel_shift_-45,11,1,0.5809193253517151,0.04139121249318123,0.3776894807815552,1.1759267701953084
DTSR14,mobilenetv3,red_channel_shift_-45,12,1,0.0382198691368103,0.340078204870224,0.6217018365859985,1.1354845540273057
DTSR14,mobilenetv3,red_channel_shift_-45,13,1,0.02920079044997692,0.2551761567592621,0.7156229615211487,0.9971206306652909
DTSR14,mobilenetv3,red_channel_shift_-45,14,2,0.2506101429462433,0.451884001493454,0.29750582575798035,1.5385277278791618
DTSR14,mobilenetv3,red_channel_shift_-45,15,2,0.2942230701446533,0.4690716862678528,0.23670528829097748,1.523662858301838
DTSR14,mobilenetv3,red_channel_shift_-45,16,2,0.5641279220581055,0.20934806764125824,0.22652387619018555,1.4234850249100055
DTSR14,mobilenetv3,red_channel_shift_-45,17,2,0.18330708146095276,0.5745370984077454,0.24215582013130188,1.4034819262990428
DTSR14,mobilenetv3,red_channel_shift_-45,18,2,0.4153202176094055,0.19086520373821259,0.3938145637512207,1.512000330367541
DTSR14,mobilenetv3,red_channel_shift_-45,19,2,0.16714099049568176,0.48737016320228577,0.3454888164997101,1.4664612222025601
DTSR14,mobilenetv3,red_channel_shift_-45,20,2,0.4514617919921875,0.16214700043201447,0.38639119267463684,1.473625129289428
DTSR14,mobilenetv3,red_channel_shift_-45,21,2,0.6407157182693481,0.21217283606529236,0.1471114158630371,1.292825944383197
DTSR14,mobilenetv3,red_channel_shift_-45,22,2,0.49740296602249146,0.048856474459171295,0.45374059677124023,1.231216535358687
DTSR14,mobilenetv3,red_channel_shift_-45,23,2,0.12162429094314575,0.4044382572174072,0.47393739223480225,1.408416817616892
DTSR14,mobilenetv3,red_channel_shift_-45,24,2,0.17225685715675354,0.43917107582092285,0.3885720670223236,1.4883521438788485
DTSR14,mobilenetv3,red_channel_shift_-45,25,2,0.25184229016304016,0.4533165693283081,0.29484105110168457,1.5379438462117068
DTSR14,mobilenetv3,red_channel_shift_-45,26,2,0.13280506432056427,0.5605397820472717,0.30665507912635803,1.377865885005772
DTSR14,mobilenetv3,red_channel_shift_-45,27,2,0.05118320509791374,0.595865786075592,0.35295096039772034,1.1948542960281916
DTSR14,mobilenetv3,red_channel_shift_-45,28,2,0.0361761674284935,0.4770500361919403,0.4867737889289856,1.1882296442397926
DTSR14,mobilenetv3,red_channel_shift_-45,29,2,0.377327561378479,0.228374183177948,0.394298255443573,1.5465229121740092
DTSR14,mobilenetv3,red_channel_shift_-45,30,2,0.5270198583602905,0.031741589307785034,0.4412386417388916,1.1658212490187987
DTSR14,mobilenetv3,red_channel_shift_-45,31,2,0.6017893552780151,0.20781691372394562,0.19039370119571686,1.3675547954043912
DTSR14,mobilenetv3,red_channel_shift_-45,32,2,0.23735634982585907,0.4251442551612854,0.33749935030937195,1.545978171387346
DTSR14,mobilenetv3,red_channel_shift_-45,33,2,0.22178183495998383,0.7315442562103271,0.04667380824685097,1.01815485473062
DTSR14,mobilenetv3,red_channel_shift_-45,34,2,0.5086042284965515,0.2459135353565216,0.24548222124576569,1.4911818665605767
DTSR14,mobilenetv3,red_channel_shift_-45,35,2,0.3537360727787018,0.378744512796402,0.2675195038318634,1.5697471678344255
DTSR14,mobilenetv3,red_channel_shift_-45,36,2,0.4957793354988098,0.22338815033435822,0.28083255887031555,1.4994381785333821
DTSR14,mobilenetv3,red_channel_shift_-45,37,2,0.5870814919471741,0.18088598549365997,0.23203246295452118,1.386344313595616
DTSR14,mobilenetv3,red_channel_shift_-45,38,2,0.36361780762672424,0.4010162651538849,0.23536595702171326,1.5505627693449342
DTSR14,mobilenetv3,red_channel_shift_-45,39,3,0.0609947107732296,0.2651624083518982,0.6738429069519043,1.1376880982973396
DTSR14,mobilenetv3,red_channel_shift_-45,40,3,0.10544481128454208,0.21383212506771088,0.6807229518890381,1.195793540978913
DTSR14,mobilenetv3,red_channel_shift_-45,41,3,0.053553540259599686,0.6749939322471619,0.27145257592201233,1.1195717595054848
DTSR14,mobilenetv3,red_channel_shift_-45,42,4,0.17529234290122986,0.29931098222732544,0.5253967642784119,1.4490908998266554
DTSR14,mobilenetv3,red_channel_shift_-45,43,4,0.03725920245051384,0.42951783537864685,0.5332229137420654,1.1842484222962477
DTSR14,mobilenetv3,red_channel_shift_-45,44,4,0.07465379685163498,0.3573078513145447,0.5680384039878845,1.2734786085710506
DTSR14,mobilenetv3,red_channel_shift_-45,45,4,0.0399353988468647,0.5189986824989319,0.4410659074783325,1.19749213843825
DTSR14,mobilenetv3,red_channel_shift_-45,46,4,0.5545071959495544,0.25270241498947144,0.19279026985168457,1.431073306013992
DTSR14,mobilenetv3,red_channel_shift_-45,47,4,0.13894586265087128,0.1794120818376541,0.6816420555114746,1.2172243815570272
DTSR14,mobilenetv3,red_channel_shift_-45,48,4,0.09985575824975967,0.3152874708175659,0.5848567485809326,1.309545635620736
DTSR14,mobilenetv3,red_channel_shift_-45,49,4,0.49841150641441345,0.4502703845500946,0.05131811648607254,1.2388889726659575
DTSR14,mobilenetv3,red_channel_shift_-45,50,4,0.5667980909347534,0.035321030765771866,0.39788076281547546,1.1636444286368306
DTSR14,mobilenetv3,red_channel_shift_-45,51,4,0.41036197543144226,0.4412235617637634,0.1484144926071167,1.4566368564933785
DTSR14,mobilenetv3,red_channel_shift_-45,52,5,0.4535721242427826,0.24097788333892822,0.3054499626159668,1.5346992440648735
DTSR14,mobilenetv3,red_channel_shift_-45,53,5,0.4512658417224884,0.12594351172447205,0.4227905869483948,1.4195945643368129
DTSR14,mobilenetv3,red_channel_shift_-45,54,5,0.2681066393852234,0.3035775125026703,0.4283159375190735,1.555217402850625
DTSR14,mobilenetv3,red_channel_shift_-45,55,5,0.5216697454452515,0.1622263342142105,0.31610390543937683,1.4406238470408415
DTSR14,mobilenetv3,red_channel_shift_-45,56,5,0.279671311378479,0.2775598168373108,0.44276878237724304,1.5477538317164266
DTSR14,mobilenetv3,red_channel_shift_-45,57,5,0.08263885229825974,0.6719176173210144,0.2454436719417572,1.1800967622659777
DTSR14,mobilenetv3,red_channel_shift_-45,58,5,0.7977936863899231,0.1655559241771698,0.03665033355355263,0.8643869659447554
DTSR14,mobilenetv3,red_channel_shift_-45,59,5,0.05883491411805153,0.3086439371109009,0.6325211524963379,1.1819035432717504
DTSR14,mobilenetv3,red_channel_shift_-45,60,5,0.1548212468624115,0.3853227198123932,0.4598560929298401,1.4622063844928004
DTSR14,mobilenetv3,red_channel_shift_-45,61,5,0.23183615505695343,0.45474013686180115,0.31342369318008423,1.5305018059050495
DTSR14,mobilenetv3,red_channel_shift_-45,62,5,0.10512644797563553,0.45811399817466736,0.43675968050956726,1.3795444381307918
DTSR14,mobilenetv3,red_channel_shift_-45,63,5,0.043157003819942474,0.7477214932441711,0.20912151038646698,0.981409719892081
DTSR14,mobilenetv3,red_channel_shift_-45,64,5,0.2386566698551178,0.44295793771743774,0.318385511636734,1.539373155847752
DTSR14,mobilenetv3,red_channel_shift_-45,65,5,0.2770223617553711,0.3580743074417114,0.3649033308029175,1.5742928830147151
DTSR14,mobilenetv3,red_channel_shift_-45,66,5,0.5785331726074219,0.19010257720947266,0.23136423528194427,1.4006788169455289
DTSR14,mobilenetv3,red_channel_shift_-45,67,5,0.5214414000511169,0.31207701563835144,0.16648158431053162,1.4447670436657838
DTSR14,mobilenetv3,red_channel_shift_-45,68,5,0.634125292301178,0.17900890111923218,0.18686576187610626,1.313204780316855
DTSR14,mobilenetv3,red_channel_shift_-45,69,5,0.499274879693985,0.19645735621452332,0.3042678236961365,1.483847502977638
DTSR14,mobilenetv3,red_channel_shift_-45,70,5,0.24512913823127747,0.4711168110370636,0.2837541103363037,1.5244381585053333
DTSR14,mobilenetv3,red_channel_shift_-45,71,5,0.549605131149292,0.24751971662044525,0.20287516713142395,1.4400857635940776
DTSR14,mobilenetv3,red_channel_shift_-45,72,5,0.714876115322113,0.041197847574949265,0.24392616748809814,1.0322388113393974
DTSR14,mobilenetv3,red_channel_shift_-45,73,5,0.19024629890918732,0.3448874354362488,0.4648662507534027,1.498869453570928
DTSR14,mobilenetv3,red_channel_shift_-45,74,5,0.48271411657333374,0.28608089685440063,0.231205016374588,1.512216353033687
DTSR14,mobilenetv3,red_channel_shift_-45,75,5,0.6052536964416504,0.06410568207502365,0.3306405544281006,1.2204372846106153
DTSR14,mobilenetv3,red_channel_shift_-45,76,5,0.15112866461277008,0.44012460112571716,0.40874677896499634,1.4606920721543561
DTSR14,mobilenetv3,red_channel_shift_-45,77,5,0.6151699423789978,0.21111315488815308,0.17371687293052673,1.3435865185774458
DTSR14,mobilenetv3,red_channel_shift_-45,78,5,0.611027181148529,0.15085966885089874,0.2381131947040558,1.3388668968337154
DTSR14,mobilenetv3,red_channel_shift_-45,79,5,0.13387946784496307,0.5658895373344421,0.30023103952407837,1.374366974444817
DTSR14,mobilenetv3,red_channel_shift_-45,80,5,0.5154730677604675,0.056501466780900955,0.4280255138874054,1.251041159888111
DTSR14,mobilenetv3,red_channel_shift_-45,81,5,0.5638736486434937,0.19186292588710785,0.2442634254693985,1.4197696538125826
DTSR14,mobilenetv3,red_channel_shift_-45,82,5,0.761724591255188,0.04193828999996185,0.19633705914020538,0.9521063927136943
DTSR14,mobilenetv3,red_channel_shift_-45,83,5,0.7625207901000977,0.05150933936238289,0.18596982955932617,0.9699933249556707
DTSR14,mobilenetv3,red_channel_shift_-45,84,5,0.11735161393880844,0.5374228954315186,0.3452255427837372,1.3739159033020263
DTSR14,mobilenetv3,red_channel_shift_-45,85,5,0.4192527234554291,0.34546801447868347,0.23527932167053223,1.546678695023183
DTSR14,mobilenetv3,red_channel_shift_-45,86,5,0.43609151244163513,0.3557109832763672,0.2081974744796753,1.5239293767473734
DTSR14,mobilenetv3,red_channel_shift_-45,87,5,0.3257467746734619,0.501663088798523,0.17259007692337036,1.4638188895363133
DTSR14,mobilenetv3,red_channel_shift_-45,88,5,0.45767202973365784,0.25478440523147583,0.2875436246395111,1.5357238867541243
DTSR14,mobilenetv3,red_channel_shift_-45,89,5,0.05191317945718765,0.08896804600954056,0.8591188192367554,0.7203093980569544
DTSR14,mobilenetv3,red_channel_shift_-45,90,5,0.7597849369049072,0.027590643614530563,0.21262440085411072,0.9189637962450214
DTSR14,mobilenetv3,red_channel_shift_-45,91,5,0.08069080114364624,0.5381762385368347,0.3811330199241638,1.304470760784541
DTSR14,mobilenetv3,red_channel_shift_-45,92,5,0.3546140193939209,0.41803938150405884,0.22734662890434265,1.542250609149809
DTSR14,mobilenetv3,red_channel_shift_-45,93,5,0.045120202004909515,0.5597026944160461,0.3951771557331085,1.1996234287243956
DTSR14,mobilenetv3,red_channel_shift_-45,94,5,0.5144136548042297,0.025118203833699226,0.4604681134223938,1.1420126764377097
DTSR14,mobilenetv3,red_channel_shift_-45,95,5,0.7296910881996155,0.22651974856853485,0.04378923401236534,1.0146527872502842
DTSR14,mobilenetv3,red_channel_shift_-45,96,5,0.5261986255645752,0.05487857758998871,0.41892269253730774,1.2430890851730059
DTSR14,mobilenetv3,red_channel_shift_-45,97,5,0.5781627893447876,0.029564842581748962,0.39227232336997986,1.136794826741046
DTSR14,mobilenetv3,red_channel_shift_-45,98,5,0.5028425455093384,0.26169103384017944,0.23546651005744934,1.4961358716723117
DTSR14,mobilenetv3,red_channel_shift_-45,99,5,0.5649828314781189,0.07102375477552414,0.36399343609809875,1.2670914059378868
DTSR14,mobilenetv3,red_channel_shift_-45,100,5,0.5753626227378845,0.034139037132263184,0.3904983401298523,1.154921524537945
DTSR14,mobilenetv3,red_channel_shift_-45,101,5,0.07124636322259903,0.12422998994588852,0.8045235872268677,0.8977742979381474
DTSR14,mobilenetv3,red_channel_shift_-45,102,5,0.7268837690353394,0.03529278188943863,0.2378234565258026,0.9975628358538842
DTSR14,mobilenetv3,red_channel_shift_-45,103,5,0.6655134558677673,0.05242732912302017,0.28205928206443787,1.1289847345019681
DTSR14,mobilenetv3,red_channel_shift_-45,104,5,0.6261217594146729,0.33368098735809326,0.040197283029556274,1.1376908887225745
DTSR14,mobilenetv3,red_channel_shift_-45,105,5,0.5197471976280212,0.31019529700279236,0.17005741596221924,1.449196200660877
DTSR14,mobilenetv3,red_channel_shift_-45,106,5,0.04850853234529495,0.7295477390289307,0.22194364666938782,1.025662408892674
DTSR14,mobilenetv3,red_channel_shift_-45,107,5,0.5349453687667847,0.21203839778900146,0.2530162036418915,1.4589201979163495
DTSR14,mobilenetv3,red_channel_shift_-45,108,5,0.052842285484075546,0.6638509631156921,0.28330668807029724,1.1320416066734664
DTSR14,mobilenetv3,red_channel_shift_-45,109,5,0.5562050938606262,0.20775672793388367,0.2360382229089737,1.4333597097841277
DTSR14,mobilenetv3,red_channel_shift_-45,110,5,0.287829726934433,0.4360351264476776,0.27613508701324463,1.5519519113668467
DTSR14,mobilenetv3,red_channel_shift_-45,111,5,0.0405283197760582,0.33397212624549866,0.6254996061325073,1.1392639613889792
DTSR14,mobilenetv3,red_channel_shift_-45,112,5,0.19626463949680328,0.544024646282196,0.2597106993198395,1.4439868717835735
DTSR14,mobilenetv3,red_channel_shift_-45,113,5,0.3655036389827728,0.31308767199516296,0.3214086592197418,1.5815746376528654
DTSR14,mobilenetv3,red_channel_shift_-45,114,5,0.5553667545318604,0.2359965294599533,0.20863676071166992,1.4345548310319203
DTSR14,mobilenetv3,red_channel_shift_-45,115,5,0.40945881605148315,0.12608586251735687,0.4644553065299988,1.4180209964082906
DTSR14,mobilenetv3,red_channel_shift_-45,116,5,0.6008663773536682,0.35930442810058594,0.039829153567552567,1.1573663590520054
DTSR14,mobilenetv3,red_channel_shift_-45,117,5,0.48992276191711426,0.22946274280548096,0.28061458468437195,1.506077769227911
DTSR14,mobilenetv3,red_channel_shift_-45,118,6,0.05823644995689392,0.6010468602180481,0.340716689825058,1.2095754366822988
DTSR14,mobilenetv3,red_channel_shift_-45,119,6,0.07135574519634247,0.27258071303367615,0.6560635566711426,1.181884512475083
DTSR14,mobilenetv3,red_channel_shift_-45,120,6,0.050203513354063034,0.23606839776039124,0.7137280702590942,1.0556138342637695
DTSR14,mobilenetv3,red_channel_shift_-45,121,6,0.28884559869766235,0.09372630715370178,0.6174281239509583,1.2671354875337584
DTSR14,mobilenetv3,red_channel_shift_-45,122,6,0.07764814049005508,0.0567503497004509,0.8656015396118164,0.7014238058188252
DTSR14,mobilenetv3,red_channel_shift_-45,123,6,0.04366908594965935,0.9173136353492737,0.03901737183332443,0.4940726200654937
DTSR14,mobilenetv3,red_channel_shift_-45,124,7,0.7777174711227417,0.04475858435034752,0.17752397060394287,0.9253878398464528
DTSR14,mobilenetv3,red_channel_shift_-45,125,7,0.47398701310157776,0.4783114790916443,0.04770155996084213,1.2288361979110702
DTSR14,mobilenetv3,red_channel_shift_-45,126,7,0.5306698679924011,0.4226875901222229,0.0466424860060215,1.216475548678241
DTSR14,mobilenetv3,red_channel_shift_-45,127,7,0.6833854913711548,0.26782917976379395,0.04878532141447067,1.0969525125318746
DTSR14,mobilenetv3,red_channel_shift_-45,128,7,0.7269876003265381,0.015479176305234432,0.2575331926345825,0.9315329599761408
DTSR14,mobilenetv3,red_channel_shift_-45,129,7,0.6960665583610535,0.25564631819725037,0.048287149518728256,1.078013277664747
DTSR14,mobilenetv3,red_channel_shift_-45,130,7,0.8255200386047363,0.11995497345924377,0.054525114595890045,0.8241922794574996
DTSR14,mobilenetv3,red_channel_shift_-45,131,7,0.0470842681825161,0.7449337840080261,0.2079819142818451,0.9952127198131963
DTSR14,mobilenetv3,red_channel_shift_-45,132,7,0.836566686630249,0.0322505384683609,0.13118276000022888,0.7595697813044859
DTSR14,mobilenetv3,red_channel_shift_-45,133,7,0.6662290692329407,0.0314558781683445,0.30231499671936035,1.069089569551234
DTSR14,mobilenetv3,red_channel_shift_-45,134,7,0.3378984332084656,0.6176666021347046,0.044434987008571625,1.1578744004992902
DTSR14,mobilenetv3,red_channel_shift_-45,135,7,0.43419361114501953,0.530602216720581,0.03520424664020538,1.1776890159809068
DTSR14,mobilenetv3,red_channel_shift_-45,136,8,0.8146309852600098,0.023455284535884857,0.16191379725933075,0.7932376411280239
DTSR14,mobilenetv3,red_channel_shift_-45,137,8,0.6654279232025146,0.28711482882499695,0.04745730757713318,1.1166092711192859
DTSR14,mobilenetv3,red_channel_shift_-45,138,8,0.07105573266744614,0.16915573179721832,0.7597885727882385,1.005841542252625
DTSR14,mobilenetv3,red_channel_shift_-45,139,8,0.26103994250297546,0.04843716695904732,0.6905228495597839,1.0862712227311535
DTSR14,mobilenetv3,red_channel_shift_-45,140,8,0.049121957272291183,0.2321261316537857,0.7187519073486328,1.0450893313558252
DTSR14,mobilenetv3,red_channel_shift_-45,141,8,0.8463751673698425,0.11355584114789963,0.040068939328193665,0.7460367212482298
DTSR14,mobilenetv3,red_channel_shift_-45,142,8,0.4451979398727417,0.32912832498550415,0.22567370533943176,1.5321214959816822
DTSR14,mobilenetv3,red_channel_shift_-45,143,9,0.9195998311042786,0.037101831287145615,0.043298300355672836,0.48364282555554394
DTSR14,mobilenetv3,red_channel_shift_-45,144,9,0.9014524221420288,0.040696438401937485,0.05785106495022774,0.560756748263781
DTSR14,mobilenetv3,red_channel_shift_-45,145,9,0.8659006953239441,0.08165162056684494,0.05244768038392067,0.6980488693186079
DTSR14,mobilenetv3,red_channel_shift_-45,146,9,0.04270799830555916,0.1490522027015686,0.8082396984100342,0.8518540582657619
DTSR14,mobilenetv3,red_channel_shift_-45,147,9,0.04150846600532532,0.8574087023735046,0.10108282417058945,0.7150594214478069
DTSR14,mobilenetv3,red_channel_shift_-45,148,9,0.07633589208126068,0.22631783783435822,0.6973462700843811,1.131107085674908
DTSR14,mobilenetv3,red_channel_shift_-45,149,9,0.05721534043550491,0.7121982574462891,0.23058639466762543,1.072944929224491
DTSR14,mobilenetv3,red_channel_shift_-45,150,9,0.5675980448722839,0.05308077856898308,0.3793211877346039,1.2190770467482535
DTSR14,mobilenetv3,red_channel_shift_-45,151,9,0.1852554976940155,0.6042236089706421,0.2105208933353424,1.3630384129453406
DTSR14,mobilenetv3,red_channel_shift_-45,152,9,0.6883848309516907,0.04912427440285683,0.2624908685684204,1.0909239147995016
DTSR14,mobilenetv3,red_channel_shift_-45,153,9,0.709016740322113,0.04247736558318138,0.24850597977638245,1.0444863512950175
DTSR14,mobilenetv3,red_channel_shift_-45,154,9,0.7322410941123962,0.043009113520383835,0.22474992275238037,1.0084731765357242
DTSR14,mobilenetv3,red_channel_shift_-45,155,9,0.05258747562766075,0.6589889526367188,0.2884235382080078,1.137304375496107
DTSR14,mobilenetv3,red_channel_shift_-45,156,9,0.580680251121521,0.035916220396757126,0.38340356945991516,1.1580019130563546
DTSR14,mobilenetv3,red_channel_shift_-45,157,9,0.045121606439352036,0.7284754514694214,0.22640298306941986,1.019832905144522
DTSR14,mobilenetv3,red_channel_shift_-45,158,9,0.8147538900375366,0.03714337572455406,0.14810273051261902,0.825342534500634
DTSR14,mobilenetv3,red_channel_shift_-45,159,9,0.7989310622215271,0.04405374452471733,0.15701518952846527,0.8765749318873863
DTSR14,mobilenetv3,red_channel_shift_-45,160,9,0.3944237232208252,0.43068861961364746,0.17488762736320496,1.4927266461170567
DTSR14,mobilenetv3,red_channel_shift_-45,161,9,0.12776286900043488,0.3891846239566803,0.48305249214172363,1.4162068525408444
DTSR14,mobilenetv3,red_channel_shift_-45,162,9,0.07751742750406265,0.5941603779792786,0.32832226157188416,1.2598005329533315
DTSR14,mobilenetv3,red_channel_shift_-45,163,9,0.1387680321931839,0.30979275703430176,0.5514393448829651,1.392663738851108
DTSR14,mobilenetv3,red_channel_shift_-45,164,9,0.2998141646385193,0.6367931962013245,0.06339269131422043,1.1879267233858393
DTSR14,mobilenetv3,red_channel_shift_-45,165,10,0.30402037501335144,0.6166457533836365,0.0793338343501091,1.242374078139797
DTSR14,mobilenetv3,red_channel_shift_-45,166,10,0.7991815209388733,0.1364421546459198,0.0643763616681099,0.9053028602157316
DTSR14,mobilenetv3,red_channel_shift_-45,167,10,0.5466641187667847,0.40329501032829285,0.050040777772665024,1.2208614635117283
DTSR14,mobilenetv3,red_channel_shift_-45,168,10,0.03239370509982109,0.7957032918930054,0.17190292477607727,0.8593208827692866
DTSR14,mobilenetv3,red_channel_shift_-45,169,10,0.34030038118362427,0.11879874020814896,0.5409008860588074,1.3738679286661362
DTSR14,mobilenetv3,red_channel_shift_-45,170,10,0.7548766136169434,0.20617374777793884,0.03894970566034317,0.9582935649795634
DTSR14,mobilenetv3,red_channel_shift_-45,171,10,0.8171473741531372,0.14647303521633148,0.03637958690524101,0.8179015843219789
DTSR14,mobilenetv3,red_channel_shift_-45,172,10,0.7376320958137512,0.17561739683151245,0.08675048500299454,1.0705182638403974
DTSR14,mobilenetv3,red_channel_shift_-45,173,11,0.5733529329299927,0.050121158361434937,0.3765258491039276,1.207155786970954
DTSR14,mobilenetv3,red_channel_shift_-45,174,11,0.23158466815948486,0.7129192352294922,0.05549601837992668,1.0682732870628653
DTSR14,mobilenetv3,red_channel_shift_-45,175,11,0.06244786083698273,0.4097953140735626,0.5277568101882935,1.2639039859129975
DTSR14,mobilenetv3,red_channel_shift_-45,176,11,0.9246988296508789,0.05970729887485504,0.015593933872878551,0.4408149422188908
DTSR14,mobilenetv3,red_channel_shift_-45,177,11,0.7508662939071655,0.012568610720336437,0.23656512796878815,0.8817280556758106
DTSR14,mobilenetv3,red_channel_shift_-45,178,11,0.6896526217460632,0.14127081632614136,0.16907653212547302,1.2021218933132642
DTSR14,mobilenetv3,red_channel_shift_-45,179,12,0.34048202633857727,0.19297312200069427,0.4665449261665344,1.5004135907088
DTSR14,mobilenetv3,red_channel_shift_-45,180,12,0.03681837394833565,0.42618417739868164,0.5369974970817566,1.181474135188788
DTSR14,mobilenetv3,red_channel_shift_-45,181,12,0.34110748767852783,0.12001252919435501,0.5388800501823425,1.3770461147547661
DTSR14,mobilenetv3,red_channel_shift_-45,182,12,0.41981640458106995,0.48709002137184143,0.0930936262011528,1.3500158098889337
DTSR14,mobilenetv3,red_channel_shift_-45,183,12,0.35444244742393494,0.03292439132928848,0.6126331686973572,1.1255953703989516
DTSR14,mobilenetv3,red_channel_shift_-45,184,12,0.041495852172374725,0.659950315952301,0.29855382442474365,1.1068487844989696
DTSR14,mobilenetv3,red_channel_shift_-45,185,12,0.3313676118850708,0.13049523532390594,0.5381370782852173,1.3924887844184621
DTSR14,mobilenetv3,red_channel_shift_-45,186,12,0.2983434200286865,0.03811192885041237,0.6635446548461914,1.092882779626546
DTSR14,mobilenetv3,red_channel_shift_-45,187,12,0.0497613325715065,0.6200340986251831,0.33020442724227905,1.170826249770473
DTSR14,mobilenetv3,red_channel_shift_-45,188,12,0.05937541648745537,0.4430828094482422,0.49754178524017334,1.2633094579262623
DTSR14,mobilenetv3,red_channel_shift_-45,189,12,0.3323882520198822,0.27337533235549927,0.39423638582229614,1.5690890997164924
DTSR14,mobilenetv3,red_channel_shift_-45,190,12,0.22636839747428894,0.2695692181587219,0.5040623545646667,1.4931719963780892
DTSR14,mobilenetv3,red_channel_shift_-45,191,12,0.4010809063911438,0.38915714621543884,0.20976196229457855,1.5311357414910012
DTSR14,mobilenetv3,red_channel_shift_-45,192,12,0.6424759030342102,0.08677598834037781,0.27074816823005676,1.2264579210581863
DTSR14,mobilenetv3,red_channel_shift_-45,193,12,0.659606397151947,0.2841101586818695,0.05628344416618347,1.1454131171932909
DTSR14,mobilenetv3,red_channel_shift_-45,194,12,0.049319762736558914,0.2681596279144287,0.6825206875801086,1.0994289858944386
DTSR14,mobilenetv3,red_channel_shift_-45,195,12,0.5660192966461182,0.029042474925518036,0.4049382209777832,1.1411583354543042
DTSR14,mobilenetv3,red_channel_shift_-45,196,13,0.05473960191011429,0.792043149471283,0.15321725606918335,0.9104909118241931
DTSR14,mobilenetv3,red_channel_shift_-45,197,13,0.03391465172171593,0.07246759533882141,0.8936177492141724,0.5849771364736226
DTSR14,mobilenetv3,red_channel_shift_-45,198,13,0.048367999494075775,0.31328296661376953,0.6383489966392517,1.1493227547150404
DTSR14,mobilenetv3,red_channel_shift_-45,199,13,0.06614117324352264,0.08680712431669235,0.8470516800880432,0.7680974020841768
DTSR14,mobilenetv3,red_channel_shift_45,0,0,0.044657811522483826,0.12291929870843887,0.8324229717254639,0.7922909494577574
DTSR14,mobilenetv3,red_channel_shift_45,1,0,0.062187131494283676,0.0390484593808651,0.8987643718719482,0.5702868642297259
DTSR14,mobilenetv3,red_channel_shift_45,2,0,0.2551107406616211,0.6862844824790955,0.058604829013347626,1.1153691545665911
DTSR14,mobilenetv3,red_channel_shift_45,3,0,0.34633198380470276,0.05519938841462135,0.5984686613082886,1.2037558870397804
DTSR14,mobilenetv3,red_channel_shift_45,4,0,0.8776214718818665,0.04403968155384064,0.07833884656429291,0.6515098482553803
DTSR14,mobilenetv3,red_channel_shift_45,5,0,0.22501301765441895,0.045640893280506134,0.7293460965156555,1.0195621396989634
DTSR14,mobilenetv3,red_channel_shift_45,6,0,0.03831905871629715,0.6681907773017883,0.29349014163017273,1.0880581762151986
DTSR14,mobilenetv3,red_channel_shift_45,7,1,0.04327620193362236,0.5985196232795715,0.358204185962677,1.169827540500463
DTSR14,mobilenetv3,red_channel_shift_45,8,1,0.034811992198228836,0.7332801818847656,0.23190778493881226,0.9857772160948207
DTSR14,mobilenetv3,red_channel_shift_45,9,1,0.04848598688840866,0.31192752718925476,0.6395865678787231,1.1483638243061391
DTSR14,mobilenetv3,red_channel_shift_45,10,1,0.038017746061086655,0.7745757699012756,0.18740659952163696,0.9175134107100198
DTSR14,mobilenetv3,red_channel_shift_45,11,1,0.5783477425575256,0.03519022464752197,0.38646200299263,1.1568836975491101
DTSR14,mobilenetv3,red_channel_shift_45,12,1,0.03785937651991844,0.30849677324295044,0.6536439061164856,1.1031960244240397
DTSR14,mobilenetv3,red_channel_shift_45,13,1,0.02777397632598877,0.27275654673576355,0.6994694471359253,1.015519682211099
DTSR14,mobilenetv3,red_channel_shift_45,14,2,0.2601938247680664,0.43955373764038086,0.3002524673938751,1.5478107873419782
DTSR14,mobilenetv3,red_channel_shift_45,15,2,0.3181873559951782,0.4567534923553467,0.22505918145179749,1.526270043930083
DTSR14,mobilenetv3,red_channel_shift_45,16,2,0.22941599786281586,0.5533808469772339,0.21720309555530548,1.4381405227029131
DTSR14,mobilenetv3,red_channel_shift_45,17,2,0.7511194348335266,0.04599132761359215,0.20288924872875214,0.9813387199142339
DTSR14,mobilenetv3,red_channel_shift_45,18,2,0.45331433415412903,0.046889305114746094,0.49979642033576965,1.224507852523352
DTSR14,mobilenetv3,red_channel_shift_45,19,2,0.0333162359893322,0.5367504954338074,0.42993322014808655,1.1689114075645977
DTSR14,mobilenetv3,red_channel_shift_45,20,2,0.45918330550193787,0.053600702434778214,0.487216055393219,1.2473001460204967
DTSR14,mobilenetv3,red_channel_shift_45,21,2,0.6216734647750854,0.1987985223531723,0.17952795326709747,1.3344696372601397
DTSR14,mobilenetv3,red_channel_shift_45,22,2,0.48237916827201843,0.04594424366950989,0.47167661786079407,1.2228810689582255
DTSR14,mobilenetv3,red_channel_shift_45,23,2,0.10058502107858658,0.4110419750213623,0.4883729815483093,1.3654602460655725
DTSR14,mobilenetv3,red_channel_shift_45,24,2,0.1723911315202713,0.46915218234062195,0.3584566116333008,1.4800421491973275
DTSR14,mobilenetv3,red_channel_shift_45,25,2,0.23442018032073975,0.42788270115852356,0.3376971185207367,1.5435359200465641
DTSR14,mobilenetv3,red_channel_shift_45,26,2,0.10965664684772491,0.5665909647941589,0.32375237345695496,1.3408346642637463
DTSR14,mobilenetv3,red_channel_shift_45,27,2,0.04416891559958458,0.607524037361145,0.3483070433139801,1.165571200021032
DTSR14,mobilenetv3,red_channel_shift_45,28,2,0.46180376410484314,0.035428114235401154,0.5027681589126587,1.184238960911788
DTSR14,mobilenetv3,red_channel_shift_45,29,2,0.36196228861808777,0.04871698096394539,0.5893206596374512,1.1926252887908402
DTSR14,mobilenetv3,red_channel_shift_45,30,2,0.5696350932121277,0.029010482132434845,0.40135443210601807,1.139250149572592
DTSR14,mobilenetv3,red_channel_shift_45,31,2,0.21791602671146393,0.7468106150627136,0.03527335822582245,0.9637630316918353
DTSR14,mobilenetv3,red_channel_shift_45,32,2,0.26674023270606995,0.3816765248775482,0.35158321261405945,1.5691167118973484
DTSR14,mobilenetv3,red_channel_shift_45,33,2,0.24037830531597137,0.7169234752655029,0.04269816353917122,1.0328316023891446
DTSR14,mobilenetv3,red_channel_shift_45,34,2,0.6945775151252747,0.03441161662340164,0.2710108458995819,1.0429470030971273
DTSR14,mobilenetv3,red_channel_shift_45,35,2,0.7064072489738464,0.03721515089273453,0.25637754797935486,1.03434645718908
DTSR14,mobilenetv3,red_channel_shift_45,36,2,0.030991170555353165,0.7224712371826172,0.24653762578964233,0.9921936787648992
DTSR14,mobilenetv3,red_channel_shift_45,37,2,0.5972951054573059,0.03349912166595459,0.36920565366744995,1.1389505846145491
DTSR14,mobilenetv3,red_channel_shift_45,38,2,0.4853854775428772,0.046158500015735626,0.46845605969429016,1.2234735173431805
DTSR14,mobilenetv3,red_channel_shift_45,39,3,0.06510961800813675,0.1774885356426239,0.7574018239974976,1.0029074200545458
DTSR14,mobilenetv3,red_channel_shift_45,40,3,0.10078279674053192,0.2180090844631195,0.6812081336975098,1.1900182695679087
DTSR14,mobilenetv3,red_channel_shift_45,41,3,0.054139234125614166,0.6685710549354553,0.27728965878486633,1.129245222992512
DTSR14,mobilenetv3,red_channel_shift_45,42,4,0.08506565541028976,0.33373522758483887,0.5811991691589355,1.2858280301887304
DTSR14,mobilenetv3,red_channel_shift_45,43,4,0.03721703216433525,0.4007622003555298,0.5620207786560059,1.1725911111095326
DTSR14,mobilenetv3,red_channel_shift_45,44,4,0.07547086477279663,0.3456861078739166,0.5788430571556091,1.2676684611060118
DTSR14,mobilenetv3,red_channel_shift_45,45,4,0.043496500700712204,0.4910528361797333,0.46545061469078064,1.2141091238644637
DTSR14,mobilenetv3,red_channel_shift_45,46,4,0.7130163908004761,0.2386312037706375,0.0483524464070797,1.0525454274685517
DTSR14,mobilenetv3,red_channel_shift_45,47,4,0.05288321524858475,0.395189106464386,0.5519276857376099,1.2268402473262434
DTSR14,mobilenetv3,red_channel_shift_45,48,4,0.10458693653345108,0.4283314049243927,0.4670816957950592,1.3775724394838875
DTSR14,mobilenetv3,red_channel_shift_45,49,4,0.5400869250297546,0.4082735776901245,0.051639508455991745,1.2284229814887115
DTSR14,mobilenetv3,red_channel_shift_45,50,4,0.6273477673530579,0.030836092308163643,0.34181588888168335,1.1061401955121803
DTSR14,mobilenetv3,red_channel_shift_45,51,4,0.5199756622314453,0.05877923592925072,0.42124518752098083,1.2563161487424575
DTSR14,mobilenetv3,red_channel_shift_45,52,5,0.4071968197822571,0.24337667226791382,0.34942659735679626,1.5540490346399527
DTSR14,mobilenetv3,red_channel_shift_45,53,5,0.11229612678289413,0.41012001037597656,0.4775838851928711,1.390805013735986
DTSR14,mobilenetv3,red_channel_shift_45,54,5,0.288800448179245,0.31254053115844727,0.3986590504646301,1.5708254967554942
DTSR14,mobilenetv3,red_channel_shift_45,55,5,0.5027222037315369,0.1585201472043991,0.33875772356987,1.4490429822609472
DTSR14,mobilenetv3,red_channel_shift_45,56,5,0.032402168959379196,0.2733810544013977,0.6942168474197388,1.0373525100962802
DTSR14,mobilenetv3,red_channel_shift_45,57,5,0.06741680949926376,0.6395260095596313,0.29305729269981384,1.1936780237024502
DTSR14,mobilenetv3,red_channel_shift_45,58,5,0.9567318558692932,0.007581596728414297,0.03568651154637337,0.2860494366452899
DTSR14,mobilenetv3,red_channel_shift_45,59,5,0.053755711764097214,0.31129440665245056,0.6349499225616455,1.166895080986716
DTSR14,mobilenetv3,red_channel_shift_45,60,5,0.023296356201171875,0.16799066960811615,0.808712899684906,0.8063946320524484
DTSR14,mobilenetv3,red_channel_shift_45,61,5,0.23904846608638763,0.7084069848060608,0.052544500678777695,1.0692021335235151
DTSR14,mobilenetv3,red_channel_shift_45,62,5,0.09518881142139435,0.501971423625946,0.4028397798538208,1.3505171864839571
DTSR14,mobilenetv3,red_channel_shift_45,63,5,0.05744331702589989,0.7341144680976868,0.20844212174415588,1.0356783392248878
DTSR14,mobilenetv3,red_channel_shift_45,64,5,0.22819054126739502,0.4228755235671997,0.3489339053630829,1.5415353687357483
DTSR14,mobilenetv3,red_channel_shift_45,65,5,0.24666927754878998,0.3949320614337921,0.3583986163139343,1.55800844769849
DTSR14,mobilenetv3,red_channel_shift_45,66,5,0.2223900705575943,0.4059197008609772,0.3716903626918793,1.5410304295578836
DTSR14,mobilenetv3,red_channel_shift_45,67,5,0.5324980020523071,0.04397756978869438,0.4235244393348694,1.2072836962041285
DTSR14,mobilenetv3,red_channel_shift_45,68,5,0.6778359413146973,0.05150141939520836,0.2706625163555145,1.1109636491626202
DTSR14,mobilenetv3,red_channel_shift_45,69,5,0.5187913179397583,0.16077619791030884,0.32043248414993286,1.4412451817035152
DTSR14,mobilenetv3,red_channel_shift_45,70,5,0.24083185195922852,0.4692539572715759,0.28991425037384033,1.5247378160944844
DTSR14,mobilenetv3,red_channel_shift_45,71,5,0.5441175103187561,0.021022509783506393,0.4348600208759308,1.1173071438428681
DTSR14,mobilenetv3,red_channel_shift_45,72,5,0.7300370931625366,0.03476099669933319,0.2352018505334854,0.9909798335020357
DTSR14,mobilenetv3,red_channel_shift_45,73,5,0.22939258813858032,0.026776975020766258,0.7438305020332336,0.9446889899264481
DTSR14,mobilenetv3,red_channel_shift_45,74,5,0.5259000658988953,0.04554889351129532,0.4285511076450348,1.2144555575775144
DTSR14,mobilenetv3,red_channel_shift_45,75,5,0.5897603034973145,0.34137800335884094,0.06886168569326401,1.2444221809439673
DTSR14,mobilenetv3,red_channel_shift_45,76,5,0.05031577870249748,0.46745577454566956,0.48222845792770386,1.2372553019784422
DTSR14,mobilenetv3,red_channel_shift_45,77,5,0.6101353764533997,0.04875479266047478,0.34110984206199646,1.1766896339083908
DTSR14,mobilenetv3,red_channel_shift_45,78,5,0.5822073817253113,0.18706317245960236,0.23072941601276398,1.3949060160612212
DTSR14,mobilenetv3,red_channel_shift_45,79,5,0.5380644798278809,0.05037381872534752,0.4115617275238037,1.2254167304547101
DTSR14,mobilenetv3,red_channel_shift_45,80,5,0.511942982673645,0.05139939486980438,0.43665769696235657,1.2365980218853951
DTSR14,mobilenetv3,red_channel_shift_45,81,5,0.540411651134491,0.028030214831233025,0.43155813217163086,1.1475726993989124
DTSR14,mobilenetv3,red_channel_shift_45,82,5,0.7536325454711914,0.04067329689860344,0.2056943029165268,0.964710343991912
DTSR14,mobilenetv3,red_channel_shift_45,83,5,0.764804482460022,0.051865968853235245,0.18332959711551666,0.9659711868630043
DTSR14,mobilenetv3,red_channel_shift_45,84,5,0.13183876872062683,0.5694217681884766,0.29873940348625183,1.3687154214043948
DTSR14,mobilenetv3,red_channel_shift_45,85,5,0.39939528703689575,0.36251211166381836,0.2380925714969635,1.5524728576928055
DTSR14,mobilenetv3,red_channel_shift_45,86,5,0.44025617837905884,0.3546307682991028,0.20511303842067719,1.5202576739629219
DTSR14,mobilenetv3,red_channel_shift_45,87,5,0.8495449423789978,0.05307033285498619,0.09738465398550034,0.7518765515347329
DTSR14,mobilenetv3,red_channel_shift_45,88,5,0.4609152674674988,0.2603738307952881,0.27871087193489075,1.534222435043525
DTSR14,mobilenetv3,red_channel_shift_45,89,5,0.042861610651016235,0.1303531676530838,0.8267852067947388,0.8048265890609754
DTSR14,mobilenetv3,red_channel_shift_45,90,5,0.7714378237724304,0.023916661739349365,0.20464558899402618,0.8860138027843741
DTSR14,mobilenetv3,red_channel_shift_45,91,5,0.5773653984069824,0.36265474557876587,0.0599798820912838,1.2316944799259075
DTSR14,mobilenetv3,red_channel_shift_45,92,5,0.33725705742836,0.42498070001602173,0.2377622276544571,1.546238092665773
DTSR14,mobilenetv3,red_channel_shift_45,93,5,0.03887472301721573,0.5527194738388062,0.40840572118759155,1.1825440933681926
DTSR14,mobilenetv3,red_channel_shift_45,94,5,0.5215409398078918,0.023262709379196167,0.45519644021987915,1.1328713233296366
DTSR14,mobilenetv3,red_channel_shift_45,95,5,0.7128114700317383,0.24813200533390045,0.03905659168958664,1.0298094578176835
DTSR14,mobilenetv3,red_channel_shift_45,96,5,0.5393352508544922,0.04252970963716507,0.41813504695892334,1.2001465981064787
DTSR14,mobilenetv3,red_channel_shift_45,97,5,0.5949237942695618,0.030120451003313065,0.37495580315589905,1.1285730504150346
DTSR14,mobilenetv3,red_channel_shift_45,98,5,0.49743959307670593,0.2690642178058624,0.23349611461162567,1.5007240948306366
DTSR14,mobilenetv3,red_channel_shift_45,99,5,0.5955119729042053,0.04153376817703247,0.3629542887210846,1.1666346841272723
DTSR14,mobilenetv3,red_channel_shift_45,100,5,0.5547603368759155,0.03643205016851425,0.4088076055049896,1.1732461195993515
DTSR14,mobilenetv3,red_channel_shift_45,101,5,0.061218976974487305,0.8078106641769409,0.13097035884857178,0.879533841859439
DTSR14,mobilenetv3,red_channel_shift_45,102,5,0.7313634753227234,0.02885715290904045,0.23977942764759064,0.971693922483442
DTSR14,mobilenetv3,red_channel_shift_45,103,5,0.6833177208900452,0.04640285298228264,0.2702794075012207,1.091089398611979
DTSR14,mobilenetv3,red_channel_shift_45,104,5,0.6117147207260132,0.32381677627563477,0.064468614757061,1.2155071728394455
DTSR14,mobilenetv3,red_channel_shift_45,105,5,0.035765040665864944,0.5628993511199951,0.40133562684059143,1.1671410301383172
DTSR14,mobilenetv3,red_channel_shift_45,106,5,0.041945621371269226,0.764306366443634,0.19374804198741913,0.9470420130676717
DTSR14,mobilenetv3,red_channel_shift_45,107,5,0.5398163795471191,0.16271671652793884,0.2974669933319092,1.4267206578628724
DTSR14,mobilenetv3,red_channel_shift_45,108,5,0.043962135910987854,0.651610791683197,0.30442702770233154,1.1231507794857292
DTSR14,mobilenetv3,red_channel_shift_45,109,5,0.5943740010261536,0.042658645659685135,0.362967312335968,1.1709421917064635
DTSR14,mobilenetv3,red_channel_shift_45,110,5,0.27175551652908325,0.44435808062553406,0.2838863730430603,1.5464990867233483
DTSR14,mobilenetv3,red_channel_shift_45,111,5,0.044121697545051575,0.35620352625846863,0.5996747016906738,1.1715285541348814
DTSR14,mobilenetv3,red_channel_shift_45,112,5,0.72160804271698,0.03546210750937462,0.24292992055416107,1.0064257512630106
DTSR14,mobilenetv3,red_channel_shift_45,113,5,0.4317805767059326,0.030081309378147125,0.5381380915641785,1.1562883107044906
DTSR14,mobilenetv3,red_channel_shift_45,114,5,0.5938270688056946,0.040693145245313644,0.3654797673225403,1.1651808331039044
DTSR14,mobilenetv3,red_channel_shift_45,115,5,0.11562356352806091,0.39886942505836487,0.48550698161125183,1.394892938991176
DTSR14,mobilenetv3,red_channel_shift_45,116,5,0.5487619638442993,0.39968177676200867,0.05155625566840172,1.2244414857006423
DTSR14,mobilenetv3,red_channel_shift_45,117,5,0.47607502341270447,0.027690375223755836,0.49623462557792664,1.1546816405288012
DTSR14,mobilenetv3,red_channel_shift_45,118,6,0.04471125826239586,0.7916237115859985,0.16366499662399292,0.8946762994132494
DTSR14,mobilenetv3,red_channel_shift_45,119,6,0.07684501260519028,0.31142985820770264,0.6117250919342041,1.2423562303808033
DTSR14,mobilenetv3,red_channel_shift_45,120,6,0.04783365875482559,0.24176576733589172,0.7104005813598633,1.0554407919964215
DTSR14,mobilenetv3,red_channel_shift_45,121,6,0.0680098831653595,0.11137248575687408,0.82061767578125,0.8504696769480893
DTSR14,mobilenetv3,red_channel_shift_45,122,6,0.08100808411836624,0.0501725971698761,0.8688193559646606,0.6865702672784617
DTSR14,mobilenetv3,red_channel_shift_45,123,6,0.041325367987155914,0.9240872859954834,0.03458733111619949,0.46309170361643326
DTSR14,mobilenetv3,red_channel_shift_45,124,7,0.8302105069160461,0.03859453275799751,0.13119496405124664,0.7885193872975044
DTSR14,mobilenetv3,red_channel_shift_45,125,7,0.7949589490890503,0.16232335567474365,0.04271773621439934,0.8832767544090242
DTSR14,mobilenetv3,red_channel_shift_45,126,7,0.6023508310317993,0.3526935577392578,0.04495561867952347,1.1719853175969637
DTSR14,mobilenetv3,red_channel_shift_45,127,7,0.6710918545722961,0.28310397267341614,0.045804254710674286,1.1053307295809014
DTSR14,mobilenetv3,red_channel_shift_45,128,7,0.7301075458526611,0.0341729111969471,0.23571962118148804,0.9892346656524162
DTSR14,mobilenetv3,red_channel_shift_45,129,7,0.7114118933677673,0.24449725449085236,0.04409084841609001,1.044879096981747
DTSR14,mobilenetv3,red_channel_shift_45,130,7,0.810278594493866,0.1388523131608963,0.05086915194988251,0.8600195234701036
DTSR14,mobilenetv3,red_channel_shift_45,131,7,0.03228611499071121,0.7432988882064819,0.22441504895687103,0.9618172325149243
DTSR14,mobilenetv3,red_channel_shift_45,132,7,0.8482424020767212,0.030297795310616493,0.12145978212356567,0.7236717644634358
DTSR14,mobilenetv3,red_channel_shift_45,133,7,0.5981570482254028,0.028256189078092575,0.3735867738723755,1.1195364667816197
DTSR14,mobilenetv3,red_channel_shift_45,134,7,0.3459513187408447,0.6122891306877136,0.04175969213247299,1.1544342062974056
DTSR14,mobilenetv3,red_channel_shift_45,135,7,0.40146690607070923,0.0259117279201746,0.5726213455200195,1.1257375687883993
DTSR14,mobilenetv3,red_channel_shift_45,136,8,0.10384667664766312,0.8579666614532471,0.03818661719560623,0.7088214969510616
DTSR14,mobilenetv3,red_channel_shift_45,137,8,0.7086559534072876,0.24653886258602142,0.04480518400669098,1.0508626729435249
DTSR14,mobilenetv3,red_channel_shift_45,138,8,0.05421752855181694,0.7562022805213928,0.18958021700382233,0.9876830045105401
DTSR14,mobilenetv3,red_channel_shift_45,139,8,0.2718278467655182,0.04491866007447243,0.6832535862922668,1.087361235754668
DTSR14,mobilenetv3,red_channel_shift_45,140,8,0.04150629788637161,0.21442779898643494,0.7440657615661621,0.9842158642401483
DTSR14,mobilenetv3,red_channel_shift_45,141,8,0.8797420859336853,0.08774636685848236,0.03251153975725174,0.6313546123420943
DTSR14,mobilenetv3,red_channel_shift_45,142,8,0.653792142868042,0.034651439636945724,0.311556339263916,1.0931027391988208
DTSR14,mobilenetv3,red_channel_shift_45,143,9,0.9351952075958252,0.024204447865486145,0.04060038551688194,0.40800985493208364
DTSR14,mobilenetv3,red_channel_shift_45,144,9,0.038547348231077194,0.8594369292259216,0.10201569646596909,0.7048353795897742
DTSR14,mobilenetv3,red_channel_shift_45,145,9,0.8335915803909302,0.10376626253128052,0.06264211982488632,0.8084232579572821
DTSR14,mobilenetv3,red_channel_shift_45,146,9,0.046443160623311996,0.14439687132835388,0.8091599345207214,0.8560093464455343
DTSR14,mobilenetv3,red_channel_shift_45,147,9,0.03893598914146423,0.8457143902778625,0.11534947156906128,0.7462046727008096
DTSR14,mobilenetv3,red_channel_shift_45,148,9,0.04780377447605133,0.2772318124771118,0.6749643683433533,1.1055963341286308
DTSR14,mobilenetv3,red_channel_shift_45,149,9,0.050899822264909744,0.4253423511981964,0.523757815361023,1.2319326614324972
DTSR14,mobilenetv3,red_channel_shift_45,150,9,0.04853213205933571,0.5724040865898132,0.37906378507614136,1.2030583785559625
DTSR14,mobilenetv3,red_channel_shift_45,151,9,0.5221396684646606,0.03885691240429878,0.4390033185482025,1.192975750784391
DTSR14,mobilenetv3,red_channel_shift_45,152,9,0.7356783747673035,0.04815420135855675,0.21616733074188232,1.014211576931166
DTSR14,mobilenetv3,red_channel_shift_45,153,9,0.5973612070083618,0.04365478456020355,0.35898399353027344,1.1718346003863358
DTSR14,mobilenetv3,red_channel_shift_45,154,9,0.7003546953201294,0.03885297104716301,0.2607923746109009,1.0476136749583325
DTSR14,mobilenetv3,red_channel_shift_45,155,9,0.04846622794866562,0.720821738243103,0.23071202635765076,1.0402282861989014
DTSR14,mobilenetv3,red_channel_shift_45,156,9,0.6488444805145264,0.03221401572227478,0.31894150376319885,1.0903914698928905
DTSR14,mobilenetv3,red_channel_shift_45,157,9,0.05296150967478752,0.5120323896408081,0.43500620126724243,1.2413608238596137
DTSR14,mobilenetv3,red_channel_shift_45,158,9,0.7821732759475708,0.03456748276948929,0.1832592636346817,0.8936655521148604
DTSR14,mobilenetv3,red_channel_shift_45,159,9,0.7845735549926758,0.043787918984889984,0.171638622879982,0.9086454849796917
DTSR14,mobilenetv3,red_channel_shift_45,160,9,0.7317233681678772,0.028432076796889305,0.2398446947336197,0.9698118267367278
DTSR14,mobilenetv3,red_channel_shift_45,161,9,0.10804165154695511,0.36349907517433167,0.5284593105316162,1.3638048421698958
DTSR14,mobilenetv3,red_channel_shift_45,162,9,0.07062661647796631,0.3431551158428192,0.5862182974815369,1.2512378655313832
DTSR14,mobilenetv3,red_channel_shift_45,163,9,0.08334124833345413,0.8278356790542603,0.08882308006286621,0.8346703733763774
DTSR14,mobilenetv3,red_channel_shift_45,164,9,0.3051280975341797,0.6257931590080261,0.06907863169908524,1.2120642980053873
DTSR14,mobilenetv3,red_channel_shift_45,165,10,0.12024687230587006,0.8185854554176331,0.06116775795817375,0.8504417779794237
DTSR14,mobilenetv3,red_channel_shift_45,166,10,0.7927388548851013,0.14643427729606628,0.06082674115896225,0.9171893319110725
DTSR14,mobilenetv3,red_channel_shift_45,167,10,0.8394289612770081,0.12328863888978958,0.03728237375617027,0.7612087500063714
DTSR14,mobilenetv3,red_channel_shift_45,168,10,0.05061691626906395,0.8005449771881104,0.1488381177186966,0.8838331444971017
DTSR14,mobilenetv3,red_channel_shift_45,169,10,0.039420515298843384,0.7575775384902954,0.20300205051898956,0.9543219362743334
DTSR14,mobilenetv3,red_channel_shift_45,170,10,0.7714817523956299,0.1940339356660843,0.03448435664176941,0.9152950326961364
DTSR14,mobilenetv3,red_channel_shift_45,171,10,0.8313180208206177,0.13631592690944672,0.032366059720516205,0.7736656988118271
DTSR14,mobilenetv3,red_channel_shift_45,172,10,0.8434935212135315,0.06059318780899048,0.09591329097747803,0.77659285199059
DTSR14,mobilenetv3,red_channel_shift_45,173,11,0.5917112827301025,0.04182259738445282,0.36646610498428345,1.1702095470080667
DTSR14,mobilenetv3,red_channel_shift_45,174,11,0.23547622561454773,0.7144544720649719,0.05006945878267288,1.0541532998140686
DTSR14,mobilenetv3,red_channel_shift_45,175,11,0.3409119248390198,0.06391822546720505,0.5951699614524841,1.2284394121997009
DTSR14,mobilenetv3,red_channel_shift_45,176,11,0.9348709583282471,0.05191970244050026,0.013209325261414051,0.3948605850870194
DTSR14,mobilenetv3,red_channel_shift_45,177,11,0.9396743774414062,0.05426440387964249,0.006061154417693615,0.35711889573501865
DTSR14,mobilenetv3,red_channel_shift_45,178,11,0.7026565670967102,0.2303934097290039,0.06695003062486649,1.1068188744797232
DTSR14,mobilenetv3,red_channel_shift_45,179,12,0.3429509401321411,0.19649861752986908,0.4605503976345062,1.5059108703749353
DTSR14,mobilenetv3,red_channel_shift_45,180,12,0.0342097133398056,0.48644861578941345,0.47934162616729736,1.180835254278465
DTSR14,mobilenetv3,red_channel_shift_45,181,12,0.43219757080078125,0.02335156314074993,0.5444508790969849,1.1271870270628306
DTSR14,mobilenetv3,red_channel_shift_45,182,12,0.526161253452301,0.40453383326530457,0.0693049430847168,1.2825209680103757
DTSR14,mobilenetv3,red_channel_shift_45,183,12,0.4991125166416168,0.025612110272049904,0.4752753973007202,1.1458523752529959
DTSR14,mobilenetv3,red_channel_shift_45,184,12,0.04070397466421127,0.38849076628685,0.5708051323890686,1.1796601098645016
DTSR14,mobilenetv3,red_channel_shift_45,185,12,0.3179016709327698,0.12193121016025543,0.5601671934127808,1.3641074215157671
DTSR14,mobilenetv3,red_channel_shift_45,186,12,0.35146260261535645,0.03136478736996651,0.6171725988388062,1.1165683057154427
DTSR14,mobilenetv3,red_channel_shift_45,187,12,0.03965410217642784,0.48466160893440247,0.4756843149662018,1.2009893648053165
DTSR14,mobilenetv3,red_channel_shift_45,188,12,0.04074331372976303,0.46896854043006897,0.49028804898262024,1.2046048150244157
DTSR14,mobilenetv3,red_channel_shift_45,189,12,0.033912550657987595,0.4707353711128235,0.4953520596027374,1.1792835934561612
DTSR14,mobilenetv3,red_channel_shift_45,190,12,0.218687042593956,0.27966076135635376,0.501652181148529,1.4929450014386223
DTSR14,mobilenetv3,red_channel_shift_45,191,12,0.3969406187534332,0.3939334452152252,0.20912587642669678,1.5306744459527672
DTSR14,mobilenetv3,red_channel_shift_45,192,12,0.6759235262870789,0.04609888046979904,0.27797767519950867,1.0999948848938748
DTSR14,mobilenetv3,red_channel_shift_45,193,12,0.6698540449142456,0.2742359936237335,0.05590996518731117,1.1317218050780535
DTSR14,mobilenetv3,red_channel_shift_45,194,12,0.05678022652864456,0.34877878427505493,0.5944409370422363,1.211058151807126
DTSR14,mobilenetv3,red_channel_shift_45,195,12,0.6759400367736816,0.032884515821933746,0.2911754250526428,1.0622359066110967
DTSR14,mobilenetv3,red_channel_shift_45,196,13,0.056896597146987915,0.7789166569709778,0.1641867458820343,0.9440318800561349
DTSR14,mobilenetv3,red_channel_shift_45,197,13,0.09015924483537674,0.026197588071227074,0.8836430311203003,0.6083289826197456
DTSR14,mobilenetv3,red_channel_shift_45,198,13,0.046342745423316956,0.2487976998090744,0.7048595547676086,1.0603609208826414
DTSR14,mobilenetv3,red_channel_shift_45,199,13,0.06546161323785782,0.16138193011283875,0.7731564044952393,0.9691131431811997
DTSR14,mobilenetv3,green_channel_shift_-45,0,0,0.044032830744981766,0.10790752619504929,0.8480596542358398,0.7466300242262517
DTSR14,mobilenetv3,green_channel_shift_-45,1,0,0.04781265929341316,0.03710435703396797,0.9150829315185547,0.5032123103704373
DTSR14,mobilenetv3,green_channel_shift_-45,2,0,0.7806658148765564,0.055183157324790955,0.16415104269981384,0.937442910420486
DTSR14,mobilenetv3,green_channel_shift_-45,3,0,0.06514005362987518,0.5647160410881042,0.37014397978782654,1.252953219114704
DTSR14,mobilenetv3,green_channel_shift_-45,4,0,0.9074881672859192,0.04634394869208336,0.04616791009902954,0.5373105690831504
DTSR14,mobilenetv3,green_channel_shift_-45,5,0,0.06497529149055481,0.7559646368026733,0.1790599375963211,1.0057092491577246
DTSR14,mobilenetv3,green_channel_shift_-45,6,0,0.0366540290415287,0.6505535244941711,0.3127925395965576,1.1028141898689077
DTSR14,mobilenetv3,green_channel_shift_-45,7,1,0.04569524899125099,0.6176632642745972,0.33664146065711975,1.161536927448026
DTSR14,mobilenetv3,green_channel_shift_-45,8,1,0.04134172573685646,0.7659980654716492,0.19266007840633392,0.9423457028150316
DTSR14,mobilenetv3,green_channel_shift_-45,9,1,0.04854743555188179,0.27294275164604187,0.6785097718238831,1.1028610570544881
DTSR14,mobilenetv3,green_channel_shift_-45,10,1,0.042966246604919434,0.7708601355552673,0.18617352843284607,0.9360440629491584
DTSR14,mobilenetv3,green_channel_shift_-45,11,1,0.5774601101875305,0.0350540392100811,0.38748598098754883,1.1569258651404015
DTSR14,mobilenetv3,green_channel_shift_-45,12,1,0.042433962225914,0.3319581151008606,0.625607967376709,1.1448917696075867
DTSR14,mobilenetv3,green_channel_shift_-45,13,1,0.02937115542590618,0.26631033420562744,0.7043184638023376,1.0139955773023852
DTSR14,mobilenetv3,green_channel_shift_-45,14,2,0.20631079375743866,0.462531715631485,0.3311575651168823,1.5123022305919158
DTSR14,mobilenetv3,green_channel_shift_-45,15,2,0.23915117979049683,0.4925580620765686,0.26829081773757935,1.506074442706461
DTSR14,mobilenetv3,green_channel_shift_-45,16,2,0.636381983757019,0.04506412521004677,0.3185539245605469,1.142202983532717
DTSR14,mobilenetv3,green_channel_shift_-45,17,2,0.1840502768754959,0.5904200077056885,0.22552970051765442,1.382823978365988
DTSR14,mobilenetv3,green_channel_shift_-45,18,2,0.6015980839729309,0.05471818149089813,0.34368371963500977,1.1999819929507032
DTSR14,mobilenetv3,green_channel_shift_-45,19,2,0.5361679792404175,0.031939391046762466,0.43189266324043274,1.1639690839217582
DTSR14,mobilenetv3,green_channel_shift_-45,20,2,0.5286664962768555,0.03697681799530983,0.4343566596508026,1.184605246487045
DTSR14,mobilenetv3,green_channel_shift_-45,21,2,0.6440221667289734,0.20275799930095673,0.1532197892665863,1.2902825446213313
DTSR14,mobilenetv3,green_channel_shift_-45,22,2,0.5198027491569519,0.04664646461606026,0.43355077505111694,1.2196937164165345
DTSR14,mobilenetv3,green_channel_shift_-45,23,2,0.09055476635694504,0.44934532046318054,0.46009984612464905,1.3476723565161635
DTSR14,mobilenetv3,green_channel_shift_-45,24,2,0.1667080819606781,0.4387892186641693,0.3945026397705078,1.481711886879034
DTSR14,mobilenetv3,green_channel_shift_-45,25,2,0.2309482842683792,0.4360204041004181,0.3330312967300415,1.538733662411857
DTSR14,mobilenetv3,green_channel_shift_-45,26,2,0.6576481461524963,0.04335612803697586,0.2989956736564636,1.114713848133655
DTSR14,mobilenetv3,green_channel_shift_-45,27,2,0.049879834055900574,0.6343475580215454,0.31577268242836,1.1574406127098253
DTSR14,mobilenetv3,green_channel_shift_-45,28,2,0.43997713923454285,0.03781204670667648,0.5222107172012329,1.1892810297887084
DTSR14,mobilenetv3,green_channel_shift_-45,29,2,0.38411542773246765,0.04803742468357086,0.5678471922874451,1.2042226301371048
DTSR14,mobilenetv3,green_channel_shift_-45,30,2,0.581193745136261,0.02976120449602604,0.38904502987861633,1.1357994721329423
DTSR14,mobilenetv3,green_channel_shift_-45,31,2,0.1046861782670021,0.5928633213043213,0.302450567483902,1.309794098891568
DTSR14,mobilenetv3,green_channel_shift_-45,32,2,0.20718225836753845,0.4644595980644226,0.3283582031726837,1.5119423130362417
DTSR14,mobilenetv3,green_channel_shift_-45,33,2,0.17302146553993225,0.7859454154968262,0.04103317856788635,0.9000711512389225
DTSR14,mobilenetv3,green_channel_shift_-45,34,2,0.3087639808654785,0.4820033311843872,0.2092326581478119,1.503180274487303
DTSR14,mobilenetv3,green_channel_shift_-45,35,2,0.6903569102287292,0.041608937084674835,0.2680341601371765,1.0690474561332586
DTSR14,mobilenetv3,green_channel_shift_-45,36,2,0.03414558991789818,0.1841583549976349,0.7816959619522095,0.8936423193995118
DTSR14,mobilenetv3,green_channel_shift_-45,37,2,0.6520341634750366,0.036422014236450195,0.3115437626838684,1.1005251125340236
DTSR14,mobilenetv3,green_channel_shift_-45,38,2,0.312147855758667,0.43928825855255127,0.2485639452934265,1.5448378112170786
DTSR14,mobilenetv3,green_channel_shift_-45,39,3,0.06583523750305176,0.2439681887626648,0.6901966333389282,1.124136123079376
DTSR14,mobilenetv3,green_channel_shift_-45,40,3,0.0996236726641655,0.1817929446697235,0.718583345413208,1.1212291383880801
DTSR14,mobilenetv3,green_channel_shift_-45,41,3,0.055343147367239,0.27796274423599243,0.6666941046714783,1.1344414440599613
DTSR14,mobilenetv3,green_channel_shift_-45,42,4,0.07481512427330017,0.34224933385849,0.5829355120658875,1.2631355145974101
DTSR14,mobilenetv3,green_channel_shift_-45,43,4,0.0360412634909153,0.4326539933681488,0.531304657459259,1.1805007270314327
DTSR14,mobilenetv3,green_channel_shift_-45,44,4,0.08072754740715027,0.38003841042518616,0.5392339825630188,1.3040227465924406
DTSR14,mobilenetv3,green_channel_shift_-45,45,4,0.04157228395342827,0.4922133684158325,0.4662143588066101,1.2073740943479352
DTSR14,mobilenetv3,green_channel_shift_-45,46,4,0.6419729590415955,0.2421039640903473,0.11592312157154083,1.2662823231563052
DTSR14,mobilenetv3,green_channel_shift_-45,47,4,0.060049206018447876,0.5103436708450317,0.4296070337295532,1.2625824305311228
DTSR14,mobilenetv3,green_channel_shift_-45,48,4,0.10737819224596024,0.29754677414894104,0.5950749516487122,1.3116538945402991
DTSR14,mobilenetv3,green_channel_shift_-45,49,4,0.49851396679878235,0.4513106048107147,0.050175443291664124,1.2352734358988178
DTSR14,mobilenetv3,green_channel_shift_-45,50,4,0.548058032989502,0.3961036205291748,0.05583835765719414,1.2371418926408182
DTSR14,mobilenetv3,green_channel_shift_-45,51,4,0.41082534193992615,0.44550031423568726,0.14367440342903137,1.4490939112575023
DTSR14,mobilenetv3,green_channel_shift_-45,52,5,0.48361772298812866,0.2105492800474167,0.305833101272583,1.5028521457712138
DTSR14,mobilenetv3,green_channel_shift_-45,53,5,0.09924650192260742,0.4400823712348938,0.4606710970401764,1.3670165083944767
DTSR14,mobilenetv3,green_channel_shift_-45,54,5,0.2682291865348816,0.23864242434501648,0.4931284785270691,1.5054888291417696
DTSR14,mobilenetv3,green_channel_shift_-45,55,5,0.14962244033813477,0.5134342908859253,0.33694320917129517,1.4326564200432412
DTSR14,mobilenetv3,green_channel_shift_-45,56,5,0.2342747300863266,0.3307856023311615,0.43493977189064026,1.540863128185461
DTSR14,mobilenetv3,green_channel_shift_-45,57,5,0.07575326412916183,0.6945156455039978,0.22973103821277618,1.1347406482197309
DTSR14,mobilenetv3,green_channel_shift_-45,58,5,0.9605798721313477,0.00408554170280695,0.03533454239368439,0.25856564933239945
DTSR14,mobilenetv3,green_channel_shift_-45,59,5,0.284212589263916,0.05293256416916847,0.6628549098968506,1.1334807718288564
DTSR14,mobilenetv3,green_channel_shift_-45,60,5,0.14733555912971497,0.045141760259866714,0.8075226545333862,0.8578787288401076
DTSR14,mobilenetv3,green_channel_shift_-45,61,5,0.17791365087032318,0.7712415456771851,0.0508449524641037,0.9506767980172799
DTSR14,mobilenetv3,green_channel_shift_-45,62,5,0.07144440710544586,0.530579149723053,0.3979763984680176,1.286139995193638
DTSR14,mobilenetv3,green_channel_shift_-45,63,5,0.05071118101477623,0.7329530715942383,0.2163357436656952,1.0244629352654608
DTSR14,mobilenetv3,green_channel_shift_-45,64,5,0.2825545072555542,0.41088417172431946,0.30656135082244873,1.565372357456605
DTSR14,mobilenetv3,green_channel_shift_-45,65,5,0.29540112614631653,0.35398438572883606,0.3506145477294922,1.5801836512196132
DTSR14,mobilenetv3,green_channel_shift_-45,66,5,0.5200483202934265,0.215787872672081,0.2641637623310089,1.4752683589010727
DTSR14,mobilenetv3,green_channel_shift_-45,67,5,0.5664902329444885,0.20769977569580078,0.22581005096435547,1.4201698694352274
DTSR14,mobilenetv3,green_channel_shift_-45,68,5,0.7343177199363708,0.06256185472011566,0.2031203955411911,1.044408295456868
DTSR14,mobilenetv3,green_channel_shift_-45,69,5,0.5353784561157227,0.15751536190509796,0.3071061074733734,1.4256384342855826
DTSR14,mobilenetv3,green_channel_shift_-45,70,5,0.23847442865371704,0.500104546546936,0.26142099499702454,1.4991353372888356
DTSR14,mobilenetv3,green_channel_shift_-45,71,5,0.5515332818031311,0.3167068660259247,0.1317598670721054,1.384095477027881
DTSR14,mobilenetv3,green_channel_shift_-45,72,5,0.7355680465698242,0.03894328325986862,0.22548869252204895,0.9928053930741912
DTSR14,mobilenetv3,green_channel_shift_-45,73,5,0.1968638151884079,0.02949768491089344,0.7736384272575378,0.8979907659991148
DTSR14,mobilenetv3,green_channel_shift_-45,74,5,0.5350849628448486,0.04817065969109535,0.4167444407939911,1.2197631028740206
DTSR14,mobilenetv3,green_channel_shift_-45,75,5,0.6215304732322693,0.07363993674516678,0.30482956767082214,1.2260231563872082
DTSR14,mobilenetv3,green_channel_shift_-45,76,5,0.05697479471564293,0.4926532506942749,0.4503718912601471,1.2569743271956142
DTSR14,mobilenetv3,green_channel_shift_-45,77,5,0.6224082708358765,0.05816514417529106,0.31942665576934814,1.1903791750780275
DTSR14,mobilenetv3,green_channel_shift_-45,78,5,0.520854651927948,0.13182522356510162,0.3473201096057892,1.4054068817399386
DTSR14,mobilenetv3,green_channel_shift_-45,79,5,0.5893198251724243,0.05382702499628067,0.3568531274795532,1.2069849358703726
DTSR14,mobilenetv3,green_channel_shift_-45,80,5,0.5373839139938354,0.055214833468198776,0.4074012339115143,1.2399935201856866
DTSR14,mobilenetv3,green_channel_shift_-45,81,5,0.558591365814209,0.03983565419912338,0.40157294273376465,1.1830965323705445
DTSR14,mobilenetv3,green_channel_shift_-45,82,5,0.7688724994659424,0.045711029320955276,0.18541651964187622,0.9457950072834903
DTSR14,mobilenetv3,green_channel_shift_-45,83,5,0.768809974193573,0.05684643238782883,0.1743435114622116,0.9661167831438833
DTSR14,mobilenetv3,green_channel_shift_-45,84,5,0.11460687220096588,0.573806881904602,0.3115862309932709,1.342181318191933
DTSR14,mobilenetv3,green_channel_shift_-45,85,5,0.46676135063171387,0.3071187436580658,0.22611993551254272,1.5211388167672655
DTSR14,mobilenetv3,green_channel_shift_-45,86,5,0.4568850100040436,0.3475640118122101,0.19555091857910156,1.50663954512845
DTSR14,mobilenetv3,green_channel_shift_-45,87,5,0.8630136251449585,0.05123413726687431,0.08575224876403809,0.7069356824344324
DTSR14,mobilenetv3,green_channel_shift_-45,88,5,0.4812701642513275,0.22810058295726776,0.29062923789024353,1.5122671068573053
DTSR14,mobilenetv3,green_channel_shift_-45,89,5,0.04437743127346039,0.10081857442855835,0.8548040390014648,0.7266313556702964
DTSR14,mobilenetv3,green_channel_shift_-45,90,5,0.7818765044212341,0.024279993027448654,0.1938435286283493,0.8666308170665542
DTSR14,mobilenetv3,green_channel_shift_-45,91,5,0.6014290452003479,0.3325174152851105,0.06605347245931625,1.2283159443513862
DTSR14,mobilenetv3,green_channel_shift_-45,92,5,0.3782848119735718,0.42975011467933655,0.1919650286436081,1.5112329530091624
DTSR14,mobilenetv3,green_channel_shift_-45,93,5,0.04373447597026825,0.5955411791801453,0.3607243001461029,1.1734037903075243
DTSR14,mobilenetv3,green_channel_shift_-45,94,5,0.49903419613838196,0.03162986785173416,0.4693359434604645,1.1702138681225493
DTSR14,mobilenetv3,green_channel_shift_-45,95,5,0.7347106337547302,0.22350391745567322,0.041785456240177155,1.0013094321367166
DTSR14,mobilenetv3,green_channel_shift_-45,96,5,0.535678505897522,0.0428362637758255,0.4214852750301361,1.202461418601489
DTSR14,mobilenetv3,green_channel_shift_-45,97,5,0.6170129776000977,0.03212893009185791,0.35085806250572205,1.1193477763159914
DTSR14,mobilenetv3,green_channel_shift_-45,98,5,0.508986234664917,0.20745950937271118,0.2835543155670166,1.4822397055784062
DTSR14,mobilenetv3,green_channel_shift_-45,99,5,0.6134779453277588,0.06365691870450974,0.32286515831947327,1.2119859315204888
DTSR14,mobilenetv3,green_channel_shift_-45,100,5,0.6262299418449402,0.03468596935272217,0.33908405900001526,1.120130306958837
DTSR14,mobilenetv3,green_channel_shift_-45,101,5,0.06664007902145386,0.8226442933082581,0.11071556061506271,0.8436289242458752
DTSR14,mobilenetv3,green_channel_shift_-45,102,5,0.749011218547821,0.030726982280611992,0.220261812210083,0.9474438103352503
DTSR14,mobilenetv3,green_channel_shift_-45,103,5,0.6986257433891296,0.05033187195658684,0.2510422468185425,1.0791027763423722
DTSR14,mobilenetv3,green_channel_shift_-45,104,5,0.6155023574829102,0.31382134556770325,0.07067622989416122,1.2258260158912095
DTSR14,mobilenetv3,green_channel_shift_-45,105,5,0.5509273409843445,0.29662150144577026,0.15245112776756287,1.4075903534815635
DTSR14,mobilenetv3,green_channel_shift_-45,106,5,0.045382026582956314,0.7593982219696045,0.19521968066692352,0.9641174411093063
DTSR14,mobilenetv3,green_channel_shift_-45,107,5,0.5701863765716553,0.1502758264541626,0.27953770756721497,1.3870721496869982
DTSR14,mobilenetv3,green_channel_shift_-45,108,5,0.047872982919216156,0.6851781010627747,0.2669488489627838,1.09227066456083
DTSR14,mobilenetv3,green_channel_shift_-45,109,5,0.6400220394134521,0.0496358759701252,0.3103421628475189,1.150975259592343
DTSR14,mobilenetv3,green_channel_shift_-45,110,5,0.30921968817710876,0.41905421018600464,0.2717260420322418,1.5602098704924898
DTSR14,mobilenetv3,green_channel_shift_-45,111,5,0.03587545081973076,0.34447482228279114,0.6196496486663818,1.1297259941009896
DTSR14,mobilenetv3,green_channel_shift_-45,112,5,0.714289128780365,0.048587389290332794,0.23712337017059326,1.0510671798994138
DTSR14,mobilenetv3,green_channel_shift_-45,113,5,0.4450308680534363,0.5177667140960693,0.037202272564172745,1.1881444873810465
DTSR14,mobilenetv3,green_channel_shift_-45,114,5,0.6274427175521851,0.32434338331222534,0.048213861882686615,1.1596927728504045
DTSR14,mobilenetv3,green_channel_shift_-45,115,5,0.07981206476688385,0.426633358001709,0.4935545325279236,1.3181907737084075
DTSR14,mobilenetv3,green_channel_shift_-45,116,5,0.5749726295471191,0.3692379295825958,0.0557895191013813,1.2221122756242804
DTSR14,mobilenetv3,green_channel_shift_-45,117,5,0.48732060194015503,0.24705751240253448,0.26562193036079407,1.511730476424896
DTSR14,mobilenetv3,green_channel_shift_-45,118,6,0.06523694843053818,0.6428226232528687,0.29194051027297974,1.1852785904486887
DTSR14,mobilenetv3,green_channel_shift_-45,119,6,0.0686226412653923,0.2751259207725525,0.6562514901161194,1.1762680916332426
DTSR14,mobilenetv3,green_channel_shift_-45,120,6,0.05065087974071503,0.23247525095939636,0.7168738842010498,1.051539232699037
DTSR14,mobilenetv3,green_channel_shift_-45,121,6,0.07077590376138687,0.11558718979358673,0.8136370182037354,0.8723148983510155
DTSR14,mobilenetv3,green_channel_shift_-45,122,6,0.07726112008094788,0.051520999521017075,0.8712179064750671,0.6791344881209767
DTSR14,mobilenetv3,green_channel_shift_-45,123,6,0.027590492740273476,0.9375491142272949,0.034860432147979736,0.3989373583555331
DTSR14,mobilenetv3,green_channel_shift_-45,124,7,0.8678287267684937,0.0418551005423069,0.0903162807226181,0.6824135094680905
DTSR14,mobilenetv3,green_channel_shift_-45,125,7,0.8527195453643799,0.10733876377344131,0.03994172438979149,0.7271757478755432
DTSR14,mobilenetv3,green_channel_shift_-45,126,7,0.5701836347579956,0.38484516739845276,0.04497125372290611,1.19355636836576
DTSR14,mobilenetv3,green_channel_shift_-45,127,7,0.6562034487724304,0.29742926359176636,0.0463673435151577,1.1245898012068916
DTSR14,mobilenetv3,green_channel_shift_-45,128,7,0.7297354340553284,0.036373600363731384,0.23389098048210144,0.9958624670101357
DTSR14,mobilenetv3,green_channel_shift_-45,129,7,0.7075051069259644,0.2501496374607086,0.04234527796506882,1.046425619794671
DTSR14,mobilenetv3,green_channel_shift_-45,130,7,0.8442145586013794,0.1023891419172287,0.053396277129650116,0.7686111491840217
DTSR14,mobilenetv3,green_channel_shift_-45,131,7,0.04309255629777908,0.7446990013122559,0.21220827102661133,0.9867769885041953
DTSR14,mobilenetv3,green_channel_shift_-45,132,7,0.8249759078025818,0.03229525685310364,0.14272883534431458,0.7898124787013787
DTSR14,mobilenetv3,green_channel_shift_-45,133,7,0.6900140643119812,0.02926415205001831,0.2807218134403229,1.0329621256922557
DTSR14,mobilenetv3,green_channel_shift_-45,134,7,0.3267500698566437,0.6306828260421753,0.04256710037589073,1.1405579676961466
DTSR14,mobilenetv3,green_channel_shift_-45,135,7,0.46339693665504456,0.026902873069047928,0.5097002983093262,1.1501209641572105
DTSR14,mobilenetv3,green_channel_shift_-45,136,8,0.13455438613891602,0.8238809704780579,0.041564662009477615,0.8103529248696806
DTSR14,mobilenetv3,green_channel_shift_-45,137,8,0.65488201379776,0.29855531454086304,0.046562712639570236,1.1266166083545797
DTSR14,mobilenetv3,green_channel_shift_-45,138,8,0.057031210511922836,0.17019140720367432,0.7727773785591125,0.9578355724268721
DTSR14,mobilenetv3,green_channel_shift_-45,139,8,0.23178064823150635,0.05170927569270134,0.7165101170539856,1.0544395729330467
DTSR14,mobilenetv3,green_channel_shift_-45,140,8,0.05038576200604439,0.17469552159309387,0.7749187350273132,0.9420080142217868
DTSR14,mobilenetv3,green_channel_shift_-45,141,8,0.8901620507240295,0.07166236639022827,0.0381755530834198,0.6017818187170091
DTSR14,mobilenetv3,green_channel_shift_-45,142,8,0.6719673275947571,0.035958182066679,0.29207444190979004,1.0765138239240457
DTSR14,mobilenetv3,green_channel_shift_-45,143,9,0.9244604706764221,0.03407886251807213,0.04146067798137665,0.46128243758171406
DTSR14,mobilenetv3,green_channel_shift_-45,144,9,0.038974352180957794,0.8474408984184265,0.11358471214771271,0.7412806426658429
DTSR14,mobilenetv3,green_channel_shift_-45,145,9,0.138709157705307,0.7932976484298706,0.06799323856830597,0.9240254254154442
DTSR14,mobilenetv3,green_channel_shift_-45,146,9,0.04262704402208328,0.1641317903995514,0.7932411432266235,0.8870219039491778
DTSR14,mobilenetv3,green_channel_shift_-45,147,9,0.037125349044799805,0.8571009039878845,0.10577378422021866,0.7098797178997263
DTSR14,mobilenetv3,green_channel_shift_-45,148,9,0.06262152642011642,0.22912608087062836,0.708252489566803,1.0898557510955251
DTSR14,mobilenetv3,green_channel_shift_-45,149,9,0.05429624766111374,0.7374282479286194,0.2082754224538803,1.0236699907967193
DTSR14,mobilenetv3,green_channel_shift_-45,150,9,0.6186607480049133,0.04866765812039375,0.33267155289649963,1.1690557065652962
DTSR14,mobilenetv3,green_channel_shift_-45,151,9,0.33590570092201233,0.034128233790397644,0.6299659013748169,1.1149451161550257
DTSR14,mobilenetv3,green_channel_shift_-45,152,9,0.6912006139755249,0.04563554376363754,0.26316383481025696,1.0783797591381217
DTSR14,mobilenetv3,green_channel_shift_-45,153,9,0.7284335494041443,0.03545616194605827,0.23611034452915192,0.9955027451070431
DTSR14,mobilenetv3,green_channel_shift_-45,154,9,0.7640416026115417,0.033195655792951584,0.20276279747486115,0.9265327572895091
DTSR14,mobilenetv3,green_channel_shift_-45,155,9,0.051465075463056564,0.6664939522743225,0.282041072845459,1.1254206083181184
DTSR14,mobilenetv3,green_channel_shift_-45,156,9,0.5864124894142151,0.02960737980902195,0.3839801549911499,1.1321249038860248
DTSR14,mobilenetv3,green_channel_shift_-45,157,9,0.05619600787758827,0.16603396832942963,0.7777699828147888,0.9455138430261398
DTSR14,mobilenetv3,green_channel_shift_-45,158,9,0.8135340213775635,0.03264147788286209,0.15382450819015503,0.8187906628244224
DTSR14,mobilenetv3,green_channel_shift_-45,159,9,0.7962883114814758,0.04473897069692612,0.15897271037101746,0.8840028177112795
DTSR14,mobilenetv3,green_channel_shift_-45,160,9,0.27840113639831543,0.5642826557159424,0.15731613337993622,1.3991657121216365
DTSR14,mobilenetv3,green_channel_shift_-45,161,9,0.11795637011528015,0.3160925507545471,0.5659510493278503,1.353740236984857
DTSR14,mobilenetv3,green_channel_shift_-45,162,9,0.06916357576847076,0.19281521439552307,0.7380212545394897,1.047875117576002
DTSR14,mobilenetv3,green_channel_shift_-45,163,9,0.156571164727211,0.29728326201438904,0.546145498752594,1.4157073450183293
DTSR14,mobilenetv3,green_channel_shift_-45,164,9,0.21883831918239594,0.7150792479515076,0.0660824403166771,1.084696531531382
DTSR14,mobilenetv3,green_channel_shift_-45,165,10,0.11531024426221848,0.8160607218742371,0.06862914562225342,0.8639189038220346
DTSR14,mobilenetv3,green_channel_shift_-45,166,10,0.7976450324058533,0.1361430436372757,0.06621197611093521,0.9111705174475584
DTSR14,mobilenetv3,green_channel_shift_-45,167,10,0.40719538927078247,0.5527072548866272,0.04009731486439705,1.1866677673915271
DTSR14,mobilenetv3,green_channel_shift_-45,168,10,0.05656147375702858,0.8113549947738647,0.13208359479904175,0.8648403817656626
DTSR14,mobilenetv3,green_channel_shift_-45,169,10,0.04538390785455704,0.17871089279651642,0.7759051322937012,0.9304781797543091
DTSR14,mobilenetv3,green_channel_shift_-45,170,10,0.7665122151374817,0.19659946858882904,0.03688831254839897,0.9310166097819927
DTSR14,mobilenetv3,green_channel_shift_-45,171,10,0.8419750928878784,0.05793428421020508,0.10009070485830307,0.7793772301078098
DTSR14,mobilenetv3,green_channel_shift_-45,172,10,0.8348233103752136,0.06128191202878952,0.10389477014541626,0.803707447149193
DTSR14,mobilenetv3,green_channel_shift_-45,173,11,0.04455598443746567,0.5754418969154358,0.3800021708011627,1.1892061833646868
DTSR14,mobilenetv3,green_channel_shift_-45,174,11,0.20977114140987396,0.7397069931030273,0.050521887838840485,1.0119864282627085
DTSR14,mobilenetv3,green_channel_shift_-45,175,11,0.42050445079803467,0.04865315929055214,0.5308423042297363,1.2227428085015424
DTSR14,mobilenetv3,green_channel_shift_-45,176,11,0.9373245239257812,0.05380621924996376,0.008869283832609653,0.37484000384219895
DTSR14,mobilenetv3,green_channel_shift_-45,177,11,0.05819051340222359,0.9260326623916626,0.015776842832565308,0.4358654553537349
DTSR14,mobilenetv3,green_channel_shift_-45,178,11,0.7182986736297607,0.20631204545497894,0.07538929581642151,1.093833023414309
DTSR14,mobilenetv3,green_channel_shift_-45,179,12,0.5049675107002258,0.024407433345913887,0.4706250727176666,1.1402388469356748
DTSR14,mobilenetv3,green_channel_shift_-45,180,12,0.037471551448106766,0.43316489458084106,0.5293635129928589,1.1861582556625874
DTSR14,mobilenetv3,green_channel_shift_-45,181,12,0.35381707549095154,0.02290157973766327,0.6232813000679016,1.0802278991160978
DTSR14,mobilenetv3,green_channel_shift_-45,182,12,0.44099006056785583,0.4932825565338135,0.06572740525007248,1.2819331492139225
DTSR14,mobilenetv3,green_channel_shift_-45,183,12,0.33529341220855713,0.03186915069818497,0.6328374743461609,1.1047667464450435
DTSR14,mobilenetv3,green_channel_shift_-45,184,12,0.041793160140514374,0.3777732849121094,0.5804336071014404,1.17750749675151
DTSR14,mobilenetv3,green_channel_shift_-45,185,12,0.3292848765850067,0.37591710686683655,0.2947981357574463,1.577814800737043
DTSR14,mobilenetv3,green_channel_shift_-45,186,12,0.18263420462608337,0.03092046268284321,0.7864453196525574,0.8756391438796463
DTSR14,mobilenetv3,green_channel_shift_-45,187,12,0.046414513140916824,0.648716390132904,0.3048691153526306,1.1330684292351663
DTSR14,mobilenetv3,green_channel_shift_-45,188,12,0.024536561220884323,0.49728646874427795,0.478177011013031,1.141398452344951
DTSR14,mobilenetv3,green_channel_shift_-45,189,12,0.033776503056287766,0.5893610715866089,0.37686243653297424,1.1452255805308433
DTSR14,mobilenetv3,green_channel_shift_-45,190,12,0.2532760202884674,0.24888570606708527,0.4978383183479309,1.5021205321547884
DTSR14,mobilenetv3,green_channel_shift_-45,191,12,0.44905778765678406,0.36594462394714355,0.1849975883960724,1.4997664844881016
DTSR14,mobilenetv3,green_channel_shift_-45,192,12,0.6623419523239136,0.049487996846437454,0.2881700098514557,1.1255500305584276
DTSR14,mobilenetv3,green_channel_shift_-45,193,12,0.6435592770576477,0.3001445531845093,0.05629598721861839,1.1640172756988987
DTSR14,mobilenetv3,green_channel_shift_-45,194,12,0.060817498713731766,0.26526254415512085,0.6739199161529541,1.1372083112466893
DTSR14,mobilenetv3,green_channel_shift_-45,195,12,0.5708760619163513,0.043079786002635956,0.3860441744327545,1.1872438873118698
DTSR14,mobilenetv3,green_channel_shift_-45,196,13,0.05926407873630524,0.7932513356208801,0.14748457074165344,0.9139253257994151
DTSR14,mobilenetv3,green_channel_shift_-45,197,13,0.10353746265172958,0.030741747468709946,0.865720808506012,0.6732799755050182
DTSR14,mobilenetv3,green_channel_shift_-45,198,13,0.0456414595246315,0.2761729657649994,0.6781856417655945,1.0958921677377513
DTSR14,mobilenetv3,green_channel_shift_-45,199,13,0.06758028268814087,0.12045302242040634,0.811966598033905,0.8745020674166266
DTSR14,mobilenetv3,green_channel_shift_45,0,0,0.048297230154275894,0.11068032681941986,0.8410225510597229,0.772693760734366
DTSR14,mobilenetv3,green_channel_shift_45,1,0,0.05120714008808136,0.03867920860648155,0.9101137518882751,0.5247130167671143
DTSR14,mobilenetv3,green_channel_shift_45,2,0,0.2441786378622055,0.05273505672812462,0.7030863165855408,1.0778493878090547
DTSR14,mobilenetv3,green_channel_shift_45,3,0,0.06635485589504242,0.5603976845741272,0.37324753403663635,1.2585710170161064
DTSR14,mobilenetv3,green_channel_shift_45,4,0,0.8551497459411621,0.048747703433036804,0.09610245376825333,0.7302761750853382
DTSR14,mobilenetv3,green_channel_shift_45,5,0,0.06690799444913864,0.21755994856357574,0.715532124042511,1.0853361310744924
DTSR14,mobilenetv3,green_channel_shift_45,6,0,0.03903236240148544,0.5936007499694824,0.3673669397830963,1.1600230926930606
DTSR14,mobilenetv3,green_channel_shift_45,7,1,0.779778778553009,0.04869117587804794,0.1715301126241684,0.9284180551565275
DTSR14,mobilenetv3,green_channel_shift_45,8,1,0.041347686201334,0.3000696003437042,0.658582866191864,1.1079839592141159
DTSR14,mobilenetv3,green_channel_shift_45,9,1,0.05094221979379654,0.6403962969779968,0.3086615204811096,1.1540075951662687
DTSR14,mobilenetv3,green_channel_shift_45,10,1,0.04304126650094986,0.7905585765838623,0.16640020906925201,0.8938929616635323
DTSR14,mobilenetv3,green_channel_shift_45,11,1,0.5868863463401794,0.041451603174209595,0.37166205048561096,1.1722991778163765
DTSR14,mobilenetv3,green_channel_shift_45,12,1,0.04235757887363434,0.3126915693283081,0.6449509263038635,1.125730829390234
DTSR14,mobilenetv3,green_channel_shift_45,13,1,0.032406724989414215,0.7032474875450134,0.26434579491615295,1.0249228284695726
DTSR14,mobilenetv3,green_channel_shift_45,14,2,0.3563435971736908,0.19362084567546844,0.45003554224967957,1.5074936938764578
DTSR14,mobilenetv3,green_channel_shift_45,15,2,0.36418211460113525,0.4225939214229584,0.21322399377822876,1.5312451788651487
DTSR14,mobilenetv3,green_channel_shift_45,16,2,0.3824155628681183,0.43184831738471985,0.18573613464832306,1.5045638501777021
DTSR14,mobilenetv3,green_channel_shift_45,17,2,0.20420897006988525,0.5596250891685486,0.23616598546504974,1.428418183417417
DTSR14,mobilenetv3,green_channel_shift_45,18,2,0.33076345920562744,0.18983428180217743,0.47940224409103394,1.491507125208074
DTSR14,mobilenetv3,green_channel_shift_45,19,2,0.22891180217266083,0.597989559173584,0.17309866845607758,1.3685172672849668
DTSR14,mobilenetv3,green_channel_shift_45,20,2,0.4487040936946869,0.06709215044975281,0.4842036962509155,1.28691039869332
DTSR14,mobilenetv3,green_channel_shift_45,21,2,0.480538547039032,0.14859677851200104,0.3708646595478058,1.4475014507484003
DTSR14,mobilenetv3,green_channel_shift_45,22,2,0.49501582980155945,0.051331181079149246,0.453652948141098,1.2393925207716465
DTSR14,mobilenetv3,green_channel_shift_45,23,2,0.09291427582502365,0.3876176178455353,0.5194680094718933,1.3393350389269147
DTSR14,mobilenetv3,green_channel_shift_45,24,2,0.31236881017684937,0.3986823558807373,0.28894883394241333,1.5708340982819082
DTSR14,mobilenetv3,green_channel_shift_45,25,2,0.18499794602394104,0.46027955412864685,0.3547224700450897,1.4960018780659445
DTSR14,mobilenetv3,green_channel_shift_45,26,2,0.11454210430383682,0.5502007007598877,0.3352571725845337,1.3609074547070854
DTSR14,mobilenetv3,green_channel_shift_45,27,2,0.3789096176624298,0.3414580821990967,0.2796323001384735,1.5739118509858778
DTSR14,mobilenetv3,green_channel_shift_45,28,2,0.48863524198532104,0.03959477320313454,0.4717700183391571,1.2006227198537198
DTSR14,mobilenetv3,green_channel_shift_45,29,2,0.2885999381542206,0.416359007358551,0.2950410842895508,1.5633088503093977
DTSR14,mobilenetv3,green_channel_shift_45,30,2,0.5025272369384766,0.0362345427274704,0.4612382650375366,1.1872420394393495
DTSR14,mobilenetv3,green_channel_shift_45,31,2,0.44018644094467163,0.0897124856710434,0.4701010584831238,1.3450876512334022
DTSR14,mobilenetv3,green_channel_shift_45,32,2,0.1996638923883438,0.4612995386123657,0.3390365242958069,1.5080656483363772
DTSR14,mobilenetv3,green_channel_shift_45,33,2,0.2063610851764679,0.7462268471717834,0.047412093728780746,0.9935228937947881
DTSR14,mobilenetv3,green_channel_shift_45,34,2,0.5583333373069763,0.22106777131557465,0.2205989807844162,1.4318256327251642
DTSR14,mobilenetv3,green_channel_shift_45,35,2,0.6811195015907288,0.03899746760725975,0.2798830568790436,1.0740549098414354
DTSR14,mobilenetv3,green_channel_shift_45,36,2,0.026415318250656128,0.21518583595752716,0.7583988904953003,0.9179872310365065
DTSR14,mobilenetv3,green_channel_shift_45,37,2,0.5776447057723999,0.17870685458183289,0.24364836513996124,1.3976578607143808
DTSR14,mobilenetv3,green_channel_shift_45,38,2,0.2701171636581421,0.46312564611434937,0.26675722002983093,1.53293231546398
DTSR14,mobilenetv3,green_channel_shift_45,39,3,0.0820009857416153,0.27401161193847656,0.6439874172210693,1.2165109979902595
DTSR14,mobilenetv3,green_channel_shift_45,40,3,0.10728909075260162,0.2226276993751526,0.670083224773407,1.2150482382046635
DTSR14,mobilenetv3,green_channel_shift_45,41,3,0.05701597407460213,0.6748751997947693,0.26810890436172485,1.1276476562044646
DTSR14,mobilenetv3,green_channel_shift_45,42,4,0.16548800468444824,0.25010260939598083,0.5844094157218933,1.3824191663221816
DTSR14,mobilenetv3,green_channel_shift_45,43,4,0.03898205980658531,0.4315444827079773,0.5294733643531799,1.1914124103257886
DTSR14,mobilenetv3,green_channel_shift_45,44,4,0.07390711456537247,0.34073033928871155,0.585362434387207,1.2592589320221839
DTSR14,mobilenetv3,green_channel_shift_45,45,4,0.04490287974476814,0.5240982174873352,0.4309989809989929,1.212877321111577
DTSR14,mobilenetv3,green_channel_shift_45,46,4,0.6201808452606201,0.23150353133678436,0.1483156532049179,1.3244834428139511
DTSR14,mobilenetv3,green_channel_shift_45,47,4,0.12997885048389435,0.20351307094097137,0.6665080785751343,1.2401535710087455
DTSR14,mobilenetv3,green_channel_shift_45,48,4,0.11041457951068878,0.26198115944862366,0.6276043057441711,1.2790729105988219
DTSR14,mobilenetv3,green_channel_shift_45,49,4,0.5902585983276367,0.35879895091056824,0.0509423166513443,1.1983110493940452
DTSR14,mobilenetv3,green_channel_shift_45,50,4,0.2613574266433716,0.22655463218688965,0.5120880007743835,1.4856981221572254
DTSR14,mobilenetv3,green_channel_shift_45,51,4,0.39602553844451904,0.43529993295669556,0.16867460310459137,1.4846502947319749
DTSR14,mobilenetv3,green_channel_shift_45,52,5,0.4247683584690094,0.22276847064495087,0.3524632155895233,1.5375628945614521
DTSR14,mobilenetv3,green_channel_shift_45,53,5,0.09855134040117264,0.3816157281398773,0.5198329091072083,1.350487564572068
DTSR14,mobilenetv3,green_channel_shift_45,54,5,0.26242053508758545,0.3647538721561432,0.37282565236091614,1.5678928065516953
DTSR14,mobilenetv3,green_channel_shift_45,55,5,0.14252987504005432,0.4909170866012573,0.36655303835868835,1.435239156202328
DTSR14,mobilenetv3,green_channel_shift_45,56,5,0.24503763020038605,0.30247458815574646,0.45248788595199585,1.5366343818951065
DTSR14,mobilenetv3,green_channel_shift_45,57,5,0.08483201265335083,0.6352021098136902,0.27996590733528137,1.2320197445254053
DTSR14,mobilenetv3,green_channel_shift_45,58,5,0.9577368497848511,0.004931204952299595,0.0373319536447525,0.27453991142555856
DTSR14,mobilenetv3,green_channel_shift_45,59,5,0.037589557468891144,0.2911037802696228,0.6713065505027771,1.0821825978158957
DTSR14,mobilenetv3,green_channel_shift_45,60,5,0.10416615009307861,0.41651394963264465,0.47931990027427673,1.3747195080643957
DTSR14,mobilenetv3,green_channel_shift_45,61,5,0.10314807295799255,0.3666335344314575,0.5302184224128723,1.3541036422278765
DTSR14,mobilenetv3,green_channel_shift_45,62,5,0.08947206288576126,0.4723637104034424,0.43816426396369934,1.344306290118928
DTSR14,mobilenetv3,green_channel_shift_45,63,5,0.048505090177059174,0.7407476305961609,0.21074722707271576,1.0058889517063974
DTSR14,mobilenetv3,green_channel_shift_45,64,5,0.2959316074848175,0.3747090995311737,0.3293593227863312,1.5782205795985729
DTSR14,mobilenetv3,green_channel_shift_45,65,5,0.25948458909988403,0.3727041780948639,0.36781126260757446,1.5664596998474396
DTSR14,mobilenetv3,green_channel_shift_45,66,5,0.23556070029735565,0.36518746614456177,0.3992518484592438,1.5509235728237551
DTSR14,mobilenetv3,green_channel_shift_45,67,5,0.49707281589508057,0.14812926948070526,0.3547978401184082,1.439788414532377
DTSR14,mobilenetv3,green_channel_shift_45,68,5,0.6222416162490845,0.1796921342611313,0.19806620478630066,1.3335568478653246
DTSR14,mobilenetv3,green_channel_shift_45,69,5,0.5097044110298157,0.1861470490694046,0.3041486144065857,1.4693351466338842
DTSR14,mobilenetv3,green_channel_shift_45,70,5,0.2458074986934662,0.464042991399765,0.2901494801044464,1.5295738737054934
DTSR14,mobilenetv3,green_channel_shift_45,71,5,0.5411592125892639,0.3011574149131775,0.1576833724975586,1.4210364995643188
DTSR14,mobilenetv3,green_channel_shift_45,72,5,0.6571009159088135,0.15042413771152496,0.19247497618198395,1.2667358228874546
DTSR14,mobilenetv3,green_channel_shift_45,73,5,0.20257967710494995,0.030349964275956154,0.7670702934265137,0.9131167884220226
DTSR14,mobilenetv3,green_channel_shift_45,74,5,0.4822780191898346,0.3009522259235382,0.21676984429359436,1.5068977080734312
DTSR14,mobilenetv3,green_channel_shift_45,75,5,0.6384425163269043,0.19791442155838013,0.1636429727077484,1.3031789620546135
DTSR14,mobilenetv3,green_channel_shift_45,76,5,0.13453181087970734,0.4722057580947876,0.3932625651359558,1.4300036630880704
DTSR14,mobilenetv3,green_channel_shift_45,77,5,0.5882622003555298,0.12000849097967148,0.29172927141189575,1.3358671318753312
DTSR14,mobilenetv3,green_channel_shift_45,78,5,0.5749766826629639,0.15818987786769867,0.2668333947658539,1.3884849427728219
DTSR14,mobilenetv3,green_channel_shift_45,79,5,0.5445898175239563,0.05708782747387886,0.39832237362861633,1.2422534368359335
DTSR14,mobilenetv3,green_channel_shift_45,80,5,0.5264901518821716,0.05310128256678581,0.42040860652923584,1.2377356225865443
DTSR14,mobilenetv3,green_channel_shift_45,81,5,0.5641258358955383,0.2116621881723404,0.2242119461297989,1.4237156357079679
DTSR14,mobilenetv3,green_channel_shift_45,82,5,0.7535889744758606,0.0482134111225605,0.198197603225708,0.9812724446321173
DTSR14,mobilenetv3,green_channel_shift_45,83,5,0.7603872418403625,0.05700497329235077,0.18260784447193146,0.9840584732996926
DTSR14,mobilenetv3,green_channel_shift_45,84,5,0.1220368966460228,0.5282526016235352,0.34971046447753906,1.3867763339177515
DTSR14,mobilenetv3,green_channel_shift_45,85,5,0.39011237025260925,0.395317018032074,0.21457067131996155,1.5355334917213768
DTSR14,mobilenetv3,green_channel_shift_45,86,5,0.42608994245529175,0.3665190637111664,0.20739099383354187,1.5258423555788299
DTSR14,mobilenetv3,green_channel_shift_45,87,5,0.5581005811691284,0.30341312289237976,0.1384863704442978,1.3866422556515472
DTSR14,mobilenetv3,green_channel_shift_45,88,5,0.44309720396995544,0.2490755170583725,0.3078272342681885,1.5430604766289595
DTSR14,mobilenetv3,green_channel_shift_45,89,5,0.050330135971307755,0.7889464497566223,0.16072337329387665,0.9107491251460142
DTSR14,mobilenetv3,green_channel_shift_45,90,5,0.7638673782348633,0.028642361983656883,0.20749035477638245,0.9144272584146491
DTSR14,mobilenetv3,green_channel_shift_45,91,5,0.0618690550327301,0.5269778966903687,0.41115304827690125,1.2626093304758645
DTSR14,mobilenetv3,green_channel_shift_45,92,5,0.32818910479545593,0.4351882040500641,0.23662260174751282,1.5419017713603236
DTSR14,mobilenetv3,green_channel_shift_45,93,5,0.5695172548294067,0.044291719794273376,0.3861910402774811,1.1918182449413974
DTSR14,mobilenetv3,green_channel_shift_45,94,5,0.5566962957382202,0.04022977501153946,0.4030739963054657,1.1853011728392389
DTSR14,mobilenetv3,green_channel_shift_45,95,5,0.7207406163215637,0.23610466718673706,0.043154679238796234,1.0278786935842166
DTSR14,mobilenetv3,green_channel_shift_45,96,5,0.522244930267334,0.04900892451405525,0.42874613404273987,1.2265212653134046
DTSR14,mobilenetv3,green_channel_shift_45,97,5,0.6071798205375671,0.030058979988098145,0.36276113986968994,1.1197168448409072
DTSR14,mobilenetv3,green_channel_shift_45,98,5,0.4847009479999542,0.2603064477443695,0.25499260425567627,1.5145840608049084
DTSR14,mobilenetv3,green_channel_shift_45,99,5,0.5647876262664795,0.08329329639673233,0.35191914439201355,1.2944011182577357
DTSR14,mobilenetv3,green_channel_shift_45,100,5,0.5903785228729248,0.03883383795619011,0.3707875609397888,1.1615753136260993
DTSR14,mobilenetv3,green_channel_shift_45,101,5,0.06953143328428268,0.8062242269515991,0.12424428015947342,0.8917826678952937
DTSR14,mobilenetv3,green_channel_shift_45,102,5,0.7217263579368591,0.0335819311439991,0.24469174444675446,1.0009377288664423
DTSR14,mobilenetv3,green_channel_shift_45,103,5,0.6878242492675781,0.03611674904823303,0.27605900168418884,1.0570184415081783
DTSR14,mobilenetv3,green_channel_shift_45,104,5,0.567520022392273,0.3607140779495239,0.07176589220762253,1.2671965340067395
DTSR14,mobilenetv3,green_channel_shift_45,105,5,0.5057098269462585,0.3021337687969208,0.19215644896030426,1.476396550921105
DTSR14,mobilenetv3,green_channel_shift_45,106,5,0.04847895726561546,0.7346331477165222,0.2168879210948944,1.0167577361153535
DTSR14,mobilenetv3,green_channel_shift_45,107,5,0.5377525687217712,0.17426146566867828,0.28798601031303406,1.4377397643062952
DTSR14,mobilenetv3,green_channel_shift_45,108,5,0.053530070930719376,0.652800440788269,0.2936694622039795,1.1468733555766208
DTSR14,mobilenetv3,green_channel_shift_45,109,5,0.6432713270187378,0.054293397814035416,0.3024352490901947,1.1594341914863913
DTSR14,mobilenetv3,green_channel_shift_45,110,5,0.29686957597732544,0.4269428551197052,0.27618756890296936,1.557062996830138
DTSR14,mobilenetv3,green_channel_shift_45,111,5,0.04019038751721382,0.35397619009017944,0.6058334708213806,1.154738744471232
DTSR14,mobilenetv3,green_channel_shift_45,112,5,0.209571972489357,0.5612505078315735,0.22917743027210236,1.4272651261687583
DTSR14,mobilenetv3,green_channel_shift_45,113,5,0.28344935178756714,0.4303985834121704,0.28615209460258484,1.555568817052944
DTSR14,mobilenetv3,green_channel_shift_45,114,5,0.6286221146583557,0.0443250797688961,0.3270527422428131,1.1476253846394475
DTSR14,mobilenetv3,green_channel_shift_45,115,5,0.09146086871623993,0.39134714007377625,0.5171919465065002,1.3372519777634277
DTSR14,mobilenetv3,green_channel_shift_45,116,5,0.6201358437538147,0.3419489562511444,0.03791525959968567,1.1358749973816729
DTSR14,mobilenetv3,green_channel_shift_45,117,5,0.46570515632629395,0.28164881467819214,0.2526460587978363,1.5297623748932074
DTSR14,mobilenetv3,green_channel_shift_45,118,6,0.05881573259830475,0.3234647214412689,0.6177195906639099,1.1964226610419764
DTSR14,mobilenetv3,green_channel_shift_45,119,6,0.0669543594121933,0.29119715094566345,0.6418485045433044,1.1900659552584663
DTSR14,mobilenetv3,green_channel_shift_45,120,6,0.0502610020339489,0.22620581090450287,0.7235333919525146,1.0396932715672347
DTSR14,mobilenetv3,green_channel_shift_45,121,6,0.30596476793289185,0.08449050039052963,0.609544575214386,1.2593087387625266
DTSR14,mobilenetv3,green_channel_shift_45,122,6,0.08997107297182083,0.060417670756578445,0.8496112823486328,0.7569842966417475
DTSR14,mobilenetv3,green_channel_shift_45,123,6,0.028650321066379547,0.9328727126121521,0.038476936519145966,0.42119638653525865
DTSR14,mobilenetv3,green_channel_shift_45,124,7,0.8606269359588623,0.041895441710948944,0.09747756272554398,0.7055245452843673
DTSR14,mobilenetv3,green_channel_shift_45,125,7,0.8145369291305542,0.1394461989402771,0.046016961336135864,0.8417904200933899
DTSR14,mobilenetv3,green_channel_shift_45,126,7,0.44347578287124634,0.5101318359375,0.04639231413602829,1.2211135059034883
DTSR14,mobilenetv3,green_channel_shift_45,127,7,0.6701045632362366,0.27710866928100586,0.052786823362112045,1.1240838744281254
DTSR14,mobilenetv3,green_channel_shift_45,128,7,0.7279671430587769,0.03600144758820534,0.2360314577817917,0.9977460997330972
DTSR14,mobilenetv3,green_channel_shift_45,129,7,0.7085731625556946,0.24441438913345337,0.047012317925691605,1.0563279584103151
DTSR14,mobilenetv3,green_channel_shift_45,130,7,0.8194341063499451,0.12528181076049805,0.055284008383750916,0.8417828763671819
DTSR14,mobilenetv3,green_channel_shift_45,131,7,0.04109539836645126,0.7683351635932922,0.1905694305896759,0.9371224891974304
DTSR14,mobilenetv3,green_channel_shift_45,132,7,0.8567636013031006,0.032299309968948364,0.11093710362911224,0.7029554933618012
DTSR14,mobilenetv3,green_channel_shift_45,133,7,0.7243673801422119,0.02797112800180912,0.24766135215759277,0.9799899092900051
DTSR14,mobilenetv3,green_channel_shift_45,134,7,0.3175308406352997,0.6361711621284485,0.046297986060380936,1.145868184106377
DTSR14,mobilenetv3,green_channel_shift_45,135,7,0.4721107482910156,0.4937792122364044,0.03411001339554787,1.1801413042078348
DTSR14,mobilenetv3,green_channel_shift_45,136,8,0.11397778242826462,0.8374213576316833,0.04860084876418114,0.7835102110590538
DTSR14,mobilenetv3,green_channel_shift_45,137,8,0.6849839091300964,0.2666569650173187,0.04835910350084305,1.0937361957338374
DTSR14,mobilenetv3,green_channel_shift_45,138,8,0.05773063376545906,0.1757720559835434,0.7664972543716431,0.9724739053277949
DTSR14,mobilenetv3,green_channel_shift_45,139,8,0.18824298679828644,0.7613953948020935,0.05036164075136185,0.9701189234933341
DTSR14,mobilenetv3,green_channel_shift_45,140,8,0.049111492931842804,0.18146246671676636,0.7694261074066162,0.9512888514330623
DTSR14,mobilenetv3,green_channel_shift_45,141,8,0.8677318096160889,0.09195266664028168,0.04031550884246826,0.6809586058704716
DTSR14,mobilenetv3,green_channel_shift_45,142,8,0.40307462215423584,0.5530499219894409,0.04387563094496727,1.1988725270027367
DTSR14,mobilenetv3,green_channel_shift_45,143,9,0.9243276715278625,0.03219163790345192,0.04348061978816986,0.4611963500312348
DTSR14,mobilenetv3,green_channel_shift_45,144,9,0.041015755385160446,0.8286007642745972,0.13038364052772522,0.7969652992152709
DTSR14,mobilenetv3,green_channel_shift_45,145,9,0.813338041305542,0.13259796798229218,0.05406385660171509,0.8565049357994079
DTSR14,mobilenetv3,green_channel_shift_45,146,9,0.035991545766592026,0.8064110279083252,0.15759746730327606,0.8430478617050572
DTSR14,mobilenetv3,green_channel_shift_45,147,9,0.03883077949285507,0.8470541834831238,0.11411508172750473,0.7421782084767123
DTSR14,mobilenetv3,green_channel_shift_45,148,9,0.0653475672006607,0.22706511616706848,0.7075873613357544,1.0959418997676942
DTSR14,mobilenetv3,green_channel_shift_45,149,9,0.05337156727910042,0.7186538577079773,0.2279745489358902,1.0544585497242667
DTSR14,mobilenetv3,green_channel_shift_45,150,9,0.5570321083068848,0.058459654450416565,0.38450825214385986,1.2399070956796585
DTSR14,mobilenetv3,green_channel_shift_45,151,9,0.12418307363986969,0.6563503742218018,0.21946664154529572,1.2526086848096059
DTSR14,mobilenetv3,green_channel_shift_45,152,9,0.04886370152235031,0.687844455242157,0.2632918059825897,1.0910424715218128
DTSR14,mobilenetv3,green_channel_shift_45,153,9,0.7184349894523621,0.04256318137049675,0.23900187015533447,1.0301039604195235
DTSR14,mobilenetv3,green_channel_shift_45,154,9,0.762045681476593,0.03506215289235115,0.20289218425750732,0.9351473821300862
DTSR14,mobilenetv3,green_channel_shift_45,155,9,0.05155237019062042,0.6794585585594177,0.2689889967441559,1.1089262766821326
DTSR14,mobilenetv3,green_channel_shift_45,156,9,0.5578692555427551,0.03600165992975235,0.40612900257110596,1.1703466336340738
DTSR14,mobilenetv3,green_channel_shift_45,157,9,0.0447794534265995,0.7375745177268982,0.2176460176706314,1.003364686053191
DTSR14,mobilenetv3,green_channel_shift_45,158,9,0.806879460811615,0.038315754383802414,0.1548047959804535,0.8467541660302846
DTSR14,mobilenetv3,green_channel_shift_45,159,9,0.7873259782791138,0.04574614763259888,0.16692788898944855,0.9063064508742789
DTSR14,mobilenetv3,green_channel_shift_45,160,9,0.8350421786308289,0.031171506270766258,0.13378633558750153,0.7613951878212493
DTSR14,mobilenetv3,green_channel_shift_45,161,9,0.1210256889462471,0.40521207451820374,0.47376230359077454,1.4074159488665596
DTSR14,mobilenetv3,green_channel_shift_45,162,9,0.0633600726723671,0.5828574895858765,0.3537825047969818,1.236454709968513
DTSR14,mobilenetv3,green_channel_shift_45,163,9,0.1419917792081833,0.4199809730052948,0.4380270540714264,1.4471658805819703
DTSR14,mobilenetv3,green_channel_shift_45,164,9,0.4492972195148468,0.4845345616340637,0.06616811454296112,1.2843308186143
DTSR14,mobilenetv3,green_channel_shift_45,165,10,0.3060513436794281,0.6150736808776855,0.07887502014636993,1.2430742298648894
DTSR14,mobilenetv3,green_channel_shift_45,166,10,0.7904795408248901,0.14465728402137756,0.0648631751537323,0.9276013288917172
DTSR14,mobilenetv3,green_channel_shift_45,167,10,0.5693933963775635,0.38404545187950134,0.04656118154525757,1.1988868073950116
DTSR14,mobilenetv3,green_channel_shift_45,168,10,0.818212628364563,0.0378492996096611,0.14393815398216248,0.8181381581087956
DTSR14,mobilenetv3,green_channel_shift_45,169,10,0.043743714690208435,0.7325460910797119,0.22371014952659607,1.0096931643788585
DTSR14,mobilenetv3,green_channel_shift_45,170,10,0.7389792203903198,0.2245454490184784,0.03647531941533089,0.9806041801705804
DTSR14,mobilenetv3,green_channel_shift_45,171,10,0.7817805409431458,0.18076130747795105,0.03745828568935394,0.9012498449387792
DTSR14,mobilenetv3,green_channel_shift_45,172,10,0.8182348012924194,0.13523302972316742,0.04653221368789673,0.8330896751132618
DTSR14,mobilenetv3,green_channel_shift_45,173,11,0.5568147897720337,0.04101330041885376,0.4021719992160797,1.1878385571587318
DTSR14,mobilenetv3,green_channel_shift_45,174,11,0.23605889081954956,0.7172986268997192,0.046642500907182693,1.0417621554001184
DTSR14,mobilenetv3,green_channel_shift_45,175,11,0.44479987025260925,0.05378255248069763,0.5014176368713379,1.2460249022652716
DTSR14,mobilenetv3,green_channel_shift_45,176,11,0.9309393763542175,0.05661938339471817,0.012441211380064487,0.4093972242712074
DTSR14,mobilenetv3,green_channel_shift_45,177,11,0.9384804368019104,0.057585664093494415,0.003933923784643412,0.3545436955643576
DTSR14,mobilenetv3,green_channel_shift_45,178,11,0.6712492108345032,0.19199392199516296,0.13675685226917267,1.2356690510798438
DTSR14,mobilenetv3,green_channel_shift_45,179,12,0.31977811455726624,0.21399915218353271,0.46622276306152344,1.5152611446314668
DTSR14,mobilenetv3,green_channel_shift_45,180,12,0.04009687900543213,0.557496190071106,0.40240687131881714,1.184484746304943
DTSR14,mobilenetv3,green_channel_shift_45,181,12,0.31606221199035645,0.1327786147594452,0.5511592030525208,1.3856770160598035
DTSR14,mobilenetv3,green_channel_shift_45,182,12,0.4624692499637604,0.11628467589616776,0.4212460219860077,1.4009138404649266
DTSR14,mobilenetv3,green_channel_shift_45,183,12,0.4843873381614685,0.026206839829683304,0.48940587043762207,1.1487716213449883
DTSR14,mobilenetv3,green_channel_shift_45,184,12,0.04668006673455238,0.3831357955932617,0.5701841711997986,1.1987968600374075
DTSR14,mobilenetv3,green_channel_shift_45,185,12,0.29705315828323364,0.1425376981496811,0.5604091286659241,1.3890082969254103
DTSR14,mobilenetv3,green_channel_shift_45,186,12,0.2967277765274048,0.03434456139802933,0.6689274907112122,1.0751753529278694
DTSR14,mobilenetv3,green_channel_shift_45,187,12,0.052626412361860275,0.5795409083366394,0.36783266067504883,1.2104073664649893
DTSR14,mobilenetv3,green_channel_shift_45,188,12,0.044696636497974396,0.4311111867427826,0.5241922736167908,1.212177133976643
DTSR14,mobilenetv3,green_channel_shift_45,189,12,0.1946682184934616,0.40962809324264526,0.39570364356040955,1.516293611782884
DTSR14,mobilenetv3,green_channel_shift_45,190,12,0.2017248272895813,0.32312652468681335,0.4751485586166382,1.502627872176526
DTSR14,mobilenetv3,green_channel_shift_45,191,12,0.39894911646842957,0.38395804166793823,0.217092826962471,1.5375235508313025
DTSR14,mobilenetv3,green_channel_shift_45,192,12,0.5025296807289124,0.05738414451479912,0.44008615612983704,1.2566019856665789
DTSR14,mobilenetv3,green_channel_shift_45,193,12,0.6368609070777893,0.29886117577552795,0.06427788734436035,1.1898263518158592
DTSR14,mobilenetv3,green_channel_shift_45,194,12,0.050174690783023834,0.25478529930114746,0.6950399279594421,1.0839794864927552
DTSR14,mobilenetv3,green_channel_shift_45,195,12,0.49623358249664307,0.03704464063048363,0.46672171354293823,1.1908767219767307
DTSR14,mobilenetv3,green_channel_shift_45,196,13,0.059581004083156586,0.7843348383903503,0.15608415007591248,0.935555788195156
DTSR14,mobilenetv3,green_channel_shift_45,197,13,0.03072022646665573,0.08241245895624161,0.8868672847747803,0.6047398055071512
DTSR14,mobilenetv3,green_channel_shift_45,198,13,0.04766276851296425,0.32051411271095276,0.6318230628967285,1.1539480249096055
DTSR14,mobilenetv3,green_channel_shift_45,199,13,0.06569913774728775,0.1154540628194809,0.8188467025756836,0.853761161801718
DTSR14,mobilenetv3,blue_channel_shift_-45,0,0,0.04602418467402458,0.08727467805147171,0.8667011260986328,0.6903541387709091
DTSR14,mobilenetv3,blue_channel_shift_-45,1,0,0.051552291959524155,0.039424531161785126,0.909023106098175,0.5295291151634386
DTSR14,mobilenetv3,blue_channel_shift_-45,2,0,0.7850180864334106,0.05361325293779373,0.16136865317821503,0.925098411823437
DTSR14,mobilenetv3,blue_channel_shift_-45,3,0,0.06594596803188324,0.5356946587562561,0.3983593285083771,1.270044543651105
DTSR14,mobilenetv3,blue_channel_shift_-45,4,0,0.86672443151474,0.047017160803079605,0.08625845611095428,0.6911698955897001
DTSR14,mobilenetv3,blue_channel_shift_-45,5,0,0.062326643615961075,0.7421194314956665,0.1955537497997284,1.0292774566986407
DTSR14,mobilenetv3,blue_channel_shift_-45,6,0,0.039261724799871445,0.5987037420272827,0.36203455924987793,1.1571436700126583
DTSR14,mobilenetv3,blue_channel_shift_-45,7,1,0.044798560440540314,0.600684404373169,0.35451704263687134,1.172794847423797
DTSR14,mobilenetv3,blue_channel_shift_-45,8,1,0.037003450095653534,0.6761721968650818,0.28682437539100647,1.0745089960831857
DTSR14,mobilenetv3,blue_channel_shift_-45,9,1,0.04871421679854393,0.2865849733352661,0.6647008061408997,1.1207299864553284
DTSR14,mobilenetv3,blue_channel_shift_-45,10,1,0.042143531143665314,0.7764533162117004,0.18140316009521484,0.9227092622530572
DTSR14,mobilenetv3,blue_channel_shift_-45,11,1,0.5857912302017212,0.03709337115287781,0.3771154284477234,1.1588276876826415
DTSR14,mobilenetv3,blue_channel_shift_-45,12,1,0.03964964300394058,0.3218662440776825,0.638484001159668,1.124308411116259
DTSR14,mobilenetv3,blue_channel_shift_-45,13,1,0.028765076771378517,0.2741720676422119,0.6970629692077637,1.0220193533682798
DTSR14,mobilenetv3,blue_channel_shift_-45,14,2,0.2303715944290161,0.461946576833725,0.3076818287372589,1.5258303887907747
DTSR14,mobilenetv3,blue_channel_shift_-45,15,2,0.27810922265052795,0.4767913222312927,0.24509941041469574,1.5201506112229954
DTSR14,mobilenetv3,blue_channel_shift_-45,16,2,0.5970851182937622,0.1832621842622757,0.21965263783931732,1.3731709042482763
DTSR14,mobilenetv3,blue_channel_shift_-45,17,2,0.2231607586145401,0.5369089245796204,0.23993025720119476,1.4587186419687188
DTSR14,mobilenetv3,blue_channel_shift_-45,18,2,0.48022404313087463,0.04706990718841553,0.4727060794830322,1.2267045715582534
DTSR14,mobilenetv3,blue_channel_shift_-45,19,2,0.03126049414277077,0.44738224148750305,0.5213572978973389,1.1653350269812852
DTSR14,mobilenetv3,blue_channel_shift_-45,20,2,0.47172215580940247,0.061244383454322815,0.46703341603279114,1.2711037100235614
DTSR14,mobilenetv3,blue_channel_shift_-45,21,2,0.6081264615058899,0.21170248091220856,0.18017099797725677,1.3560393174347944
DTSR14,mobilenetv3,blue_channel_shift_-45,22,2,0.498494952917099,0.048241905868053436,0.45326322317123413,1.2290881117168286
DTSR14,mobilenetv3,blue_channel_shift_-45,23,2,0.10564008355140686,0.4113174378871918,0.48304247856140137,1.376829584614201
DTSR14,mobilenetv3,blue_channel_shift_-45,24,2,0.18038727343082428,0.4408395290374756,0.37877315282821655,1.4971426289729868
DTSR14,mobilenetv3,blue_channel_shift_-45,25,2,0.2405165582895279,0.38321736454963684,0.37626615166664124,1.5553357791757967
DTSR14,mobilenetv3,blue_channel_shift_-45,26,2,0.12594160437583923,0.5555682182312012,0.3184901773929596,1.3732882396915589
DTSR14,mobilenetv3,blue_channel_shift_-45,27,2,0.05005425959825516,0.6169466376304626,0.3329991400241852,1.1744031948744051
DTSR14,mobilenetv3,blue_channel_shift_-45,28,2,0.5664302706718445,0.03833930939435959,0.3952302634716034,1.1741833633608576
DTSR14,mobilenetv3,blue_channel_shift_-45,29,2,0.35523462295532227,0.385142982006073,0.25962236523628235,1.5656818649981923
DTSR14,mobilenetv3,blue_channel_shift_-45,30,2,0.531652569770813,0.02933090552687645,0.4390164911746979,1.1553073326222318
DTSR14,mobilenetv3,blue_channel_shift_-45,31,2,0.7506728768348694,0.035159219056367874,0.2141679972410202,0.9565387458568748
DTSR14,mobilenetv3,blue_channel_shift_-45,32,2,0.22559091448783875,0.43586069345474243,0.3385484516620636,1.5358106294561589
DTSR14,mobilenetv3,blue_channel_shift_-45,33,2,0.2431885153055191,0.7142059803009033,0.042605411261320114,1.0368532999611335
DTSR14,mobilenetv3,blue_channel_shift_-45,34,2,0.38858506083488464,0.40508145093917847,0.2063334584236145,1.5278347696554397
DTSR14,mobilenetv3,blue_channel_shift_-45,35,2,0.6973065733909607,0.03575780987739563,0.26693564653396606,1.0431600510501582
DTSR14,mobilenetv3,blue_channel_shift_-45,36,2,0.023673128336668015,0.2163027673959732,0.7600240707397461,0.9065157992604039
DTSR14,mobilenetv3,blue_channel_shift_-45,37,2,0.5248497724533081,0.038910381495952606,0.4362398386001587,1.1924619487175923
DTSR14,mobilenetv3,blue_channel_shift_-45,38,2,0.33693787455558777,0.4279828369617462,0.23507922887802124,1.5438462161056574
DTSR14,mobilenetv3,blue_channel_shift_-45,39,3,0.06762371212244034,0.20243848860263824,0.729937732219696,1.060820738567559
DTSR14,mobilenetv3,blue_channel_shift_-45,40,3,0.1017100065946579,0.20717035233974457,0.6911197304725647,1.1742537142184057
DTSR14,mobilenetv3,blue_channel_shift_-45,41,3,0.056161560118198395,0.6858408451080322,0.25799760222435,1.110719590834727
DTSR14,mobilenetv3,blue_channel_shift_-45,42,4,0.07693235576152802,0.2722534239292145,0.6508142948150635,1.198981841184621
DTSR14,mobilenetv3,blue_channel_shift_-45,43,4,0.03654453530907631,0.39466753602027893,0.5687878727912903,1.1668492333625438
DTSR14,mobilenetv3,blue_channel_shift_-45,44,4,0.07434224337339401,0.3283359408378601,0.5973218679428101,1.2503754923408432
DTSR14,mobilenetv3,blue_channel_shift_-45,45,4,0.043681323528289795,0.506279468536377,0.4500391185283661,1.2128549894928584
DTSR14,mobilenetv3,blue_channel_shift_-45,46,4,0.6800867319107056,0.22780963778495789,0.09210365265607834,1.1813306216955737
DTSR14,mobilenetv3,blue_channel_shift_-45,47,4,0.11807793378829956,0.17601297795772552,0.7059090733528137,1.159751342855988
DTSR14,mobilenetv3,blue_channel_shift_-45,48,4,0.0989866778254509,0.3014768660068512,0.5995363593101501,1.294306437868955
DTSR14,mobilenetv3,blue_channel_shift_-45,49,4,0.4912409484386444,0.4567667245864868,0.05199229717254639,1.2419037459758706
DTSR14,mobilenetv3,blue_channel_shift_-45,50,4,0.5059990286827087,0.012624703347682953,0.48137620091438293,1.084662124869499
DTSR14,mobilenetv3,blue_channel_shift_-45,51,4,0.37631896138191223,0.4510098695755005,0.17267125844955444,1.486237158753407
DTSR14,mobilenetv3,blue_channel_shift_-45,52,5,0.45059093832969666,0.263167142868042,0.2862418591976166,1.541654282270427
DTSR14,mobilenetv3,blue_channel_shift_-45,53,5,0.1181451603770256,0.39388740062713623,0.48796743154525757,1.398606560750447
DTSR14,mobilenetv3,blue_channel_shift_-45,54,5,0.29791712760925293,0.28523099422454834,0.41685187816619873,1.5629075891770565
DTSR14,mobilenetv3,blue_channel_shift_-45,55,5,0.5113527178764343,0.17065764963626862,0.31798964738845825,1.455727564832939
DTSR14,mobilenetv3,blue_channel_shift_-45,56,5,0.2863640785217285,0.24653227627277374,0.46710366010665894,1.5276219633555148
DTSR14,mobilenetv3,blue_channel_shift_-45,57,5,0.07895016670227051,0.6514952182769775,0.2695547044277191,1.201747057204254
DTSR14,mobilenetv3,blue_channel_shift_-45,58,5,0.9560906291007996,0.005358836147934198,0.038550540804862976,0.28343851745524096
DTSR14,mobilenetv3,blue_channel_shift_-45,59,5,0.058922573924064636,0.3130605220794678,0.6280167698860168,1.1867072269573946
DTSR14,mobilenetv3,blue_channel_shift_-45,60,5,0.19623656570911407,0.050085265189409256,0.7536783218383789,0.9848522214261283
DTSR14,mobilenetv3,blue_channel_shift_-45,61,5,0.26024767756462097,0.6835684776306152,0.056183844804763794,1.1139542574794774
DTSR14,mobilenetv3,blue_channel_shift_-45,62,5,0.11242927610874176,0.49157658219337463,0.3959940969944,1.387331467570129
DTSR14,mobilenetv3,blue_channel_shift_-45,63,5,0.05971721559762955,0.7293941974639893,0.2108885943889618,1.0483736704193893
DTSR14,mobilenetv3,blue_channel_shift_-45,64,5,0.28173553943634033,0.3832896649837494,0.3349747657775879,1.5737231835005874
DTSR14,mobilenetv3,blue_channel_shift_-45,65,5,0.2750823497772217,0.37313735485076904,0.3517802059650421,1.573127036785368
DTSR14,mobilenetv3,blue_channel_shift_-45,66,5,0.540854275226593,0.20554612576961517,0.2535996437072754,1.4506899981830585
DTSR14,mobilenetv3,blue_channel_shift_-45,67,5,0.5320764183998108,0.14628638327121735,0.32163724303245544,1.4163751455124376
DTSR14,mobilenetv3,blue_channel_shift_-45,68,5,0.6385059356689453,0.16628870368003845,0.1952052116394043,1.3037399623318564
DTSR14,mobilenetv3,blue_channel_shift_-45,69,5,0.5172682404518127,0.14905858039855957,0.3336731195449829,1.4296211440297903
DTSR14,mobilenetv3,blue_channel_shift_-45,70,5,0.25779369473457336,0.483204185962677,0.2590021789073944,1.5159796816888678
DTSR14,mobilenetv3,blue_channel_shift_-45,71,5,0.5421087741851807,0.3202073574066162,0.13768382370471954,1.3987991504185684
DTSR14,mobilenetv3,blue_channel_shift_-45,72,5,0.725214421749115,0.04045726731419563,0.23432831466197968,1.0139081609823242
DTSR14,mobilenetv3,blue_channel_shift_-45,73,5,0.23908169567584991,0.03162665665149689,0.7292916774749756,0.9832956113853174
DTSR14,mobilenetv3,blue_channel_shift_-45,74,5,0.5011299848556519,0.2635810971260071,0.23528900742530823,1.4977083451608155
DTSR14,mobilenetv3,blue_channel_shift_-45,75,5,0.6582885980606079,0.2007194310426712,0.14099201560020447,1.2605889796351952
DTSR14,mobilenetv3,blue_channel_shift_-45,76,5,0.05400128290057182,0.4610549807548523,0.4849437177181244,1.2487204123441937
DTSR14,mobilenetv3,blue_channel_shift_-45,77,5,0.5960834622383118,0.1206425279378891,0.28327393531799316,1.3285102446333599
DTSR14,mobilenetv3,blue_channel_shift_-45,78,5,0.5794609189033508,0.16577444970607758,0.2547646164894104,1.388556064939587
DTSR14,mobilenetv3,blue_channel_shift_-45,79,5,0.535683274269104,0.05458805337548256,0.4097287356853485,1.2388471140328092
DTSR14,mobilenetv3,blue_channel_shift_-45,80,5,0.48419779539108276,0.053649645298719406,0.46215248107910156,1.2476824932822073
DTSR14,mobilenetv3,blue_channel_shift_-45,81,5,0.5336951017379761,0.02169375866651535,0.44461119174957275,1.1232943347293314
DTSR14,mobilenetv3,blue_channel_shift_-45,82,5,0.7699590921401978,0.04385105520486832,0.18618984520435333,0.9397490470951408
DTSR14,mobilenetv3,blue_channel_shift_-45,83,5,0.7681246399879456,0.052452947944402695,0.17942236363887787,0.9601229290224464
DTSR14,mobilenetv3,blue_channel_shift_-45,84,5,0.129555806517601,0.533460259437561,0.33698397874832153,1.3943948573667675
DTSR14,mobilenetv3,blue_channel_shift_-45,85,5,0.39084532856941223,0.39342865347862244,0.21572604775428772,1.5365540526966537
DTSR14,mobilenetv3,blue_channel_shift_-45,86,5,0.4444442391395569,0.3517254889011383,0.20383024215698242,1.5178859503105262
DTSR14,mobilenetv3,blue_channel_shift_-45,87,5,0.847601056098938,0.055451784282922745,0.09694715589284897,0.7599562826954168
DTSR14,mobilenetv3,blue_channel_shift_-45,88,5,0.45978739857673645,0.24370019137859344,0.2965124547481537,1.5318114491715884
DTSR14,mobilenetv3,blue_channel_shift_-45,89,5,0.0483543686568737,0.13771697878837585,0.8139286041259766,0.8469776307658279
DTSR14,mobilenetv3,blue_channel_shift_-45,90,5,0.7659612894058228,0.02847093902528286,0.20556782186031342,0.909982570524311
DTSR14,mobilenetv3,blue_channel_shift_-45,91,5,0.08598630130290985,0.521452784538269,0.3925609588623047,1.3237874620529448
DTSR14,mobilenetv3,blue_channel_shift_-45,92,5,0.3677736520767212,0.4142780303955078,0.21794839203357697,1.5364592228681442
DTSR14,mobilenetv3,blue_channel_shift_-45,93,5,0.0430540032684803,0.5447083115577698,0.41223758459091187,1.1997989382651522
DTSR14,mobilenetv3,blue_channel_shift_-45,94,5,0.5228284597396851,0.027684541419148445,0.44948703050613403,1.1509646819658124
DTSR14,mobilenetv3,blue_channel_shift_-45,95,5,0.721086859703064,0.2375926822423935,0.04132051020860672,1.022760314862122
DTSR14,mobilenetv3,blue_channel_shift_-45,96,5,0.5428072810173035,0.046448588371276855,0.41074419021606445,1.211430122731688
DTSR14,mobilenetv3,blue_channel_shift_-45,97,5,0.6127564311027527,0.031315095722675323,0.355928510427475,1.119918689769923
DTSR14,mobilenetv3,blue_channel_shift_-45,98,5,0.4935157597064972,0.24671150743961334,0.2597728371620178,1.5061199718683413
DTSR14,mobilenetv3,blue_channel_shift_-45,99,5,0.5250995755195618,0.07529047131538391,0.3996099531650543,1.2977505957554067
DTSR14,mobilenetv3,blue_channel_shift_-45,100,5,0.6107258796691895,0.03457777947187424,0.35469651222229004,1.1327061955364444
DTSR14,mobilenetv3,blue_channel_shift_-45,101,5,0.07190272212028503,0.8088354468345642,0.11926177144050598,0.8865135322607247
DTSR14,mobilenetv3,blue_channel_shift_-45,102,5,0.7387205362319946,0.030897991731762886,0.23038150370121002,0.9656672339980421
DTSR14,mobilenetv3,blue_channel_shift_-45,103,5,0.6760684251785278,0.054743483662605286,0.26918813586235046,1.1209122819575075
DTSR14,mobilenetv3,blue_channel_shift_-45,104,5,0.6316714286804199,0.2976268529891968,0.07070168852806091,1.2092501092869954
DTSR14,mobilenetv3,blue_channel_shift_-45,105,5,0.5095798969268799,0.31142646074295044,0.17899370193481445,1.464035398896936
DTSR14,mobilenetv3,blue_channel_shift_-45,106,5,0.04626557230949402,0.7482202053070068,0.20551417768001556,0.987366982550334
DTSR14,mobilenetv3,blue_channel_shift_-45,107,5,0.5490514039993286,0.17555464804172516,0.2753939926624298,1.4279173320789558
DTSR14,mobilenetv3,blue_channel_shift_-45,108,5,0.04829730466008186,0.6509211659431458,0.3007815480232239,1.1356798779402775
DTSR14,mobilenetv3,blue_channel_shift_-45,109,5,0.6059553027153015,0.03156373277306557,0.36248087882995605,1.1259781940929532
DTSR14,mobilenetv3,blue_channel_shift_-45,110,5,0.264068067073822,0.4432429373264313,0.29268890619277954,1.5463802974636853
DTSR14,mobilenetv3,blue_channel_shift_-45,111,5,0.045558225363492966,0.3612629175186157,0.5931788086891174,1.1806026333415909
DTSR14,mobilenetv3,blue_channel_shift_-45,112,5,0.23836007714271545,0.49146658182144165,0.2701733410358429,1.5068867316064372
DTSR14,mobilenetv3,blue_channel_shift_-45,113,5,0.5500783324241638,0.03227636590600014,0.41764530539512634,1.1602915047975841
DTSR14,mobilenetv3,blue_channel_shift_-45,114,5,0.6180830001831055,0.042950257658958435,0.3389667570590973,1.153127665968579
DTSR14,mobilenetv3,blue_channel_shift_-45,115,5,0.4207131862640381,0.14671523869037628,0.4325715899467468,1.454724649082642
DTSR14,mobilenetv3,blue_channel_shift_-45,116,5,0.5782214403152466,0.36549243330955505,0.056286051869392395,1.2213463332376853
DTSR14,mobilenetv3,blue_channel_shift_-45,117,5,0.4758354127407074,0.23270152509212494,0.2914629578590393,1.5177171871895667
DTSR14,mobilenetv3,blue_channel_shift_-45,118,6,0.06540290266275406,0.632560133934021,0.30203694105148315,1.196955535941297
DTSR14,mobilenetv3,blue_channel_shift_-45,119,6,0.07299008220434189,0.2805129289627075,0.6464969515800476,1.1968741099487752
DTSR14,mobilenetv3,blue_channel_shift_-45,120,6,0.0531512126326561,0.22630484402179718,0.7205439209938049,1.0508531407770976
DTSR14,mobilenetv3,blue_channel_shift_-45,121,6,0.07056068629026413,0.10771838575601578,0.8217208981513977,0.848949183545915
DTSR14,mobilenetv3,blue_channel_shift_-45,122,6,0.08411726355552673,0.05641616880893707,0.8594666719436646,0.7222028358100687
DTSR14,mobilenetv3,blue_channel_shift_-45,123,6,0.03691735118627548,0.9267944693565369,0.036288242787122726,0.45097568013999356
DTSR14,mobilenetv3,blue_channel_shift_-45,124,7,0.8664482831954956,0.04019152745604515,0.09336021542549133,0.6849505527747091
DTSR14,mobilenetv3,blue_channel_shift_-45,125,7,0.8240370750427246,0.13159972429275513,0.044363342225551605,0.8145080250809953
DTSR14,mobilenetv3,blue_channel_shift_-45,126,7,0.5768262147903442,0.3784244954586029,0.04474921151995659,1.1889672009821748
DTSR14,mobilenetv3,blue_channel_shift_-45,127,7,0.6871882081031799,0.2672009766101837,0.045610859990119934,1.083845973051255
DTSR14,mobilenetv3,blue_channel_shift_-45,128,7,0.7342390418052673,0.03713446483016014,0.2286265641450882,0.990394981083216
DTSR14,mobilenetv3,blue_channel_shift_-45,129,7,0.7080222368240356,0.24907998740673065,0.042897794395685196,1.047057026655563
DTSR14,mobilenetv3,blue_channel_shift_-45,130,7,0.8378500938415527,0.10978799313306808,0.052361905574798584,0.7865842476165732
DTSR14,mobilenetv3,blue_channel_shift_-45,131,7,0.032732415944337845,0.7819997668266296,0.18526779115200043,0.8895254346426443
DTSR14,mobilenetv3,blue_channel_shift_-45,132,7,0.8704196810722351,0.031501755118370056,0.09807850420475006,0.6599718747516272
DTSR14,mobilenetv3,blue_channel_shift_-45,133,7,0.7425050139427185,0.029203685000538826,0.22829125821590424,0.9542986178588658
DTSR14,mobilenetv3,blue_channel_shift_-45,134,7,0.32988473773002625,0.6250562071800232,0.04505917802453041,1.1530626101437598
DTSR14,mobilenetv3,blue_channel_shift_-45,135,7,0.5077667236328125,0.026963921263813972,0.46526941657066345,1.1506264815197715
DTSR14,mobilenetv3,blue_channel_shift_-45,136,8,0.7949304580688477,0.04243258014321327,0.1626368910074234,0.8827908479786731
DTSR14,mobilenetv3,blue_channel_shift_-45,137,8,0.6583167314529419,0.2977938950061798,0.043889421969652176,1.1154305692184112
DTSR14,mobilenetv3,blue_channel_shift_-45,138,8,0.060406655073165894,0.6650652885437012,0.27452805638313293,1.1479291295569394
DTSR14,mobilenetv3,blue_channel_shift_-45,139,8,0.27369898557662964,0.049421440809965134,0.6768795847892761,1.1071644315629756
DTSR14,mobilenetv3,blue_channel_shift_-45,140,8,0.046340495347976685,0.1978750228881836,0.7557844519615173,0.973164238753195
DTSR14,mobilenetv3,blue_channel_shift_-45,141,8,0.822206437587738,0.13966697454452515,0.038126591593027115,0.8085519451214873
DTSR14,mobilenetv3,blue_channel_shift_-45,142,8,0.6374000310897827,0.037727244198322296,0.3248727321624756,1.1194820448088727
DTSR14,mobilenetv3,blue_channel_shift_-45,143,9,0.927208423614502,0.03073377162218094,0.042057741433382034,0.4477713300996201
DTSR14,mobilenetv3,blue_channel_shift_-45,144,9,0.038033679127693176,0.8513501882553101,0.11061608791351318,0.7284086669965251
DTSR14,mobilenetv3,blue_channel_shift_-45,145,9,0.774133026599884,0.17352518439292908,0.05234174802899361,0.9471448048293923
DTSR14,mobilenetv3,blue_channel_shift_-45,146,9,0.037124358117580414,0.16858486831188202,0.7942909002304077,0.8733099975413201
DTSR14,mobilenetv3,blue_channel_shift_-45,147,9,0.03650332987308502,0.8261048197746277,0.13739195466041565,0.7954506679644571
DTSR14,mobilenetv3,blue_channel_shift_-45,148,9,0.05838535726070404,0.2890317440032959,0.6525828838348389,1.1586859178540785
DTSR14,mobilenetv3,blue_channel_shift_-45,149,9,0.05161186680197716,0.7161529660224915,0.23223520815372467,1.054809373665981
DTSR14,mobilenetv3,blue_channel_shift_-45,150,9,0.05298992991447449,0.5525376200675964,0.39447247982025146,1.22685437107101
DTSR14,mobilenetv3,blue_channel_shift_-45,151,9,0.38295412063598633,0.03612041100859642,0.5809253454208374,1.1585513505388931
DTSR14,mobilenetv3,blue_channel_shift_-45,152,9,0.04289920628070831,0.7062999606132507,0.25080081820487976,1.0496447864361307
DTSR14,mobilenetv3,blue_channel_shift_-45,153,9,0.6917761564254761,0.03902040049433708,0.26920339465141296,1.0600292507537676
DTSR14,mobilenetv3,blue_channel_shift_-45,154,9,0.7545717358589172,0.032642386853694916,0.21278589963912964,0.942768893809175
DTSR14,mobilenetv3,blue_channel_shift_-45,155,9,0.04939357563853264,0.6942409873008728,0.2563653886318207,1.0832885697025727
DTSR14,mobilenetv3,blue_channel_shift_-45,156,9,0.5780556797981262,0.03454836830496788,0.3873959481716156,1.1548243912683018
DTSR14,mobilenetv3,blue_channel_shift_-45,157,9,0.0524931363761425,0.6917753219604492,0.25573164224624634,1.0940514812917173
DTSR14,mobilenetv3,blue_channel_shift_-45,158,9,0.8194823265075684,0.03521278500556946,0.14530491828918457,0.8097276131661595
DTSR14,mobilenetv3,blue_channel_shift_-45,159,9,0.7977205514907837,0.04301875829696655,0.15926069021224976,0.8774764341459069
DTSR14,mobilenetv3,blue_channel_shift_-45,160,9,0.8405647277832031,0.027907943353056908,0.1315273642539978,0.7396367773026151
DTSR14,mobilenetv3,blue_channel_shift_-45,161,9,0.11465071141719818,0.4036736488342285,0.4816756248474121,1.3941720720223052
DTSR14,mobilenetv3,blue_channel_shift_-45,162,9,0.06951034814119339,0.21325631439685822,0.7172333002090454,1.0867042770449427
DTSR14,mobilenetv3,blue_channel_shift_-45,163,9,0.15612728893756866,0.4860972762107849,0.3577754497528076,1.454706069646571
DTSR14,mobilenetv3,blue_channel_shift_-45,164,9,0.3088570833206177,0.6254197955131531,0.06572320312261581,1.205107847807743
DTSR14,mobilenetv3,blue_channel_shift_-45,165,10,0.260265052318573,0.6695091724395752,0.07022572308778763,1.1620438527341592
DTSR14,mobilenetv3,blue_channel_shift_-45,166,10,0.793985903263092,0.1440022736787796,0.06201186031103134,0.9156059350537988
DTSR14,mobilenetv3,blue_channel_shift_-45,167,10,0.4348439574241638,0.5280988812446594,0.03705715015530586,1.1850507087501705
DTSR14,mobilenetv3,blue_channel_shift_-45,168,10,0.05340886116027832,0.804180920124054,0.14241018891334534,0.879027990731875
DTSR14,mobilenetv3,blue_channel_shift_-45,169,10,0.047276757657527924,0.1817195564508438,0.771003782749176,0.9444887160482835
DTSR14,mobilenetv3,blue_channel_shift_-45,170,10,0.7583653926849365,0.20589084923267365,0.035743746906518936,0.9438457571191041
DTSR14,mobilenetv3,blue_channel_shift_-45,171,10,0.8103874921798706,0.15496282279491425,0.03464975580573082,0.8307409509049879
DTSR14,mobilenetv3,blue_channel_shift_-45,172,10,0.8142467141151428,0.06246345490217209,0.12328974157571793,0.8636194175778871
DTSR14,mobilenetv3,blue_channel_shift_-45,173,11,0.5624218583106995,0.04073990136384964,0.3968382477760315,1.1842130284722365
DTSR14,mobilenetv3,blue_channel_shift_-45,174,11,0.24245014786720276,0.7112164497375488,0.04633332043886185,1.0506285717589228
DTSR14,mobilenetv3,blue_channel_shift_-45,175,11,0.4788128733634949,0.05762424319982529,0.4635626971721649,1.2601387144217027
DTSR14,mobilenetv3,blue_channel_shift_-45,176,11,0.9340084195137024,0.053517088294029236,0.012474426999688148,0.39694058482495936
DTSR14,mobilenetv3,blue_channel_shift_-45,177,11,0.9361932873725891,0.05682361498475075,0.006983066909015179,0.37416449931874
DTSR14,mobilenetv3,blue_channel_shift_-45,178,11,0.31652358174324036,0.4643828570842743,0.21909351646900177,1.5190979463429801
DTSR14,mobilenetv3,blue_channel_shift_-45,179,12,0.32260578870773315,0.20679228007793427,0.4706019163131714,1.5084783307178788
DTSR14,mobilenetv3,blue_channel_shift_-45,180,12,0.037427037954330444,0.43697336316108704,0.525599479675293,1.1870466953832726
DTSR14,mobilenetv3,blue_channel_shift_-45,181,12,0.33216506242752075,0.012123897671699524,0.6557109951972961,1.0045738617968651
DTSR14,mobilenetv3,blue_channel_shift_-45,182,12,0.49055832624435425,0.4383458197116852,0.0710960105061531,1.2967863348794784
DTSR14,mobilenetv3,blue_channel_shift_-45,183,12,0.35616642236709595,0.02784769795835018,0.6159858703613281,1.1049285535096507
DTSR14,mobilenetv3,blue_channel_shift_-45,184,12,0.507413387298584,0.03256591409444809,0.46002069115638733,1.1728595909342348
DTSR14,mobilenetv3,blue_channel_shift_-45,185,12,0.3179211914539337,0.3757774531841278,0.3063013553619385,1.5790716082771346
DTSR14,mobilenetv3,blue_channel_shift_-45,186,12,0.3363562822341919,0.030861692503094673,0.6327821016311646,1.1013713447777012
DTSR14,mobilenetv3,blue_channel_shift_-45,187,12,0.050312213599681854,0.6179341673851013,0.3317536413669586,1.1742244281489622
DTSR14,mobilenetv3,blue_channel_shift_-45,188,12,0.04336932674050331,0.5190559029579163,0.4375748038291931,1.209151009173518
DTSR14,mobilenetv3,blue_channel_shift_-45,189,12,0.03175036609172821,0.3970422148704529,0.5712073445320129,1.1486229713582015
DTSR14,mobilenetv3,blue_channel_shift_-45,190,12,0.21930119395256042,0.2928873598575592,0.48781144618988037,1.5041072213480795
DTSR14,mobilenetv3,blue_channel_shift_-45,191,12,0.42625439167022705,0.20100048184394836,0.37274524569511414,1.5203371493901519
DTSR14,mobilenetv3,blue_channel_shift_-45,192,12,0.6111502647399902,0.04839182272553444,0.34045788645744324,1.1748154477766102
DTSR14,mobilenetv3,blue_channel_shift_-45,193,12,0.6224104762077332,0.3212282955646515,0.056361302733421326,1.185896457675625
DTSR14,mobilenetv3,blue_channel_shift_-45,194,12,0.05392371490597725,0.29448288679122925,0.6515933871269226,1.1492258144136143
DTSR14,mobilenetv3,blue_channel_shift_-45,195,12,0.6112176775932312,0.03564171865582466,0.3531406819820404,1.1358654483478103
DTSR14,mobilenetv3,blue_channel_shift_-45,196,13,0.05685066804289818,0.7997835874557495,0.1433657556772232,0.8947014280571817
DTSR14,mobilenetv3,blue_channel_shift_-45,197,13,0.09236298501491547,0.025929123163223267,0.8817079663276672,0.6141793139295613
DTSR14,mobilenetv3,blue_channel_shift_-45,198,13,0.04839852824807167,0.337432861328125,0.6141687035560608,1.1722564685002577
DTSR14,mobilenetv3,blue_channel_shift_-45,199,13,0.06708137691020966,0.15827549993991852,0.7746431827545166,0.9677871831776581
DTSR14,mobilenetv3,blue_channel_shift_45,0,0,0.04662719741463661,0.08960352838039398,0.8637691736221313,0.7005636322148678
DTSR14,mobilenetv3,blue_channel_shift_45,1,0,0.05642557516694069,0.038219109177589417,0.9053552746772766,0.543888528723869
DTSR14,mobilenetv3,blue_channel_shift_45,2,0,0.06284955143928528,0.7692574262619019,0.16789302229881287,0.9742483367902622
DTSR14,mobilenetv3,blue_channel_shift_45,3,0,0.06818088889122009,0.6121940016746521,0.3196251094341278,1.2235204624594695
DTSR14,mobilenetv3,blue_channel_shift_45,4,0,0.8752585649490356,0.05057792365550995,0.07416341453790665,0.6643429847750892
DTSR14,mobilenetv3,blue_channel_shift_45,5,0,0.16068145632743835,0.05264374241232872,0.7866747975349426,0.9197586101962578
DTSR14,mobilenetv3,blue_channel_shift_45,6,0,0.03888671472668648,0.6565237641334534,0.3045895993709564,1.103120789036621
DTSR14,mobilenetv3,blue_channel_shift_45,7,1,0.0468771830201149,0.6098915934562683,0.3432311415672302,1.1715619594163837
DTSR14,mobilenetv3,blue_channel_shift_45,8,1,0.0406816229224205,0.6929978132247925,0.2663205564022064,1.0629204783905823
DTSR14,mobilenetv3,blue_channel_shift_45,9,1,0.05440741777420044,0.2816309928894043,0.6639615893363953,1.1356571442689525
DTSR14,mobilenetv3,blue_channel_shift_45,10,1,0.04642204940319061,0.7721151113510132,0.1814628690481186,0.9404985567674613
DTSR14,mobilenetv3,blue_channel_shift_45,11,1,0.5918006896972656,0.03709789738059044,0.37110137939453125,1.1549106485241931
DTSR14,mobilenetv3,blue_channel_shift_45,12,1,0.0447918064892292,0.3424811065196991,0.6127270460128784,1.1631420506262249
DTSR14,mobilenetv3,blue_channel_shift_45,13,1,0.03407185524702072,0.24539820849895477,0.7205299735069275,1.004200376783364
DTSR14,mobilenetv3,blue_channel_shift_45,14,2,0.2730591595172882,0.3955937623977661,0.3313470780849457,1.568659782970045
DTSR14,mobilenetv3,blue_channel_shift_45,15,2,0.26078933477401733,0.489504873752594,0.24970580637454987,1.510003693385073
DTSR14,mobilenetv3,blue_channel_shift_45,16,2,0.5914452075958252,0.17741119861602783,0.23114372789859772,1.3791778549359792
DTSR14,mobilenetv3,blue_channel_shift_45,17,2,0.5718473792076111,0.1931435465812683,0.2350090593099594,1.4102487150390812
DTSR14,mobilenetv3,blue_channel_shift_45,18,2,0.35439303517341614,0.20824715495109558,0.43735983967781067,1.5235887782789588
DTSR14,mobilenetv3,blue_channel_shift_45,19,2,0.24301135540008545,0.5467219948768616,0.21026666462421417,1.4452623577652104
DTSR14,mobilenetv3,blue_channel_shift_45,20,2,0.511055052280426,0.04081382974982262,0.4481312930583954,1.2022175812705305
DTSR14,mobilenetv3,blue_channel_shift_45,21,2,0.5571467280387878,0.21748678386211395,0.22536645829677582,1.4333085278674575
DTSR14,mobilenetv3,blue_channel_shift_45,22,2,0.4859137535095215,0.05116954445838928,0.462916761636734,1.2397728163932662
DTSR14,mobilenetv3,blue_channel_shift_45,23,2,0.09471844136714935,0.411134272813797,0.49414724111557007,1.3518091065373832
DTSR14,mobilenetv3,blue_channel_shift_45,24,2,0.15486600995063782,0.4649784564971924,0.3801555335521698,1.4608672562146863
DTSR14,mobilenetv3,blue_channel_shift_45,25,2,0.237381249666214,0.39899584650993347,0.36362284421920776,1.5520930007795943
DTSR14,mobilenetv3,blue_channel_shift_45,26,2,0.0979059487581253,0.5445771813392639,0.35751697421073914,1.336231718641839
DTSR14,mobilenetv3,blue_channel_shift_45,27,2,0.0524103082716465,0.5868949890136719,0.3606945276260376,1.2048096126949148
DTSR14,mobilenetv3,blue_channel_shift_45,28,2,0.5002803802490234,0.03984091803431511,0.45987871289253235,1.200494737465518
DTSR14,mobilenetv3,blue_channel_shift_45,29,2,0.3312613368034363,0.43572062253952026,0.23301801085472107,1.5399229092914628
DTSR14,mobilenetv3,blue_channel_shift_45,30,2,0.5565125346183777,0.028944797813892365,0.41454267501831055,1.1451011001806957
DTSR14,mobilenetv3,blue_channel_shift_45,31,2,0.10695727169513702,0.48911386728286743,0.4039289355278015,1.3778418348179826
DTSR14,mobilenetv3,blue_channel_shift_45,32,2,0.2116195112466812,0.4535350799560547,0.3348454535007477,1.5200088940241532
DTSR14,mobilenetv3,blue_channel_shift_45,33,2,0.20142216980457306,0.7503862977027893,0.04819148778915405,0.9873512496069712
DTSR14,mobilenetv3,blue_channel_shift_45,34,2,0.5245916843414307,0.22474181652069092,0.2506665885448456,1.4726424341872582
DTSR14,mobilenetv3,blue_channel_shift_45,35,2,0.6296061277389526,0.046368591487407684,0.32402533292770386,1.1525016272604518
DTSR14,mobilenetv3,blue_channel_shift_45,36,2,0.03791523352265358,0.7490275502204895,0.21305716037750244,0.9665412866985583
DTSR14,mobilenetv3,blue_channel_shift_45,37,2,0.5717031359672546,0.04341116547584534,0.38488566875457764,1.1878202386496595
DTSR14,mobilenetv3,blue_channel_shift_45,38,2,0.32969430088996887,0.41791778802871704,0.2523878514766693,1.5551255749462605
DTSR14,mobilenetv3,blue_channel_shift_45,39,3,0.09867095947265625,0.28052833676338196,0.6208007335662842,1.271095536992961
DTSR14,mobilenetv3,blue_channel_shift_45,40,3,0.10256685316562653,0.1933073252439499,0.7041258811950684,1.1516616214322022
DTSR14,mobilenetv3,blue_channel_shift_45,41,3,0.00765419565141201,0.6925705075263977,0.2997753322124481,0.9418684986760826
DTSR14,mobilenetv3,blue_channel_shift_45,42,4,0.16869604587554932,0.2506377398967743,0.580666184425354,1.388851163970429
DTSR14,mobilenetv3,blue_channel_shift_45,43,4,0.03665953129529953,0.4038727879524231,0.5594676733016968,1.1718933959351245
DTSR14,mobilenetv3,blue_channel_shift_45,44,4,0.07954096794128418,0.37861067056655884,0.541848361492157,1.3000254366057802
DTSR14,mobilenetv3,blue_channel_shift_45,45,4,0.040661003440618515,0.49437955021858215,0.4649595022201538,1.2040027693856215
DTSR14,mobilenetv3,blue_channel_shift_45,46,4,0.5476251840591431,0.26010262966156006,0.1922721415758133,1.438455969081696
DTSR14,mobilenetv3,blue_channel_shift_45,47,4,0.14413373172283173,0.1368759572505951,0.7189903855323792,1.1376973454115928
DTSR14,mobilenetv3,blue_channel_shift_45,48,4,0.1018126979470253,0.3199082314968109,0.5782789587974548,1.3185255577990183
DTSR14,mobilenetv3,blue_channel_shift_45,49,4,0.5103636980056763,0.43913552165031433,0.050500813871622086,1.234161767152018
DTSR14,mobilenetv3,blue_channel_shift_45,50,4,0.5411361455917358,0.011771906167268753,0.44709187746047974,1.0740857597936841
DTSR14,mobilenetv3,blue_channel_shift_45,51,4,0.4099416732788086,0.4371766149997711,0.1528816819190979,1.4634915780931688
DTSR14,mobilenetv3,blue_channel_shift_45,52,5,0.4802961051464081,0.20547159016132355,0.3142322301864624,1.5020428952890428
DTSR14,mobilenetv3,blue_channel_shift_45,53,5,0.11542809754610062,0.426349937915802,0.4582219421863556,1.3998180403409375
DTSR14,mobilenetv3,blue_channel_shift_45,54,5,0.27546215057373047,0.26121971011161804,0.4633181393146515,1.5325232318008717
DTSR14,mobilenetv3,blue_channel_shift_45,55,5,0.1399836540222168,0.5000467300415039,0.3599695861339569,1.4276809781567739
DTSR14,mobilenetv3,blue_channel_shift_45,56,5,0.24740488827228546,0.2962605059146881,0.4563346803188324,1.5349856416186205
DTSR14,mobilenetv3,blue_channel_shift_45,57,5,0.0863015353679657,0.691374659538269,0.22232381999492645,1.1554392020772426
DTSR14,mobilenetv3,blue_channel_shift_45,58,5,0.9325011372566223,0.001904378761537373,0.06559440493583679,0.36903056619538455
DTSR14,mobilenetv3,blue_channel_shift_45,59,5,0.05846512317657471,0.297393262386322,0.6441416144371033,1.1685359041337215
DTSR14,mobilenetv3,blue_channel_shift_45,60,5,0.1476583331823349,0.3937731087207794,0.4585685133934021,1.452734175271313
DTSR14,mobilenetv3,blue_channel_shift_45,61,5,0.19388562440872192,0.4786538779735565,0.32746049761772156,1.4950665504923748
DTSR14,mobilenetv3,blue_channel_shift_45,62,5,0.07783591002225876,0.45798560976982117,0.46417850255966187,1.3166416865944641
DTSR14,mobilenetv3,blue_channel_shift_45,63,5,0.21929292380809784,0.6161313056945801,0.1645757555961609,1.3389519443276257
DTSR14,mobilenetv3,blue_channel_shift_45,64,5,0.24709096550941467,0.4398983120918274,0.31301072239875793,1.5440444059765999
DTSR14,mobilenetv3,blue_channel_shift_45,65,5,0.2865085303783417,0.3588596284389496,0.35463178157806396,1.5776416778383349
DTSR14,mobilenetv3,blue_channel_shift_45,66,5,0.5475050210952759,0.20224595069885254,0.25024905800819397,1.4422932982060352
DTSR14,mobilenetv3,blue_channel_shift_45,67,5,0.5396707057952881,0.25582730770111084,0.20450200140476227,1.4516470129307646
DTSR14,mobilenetv3,blue_channel_shift_45,68,5,0.641647458076477,0.18126219511032104,0.17709042131900787,1.2996247685768034
DTSR14,mobilenetv3,blue_channel_shift_45,69,5,0.5047888159751892,0.21510499715805054,0.28010618686676025,1.4889726615042722
DTSR14,mobilenetv3,blue_channel_shift_45,70,5,0.22522656619548798,0.5158387422561646,0.25893470644950867,1.481743057380846
DTSR14,mobilenetv3,blue_channel_shift_45,71,5,0.5502150654792786,0.24481070041656494,0.20497414469718933,1.4399484983549908
DTSR14,mobilenetv3,blue_channel_shift_45,72,5,0.7263424396514893,0.042608100920915604,0.23104950785636902,1.0174044488613612
DTSR14,mobilenetv3,blue_channel_shift_45,73,5,0.20541498064994812,0.033003661781549454,0.7615814208984375,0.9307085234321255
DTSR14,mobilenetv3,blue_channel_shift_45,74,5,0.5347796082496643,0.10963746905326843,0.35558292269706726,1.3629896466735785
DTSR14,mobilenetv3,blue_channel_shift_45,75,5,0.5725208520889282,0.34181028604507446,0.08566883951425552,1.2937261891356706
DTSR14,mobilenetv3,blue_channel_shift_45,76,5,0.13057848811149597,0.4370565414428711,0.43236497044563293,1.4284258088689883
DTSR14,mobilenetv3,blue_channel_shift_45,77,5,0.5980463027954102,0.1289820671081543,0.2729716897010803,1.3359885188359844
DTSR14,mobilenetv3,blue_channel_shift_45,78,5,0.12080864608287811,0.4919523298740387,0.3872390389442444,1.4018544783407572
DTSR14,mobilenetv3,blue_channel_shift_45,79,5,0.5922715663909912,0.056428469717502594,0.3513000011444092,1.2117852981775161
DTSR14,mobilenetv3,blue_channel_shift_45,80,5,0.5412551164627075,0.06243221089243889,0.3963127136230469,1.2583645404311603
DTSR14,mobilenetv3,blue_channel_shift_45,81,5,0.5589792132377625,0.12281060963869095,0.3182102143764496,1.366287501981356
DTSR14,mobilenetv3,blue_channel_shift_45,82,5,0.7708519101142883,0.047200608998537064,0.18194754421710968,0.9446570874121369
DTSR14,mobilenetv3,blue_channel_shift_45,83,5,0.7625632882118225,0.06480946391820908,0.17262732982635498,0.9915454089302539
DTSR14,mobilenetv3,blue_channel_shift_45,84,5,0.11032631248235703,0.5701693296432495,0.3195045292377472,1.3389318420964198
DTSR14,mobilenetv3,blue_channel_shift_45,85,5,0.4669851064682007,0.3102988600730896,0.2227160483598709,1.5194392670009207
DTSR14,mobilenetv3,blue_channel_shift_45,86,5,0.45522341132164,0.33910104632377625,0.20567558705806732,1.5151699153785017
DTSR14,mobilenetv3,blue_channel_shift_45,87,5,0.8516513705253601,0.0598120279610157,0.08853669464588165,0.7500036384608592
DTSR14,mobilenetv3,blue_channel_shift_45,88,5,0.4836745262145996,0.21475468575954437,0.3015708029270172,1.504976302315474
DTSR14,mobilenetv3,blue_channel_shift_45,89,5,0.04531073570251465,0.08637573570013046,0.8683134913444519,0.6843385537713256
DTSR14,mobilenetv3,blue_channel_shift_45,90,5,0.766158938407898,0.028046617284417152,0.20579440891742706,0.9083923935136362
DTSR14,mobilenetv3,blue_channel_shift_45,91,5,0.05766364559531212,0.5642773509025574,0.3780589997768402,1.2337155650158413
DTSR14,mobilenetv3,blue_channel_shift_45,92,5,0.36369141936302185,0.4330154061317444,0.20329312980175018,1.5208157925609873
DTSR14,mobilenetv3,blue_channel_shift_45,93,5,0.6214053630828857,0.04449989274144173,0.3340948522090912,1.1547634274177399
DTSR14,mobilenetv3,blue_channel_shift_45,94,5,0.5108684301376343,0.02609928324818611,0.46303224563598633,1.1466409670800992
DTSR14,mobilenetv3,blue_channel_shift_45,95,5,0.7292917966842651,0.225555881857872,0.04515235498547554,1.018525137110311
DTSR14,mobilenetv3,blue_channel_shift_45,96,5,0.5254769921302795,0.05086526274681091,0.42365771532058716,1.2313016804581123
DTSR14,mobilenetv3,blue_channel_shift_45,97,5,0.6025747656822205,0.033035438507795334,0.3643897771835327,1.1335973228479095
DTSR14,mobilenetv3,blue_channel_shift_45,98,5,0.47318345308303833,0.2513642907142639,0.275452196598053,1.5239458070330636
DTSR14,mobilenetv3,blue_channel_shift_45,99,5,0.5965147018432617,0.07084210216999054,0.3326432704925537,1.2434096850334697
DTSR14,mobilenetv3,blue_channel_shift_45,100,5,0.5636565089225769,0.041148290038108826,0.39519524574279785,1.184923232104734
DTSR14,mobilenetv3,blue_channel_shift_45,101,5,0.06629165261983871,0.7986379861831665,0.135070338845253,0.9087135065317715
DTSR14,mobilenetv3,blue_channel_shift_45,102,5,0.744289219379425,0.033882733434438705,0.22182799875736237,0.9644934939293146
DTSR14,mobilenetv3,blue_channel_shift_45,103,5,0.7059778571128845,0.0349295437335968,0.2590925097465515,1.028486206240241
DTSR14,mobilenetv3,blue_channel_shift_45,104,5,0.6222243309020996,0.30352848768234253,0.07424725592136383,1.2265465337943575
DTSR14,mobilenetv3,blue_channel_shift_45,105,5,0.5212259292602539,0.31791573762893677,0.16085845232009888,1.4396121097911991
DTSR14,mobilenetv3,blue_channel_shift_45,106,5,0.0462324321269989,0.7529784440994263,0.20078912377357483,0.9783245504842126
DTSR14,mobilenetv3,blue_channel_shift_45,107,5,0.5309258699417114,0.18892520666122437,0.28014901280403137,1.453433567312203
DTSR14,mobilenetv3,blue_channel_shift_45,108,5,0.048585932701826096,0.6736485362052917,0.27776551246643066,1.1092572101331228
DTSR14,mobilenetv3,blue_channel_shift_45,109,5,0.6658918857574463,0.2926754653453827,0.04143267124891281,1.0997470139110517
DTSR14,mobilenetv3,blue_channel_shift_45,110,5,0.29691535234451294,0.44119760394096375,0.26188698410987854,1.5472174431098216
DTSR14,mobilenetv3,blue_channel_shift_45,111,5,0.282901406288147,0.32451578974723816,0.3925827443599701,1.571805134773228
DTSR14,mobilenetv3,blue_channel_shift_45,112,5,0.3164161145687103,0.48195505142211914,0.20162874460220337,1.4986049909315307
DTSR14,mobilenetv3,blue_channel_shift_45,113,5,0.28284192085266113,0.451454222202301,0.26570385694503784,1.5413487753622102
DTSR14,mobilenetv3,blue_channel_shift_45,114,5,0.600502073764801,0.3506663739681244,0.0488315150141716,1.1846845202130116
DTSR14,mobilenetv3,blue_channel_shift_45,115,5,0.4225632846355438,0.12432800978422165,0.4531087577342987,1.4165781743052177
DTSR14,mobilenetv3,blue_channel_shift_45,116,5,0.10939463973045349,0.5364291071891785,0.3541763424873352,1.361598239045148
DTSR14,mobilenetv3,blue_channel_shift_45,117,5,0.4826866090297699,0.20630614459514618,0.31100720167160034,1.501056213413237
DTSR14,mobilenetv3,blue_channel_shift_45,118,6,0.055826254189014435,0.30386999249458313,0.6403036713600159,1.166417703248581
DTSR14,mobilenetv3,blue_channel_shift_45,119,6,0.07028791308403015,0.25963008403778076,0.6700819730758667,1.1613790948853895
DTSR14,mobilenetv3,blue_channel_shift_45,120,6,0.05239398032426834,0.23130923509597778,0.7162967324256897,1.0562615464162803
DTSR14,mobilenetv3,blue_channel_shift_45,121,6,0.27953264117240906,0.09104722738265991,0.6294201612472534,1.2492006523569419
DTSR14,mobilenetv3,blue_channel_shift_45,122,6,0.08108215779066086,0.055359773337841034,0.8635580539703369,0.7077670798958025
DTSR14,mobilenetv3,blue_channel_shift_45,123,6,0.04181886464357376,0.9220563173294067,0.0361248217523098,0.47253523060501784
DTSR14,mobilenetv3,blue_channel_shift_45,124,7,0.842413604259491,0.0430159829556942,0.1145705133676529,0.7617736589603111
DTSR14,mobilenetv3,blue_channel_shift_45,125,7,0.7623715996742249,0.19132296741008759,0.04630541428923607,0.9601557234636899
DTSR14,mobilenetv3,blue_channel_shift_45,126,7,0.5800150632858276,0.3723663091659546,0.04761865362524986,1.1956530651919157
DTSR14,mobilenetv3,blue_channel_shift_45,127,7,0.6515529155731201,0.2998495399951935,0.04859745502471924,1.135764328587473
DTSR14,mobilenetv3,blue_channel_shift_45,128,7,0.7206569314002991,0.03760828822851181,0.2417348027229309,1.0137807813731754
DTSR14,mobilenetv3,blue_channel_shift_45,129,7,0.6995436549186707,0.24907483160495758,0.05138145759701729,1.0801531167147704
DTSR14,mobilenetv3,blue_channel_shift_45,130,7,0.8337612748146057,0.11169392615556717,0.05454482510685921,0.8008013741492817
DTSR14,mobilenetv3,blue_channel_shift_45,131,7,0.048258181661367416,0.7699154615402222,0.18182630836963654,0.9486483491325373
DTSR14,mobilenetv3,blue_channel_shift_45,132,7,0.8237735033035278,0.031923808157444,0.14430268108844757,0.7920426660901677
DTSR14,mobilenetv3,blue_channel_shift_45,133,7,0.7212696671485901,0.02993219532072544,0.24879811704158783,0.9908463393929399
DTSR14,mobilenetv3,blue_channel_shift_45,134,7,0.34961986541748047,0.6063475608825684,0.04403252154588699,1.166103535096047
DTSR14,mobilenetv3,blue_channel_shift_45,135,7,0.42250120639801025,0.543939471244812,0.03355933353304863,1.1673432875967313
DTSR14,mobilenetv3,blue_channel_shift_45,136,8,0.11666189879179001,0.8404613137245178,0.042876824736595154,0.7671651383383298
DTSR14,mobilenetv3,blue_channel_shift_45,137,8,0.660662829875946,0.2922661602497101,0.047070980072021484,1.1212911360959255
DTSR14,mobilenetv3,blue_channel_shift_45,138,8,0.06130974367260933,0.17553530633449554,0.7631550431251526,0.9851564127958015
DTSR14,mobilenetv3,blue_channel_shift_45,139,8,0.24184028804302216,0.05065077915787697,0.7075089812278748,1.0663964730762576
DTSR14,mobilenetv3,blue_channel_shift_45,140,8,0.04751494154334068,0.19313980638980865,0.759345293045044,0.9686236603436131
DTSR14,mobilenetv3,blue_channel_shift_45,141,8,0.8755850195884705,0.08542925119400024,0.038985706865787506,0.6535206409415677
DTSR14,mobilenetv3,blue_channel_shift_45,142,8,0.6442966461181641,0.03644410893321037,0.3192593455314636,1.1086348267157806
DTSR14,mobilenetv3,blue_channel_shift_45,143,9,0.9252480268478394,0.03535177931189537,0.03940017148852348,0.4580055762430333
DTSR14,mobilenetv3,blue_channel_shift_45,144,9,0.043624985963106155,0.8611770272254944,0.0951981171965599,0.705813774532071
DTSR14,mobilenetv3,blue_channel_shift_45,145,9,0.8207827210426331,0.12695160508155823,0.052265677601099014,0.8344279968313587
DTSR14,mobilenetv3,blue_channel_shift_45,146,9,0.04449794813990593,0.15335410833358765,0.8021481037139893,0.8697641575555651
DTSR14,mobilenetv3,blue_channel_shift_45,147,9,0.03976655378937721,0.8528684973716736,0.10736499726772308,0.7264800262776139
DTSR14,mobilenetv3,blue_channel_shift_45,148,9,0.07133686542510986,0.2150842547416687,0.7135789394378662,1.0959939450550051
DTSR14,mobilenetv3,blue_channel_shift_45,149,9,0.0547647662460804,0.7282744646072388,0.21696072816848755,1.040932440810462
DTSR14,mobilenetv3,blue_channel_shift_45,150,9,0.6197234988212585,0.051243897527456284,0.3290325999259949,1.1751217653837007
DTSR14,mobilenetv3,blue_channel_shift_45,151,9,0.4930153787136078,0.04365750029683113,0.4633271396160126,1.2144949945124743
DTSR14,mobilenetv3,blue_channel_shift_45,152,9,0.692873477935791,0.04648486152291298,0.2606416642665863,1.0781643337406575
DTSR14,mobilenetv3,blue_channel_shift_45,153,9,0.6905197501182556,0.043310727924108505,0.2661694288253784,1.0733396446579848
DTSR14,mobilenetv3,blue_channel_shift_45,154,9,0.725521445274353,0.04032053425908089,0.23415808379650116,1.013060808470692
DTSR14,mobilenetv3,blue_channel_shift_45,155,9,0.055418092757463455,0.6555765867233276,0.2890053689479828,1.1482008824926666
DTSR14,mobilenetv3,blue_channel_shift_45,156,9,0.5721463561058044,0.033528655767440796,0.39432501792907715,1.1545260551183452
DTSR14,mobilenetv3,blue_channel_shift_45,157,9,0.04965648427605629,0.7059318423271179,0.24441175162792206,1.0665601125908823
DTSR14,mobilenetv3,blue_channel_shift_45,158,9,0.8104087114334106,0.03772449120879173,0.15186673402786255,0.8370984154561052
DTSR14,mobilenetv3,blue_channel_shift_45,159,9,0.7825891375541687,0.04849977791309357,0.1689111292362213,0.9218939483956142
DTSR14,mobilenetv3,blue_channel_shift_45,160,9,0.2936892509460449,0.5228603482246399,0.18345047533512115,1.4570917551256926
DTSR14,mobilenetv3,blue_channel_shift_45,161,9,0.12141671031713486,0.3081085979938507,0.5704747438430786,1.3546145518794455
DTSR14,mobilenetv3,blue_channel_shift_45,162,9,0.07102547585964203,0.15546105802059174,0.7735134363174438,0.9750583733852274
DTSR14,mobilenetv3,blue_channel_shift_45,163,9,0.1558717042207718,0.28542205691337585,0.5587062835693359,1.403483873828321
DTSR14,mobilenetv3,blue_channel_shift_45,164,9,0.2135143131017685,0.7185089588165283,0.06797675043344498,1.0819654091147366
DTSR14,mobilenetv3,blue_channel_shift_45,165,10,0.12062589824199677,0.8008415699005127,0.07853253185749054,0.9129339256232283
DTSR14,mobilenetv3,blue_channel_shift_45,166,10,0.797879695892334,0.13513101637363434,0.06698928773403168,0.9113682020943021
DTSR14,mobilenetv3,blue_channel_shift_45,167,10,0.3483596742153168,0.6092439293861389,0.04239639267325401,1.158854519456195
DTSR14,mobilenetv3,blue_channel_shift_45,168,10,0.055397775024175644,0.8187417984008789,0.12586036324501038,0.8437904321776427
DTSR14,mobilenetv3,blue_channel_shift_45,169,10,0.04286840558052063,0.19374512135982513,0.7633865475654602,0.9508850816846188
DTSR14,mobilenetv3,blue_channel_shift_45,170,10,0.7628493309020996,0.1975739449262619,0.039576802402734756,0.9445430722058004
DTSR14,mobilenetv3,blue_channel_shift_45,171,10,0.8330318331718445,0.06017019599676132,0.10679793357849121,0.8081711131335061
DTSR14,mobilenetv3,blue_channel_shift_45,172,10,0.8206930160522461,0.0676833763718605,0.11162359267473221,0.8500185794660811
DTSR14,mobilenetv3,blue_channel_shift_45,173,11,0.5996941328048706,0.04522304981946945,0.35508283972740173,1.1748102985612907
DTSR14,mobilenetv3,blue_channel_shift_45,174,11,0.21902847290039062,0.7292098999023438,0.05176161602139473,1.0331975614241167
DTSR14,mobilenetv3,blue_channel_shift_45,175,11,0.4388936460018158,0.05157377943396568,0.5095325112342834,1.2376725816106853
DTSR14,mobilenetv3,blue_channel_shift_45,176,11,0.9288082718849182,0.05839110165834427,0.012800540775060654,0.4187402612500156
DTSR14,mobilenetv3,blue_channel_shift_45,177,11,0.05904906988143921,0.9222713112831116,0.018679682165384293,0.45596395249101906
DTSR14,mobilenetv3,blue_channel_shift_45,178,11,0.7073548436164856,0.20959989726543427,0.08304528892040253,1.1239475482152532
DTSR14,mobilenetv3,blue_channel_shift_45,179,12,0.35414576530456543,0.17332471907138824,0.4725295305252075,1.479658158304137
DTSR14,mobilenetv3,blue_channel_shift_45,180,12,0.03576798364520073,0.4789031744003296,0.4853288531303406,1.1867412237674788
DTSR14,mobilenetv3,blue_channel_shift_45,181,12,0.3313652575016022,0.013430069200694561,0.6552045941352844,1.0112092246415183
DTSR14,mobilenetv3,blue_channel_shift_45,182,12,0.4935155212879181,0.43489497900009155,0.07158952951431274,1.2975663923057337
DTSR14,mobilenetv3,blue_channel_shift_45,183,12,0.3392106890678406,0.029023028910160065,0.6317663192749023,1.0958619762276205
DTSR14,mobilenetv3,blue_channel_shift_45,184,12,0.49666982889175415,0.04008377715945244,0.4632463753223419,1.2017527414604938
DTSR14,mobilenetv3,blue_channel_shift_45,185,12,0.3104248344898224,0.14570122957229614,0.5438739657402039,1.4066683762167953
DTSR14,mobilenetv3,blue_channel_shift_45,186,12,0.3834826648235321,0.03382289037108421,0.582694411277771,1.1495496962787097
DTSR14,mobilenetv3,blue_channel_shift_45,187,12,0.04803215712308884,0.6413729786872864,0.31059491634368896,1.1452836398864372
DTSR14,mobilenetv3,blue_channel_shift_45,188,12,0.04386267066001892,0.4077829420566559,0.5483543872833252,1.2009055464285463
DTSR14,mobilenetv3,blue_channel_shift_45,189,12,0.03510370850563049,0.4124849736690521,0.5524114370346069,1.1695809024302237
DTSR14,mobilenetv3,blue_channel_shift_45,190,12,0.22938624024391174,0.2399701625108719,0.5306436419487,1.4664730356182052
DTSR14,mobilenetv3,blue_channel_shift_45,191,12,0.4483829140663147,0.19301143288612366,0.35860568284988403,1.5074978393879994
DTSR14,mobilenetv3,blue_channel_shift_45,192,12,0.592753529548645,0.060782112181186676,0.3464643955230713,1.2226231120472812
DTSR14,mobilenetv3,blue_channel_shift_45,193,12,0.6479439735412598,0.29428768157958984,0.05776829272508621,1.162615302313942
DTSR14,mobilenetv3,blue_channel_shift_45,194,12,0.058003105223178864,0.27427613735198975,0.6677206158638,1.1392118928879897
DTSR14,mobilenetv3,blue_channel_shift_45,195,12,0.4821830689907074,0.055762987583875656,0.46205395460128784,1.2543181588455967
DTSR14,mobilenetv3,blue_channel_shift_45,196,13,0.06082732975482941,0.7731611728668213,0.16601146757602692,0.9627323398471588
DTSR14,mobilenetv3,blue_channel_shift_45,197,13,0.09113828092813492,0.03665139526128769,0.8722103238105774,0.6618275563601872
DTSR14,mobilenetv3,blue_channel_shift_45,198,13,0.0494094155728817,0.30625900626182556,0.6443315148353577,1.1458155551976952
DTSR14,mobilenetv3,blue_channel_shift_45,199,13,0.07184124737977982,0.10386241227388382,0.8242962956428528,0.8420579728487396
DTSR14,mobilenetv3,gaussian_noise_0.1,0,0,0.029428593814373016,0.17753560841083527,0.7930358052253723,0.8577382457098084
DTSR14,mobilenetv3,gaussian_noise_0.1,1,0,0.03356768190860748,0.8614552617073059,0.10497699677944183,0.6910875887638577
DTSR14,mobilenetv3,gaussian_noise_0.1,2,0,0.1743088662624359,0.7929201722145081,0.032771024852991104,0.8663477340475362
DTSR14,mobilenetv3,gaussian_noise_0.1,3,0,0.04654639959335327,0.6866204142570496,0.26683321595191956,1.0869913579681847
DTSR14,mobilenetv3,gaussian_noise_0.1,4,0,0.8473762273788452,0.032607607543468475,0.1200161799788475,0.7305906220061673
DTSR14,mobilenetv3,gaussian_noise_0.1,5,0,0.2480684518814087,0.7240911722183228,0.02784028835594654,0.9800049614936915
DTSR14,mobilenetv3,gaussian_noise_0.1,6,0,0.023274347186088562,0.8422339558601379,0.1344916671514511,0.7241674938253155
DTSR14,mobilenetv3,gaussian_noise_0.1,7,1,0.04511965811252594,0.8014163970947266,0.15346404910087585,0.8726136515836592
DTSR14,mobilenetv3,gaussian_noise_0.1,8,1,0.03362656757235527,0.8505416512489319,0.11583179235458374,0.7234426923995254
DTSR14,mobilenetv3,gaussian_noise_0.1,9,1,0.05302181839942932,0.8637986183166504,0.0831795185804367,0.7055477352952209
DTSR14,mobilenetv3,gaussian_noise_0.1,10,1,0.031065750867128372,0.8079107999801636,0.16102343797683716,0.8284554394842183
DTSR14,mobilenetv3,gaussian_noise_0.1,11,1,0.03366353362798691,0.6681850552558899,0.2981514632701874,1.0739121772310973
DTSR14,mobilenetv3,gaussian_noise_0.1,12,1,0.03984440118074417,0.09004076570272446,0.8701147437095642,0.6726437891552052
DTSR14,mobilenetv3,gaussian_noise_0.1,13,1,0.020729372277855873,0.23048053681850433,0.7487900853157043,0.9164350282331302
DTSR14,mobilenetv3,gaussian_noise_0.1,14,2,0.251283198595047,0.053008608520030975,0.6957082152366638,1.0895067423347364
DTSR14,mobilenetv3,gaussian_noise_0.1,15,2,0.04799351468682289,0.2814243733882904,0.6705821752548218,1.111636460464072
DTSR14,mobilenetv3,gaussian_noise_0.1,16,2,0.7308372855186462,0.07381530106067657,0.1953473687171936,1.0683716011223274
DTSR14,mobilenetv3,gaussian_noise_0.1,17,2,0.18125583231449127,0.5982530117034912,0.22049114108085632,1.370941860849325
DTSR14,mobilenetv3,gaussian_noise_0.1,18,2,0.6720694899559021,0.06216391921043396,0.26576662063598633,1.1425327329602817
DTSR14,mobilenetv3,gaussian_noise_0.1,19,2,0.08950947225093842,0.5119558572769165,0.39853450655937195,1.3351024260448607
DTSR14,mobilenetv3,gaussian_noise_0.1,20,2,0.5626644492149353,0.05590209737420082,0.38143351674079895,1.229804424476693
DTSR14,mobilenetv3,gaussian_noise_0.1,21,2,0.5072529315948486,0.14457790553569794,0.348169207572937,1.4300597986055748
DTSR14,mobilenetv3,gaussian_noise_0.1,22,2,0.5429754257202148,0.053242288529872894,0.4037822186946869,1.231955677842714
DTSR14,mobilenetv3,gaussian_noise_0.1,23,2,0.07845643907785416,0.45728975534439087,0.46425384283065796,1.318222458109515
DTSR14,mobilenetv3,gaussian_noise_0.1,24,2,0.5834321975708008,0.19892969727516174,0.2176380753517151,1.395782227283589
DTSR14,mobilenetv3,gaussian_noise_0.1,25,2,0.1921069622039795,0.4453883767127991,0.36250466108322144,1.507606752075966
DTSR14,mobilenetv3,gaussian_noise_0.1,26,2,0.14587117731571198,0.5360924601554871,0.3180362284183502,1.4129348675563667
DTSR14,mobilenetv3,gaussian_noise_0.1,27,2,0.048454444855451584,0.6565895676612854,0.29495590925216675,1.1296633931887792
DTSR14,mobilenetv3,gaussian_noise_0.1,28,2,0.0281700287014246,0.7599272727966309,0.2119026929140091,0.9203986990157045
DTSR14,mobilenetv3,gaussian_noise_0.1,29,2,0.3687564432621002,0.05340852588415146,0.5778350830078125,1.2137065035713648
DTSR14,mobilenetv3,gaussian_noise_0.1,30,2,0.8322917222976685,0.025242405012249947,0.1424659639596939,0.7549261704864172
DTSR14,mobilenetv3,gaussian_noise_0.1,31,2,0.691067636013031,0.05550096556544304,0.25343140959739685,1.1018010784667074
DTSR14,mobilenetv3,gaussian_noise_0.1,32,2,0.2384071797132492,0.04404570162296295,0.7175471782684326,1.0351654969359507
DTSR14,mobilenetv3,gaussian_noise_0.1,33,2,0.23447343707084656,0.7271638512611389,0.03836270794272423,1.0053396334768363
DTSR14,mobilenetv3,gaussian_noise_0.1,34,2,0.666868269443512,0.04321233928203583,0.28991934657096863,1.103534293838326
DTSR14,mobilenetv3,gaussian_noise_0.1,35,2,0.796136200428009,0.04203995317220688,0.1618238240480423,0.8792628213911894
DTSR14,mobilenetv3,gaussian_noise_0.1,36,2,0.020459961146116257,0.716383695602417,0.26315632462501526,0.9663637829436017
DTSR14,mobilenetv3,gaussian_noise_0.1,37,2,0.6955531239509583,0.04037260264158249,0.26407426595687866,1.0585350920562673
DTSR14,mobilenetv3,gaussian_noise_0.1,38,2,0.22451071441173553,0.04492770880460739,0.7305616140365601,1.0158481093320857
DTSR14,mobilenetv3,gaussian_noise_0.1,39,3,0.0632544606924057,0.14157432317733765,0.7951712012290955,0.914147957711035
DTSR14,mobilenetv3,gaussian_noise_0.1,40,3,0.07322103530168533,0.18491707742214203,0.741861879825592,1.0460199638317267
DTSR14,mobilenetv3,gaussian_noise_0.1,41,3,0.04905617982149124,0.7564014792442322,0.19454233348369598,0.9775049208891973
DTSR14,mobilenetv3,gaussian_noise_0.1,42,4,0.048180658370256424,0.6030216217041016,0.3487977981567383,1.180856940482642
DTSR14,mobilenetv3,gaussian_noise_0.1,43,4,0.051437780261039734,0.5687154531478882,0.3798467516899109,1.2137266989921929
DTSR14,mobilenetv3,gaussian_noise_0.1,44,4,0.08154411613941193,0.643903911113739,0.2745520770549774,1.2158161939269305
DTSR14,mobilenetv3,gaussian_noise_0.1,45,4,0.045002713799476624,0.7504759430885315,0.20452138781547546,0.980411739993325
DTSR14,mobilenetv3,gaussian_noise_0.1,46,4,0.06258808076381683,0.8598796725273132,0.07753237336874008,0.7235226593230057
DTSR14,mobilenetv3,gaussian_noise_0.1,47,4,0.06857683509588242,0.29082462191581726,0.6405985355377197,1.1949018261704771
DTSR14,mobilenetv3,gaussian_noise_0.1,48,4,0.0737060159444809,0.6135547757148743,0.3127392530441284,1.2341352405829122
DTSR14,mobilenetv3,gaussian_noise_0.1,49,4,0.7159679532051086,0.23248516023159027,0.0515468455851078,1.05496850291505
DTSR14,mobilenetv3,gaussian_noise_0.1,50,4,0.7888956665992737,0.03914520889520645,0.17195919156074524,0.8896334259859445
DTSR14,mobilenetv3,gaussian_noise_0.1,51,4,0.5627906322479248,0.0640314519405365,0.3731778860092163,1.251311625199535
DTSR14,mobilenetv3,gaussian_noise_0.1,52,5,0.23462386429309845,0.7304664254188538,0.0349096842110157,0.9906867789338416
DTSR14,mobilenetv3,gaussian_noise_0.1,53,5,0.18670468032360077,0.7876202464103699,0.025675123557448387,0.8589763154194553
DTSR14,mobilenetv3,gaussian_noise_0.1,54,5,0.27234306931495667,0.013877115212380886,0.7137798070907593,0.9439077835190708
DTSR14,mobilenetv3,gaussian_noise_0.1,55,5,0.16683337092399597,0.5503110289573669,0.2828555703163147,1.4205338199211384
DTSR14,mobilenetv3,gaussian_noise_0.1,56,5,0.029772279784083366,0.3128837049007416,0.6573439240455627,1.0733064277045274
DTSR14,mobilenetv3,gaussian_noise_0.1,57,5,0.08485855907201767,0.1446479707956314,0.7704934477806091,0.9952903101362809
DTSR14,mobilenetv3,gaussian_noise_0.1,58,5,0.14771831035614014,0.8136957883834839,0.0385858416557312,0.8307818294033245
DTSR14,mobilenetv3,gaussian_noise_0.1,59,5,0.03348826244473457,0.1419018656015396,0.8246099352836609,0.7932615884812124
DTSR14,mobilenetv3,gaussian_noise_0.1,60,5,0.03161424770951271,0.22879354655742645,0.7395921945571899,0.966257407786779
DTSR14,mobilenetv3,gaussian_noise_0.1,61,5,0.14228510856628418,0.8080434799194336,0.04967143386602402,0.8638867219484894
DTSR14,mobilenetv3,gaussian_noise_0.1,62,5,0.12487160414457321,0.8437796831130981,0.031348682940006256,0.7381788744101137
DTSR14,mobilenetv3,gaussian_noise_0.1,63,5,0.11450120061635971,0.7163442373275757,0.169154554605484,1.136396360406379
DTSR14,mobilenetv3,gaussian_noise_0.1,64,5,0.5594815611839294,0.035647451877593994,0.40487098693847656,1.1683612905054275
DTSR14,mobilenetv3,gaussian_noise_0.1,65,5,0.5521045327186584,0.4039590656757355,0.04393637180328369,1.1994956623385509
DTSR14,mobilenetv3,gaussian_noise_0.1,66,5,0.6541845202445984,0.3175075650215149,0.028307901695370674,1.0716079225268917
DTSR14,mobilenetv3,gaussian_noise_0.1,67,5,0.7542888522148132,0.022953517735004425,0.2227577269077301,0.9144322458747074
DTSR14,mobilenetv3,gaussian_noise_0.1,68,5,0.6581262350082397,0.06166455149650574,0.28020912408828735,1.159379128824875
DTSR14,mobilenetv3,gaussian_noise_0.1,69,5,0.4636994004249573,0.4842054545879364,0.052095089107751846,1.2428158487663798
DTSR14,mobilenetv3,gaussian_noise_0.1,70,5,0.8416628837585449,0.12265640497207642,0.03568066284060478,0.7522059104578203
DTSR14,mobilenetv3,gaussian_noise_0.1,71,5,0.38855209946632385,0.013979099690914154,0.5974687933921814,1.059992554276735
DTSR14,mobilenetv3,gaussian_noise_0.1,72,5,0.7261073589324951,0.030211880803108215,0.24368086457252502,0.9841707006370485
DTSR14,mobilenetv3,gaussian_noise_0.1,73,5,0.08668842911720276,0.045650091022253036,0.8676613569259644,0.6868224683047375
DTSR14,mobilenetv3,gaussian_noise_0.1,74,5,0.6950114369392395,0.05043196678161621,0.25455668568611145,1.0846229089098662
DTSR14,mobilenetv3,gaussian_noise_0.1,75,5,0.659054696559906,0.03176836296916008,0.30917689204216003,1.0781185954361834
DTSR14,mobilenetv3,gaussian_noise_0.1,76,5,0.03355550765991211,0.318410724401474,0.6480337381362915,1.0956180334203975
DTSR14,mobilenetv3,gaussian_noise_0.1,77,5,0.2571384310722351,0.7158187031745911,0.027042921632528305,0.9899521528848805
DTSR14,mobilenetv3,gaussian_noise_0.1,78,5,0.03389967605471611,0.1457388550043106,0.8203614950180054,0.8048109511426319
DTSR14,mobilenetv3,gaussian_noise_0.1,79,5,0.3219108283519745,0.031071361154317856,0.6470177173614502,1.0884305367570835
DTSR14,mobilenetv3,gaussian_noise_0.1,80,5,0.021650388836860657,0.17111508548259735,0.8072345852851868,0.8049256810116536
DTSR14,mobilenetv3,gaussian_noise_0.1,81,5,0.8631523251533508,0.016856051981449127,0.11999157071113586,0.649604045033852
DTSR14,mobilenetv3,gaussian_noise_0.1,82,5,0.8254708051681519,0.11575374752283096,0.05877544730901718,0.8288233356902743
DTSR14,mobilenetv3,gaussian_noise_0.1,83,5,0.8316317200660706,0.04394711181521416,0.12442124634981155,0.7934144153479216
DTSR14,mobilenetv3,gaussian_noise_0.1,84,5,0.058114152401685715,0.9033649563789368,0.03852090984582901,0.55198676566272
DTSR14,mobilenetv3,gaussian_noise_0.1,85,5,0.02508309669792652,0.17782796919345856,0.7970890402793884,0.8372165070882522
DTSR14,mobilenetv3,gaussian_noise_0.1,86,5,0.7275646924972534,0.24208372831344604,0.030351653695106506,0.9822859191557453
DTSR14,mobilenetv3,gaussian_noise_0.1,87,5,0.731742799282074,0.2324438840150833,0.035813406109809875,0.9910466273237969
DTSR14,mobilenetv3,gaussian_noise_0.1,88,5,0.29887673258781433,0.6756526827812195,0.025470560416579247,1.0378037732914518
DTSR14,mobilenetv3,gaussian_noise_0.1,89,5,0.03474868834018707,0.16812928020954132,0.7971220016479492,0.8616724304715524
DTSR14,mobilenetv3,gaussian_noise_0.1,90,5,0.022216781973838806,0.845933735370636,0.13184943795204163,0.7116142536737919
DTSR14,mobilenetv3,gaussian_noise_0.1,91,5,0.5014606714248657,0.4628910720348358,0.03564826399087906,1.1852094972043243
DTSR14,mobilenetv3,gaussian_noise_0.1,92,5,0.8595883846282959,0.04933033138513565,0.09108120948076248,0.716635149621609
DTSR14,mobilenetv3,gaussian_noise_0.1,93,5,0.013076024129986763,0.7756458520889282,0.21127811074256897,0.8399645997335721
DTSR14,mobilenetv3,gaussian_noise_0.1,94,5,0.2045382857322693,0.7771559357643127,0.018305817618966103,0.8566253972847009
DTSR14,mobilenetv3,gaussian_noise_0.1,95,5,0.29910317063331604,0.6703006029129028,0.030596233904361725,1.061582046264247
DTSR14,mobilenetv3,gaussian_noise_0.1,96,5,0.7872135043144226,0.038010869175195694,0.1747756451368332,0.8908487257181097
DTSR14,mobilenetv3,gaussian_noise_0.1,97,5,0.7985455989837646,0.17432112991809845,0.02713317796587944,0.839686874465668
DTSR14,mobilenetv3,gaussian_noise_0.1,98,5,0.8864187598228455,0.040059126913547516,0.07352212071418762,0.6169874798306018
DTSR14,mobilenetv3,gaussian_noise_0.1,99,5,0.6402865052223206,0.01642763428390026,0.3432858884334564,1.038742117936307
DTSR14,mobilenetv3,gaussian_noise_0.1,100,5,0.46971753239631653,0.5109665393829346,0.019315944984555244,1.1170145058490024
DTSR14,mobilenetv3,gaussian_noise_0.1,101,5,0.08170191198587418,0.573148250579834,0.34514981508255005,1.2851813786343227
DTSR14,mobilenetv3,gaussian_noise_0.1,102,5,0.20059964060783386,0.7786843180656433,0.020716002210974693,0.861797427447184
DTSR14,mobilenetv3,gaussian_noise_0.1,103,5,0.7639164924621582,0.04473063349723816,0.19135284423828125,0.9538099107121039
DTSR14,mobilenetv3,gaussian_noise_0.1,104,5,0.8023863434791565,0.15804675221443176,0.039566777646541595,0.8598803278374887
DTSR14,mobilenetv3,gaussian_noise_0.1,105,5,0.04530533775687218,0.6839728355407715,0.27072182297706604,1.0874028828416031
DTSR14,mobilenetv3,gaussian_noise_0.1,106,5,0.024976007640361786,0.17289602756500244,0.8021279573440552,0.8258853443086976
DTSR14,mobilenetv3,gaussian_noise_0.1,107,5,0.0307901743799448,0.17604538798332214,0.7931644916534424,0.8609369614725381
DTSR14,mobilenetv3,gaussian_noise_0.1,108,5,0.03340759500861168,0.17055106163024902,0.7960411906242371,0.8609845911097618
DTSR14,mobilenetv3,gaussian_noise_0.1,109,5,0.6170814633369446,0.352637380361557,0.030281204730272293,1.112834664024908
DTSR14,mobilenetv3,gaussian_noise_0.1,110,5,0.8015739321708679,0.13009969890117645,0.06832640618085861,0.9030896923390329
DTSR14,mobilenetv3,gaussian_noise_0.1,111,5,0.32898393273353577,0.028697911649942398,0.6423182487487793,1.0848878069260426
DTSR14,mobilenetv3,gaussian_noise_0.1,112,5,0.12321122735738754,0.8176816701889038,0.05910705402493477,0.8508292112679889
DTSR14,mobilenetv3,gaussian_noise_0.1,113,5,0.046248167753219604,0.81233149766922,0.1414204090833664,0.8477506100490071
DTSR14,mobilenetv3,gaussian_noise_0.1,114,5,0.5905545949935913,0.38213688135147095,0.027308546006679535,1.1209360915585374
DTSR14,mobilenetv3,gaussian_noise_0.1,115,5,0.04509199783205986,0.673872709274292,0.2810352146625519,1.0999690381269969
DTSR14,mobilenetv3,gaussian_noise_0.1,116,5,0.8291771411895752,0.14095687866210938,0.029865939170122147,0.773803990739944
DTSR14,mobilenetv3,gaussian_noise_0.1,117,5,0.33940306305885315,0.04348292946815491,0.6171140074729919,1.155548774652224
DTSR14,mobilenetv3,gaussian_noise_0.1,118,6,0.03521229326725006,0.7837746143341064,0.1810131072998047,0.8918337193215924
DTSR14,mobilenetv3,gaussian_noise_0.1,119,6,0.14598335325717926,0.814889132976532,0.039127495139837265,0.8288718676730654
DTSR14,mobilenetv3,gaussian_noise_0.1,120,6,0.026372592896223068,0.10284963250160217,0.8707777261734009,0.6496370601223261
DTSR14,mobilenetv3,gaussian_noise_0.1,121,6,0.02796727791428566,0.13352887332439423,0.8385038375854492,0.7452587190345311
DTSR14,mobilenetv3,gaussian_noise_0.1,122,6,0.16957040131092072,0.8085952997207642,0.021834323182702065,0.8024160298613972
DTSR14,mobilenetv3,gaussian_noise_0.1,123,6,0.7776176929473877,0.19506031274795532,0.027322018519043922,0.8840304792429459
DTSR14,mobilenetv3,gaussian_noise_0.1,124,7,0.8282117247581482,0.03410186991095543,0.13768640160560608,0.7852847758534932
DTSR14,mobilenetv3,gaussian_noise_0.1,125,7,0.8539674878120422,0.10724951326847076,0.03878304734826088,0.721766199315857
DTSR14,mobilenetv3,gaussian_noise_0.1,126,7,0.8071331977844238,0.16173283755779266,0.031134065240621567,0.8304243336221913
DTSR14,mobilenetv3,gaussian_noise_0.1,127,7,0.8226251006126404,0.13444866240024567,0.04292622208595276,0.8159102570298364
DTSR14,mobilenetv3,gaussian_noise_0.1,128,7,0.7700103521347046,0.19490808248519897,0.035081662237644196,0.9197015204789118
DTSR14,mobilenetv3,gaussian_noise_0.1,129,7,0.871351957321167,0.09934091567993164,0.029307162389159203,0.6533145564922488
DTSR14,mobilenetv3,gaussian_noise_0.1,130,7,0.8390823006629944,0.12362022697925568,0.03729753941297531,0.7621937154022871
DTSR14,mobilenetv3,gaussian_noise_0.1,131,7,0.02232803963124752,0.8472544550895691,0.1304173767566681,0.7083450467615346
DTSR14,mobilenetv3,gaussian_noise_0.1,132,7,0.1397685557603836,0.8360381722450256,0.024193372577428818,0.7426857310263085
DTSR14,mobilenetv3,gaussian_noise_0.1,133,7,0.23518848419189453,0.74298095703125,0.021830569952726364,0.9299936626783691
DTSR14,mobilenetv3,gaussian_noise_0.1,134,7,0.7866162657737732,0.17577522993087769,0.03760850802063942,0.8912523249349054
DTSR14,mobilenetv3,gaussian_noise_0.1,135,7,0.318254679441452,0.658191978931427,0.023553334176540375,1.0502166434661895
DTSR14,mobilenetv3,gaussian_noise_0.1,136,8,0.9029980897903442,0.039301078766584396,0.05770084261894226,0.5538882034339099
DTSR14,mobilenetv3,gaussian_noise_0.1,137,8,0.747677206993103,0.20834599435329437,0.04397675395011902,0.9833441225636268
DTSR14,mobilenetv3,gaussian_noise_0.1,138,8,0.06013613939285278,0.8125512003898621,0.127312570810318,0.8657944170755634
DTSR14,mobilenetv3,gaussian_noise_0.1,139,8,0.954383134841919,0.04049278050661087,0.005124212708324194,0.29060165446943387
DTSR14,mobilenetv3,gaussian_noise_0.1,140,8,0.05653975158929825,0.16045381128787994,0.7830064296722412,0.9342213395210097
DTSR14,mobilenetv3,gaussian_noise_0.1,141,8,0.9447481036186218,0.03756076097488403,0.0176911149173975,0.35828108512976536
DTSR14,mobilenetv3,gaussian_noise_0.1,142,8,0.8995405435562134,0.04058772698044777,0.05987168103456497,0.5682227620004776
DTSR14,mobilenetv3,gaussian_noise_0.1,143,9,0.880574107170105,0.08524025976657867,0.03418561816215515,0.6308716542365312
DTSR14,mobilenetv3,gaussian_noise_0.1,144,9,0.20413319766521454,0.7631123065948486,0.03275446593761444,0.9271476237464261
DTSR14,mobilenetv3,gaussian_noise_0.1,145,9,0.8171241283416748,0.14208991825580597,0.04078593850135803,0.8263475913526542
DTSR14,mobilenetv3,gaussian_noise_0.1,146,9,0.027025585994124413,0.10037370771169662,0.8726006746292114,0.645243640377779
DTSR14,mobilenetv3,gaussian_noise_0.1,147,9,0.05091661214828491,0.6610315442085266,0.2880518138408661,1.1307232252775803
DTSR14,mobilenetv3,gaussian_noise_0.1,148,9,0.027190718799829483,0.1931716948747635,0.7796375751495361,0.8796106693545368
DTSR14,mobilenetv3,gaussian_noise_0.1,149,9,0.04895073175430298,0.7595522999763489,0.1914970725774765,0.9710786330781183
DTSR14,mobilenetv3,gaussian_noise_0.1,150,9,0.03677928447723389,0.16299301385879517,0.800227701663971,0.8591110949436421
DTSR14,mobilenetv3,gaussian_noise_0.1,151,9,0.12603604793548584,0.02123614400625229,0.8527278304100037,0.6906169464411892
DTSR14,mobilenetv3,gaussian_noise_0.1,152,9,0.04454949498176575,0.5766287446022034,0.3788217604160309,1.1884711708342057
DTSR14,mobilenetv3,gaussian_noise_0.1,153,9,0.040885381400585175,0.17163380980491638,0.787480890750885,0.8964010749406066
DTSR14,mobilenetv3,gaussian_noise_0.1,154,9,0.040481049567461014,0.814201295375824,0.14531764388084412,0.8331134072749358
DTSR14,mobilenetv3,gaussian_noise_0.1,155,9,0.05993347242474556,0.7563170194625854,0.18374940752983093,0.9972257809372204
DTSR14,mobilenetv3,gaussian_noise_0.1,156,9,0.908110499382019,0.02522280625998974,0.06666672974824905,0.5206527156230283
DTSR14,mobilenetv3,gaussian_noise_0.1,157,9,0.06808680295944214,0.7013990879058838,0.23051419854164124,1.1108531742588181
DTSR14,mobilenetv3,gaussian_noise_0.1,158,9,0.37369298934936523,0.037927981466054916,0.58837890625,1.1599317557161657
DTSR14,mobilenetv3,gaussian_noise_0.1,159,9,0.40949276089668274,0.045076023787260056,0.5454312562942505,1.2060172452553322
DTSR14,mobilenetv3,gaussian_noise_0.1,160,9,0.23874810338020325,0.7223204970359802,0.03893130645155907,1.014647767734205
DTSR14,mobilenetv3,gaussian_noise_0.1,161,9,0.036317843943834305,0.15087898075580597,0.8128032088279724,0.8284395280555
DTSR14,mobilenetv3,gaussian_noise_0.1,162,9,0.07058113813400269,0.7220743894577026,0.20734448730945587,1.0798102315483546
DTSR14,mobilenetv3,gaussian_noise_0.1,163,9,0.1278812140226364,0.03827860951423645,0.8338402509689331,0.7782261403868063
DTSR14,mobilenetv3,gaussian_noise_0.1,164,9,0.7981386780738831,0.16213931143283844,0.039721932262182236,0.8700542291973279
DTSR14,mobilenetv3,gaussian_noise_0.1,165,10,0.8173016309738159,0.15630464255809784,0.026393746957182884,0.7947994632070428
DTSR14,mobilenetv3,gaussian_noise_0.1,166,10,0.8871495723724365,0.08120568096637726,0.03164467215538025,0.6050554164936922
DTSR14,mobilenetv3,gaussian_noise_0.1,167,10,0.26283442974090576,0.6876770257949829,0.04948858544230461,1.0927865140613597
DTSR14,mobilenetv3,gaussian_noise_0.1,168,10,0.79410719871521,0.035062093287706375,0.17083068192005157,0.8691128022365296
DTSR14,mobilenetv3,gaussian_noise_0.1,169,10,0.018816033378243446,0.6292268633842468,0.3519571125507355,1.0586273195665297
DTSR14,mobilenetv3,gaussian_noise_0.1,170,10,0.7780053019523621,0.19473671913146973,0.0272580087184906,0.8830749999371239
DTSR14,mobilenetv3,gaussian_noise_0.1,171,10,0.7060763239860535,0.2554645538330078,0.03845915198326111,1.0382619764661567
DTSR14,mobilenetv3,gaussian_noise_0.1,172,10,0.7827016711235046,0.17155273258686066,0.0457456037402153,0.9165421834961616
DTSR14,mobilenetv3,gaussian_noise_0.1,173,11,0.7875438928604126,0.18178024888038635,0.030675923451781273,0.8726932659061283
DTSR14,mobilenetv3,gaussian_noise_0.1,174,11,0.19833819568157196,0.7703728079795837,0.031288936734199524,0.9092491866658114
DTSR14,mobilenetv3,gaussian_noise_0.1,175,11,0.02240072190761566,0.1782819628715515,0.7993173599243164,0.8245941309151178
DTSR14,mobilenetv3,gaussian_noise_0.1,176,11,0.20610645413398743,0.7714152336120605,0.022478275001049042,0.8815309555209233
DTSR14,mobilenetv3,gaussian_noise_0.1,177,11,0.8183757066726685,0.1605987548828125,0.021025532856583595,0.777528252907423
DTSR14,mobilenetv3,gaussian_noise_0.1,178,11,0.02210267074406147,0.7967955470085144,0.18110179901123047,0.8291202659770283
DTSR14,mobilenetv3,gaussian_noise_0.1,179,12,0.5739524364471436,0.009754247032105923,0.41629335284233093,1.0512212746419498
DTSR14,mobilenetv3,gaussian_noise_0.1,180,12,0.02910459041595459,0.8556711077690125,0.11522425711154938,0.7001352919177692
DTSR14,mobilenetv3,gaussian_noise_0.1,181,12,0.019303787499666214,0.6559388041496277,0.3247573971748352,1.0359261828522666
DTSR14,mobilenetv3,gaussian_noise_0.1,182,12,0.8311368823051453,0.1356971263885498,0.03316594660282135,0.7757811636201943
DTSR14,mobilenetv3,gaussian_noise_0.1,183,12,0.741549551486969,0.03976038843393326,0.21869002282619476,0.984475627092078
DTSR14,mobilenetv3,gaussian_noise_0.1,184,12,0.13502562046051025,0.844567060470581,0.020407341420650482,0.710464928434315
DTSR14,mobilenetv3,gaussian_noise_0.1,185,12,0.45799002051353455,0.04096287488937378,0.5010471343994141,1.2043318653357824
DTSR14,mobilenetv3,gaussian_noise_0.1,186,12,0.02651715651154518,0.1338188201189041,0.8396640419960022,0.7388561410151199
DTSR14,mobilenetv3,gaussian_noise_0.1,187,12,0.039542682468891144,0.7081193923950195,0.2523379623889923,1.038171526264787
DTSR14,mobilenetv3,gaussian_noise_0.1,188,12,0.023678159341216087,0.4238877296447754,0.5524340867996216,1.125699426672082
DTSR14,mobilenetv3,gaussian_noise_0.1,189,12,0.026386162266135216,0.5924773216247559,0.3811364471912384,1.1161882926962707
DTSR14,mobilenetv3,gaussian_noise_0.1,190,12,0.5489292740821838,0.261158287525177,0.18991245329380035,1.4360003033051547
DTSR14,mobilenetv3,gaussian_noise_0.1,191,12,0.034579385071992874,0.6650193929672241,0.3004011809825897,1.0804387124398798
DTSR14,mobilenetv3,gaussian_noise_0.1,192,12,0.810937762260437,0.15738767385482788,0.031674571335315704,0.8227808314473988
DTSR14,mobilenetv3,gaussian_noise_0.1,193,12,0.7432109117507935,0.21401917934417725,0.0427699089050293,0.9887153068886616
DTSR14,mobilenetv3,gaussian_noise_0.1,194,12,0.07282887399196625,0.5736909508705139,0.3534802198410034,1.2654732145848282
DTSR14,mobilenetv3,gaussian_noise_0.1,195,12,0.5017957091331482,0.024663861840963364,0.47354045510292053,1.141626542941858
DTSR14,mobilenetv3,gaussian_noise_0.1,196,13,0.042053237557411194,0.08734942227602005,0.8705973625183105,0.6735171919628321
DTSR14,mobilenetv3,gaussian_noise_0.1,197,13,0.01753051206469536,0.859150230884552,0.12331922352313995,0.6628079976520382
DTSR14,mobilenetv3,gaussian_noise_0.1,198,13,0.04291243478655815,0.3142162263393402,0.6428713798522949,1.129487606320399
DTSR14,mobilenetv3,gaussian_noise_0.1,199,13,0.045688919723033905,0.12937767803668976,0.8249334692955017,0.8141587564603012
DTSR14,mobilenetv3,shot_noise_15,0,0,0.0239262618124485,0.25478893518447876,0.7212847471237183,0.9714364715151371
DTSR14,mobilenetv3,shot_noise_15,1,0,0.028342146426439285,0.79814612865448,0.17351171374320984,0.8437673569059991
DTSR14,mobilenetv3,shot_noise_15,2,0,0.6659814715385437,0.30818426609039307,0.025834213942289352,1.0501650935479032
DTSR14,mobilenetv3,shot_noise_15,3,0,0.029972698539495468,0.5866120457649231,0.3834152817726135,1.1333496960242642
DTSR14,mobilenetv3,shot_noise_15,4,0,0.6658504009246826,0.29983749985694885,0.034312181174755096,1.0786496481106125
DTSR14,mobilenetv3,shot_noise_15,5,0,0.7466186285018921,0.23008723556995392,0.023294132202863693,0.9288135631725762
DTSR14,mobilenetv3,shot_noise_15,6,0,0.017311591655015945,0.7968549728393555,0.18583336472511292,0.8135560901966821
DTSR14,mobilenetv3,shot_noise_15,7,1,0.023238513618707657,0.9245911240577698,0.05217035487294197,0.45298452652477317
DTSR14,mobilenetv3,shot_noise_15,8,1,0.027668312191963196,0.027660751715302467,0.9446708559989929,0.3639460325319291
DTSR14,mobilenetv3,shot_noise_15,9,1,0.031575947999954224,0.0757899284362793,0.8926340937614441,0.5857520699170141
DTSR14,mobilenetv3,shot_noise_15,10,1,0.02265358343720436,0.9609286189079285,0.016417816281318665,0.27636868583294444
DTSR14,mobilenetv3,shot_noise_15,11,1,0.02095121517777443,0.9653326869010925,0.013716176152229309,0.2508539243280822
DTSR14,mobilenetv3,shot_noise_15,12,1,0.023858971893787384,0.9521929025650024,0.023948131129145622,0.32481460943755214
DTSR14,mobilenetv3,shot_noise_15,13,1,0.007148390635848045,0.9707621932029724,0.022089410573244095,0.2140162339242088
DTSR14,mobilenetv3,shot_noise_15,14,2,0.06614455580711365,0.18860144913196564,0.7452540397644043,1.0291893463685824
DTSR14,mobilenetv3,shot_noise_15,15,2,0.04083474352955818,0.21751287579536438,0.7416523098945618,0.986911576942892
DTSR14,mobilenetv3,shot_noise_15,16,2,0.2885116934776306,0.05921857804059982,0.6522696018218994,1.16096731022554
DTSR14,mobilenetv3,shot_noise_15,17,2,0.6768999099731445,0.054827991873025894,0.26827213168144226,1.11999870577765
DTSR14,mobilenetv3,shot_noise_15,18,2,0.669826865196228,0.01524440199136734,0.31492874026298523,1.0042179246454288
DTSR14,mobilenetv3,shot_noise_15,19,2,0.4311957061290741,0.048059068620204926,0.5207450985908508,1.223949463444457
DTSR14,mobilenetv3,shot_noise_15,20,2,0.7886788249015808,0.01962050423026085,0.1917007863521576,0.8382291466018594
DTSR14,mobilenetv3,shot_noise_15,21,2,0.6788150072097778,0.026108182966709137,0.29507681727409363,1.0362907604093077
DTSR14,mobilenetv3,shot_noise_15,22,2,0.8907726407051086,0.03311843052506447,0.07610879093408585,0.5942659404819262
DTSR14,mobilenetv3,shot_noise_15,23,2,0.03413746878504753,0.7860661745071411,0.17979641258716583,0.8844153105607264
DTSR14,mobilenetv3,shot_noise_15,24,2,0.5188469290733337,0.11266829073429108,0.3684847056865692,1.3767753728731988
DTSR14,mobilenetv3,shot_noise_15,25,2,0.02057182416319847,0.5933552980422974,0.38607290387153625,1.0921824658339165
DTSR14,mobilenetv3,shot_noise_15,26,2,0.06372584402561188,0.6269773244857788,0.3092968761920929,1.1990159261128661
DTSR14,mobilenetv3,shot_noise_15,27,2,0.632026731967926,0.029536860063672066,0.33843645453453064,1.0974429726202313
DTSR14,mobilenetv3,shot_noise_15,28,2,0.01986612379550934,0.7188037037849426,0.261330246925354,0.9606514904935126
DTSR14,mobilenetv3,shot_noise_15,29,2,0.04063572362065315,0.5596272349357605,0.3997369706630707,1.185251410381168
DTSR14,mobilenetv3,shot_noise_15,30,2,0.8098499178886414,0.01056324690580368,0.179586723446846,0.7606421883397874
DTSR14,mobilenetv3,shot_noise_15,31,2,0.6810269951820374,0.033200640231370926,0.28577229380607605,1.0569473326135612
DTSR14,mobilenetv3,shot_noise_15,32,2,0.07677190005779266,0.5737012028694153,0.34952691197395325,1.2742690872480953
DTSR14,mobilenetv3,shot_noise_15,33,2,0.7396771907806396,0.22289146482944489,0.03743145614862442,0.9818846398991362
DTSR14,mobilenetv3,shot_noise_15,34,2,0.1903907209634781,0.7778775691986084,0.03173176571726799,0.8954479597875302
DTSR14,mobilenetv3,shot_noise_15,35,2,0.9508525133132935,0.03197435289621353,0.017173219472169876,0.3286465236577514
DTSR14,mobilenetv3,shot_noise_15,36,2,0.009394267573952675,0.9238324165344238,0.06677339971065521,0.4295745817507961
DTSR14,mobilenetv3,shot_noise_15,37,2,0.9590816497802734,0.006859382148832083,0.034058913588523865,0.27317653853641294
DTSR14,mobilenetv3,shot_noise_15,38,2,0.06004393845796585,0.6705736517906189,0.2693825960159302,1.1400009694289563
DTSR14,mobilenetv3,shot_noise_15,39,3,0.058663126081228256,0.8087431788444519,0.13259369134902954,0.8741886424017777
DTSR14,mobilenetv3,shot_noise_15,40,3,0.014247996732592583,0.94869464635849,0.03705744445323944,0.33564486229418167
DTSR14,mobilenetv3,shot_noise_15,41,3,0.017432495951652527,0.7533166408538818,0.22925083339214325,0.8968594342104622
DTSR14,mobilenetv3,shot_noise_15,42,4,0.03304160758852959,0.36863192915916443,0.5983265042304993,1.1366443477834163
DTSR14,mobilenetv3,shot_noise_15,43,4,0.027908628806471825,0.5325013399124146,0.4395900070667267,1.1494685467343555
DTSR14,mobilenetv3,shot_noise_15,44,4,0.06648217886686325,0.676425576210022,0.2570922374725342,1.1453150636260419
DTSR14,mobilenetv3,shot_noise_15,45,4,0.044137146323919296,0.5411643385887146,0.4146984815597534,1.2047071515460948
DTSR14,mobilenetv3,shot_noise_15,46,4,0.04082206264138222,0.13530468940734863,0.8238732218742371,0.8091019203700338
DTSR14,mobilenetv3,shot_noise_15,47,4,0.03892257809638977,0.5278822779655457,0.4331950545310974,1.1916674726668384
DTSR14,mobilenetv3,shot_noise_15,48,4,0.058515314012765884,0.29919564723968506,0.6422889828681946,1.17070760881838
DTSR14,mobilenetv3,shot_noise_15,49,4,0.68817538022995,0.26174551248550415,0.05007905885577202,1.0935087956822422
DTSR14,mobilenetv3,shot_noise_15,50,4,0.5294762849807739,0.4271136224269867,0.04341001436114311,1.2063877342933251
DTSR14,mobilenetv3,shot_noise_15,51,4,0.48606419563293457,0.023209763690829277,0.49072593450546265,1.1358758760678218
DTSR14,mobilenetv3,shot_noise_15,52,5,0.7116650342941284,0.2657938003540039,0.02254127897322178,0.9806619671453689
DTSR14,mobilenetv3,shot_noise_15,53,5,0.804729700088501,0.021635903045535088,0.17363443970680237,0.8104561872779925
DTSR14,mobilenetv3,shot_noise_15,54,5,0.02438320778310299,0.11460018157958984,0.861016571521759,0.6746888834185081
DTSR14,mobilenetv3,shot_noise_15,55,5,0.08313039690256119,0.835594654083252,0.08127491921186447,0.8091352989256458
DTSR14,mobilenetv3,shot_noise_15,56,5,0.030020995065569878,0.7341320514678955,0.23584699630737305,0.9707070546753602
DTSR14,mobilenetv3,shot_noise_15,57,5,0.03619424253702164,0.7404899001121521,0.22331584990024567,0.9772623953752199
DTSR14,mobilenetv3,shot_noise_15,58,5,0.022746827453374863,0.9550815224647522,0.02217152528464794,0.3093181291604452
DTSR14,mobilenetv3,shot_noise_15,59,5,0.023462403565645218,0.6025981903076172,0.3739393949508667,1.098017706953283
DTSR14,mobilenetv3,shot_noise_15,60,5,0.028522178530693054,0.3486524522304535,0.6228253245353699,1.101821589433409
DTSR14,mobilenetv3,shot_noise_15,61,5,0.0293488260358572,0.8179012537002563,0.1527499407529831,0.8006621641805962
DTSR14,mobilenetv3,shot_noise_15,62,5,0.04005444422364235,0.9248837232589722,0.035061802715063095,0.4596094494326296
DTSR14,mobilenetv3,shot_noise_15,63,5,0.02091411128640175,0.8608874678611755,0.1181984394788742,0.6668644662897674
DTSR14,mobilenetv3,shot_noise_15,64,5,0.8364728689193726,0.010058383457362652,0.1534687578678131,0.69720214432519
DTSR14,mobilenetv3,shot_noise_15,65,5,0.03630547598004341,0.9417285919189453,0.021965840831398964,0.3762436747023097
DTSR14,mobilenetv3,shot_noise_15,66,5,0.09135875105857849,0.8970705270767212,0.011570736765861511,0.5304148808310313
DTSR14,mobilenetv3,shot_noise_15,67,5,0.047492485493421555,0.007185809314250946,0.945321798324585,0.3366389734030504
DTSR14,mobilenetv3,shot_noise_15,68,5,0.03543417528271675,0.8783164620399475,0.08624937385320663,0.6400778865188904
DTSR14,mobilenetv3,shot_noise_15,69,5,0.07675763964653015,0.8442211151123047,0.07902124524116516,0.7798701432199524
DTSR14,mobilenetv3,shot_noise_15,70,5,0.9346611499786377,0.04117833450436592,0.024160614237189293,0.41038819019227524
DTSR14,mobilenetv3,shot_noise_15,71,5,0.012981015257537365,0.8440653681755066,0.14295364916324615,0.6889761871929555
DTSR14,mobilenetv3,shot_noise_15,72,5,0.015376528725028038,0.9311540126800537,0.05346961319446564,0.41435483591859135
DTSR14,mobilenetv3,shot_noise_15,73,5,0.019161013886332512,0.3034428358078003,0.6773961186408997,1.0120491548243646
DTSR14,mobilenetv3,shot_noise_15,74,5,0.09373674541711807,0.2379353791475296,0.6683278679847717,1.2015301904147413
DTSR14,mobilenetv3,shot_noise_15,75,5,0.10126710683107376,0.8728062510490417,0.025926606729626656,0.6424834577811219
DTSR14,mobilenetv3,shot_noise_15,76,5,0.03575526922941208,0.8099110126495361,0.1543336808681488,0.8342397550446837
DTSR14,mobilenetv3,shot_noise_15,77,5,0.051007624715566635,0.9399504065513611,0.009041928686201572,0.364348458649676
DTSR14,mobilenetv3,shot_noise_15,78,5,0.018851356580853462,0.030834821984171867,0.9503138065338135,0.3326430073002191
DTSR14,mobilenetv3,shot_noise_15,79,5,0.03184026852250099,0.6965138912200928,0.2716459035873413,1.0325148552857948
DTSR14,mobilenetv3,shot_noise_15,80,5,0.018029196187853813,0.8784583210945129,0.10351253300905228,0.607389795684405
DTSR14,mobilenetv3,shot_noise_15,81,5,0.9485762119293213,0.008905150927603245,0.04251859337091446,0.3266065672114229
DTSR14,mobilenetv3,shot_noise_15,82,5,0.08824381232261658,0.89369136095047,0.018064871430397034,0.5585827473076934
DTSR14,mobilenetv3,shot_noise_15,83,5,0.9537356495857239,0.02886270545423031,0.017401525750756264,0.31450519393711956
DTSR14,mobilenetv3,shot_noise_15,84,5,0.9614565372467041,0.016983894631266594,0.021559547632932663,0.27372428939632826
DTSR14,mobilenetv3,shot_noise_15,85,5,0.03566821664571762,0.5942100882530212,0.37012171745300293,1.148489245369519
DTSR14,mobilenetv3,shot_noise_15,86,5,0.9436858296394348,0.035085756331682205,0.021228384226560593,0.36646520544435324
DTSR14,mobilenetv3,shot_noise_15,87,5,0.031553227454423904,0.9476562738418579,0.020790504291653633,0.3470066985874457
DTSR14,mobilenetv3,shot_noise_15,88,5,0.9544188976287842,0.0321110263466835,0.013470228761434555,0.30723888036706304
DTSR14,mobilenetv3,shot_noise_15,89,5,0.028333693742752075,0.7935993075370789,0.1780669242143631,0.853651286030393
DTSR14,mobilenetv3,shot_noise_15,90,5,0.02342270314693451,0.9655516147613525,0.011025669053196907,0.2473884517558465
DTSR14,mobilenetv3,shot_noise_15,91,5,0.8988833427429199,0.07443243265151978,0.02668415755033493,0.5567115252567181
DTSR14,mobilenetv3,shot_noise_15,92,5,0.06070643290877342,0.14656060934066772,0.7927330136299133,0.9170511650219481
DTSR14,mobilenetv3,shot_noise_15,93,5,0.03639066964387894,0.003465657588094473,0.9601436257362366,0.25862061170774764
DTSR14,mobilenetv3,shot_noise_15,94,5,0.020247597247362137,0.9740455150604248,0.0057068513706326485,0.19340296735864368
DTSR14,mobilenetv3,shot_noise_15,95,5,0.963930070400238,0.024821382015943527,0.011248561553657055,0.25626679875869707
DTSR14,mobilenetv3,shot_noise_15,96,5,0.09183850139379501,0.8910409808158875,0.01712058298289776,0.5651286681247172
DTSR14,mobilenetv3,shot_noise_15,97,5,0.02048625238239765,0.9650224447250366,0.014491292648017406,0.25300295441294024
DTSR14,mobilenetv3,shot_noise_15,98,5,0.9752111434936523,0.022629257291555405,0.002159552415832877,0.17812266611346217
DTSR14,mobilenetv3,shot_noise_15,99,5,0.9494227170944214,0.037622421979904175,0.0129548329859972,0.3303611463928223
DTSR14,mobilenetv3,shot_noise_15,100,5,0.09243934601545334,0.8955828547477722,0.011977783404290676,0.5365098306419136
DTSR14,mobilenetv3,shot_noise_15,101,5,0.03689970448613167,0.1889687478542328,0.7741314768791199,0.9158161080356646
DTSR14,mobilenetv3,shot_noise_15,102,5,0.8763631582260132,0.014754670672118664,0.10888207703828812,0.60493818354545
DTSR14,mobilenetv3,shot_noise_15,103,5,0.9387211799621582,0.050052210688591,0.011226506903767586,0.37460090662099954
DTSR14,mobilenetv3,shot_noise_15,104,5,0.23889870941638947,0.7102165222167969,0.05088484287261963,1.062697095426131
DTSR14,mobilenetv3,shot_noise_15,105,5,0.028072373941540718,0.6859024167060852,0.28602519631385803,1.034284362247936
DTSR14,mobilenetv3,shot_noise_15,106,5,0.02150416187942028,0.7095046639442444,0.2689911425113678,0.9799723610942304
DTSR14,mobilenetv3,shot_noise_15,107,5,0.023729978129267693,0.6679804921150208,0.308289498090744,1.0402856612211826
DTSR14,mobilenetv3,shot_noise_15,108,5,0.02702464908361435,0.6877749562263489,0.28520044684410095,1.028378815925318
DTSR14,mobilenetv3,shot_noise_15,109,5,0.9087998867034912,0.07088769972324371,0.020312272012233734,0.5102403576398803
DTSR14,mobilenetv3,shot_noise_15,110,5,0.9557164311408997,0.0196010023355484,0.024682506918907166,0.3054604156993818
DTSR14,mobilenetv3,shot_noise_15,111,5,0.05160422995686531,0.9282310605049133,0.020164672285318375,0.4339795150549235
DTSR14,mobilenetv3,shot_noise_15,112,5,0.02738354727625847,0.9486588835716248,0.023957736790180206,0.34324376507378784
DTSR14,mobilenetv3,shot_noise_15,113,5,0.02487204037606716,0.8147130608558655,0.16041478514671326,0.7969242677022812
DTSR14,mobilenetv3,shot_noise_15,114,5,0.01615339331328869,0.17449067533016205,0.8093559145927429,0.7826266473538521
DTSR14,mobilenetv3,shot_noise_15,115,5,0.03052634187042713,0.8610953688621521,0.10837823152542114,0.6868938767156831
DTSR14,mobilenetv3,shot_noise_15,116,5,0.9025490880012512,0.08086394518613815,0.016586847603321075,0.5250024284201461
DTSR14,mobilenetv3,shot_noise_15,117,5,0.013572215102612972,0.018197480589151382,0.9682304859161377,0.23447278740286157
DTSR14,mobilenetv3,shot_noise_15,118,6,0.03590995818376541,0.13533690571784973,0.8287531733512878,0.7874264761861463
DTSR14,mobilenetv3,shot_noise_15,119,6,0.14523914456367493,0.8186114430427551,0.03614944964647293,0.8137979223270578
DTSR14,mobilenetv3,shot_noise_15,120,6,0.021800093352794647,0.9087182283401489,0.0694817304611206,0.513127330685855
DTSR14,mobilenetv3,shot_noise_15,121,6,0.0205839816480875,0.08014794439077377,0.8992681503295898,0.5448993057165981
DTSR14,mobilenetv3,shot_noise_15,122,6,0.07284855842590332,0.915169358253479,0.011982019990682602,0.4688128836720485
DTSR14,mobilenetv3,shot_noise_15,123,6,0.08308614790439606,0.9008134603500366,0.016100434586405754,0.5298755439471553
DTSR14,mobilenetv3,shot_noise_15,124,7,0.8774170279502869,0.02737724781036377,0.09520570188760757,0.6306648690439935
DTSR14,mobilenetv3,shot_noise_15,125,7,0.1318792849779129,0.8383395075798035,0.02978118136525154,0.7496873691900365
DTSR14,mobilenetv3,shot_noise_15,126,7,0.08556094765663147,0.8759583830833435,0.038480646908283234,0.6516904726787058
DTSR14,mobilenetv3,shot_noise_15,127,7,0.7402769327163696,0.22002260386943817,0.03970038518309593,0.986562429620283
DTSR14,mobilenetv3,shot_noise_15,128,7,0.889309287071228,0.08441993594169617,0.026270801201462746,0.589505854265571
DTSR14,mobilenetv3,shot_noise_15,129,7,0.8195679783821106,0.15466004610061646,0.02577192708849907,0.7877673227654741
DTSR14,mobilenetv3,shot_noise_15,130,7,0.0954374372959137,0.8782969117164612,0.02626574970781803,0.6258133345713958
DTSR14,mobilenetv3,shot_noise_15,131,7,0.02290569245815277,0.6927715539932251,0.2843228280544281,1.0075245662870878
DTSR14,mobilenetv3,shot_noise_15,132,7,0.8520528078079224,0.12870123982429504,0.019245963543653488,0.6871858358649929
DTSR14,mobilenetv3,shot_noise_15,133,7,0.10834179818630219,0.8785617351531982,0.01309647224843502,0.5933963141829242
DTSR14,mobilenetv3,shot_noise_15,134,7,0.10948550701141357,0.8665456771850586,0.023968903347849846,0.6574798107192281
DTSR14,mobilenetv3,shot_noise_15,135,7,0.08436216413974762,0.902923047542572,0.01271465327590704,0.5140336455000363
DTSR14,mobilenetv3,shot_noise_15,136,8,0.3309628367424011,0.6561431884765625,0.012894094921648502,1.007790432016567
DTSR14,mobilenetv3,shot_noise_15,137,8,0.21461600065231323,0.7549915313720703,0.030392536893486977,0.9357913809363819
DTSR14,mobilenetv3,shot_noise_15,138,8,0.04102049022912979,0.272067666053772,0.686911940574646,1.0721062154888714
DTSR14,mobilenetv3,shot_noise_15,139,8,0.018763838335871696,0.11508845537900925,0.8661476969718933,0.6461751389957943
DTSR14,mobilenetv3,shot_noise_15,140,8,0.020979145541787148,0.8177921772003174,0.16122859716415405,0.7787607826538718
DTSR14,mobilenetv3,shot_noise_15,141,8,0.21301370859146118,0.7632145285606384,0.02377176657319069,0.9010001922792528
DTSR14,mobilenetv3,shot_noise_15,142,8,0.2432725429534912,0.7330726981163025,0.02365468256175518,0.9522910685321173
DTSR14,mobilenetv3,shot_noise_15,143,9,0.7184309363365173,0.24876274168491364,0.03280649706721306,1.0037860794328404
DTSR14,mobilenetv3,shot_noise_15,144,9,0.281375914812088,0.6953475475311279,0.023276491090655327,1.0055287772181922
DTSR14,mobilenetv3,shot_noise_15,145,9,0.4760648012161255,0.482029527425766,0.04190560057759285,1.2090297188308723
DTSR14,mobilenetv3,shot_noise_15,146,9,0.03404543921351433,0.16885453462600708,0.7971001863479614,0.8601095769685849
DTSR14,mobilenetv3,shot_noise_15,147,9,0.30407392978668213,0.021409831941127777,0.6745162606239319,1.0241545300005166
DTSR14,mobilenetv3,shot_noise_15,148,9,0.025218410417437553,0.669760525226593,0.30502089858055115,1.0437118853153977
DTSR14,mobilenetv3,shot_noise_15,149,9,0.040350764989852905,0.5614655017852783,0.3981837332248688,1.1834090832199349
DTSR14,mobilenetv3,shot_noise_15,150,9,0.028680505231022835,0.6832171678543091,0.2881023585796356,1.0396815069648857
DTSR14,mobilenetv3,shot_noise_15,151,9,0.0239693783223629,0.13956493139266968,0.8364656567573547,0.7410136561127176
DTSR14,mobilenetv3,shot_noise_15,152,9,0.037158939987421036,0.11470566689968109,0.8481354117393494,0.7363953186775508
DTSR14,mobilenetv3,shot_noise_15,153,9,0.038449253886938095,0.2641489505767822,0.6974018812179565,1.0506700258389694
DTSR14,mobilenetv3,shot_noise_15,154,9,0.018388258293271065,0.7038738131523132,0.27773794531822205,0.9759163693595077
DTSR14,mobilenetv3,shot_noise_15,155,9,0.03257777914404869,0.2923508584499359,0.6750713586807251,1.0623199566372505
DTSR14,mobilenetv3,shot_noise_15,156,9,0.509361207485199,0.46374112367630005,0.02689759060740471,1.1501455231436777
DTSR14,mobilenetv3,shot_noise_15,157,9,0.049211177974939346,0.23525455594062805,0.7155342698097229,1.0504950656605296
DTSR14,mobilenetv3,shot_noise_15,158,9,0.030879853293299675,0.4827960431575775,0.48632416129112244,1.1678961421514884
DTSR14,mobilenetv3,shot_noise_15,159,9,0.735816240310669,0.23802891373634338,0.026154864579439163,0.9560579392680273
DTSR14,mobilenetv3,shot_noise_15,160,9,0.7733109593391418,0.18864978849887848,0.03803923353552818,0.920144590507038
DTSR14,mobilenetv3,shot_noise_15,161,9,0.030201425775885582,0.2674282491207123,0.7023703455924988,1.0193458241816664
DTSR14,mobilenetv3,shot_noise_15,162,9,0.05760452523827553,0.719606876373291,0.22278863191604614,1.0614242410877441
DTSR14,mobilenetv3,shot_noise_15,163,9,0.12015458196401596,0.36021003127098083,0.5196353793144226,1.3886970619322814
DTSR14,mobilenetv3,shot_noise_15,164,9,0.36663562059402466,0.5965361595153809,0.036828309297561646,1.1507590205884493
DTSR14,mobilenetv3,shot_noise_15,165,10,0.5853372812271118,0.39442598819732666,0.02023661509156227,1.0955238927584499
DTSR14,mobilenetv3,shot_noise_15,166,10,0.17834588885307312,0.7947293519973755,0.026924781501293182,0.8474260130245992
DTSR14,mobilenetv3,shot_noise_15,167,10,0.13439203798770905,0.8392202854156494,0.026387758553028107,0.7397274498486681
DTSR14,mobilenetv3,shot_noise_15,168,10,0.16760851442813873,0.7968204617500305,0.03557097166776657,0.8642045616352798
DTSR14,mobilenetv3,shot_noise_15,169,10,0.03468087315559387,0.8462579250335693,0.11906107515096664,0.737541586264532
DTSR14,mobilenetv3,shot_noise_15,170,10,0.8692718148231506,0.11757291853427887,0.013155313208699226,0.6210040022681965
DTSR14,mobilenetv3,shot_noise_15,171,10,0.6832535862922668,0.28043103218078613,0.036315422505140305,1.0635488515001998
DTSR14,mobilenetv3,shot_noise_15,172,10,0.24217501282691956,0.7217503786087036,0.03607465699315071,1.0078934152994863
DTSR14,mobilenetv3,shot_noise_15,173,11,0.24991120398044586,0.7267297506332397,0.023359088227152824,0.9612194677984184
DTSR14,mobilenetv3,shot_noise_15,174,11,0.8316142559051514,0.024847326800227165,0.14353837072849274,0.7556539557496544
DTSR14,mobilenetv3,shot_noise_15,175,11,0.02017800323665142,0.22401443123817444,0.7558075189590454,0.902399913404061
DTSR14,mobilenetv3,shot_noise_15,176,11,0.8851391673088074,0.09471430629491806,0.020146584138274193,0.5913523534501136
DTSR14,mobilenetv3,shot_noise_15,177,11,0.8061341047286987,0.17714564502239227,0.016720274463295937,0.7916523919143463
DTSR14,mobilenetv3,shot_noise_15,178,11,0.883811891078949,0.015864161774516106,0.10032415390014648,0.5851240351844644
DTSR14,mobilenetv3,shot_noise_15,179,12,0.16913075745105743,0.8185295462608337,0.012339561246335506,0.7483232290765454
DTSR14,mobilenetv3,shot_noise_15,180,12,0.02691136859357357,0.24123986065387726,0.7318487167358398,0.9648658271314083
DTSR14,mobilenetv3,shot_noise_15,181,12,0.01666525937616825,0.13902811706066132,0.8443065881729126,0.7003393956709738
DTSR14,mobilenetv3,shot_noise_15,182,12,0.8752272129058838,0.09592918306589127,0.02884356677532196,0.6402542855325661
DTSR14,mobilenetv3,shot_noise_15,183,12,0.13023485243320465,0.8459320664405823,0.023833079263567924,0.7156742087821485
DTSR14,mobilenetv3,shot_noise_15,184,12,0.027884960174560547,0.6236410737037659,0.34847402572631836,1.0988262381841334
DTSR14,mobilenetv3,shot_noise_15,185,12,0.6576326489448547,0.32820624113082886,0.014161123894155025,1.0121457992766327
DTSR14,mobilenetv3,shot_noise_15,186,12,0.028499402105808258,0.1621258556842804,0.8093745708465576,0.8187922061050196
DTSR14,mobilenetv3,shot_noise_15,187,12,0.02802734635770321,0.6713228821754456,0.3006497025489807,1.051775248850844
DTSR14,mobilenetv3,shot_noise_15,188,12,0.0305477324873209,0.291418194770813,0.6780341267585754,1.0522116092087073
DTSR14,mobilenetv3,shot_noise_15,189,12,0.029594875872135162,0.26308926939964294,0.7073160409927368,1.0104627677470948
DTSR14,mobilenetv3,shot_noise_15,190,12,0.06197701394557953,0.4167819619178772,0.5212410688400269,1.2648577974537631
DTSR14,mobilenetv3,shot_noise_15,191,12,0.01797163300216198,0.6635504961013794,0.3184777796268463,1.0225617657358896
DTSR14,mobilenetv3,shot_noise_15,192,12,0.519783616065979,0.03997084125876427,0.4402456283569336,1.1974287214451054
DTSR14,mobilenetv3,shot_noise_15,193,12,0.5337981581687927,0.4217306077480316,0.04447123780846596,1.2084555675441027
DTSR14,mobilenetv3,shot_noise_15,194,12,0.05797826126217842,0.5951719880104065,0.3468497097492218,1.2136068246026108
DTSR14,mobilenetv3,shot_noise_15,195,12,0.028410006314516068,0.8848012089729309,0.08678881078958511,0.6082362245239081
DTSR14,mobilenetv3,shot_noise_15,196,13,0.039826106280088425,0.4780820608139038,0.48209184408187866,1.2016561369985297
DTSR14,mobilenetv3,shot_noise_15,197,13,0.016159648075699806,0.750313401222229,0.2335270494222641,0.8971483022796662
DTSR14,mobilenetv3,shot_noise_15,198,13,0.04257136955857277,0.200890451669693,0.7565380930900574,0.9635527002238394
DTSR14,mobilenetv3,shot_noise_15,199,13,0.037200864404439926,0.619418203830719,0.34338101744651794,1.1342099027481911
DTSR14,mobilenetv3,impulse_noise_0.05,0,0,0.03068087436258793,0.12585607171058655,0.843463122844696,0.7377040765430103
DTSR14,mobilenetv3,impulse_noise_0.05,1,0,0.031109537929296494,0.11953815817832947,0.8493523597717285,0.7221470562294809
DTSR14,mobilenetv3,impulse_noise_0.05,2,0,0.07199492305517197,0.8666595220565796,0.06134546175599098,0.6992547918420154
DTSR14,mobilenetv3,impulse_noise_0.05,3,0,0.0864730179309845,0.6407155990600586,0.27281132340431213,1.2281394878033498
DTSR14,mobilenetv3,impulse_noise_0.05,4,0,0.06953931599855423,0.8659490346908569,0.06451166421175003,0.7023591788467465
DTSR14,mobilenetv3,impulse_noise_0.05,5,0,0.3214222192764282,0.6491867899894714,0.02939094416797161,1.0805053937914286
DTSR14,mobilenetv3,impulse_noise_0.05,6,0,0.06776779890060425,0.11348374933004379,0.8187483549118042,0.85565080887515
DTSR14,mobilenetv3,impulse_noise_0.05,7,1,0.057665951550006866,0.06519120186567307,0.8771429061889648,0.660042700424065
DTSR14,mobilenetv3,impulse_noise_0.05,8,1,0.039838384836912155,0.8547677397727966,0.10539375245571136,0.7208747599286756
DTSR14,mobilenetv3,impulse_noise_0.05,9,1,0.07375244796276093,0.8418474197387695,0.08440013229846954,0.7875066489323347
DTSR14,mobilenetv3,impulse_noise_0.05,10,1,0.05817282572388649,0.9028120040893555,0.03901513293385506,0.554463699814691
DTSR14,mobilenetv3,impulse_noise_0.05,11,1,0.06795153021812439,0.8800222873687744,0.052026212215423584,0.647745277117948
DTSR14,mobilenetv3,impulse_noise_0.05,12,1,0.051196638494729996,0.1151856854557991,0.833617627620697,0.7975263028409837
DTSR14,mobilenetv3,impulse_noise_0.05,13,1,0.06152300164103508,0.08556423336267471,0.8529127240180969,0.7467428061243887
DTSR14,mobilenetv3,impulse_noise_0.05,14,2,0.40236130356788635,0.09543444216251373,0.5022043585777283,1.3509535463676463
DTSR14,mobilenetv3,impulse_noise_0.05,15,2,0.496050089597702,0.04324514418840408,0.4607047736644745,1.2127908908149503
DTSR14,mobilenetv3,impulse_noise_0.05,16,2,0.13618627190589905,0.6136322617530823,0.25018155574798584,1.3241569640929196
DTSR14,mobilenetv3,impulse_noise_0.05,17,2,0.06890496611595154,0.4990578293800354,0.4320371150970459,1.2894359718116826
DTSR14,mobilenetv3,impulse_noise_0.05,18,2,0.7451211214065552,0.0719512552022934,0.18292759358882904,1.0377486165147645
DTSR14,mobilenetv3,impulse_noise_0.05,19,2,0.2315015345811844,0.10177914053201675,0.666719377040863,1.2141213848931462
DTSR14,mobilenetv3,impulse_noise_0.05,20,2,0.19065625965595245,0.44342535734176636,0.3659183979034424,1.506823631235982
DTSR14,mobilenetv3,impulse_noise_0.05,21,2,0.03557173162698746,0.6137203574180603,0.3507079482078552,1.1336335472168897
DTSR14,mobilenetv3,impulse_noise_0.05,22,2,0.21376356482505798,0.7153782248497009,0.07085829973220825,1.0921074906301689
DTSR14,mobilenetv3,impulse_noise_0.05,23,2,0.11337608098983765,0.7476417422294617,0.13898220658302307,1.065475414495351
DTSR14,mobilenetv3,impulse_noise_0.05,24,2,0.5664094090461731,0.14141280949115753,0.29217782616615295,1.382211187902509
DTSR14,mobilenetv3,impulse_noise_0.05,25,2,0.03113986738026142,0.304616779088974,0.6642434000968933,1.070302385597106
DTSR14,mobilenetv3,impulse_noise_0.05,26,2,0.004528677091002464,0.15464109182357788,0.8408302068710327,0.6620156085343367
DTSR14,mobilenetv3,impulse_noise_0.05,27,2,0.9431670904159546,0.02405400574207306,0.03277881070971489,0.37060475158429695
DTSR14,mobilenetv3,impulse_noise_0.05,28,2,0.0750870555639267,0.8905311822891235,0.03438173979520798,0.596595417458841
DTSR14,mobilenetv3,impulse_noise_0.05,29,2,0.25903451442718506,0.0489133819937706,0.6920521259307861,1.0852653547436355
DTSR14,mobilenetv3,impulse_noise_0.05,30,2,0.19733379781246185,0.7861621975898743,0.016503924503922462,0.832613881471437
DTSR14,mobilenetv3,impulse_noise_0.05,31,2,0.06163202226161957,0.8978660702705383,0.040501922369003296,0.5746814284777357
DTSR14,mobilenetv3,impulse_noise_0.05,32,2,0.09123406559228897,0.11697891354560852,0.7917871475219727,0.9439637751297336
DTSR14,mobilenetv3,impulse_noise_0.05,33,2,0.08115831017494202,0.872007429599762,0.046834204345941544,0.673177552685406
DTSR14,mobilenetv3,impulse_noise_0.05,34,2,0.04689690098166466,0.44139501452445984,0.51170814037323,1.2224239428124948
DTSR14,mobilenetv3,impulse_noise_0.05,35,2,0.8806684017181396,0.05869739502668381,0.06063418462872505,0.6467453667126261
DTSR14,mobilenetv3,impulse_noise_0.05,36,2,0.026419255882501602,0.8463498950004578,0.12723076343536377,0.7206364537912101
DTSR14,mobilenetv3,impulse_noise_0.05,37,2,0.0821111723780632,0.8627495765686035,0.05513928830623627,0.7103944849777821
DTSR14,mobilenetv3,impulse_noise_0.05,38,2,0.010257874615490437,0.2694142758846283,0.7203277349472046,0.9184470784892929
DTSR14,mobilenetv3,impulse_noise_0.05,39,3,0.0899793729186058,0.13117945194244385,0.7788411974906921,0.9778676659218652
DTSR14,mobilenetv3,impulse_noise_0.05,40,3,0.060373302549123764,0.10820523649454117,0.831421434879303,0.8130956004806151
DTSR14,mobilenetv3,impulse_noise_0.05,41,3,0.09550769627094269,0.06255264580249786,0.8419397473335266,0.7827163718054672
DTSR14,mobilenetv3,impulse_noise_0.05,42,4,0.04723728075623512,0.08528972417116165,0.8674730062484741,0.6888615319059315
DTSR14,mobilenetv3,impulse_noise_0.05,43,4,0.05930217355489731,0.875224769115448,0.0654730498790741,0.6674880738257273
DTSR14,mobilenetv3,impulse_noise_0.05,44,4,0.07797063142061234,0.8847923278808594,0.037237055599689484,0.6200175405878972
DTSR14,mobilenetv3,impulse_noise_0.05,45,4,0.06473369151353836,0.8645820617675781,0.07068414986133575,0.707340805803115
DTSR14,mobilenetv3,impulse_noise_0.05,46,4,0.04562140628695488,0.7878751754760742,0.16650334000587463,0.9048430800290662
DTSR14,mobilenetv3,impulse_noise_0.05,47,4,0.04027938470244408,0.8512765169143677,0.10844407230615616,0.7319596844134428
DTSR14,mobilenetv3,impulse_noise_0.05,48,4,0.07522017508745193,0.764755368232727,0.1600244641304016,0.999730087000742
DTSR14,mobilenetv3,impulse_noise_0.05,49,4,0.710038959980011,0.08815998584032059,0.20180103182792664,1.125626936720475
DTSR14,mobilenetv3,impulse_noise_0.05,50,4,0.7720975875854492,0.011304980143904686,0.21659742295742035,0.8392238694305563
DTSR14,mobilenetv3,impulse_noise_0.05,51,4,0.8779774308204651,0.08178726583719254,0.040235284715890884,0.646755591268559
DTSR14,mobilenetv3,impulse_noise_0.05,52,5,0.0703825131058693,0.6942757368087769,0.23534171283245087,1.126147818343817
DTSR14,mobilenetv3,impulse_noise_0.05,53,5,0.03493215888738632,0.05350479111075401,0.9115631580352783,0.5168332117681254
DTSR14,mobilenetv3,impulse_noise_0.05,54,5,0.022213678807020187,0.10898660123348236,0.8687997460365295,0.6468047884325976
DTSR14,mobilenetv3,impulse_noise_0.05,55,5,0.13946689665317535,0.8051890134811401,0.05534399673342705,0.8791531394956238
DTSR14,mobilenetv3,impulse_noise_0.05,56,5,0.037941787391901016,0.059430673718452454,0.9026275873184204,0.5545339716701563
DTSR14,mobilenetv3,impulse_noise_0.05,57,5,0.09596943855285645,0.07482714205980301,0.8292034268379211,0.8284276437229801
DTSR14,mobilenetv3,impulse_noise_0.05,58,5,0.882957398891449,0.08219650387763977,0.0348459929227829,0.6236197967697158
DTSR14,mobilenetv3,impulse_noise_0.05,59,5,0.034204382449388504,0.07356169819831848,0.8922339081764221,0.5902946942686447
DTSR14,mobilenetv3,impulse_noise_0.05,60,5,0.012068464420735836,0.12879762053489685,0.859133780002594,0.6459284301951872
DTSR14,mobilenetv3,impulse_noise_0.05,61,5,0.06738456338644028,0.6705370545387268,0.26207834482192993,1.1551789113287652
DTSR14,mobilenetv3,impulse_noise_0.05,62,5,0.05876897647976875,0.8210968375205994,0.1201341450214386,0.8410785903274625
DTSR14,mobilenetv3,impulse_noise_0.05,63,5,0.13805782794952393,0.2625334858894348,0.5994088053703308,1.3435189147468423
DTSR14,mobilenetv3,impulse_noise_0.05,64,5,0.8756020069122314,0.0605207197368145,0.06387732923030853,0.6662048414963654
DTSR14,mobilenetv3,impulse_noise_0.05,65,5,0.8660702109336853,0.05765720456838608,0.07627261430025101,0.700175375880782
DTSR14,mobilenetv3,impulse_noise_0.05,66,5,0.9448820948600769,0.010939696803689003,0.04417818784713745,0.34737464358269077
DTSR14,mobilenetv3,impulse_noise_0.05,67,5,0.8749998211860657,0.04896941035985947,0.07603079080581665,0.664305511332109
DTSR14,mobilenetv3,impulse_noise_0.05,68,5,0.05444573238492012,0.7430576086044312,0.2024965137243271,1.0135438705026185
DTSR14,mobilenetv3,impulse_noise_0.05,69,5,0.8923006653785706,0.05936891585588455,0.04833033308386803,0.5998186772639748
DTSR14,mobilenetv3,impulse_noise_0.05,70,5,0.9474283456802368,0.014620070345699787,0.037951599806547165,0.3420579206071988
DTSR14,mobilenetv3,impulse_noise_0.05,71,5,0.12215884029865265,0.021844089031219482,0.8559969663619995,0.6830531232034215
DTSR14,mobilenetv3,impulse_noise_0.05,72,5,0.029606893658638,0.8448861837387085,0.1255069375038147,0.7315814069614758
DTSR14,mobilenetv3,impulse_noise_0.05,73,5,0.04912528023123741,0.39172279834747314,0.5591519474983215,1.2121670890193268
DTSR14,mobilenetv3,impulse_noise_0.05,74,5,0.9510452151298523,0.01941511034965515,0.029539695009589195,0.3293737488252652
DTSR14,mobilenetv3,impulse_noise_0.05,75,5,0.8555046319961548,0.02209785021841526,0.12239743024110794,0.6850635979181293
DTSR14,mobilenetv3,impulse_noise_0.05,76,5,0.08456581085920334,0.09606536477804184,0.8193689584732056,0.8615585215825733
DTSR14,mobilenetv3,impulse_noise_0.05,77,5,0.8514770865440369,0.06789808720350266,0.08062496036291122,0.7538671949733978
DTSR14,mobilenetv3,impulse_noise_0.05,78,5,0.010890702717006207,0.008915331214666367,0.9801939129829407,0.1600137781033132
DTSR14,mobilenetv3,impulse_noise_0.05,79,5,0.1437174379825592,0.03948269784450531,0.8167998194694519,0.8247754598984505
DTSR14,mobilenetv3,impulse_noise_0.05,80,5,0.06986917555332184,0.6965000629425049,0.2336307317018509,1.1217654063843658
DTSR14,mobilenetv3,impulse_noise_0.05,81,5,0.8883623480796814,0.04234565794467926,0.06929195672273636,0.6117350796984395
DTSR14,mobilenetv3,impulse_noise_0.05,82,5,0.9258481860160828,0.03312541916966438,0.04102643206715584,0.4547733362306332
DTSR14,mobilenetv3,impulse_noise_0.05,83,5,0.9120187759399414,0.00749865360558033,0.080482617020607,0.4666778850306432
DTSR14,mobilenetv3,impulse_noise_0.05,84,5,0.057442501187324524,0.9059025049209595,0.036655083298683167,0.5407585934041468
DTSR14,mobilenetv3,impulse_noise_0.05,85,5,0.06558267027139664,0.1630551815032959,0.7713620066642761,0.9733107866238022
DTSR14,mobilenetv3,impulse_noise_0.05,86,5,0.8678333163261414,0.05388223007321358,0.07828429341316223,0.6922480216119138
DTSR14,mobilenetv3,impulse_noise_0.05,87,5,0.08955579996109009,0.8711941242218018,0.03924999386072159,0.6684030527892986
DTSR14,mobilenetv3,impulse_noise_0.05,88,5,0.1441323161125183,0.07123585790395737,0.7846316695213318,0.9488329138446974
DTSR14,mobilenetv3,impulse_noise_0.05,89,5,0.11260702461004257,0.03026665188372135,0.8571263551712036,0.6981548210211035
DTSR14,mobilenetv3,impulse_noise_0.05,90,5,0.9265184998512268,0.04553309082984924,0.027948616072535515,0.44920090856964584
DTSR14,mobilenetv3,impulse_noise_0.05,91,5,0.8153691291809082,0.10176867991685867,0.08286228775978088,0.8733356659499172
DTSR14,mobilenetv3,impulse_noise_0.05,92,5,0.8674580454826355,0.0812617614865303,0.05128023400902748,0.691975871577659
DTSR14,mobilenetv3,impulse_noise_0.05,93,5,0.046008504927158356,0.9175295829772949,0.03646188974380493,0.492495972238049
DTSR14,mobilenetv3,impulse_noise_0.05,94,5,0.9235037565231323,0.017690684646368027,0.058805543929338455,0.44939422590843797
DTSR14,mobilenetv3,impulse_noise_0.05,95,5,0.10428069531917572,0.8262261152267456,0.06949318200349808,0.8349816991166541
DTSR14,mobilenetv3,impulse_noise_0.05,96,5,0.08963856101036072,0.8301356434822083,0.08022579550743103,0.8268823033120571
DTSR14,mobilenetv3,impulse_noise_0.05,97,5,0.16792689263820648,0.7682352662086487,0.06383784860372543,0.9778817759249782
DTSR14,mobilenetv3,impulse_noise_0.05,98,5,0.9083930850028992,0.05034875124692917,0.04125816002488136,0.5327659663602198
DTSR14,mobilenetv3,impulse_noise_0.05,99,5,0.8839150667190552,0.02965008094906807,0.08643478155136108,0.613162040766798
DTSR14,mobilenetv3,impulse_noise_0.05,100,5,0.10960623621940613,0.8095397353172302,0.0808541551232338,0.8897509188460964
DTSR14,mobilenetv3,impulse_noise_0.05,101,5,0.8367366790771484,0.07845194637775421,0.08481131494045258,0.8051440339037637
DTSR14,mobilenetv3,impulse_noise_0.05,102,5,0.07404382526874542,0.899514377117157,0.026441847905516624,0.5540818966526563
DTSR14,mobilenetv3,impulse_noise_0.05,103,5,0.10363461077213287,0.8603003621101379,0.03606504946947098,0.6985585027465258
DTSR14,mobilenetv3,impulse_noise_0.05,104,5,0.891585111618042,0.06187771260738373,0.04653721675276756,0.6019601675400936
DTSR14,mobilenetv3,impulse_noise_0.05,105,5,0.06016140803694725,0.07756141573190689,0.8622772693634033,0.7143766535023525
DTSR14,mobilenetv3,impulse_noise_0.05,106,5,0.03722809627652168,0.20101474225521088,0.7617571949958801,0.9410766758397198
DTSR14,mobilenetv3,impulse_noise_0.05,107,5,0.0492534302175045,0.08372247219085693,0.8670240640640259,0.6920001126292942
DTSR14,mobilenetv3,impulse_noise_0.05,108,5,0.04059361293911934,0.11492541432380676,0.8444808721542358,0.7522947162577591
DTSR14,mobilenetv3,impulse_noise_0.05,109,5,0.0862351581454277,0.8772209882736206,0.03654387965798378,0.6451441105350011
DTSR14,mobilenetv3,impulse_noise_0.05,110,5,0.9243747591972351,0.06753288954496384,0.008092476986348629,0.42369275221364755
DTSR14,mobilenetv3,impulse_noise_0.05,111,5,0.1178043782711029,0.11969325691461563,0.7625023722648621,1.0283409047140626
DTSR14,mobilenetv3,impulse_noise_0.05,112,5,0.03589564189314842,0.934658944606781,0.02944537065923214,0.4131725573301658
DTSR14,mobilenetv3,impulse_noise_0.05,113,5,0.0554378442466259,0.8462411165237427,0.09832111746072769,0.7641837504492005
DTSR14,mobilenetv3,impulse_noise_0.05,114,5,0.06362955272197723,0.8810510635375977,0.05531945079565048,0.6448620848904199
DTSR14,mobilenetv3,impulse_noise_0.05,115,5,0.01964273303747177,0.04378259554505348,0.9365745782852173,0.3975224907290333
DTSR14,mobilenetv3,impulse_noise_0.05,116,5,0.05000949651002884,0.883754312992096,0.06623632460832596,0.6330789166511331
DTSR14,mobilenetv3,impulse_noise_0.05,117,5,0.03109513595700264,0.12503966689109802,0.8438650965690613,0.7374360613684763
DTSR14,mobilenetv3,impulse_noise_0.05,118,6,0.038726262748241425,0.12544222176074982,0.8358314633369446,0.7735777437936918
DTSR14,mobilenetv3,impulse_noise_0.05,119,6,0.08613705635070801,0.8641894459724426,0.04967357590794563,0.7018224071928827
DTSR14,mobilenetv3,impulse_noise_0.05,120,6,0.035616185516119,0.12809669971466064,0.8362870812416077,0.766831949032752
DTSR14,mobilenetv3,impulse_noise_0.05,121,6,0.08753795921802521,0.1176336258649826,0.7948283553123474,0.9341271004299405
DTSR14,mobilenetv3,impulse_noise_0.05,122,6,0.1258554905653,0.0698445662856102,0.8042999505996704,0.897217402774019
DTSR14,mobilenetv3,impulse_noise_0.05,123,6,0.9140040278434753,0.05544782057404518,0.03054797649383545,0.5036811159662009
DTSR14,mobilenetv3,impulse_noise_0.05,124,7,0.9479598999023438,0.03867240250110626,0.01336766965687275,0.33777707451285327
DTSR14,mobilenetv3,impulse_noise_0.05,125,7,0.0541510283946991,0.9015868902206421,0.04426218196749687,0.5616404964247985
DTSR14,mobilenetv3,impulse_noise_0.05,126,7,0.9166674017906189,0.04787077382206917,0.035461705178022385,0.49580851365863227
DTSR14,mobilenetv3,impulse_noise_0.05,127,7,0.09358841180801392,0.8570407032966614,0.04937097430229187,0.7248672074323596
DTSR14,mobilenetv3,impulse_noise_0.05,128,7,0.06524894386529922,0.8818601369857788,0.05289095267653465,0.6411959981339095
DTSR14,mobilenetv3,impulse_noise_0.05,129,7,0.1384790539741516,0.8251299262046814,0.036390889436006546,0.7977509570147981
DTSR14,mobilenetv3,impulse_noise_0.05,130,7,0.08042535930871964,0.8388671278953552,0.0807076022028923,0.7981456382062457
DTSR14,mobilenetv3,impulse_noise_0.05,131,7,0.02529825083911419,0.12570542097091675,0.8489964008331299,0.7108055617548497
DTSR14,mobilenetv3,impulse_noise_0.05,132,7,0.11318046599626541,0.8528851270675659,0.03393428027629852,0.7171999811266103
DTSR14,mobilenetv3,impulse_noise_0.05,133,7,0.1009986624121666,0.8743232488632202,0.02467813342809677,0.6352690377122837
DTSR14,mobilenetv3,impulse_noise_0.05,134,7,0.05842001736164093,0.881223738193512,0.06035628542304039,0.6445866401008815
DTSR14,mobilenetv3,impulse_noise_0.05,135,7,0.12169618904590607,0.8509646058082581,0.027339205145835876,0.7098899635087526
DTSR14,mobilenetv3,impulse_noise_0.05,136,8,0.03755195066332817,0.9087990522384644,0.053649116307497025,0.5296069323480569
DTSR14,mobilenetv3,impulse_noise_0.05,137,8,0.11550098657608032,0.8412889242172241,0.04321013763546944,0.7652779400759105
DTSR14,mobilenetv3,impulse_noise_0.05,138,8,0.04266739264130592,0.8837479948997498,0.07358472794294357,0.6287396947360377
DTSR14,mobilenetv3,impulse_noise_0.05,139,8,0.03276284784078598,0.822395384311676,0.1448417454957962,0.7973132515824304
DTSR14,mobilenetv3,impulse_noise_0.05,140,8,0.028899341821670532,0.09559456259012222,0.8755061030387878,0.6394605692133307
DTSR14,mobilenetv3,impulse_noise_0.05,141,8,0.9179869890213013,0.021061602979898453,0.060951441526412964,0.47663865215625734
DTSR14,mobilenetv3,impulse_noise_0.05,142,8,0.8540375232696533,0.1073877140879631,0.03857467696070671,0.7212495137865559
DTSR14,mobilenetv3,impulse_noise_0.05,143,9,0.08944790065288544,0.8711400628089905,0.03941205143928528,0.668773047681966
DTSR14,mobilenetv3,impulse_noise_0.05,144,9,0.11636592447757721,0.843590497970581,0.04004349187016487,0.7540116977761679
DTSR14,mobilenetv3,impulse_noise_0.05,145,9,0.16435450315475464,0.7815252542495728,0.05412020906805992,0.9338219113934156
DTSR14,mobilenetv3,impulse_noise_0.05,146,9,0.07358799874782562,0.054441556334495544,0.8719703555107117,0.6779657613616312
DTSR14,mobilenetv3,impulse_noise_0.05,147,9,0.029063453897833824,0.8088924288749695,0.16204401850700378,0.8213172261489858
DTSR14,mobilenetv3,impulse_noise_0.05,148,9,0.05080663785338402,0.8051170706748962,0.14407631754875183,0.8729004310738353
DTSR14,mobilenetv3,impulse_noise_0.05,149,9,0.05274020880460739,0.8068198561668396,0.1404399424791336,0.8714592702252082
DTSR14,mobilenetv3,impulse_noise_0.05,150,9,0.06941651552915573,0.13536430895328522,0.7952193021774292,0.9205717174621428
DTSR14,mobilenetv3,impulse_noise_0.05,151,9,0.07664774358272552,0.030530985444784164,0.8928212523460388,0.5837339897042575
DTSR14,mobilenetv3,impulse_noise_0.05,152,9,0.05828006938099861,0.0269357580691576,0.9147841930389404,0.4969967891264778
DTSR14,mobilenetv3,impulse_noise_0.05,153,9,0.03932344540953636,0.09854231774806976,0.8621341586112976,0.6975284615235186
DTSR14,mobilenetv3,impulse_noise_0.05,154,9,0.031376924365758896,0.09901998937129974,0.8696030378341675,0.6623321435802481
DTSR14,mobilenetv3,impulse_noise_0.05,155,9,0.08718657493591309,0.1465623825788498,0.7662511467933655,1.0072386884973121
DTSR14,mobilenetv3,impulse_noise_0.05,156,9,0.0017294796416535974,0.0545150563120842,0.9437553882598877,0.32349717941955014
DTSR14,mobilenetv3,impulse_noise_0.05,157,9,0.05692528933286667,0.6969709992408752,0.24610376358032227,1.0961615454146283
DTSR14,mobilenetv3,impulse_noise_0.05,158,9,0.06754240393638611,0.6735093593597412,0.25894808769226074,1.1514228587958009
DTSR14,mobilenetv3,impulse_noise_0.05,159,9,0.11382053047418594,0.8276779651641846,0.05850137397646904,0.8222710174546133
DTSR14,mobilenetv3,impulse_noise_0.05,160,9,0.05731630697846413,0.6410704255104065,0.3016132414340973,1.1691943655775128
DTSR14,mobilenetv3,impulse_noise_0.05,161,9,0.12054076045751572,0.02957777865231037,0.8498815298080444,0.7176137743367257
DTSR14,mobilenetv3,impulse_noise_0.05,162,9,0.07075176388025284,0.09502998739480972,0.8342181444168091,0.8111714705809231
DTSR14,mobilenetv3,impulse_noise_0.05,163,9,0.18753713369369507,0.4796900153160095,0.3327729403972626,1.4894838550604301
DTSR14,mobilenetv3,impulse_noise_0.05,164,9,0.10297868400812149,0.8605812191963196,0.036440081894397736,0.6982660972705061
DTSR14,mobilenetv3,impulse_noise_0.05,165,10,0.05545755475759506,0.9143978357315063,0.030144570395350456,0.5017385158970595
DTSR14,mobilenetv3,impulse_noise_0.05,166,10,0.8842135071754456,0.060141727328300476,0.05564485490322113,0.6327875369751171
DTSR14,mobilenetv3,impulse_noise_0.05,167,10,0.10436369478702545,0.8586275577545166,0.0370088554918766,0.7050799100469276
DTSR14,mobilenetv3,impulse_noise_0.05,168,10,0.1532631665468216,0.03808934986591339,0.8086475133895874,0.8420719214762871
DTSR14,mobilenetv3,impulse_noise_0.05,169,10,0.05840958282351494,0.20619367063045502,0.7353968024253845,1.0351152198812235
DTSR14,mobilenetv3,impulse_noise_0.05,170,10,0.9280600547790527,0.05220894142985344,0.019730940461158752,0.4340924389702185
DTSR14,mobilenetv3,impulse_noise_0.05,171,10,0.9387828707695007,0.02021540142595768,0.04100172966718674,0.38828085006928736
DTSR14,mobilenetv3,impulse_noise_0.05,172,10,0.9107995629310608,0.055391326546669006,0.03380909189581871,0.5191912753116775
DTSR14,mobilenetv3,impulse_noise_0.05,173,11,0.22472864389419556,0.6853650808334351,0.08990629762411118,1.1700333382316046
DTSR14,mobilenetv3,impulse_noise_0.05,174,11,0.06866208463907242,0.8631590604782104,0.06817886233329773,0.7127450775403195
DTSR14,mobilenetv3,impulse_noise_0.05,175,11,0.06906189024448395,0.7963712215423584,0.13456690311431885,0.9172813262628499
DTSR14,mobilenetv3,impulse_noise_0.05,176,11,0.13915835320949554,0.8263664841651917,0.03447515890002251,0.7907957788204562
DTSR14,mobilenetv3,impulse_noise_0.05,177,11,0.1582701951265335,0.06807920336723328,0.7736506462097168,0.9712853424212868
DTSR14,mobilenetv3,impulse_noise_0.05,178,11,0.11448034644126892,0.026434097439050674,0.8590856194496155,0.6847617234442614
DTSR14,mobilenetv3,impulse_noise_0.05,179,12,0.06769339740276337,0.8877406120300293,0.04456600546836853,0.6154913045654066
DTSR14,mobilenetv3,impulse_noise_0.05,180,12,0.061469223350286484,0.7844392657279968,0.15409141778945923,0.9378747460751573
DTSR14,mobilenetv3,impulse_noise_0.05,181,12,0.0366722010076046,0.804679811000824,0.1586480736732483,0.8485586222959685
DTSR14,mobilenetv3,impulse_noise_0.05,182,12,0.07133002579212189,0.8419360518455505,0.0867338627576828,0.7866369229806023
DTSR14,mobilenetv3,impulse_noise_0.05,183,12,0.9299719929695129,0.045417629182338715,0.02461034059524536,0.43152826490574814
DTSR14,mobilenetv3,impulse_noise_0.05,184,12,0.07367735356092453,0.8560428023338318,0.07027990370988846,0.7384088014249872
DTSR14,mobilenetv3,impulse_noise_0.05,185,12,0.3494451642036438,0.5341547131538391,0.11639999598264694,1.3744642842175676
DTSR14,mobilenetv3,impulse_noise_0.05,186,12,0.007722590118646622,0.139446422457695,0.8528310060501099,0.6463922912810726
DTSR14,mobilenetv3,impulse_noise_0.05,187,12,0.04198748618364334,0.8771301507949829,0.08088233321905136,0.651387973324441
DTSR14,mobilenetv3,impulse_noise_0.05,188,12,0.03008505515754223,0.8598493933677673,0.11006545275449753,0.6897879385008447
DTSR14,mobilenetv3,impulse_noise_0.05,189,12,0.03478733450174332,0.8085688352584839,0.1566438376903534,0.8353622646481946
DTSR14,mobilenetv3,impulse_noise_0.05,190,12,0.8215739130973816,0.03790346160531044,0.14052264392375946,0.8097466446579213
DTSR14,mobilenetv3,impulse_noise_0.05,191,12,0.04326742887496948,0.49072620272636414,0.4660063087940216,1.2133495036079909
DTSR14,mobilenetv3,impulse_noise_0.05,192,12,0.8121121525764465,0.09030008316040039,0.09758776426315308,0.884715923441334
DTSR14,mobilenetv3,impulse_noise_0.05,193,12,0.009224433451890945,0.9863684773445129,0.004406952764838934,0.11638027984043019
DTSR14,mobilenetv3,impulse_noise_0.05,194,12,0.07510337978601456,0.7103327512741089,0.21456392109394073,1.1074548038417946
DTSR14,mobilenetv3,impulse_noise_0.05,195,12,0.034139495342969894,0.12459753453731537,0.841262936592102,0.75050089067251
DTSR14,mobilenetv3,impulse_noise_0.05,196,13,0.05182672291994095,0.7680708169937134,0.18010251224040985,0.9591176380468864
DTSR14,mobilenetv3,impulse_noise_0.05,197,13,0.02072799950838089,0.866432249546051,0.11283979564905167,0.6503109838839607
DTSR14,mobilenetv3,impulse_noise_0.05,198,13,0.03900034353137016,0.17178040742874146,0.7892192602157593,0.8886122224115065
DTSR14,mobilenetv3,impulse_noise_0.05,199,13,0.04902749881148338,0.07000572979450226,0.8809667825698853,0.6429278095543367
DTSR14,mobilenetv3,motion_blur_15,0,0,0.029541702941060066,0.33860424160957336,0.6318539977073669,1.097615519065423
DTSR14,mobilenetv3,motion_blur_15,1,0,0.034295808523893356,0.8414879441261292,0.12421621382236481,0.7501714858527069
DTSR14,mobilenetv3,motion_blur_15,2,0,0.9136641621589661,0.04227853938937187,0.04405736178159714,0.5104292458458886
DTSR14,mobilenetv3,motion_blur_15,3,0,0.04969317466020584,0.5943673253059387,0.3559395372867584,1.191783101998938
DTSR14,mobilenetv3,motion_blur_15,4,0,0.8319172263145447,0.04475420340895653,0.1233285516500473,0.7938258314825202
DTSR14,mobilenetv3,motion_blur_15,5,0,0.15761423110961914,0.051623184233903885,0.7907624840736389,0.9086761162212666
DTSR14,mobilenetv3,motion_blur_15,6,0,0.03046262636780739,0.7983386516571045,0.17119881510734558,0.8487525684009612
DTSR14,mobilenetv3,motion_blur_15,7,1,0.04346294701099396,0.7432262897491455,0.2133108675479889,0.990288043332169
DTSR14,mobilenetv3,motion_blur_15,8,1,0.04317420721054077,0.8218836784362793,0.13494206964969635,0.8182533086978592
DTSR14,mobilenetv3,motion_blur_15,9,1,0.04894676432013512,0.6671798825263977,0.2838733494281769,1.1182895188675899
DTSR14,mobilenetv3,motion_blur_15,10,1,0.04515250399708748,0.8302724361419678,0.12457510828971863,0.7989241470454376
DTSR14,mobilenetv3,motion_blur_15,11,1,0.03436674177646637,0.7806643843650818,0.18496887385845184,0.8963270605053375
DTSR14,mobilenetv3,motion_blur_15,12,1,0.04937271028757095,0.20677588880062103,0.743851363658905,1.0020243785041947
DTSR14,mobilenetv3,motion_blur_15,13,1,0.03218679502606392,0.1771174520254135,0.7906957864761353,0.869755944492375
DTSR14,mobilenetv3,motion_blur_15,14,2,0.3031693696975708,0.4370775520801544,0.2597530484199524,1.549050285082129
DTSR14,mobilenetv3,motion_blur_15,15,2,0.37264880537986755,0.4061972498893738,0.2211538553237915,1.5400722494196228
DTSR14,mobilenetv3,motion_blur_15,16,2,0.33575305342674255,0.29914355278015137,0.3651033937931061,1.5802110229432786
DTSR14,mobilenetv3,motion_blur_15,17,2,0.3878183960914612,0.39518311619758606,0.21699851751327515,1.537600397242003
DTSR14,mobilenetv3,motion_blur_15,18,2,0.49670150876045227,0.16281767189502716,0.340480774641037,1.457038289788352
DTSR14,mobilenetv3,motion_blur_15,19,2,0.29830682277679443,0.3584749400615692,0.34321829676628113,1.5806651833561896
DTSR14,mobilenetv3,motion_blur_15,20,2,0.4268636703491211,0.14698678255081177,0.42614951729774475,1.455260865346705
DTSR14,mobilenetv3,motion_blur_15,21,2,0.21491333842277527,0.5172052979469299,0.26788127422332764,1.4777400183900116
DTSR14,mobilenetv3,motion_blur_15,22,2,0.5730020403862,0.04651978239417076,0.380478173494339,1.1966700668366674
DTSR14,mobilenetv3,motion_blur_15,23,2,0.3447733223438263,0.39957883954048157,0.25564783811569214,1.5615463371542533
DTSR14,mobilenetv3,motion_blur_15,24,2,0.5170353055000305,0.2979382872581482,0.18502631783485413,1.4629079116121084
DTSR14,mobilenetv3,motion_blur_15,25,2,0.306005597114563,0.3193211853504181,0.3746732771396637,1.579315073509881
DTSR14,mobilenetv3,motion_blur_15,26,2,0.48450130224227905,0.042614731937646866,0.4728839099407196,1.211438388527912
DTSR14,mobilenetv3,motion_blur_15,27,2,0.04491286352276802,0.49726903438568115,0.45781806111335754,1.2182921754838871
DTSR14,mobilenetv3,motion_blur_15,28,2,0.3781062960624695,0.04619785398244858,0.575695812702179,1.1940813035964633
DTSR14,mobilenetv3,motion_blur_15,29,2,0.39396509528160095,0.415021151304245,0.19101367890834808,1.5121781518267532
DTSR14,mobilenetv3,motion_blur_15,30,2,0.5499259233474731,0.02925490029156208,0.42081907391548157,1.1489634844507506
DTSR14,mobilenetv3,motion_blur_15,31,2,0.21582387387752533,0.41281241178512573,0.3713636100292206,1.5350634235482157
DTSR14,mobilenetv3,motion_blur_15,32,2,0.3379700779914856,0.37535837292671204,0.28667157888412476,1.5762969755471166
DTSR14,mobilenetv3,motion_blur_15,33,2,0.27397921681404114,0.6825141906738281,0.043506648391485214,1.0846317879732903
DTSR14,mobilenetv3,motion_blur_15,34,2,0.6555073261260986,0.045370735228061676,0.2991218864917755,1.1226891217689285
DTSR14,mobilenetv3,motion_blur_15,35,2,0.3790156841278076,0.04954511299729347,0.5714392066001892,1.2066196873190456
DTSR14,mobilenetv3,motion_blur_15,36,2,0.04327390715479851,0.3716002404689789,0.5851258039474487,1.1791654057153917
DTSR14,mobilenetv3,motion_blur_15,37,2,0.5766634941101074,0.029597435146570206,0.39373913407325745,1.137748668233152
DTSR14,mobilenetv3,motion_blur_15,38,2,0.29561716318130493,0.3583245575428009,0.3460582494735718,1.580095928867124
DTSR14,mobilenetv3,motion_blur_15,39,3,0.055618636310100555,0.2819432020187378,0.6624380946159363,1.1403929542148754
DTSR14,mobilenetv3,motion_blur_15,40,3,0.11321496218442917,0.09685160964727402,0.789933443069458,0.950756142320864
DTSR14,mobilenetv3,motion_blur_15,41,3,0.04836445674300194,0.4437311589717865,0.5079043507575989,1.2279197880046986
DTSR14,mobilenetv3,motion_blur_15,42,4,0.1434248685836792,0.0540623813867569,0.8025128245353699,0.8841054281907519
DTSR14,mobilenetv3,motion_blur_15,43,4,0.04280882701277733,0.293307900428772,0.6638832688331604,1.1059726097019855
DTSR14,mobilenetv3,motion_blur_15,44,4,0.06508010625839233,0.5092794895172119,0.42564043402671814,1.276804555960407
DTSR14,mobilenetv3,motion_blur_15,45,4,0.05155223235487938,0.15888428688049316,0.7895634770393372,0.9113431925138787
DTSR14,mobilenetv3,motion_blur_15,46,4,0.0398494228720665,0.5473431944847107,0.412807434797287,1.1881089173002097
DTSR14,mobilenetv3,motion_blur_15,47,4,0.04511827230453491,0.19186170399188995,0.7630199193954468,0.956409110779356
DTSR14,mobilenetv3,motion_blur_15,48,4,0.06648504734039307,0.17326363921165466,0.7602513432502747,0.9988307890974759
DTSR14,mobilenetv3,motion_blur_15,49,4,0.5610913634300232,0.3841579556465149,0.0547507181763649,1.227462423744315
DTSR14,mobilenetv3,motion_blur_15,50,4,0.2870992124080658,0.6588677167892456,0.054033029824495316,1.1409654886469323
DTSR14,mobilenetv3,motion_blur_15,51,4,0.6740298867225647,0.07015097886323929,0.25581908226013184,1.155663179556599
DTSR14,mobilenetv3,motion_blur_15,52,5,0.5188004970550537,0.25247740745544434,0.22872214019298553,1.479333138852604
DTSR14,mobilenetv3,motion_blur_15,53,5,0.5253642201423645,0.23797345161437988,0.23666225373744965,1.4727760276858133
DTSR14,mobilenetv3,motion_blur_15,54,5,0.2890799641609192,0.41263434290885925,0.2982856333255768,1.5651246232917004
DTSR14,mobilenetv3,motion_blur_15,55,5,0.2344941347837448,0.4156569838523865,0.3498489260673523,1.5471836294848096
DTSR14,mobilenetv3,motion_blur_15,56,5,0.25670498609542847,0.3793935775756836,0.3639014959335327,1.5647954045690893
DTSR14,mobilenetv3,motion_blur_15,57,5,0.06230616196990013,0.632543683052063,0.30515018105506897,1.1900071276911164
DTSR14,mobilenetv3,motion_blur_15,58,5,0.6602770686149597,0.2918943166732788,0.047828711569309235,1.1237320089648732
DTSR14,mobilenetv3,motion_blur_15,59,5,0.0657864436507225,0.27967122197151184,0.6545423269271851,1.1725869217598988
DTSR14,mobilenetv3,motion_blur_15,60,5,0.05764514207839966,0.2957446277141571,0.6466102600097656,1.1638373423044863
DTSR14,mobilenetv3,motion_blur_15,61,5,0.14774127304553986,0.48172321915626526,0.3705354630947113,1.4459239624112783
DTSR14,mobilenetv3,motion_blur_15,62,5,0.20807421207427979,0.7410954236984253,0.050830427557229996,1.010082647086551
DTSR14,mobilenetv3,motion_blur_15,63,5,0.06855256110429764,0.7451354265213013,0.1863119751214981,1.0329817984822736
DTSR14,mobilenetv3,motion_blur_15,64,5,0.4339965879917145,0.13577131927013397,0.43023213744163513,1.4372730689239785
DTSR14,mobilenetv3,motion_blur_15,65,5,0.5404714345932007,0.05783064663410187,0.4016979932785034,1.2461436364808667
DTSR14,mobilenetv3,motion_blur_15,66,5,0.5538573861122131,0.17046469449996948,0.275677889585495,1.4196889307095333
DTSR14,mobilenetv3,motion_blur_15,67,5,0.5314134955406189,0.035848911851644516,0.43273767828941345,1.1797780355095941
DTSR14,mobilenetv3,motion_blur_15,68,5,0.6170832514762878,0.050428491085767746,0.3324882984161377,1.1753021918467579
DTSR14,mobilenetv3,motion_blur_15,69,5,0.434144526720047,0.37480300664901733,0.19105249643325806,1.5094726053573746
DTSR14,mobilenetv3,motion_blur_15,70,5,0.6829908490180969,0.26271623373031616,0.054292865097522736,1.1105131427290669
DTSR14,mobilenetv3,motion_blur_15,71,5,0.4642530381679535,0.20787633955478668,0.327870637178421,1.5125045096547958
DTSR14,mobilenetv3,motion_blur_15,72,5,0.6685976982116699,0.033465780317783356,0.2979366183280945,1.0728083848667525
DTSR14,mobilenetv3,motion_blur_15,73,5,0.05359601601958275,0.38637229800224304,0.5600317716598511,1.2247676321009315
DTSR14,mobilenetv3,motion_blur_15,74,5,0.4441966712474823,0.3358907103538513,0.2199126034975052,1.5292132580197626
DTSR14,mobilenetv3,motion_blur_15,75,5,0.4980829358100891,0.27166450023651123,0.2302524745464325,1.4994389028731203
DTSR14,mobilenetv3,motion_blur_15,76,5,0.4553201496601105,0.2990846335887909,0.24559526145458221,1.5351168700887838
DTSR14,mobilenetv3,motion_blur_15,77,5,0.5111485123634338,0.16624575853347778,0.32260575890541077,1.451775034916707
DTSR14,mobilenetv3,motion_blur_15,78,5,0.05146782100200653,0.42479363083839417,0.5237385630607605,1.2336730945879948
DTSR14,mobilenetv3,motion_blur_15,79,5,0.5902290344238281,0.04622804746031761,0.36354300379753113,1.1846859024861631
DTSR14,mobilenetv3,motion_blur_15,80,5,0.575181245803833,0.26478612422943115,0.16003261506557465,1.3896214980026367
DTSR14,mobilenetv3,motion_blur_15,81,5,0.47157496213912964,0.1345108449459076,0.39391425251960754,1.4301363159408385
DTSR14,mobilenetv3,motion_blur_15,82,5,0.5580618381500244,0.197049081325531,0.24488899111747742,1.4284459939438312
DTSR14,mobilenetv3,motion_blur_15,83,5,0.7338311076164246,0.05421466380357742,0.21195422112941742,1.0300137005921912
DTSR14,mobilenetv3,motion_blur_15,84,5,0.5111353993415833,0.45135730504989624,0.03750720992684364,1.1905566601542208
DTSR14,mobilenetv3,motion_blur_15,85,5,0.43417826294898987,0.35322391986846924,0.2125977724790573,1.5278068180492637
DTSR14,mobilenetv3,motion_blur_15,86,5,0.45543771982192993,0.3505467474460602,0.1940154880285263,1.505906135694889
DTSR14,mobilenetv3,motion_blur_15,87,5,0.8023828864097595,0.0572177916765213,0.1403992772102356,0.8886928248041839
DTSR14,mobilenetv3,motion_blur_15,88,5,0.5890160799026489,0.0468304343521595,0.36415335536003113,1.1873179763387947
DTSR14,mobilenetv3,motion_blur_15,89,5,0.038754891604185104,0.7470230460166931,0.2142220437526703,0.9722463627016962
DTSR14,mobilenetv3,motion_blur_15,90,5,0.7168180346488953,0.020504914224147797,0.26267701387405396,0.965900989460122
DTSR14,mobilenetv3,motion_blur_15,91,5,0.4323276877403259,0.21867546439170837,0.3489968478679657,1.5326428976308855
DTSR14,mobilenetv3,motion_blur_15,92,5,0.6664904356002808,0.2967549264431,0.036754608154296875,1.0854053798942096
DTSR14,mobilenetv3,motion_blur_15,93,5,0.03821546956896782,0.6514583826065063,0.3103261888027191,1.1066257141811167
DTSR14,mobilenetv3,motion_blur_15,94,5,0.04029487445950508,0.4860933721065521,0.4736118018627167,1.2032305663078495
DTSR14,mobilenetv3,motion_blur_15,95,5,0.2838497459888458,0.673861563205719,0.04228866472840309,1.092434207512489
DTSR14,mobilenetv3,motion_blur_15,96,5,0.7405379414558411,0.04192715510725975,0.2175348997116089,0.9914978287246874
DTSR14,mobilenetv3,motion_blur_15,97,5,0.5105940699577332,0.034521013498306274,0.45488491654396057,1.1797397487856882
DTSR14,mobilenetv3,motion_blur_15,98,5,0.5467212796211243,0.040016546845436096,0.41326212882995605,1.1889243198419768
DTSR14,mobilenetv3,motion_blur_15,99,5,0.6345632672309875,0.044014934450387955,0.32142168283462524,1.1410182765152133
DTSR14,mobilenetv3,motion_blur_15,100,5,0.23952889442443848,0.37467291951179504,0.3857981562614441,1.5546096720076745
DTSR14,mobilenetv3,motion_blur_15,101,5,0.06681232899427414,0.2622857391834259,0.6709018349647522,1.1535593963328372
DTSR14,mobilenetv3,motion_blur_15,102,5,0.6200148463249207,0.02584783546626568,0.35413724184036255,1.0942574103000733
DTSR14,mobilenetv3,motion_blur_15,103,5,0.632870078086853,0.03935713320970535,0.3277727961540222,1.1288574089912342
DTSR14,mobilenetv3,motion_blur_15,104,5,0.623257577419281,0.333493173122406,0.04324918985366821,1.149437228157527
DTSR14,mobilenetv3,motion_blur_15,105,5,0.03856908902525902,0.5298723578453064,0.4315585792064667,1.1898588644517347
DTSR14,mobilenetv3,motion_blur_15,106,5,0.03856277838349342,0.7556337714195251,0.20580339431762695,0.9559416642010194
DTSR14,mobilenetv3,motion_blur_15,107,5,0.5383049845695496,0.22811035811901093,0.23358464241027832,1.457410380515961
DTSR14,mobilenetv3,motion_blur_15,108,5,0.03186449781060219,0.5757968425750732,0.3923385441303253,1.146563519287384
DTSR14,mobilenetv3,motion_blur_15,109,5,0.629423975944519,0.1981397420167923,0.17243634164333344,1.3204023880944216
DTSR14,mobilenetv3,motion_blur_15,110,5,0.7572504281997681,0.044972144067287445,0.1977774053812027,0.9674327684073557
DTSR14,mobilenetv3,motion_blur_15,111,5,0.30251383781433105,0.2876712381839752,0.4098149836063385,1.5663189530739197
DTSR14,mobilenetv3,motion_blur_15,112,5,0.6768688559532166,0.044589754194021225,0.2785414755344391,1.0948333633079916
DTSR14,mobilenetv3,motion_blur_15,113,5,0.02039608359336853,0.5596998929977417,0.41990402340888977,1.1088226431845034
DTSR14,mobilenetv3,motion_blur_15,114,5,0.5335842370986938,0.043303705751895905,0.42311200499534607,1.204713581517829
DTSR14,mobilenetv3,motion_blur_15,115,5,0.40591537952423096,0.27646729350090027,0.317617267370224,1.5663327718819753
DTSR14,mobilenetv3,motion_blur_15,116,5,0.5879327654838562,0.0388408899307251,0.3732263743877411,1.1632206518635582
DTSR14,mobilenetv3,motion_blur_15,117,5,0.5762418508529663,0.044149886816740036,0.3796081840991974,1.1874676967310047
DTSR14,mobilenetv3,motion_blur_15,118,6,0.026987183839082718,0.9277065992355347,0.045306239277124405,0.44333266833502283
DTSR14,mobilenetv3,motion_blur_15,119,6,0.2873147130012512,0.08382721245288849,0.6288580894470215,1.237594881625696
DTSR14,mobilenetv3,motion_blur_15,120,6,0.04677244648337364,0.1578487902879715,0.7953788042068481,0.8897644687023334
DTSR14,mobilenetv3,motion_blur_15,121,6,0.2691303789615631,0.0841313898563385,0.6467382311820984,1.2167166685759474
DTSR14,mobilenetv3,motion_blur_15,122,6,0.06354983150959015,0.9022673964500427,0.0341828428208828,0.553034709771457
DTSR14,mobilenetv3,motion_blur_15,123,6,0.044721443206071854,0.9210282564163208,0.034250449389219284,0.47651358091637586
DTSR14,mobilenetv3,motion_blur_15,124,7,0.7766241431236267,0.04529089480638504,0.1780850887298584,0.9287693119759963
DTSR14,mobilenetv3,motion_blur_15,125,7,0.9017845392227173,0.05887008458375931,0.039345383644104004,0.5587099860431943
DTSR14,mobilenetv3,motion_blur_15,126,7,0.11645771563053131,0.8432879447937012,0.040254224091768265,0.755199680737171
DTSR14,mobilenetv3,motion_blur_15,127,7,0.8511205911636353,0.10667490214109421,0.04220452532172203,0.7350877310945388
DTSR14,mobilenetv3,motion_blur_15,128,7,0.9202255010604858,0.044350460171699524,0.03542408347129822,0.48043680415726836
DTSR14,mobilenetv3,motion_blur_15,129,7,0.8909218907356262,0.07405029237270355,0.03502781689167023,0.5959103055293724
DTSR14,mobilenetv3,motion_blur_15,130,7,0.8520460724830627,0.10258787870407104,0.045366089791059494,0.7362624230436443
DTSR14,mobilenetv3,motion_blur_15,131,7,0.03227685019373894,0.8421040773391724,0.125619038939476,0.7446230242068892
DTSR14,mobilenetv3,motion_blur_15,132,7,0.7706621885299683,0.1947416216135025,0.0345962755382061,0.9172032936845881
DTSR14,mobilenetv3,motion_blur_15,133,7,0.028433524072170258,0.8597655296325684,0.11180098354816437,0.6868603060584071
DTSR14,mobilenetv3,motion_blur_15,134,7,0.9073976874351501,0.041693270206451416,0.05090896412730217,0.5370361982689228
DTSR14,mobilenetv3,motion_blur_15,135,7,0.16404789686203003,0.7977093458175659,0.03824271634221077,0.8679832921716693
DTSR14,mobilenetv3,motion_blur_15,136,8,0.11888968199491501,0.8430011868476868,0.038109149783849716,0.7526110980904595
DTSR14,mobilenetv3,motion_blur_15,137,8,0.2818533182144165,0.6831318736076355,0.03501483425498009,1.0598305712435727
DTSR14,mobilenetv3,motion_blur_15,138,8,0.05175013840198517,0.19614286720752716,0.7521070837974548,0.9911406092592886
DTSR14,mobilenetv3,motion_blur_15,139,8,0.3124857544898987,0.03646843135356903,0.6510458588600159,1.1017187810798699
DTSR14,mobilenetv3,motion_blur_15,140,8,0.046108994632959366,0.17914897203445435,0.7747420072555542,0.934365459937025
DTSR14,mobilenetv3,motion_blur_15,141,8,0.9589145183563232,0.010683691129088402,0.03040173649787903,0.2812163648469401
DTSR14,mobilenetv3,motion_blur_15,142,8,0.7116579413414001,0.03614700958132744,0.2521950900554657,1.0235948877139407
DTSR14,mobilenetv3,motion_blur_15,143,9,0.830281674861908,0.130376398563385,0.039341822266578674,0.7896348049925299
DTSR14,mobilenetv3,motion_blur_15,144,9,0.03501448780298233,0.7367430925369263,0.2282424420118332,0.9805254092735853
DTSR14,mobilenetv3,motion_blur_15,145,9,0.620155394077301,0.3333132863044739,0.046531327068805695,1.161721609775312
DTSR14,mobilenetv3,motion_blur_15,146,9,0.04452892020344734,0.8068444132804871,0.14862658083438873,0.8584828571558603
DTSR14,mobilenetv3,motion_blur_15,147,9,0.04370946064591408,0.7433422207832336,0.2129482924938202,0.9906434169325806
DTSR14,mobilenetv3,motion_blur_15,148,9,0.039245765656232834,0.2120712697505951,0.748682975769043,0.9704431945410328
DTSR14,mobilenetv3,motion_blur_15,149,9,0.043621789664030075,0.7231703996658325,0.2332078069448471,1.025076646052041
DTSR14,mobilenetv3,motion_blur_15,150,9,0.04083728790283203,0.2001330405473709,0.7590296864509583,0.9548451135226994
DTSR14,mobilenetv3,motion_blur_15,151,9,0.4198729395866394,0.033312421292066574,0.5468146204948425,1.165368985676204
DTSR14,mobilenetv3,motion_blur_15,152,9,0.03338317573070526,0.6648658514022827,0.3017510175704956,1.0768493456674242
DTSR14,mobilenetv3,motion_blur_15,153,9,0.26134857535362244,0.04978521913290024,0.6888661980628967,1.091842159078503
DTSR14,mobilenetv3,motion_blur_15,154,9,0.03431827202439308,0.688875675201416,0.2768060564994812,1.0502881751102122
DTSR14,mobilenetv3,motion_blur_15,155,9,0.05062791332602501,0.5165135264396667,0.432858407497406,1.2331062068761538
DTSR14,mobilenetv3,motion_blur_15,156,9,0.32473042607307434,0.6229763627052307,0.052293211221694946,1.174897251758738
DTSR14,mobilenetv3,motion_blur_15,157,9,0.045328978449106216,0.7152429819107056,0.23942799866199493,1.0419195636082088
DTSR14,mobilenetv3,motion_blur_15,158,9,0.03610307350754738,0.7753181457519531,0.18857890367507935,0.9115105782951638
DTSR14,mobilenetv3,motion_blur_15,159,9,0.799037516117096,0.047076039016246796,0.15388651192188263,0.8816752333735955
DTSR14,mobilenetv3,motion_blur_15,160,9,0.4292081892490387,0.5148032903671265,0.055988509207963943,1.2497159215947098
DTSR14,mobilenetv3,motion_blur_15,161,9,0.07155626267194748,0.13274061679840088,0.7957029938697815,0.9213130346530147
DTSR14,mobilenetv3,motion_blur_15,162,9,0.0615680031478405,0.36801889538764954,0.5704129934310913,1.2403339142720644
DTSR14,mobilenetv3,motion_blur_15,163,9,0.08899807184934616,0.6048031449317932,0.30619874596595764,1.2721945705629187
DTSR14,mobilenetv3,motion_blur_15,164,9,0.7822977304458618,0.15675871074199677,0.0609435997903347,0.9421655545100968
DTSR14,mobilenetv3,motion_blur_15,165,10,0.25891560316085815,0.6630094051361084,0.07807493954896927,1.185076915420127
DTSR14,mobilenetv3,motion_blur_15,166,10,0.28948497772216797,0.6427622437477112,0.06775280833244324,1.1907023373600705
DTSR14,mobilenetv3,motion_blur_15,167,10,0.9265658855438232,0.03425675630569458,0.03917736932635307,0.451806490414462
DTSR14,mobilenetv3,motion_blur_15,168,10,0.04100366681814194,0.7191354632377625,0.23986095190048218,1.025065149362316
DTSR14,mobilenetv3,motion_blur_15,169,10,0.34434255957603455,0.10525769740343094,0.5503997802734375,1.3456457935384964
DTSR14,mobilenetv3,motion_blur_15,170,10,0.38984501361846924,0.18856042623519897,0.42159461975097656,1.5089934658318833
DTSR14,mobilenetv3,motion_blur_15,171,10,0.28279340267181396,0.5596919655799866,0.15751463174819946,1.4039313628857557
DTSR14,mobilenetv3,motion_blur_15,172,10,0.23217086493968964,0.652193009853363,0.11563599109649658,1.2511833323286987
DTSR14,mobilenetv3,motion_blur_15,173,11,0.058308809995651245,0.9030468463897705,0.03864436596632004,0.553318373086135
DTSR14,mobilenetv3,motion_blur_15,174,11,0.22192275524139404,0.741523027420044,0.036554187536239624,0.9764107363503662
DTSR14,mobilenetv3,motion_blur_15,175,11,0.2961534857749939,0.057255636900663376,0.6465908288955688,1.162938039670457
DTSR14,mobilenetv3,motion_blur_15,176,11,0.9332582354545593,0.05338146537542343,0.013360178098082542,0.4018511266224715
DTSR14,mobilenetv3,motion_blur_15,177,11,0.9410697817802429,0.043018490076065063,0.01591167226433754,0.37277176434376397
DTSR14,mobilenetv3,motion_blur_15,178,11,0.27051588892936707,0.4859027862548828,0.24358130991458893,1.51250531300537
DTSR14,mobilenetv3,motion_blur_15,179,12,0.16937249898910522,0.4771117568016052,0.3535158038139343,1.4735791976608694
DTSR14,mobilenetv3,motion_blur_15,180,12,0.040579237043857574,0.7437765598297119,0.21564410626888275,0.9825186308366705
DTSR14,mobilenetv3,motion_blur_15,181,12,0.4611223638057709,0.042673032730817795,0.4962046444416046,1.210815864450147
DTSR14,mobilenetv3,motion_blur_15,182,12,0.4246598780155182,0.5337426066398621,0.04159754142165184,1.1989966450697345
DTSR14,mobilenetv3,motion_blur_15,183,12,0.31378698348999023,0.6663424372673035,0.019870584830641747,1.0272823939880273
DTSR14,mobilenetv3,motion_blur_15,184,12,0.035905592143535614,0.5828704833984375,0.38122376799583435,1.1566389632218048
DTSR14,mobilenetv3,motion_blur_15,185,12,0.2678023874759674,0.20388628542423248,0.5283113718032837,1.463107871169003
DTSR14,mobilenetv3,motion_blur_15,186,12,0.03419876843690872,0.27688536047935486,0.6889158487319946,1.0498750684849332
DTSR14,mobilenetv3,motion_blur_15,187,12,0.04939034581184387,0.701664924621582,0.24894481897354126,1.0723975562721921
DTSR14,mobilenetv3,motion_blur_15,188,12,0.3573170602321625,0.4218181371688843,0.22086487710475922,1.537022482552923
DTSR14,mobilenetv3,motion_blur_15,189,12,0.3836073875427246,0.03883495554327965,0.5775576233863831,1.1696639771127102
DTSR14,mobilenetv3,motion_blur_15,190,12,0.5406082272529602,0.03732866421341896,0.42206311225891113,1.1820216314542586
DTSR14,mobilenetv3,motion_blur_15,191,12,0.3244471549987793,0.059636544436216354,0.6159163117408752,1.2001102002144814
DTSR14,mobilenetv3,motion_blur_15,192,12,0.6175860166549683,0.33534717559814453,0.0470668263733387,1.1655232260054016
DTSR14,mobilenetv3,motion_blur_15,193,12,0.5136265754699707,0.441845566034317,0.044527847319841385,1.2142587871776516
DTSR14,mobilenetv3,motion_blur_15,194,12,0.055802613496780396,0.24033351242542267,0.7038639187812805,1.0832748462453288
DTSR14,mobilenetv3,motion_blur_15,195,12,0.3611892759799957,0.03980066999793053,0.5990099310874939,1.158641850914723
DTSR14,mobilenetv3,motion_blur_15,196,13,0.039444006979465485,0.21364805102348328,0.7469078302383423,0.9741437712880845
DTSR14,mobilenetv3,motion_blur_15,197,13,0.013149764388799667,0.17866136133670807,0.808188796043396,0.7743948961880721
DTSR14,mobilenetv3,motion_blur_15,198,13,0.03960401192307472,0.2834864854812622,0.6769094467163086,1.0811224285966357
DTSR14,mobilenetv3,motion_blur_15,199,13,0.04043419659137726,0.1479232907295227,0.811642587184906,0.8393492319803311
DTSR14,mobilenetv3,zoom_blur_1.2,0,0,0.03238093852996826,0.4897123873233795,0.47790664434432983,1.1737102490470632
DTSR14,mobilenetv3,zoom_blur_1.2,1,0,0.040940843522548676,0.1376023143529892,0.8214569091796875,0.8155715278071161
DTSR14,mobilenetv3,zoom_blur_1.2,2,0,0.5228171348571777,0.042111922055482864,0.4350709021091461,1.2039746973238907
DTSR14,mobilenetv3,zoom_blur_1.2,3,0,0.041861068457365036,0.4970097243785858,0.46112915873527527,1.2079304642433513
DTSR14,mobilenetv3,zoom_blur_1.2,4,0,0.5323965549468994,0.42326053977012634,0.04434286057949066,1.2085085164746296
DTSR14,mobilenetv3,zoom_blur_1.2,5,0,0.3032080829143524,0.03497256711125374,0.6618193984031677,1.0853006832196417
DTSR14,mobilenetv3,zoom_blur_1.2,6,0,0.031389474868774414,0.45136404037475586,0.5172464847564697,1.1666884034311131
DTSR14,mobilenetv3,zoom_blur_1.2,7,1,0.03450316935777664,0.4896252751350403,0.4758714437484741,1.1818505534037194
DTSR14,mobilenetv3,zoom_blur_1.2,8,1,0.034446846693754196,0.4680263102054596,0.4975268542766571,1.1811271415655464
DTSR14,mobilenetv3,zoom_blur_1.2,9,1,0.048787206411361694,0.45442941784858704,0.49678340554237366,1.2310745616199252
DTSR14,mobilenetv3,zoom_blur_1.2,10,1,0.035480719059705734,0.43534645438194275,0.5291728973388672,1.179098037690858
DTSR14,mobilenetv3,zoom_blur_1.2,11,1,0.03149028867483139,0.29675182700157166,0.6717578768730164,1.062791952002892
DTSR14,mobilenetv3,zoom_blur_1.2,12,1,0.04253930225968361,0.41764405369758606,0.5398165583610535,1.2000007537693358
DTSR14,mobilenetv3,zoom_blur_1.2,13,1,0.022766588255763054,0.5367765426635742,0.4404567778110504,1.1270784274749592
DTSR14,mobilenetv3,zoom_blur_1.2,14,2,0.16693371534347534,0.4797421991825104,0.3533240854740143,1.469816469392851
DTSR14,mobilenetv3,zoom_blur_1.2,15,2,0.1908823698759079,0.45514851808547974,0.35396909713745117,1.503280587660313
DTSR14,mobilenetv3,zoom_blur_1.2,16,2,0.3800354599952698,0.29035675525665283,0.3296077251434326,1.5762378165365507
DTSR14,mobilenetv3,zoom_blur_1.2,17,2,0.5789582133293152,0.03994818031787872,0.38109368085861206,1.1724783456520562
DTSR14,mobilenetv3,zoom_blur_1.2,18,2,0.5558237433433533,0.03664917126297951,0.40752705931663513,1.1735297996116585
DTSR14,mobilenetv3,zoom_blur_1.2,19,2,0.22736619412899017,0.3495396375656128,0.42309409379959106,1.5409666847120864
DTSR14,mobilenetv3,zoom_blur_1.2,20,2,0.5010883808135986,0.05417231470346451,0.44473937153816223,1.2472675953657424
DTSR14,mobilenetv3,zoom_blur_1.2,21,2,0.4044538140296936,0.34914693236351013,0.2463991492986679,1.5561911631760585
DTSR14,mobilenetv3,zoom_blur_1.2,22,2,0.5771187543869019,0.051914241164922714,0.37096700072288513,1.2099646826417776
DTSR14,mobilenetv3,zoom_blur_1.2,23,2,0.16993539035320282,0.5869208574295044,0.24314367771148682,1.3817594526242716
DTSR14,mobilenetv3,zoom_blur_1.2,24,2,0.42936432361602783,0.19305530190467834,0.377580463886261,1.5123652521523008
DTSR14,mobilenetv3,zoom_blur_1.2,25,2,0.41303750872612,0.33492136001586914,0.2520411014556885,1.5565603249037876
DTSR14,mobilenetv3,zoom_blur_1.2,26,2,0.486625611782074,0.4635677635669708,0.04980665445327759,1.2353647543591686
DTSR14,mobilenetv3,zoom_blur_1.2,27,2,0.03843436390161514,0.4384397566318512,0.5231258273124695,1.1912457482940446
DTSR14,mobilenetv3,zoom_blur_1.2,28,2,0.035020262002944946,0.5720949172973633,0.392884761095047,1.159806716497234
DTSR14,mobilenetv3,zoom_blur_1.2,29,2,0.2876043915748596,0.40259063243865967,0.30980488657951355,1.5692599639541318
DTSR14,mobilenetv3,zoom_blur_1.2,30,2,0.47518131136894226,0.03375314548611641,0.4910655617713928,1.1789362932919052
DTSR14,mobilenetv3,zoom_blur_1.2,31,2,0.40236398577690125,0.024777280166745186,0.5728588104248047,1.1210928990869273
DTSR14,mobilenetv3,zoom_blur_1.2,32,2,0.26796239614486694,0.3737751245498657,0.35826244950294495,1.5703260445967204
DTSR14,mobilenetv3,zoom_blur_1.2,33,2,0.27829816937446594,0.6759397983551025,0.04576203227043152,1.0990987518329982
DTSR14,mobilenetv3,zoom_blur_1.2,34,2,0.4040912091732025,0.05122986435890198,0.5446789264678955,1.2252859847060569
DTSR14,mobilenetv3,zoom_blur_1.2,35,2,0.4838428795337677,0.4778309762477875,0.03832612931728363,1.1962109650733963
DTSR14,mobilenetv3,zoom_blur_1.2,36,2,0.033559828996658325,0.30907729268074036,0.6573628187179565,1.085772332817232
DTSR14,mobilenetv3,zoom_blur_1.2,37,2,0.03409556671977043,0.6404350399971008,0.3254692852497101,1.104978390837172
DTSR14,mobilenetv3,zoom_blur_1.2,38,2,0.4361380934715271,0.5045266151428223,0.05933539569377899,1.2618758957824072
DTSR14,mobilenetv3,zoom_blur_1.2,39,3,0.09121380746364594,0.5861219763755798,0.32266417145729065,1.293401654920165
DTSR14,mobilenetv3,zoom_blur_1.2,40,3,0.05953863635659218,0.2931451201438904,0.6473163366317749,1.1674459787799556
DTSR14,mobilenetv3,zoom_blur_1.2,41,3,0.04127665236592293,0.6726601123809814,0.28606319427490234,1.091121440512604
DTSR14,mobilenetv3,zoom_blur_1.2,42,4,0.04955122992396355,0.5642222166061401,0.3862265348434448,1.2107482024652212
DTSR14,mobilenetv3,zoom_blur_1.2,43,4,0.053290631622076035,0.43907687067985535,0.507632315158844,1.2433393899177823
DTSR14,mobilenetv3,zoom_blur_1.2,44,4,0.07718716561794281,0.4823095202445984,0.4405032992362976,1.313635778366821
DTSR14,mobilenetv3,zoom_blur_1.2,45,4,0.03780582174658775,0.6180768013000488,0.3441173732280731,1.137280981746653
DTSR14,mobilenetv3,zoom_blur_1.2,46,4,0.1182839572429657,0.4823324978351593,0.3993835747241974,1.4004865792845407
DTSR14,mobilenetv3,zoom_blur_1.2,47,4,0.04689571261405945,0.311612606048584,0.641491711139679,1.1420770475676987
DTSR14,mobilenetv3,zoom_blur_1.2,48,4,0.05520400032401085,0.45183464884757996,0.4929613173007965,1.2516089763537304
DTSR14,mobilenetv3,zoom_blur_1.2,49,4,0.0045012845657765865,0.42708826065063477,0.5684104561805725,1.0225467136861515
DTSR14,mobilenetv3,zoom_blur_1.2,50,4,0.6902860999107361,0.26934659481048584,0.04036726430058479,1.0657754995576405
DTSR14,mobilenetv3,zoom_blur_1.2,51,4,0.38832688331604004,0.25332850217819214,0.35834458470344543,1.5623139964817665
DTSR14,mobilenetv3,zoom_blur_1.2,52,5,0.26299360394477844,0.40887314081192017,0.32813331484794617,1.5618433962844356
DTSR14,mobilenetv3,zoom_blur_1.2,53,5,0.4589221775531769,0.198360875248909,0.3427169620990753,1.5080827761878448
DTSR14,mobilenetv3,zoom_blur_1.2,54,5,0.19189387559890747,0.4338327944278717,0.37427327036857605,1.5103533016601753
DTSR14,mobilenetv3,zoom_blur_1.2,55,5,0.37523287534713745,0.22919075191020966,0.3955763578414917,1.5470198377877167
DTSR14,mobilenetv3,zoom_blur_1.2,56,5,0.1513979136943817,0.37278932332992554,0.47581279277801514,1.4528851349913885
DTSR14,mobilenetv3,zoom_blur_1.2,57,5,0.06322801113128662,0.7312700748443604,0.2055019587278366,1.0511564205978408
DTSR14,mobilenetv3,zoom_blur_1.2,58,5,0.66813725233078,0.3010879158973694,0.030774911865592003,1.0646730306867043
DTSR14,mobilenetv3,zoom_blur_1.2,59,5,0.3792796730995178,0.4101158380508423,0.2106044888496399,1.5311629989033222
DTSR14,mobilenetv3,zoom_blur_1.2,60,5,0.3461262583732605,0.3731360137462616,0.2807377278804779,1.5749845283549884
DTSR14,mobilenetv3,zoom_blur_1.2,61,5,0.3409220576286316,0.3516140580177307,0.30746394395828247,1.5826412684805071
DTSR14,mobilenetv3,zoom_blur_1.2,62,5,0.32562729716300964,0.33548128604888916,0.33889147639274597,1.5847565434969573
DTSR14,mobilenetv3,zoom_blur_1.2,63,5,0.1809045523405075,0.6581141948699951,0.1609811782836914,1.2676595955708276
DTSR14,mobilenetv3,zoom_blur_1.2,64,5,0.2974061667919159,0.35017669200897217,0.35241708159446716,1.5806857525316862
DTSR14,mobilenetv3,zoom_blur_1.2,65,5,0.4433023929595947,0.3469252586364746,0.20977231860160828,1.5227749345025243
DTSR14,mobilenetv3,zoom_blur_1.2,66,5,0.4311191737651825,0.39842092990875244,0.17045988142490387,1.4873658649849197
DTSR14,mobilenetv3,zoom_blur_1.2,67,5,0.2332383096218109,0.3780319392681122,0.38872984051704407,1.5502678359883724
DTSR14,mobilenetv3,zoom_blur_1.2,68,5,0.36548855900764465,0.15349996089935303,0.4810115694999695,1.4536220833084759
DTSR14,mobilenetv3,zoom_blur_1.2,69,5,0.36966967582702637,0.31443876028060913,0.3158915936946869,1.580746034511351
DTSR14,mobilenetv3,zoom_blur_1.2,70,5,0.3885144889354706,0.463776558637619,0.1477089673280716,1.4515678321064622
DTSR14,mobilenetv3,zoom_blur_1.2,71,5,0.35892608761787415,0.3197338879108429,0.32134002447128296,1.5828591587763623
DTSR14,mobilenetv3,zoom_blur_1.2,72,5,0.3960508704185486,0.56832355260849,0.03562554717063904,1.1639186694010168
DTSR14,mobilenetv3,zoom_blur_1.2,73,5,0.05730578675866127,0.6488492488861084,0.2938448488712311,1.160494038566038
DTSR14,mobilenetv3,zoom_blur_1.2,74,5,0.6900383234024048,0.07745254039764404,0.23250915110111237,1.144534303382252
DTSR14,mobilenetv3,zoom_blur_1.2,75,5,0.4388306438922882,0.38834479451179504,0.17282453179359436,1.4890768686143667
DTSR14,mobilenetv3,zoom_blur_1.2,76,5,0.43950608372688293,0.3588908612728119,0.20160304009914398,1.5176379124875212
DTSR14,mobilenetv3,zoom_blur_1.2,77,5,0.38468801975250244,0.4356991946697235,0.17961275577545166,1.4973269388880062
DTSR14,mobilenetv3,zoom_blur_1.2,78,5,0.03188542276620865,0.42442259192466736,0.5436921119689941,1.1612490742448314
DTSR14,mobilenetv3,zoom_blur_1.2,79,5,0.05183040350675583,0.640672504901886,0.3074970841407776,1.1560108470354749
DTSR14,mobilenetv3,zoom_blur_1.2,80,5,0.04914148896932602,0.6613546013832092,0.2895039916038513,1.1258475744235859
DTSR14,mobilenetv3,zoom_blur_1.2,81,5,0.5192717909812927,0.17511828243732452,0.30560988187789917,1.453781738274456
DTSR14,mobilenetv3,zoom_blur_1.2,82,5,0.7389534711837769,0.11105365306138992,0.149992898106575,1.0851625080574314
DTSR14,mobilenetv3,zoom_blur_1.2,83,5,0.7890654802322388,0.06400913745164871,0.1469254493713379,0.930042269500479
DTSR14,mobilenetv3,zoom_blur_1.2,84,5,0.6036573052406311,0.34400874376296997,0.05233397334814072,1.191916873542167
DTSR14,mobilenetv3,zoom_blur_1.2,85,5,0.0337299183011055,0.3123565912246704,0.6539134383201599,1.0900338681301591
DTSR14,mobilenetv3,zoom_blur_1.2,86,5,0.5164061784744263,0.17844492197036743,0.3051488697528839,1.4585886232951428
DTSR14,mobilenetv3,zoom_blur_1.2,87,5,0.8707841634750366,0.06483941525220871,0.06437649577856064,0.6844985688022789
DTSR14,mobilenetv3,zoom_blur_1.2,88,5,0.3631002604961395,0.3770148456096649,0.25988486409187317,1.5664990038252107
DTSR14,mobilenetv3,zoom_blur_1.2,89,5,0.04963003098964691,0.7635805606842041,0.18678946793079376,0.9643015667294359
DTSR14,mobilenetv3,zoom_blur_1.2,90,5,0.25409141182899475,0.03450080007314682,0.7114077210426331,1.0192903760314955
DTSR14,mobilenetv3,zoom_blur_1.2,91,5,0.636561930179596,0.31634819507598877,0.04708978533744812,1.1476628446730626
DTSR14,mobilenetv3,zoom_blur_1.2,92,5,0.3205009698867798,0.43656304478645325,0.24293610453605652,1.544067141111519
DTSR14,mobilenetv3,zoom_blur_1.2,93,5,0.30634576082229614,0.38655245304107666,0.3071017265319824,1.5759855151707756
DTSR14,mobilenetv3,zoom_blur_1.2,94,5,0.2559765875339508,0.4049316942691803,0.3390916883945465,1.5604292157049993
DTSR14,mobilenetv3,zoom_blur_1.2,95,5,0.49746978282928467,0.22882738709449768,0.2737027704715729,1.499617189674762
DTSR14,mobilenetv3,zoom_blur_1.2,96,5,0.5740931630134583,0.3822381794452667,0.0436687245965004,1.1872453499888425
DTSR14,mobilenetv3,zoom_blur_1.2,97,5,0.3684125244617462,0.3832377791404724,0.24834977090358734,1.5600913578805669
DTSR14,mobilenetv3,zoom_blur_1.2,98,5,0.38933873176574707,0.2943122088909149,0.3163491189479828,1.5744589865170169
DTSR14,mobilenetv3,zoom_blur_1.2,99,5,0.6045973896980286,0.051221538335084915,0.34418103098869324,1.1881138088390912
DTSR14,mobilenetv3,zoom_blur_1.2,100,5,0.3152749538421631,0.33801573514938354,0.34670934081077576,1.5838143612643267
DTSR14,mobilenetv3,zoom_blur_1.2,101,5,0.26200440526008606,0.32789942622184753,0.41009607911109924,1.5611340145027133
DTSR14,mobilenetv3,zoom_blur_1.2,102,5,0.5022314786911011,0.22073908150196075,0.27702951431274414,1.4931525198254745
DTSR14,mobilenetv3,zoom_blur_1.2,103,5,0.8412793278694153,0.04972517117857933,0.10899541527032852,0.7736015893075652
DTSR14,mobilenetv3,zoom_blur_1.2,104,5,0.4954566955566406,0.3629014790058136,0.14164182543754578,1.4320551924622613
DTSR14,mobilenetv3,zoom_blur_1.2,105,5,0.4351066052913666,0.2730948030948639,0.29179853200912476,1.5522614150464582
DTSR14,mobilenetv3,zoom_blur_1.2,106,5,0.038538701832294464,0.8367708921432495,0.1246904730796814,0.7706848444752992
DTSR14,mobilenetv3,zoom_blur_1.2,107,5,0.483040452003479,0.2553934156894684,0.261566162109375,1.516076319201884
DTSR14,mobilenetv3,zoom_blur_1.2,108,5,0.03723945468664169,0.6652836203575134,0.29747694730758667,1.088267683814109
DTSR14,mobilenetv3,zoom_blur_1.2,109,5,0.5188296437263489,0.3096045255661011,0.17156580090522766,1.4511758556401988
DTSR14,mobilenetv3,zoom_blur_1.2,110,5,0.5046926140785217,0.35718998312950134,0.1381174623966217,1.4228704668155188
DTSR14,mobilenetv3,zoom_blur_1.2,111,5,0.3066474497318268,0.25966620445251465,0.4336863160133362,1.550772972851635
DTSR14,mobilenetv3,zoom_blur_1.2,112,5,0.5669499635696411,0.3962722718715668,0.036777742207050323,1.168608800326334
DTSR14,mobilenetv3,zoom_blur_1.2,113,5,0.47042810916900635,0.349578320980072,0.17999354004859924,1.4871749497539026
DTSR14,mobilenetv3,zoom_blur_1.2,114,5,0.3642609119415283,0.407755970954895,0.22798316180706024,1.5447271384200254
DTSR14,mobilenetv3,zoom_blur_1.2,115,5,0.3714836835861206,0.2715826630592346,0.3569336235523224,1.5719341790705998
DTSR14,mobilenetv3,zoom_blur_1.2,116,5,0.5524649620056152,0.4123495817184448,0.035185523331165314,1.1698489907858973
DTSR14,mobilenetv3,zoom_blur_1.2,117,5,0.36024343967437744,0.4196455180644989,0.22011104226112366,1.5369922694557179
DTSR14,mobilenetv3,zoom_blur_1.2,118,6,0.050686951726675034,0.3015621304512024,0.6477508544921875,1.1454198504786213
DTSR14,mobilenetv3,zoom_blur_1.2,119,6,0.29404330253601074,0.17860160768032074,0.5273550152778625,1.4499382675820538
DTSR14,mobilenetv3,zoom_blur_1.2,120,6,0.05816805362701416,0.6829280853271484,0.258903831243515,1.1191794084305657
DTSR14,mobilenetv3,zoom_blur_1.2,121,6,0.2116258293390274,0.1424524486064911,0.6459217667579651,1.2819247599340964
DTSR14,mobilenetv3,zoom_blur_1.2,122,6,0.06942722946405411,0.24192261695861816,0.6886500716209412,1.1330905554003161
DTSR14,mobilenetv3,zoom_blur_1.2,123,6,0.09565125405788422,0.49487602710723877,0.40947264432907104,1.3535791050363501
DTSR14,mobilenetv3,zoom_blur_1.2,124,7,0.03735179454088211,0.5222253203392029,0.4404229521751404,1.1876435077491994
DTSR14,mobilenetv3,zoom_blur_1.2,125,7,0.5994455814361572,0.3679228723049164,0.032631490379571915,1.134429044128367
DTSR14,mobilenetv3,zoom_blur_1.2,126,7,0.5555859804153442,0.4015584886074066,0.04285554587841034,1.1944215912449865
DTSR14,mobilenetv3,zoom_blur_1.2,127,7,0.62781822681427,0.3268511891365051,0.04533049464225769,1.1512649553557714
DTSR14,mobilenetv3,zoom_blur_1.2,128,7,0.7795661091804504,0.03496577963232994,0.1854681521654129,0.9000537093524984
DTSR14,mobilenetv3,zoom_blur_1.2,129,7,0.428881973028183,0.5325227975845337,0.038595158606767654,1.1891433651185426
DTSR14,mobilenetv3,zoom_blur_1.2,130,7,0.6054763197898865,0.35729750990867615,0.03722605109214783,1.145527016923047
DTSR14,mobilenetv3,zoom_blur_1.2,131,7,0.03388667106628418,0.7793009877204895,0.1868123859167099,0.8979739813997079
DTSR14,mobilenetv3,zoom_blur_1.2,132,7,0.5064947605133057,0.4637717306613922,0.029733454808592796,1.1619625004914649
DTSR14,mobilenetv3,zoom_blur_1.2,133,7,0.022344937548041344,0.41005370020866394,0.5676013827323914,1.1136726097183345
DTSR14,mobilenetv3,zoom_blur_1.2,134,7,0.47409579157829285,0.4849840998649597,0.04092014953494072,1.2054859251526793
DTSR14,mobilenetv3,zoom_blur_1.2,135,7,0.47317853569984436,0.49507856369018555,0.03174296021461487,1.1709584783759988
DTSR14,mobilenetv3,zoom_blur_1.2,136,8,0.21362845599651337,0.027303365990519524,0.7590681910514832,0.9194282996172345
DTSR14,mobilenetv3,zoom_blur_1.2,137,8,0.20478171110153198,0.4222566485404968,0.3729616403579712,1.5244016500451982
DTSR14,mobilenetv3,zoom_blur_1.2,138,8,0.04407556727528572,0.34990909695625305,0.6060153245925903,1.1664957996660483
DTSR14,mobilenetv3,zoom_blur_1.2,139,8,0.0443059504032135,0.29872822761535645,0.6569658517837524,1.1181202448236935
DTSR14,mobilenetv3,zoom_blur_1.2,140,8,0.049795009195804596,0.2915296256542206,0.6586753129959106,1.130688566049323
DTSR14,mobilenetv3,zoom_blur_1.2,141,8,0.19446521997451782,0.7707765698432922,0.03475826233625412,0.9173792221309425
DTSR14,mobilenetv3,zoom_blur_1.2,142,8,0.601507306098938,0.37345409393310547,0.02503853291273117,1.1049877068806218
DTSR14,mobilenetv3,zoom_blur_1.2,143,9,0.8144077062606812,0.14742009341716766,0.03817220404744148,0.8282242774777627
DTSR14,mobilenetv3,zoom_blur_1.2,144,9,0.031863320618867874,0.3377690017223358,0.630367636680603,1.1069901858706062
DTSR14,mobilenetv3,zoom_blur_1.2,145,9,0.32764846086502075,0.6134894490242004,0.05886213481426239,1.200425118140892
DTSR14,mobilenetv3,zoom_blur_1.2,146,9,0.037499282509088516,0.37136346101760864,0.591137170791626,1.1566871520877096
DTSR14,mobilenetv3,zoom_blur_1.2,147,9,0.6169096827507019,0.03553551435470581,0.3475547432899475,1.1309066882931407
DTSR14,mobilenetv3,zoom_blur_1.2,148,9,0.028276678174734116,0.5066323280334473,0.46509090065956116,1.1561163555102962
DTSR14,mobilenetv3,zoom_blur_1.2,149,9,0.04906877130270004,0.3712790310382843,0.5796523094177246,1.2001537039607806
DTSR14,mobilenetv3,zoom_blur_1.2,150,9,0.041306719183921814,0.5185834169387817,0.44010987877845764,1.2023062686337211
DTSR14,mobilenetv3,zoom_blur_1.2,151,9,0.3500635623931885,0.31880101561546326,0.33113542199134827,1.5838923831046494
DTSR14,mobilenetv3,zoom_blur_1.2,152,9,0.03959708660840988,0.554176390171051,0.4062265157699585,1.1843383502859504
DTSR14,mobilenetv3,zoom_blur_1.2,153,9,0.04317616671323776,0.5828855633735657,0.37393826246261597,1.1803126111752413
DTSR14,mobilenetv3,zoom_blur_1.2,154,9,0.03148805722594261,0.46502813696861267,0.503483772277832,1.1692105800648789
DTSR14,mobilenetv3,zoom_blur_1.2,155,9,0.04978465288877487,0.6229689121246338,0.32724636793136597,1.1681930565095362
DTSR14,mobilenetv3,zoom_blur_1.2,156,9,0.3608779311180115,0.5970298051834106,0.04209235683083534,1.1672806300670047
DTSR14,mobilenetv3,zoom_blur_1.2,157,9,0.0513245053589344,0.40336111187934875,0.5453144311904907,1.225292642636361
DTSR14,mobilenetv3,zoom_blur_1.2,158,9,0.387633740901947,0.45177799463272095,0.1605883091688156,1.4715875747451281
DTSR14,mobilenetv3,zoom_blur_1.2,159,9,0.5464642643928528,0.043477628380060196,0.4100581407546997,1.2004583428500077
DTSR14,mobilenetv3,zoom_blur_1.2,160,9,0.3825368285179138,0.573010265827179,0.044452961534261703,1.1903235683620925
DTSR14,mobilenetv3,zoom_blur_1.2,161,9,0.05942600965499878,0.4818989932537079,0.4586750268936157,1.2653224668045406
DTSR14,mobilenetv3,zoom_blur_1.2,162,9,0.06779540330171585,0.4646085798740387,0.46759602427482605,1.2898398318078277
DTSR14,mobilenetv3,zoom_blur_1.2,163,9,0.131195530295372,0.04974750429391861,0.8190569281578064,0.8356580681672734
DTSR14,mobilenetv3,zoom_blur_1.2,164,9,0.3981287479400635,0.5551369190216064,0.04673423990607262,1.206885194519507
DTSR14,mobilenetv3,zoom_blur_1.2,165,10,0.34496256709098816,0.19918741285800934,0.4558500051498413,1.5100009793186282
DTSR14,mobilenetv3,zoom_blur_1.2,166,10,0.2209826409816742,0.7327786087989807,0.0462387278676033,1.0150448565401458
DTSR14,mobilenetv3,zoom_blur_1.2,167,10,0.3788607120513916,0.5863187313079834,0.03482047840952873,1.1507791732473471
DTSR14,mobilenetv3,zoom_blur_1.2,168,10,0.04763267561793327,0.19876578450202942,0.7536015510559082,0.9800576304491372
DTSR14,mobilenetv3,zoom_blur_1.2,169,10,0.32282546162605286,0.23020966351032257,0.4469648599624634,1.5336628983859402
DTSR14,mobilenetv3,zoom_blur_1.2,170,10,0.46325555443763733,0.4833545982837677,0.05338986590504646,1.2469282360476992
DTSR14,mobilenetv3,zoom_blur_1.2,171,10,0.7106150388717651,0.2157210111618042,0.0736638605594635,1.1047624141372532
DTSR14,mobilenetv3,zoom_blur_1.2,172,10,0.6257328987121582,0.33664003014564514,0.03762716054916382,1.1300564425962258
DTSR14,mobilenetv3,zoom_blur_1.2,173,11,0.20550371706485748,0.6436256766319275,0.15087060630321503,1.289941249053051
DTSR14,mobilenetv3,zoom_blur_1.2,174,11,0.27347955107688904,0.6765092015266418,0.05001126229763031,1.1090994326267278
DTSR14,mobilenetv3,zoom_blur_1.2,175,11,0.37741124629974365,0.11589980125427246,0.5066889524459839,1.3878740610490004
DTSR14,mobilenetv3,zoom_blur_1.2,176,11,0.12836790084838867,0.8074747323989868,0.06415731459856033,0.8835015978446035
DTSR14,mobilenetv3,zoom_blur_1.2,177,11,0.8268980383872986,0.05731756612658501,0.11578437685966492,0.8233247224224581
DTSR14,mobilenetv3,zoom_blur_1.2,178,11,0.7826914191246033,0.15254783630371094,0.06476063281297684,0.9462034332043754
DTSR14,mobilenetv3,zoom_blur_1.2,179,12,0.2584998607635498,0.3712595999240875,0.37024053931236267,1.5659733230424822
DTSR14,mobilenetv3,zoom_blur_1.2,180,12,0.03763935714960098,0.5489905476570129,0.4133699834346771,1.179890049811661
DTSR14,mobilenetv3,zoom_blur_1.2,181,12,0.019523561000823975,0.48248180747032166,0.497994601726532,1.1190564436340245
DTSR14,mobilenetv3,zoom_blur_1.2,182,12,0.2914121448993683,0.3339413106441498,0.3746465742588043,1.5774385966042037
DTSR14,mobilenetv3,zoom_blur_1.2,183,12,0.4224061071872711,0.23533974587917328,0.342254102230072,1.54579283060187
DTSR14,mobilenetv3,zoom_blur_1.2,184,12,0.03865661844611168,0.5354669690132141,0.4258764088153839,1.188410509686666
DTSR14,mobilenetv3,zoom_blur_1.2,185,12,0.36930161714553833,0.2802669405937195,0.3504313826560974,1.575190420891449
DTSR14,mobilenetv3,zoom_blur_1.2,186,12,0.039557721465826035,0.4693058431148529,0.49113643169403076,1.200344984217617
DTSR14,mobilenetv3,zoom_blur_1.2,187,12,0.04408274218440056,0.2993197739124298,0.6565974950790405,1.1179226926858086
DTSR14,mobilenetv3,zoom_blur_1.2,188,12,0.2993629574775696,0.46838539838790894,0.2322515994310379,1.5226010379263417
DTSR14,mobilenetv3,zoom_blur_1.2,189,12,0.2704755663871765,0.408429354429245,0.3210950493812561,1.5641107449340739
DTSR14,mobilenetv3,zoom_blur_1.2,190,12,0.2649252116680145,0.3778206706047058,0.35725414752960205,1.5687476529045643
DTSR14,mobilenetv3,zoom_blur_1.2,191,12,0.34630388021469116,0.4192209541797638,0.23447522521018982,1.5462385109287875
DTSR14,mobilenetv3,zoom_blur_1.2,192,12,0.5898533463478088,0.3746304214000702,0.035516202449798584,1.1508886511335163
DTSR14,mobilenetv3,zoom_blur_1.2,193,12,0.26022815704345703,0.6908557415008545,0.04891606792807579,1.086962469032461
DTSR14,mobilenetv3,zoom_blur_1.2,194,12,0.03609431907534599,0.4889005124568939,0.4750050902366638,1.1878500229670839
DTSR14,mobilenetv3,zoom_blur_1.2,195,12,0.5345346927642822,0.03254944086074829,0.43291592597961426,1.16675711640486
DTSR14,mobilenetv3,zoom_blur_1.2,196,13,0.040146179497241974,0.2696681022644043,0.6901856660842896,1.065305314315247
DTSR14,mobilenetv3,zoom_blur_1.2,197,13,0.02503817528486252,0.6636106371879578,0.3113511800765991,1.049906398332337
DTSR14,mobilenetv3,zoom_blur_1.2,198,13,0.041054464876651764,0.37697362899780273,0.5819718837738037,1.174194482767418
DTSR14,mobilenetv3,zoom_blur_1.2,199,13,0.03962264955043793,0.41785988211631775,0.5425175428390503,1.1892318383965494
DTSR14,mobilenetv3,contrast_0.5,0,0,0.03722433000802994,0.06588687002658844,0.8968888521194458,0.5760684050465011
DTSR14,mobilenetv3,contrast_0.5,1,0,0.04553306847810745,0.026070700958371162,0.9283962249755859,0.4396197154667276
DTSR14,mobilenetv3,contrast_0.5,2,0,0.13722361624240875,0.8102165460586548,0.05255990847945213,0.8625728960483651
DTSR14,mobilenetv3,contrast_0.5,3,0,0.06334207952022552,0.7275446653366089,0.20911340415477753,1.0581133097396433
DTSR14,mobilenetv3,contrast_0.5,4,0,0.8919126391410828,0.050606753677129745,0.05748041346669197,0.6018909015772818
DTSR14,mobilenetv3,contrast_0.5,5,0,0.08444447815418243,0.05703119561076164,0.8585242629051208,0.7257101797333995
DTSR14,mobilenetv3,contrast_0.5,6,0,0.03801863268017769,0.6930035948753357,0.2689777910709381,1.0555462747415687
DTSR14,mobilenetv3,contrast_0.5,7,1,0.046149998903274536,0.7178521752357483,0.2359977662563324,1.0397182415830168
DTSR14,mobilenetv3,contrast_0.5,8,1,0.04165903106331825,0.8728227615356445,0.08551817387342453,0.6656846967338839
DTSR14,mobilenetv3,contrast_0.5,9,1,0.04485528916120529,0.2941161096096039,0.6610286235809326,1.1149387924165044
DTSR14,mobilenetv3,contrast_0.5,10,1,0.036582693457603455,0.8396674394607544,0.12374994158744812,0.7593309158454109
DTSR14,mobilenetv3,contrast_0.5,11,1,0.6401121020317078,0.03182665631175041,0.3280612826347351,1.0977824473750744
DTSR14,mobilenetv3,contrast_0.5,12,1,0.03565048798918724,0.3444468677043915,0.6199027299880981,1.128776463646434
DTSR14,mobilenetv3,contrast_0.5,13,1,0.029494140297174454,0.1780616194009781,0.792444109916687,0.8591840580295942
DTSR14,mobilenetv3,contrast_0.5,14,2,0.2106412947177887,0.04217193275690079,0.7471866607666016,0.9801254204629037
DTSR14,mobilenetv3,contrast_0.5,15,2,0.28358593583106995,0.47418612241744995,0.2422279417514801,1.5215413404333833
DTSR14,mobilenetv3,contrast_0.5,16,2,0.6873651742935181,0.08846186846494675,0.22417296469211578,1.1648846801290875
DTSR14,mobilenetv3,contrast_0.5,17,2,0.17283697426319122,0.5812671780586243,0.24589590728282928,1.3903496528950008
DTSR14,mobilenetv3,contrast_0.5,18,2,0.6899777054786682,0.05432077497243881,0.25570160150527954,1.1007586136209255
DTSR14,mobilenetv3,contrast_0.5,19,2,0.04107731953263283,0.3210757076740265,0.6378470063209534,1.1292125785406324
DTSR14,mobilenetv3,contrast_0.5,20,2,0.47228801250457764,0.04997434467077255,0.4777376651763916,1.2362910667014888
DTSR14,mobilenetv3,contrast_0.5,21,2,0.5171347260475159,0.2523905634880066,0.23047484457492828,1.481300277458212
DTSR14,mobilenetv3,contrast_0.5,22,2,0.5389229655265808,0.045140523463487625,0.4159364700317383,1.2087850603083006
DTSR14,mobilenetv3,contrast_0.5,23,2,0.06700839102268219,0.6308897137641907,0.30210188031196594,1.202249403617217
DTSR14,mobilenetv3,contrast_0.5,24,2,0.2140037566423416,0.4054664075374603,0.38052988052368164,1.5344918504900913
DTSR14,mobilenetv3,contrast_0.5,25,2,0.28939467668533325,0.03263647109270096,0.6779688596725464,1.0589768314663695
DTSR14,mobilenetv3,contrast_0.5,26,2,0.6733106374740601,0.27472391724586487,0.05196550488471985,1.1179996291563443
DTSR14,mobilenetv3,contrast_0.5,27,2,0.04246571287512779,0.606351912021637,0.35118237137794495,1.1613709443039382
DTSR14,mobilenetv3,contrast_0.5,28,2,0.3823072016239166,0.03766300529241562,0.5800297856330872,1.164295641927182
DTSR14,mobilenetv3,contrast_0.5,29,2,0.38391509652137756,0.04946891590952873,0.5666159987449646,1.2091779841484596
DTSR14,mobilenetv3,contrast_0.5,30,2,0.6177895069122314,0.0282916110008955,0.3539189398288727,1.105116181053678
DTSR14,mobilenetv3,contrast_0.5,31,2,0.7833751440048218,0.03812466561794281,0.17850017547607422,0.8993625630565807
DTSR14,mobilenetv3,contrast_0.5,32,2,0.18839114904403687,0.48556435108184814,0.3260444700717926,1.4869380461952124
DTSR14,mobilenetv3,contrast_0.5,33,2,0.2011953890323639,0.7536099553108215,0.045194726437330246,0.9749039051457308
DTSR14,mobilenetv3,contrast_0.5,34,2,0.29439714550971985,0.4667644202709198,0.23883843421936035,1.5258627231574726
DTSR14,mobilenetv3,contrast_0.5,35,2,0.18361331522464752,0.505505383014679,0.31088125705718994,1.4705114446796304
DTSR14,mobilenetv3,contrast_0.5,36,2,0.03214167803525925,0.19094409048557281,0.7769142389297485,0.8984577913515693
DTSR14,mobilenetv3,contrast_0.5,37,2,0.6059049367904663,0.1681382656097412,0.22595685720443726,1.3553454594970495
DTSR14,mobilenetv3,contrast_0.5,38,2,0.4144947826862335,0.04544086009263992,0.5400643348693848,1.2093139629821836
DTSR14,mobilenetv3,contrast_0.5,39,3,0.05340984836220741,0.20003820955753326,0.7465518712997437,1.0049794428351952
DTSR14,mobilenetv3,contrast_0.5,40,3,0.06692340970039368,0.10194046795368195,0.831136167049408,0.818686833223699
DTSR14,mobilenetv3,contrast_0.5,41,3,0.04699106514453888,0.7128102779388428,0.2401987910270691,1.0497002114452039
DTSR14,mobilenetv3,contrast_0.5,42,4,0.060180533677339554,0.6637366414070129,0.2760827839374542,1.149122419365145
DTSR14,mobilenetv3,contrast_0.5,43,4,0.038668081164360046,0.6749550700187683,0.2863768935203552,1.0808776044336699
DTSR14,mobilenetv3,contrast_0.5,44,4,0.07544505596160889,0.5076752305030823,0.4168795943260193,1.3040352401900521
DTSR14,mobilenetv3,contrast_0.5,45,4,0.03841911628842354,0.6169745326042175,0.3446064591407776,1.140157350406008
DTSR14,mobilenetv3,contrast_0.5,46,4,0.7420227527618408,0.22135692834854126,0.03662031888961792,0.9757117327919931
DTSR14,mobilenetv3,contrast_0.5,47,4,0.0570840947329998,0.16152207553386688,0.7813938856124878,0.9387169738484935
DTSR14,mobilenetv3,contrast_0.5,48,4,0.05981439724564552,0.2952231466770172,0.6449624300003052,1.1707525522045465
DTSR14,mobilenetv3,contrast_0.5,49,4,0.6280428767204285,0.3282301723957062,0.04372694715857506,1.1464375420068342
DTSR14,mobilenetv3,contrast_0.5,50,4,0.6138194799423218,0.03798753395676613,0.3481929302215576,1.1414003718854653
DTSR14,mobilenetv3,contrast_0.5,51,4,0.41990548372268677,0.43013307452201843,0.1499614268541336,1.459693574131216
DTSR14,mobilenetv3,contrast_0.5,52,5,0.5960056185722351,0.37322375178337097,0.03077063150703907,1.1302006036545855
DTSR14,mobilenetv3,contrast_0.5,53,5,0.7127100825309753,0.23121747374534607,0.0560724250972271,1.0697958907291447
DTSR14,mobilenetv3,contrast_0.5,54,5,0.2353714555501938,0.18724118173122406,0.5773873925209045,1.4013003119347205
DTSR14,mobilenetv3,contrast_0.5,55,5,0.1713009625673294,0.784750759601593,0.04394819959998131,0.9085716167740545
DTSR14,mobilenetv3,contrast_0.5,56,5,0.1758119910955429,0.05272982269525528,0.771458089351654,0.9535563587692559
DTSR14,mobilenetv3,contrast_0.5,57,5,0.06641720980405807,0.7457054853439331,0.18787725269794464,1.028703412156227
DTSR14,mobilenetv3,contrast_0.5,58,5,0.961276113986969,0.002204115269705653,0.03651977330446243,0.2486118709198708
DTSR14,mobilenetv3,contrast_0.5,59,5,0.22198255360126495,0.055315516889095306,0.7227019667625427,1.051643782654507
DTSR14,mobilenetv3,contrast_0.5,60,5,0.12170742452144623,0.04710812121629715,0.8311843872070312,0.7991826231959597
DTSR14,mobilenetv3,contrast_0.5,61,5,0.16348277032375336,0.7877739071846008,0.048743292689323425,0.9107107265215464
DTSR14,mobilenetv3,contrast_0.5,62,5,0.06983350217342377,0.8815491795539856,0.0486171618103981,0.64058552900463
DTSR14,mobilenetv3,contrast_0.5,63,5,0.05772188678383827,0.7544670701026917,0.187811017036438,0.9973003398810023
DTSR14,mobilenetv3,contrast_0.5,64,5,0.24197356402873993,0.44099119305610657,0.3170352876186371,1.5416458404693405
DTSR14,mobilenetv3,contrast_0.5,65,5,0.3447756767272949,0.32922279834747314,0.32600146532058716,1.584528446773416
DTSR14,mobilenetv3,contrast_0.5,66,5,0.5888922214508057,0.2228003889322281,0.18830737471580505,1.3860961852258105
DTSR14,mobilenetv3,contrast_0.5,67,5,0.6781456470489502,0.05330229550600052,0.26855215430259705,1.1148076822090442
DTSR14,mobilenetv3,contrast_0.5,68,5,0.7743409276008606,0.06160419061779976,0.1640550047159195,0.9612142928847451
DTSR14,mobilenetv3,contrast_0.5,69,5,0.5248072147369385,0.20097821950912476,0.2742145359516144,1.4652418959138
DTSR14,mobilenetv3,contrast_0.5,70,5,0.7309039831161499,0.21574652194976807,0.05334950238466263,1.0334893617571828
DTSR14,mobilenetv3,contrast_0.5,71,5,0.5593960881233215,0.2689248323440552,0.17167912423610687,1.4147899456701778
DTSR14,mobilenetv3,contrast_0.5,72,5,0.7638638615608215,0.04173849895596504,0.19439764320850372,0.947458387668349
DTSR14,mobilenetv3,contrast_0.5,73,5,0.12590014934539795,0.03959038481116295,0.8345094323158264,0.7786438310376106
DTSR14,mobilenetv3,contrast_0.5,74,5,0.6561028361320496,0.05023965984582901,0.293657511472702,1.1348260232489222
DTSR14,mobilenetv3,contrast_0.5,75,5,0.7230031490325928,0.06896400451660156,0.2080329954624176,1.0755949557401336
DTSR14,mobilenetv3,contrast_0.5,76,5,0.05106653645634651,0.6986629366874695,0.25027045607566833,1.0807417417224552
DTSR14,mobilenetv3,contrast_0.5,77,5,0.6581745147705078,0.05003762245178223,0.29178789258003235,1.1318947885459791
DTSR14,mobilenetv3,contrast_0.5,78,5,0.047652699053287506,0.6542071104049683,0.2981403172016144,1.1302842867659497
DTSR14,mobilenetv3,contrast_0.5,79,5,0.051908787339925766,0.7089552283287048,0.23913592100143433,1.0669474971898802
DTSR14,mobilenetv3,contrast_0.5,80,5,0.05405443161725998,0.7171287536621094,0.22881683707237244,1.058404383300039
DTSR14,mobilenetv3,contrast_0.5,81,5,0.6227685809135437,0.031969815492630005,0.3452615439891815,1.1140076294173302
DTSR14,mobilenetv3,contrast_0.5,82,5,0.7962206602096558,0.05057566240429878,0.1532035768032074,0.8941565164573311
DTSR14,mobilenetv3,contrast_0.5,83,5,0.816750705242157,0.05785674974322319,0.12539252638816833,0.8519985285655136
DTSR14,mobilenetv3,contrast_0.5,84,5,0.10651952028274536,0.8336407542228699,0.05983974039554596,0.8060910137524127
DTSR14,mobilenetv3,contrast_0.5,85,5,0.04488178715109825,0.7428600788116455,0.21225808560848236,0.994166784595059
DTSR14,mobilenetv3,contrast_0.5,86,5,0.634199857711792,0.3044299781322479,0.061370208859443665,1.1861056106220078
DTSR14,mobilenetv3,contrast_0.5,87,5,0.8709527850151062,0.04971839487552643,0.07932872325181961,0.6789213498114042
DTSR14,mobilenetv3,contrast_0.5,88,5,0.6571473479270935,0.04733388125896454,0.29551878571510315,1.126079581058225
DTSR14,mobilenetv3,contrast_0.5,89,5,0.04614725336432457,0.879055917263031,0.07479687035083771,0.6480704016373866
DTSR14,mobilenetv3,contrast_0.5,90,5,0.8770267963409424,0.022996066138148308,0.09997712075710297,0.6233326386086093
DTSR14,mobilenetv3,contrast_0.5,91,5,0.6911330819129944,0.23967640101909637,0.06919066607952118,1.12889517737004
DTSR14,mobilenetv3,contrast_0.5,92,5,0.4175991415977478,0.4072360396385193,0.1751648336648941,1.4941256796030875
DTSR14,mobilenetv3,contrast_0.5,93,5,0.042765483260154724,0.6766655445098877,0.28056904673576355,1.0902067965665512
DTSR14,mobilenetv3,contrast_0.5,94,5,0.04311085492372513,0.701056957244873,0.255832314491272,1.0579145491310957
DTSR14,mobilenetv3,contrast_0.5,95,5,0.825320303440094,0.1296841949224472,0.04499557241797447,0.8120754137862207
DTSR14,mobilenetv3,contrast_0.5,96,5,0.6409338116645813,0.05516956374049187,0.3038965165615082,1.1641288149376705
DTSR14,mobilenetv3,contrast_0.5,97,5,0.850322425365448,0.029738852754235268,0.11993884295225143,0.71669508537137
DTSR14,mobilenetv3,contrast_0.5,98,5,0.6943166255950928,0.04176900535821915,0.26391443610191345,1.064010257371639
DTSR14,mobilenetv3,contrast_0.5,99,5,0.6032030582427979,0.0529504269361496,0.34384655952453613,1.193954559037866
DTSR14,mobilenetv3,contrast_0.5,100,5,0.34685561060905457,0.5950575470924377,0.05808683857321739,1.2139760311487557
DTSR14,mobilenetv3,contrast_0.5,101,5,0.06405939161777496,0.8151100873947144,0.12083058804273605,0.8627685497801028
DTSR14,mobilenetv3,contrast_0.5,102,5,0.9361574649810791,0.03087003156542778,0.03297244757413864,0.4063054897171793
DTSR14,mobilenetv3,contrast_0.5,103,5,0.7688305974006653,0.04540198668837547,0.18576747179031372,0.9452546950673969
DTSR14,mobilenetv3,contrast_0.5,104,5,0.6695321202278137,0.2501930296421051,0.08027487993240356,1.1797286825499063
DTSR14,mobilenetv3,contrast_0.5,105,5,0.039052482694387436,0.7658712863922119,0.19507625699043274,0.9374004152193965
DTSR14,mobilenetv3,contrast_0.5,106,5,0.04038001969456673,0.8481350541114807,0.11148484796285629,0.7413724086188813
DTSR14,mobilenetv3,contrast_0.5,107,5,0.048988472670316696,0.829037070274353,0.12197450548410416,0.8076517436215218
DTSR14,mobilenetv3,contrast_0.5,108,5,0.04299970343708992,0.7965766787528992,0.16042359173297882,0.8800920299251676
DTSR14,mobilenetv3,contrast_0.5,109,5,0.7316443920135498,0.04872922599315643,0.21962638199329376,1.022524547251951
DTSR14,mobilenetv3,contrast_0.5,110,5,0.4088330864906311,0.38369718194007874,0.20746974647045135,1.5285734213945412
DTSR14,mobilenetv3,contrast_0.5,111,5,0.0421089231967926,0.284206748008728,0.6736843585968018,1.0921606592016126
DTSR14,mobilenetv3,contrast_0.5,112,5,0.8019818067550659,0.055120114237070084,0.1428980827331543,0.8868968427531736
DTSR14,mobilenetv3,contrast_0.5,113,5,0.7574576735496521,0.04084010049700737,0.20170222222805023,0.9578636255025728
DTSR14,mobilenetv3,contrast_0.5,114,5,0.6742054224014282,0.04420436918735504,0.2815902829170227,1.097192592379324
DTSR14,mobilenetv3,contrast_0.5,115,5,0.04852362722158432,0.6104966998100281,0.3409796357154846,1.1757367283735545
DTSR14,mobilenetv3,contrast_0.5,116,5,0.6568347811698914,0.2816777229309082,0.06148742884397507,1.1605754614582546
DTSR14,mobilenetv3,contrast_0.5,117,5,0.4697682559490204,0.34274178743362427,0.18748992681503296,1.494316777709681
DTSR14,mobilenetv3,contrast_0.5,118,6,0.04670222848653793,0.8503373861312866,0.10296042263507843,0.7430221705562161
DTSR14,mobilenetv3,contrast_0.5,119,6,0.0974968820810318,0.8364948034286499,0.06600820273160934,0.8017325350683213
DTSR14,mobilenetv3,contrast_0.5,120,6,0.04674700275063515,0.11449599266052246,0.8387570977210999,0.7773326874647607
DTSR14,mobilenetv3,contrast_0.5,121,6,0.050025925040245056,0.059045497328042984,0.8909285664558411,0.605641502426298
DTSR14,mobilenetv3,contrast_0.5,122,6,0.046292975544929504,0.03719557449221611,0.9165114760398865,0.49712562683508255
DTSR14,mobilenetv3,contrast_0.5,123,6,0.01838519610464573,0.951744794845581,0.029869992285966873,0.32520278721123375
DTSR14,mobilenetv3,contrast_0.5,124,7,0.8660692572593689,0.04443927854299545,0.08949131518602371,0.6909028619519613
DTSR14,mobilenetv3,contrast_0.5,125,7,0.8584092259407043,0.09950795769691467,0.042082805186510086,0.7126864978468734
DTSR14,mobilenetv3,contrast_0.5,126,7,0.6377806663513184,0.32398030161857605,0.03823905438184738,1.1206948141152129
DTSR14,mobilenetv3,contrast_0.5,127,7,0.7851886749267578,0.17267897725105286,0.042132265865802765,0.9039829852671554
DTSR14,mobilenetv3,contrast_0.5,128,7,0.7734051942825317,0.033631302416324615,0.1929633766412735,0.9093154522489435
DTSR14,mobilenetv3,contrast_0.5,129,7,0.8061704039573669,0.1544015258550644,0.03942812234163284,0.8506596642770904
DTSR14,mobilenetv3,contrast_0.5,130,7,0.8857287168502808,0.06941938400268555,0.04485180601477623,0.6230974907384026
DTSR14,mobilenetv3,contrast_0.5,131,7,0.03476449474692345,0.8923606276512146,0.07287473231554031,0.5904455900460873
DTSR14,mobilenetv3,contrast_0.5,132,7,0.902759313583374,0.028721196576952934,0.06851942837238312,0.5453258566040178
DTSR14,mobilenetv3,contrast_0.5,133,7,0.031073255464434624,0.881402850151062,0.08752374351024628,0.6237216067647934
DTSR14,mobilenetv3,contrast_0.5,134,7,0.7560569047927856,0.1948511004447937,0.04909215494990349,0.9782512154006588
DTSR14,mobilenetv3,contrast_0.5,135,7,0.4814906120300293,0.4888022243976593,0.029707077890634537,1.1631739226249629
DTSR14,mobilenetv3,contrast_0.5,136,8,0.07877810299396515,0.880267322063446,0.04095466807484627,0.6395566342415661
DTSR14,mobilenetv3,contrast_0.5,137,8,0.7461605668067932,0.209550678730011,0.044288769364356995,0.9868314114557295
DTSR14,mobilenetv3,contrast_0.5,138,8,0.062177326530218124,0.73626708984375,0.20155559480190277,1.0401266181515734
DTSR14,mobilenetv3,contrast_0.5,139,8,0.13574646413326263,0.812558650970459,0.05169501155614853,0.855348895840485
DTSR14,mobilenetv3,contrast_0.5,140,8,0.048202674835920334,0.8529667854309082,0.09883047640323639,0.7365628118620691
DTSR14,mobilenetv3,contrast_0.5,141,8,0.9389805197715759,0.02870786003768444,0.032311633229255676,0.3923445738488046
DTSR14,mobilenetv3,contrast_0.5,142,8,0.7214795351028442,0.034648679196834564,0.24387182295322418,1.0043531180561418
DTSR14,mobilenetv3,contrast_0.5,143,9,0.09659553319215775,0.866584300994873,0.03682015836238861,0.6801240399109976
DTSR14,mobilenetv3,contrast_0.5,144,9,0.032261840999126434,0.7661381959915161,0.20159998536109924,0.9200540986981287
DTSR14,mobilenetv3,contrast_0.5,145,9,0.9199199080467224,0.026676464825868607,0.05340372025966644,0.4759819897394
DTSR14,mobilenetv3,contrast_0.5,146,9,0.038703374564647675,0.13285057246685028,0.828446090221405,0.793390117502816
DTSR14,mobilenetv3,contrast_0.5,147,9,0.07674812525510788,0.03129265829920769,0.8919593691825867,0.5877845511607571
DTSR14,mobilenetv3,contrast_0.5,148,9,0.04800151661038399,0.18563711643218994,0.7663614153862,0.9554872756366022
DTSR14,mobilenetv3,contrast_0.5,149,9,0.04697069898247719,0.7877498865127563,0.165279358625412,0.9076092063385885
DTSR14,mobilenetv3,contrast_0.5,150,9,0.16294220089912415,0.05093579366803169,0.7861219644546509,0.9182122951457332
DTSR14,mobilenetv3,contrast_0.5,151,9,0.19969168305397034,0.03239365667104721,0.7679147720336914,0.9169643824725708
DTSR14,mobilenetv3,contrast_0.5,152,9,0.0404624380171299,0.7054091095924377,0.2541283965110779,1.044633423685167
DTSR14,mobilenetv3,contrast_0.5,153,9,0.04756723344326019,0.6930816769599915,0.25935113430023193,1.0805401100889154
DTSR14,mobilenetv3,contrast_0.5,154,9,0.7957054376602173,0.036683280020952225,0.16761121153831482,0.8691739192758283
DTSR14,mobilenetv3,contrast_0.5,155,9,0.05350593104958534,0.6761533617973328,0.2703406810760498,1.1179317700702371
DTSR14,mobilenetv3,contrast_0.5,156,9,0.3066209852695465,0.647535502910614,0.04584341496229172,1.1327900878946715
DTSR14,mobilenetv3,contrast_0.5,157,9,0.04763052985072136,0.14010033011436462,0.8122691512107849,0.8500983847202976
DTSR14,mobilenetv3,contrast_0.5,158,9,0.8316284418106079,0.03438299521803856,0.1339886337518692,0.7769222993589056
DTSR14,mobilenetv3,contrast_0.5,159,9,0.7780054211616516,0.0451691672205925,0.17682550847530365,0.925585639400782
DTSR14,mobilenetv3,contrast_0.5,160,9,0.44052937626838684,0.5041135549545288,0.055357132107019424,1.2502850878328389
DTSR14,mobilenetv3,contrast_0.5,161,9,0.10769966244697571,0.26272475719451904,0.6295755505561829,1.2731495520889797
DTSR14,mobilenetv3,contrast_0.5,162,9,0.0741628110408783,0.1703902631998062,0.7554469704627991,1.0190178301550117
DTSR14,mobilenetv3,contrast_0.5,163,9,0.09952526539564133,0.06672211736440659,0.8337527513504028,0.8105955251655439
DTSR14,mobilenetv3,contrast_0.5,164,9,0.2043735235929489,0.7382678985595703,0.05735839530825615,1.0279015320867821
DTSR14,mobilenetv3,contrast_0.5,165,10,0.05513514578342438,0.882604718208313,0.06226009875535965,0.638910076250823
DTSR14,mobilenetv3,contrast_0.5,166,10,0.8466623425483704,0.10089845955371857,0.0524391271173954,0.7602287789109741
DTSR14,mobilenetv3,contrast_0.5,167,10,0.8428578972816467,0.11661701649427414,0.04052511602640152,0.7568418715779183
DTSR14,mobilenetv3,contrast_0.5,168,10,0.054215431213378906,0.7899026870727539,0.15588179230690002,0.9147442398335572
DTSR14,mobilenetv3,contrast_0.5,169,10,0.03817024081945419,0.12168858200311661,0.8401411771774292,0.7607392238625047
DTSR14,mobilenetv3,contrast_0.5,170,10,0.8214535713195801,0.14613424241542816,0.03241216018795967,0.7989090337127669
DTSR14,mobilenetv3,contrast_0.5,171,10,0.8913057446479797,0.05029279366135597,0.05840156599879265,0.6042226939254545
DTSR14,mobilenetv3,contrast_0.5,172,10,0.8553376793861389,0.06425073742866516,0.08041171729564667,0.7396776334339807
DTSR14,mobilenetv3,contrast_0.5,173,11,0.019322747364640236,0.9486941695213318,0.031983163207769394,0.3409475446964878
DTSR14,mobilenetv3,contrast_0.5,174,11,0.13992878794670105,0.8154613971710205,0.04460983723402023,0.8371523662101474
DTSR14,mobilenetv3,contrast_0.5,175,11,0.04952740669250488,0.032174304127693176,0.9182981848716736,0.4871697734026639
DTSR14,mobilenetv3,contrast_0.5,176,11,0.945339024066925,0.05278899893164635,0.0018719998188316822,0.31764247194847983
DTSR14,mobilenetv3,contrast_0.5,177,11,0.9518887996673584,0.04684379696846008,0.0012674018507823348,0.28677213724626793
DTSR14,mobilenetv3,contrast_0.5,178,11,0.7926480174064636,0.1360577493906021,0.07129418849945068,0.9289040002662308
DTSR14,mobilenetv3,contrast_0.5,179,12,0.5513141751289368,0.024396998807787895,0.42428889870643616,1.12910172867127
DTSR14,mobilenetv3,contrast_0.5,180,12,0.03392932936549187,0.636906087398529,0.32916459441185,1.107838713865974
DTSR14,mobilenetv3,contrast_0.5,181,12,0.47345542907714844,0.02248579077422619,0.5040587186813354,1.1320017930424806
DTSR14,mobilenetv3,contrast_0.5,182,12,0.5458202958106995,0.39472031593322754,0.05945941433310509,1.2482493301008812
DTSR14,mobilenetv3,contrast_0.5,183,12,0.39623188972473145,0.024914368987083435,0.5788537263870239,1.1184752909177704
DTSR14,mobilenetv3,contrast_0.5,184,12,0.03737260773777962,0.7696627378463745,0.19296468794345856,0.9259384598796241
DTSR14,mobilenetv3,contrast_0.5,185,12,0.2875152826309204,0.38278260827064514,0.3297021985054016,1.575119393990453
DTSR14,mobilenetv3,contrast_0.5,186,12,0.02847980335354805,0.21065744757652283,0.7608628273010254,0.9195683269652072
DTSR14,mobilenetv3,contrast_0.5,187,12,0.04686897620558739,0.7107540965080261,0.24237696826457977,1.052620774536345
DTSR14,mobilenetv3,contrast_0.5,188,12,0.03960554301738739,0.7209631204605103,0.23943138122558594,1.0185683520141766
DTSR14,mobilenetv3,contrast_0.5,189,12,0.03031742013990879,0.5473063588142395,0.42237600684165955,1.1540209817207296
DTSR14,mobilenetv3,contrast_0.5,190,12,0.3187522292137146,0.23273330926895142,0.44851449131965637,1.53410555994701
DTSR14,mobilenetv3,contrast_0.5,191,12,0.2886628210544586,0.3646296262741089,0.3467075824737549,1.5779990760903533
DTSR14,mobilenetv3,contrast_0.5,192,12,0.6703829169273376,0.04193190857768059,0.2876851558685303,1.0957409129853164
DTSR14,mobilenetv3,contrast_0.5,193,12,0.592991828918457,0.37205666303634644,0.03495148569345474,1.1468825507486815
DTSR14,mobilenetv3,contrast_0.5,194,12,0.05470056086778641,0.4012533128261566,0.54404616355896,1.2357190582181075
DTSR14,mobilenetv3,contrast_0.5,195,12,0.5965018272399902,0.03663622960448265,0.36686205863952637,1.1501454799653517
DTSR14,mobilenetv3,contrast_0.5,196,13,0.05079154670238495,0.7768413424491882,0.1723671555519104,0.9385755864820431
DTSR14,mobilenetv3,contrast_0.5,197,13,0.027695246040821075,0.24526347219944,0.7270413041114807,0.9749559935259113
DTSR14,mobilenetv3,contrast_0.5,198,13,0.04552999883890152,0.2840540111064911,0.6704158782958984,1.1054476428936753
DTSR14,mobilenetv3,contrast_0.5,199,13,0.059716712683439255,0.12049844115972519,0.8197848796844482,0.8456810246286371
DTSR14,mobilenetv3,contrast_1.5,0,0,0.059519585222005844,0.2174706906080246,0.7230098247528076,1.0592558851971257
DTSR14,mobilenetv3,contrast_1.5,1,0,0.04725966230034828,0.10266830027103424,0.8500720262527466,0.7444606488616347
DTSR14,mobilenetv3,contrast_1.5,2,0,0.06368089467287064,0.7006301283836365,0.23568882048130035,1.1040415780775281
DTSR14,mobilenetv3,contrast_1.5,3,0,0.0611652173101902,0.6359708905220032,0.3028639256954193,1.183746874264612
DTSR14,mobilenetv3,contrast_1.5,4,0,0.8179545402526855,0.05218987539410591,0.12985557317733765,0.8418917431794409
DTSR14,mobilenetv3,contrast_1.5,5,0,0.07362938672304153,0.7509516477584839,0.17541900277137756,1.0279076859812086
DTSR14,mobilenetv3,contrast_1.5,6,0,0.049134064465761185,0.5406691431999207,0.4101969003677368,1.220618143067981
DTSR14,mobilenetv3,contrast_1.5,7,1,0.06392264366149902,0.5888616442680359,0.34721559286117554,1.2333893124042685
DTSR14,mobilenetv3,contrast_1.5,8,1,0.038420017808675766,0.7128152251243591,0.24876481294631958,1.0280970000966714
DTSR14,mobilenetv3,contrast_1.5,9,1,0.05479999631643295,0.680246114730835,0.2649538815021515,1.1154248874334836
DTSR14,mobilenetv3,contrast_1.5,10,1,0.048694681376218796,0.7246808409690857,0.22662445902824402,1.0343317026157086
DTSR14,mobilenetv3,contrast_1.5,11,1,0.5425992012023926,0.044050898402929306,0.4133499562740326,1.2038713811400898
DTSR14,mobilenetv3,contrast_1.5,12,1,0.04781985655426979,0.3587098717689514,0.5934703946113586,1.1870573402499587
DTSR14,mobilenetv3,contrast_1.5,13,1,0.03118526004254818,0.6934592723846436,0.27535560727119446,1.0345827338425713
DTSR14,mobilenetv3,contrast_1.5,14,2,0.3153483271598816,0.42002761363983154,0.2646240293979645,1.558234896078564
DTSR14,mobilenetv3,contrast_1.5,15,2,0.3202264904975891,0.46445971727371216,0.2153138369321823,1.5169708846135466
DTSR14,mobilenetv3,contrast_1.5,16,2,0.27550560235977173,0.5210118293762207,0.20348261296749115,1.4698722279202263
DTSR14,mobilenetv3,contrast_1.5,17,2,0.1783643364906311,0.6114645004272461,0.21017113327980042,1.3505030631369705
DTSR14,mobilenetv3,contrast_1.5,18,2,0.37410473823547363,0.17301984131336212,0.4528754651546478,1.486126162357858
DTSR14,mobilenetv3,contrast_1.5,19,2,0.24594132602214813,0.5801217555999756,0.17393693327903748,1.3923240742159932
DTSR14,mobilenetv3,contrast_1.5,20,2,0.4610315263271332,0.16256164014339447,0.37640687823295593,1.4716619681148992
DTSR14,mobilenetv3,contrast_1.5,21,2,0.5790426135063171,0.18471354246139526,0.23624393343925476,1.3982928028562842
DTSR14,mobilenetv3,contrast_1.5,22,2,0.5016859769821167,0.047455497086048126,0.45085853338241577,1.2260753287423327
DTSR14,mobilenetv3,contrast_1.5,23,2,0.10210958123207092,0.3852768838405609,0.5126135945320129,1.3604672245585367
DTSR14,mobilenetv3,contrast_1.5,24,2,0.19293470680713654,0.4718044698238373,0.33526086807250977,1.4978913188746388
DTSR14,mobilenetv3,contrast_1.5,25,2,0.1777392476797104,0.4495782256126404,0.3726826012134552,1.4921721894498967
DTSR14,mobilenetv3,contrast_1.5,26,2,0.12079431861639023,0.5301198959350586,0.34908589720726013,1.3837631882047388
DTSR14,mobilenetv3,contrast_1.5,27,2,0.39465850591659546,0.36218786239624023,0.24315358698368073,1.5560865919266922
DTSR14,mobilenetv3,contrast_1.5,28,2,0.041624270379543304,0.4685327112674713,0.4898429811000824,1.2077243735365064
DTSR14,mobilenetv3,contrast_1.5,29,2,0.38130998611450195,0.3264635503292084,0.29222649335861206,1.576284619788597
DTSR14,mobilenetv3,contrast_1.5,30,2,0.3619018793106079,0.2256588190793991,0.412439227104187,1.5423268147927374
DTSR14,mobilenetv3,contrast_1.5,31,2,0.47320881485939026,0.27333199977874756,0.2534591555595398,1.5241782263360766
DTSR14,mobilenetv3,contrast_1.5,32,2,0.2724147140979767,0.4001549780368805,0.3274303376674652,1.567241285274823
DTSR14,mobilenetv3,contrast_1.5,33,2,0.16195116937160492,0.4610728323459625,0.37697601318359375,1.4709081391060133
DTSR14,mobilenetv3,contrast_1.5,34,2,0.44308754801750183,0.37510135769844055,0.1818111091852188,1.4981322290219468
DTSR14,mobilenetv3,contrast_1.5,35,2,0.3210084140300751,0.4234977960586548,0.25549373030662537,1.554166482897319
DTSR14,mobilenetv3,contrast_1.5,36,2,0.38055187463760376,0.19638872146606445,0.4230594038963318,1.5166350722518303
DTSR14,mobilenetv3,contrast_1.5,37,2,0.5077698230743408,0.11876370012760162,0.37346649169921875,1.3922105530711233
DTSR14,mobilenetv3,contrast_1.5,38,2,0.3154410421848297,0.4166232943534851,0.2679356336593628,1.5604308066907189
DTSR14,mobilenetv3,contrast_1.5,39,3,0.14997266232967377,0.4018864631652832,0.44814082980155945,1.4579827512077812
DTSR14,mobilenetv3,contrast_1.5,40,3,0.11389487981796265,0.22852307558059692,0.6575821042060852,1.2413096883805745
DTSR14,mobilenetv3,contrast_1.5,41,3,0.26504236459732056,0.5961619019508362,0.13879573345184326,1.3480374500656884
DTSR14,mobilenetv3,contrast_1.5,42,4,0.18997015058994293,0.17500032484531403,0.6350295543670654,1.3112592776695304
DTSR14,mobilenetv3,contrast_1.5,43,4,0.16819928586483002,0.3362567722797394,0.49554386734962463,1.463229887942247
DTSR14,mobilenetv3,contrast_1.5,44,4,0.07311040163040161,0.28346335887908936,0.6434261798858643,1.200773782285476
DTSR14,mobilenetv3,contrast_1.5,45,4,0.04243898764252663,0.3984224200248718,0.5591385960578918,1.1913758757013808
DTSR14,mobilenetv3,contrast_1.5,46,4,0.571879506111145,0.24956291913986206,0.1785575896501541,1.404626566000991
DTSR14,mobilenetv3,contrast_1.5,47,4,0.175242617726326,0.19254547357559204,0.6322118043899536,1.3161593251871524
DTSR14,mobilenetv3,contrast_1.5,48,4,0.0743640884757042,0.31840717792510986,0.6072287559509277,1.2415326468631263
DTSR14,mobilenetv3,contrast_1.5,49,4,0.5189772248268127,0.4317499101161957,0.04927274212241173,1.2282458046125506
DTSR14,mobilenetv3,contrast_1.5,50,4,0.5049575567245483,0.009185155853629112,0.4858573079109192,1.065890733154828
DTSR14,mobilenetv3,contrast_1.5,51,4,0.4030068814754486,0.43916136026382446,0.1578318178653717,1.4701454573525798
DTSR14,mobilenetv3,contrast_1.5,52,5,0.46677520871162415,0.2605985105037689,0.27262622117996216,1.529841555898803
DTSR14,mobilenetv3,contrast_1.5,53,5,0.13721433281898499,0.4220343828201294,0.44075125455856323,1.4393894063242416
DTSR14,mobilenetv3,contrast_1.5,54,5,0.3212099075317383,0.326386421918869,0.3524037003517151,1.5837629155621418
DTSR14,mobilenetv3,contrast_1.5,55,5,0.46906474232673645,0.17180879414081573,0.35912638902664185,1.479458749811478
DTSR14,mobilenetv3,contrast_1.5,56,5,0.3271544277667999,0.2201748639345169,0.452670693397522,1.525675280787903
DTSR14,mobilenetv3,contrast_1.5,57,5,0.10065652430057526,0.6160671710968018,0.2832762598991394,1.2794391326722894
DTSR14,mobilenetv3,contrast_1.5,58,5,0.6896581053733826,0.09482932090759277,0.21551266312599182,1.1691471856660336
DTSR14,mobilenetv3,contrast_1.5,59,5,0.06899214535951614,0.35158419609069824,0.5794237852096558,1.252526970062712
DTSR14,mobilenetv3,contrast_1.5,60,5,0.17477740347385406,0.40289002656936646,0.4223325550556183,1.4934097698398778
DTSR14,mobilenetv3,contrast_1.5,61,5,0.22492465376853943,0.4382774829864502,0.3367978632450104,1.5345218881060552
DTSR14,mobilenetv3,contrast_1.5,62,5,0.10844401270151138,0.4925428330898285,0.39901313185691833,1.3796699230497405
DTSR14,mobilenetv3,contrast_1.5,63,5,0.1901898980140686,0.6116635203361511,0.19814661145210266,1.3519365278124402
DTSR14,mobilenetv3,contrast_1.5,64,5,0.20206300914287567,0.435635507106781,0.3623015284538269,1.519103408994686
DTSR14,mobilenetv3,contrast_1.5,65,5,0.2623823285102844,0.36628350615501404,0.3713340759277344,1.5679128392794173
DTSR14,mobilenetv3,contrast_1.5,66,5,0.2132968157529831,0.4684843122959137,0.3182189166545868,1.5136089426032697
DTSR14,mobilenetv3,contrast_1.5,67,5,0.15111443400382996,0.5239463448524475,0.3249392509460449,1.4275388039997075
DTSR14,mobilenetv3,contrast_1.5,68,5,0.6355779767036438,0.11452922224998474,0.24989266693592072,1.2735611500030017
DTSR14,mobilenetv3,contrast_1.5,69,5,0.2208603471517563,0.46400561928749084,0.31513407826423645,1.520229467996295
DTSR14,mobilenetv3,contrast_1.5,70,5,0.2743816673755646,0.4385974705219269,0.2870209217071533,1.5502910533291512
DTSR14,mobilenetv3,contrast_1.5,71,5,0.5133584141731262,0.2987021207809448,0.18793943524360657,1.4677808794177962
DTSR14,mobilenetv3,contrast_1.5,72,5,0.19912613928318024,0.563624918460846,0.23724903166294098,1.4222574617352985
DTSR14,mobilenetv3,contrast_1.5,73,5,0.35383182764053345,0.2650812268257141,0.3810868561267853,1.5685071150112475
DTSR14,mobilenetv3,contrast_1.5,74,5,0.49227866530418396,0.1317186951637268,0.37600263953208923,1.4191482429551305
DTSR14,mobilenetv3,contrast_1.5,75,5,0.5544799566268921,0.15487140417099,0.29064860939979553,1.4066097455054951
DTSR14,mobilenetv3,contrast_1.5,76,5,0.20154374837875366,0.4318307042121887,0.36662548780441284,1.5196157281222196
DTSR14,mobilenetv3,contrast_1.5,77,5,0.6165231466293335,0.13466887176036835,0.2488078624010086,1.3190560054198217
DTSR14,mobilenetv3,contrast_1.5,78,5,0.5571784973144531,0.17340610921382904,0.2694152891635895,1.4182318482205662
DTSR14,mobilenetv3,contrast_1.5,79,5,0.21163077652454376,0.5300218462944031,0.25834736227989197,1.4640206823434259
DTSR14,mobilenetv3,contrast_1.5,80,5,0.5192618370056152,0.06309033930301666,0.4176478981971741,1.268536420488096
DTSR14,mobilenetv3,contrast_1.5,81,5,0.5638595223426819,0.18289485573768616,0.25324568152427673,1.4161200072864486
DTSR14,mobilenetv3,contrast_1.5,82,5,0.7267895340919495,0.05884140729904175,0.21436907351016998,1.0513851552814124
DTSR14,mobilenetv3,contrast_1.5,83,5,0.6922764182090759,0.12706416845321655,0.18065936863422394,1.191483859007542
DTSR14,mobilenetv3,contrast_1.5,84,5,0.12354107946157455,0.5257703065872192,0.35068872570991516,1.3905143842900474
DTSR14,mobilenetv3,contrast_1.5,85,5,0.35557878017425537,0.44144704937934875,0.20297417044639587,1.5181763099520946
DTSR14,mobilenetv3,contrast_1.5,86,5,0.41485467553138733,0.3905617892742157,0.19458350539207458,1.5158498019588185
DTSR14,mobilenetv3,contrast_1.5,87,5,0.6151479482650757,0.2402413934469223,0.1446104794740677,1.328926416075337
DTSR14,mobilenetv3,contrast_1.5,88,5,0.4586009979248047,0.2569144070148468,0.2844845652580261,1.5354349249464438
DTSR14,mobilenetv3,contrast_1.5,89,5,0.2521112859249115,0.47600531578063965,0.27188342809677124,1.5217945049653596
DTSR14,mobilenetv3,contrast_1.5,90,5,0.13919994235038757,0.6389549374580383,0.22184507548809052,1.2908241288548963
DTSR14,mobilenetv3,contrast_1.5,91,5,0.07975587248802185,0.5427775979042053,0.37746649980545044,1.3000245308585447
DTSR14,mobilenetv3,contrast_1.5,92,5,0.348281592130661,0.4250693917274475,0.22664900124073029,1.5399659246093473
DTSR14,mobilenetv3,contrast_1.5,93,5,0.042734142392873764,0.5396959185600281,0.41756993532180786,1.2006868245238462
DTSR14,mobilenetv3,contrast_1.5,94,5,0.5271832346916199,0.02345692738890648,0.44935986399650574,1.132497806517208
DTSR14,mobilenetv3,contrast_1.5,95,5,0.6637232303619385,0.2920688986778259,0.044207822531461716,1.1100089743334016
DTSR14,mobilenetv3,contrast_1.5,96,5,0.5430530309677124,0.05798741802573204,0.39895951747894287,1.2454541094579956
DTSR14,mobilenetv3,contrast_1.5,97,5,0.552863359451294,0.034883614629507065,0.4122530221939087,1.1686067342127084
DTSR14,mobilenetv3,contrast_1.5,98,5,0.4975863993167877,0.19748558104038239,0.3049279749393463,1.4856937930727858
DTSR14,mobilenetv3,contrast_1.5,99,5,0.5291568636894226,0.10903561860322952,0.3618074953556061,1.365155145889676
DTSR14,mobilenetv3,contrast_1.5,100,5,0.565427839756012,0.036316026002168655,0.3982560634613037,1.167797521103535
DTSR14,mobilenetv3,contrast_1.5,101,5,0.08254940062761307,0.13668140769004822,0.7807691693305969,0.9682492244260852
DTSR14,mobilenetv3,contrast_1.5,102,5,0.626832127571106,0.13467110693454742,0.2384968400001526,1.3051261532795646
DTSR14,mobilenetv3,contrast_1.5,103,5,0.5781090259552002,0.212954580783844,0.20893634855747223,1.404187197863708
DTSR14,mobilenetv3,contrast_1.5,104,5,0.587802529335022,0.33060094714164734,0.08159654587507248,1.2735232026305785
DTSR14,mobilenetv3,contrast_1.5,105,5,0.4760158061981201,0.295628160238266,0.22835592925548553,1.5160763436498896
DTSR14,mobilenetv3,contrast_1.5,106,5,0.05663689225912094,0.6727228760719299,0.2706402838230133,1.1296435047174564
DTSR14,mobilenetv3,contrast_1.5,107,5,0.4650519788265228,0.23698365688323975,0.2979644238948822,1.5263957430026693
DTSR14,mobilenetv3,contrast_1.5,108,5,0.059752363711595535,0.5772573947906494,0.36299028992652893,1.2311754334487839
DTSR14,mobilenetv3,contrast_1.5,109,5,0.5314086079597473,0.21698172390460968,0.2516096830368042,1.4638955211929212
DTSR14,mobilenetv3,contrast_1.5,110,5,0.22131748497486115,0.4941904544830322,0.2844920754432678,1.500005570203986
DTSR14,mobilenetv3,contrast_1.5,111,5,0.245425745844841,0.3554564416408539,0.3991178870201111,1.5566981200930226
DTSR14,mobilenetv3,contrast_1.5,112,5,0.1999916285276413,0.5138043761253357,0.28620392084121704,1.4745597723058792
DTSR14,mobilenetv3,contrast_1.5,113,5,0.19972550868988037,0.4279101490974426,0.3723642826080322,1.5188699863539492
DTSR14,mobilenetv3,contrast_1.5,114,5,0.5246129035949707,0.22410275042057037,0.2512843906879425,1.4725167394552363
DTSR14,mobilenetv3,contrast_1.5,115,5,0.3891209661960602,0.11497725546360016,0.4959017038345337,1.3904553400189494
DTSR14,mobilenetv3,contrast_1.5,116,5,0.5363022089004517,0.1315634399652481,0.3321343660354614,1.395196413817613
DTSR14,mobilenetv3,contrast_1.5,117,5,0.4896756112575531,0.22450587153434753,0.28581854701042175,1.504690239548811
DTSR14,mobilenetv3,contrast_1.5,118,6,0.07305646687746048,0.39313799142837524,0.5338055491447449,1.2887129857581936
DTSR14,mobilenetv3,contrast_1.5,119,6,0.0848039835691452,0.30677276849746704,0.6084231734275818,1.261001977723657
DTSR14,mobilenetv3,contrast_1.5,120,6,0.12516005337238312,0.36270418763160706,0.5121357440948486,1.4003509736026891
DTSR14,mobilenetv3,contrast_1.5,121,6,0.2937943935394287,0.1399775594472885,0.5662280321121216,1.3808647418634932
DTSR14,mobilenetv3,contrast_1.5,122,6,0.1388888657093048,0.11256064474582672,0.7485504746437073,1.0630247906321166
DTSR14,mobilenetv3,contrast_1.5,123,6,0.0674160048365593,0.42933061718940735,0.5032534003257751,1.2845585833280206
DTSR14,mobilenetv3,contrast_1.5,124,7,0.7052545547485352,0.04542439430952072,0.2493210732936859,1.0575267452809776
DTSR14,mobilenetv3,contrast_1.5,125,7,0.6378366947174072,0.30872663855552673,0.05343664810061455,1.1630918170748372
DTSR14,mobilenetv3,contrast_1.5,126,7,0.6101542711257935,0.340798944234848,0.04904672130942345,1.1774916250443475
DTSR14,mobilenetv3,contrast_1.5,127,7,0.5946481823921204,0.35527482628822327,0.050076887011528015,1.192662119754805
DTSR14,mobilenetv3,contrast_1.5,128,7,0.7181090116500854,0.017512021586298943,0.2643788158893585,0.952678252954477
DTSR14,mobilenetv3,contrast_1.5,129,7,0.6786734461784363,0.264328271150589,0.056998319923877716,1.1224956526185472
DTSR14,mobilenetv3,contrast_1.5,130,7,0.8355075716972351,0.10879462957382202,0.05569778010249138,0.7968542017333622
DTSR14,mobilenetv3,contrast_1.5,131,7,0.04701310023665428,0.6999810338020325,0.25300583243370056,1.069233081403206
DTSR14,mobilenetv3,contrast_1.5,132,7,0.8127487301826477,0.03461582958698273,0.15263541042804718,0.8250015819359868
DTSR14,mobilenetv3,contrast_1.5,133,7,0.5912739038467407,0.034291982650756836,0.37443405389785767,1.1457639773073414
DTSR14,mobilenetv3,contrast_1.5,134,7,0.3203233480453491,0.6335738301277161,0.04610280320048332,1.1479039416878543
DTSR14,mobilenetv3,contrast_1.5,135,7,0.44629397988319397,0.5177647471427917,0.035941239446401596,1.1835960857676522
DTSR14,mobilenetv3,contrast_1.5,136,8,0.10634458065032959,0.5012187361717224,0.3924366235733032,1.3728704918334755
DTSR14,mobilenetv3,contrast_1.5,137,8,0.644894003868103,0.30588942766189575,0.04921652004122734,1.1447030836027372
DTSR14,mobilenetv3,contrast_1.5,138,8,0.5849904417991638,0.07343989610671997,0.34156978130340576,1.2585154739025766
DTSR14,mobilenetv3,contrast_1.5,139,8,0.394101619720459,0.04945690929889679,0.5564413666725159,1.2145305254291805
DTSR14,mobilenetv3,contrast_1.5,140,8,0.04969834163784981,0.25313901901245117,0.6971626281738281,1.0797739589809445
DTSR14,mobilenetv3,contrast_1.5,141,8,0.809946596622467,0.1463104784488678,0.04374297708272934,0.8495004455426903
DTSR14,mobilenetv3,contrast_1.5,142,8,0.43142133951187134,0.3310067057609558,0.23757198452949524,1.5438396351748727
DTSR14,mobilenetv3,contrast_1.5,143,9,0.9229201078414917,0.030720600858330727,0.0463593490421772,0.46658086392111
DTSR14,mobilenetv3,contrast_1.5,144,9,0.04690860956907272,0.621982216835022,0.3311091363430023,1.1611403069024337
DTSR14,mobilenetv3,contrast_1.5,145,9,0.3812194764614105,0.5260618329048157,0.0927186906337738,1.3360097478337067
DTSR14,mobilenetv3,contrast_1.5,146,9,0.044751089066267014,0.17797230184078217,0.7772766351699829,0.9263114674433041
DTSR14,mobilenetv3,contrast_1.5,147,9,0.04255760833621025,0.7675051093101501,0.1899372637271881,0.9419890690618944
DTSR14,mobilenetv3,contrast_1.5,148,9,0.06582866609096527,0.2856366038322449,0.6485347747802734,1.1799138481696019
DTSR14,mobilenetv3,contrast_1.5,149,9,0.0555676594376564,0.7234992980957031,0.22093309462070465,1.0507864013330501
DTSR14,mobilenetv3,contrast_1.5,150,9,0.056565023958683014,0.5700242519378662,0.37341073155403137,1.2273159530287578
DTSR14,mobilenetv3,contrast_1.5,151,9,0.150946244597435,0.6302267909049988,0.21882696449756622,1.311231021792993
DTSR14,mobilenetv3,contrast_1.5,152,9,0.6960276961326599,0.05665748566389084,0.24731482565402985,1.0970064283679961
DTSR14,mobilenetv3,contrast_1.5,153,9,0.7070655226707458,0.042980775237083435,0.2499537616968155,1.0487063294042058
DTSR14,mobilenetv3,contrast_1.5,154,9,0.7037275433540344,0.0508338026702404,0.24543873965740204,1.0726120751827608
DTSR14,mobilenetv3,contrast_1.5,155,9,0.052810199558734894,0.6833122372627258,0.26387766003608704,1.1066644159300392
DTSR14,mobilenetv3,contrast_1.5,156,9,0.6360090970993042,0.03625534102320671,0.3277354836463928,1.1162001128860561
DTSR14,mobilenetv3,contrast_1.5,157,9,0.04634333774447441,0.7268804311752319,0.22677625715732574,1.0253384298473578
DTSR14,mobilenetv3,contrast_1.5,158,9,0.8048169612884521,0.033051881939172745,0.1621311753988266,0.8402657031419416
DTSR14,mobilenetv3,contrast_1.5,159,9,0.7883298993110657,0.047537341713905334,0.16413283348083496,0.9073202843280124
DTSR14,mobilenetv3,contrast_1.5,160,9,0.8498651385307312,0.00789343286305666,0.14224153757095337,0.6548038405187444
DTSR14,mobilenetv3,contrast_1.5,161,9,0.1269935965538025,0.3974872827529907,0.4755190908908844,1.4171035848669984
DTSR14,mobilenetv3,contrast_1.5,162,9,0.07588112354278564,0.5984024405479431,0.32571640610694885,1.252700914508356
DTSR14,mobilenetv3,contrast_1.5,163,9,0.119231216609478,0.5889569520950317,0.2918119430541992,1.3341639077050893
DTSR14,mobilenetv3,contrast_1.5,164,9,0.6215938925743103,0.053472742438316345,0.32493335008621216,1.1792828521199228
DTSR14,mobilenetv3,contrast_1.5,165,10,0.5634098649024963,0.33946019411087036,0.09712997078895569,1.322209833786487
DTSR14,mobilenetv3,contrast_1.5,166,10,0.7587599158287048,0.16988599300384521,0.07135416567325592,1.0084402118304596
DTSR14,mobilenetv3,contrast_1.5,167,10,0.5764743089675903,0.37421345710754395,0.04931231588125229,1.2028770580996015
DTSR14,mobilenetv3,contrast_1.5,168,10,0.059747014194726944,0.7461105585098267,0.1941424459218979,1.0172420480257047
DTSR14,mobilenetv3,contrast_1.5,169,10,0.3481804132461548,0.14740146696567535,0.504418134689331,1.435127994629996
DTSR14,mobilenetv3,contrast_1.5,170,10,0.7118377685546875,0.24710893630981445,0.041053276509046555,1.036541430334783
DTSR14,mobilenetv3,contrast_1.5,171,10,0.7800911068916321,0.1851464956998825,0.03476245328783989,0.8984752491803725
DTSR14,mobilenetv3,contrast_1.5,172,10,0.6693904995918274,0.2020556777715683,0.12855389714241028,1.2342708250799361
DTSR14,mobilenetv3,contrast_1.5,173,11,0.5419633388519287,0.06175213307142258,0.3962844908237457,1.2562267596386154
DTSR14,mobilenetv3,contrast_1.5,174,11,0.26239946484565735,0.4389738440513611,0.29862672090530396,1.548564948879043
DTSR14,mobilenetv3,contrast_1.5,175,11,0.4752404987812042,0.0747419074177742,0.45001763105392456,1.308137433099859
DTSR14,mobilenetv3,contrast_1.5,176,11,0.4936292767524719,0.4478331208229065,0.05853768065571785,1.2614672291743256
DTSR14,mobilenetv3,contrast_1.5,177,11,0.7123645544052124,0.02605367638170719,0.2615817189216614,0.9917461808350542
DTSR14,mobilenetv3,contrast_1.5,178,11,0.6564539670944214,0.1341540813446045,0.2093919962644577,1.259734940114586
DTSR14,mobilenetv3,contrast_1.5,179,12,0.3362475335597992,0.19876016676425934,0.46499231457710266,1.5056939430941454
DTSR14,mobilenetv3,contrast_1.5,180,12,0.03595857694745064,0.5431777238845825,0.4208637475967407,1.1762619444255578
DTSR14,mobilenetv3,contrast_1.5,181,12,0.3366992473602295,0.1258152723312378,0.5374855399131775,1.3864680173106751
DTSR14,mobilenetv3,contrast_1.5,182,12,0.44578438997268677,0.12053778022527695,0.4336777627468109,1.410246736809562
DTSR14,mobilenetv3,contrast_1.5,183,12,0.37601006031036377,0.034371599555015564,0.5896183848381042,1.147121504787369
DTSR14,mobilenetv3,contrast_1.5,184,12,0.4879150390625,0.05249696969985962,0.4595879018306732,1.2438027312998998
DTSR14,mobilenetv3,contrast_1.5,185,12,0.273836225271225,0.12976910173892975,0.5963945984840393,1.3386998778290946
DTSR14,mobilenetv3,contrast_1.5,186,12,0.40274733304977417,0.042732592672109604,0.5545201301574707,1.1945196736581216
DTSR14,mobilenetv3,contrast_1.5,187,12,0.05553164705634117,0.5558477640151978,0.38862061500549316,1.2324425261322518
DTSR14,mobilenetv3,contrast_1.5,188,12,0.07340715825557709,0.42225971817970276,0.5043330192565918,1.2998537714919531
DTSR14,mobilenetv3,contrast_1.5,189,12,0.16311360895633698,0.3974399268627167,0.43944650888442993,1.4770713334534333
DTSR14,mobilenetv3,contrast_1.5,190,12,0.19618180394172668,0.44754356145858765,0.35627463459968567,1.5105523410577057
DTSR14,mobilenetv3,contrast_1.5,191,12,0.40300074219703674,0.3841817378997803,0.21281753480434418,1.5336918454124089
DTSR14,mobilenetv3,contrast_1.5,192,12,0.2854042649269104,0.3054766356945038,0.4091191589832306,1.5664245302115254
DTSR14,mobilenetv3,contrast_1.5,193,12,0.6193381547927856,0.30959904193878174,0.07106275111436844,1.2228696910508308
DTSR14,mobilenetv3,contrast_1.5,194,12,0.051192913204431534,0.25278404355049133,0.6960231065750122,1.0849159469767309
DTSR14,mobilenetv3,contrast_1.5,195,12,0.4023275673389435,0.13764086365699768,0.46003153920173645,1.4375987311539697
DTSR14,mobilenetv3,contrast_1.5,196,13,0.07700051367282867,0.7281857132911682,0.19481371343135834,1.0777853199775291
DTSR14,mobilenetv3,contrast_1.5,197,13,0.04450472816824913,0.0977124348282814,0.8577827215194702,0.7175183925167269
DTSR14,mobilenetv3,contrast_1.5,198,13,0.05361755192279816,0.43851831555366516,0.5078640580177307,1.244283506404731
DTSR14,mobilenetv3,contrast_1.5,199,13,0.07713238894939423,0.18105314671993256,0.7418144345283508,1.0511359838794474
DTSR14,mobilenetv3,pixelate_0.25,0,0,0.04353885352611542,0.37488967180252075,0.5815715193748474,1.1822776646844755
DTSR14,mobilenetv3,pixelate_0.25,1,0,0.04202532023191452,0.11153192818164825,0.8464426398277283,0.7486871998465103
DTSR14,mobilenetv3,pixelate_0.25,2,0,0.05839117616415024,0.5084260702133179,0.43318265676498413,1.258292101491389
DTSR14,mobilenetv3,pixelate_0.25,3,0,0.05552167817950249,0.5473149418830872,0.39716339111328125,1.2365908154467498
DTSR14,mobilenetv3,pixelate_0.25,4,0,0.8442307710647583,0.03831930458545685,0.11744990199804306,0.7494665022433986
DTSR14,mobilenetv3,pixelate_0.25,5,0,0.4272308051586151,0.05310888588428497,0.5196603536605835,1.239831749470119
DTSR14,mobilenetv3,pixelate_0.25,6,0,0.03290427476167679,0.5742689967155457,0.39282670617103577,1.151147715847944
DTSR14,mobilenetv3,pixelate_0.25,7,1,0.04432448372244835,0.5566613674163818,0.39901411533355713,1.1986106218004022
DTSR14,mobilenetv3,pixelate_0.25,8,1,0.04343051835894585,0.36899369955062866,0.5875758528709412,1.1780254833833057
DTSR14,mobilenetv3,pixelate_0.25,9,1,0.042527936398983,0.5191985368728638,0.4382736086845398,1.2062973306567772
DTSR14,mobilenetv3,pixelate_0.25,10,1,0.031331226229667664,0.7069869041442871,0.2616817355155945,1.0163276543614537
DTSR14,mobilenetv3,pixelate_0.25,11,1,0.039663705974817276,0.43256503343582153,0.5277712345123291,1.1942647602501941
DTSR14,mobilenetv3,pixelate_0.25,12,1,0.04202995449304581,0.6236249804496765,0.3343451917171478,1.1454861144980457
DTSR14,mobilenetv3,pixelate_0.25,13,1,0.031061219051480293,0.4612780809402466,0.5076605677604675,1.167022792028261
DTSR14,mobilenetv3,pixelate_0.25,14,2,0.28596553206443787,0.3933786153793335,0.3206557631492615,1.5721348962129071
DTSR14,mobilenetv3,pixelate_0.25,15,2,0.3421608805656433,0.4254349172115326,0.2324042022228241,1.5432450840752372
DTSR14,mobilenetv3,pixelate_0.25,16,2,0.2644399106502533,0.5297935605049133,0.20576654374599457,1.4623486397792838
DTSR14,mobilenetv3,pixelate_0.25,17,2,0.23540621995925903,0.5314440131187439,0.23314975202083588,1.4656933953133542
DTSR14,mobilenetv3,pixelate_0.25,18,2,0.4183918535709381,0.36673346161842346,0.21487471461296082,1.533369529689416
DTSR14,mobilenetv3,pixelate_0.25,19,2,0.3439396917819977,0.4548845887184143,0.20117580890655518,1.511946690443555
DTSR14,mobilenetv3,pixelate_0.25,20,2,0.2760239541530609,0.3985271453857422,0.3254488408565521,1.5686223675592585
DTSR14,mobilenetv3,pixelate_0.25,21,2,0.6162061095237732,0.2572932541370392,0.12650065124034882,1.311665866571278
DTSR14,mobilenetv3,pixelate_0.25,22,2,0.5068284273147583,0.03690245747566223,0.45626917481422424,1.1890872593400816
DTSR14,mobilenetv3,pixelate_0.25,23,2,0.22238458693027496,0.4391385614871979,0.3384768068790436,1.5326872531483178
DTSR14,mobilenetv3,pixelate_0.25,24,2,0.2705904543399811,0.4755500257015228,0.25385943055152893,1.5223392725186835
DTSR14,mobilenetv3,pixelate_0.25,25,2,0.23504310846328735,0.5863494277000427,0.17860737442970276,1.3864566068474184
DTSR14,mobilenetv3,pixelate_0.25,26,2,0.1518264263868332,0.44767141342163086,0.4005022346973419,1.460672466782436
DTSR14,mobilenetv3,pixelate_0.25,27,2,0.04470199719071388,0.5922526121139526,0.36304542422294617,1.178688434536983
DTSR14,mobilenetv3,pixelate_0.25,28,2,0.48803770542144775,0.04279443621635437,0.4691677987575531,1.2118982669297036
DTSR14,mobilenetv3,pixelate_0.25,29,2,0.34205248951911926,0.3783224821090698,0.2796250581741333,1.5739965162135905
DTSR14,mobilenetv3,pixelate_0.25,30,2,0.5676485896110535,0.022763481363654137,0.40958788990974426,1.1154014117898252
DTSR14,mobilenetv3,pixelate_0.25,31,2,0.047597486525774,0.4273918867111206,0.5250106453895569,1.2212744917362206
DTSR14,mobilenetv3,pixelate_0.25,32,2,0.44784507155418396,0.17362253367900848,0.37853240966796875,1.4881037804966422
DTSR14,mobilenetv3,pixelate_0.25,33,2,0.36057132482528687,0.31532761454582214,0.3241010308265686,1.5824982465573583
DTSR14,mobilenetv3,pixelate_0.25,34,2,0.394133597612381,0.3732876181602478,0.23257878422737122,1.5494923875177538
DTSR14,mobilenetv3,pixelate_0.25,35,2,0.3464505672454834,0.38792258501052856,0.2656268775463104,1.5678020473505712
DTSR14,mobilenetv3,pixelate_0.25,36,2,0.5161044001579285,0.03220345079898834,0.451692134141922,1.1700263055771538
DTSR14,mobilenetv3,pixelate_0.25,37,2,0.7629859447479248,0.031283676624298096,0.20573045313358307,0.9234482663114643
DTSR14,mobilenetv3,pixelate_0.25,38,2,0.28169795870780945,0.44678056240081787,0.27152156829833984,1.5448966099577353
DTSR14,mobilenetv3,pixelate_0.25,39,3,0.3161338269710541,0.2562357783317566,0.4276304244995117,1.552674656605174
DTSR14,mobilenetv3,pixelate_0.25,40,3,0.10189583897590637,0.4041333496570587,0.49397072196006775,1.366587597543547
DTSR14,mobilenetv3,pixelate_0.25,41,3,0.06289075314998627,0.37346136569976807,0.5636479258537292,1.247886837600255
DTSR14,mobilenetv3,pixelate_0.25,42,4,0.18266840279102325,0.08439761400222778,0.7329339385032654,1.0775819600696566
DTSR14,mobilenetv3,pixelate_0.25,43,4,0.23826254904270172,0.014941238798201084,0.7467961311340332,0.8982274346311914
DTSR14,mobilenetv3,pixelate_0.25,44,4,0.08304107934236526,0.22295954823493958,0.6939993500709534,1.1465933836945288
DTSR14,mobilenetv3,pixelate_0.25,45,4,0.038950905203819275,0.37740153074264526,0.5836474895477295,1.1663328106598638
DTSR14,mobilenetv3,pixelate_0.25,46,4,0.47109419107437134,0.24633850157260895,0.2825673818588257,1.5247021210185085
DTSR14,mobilenetv3,pixelate_0.25,47,4,0.06033480167388916,0.540433943271637,0.3992311656475067,1.2530737420246092
DTSR14,mobilenetv3,pixelate_0.25,48,4,0.06218595802783966,0.1178559958934784,0.8199580907821655,0.8475879870195566
DTSR14,mobilenetv3,pixelate_0.25,49,4,0.3115672767162323,0.5330432057380676,0.15538953244686127,1.4253885500714145
DTSR14,mobilenetv3,pixelate_0.25,50,4,0.22811666131019592,0.09043645113706589,0.6814469695091248,1.176982015930115
DTSR14,mobilenetv3,pixelate_0.25,51,4,0.29910337924957275,0.5591867566108704,0.14170974493026733,1.3892349581676646
DTSR14,mobilenetv3,pixelate_0.25,52,5,0.40801915526390076,0.22782351076602936,0.36415737867355347,1.5445761537619922
DTSR14,mobilenetv3,pixelate_0.25,53,5,0.1432381272315979,0.38935548067092896,0.46740639209747314,1.4442824184364136
DTSR14,mobilenetv3,pixelate_0.25,54,5,0.3239835798740387,0.41452744603157043,0.26148900389671326,1.559468146979551
DTSR14,mobilenetv3,pixelate_0.25,55,5,0.4190807640552521,0.2106841504573822,0.37023496627807617,1.5299224526821271
DTSR14,mobilenetv3,pixelate_0.25,56,5,0.2820076644420624,0.2374531477689743,0.4805392026901245,1.5156077658800324
DTSR14,mobilenetv3,pixelate_0.25,57,5,0.15617388486862183,0.5516678094863892,0.29215824604034424,1.4103893483011753
DTSR14,mobilenetv3,pixelate_0.25,58,5,0.2107728272676468,0.7408745288848877,0.048352546989917755,1.0053351201835254
DTSR14,mobilenetv3,pixelate_0.25,59,5,0.2825441062450409,0.04303491860628128,0.6744210720062256,1.0937720880743387
DTSR14,mobilenetv3,pixelate_0.25,60,5,0.1283317506313324,0.2780456840991974,0.593622624874115,1.3401969186260199
DTSR14,mobilenetv3,pixelate_0.25,61,5,0.14115996658802032,0.3922201097011566,0.4666198790073395,1.4414536572373278
DTSR14,mobilenetv3,pixelate_0.25,62,5,0.061986930668354034,0.6551266312599182,0.28288641571998596,1.163748855874815
DTSR14,mobilenetv3,pixelate_0.25,63,5,0.4057517945766449,0.16484355926513672,0.4294046461582184,1.4804451417202982
DTSR14,mobilenetv3,pixelate_0.25,64,5,0.11776494234800339,0.4999885559082031,0.3822464644908905,1.3937680695498549
DTSR14,mobilenetv3,pixelate_0.25,65,5,0.16009443998336792,0.5268601775169373,0.3130454421043396,1.4347419828082348
DTSR14,mobilenetv3,pixelate_0.25,66,5,0.5746159553527832,0.15047495067119598,0.27490901947021484,1.3826145769780909
DTSR14,mobilenetv3,pixelate_0.25,67,5,0.4504856765270233,0.2513555884361267,0.2981586754322052,1.539549682599962
DTSR14,mobilenetv3,pixelate_0.25,68,5,0.5560891032218933,0.09551936388015747,0.34839144349098206,1.3243969809950937
DTSR14,mobilenetv3,pixelate_0.25,69,5,0.5830304026603699,0.07096687704324722,0.3460027277469635,1.2544460366676073
DTSR14,mobilenetv3,pixelate_0.25,70,5,0.3709098696708679,0.30833813548088074,0.32075196504592896,1.5802815672580799
DTSR14,mobilenetv3,pixelate_0.25,71,5,0.13112811744213104,0.5056424736976624,0.3632294535636902,1.4124817041030167
DTSR14,mobilenetv3,pixelate_0.25,72,5,0.6647177338600159,0.1653641164302826,0.16991813480854034,1.2554700748739382
DTSR14,mobilenetv3,pixelate_0.25,73,5,0.1627458781003952,0.3072107136249542,0.5300434231758118,1.434792044742819
DTSR14,mobilenetv3,pixelate_0.25,74,5,0.3850965201854706,0.23582251369953156,0.37908095121383667,1.5521673025899358
DTSR14,mobilenetv3,pixelate_0.25,75,5,0.5056763887405396,0.423732727766037,0.07059084624052048,1.292315535410064
DTSR14,mobilenetv3,pixelate_0.25,76,5,0.1584351807832718,0.4274740517139435,0.4140907824039459,1.4719641167451463
DTSR14,mobilenetv3,pixelate_0.25,77,5,0.70574951171875,0.04061990976333618,0.2536306083202362,1.0445483027729554
DTSR14,mobilenetv3,pixelate_0.25,78,5,0.49715733528137207,0.19986219704151154,0.3029804229736328,1.4874565853655493
DTSR14,mobilenetv3,pixelate_0.25,79,5,0.23344817757606506,0.4923233091831207,0.27422845363616943,1.5051411004051143
DTSR14,mobilenetv3,pixelate_0.25,80,5,0.11437885463237762,0.5113245844841003,0.37429654598236084,1.3832499677893435
DTSR14,mobilenetv3,pixelate_0.25,81,5,0.5464322566986084,0.027533216401934624,0.42603451013565063,1.1435527614718788
DTSR14,mobilenetv3,pixelate_0.25,82,5,0.6839410066604614,0.2678786516189575,0.04818038269877434,1.0947098600686818
DTSR14,mobilenetv3,pixelate_0.25,83,5,0.675475001335144,0.03689873591065407,0.2876262962818146,1.075059870739584
DTSR14,mobilenetv3,pixelate_0.25,84,5,0.11969439685344696,0.5557499527931213,0.3245556056499481,1.3644703268727438
DTSR14,mobilenetv3,pixelate_0.25,85,5,0.2771044075489044,0.28271979093551636,0.44017577171325684,1.5494321744312274
DTSR14,mobilenetv3,pixelate_0.25,86,5,0.41868939995765686,0.26730525493621826,0.3140053451061249,1.559439916185252
DTSR14,mobilenetv3,pixelate_0.25,87,5,0.7753708362579346,0.15424999594688416,0.07037920504808426,0.970014170830875
DTSR14,mobilenetv3,pixelate_0.25,88,5,0.5683282613754272,0.2784251868724823,0.15324653685092926,1.3915934584640972
DTSR14,mobilenetv3,pixelate_0.25,89,5,0.05501030385494232,0.32440364360809326,0.6205860376358032,1.184195323426653
DTSR14,mobilenetv3,pixelate_0.25,90,5,0.715818464756012,0.0257900170981884,0.25839152932167053,0.9858345641262184
DTSR14,mobilenetv3,pixelate_0.25,91,5,0.11330264806747437,0.46039995551109314,0.4262973666191101,1.3955490775947044
DTSR14,mobilenetv3,pixelate_0.25,92,5,0.3117809295654297,0.35144540667533875,0.33677375316619873,1.5832119808648732
DTSR14,mobilenetv3,pixelate_0.25,93,5,0.43012508749961853,0.03921465203166008,0.5306602120399475,1.1918627208728005
DTSR14,mobilenetv3,pixelate_0.25,94,5,0.4394536316394806,0.02621065080165863,0.5343357920646667,1.1421269341675733
DTSR14,mobilenetv3,pixelate_0.25,95,5,0.6229973435401917,0.3420916795730591,0.03491096943616867,1.1236991059141002
DTSR14,mobilenetv3,pixelate_0.25,96,5,0.7923778891563416,0.026846077293157578,0.18077602982521057,0.8522515727687141
DTSR14,mobilenetv3,pixelate_0.25,97,5,0.5892213582992554,0.03077390417456627,0.38000473380088806,1.1346494389178843
DTSR14,mobilenetv3,pixelate_0.25,98,5,0.027830777689814568,0.4716127812862396,0.500556468963623,1.1549413730056821
DTSR14,mobilenetv3,pixelate_0.25,99,5,0.531634509563446,0.14969077706336975,0.31867465376853943,1.4204888810824814
DTSR14,mobilenetv3,pixelate_0.25,100,5,0.4767855107784271,0.264359712600708,0.2588547468185425,1.5216171636486966
DTSR14,mobilenetv3,pixelate_0.25,101,5,0.05749156326055527,0.46420642733573914,0.4783020317554474,1.2597621761208728
DTSR14,mobilenetv3,pixelate_0.25,102,5,0.5321311354637146,0.03092464804649353,0.4369441270828247,1.1613280257188139
DTSR14,mobilenetv3,pixelate_0.25,103,5,0.5377785563468933,0.1662186086177826,0.2960027754306793,1.431455795556607
DTSR14,mobilenetv3,pixelate_0.25,104,5,0.6640172600746155,0.26579877734184265,0.07018391042947769,1.1693340984439673
DTSR14,mobilenetv3,pixelate_0.25,105,5,0.27347826957702637,0.4997670352458954,0.22675468027591705,1.4970801352897638
DTSR14,mobilenetv3,pixelate_0.25,106,5,0.04704102501273155,0.7217687368392944,0.23119023442268372,1.035431516567158
DTSR14,mobilenetv3,pixelate_0.25,107,5,0.46702906489372253,0.2249957025051117,0.30797532200813293,1.5204747038005086
DTSR14,mobilenetv3,pixelate_0.25,108,5,0.03736104816198349,0.5930398106575012,0.3695990741252899,1.1549430283511148
DTSR14,mobilenetv3,pixelate_0.25,109,5,0.4836609363555908,0.20544467866420746,0.3108943700790405,1.4999241876841891
DTSR14,mobilenetv3,pixelate_0.25,110,5,0.5806061625480652,0.20693092048168182,0.212462916970253,1.400511738541859
DTSR14,mobilenetv3,pixelate_0.25,111,5,0.282121479511261,0.3516463339328766,0.3662321865558624,1.5759901265051934
DTSR14,mobilenetv3,pixelate_0.25,112,5,0.48435133695602417,0.04623562842607498,0.46941307187080383,1.2237812496176248
DTSR14,mobilenetv3,pixelate_0.25,113,5,0.5402690172195435,0.03624309226870537,0.42348796129226685,1.178317631746867
DTSR14,mobilenetv3,pixelate_0.25,114,5,0.5896171927452087,0.032080598175525665,0.37830230593681335,1.1390921972783588
DTSR14,mobilenetv3,pixelate_0.25,115,5,0.3190469443798065,0.15888601541519165,0.5220670104026794,1.437052152983684
DTSR14,mobilenetv3,pixelate_0.25,116,5,0.534088134765625,0.17240005731582642,0.2935118079185486,1.4395837049316478
DTSR14,mobilenetv3,pixelate_0.25,117,5,0.5301568508148193,0.17409688234329224,0.29574617743492126,1.4442363762132366
DTSR14,mobilenetv3,pixelate_0.25,118,6,0.049755360931158066,0.25017374753952026,0.7000710368156433,1.0756232485815354
DTSR14,mobilenetv3,pixelate_0.25,119,6,0.09595128148794174,0.32915207743644714,0.5748966336250305,1.3112795521406069
DTSR14,mobilenetv3,pixelate_0.25,120,6,0.05645361542701721,0.31146591901779175,0.6320804357528687,1.1765763246749044
DTSR14,mobilenetv3,pixelate_0.25,121,6,0.2966378927230835,0.07185298204421997,0.6315091252326965,1.2117979031885995
DTSR14,mobilenetv3,pixelate_0.25,122,6,0.1416277140378952,0.05174984782934189,0.8066222667694092,0.8705371788571153
DTSR14,mobilenetv3,pixelate_0.25,123,6,0.11216577887535095,0.6307626366615295,0.2570716440677643,1.277176950395446
DTSR14,mobilenetv3,pixelate_0.25,124,7,0.6435293555259705,0.04008074104785919,0.31638985872268677,1.1205254121154624
DTSR14,mobilenetv3,pixelate_0.25,125,7,0.30864736437797546,0.6465922594070435,0.0447603203356266,1.1308086776704491
DTSR14,mobilenetv3,pixelate_0.25,126,7,0.7279083132743835,0.2187304049730301,0.05336128920316696,1.0387480292729687
DTSR14,mobilenetv3,pixelate_0.25,127,7,0.5661687850952148,0.3901183009147644,0.0437127985060215,1.1918376948271834
DTSR14,mobilenetv3,pixelate_0.25,128,7,0.6307681798934937,0.009970299899578094,0.3592614531517029,1.0162212328752167
DTSR14,mobilenetv3,pixelate_0.25,129,7,0.5595884919166565,0.3995390236377716,0.040872491896152496,1.186050078077293
DTSR14,mobilenetv3,pixelate_0.25,130,7,0.444541871547699,0.49654069542884827,0.058917511254549026,1.2621416459899952
DTSR14,mobilenetv3,pixelate_0.25,131,7,0.048899028450250626,0.6350868344306946,0.31601405143737793,1.1540705194518885
DTSR14,mobilenetv3,pixelate_0.25,132,7,0.5031377077102661,0.025263505056500435,0.4715987741947174,1.1440518571090508
DTSR14,mobilenetv3,pixelate_0.25,133,7,0.029921269044280052,0.5615928769111633,0.40848585963249207,1.1465712840806122
DTSR14,mobilenetv3,pixelate_0.25,134,7,0.6322779655456543,0.03607063740491867,0.3316514790058136,1.1191322899886949
DTSR14,mobilenetv3,pixelate_0.25,135,7,0.7178475260734558,0.031056202948093414,0.251096248626709,0.9994782565313689
DTSR14,mobilenetv3,pixelate_0.25,136,8,0.4067707061767578,0.5527738928794861,0.040455304086208344,1.1878329310344993
DTSR14,mobilenetv3,pixelate_0.25,137,8,0.4245215058326721,0.5311094522476196,0.04436897858977318,1.2090145328322062
DTSR14,mobilenetv3,pixelate_0.25,138,8,0.05552836135029793,0.4273878335952759,0.5170838236808777,1.2477499150834415
DTSR14,mobilenetv3,pixelate_0.25,139,8,0.45366257429122925,0.048684727400541306,0.49765270948410034,1.2306306897069685
DTSR14,mobilenetv3,pixelate_0.25,140,8,0.053474243730306625,0.38554394245147705,0.5609818696975708,1.223909164400512
DTSR14,mobilenetv3,pixelate_0.25,141,8,0.673270583152771,0.28922533988952637,0.03750411421060562,1.0795498134248944
DTSR14,mobilenetv3,pixelate_0.25,142,8,0.6264696717262268,0.037462424486875534,0.33606791496276855,1.1288748440091356
DTSR14,mobilenetv3,pixelate_0.25,143,9,0.8696982264518738,0.08401622623205185,0.046285711228847504,0.6805725670144496
DTSR14,mobilenetv3,pixelate_0.25,144,9,0.037583593279123306,0.7316480875015259,0.23076827824115753,0.9959088501232178
DTSR14,mobilenetv3,pixelate_0.25,145,9,0.3555651307106018,0.588142991065979,0.05629194527864456,1.2144779866138518
DTSR14,mobilenetv3,pixelate_0.25,146,9,0.03967185690999031,0.3489101529121399,0.6114180088043213,1.148687269234786
DTSR14,mobilenetv3,pixelate_0.25,147,9,0.04677434265613556,0.6753275394439697,0.2778981328010559,1.1025022343574742
DTSR14,mobilenetv3,pixelate_0.25,148,9,0.05419762060046196,0.27963128685951233,0.6661710143089294,1.1324096094004479
DTSR14,mobilenetv3,pixelate_0.25,149,9,0.05314665660262108,0.5441130995750427,0.4027402698993683,1.2311862369537152
DTSR14,mobilenetv3,pixelate_0.25,150,9,0.04508499428629875,0.461569607257843,0.4933454394340515,1.2192916490277943
DTSR14,mobilenetv3,pixelate_0.25,151,9,0.4687937796115875,0.04651092365384102,0.4846953749656677,1.2246842760652974
DTSR14,mobilenetv3,pixelate_0.25,152,9,0.04340428486466408,0.5200352668762207,0.4365604519844055,1.2090232611426366
DTSR14,mobilenetv3,pixelate_0.25,153,9,0.7469333410263062,0.02033485472202301,0.2327318787574768,0.9181959400201661
DTSR14,mobilenetv3,pixelate_0.25,154,9,0.03131096810102463,0.5999764204025269,0.3687126040458679,1.129399276016513
DTSR14,mobilenetv3,pixelate_0.25,155,9,0.03958717733621597,0.664459228515625,0.2959536015987396,1.096152162638425
DTSR14,mobilenetv3,pixelate_0.25,156,9,0.4591405987739563,0.03231729567050934,0.5085421204566956,1.1717457301022145
DTSR14,mobilenetv3,pixelate_0.25,157,9,0.04857483506202698,0.7144449353218079,0.23698027431964874,1.0507906718430267
DTSR14,mobilenetv3,pixelate_0.25,158,9,0.03252129629254341,0.8081965446472168,0.15928225219249725,0.8311838553972284
DTSR14,mobilenetv3,pixelate_0.25,159,9,0.778591513633728,0.05010734871029854,0.17130114138126373,0.933553505595437
DTSR14,mobilenetv3,pixelate_0.25,160,9,0.686625063419342,0.03342878445982933,0.2799462676048279,1.0505219791640374
DTSR14,mobilenetv3,pixelate_0.25,161,9,0.08654866367578506,0.41756537556648254,0.4958859086036682,1.333444883472647
DTSR14,mobilenetv3,pixelate_0.25,162,9,0.06786255538463593,0.546808660030365,0.3853287994861603,1.2697522205746132
DTSR14,mobilenetv3,pixelate_0.25,163,9,0.14816655218601227,0.4847627580165863,0.3670707046985626,1.4452992322459668
DTSR14,mobilenetv3,pixelate_0.25,164,9,0.6440686583518982,0.2904760241508484,0.06545528024435043,1.1843240407004882
DTSR14,mobilenetv3,pixelate_0.25,165,10,0.2933688759803772,0.6301405429840088,0.07649055868387222,1.2225366940742248
DTSR14,mobilenetv3,pixelate_0.25,166,10,0.3987155556678772,0.5428844094276428,0.058400027453899384,1.2466749218339142
DTSR14,mobilenetv3,pixelate_0.25,167,10,0.6657712459564209,0.29700419306755066,0.037224531173706055,1.0876558794376439
DTSR14,mobilenetv3,pixelate_0.25,168,10,0.04919140785932541,0.5901853442192078,0.36062321066856384,1.1933821051573559
DTSR14,mobilenetv3,pixelate_0.25,169,10,0.16945643723011017,0.5411942005157471,0.28934934735298157,1.4310396380107069
DTSR14,mobilenetv3,pixelate_0.25,170,10,0.35040417313575745,0.6051003932952881,0.04449545964598656,1.1684714306550215
DTSR14,mobilenetv3,pixelate_0.25,171,10,0.3110848069190979,0.6177768707275391,0.07113828510046005,1.2245838335738783
DTSR14,mobilenetv3,pixelate_0.25,172,10,0.743742823600769,0.1833954006433487,0.07286174595355988,1.0417560333406302
DTSR14,mobilenetv3,pixelate_0.25,173,11,0.1613636165857315,0.1752415895462036,0.6633949279785156,1.2577252742595515
DTSR14,mobilenetv3,pixelate_0.25,174,11,0.4509383738040924,0.396267831325531,0.15279386937618256,1.4614475206037945
DTSR14,mobilenetv3,pixelate_0.25,175,11,0.10286024957895279,0.4700808823108673,0.42705872654914856,1.373648331658588
DTSR14,mobilenetv3,pixelate_0.25,176,11,0.18256396055221558,0.7518714070320129,0.06556465476751328,1.0150076318291572
DTSR14,mobilenetv3,pixelate_0.25,177,11,0.0806308314204216,0.2857024669647217,0.6336667537689209,1.2263581461712723
DTSR14,mobilenetv3,pixelate_0.25,178,11,0.435060054063797,0.1078345775604248,0.4571053683757782,1.3851220773655495
DTSR14,mobilenetv3,pixelate_0.25,179,12,0.447551429271698,0.11213016510009766,0.4403183162212372,1.39413528107794
DTSR14,mobilenetv3,pixelate_0.25,180,12,0.05586560070514679,0.5196577906608582,0.4244767129421234,1.2480103313148216
DTSR14,mobilenetv3,pixelate_0.25,181,12,0.32976120710372925,0.027270564809441566,0.6429682374000549,1.0791836368437164
DTSR14,mobilenetv3,pixelate_0.25,182,12,0.42069098353385925,0.514609158039093,0.06469981372356415,1.2743113992311028
DTSR14,mobilenetv3,pixelate_0.25,183,12,0.46121281385421753,0.024443689733743668,0.5143435001373291,1.1391793678974618
DTSR14,mobilenetv3,pixelate_0.25,184,12,0.6501113772392273,0.03681409731507301,0.31307461857795715,1.1037755148050215
DTSR14,mobilenetv3,pixelate_0.25,185,12,0.20904818177223206,0.1894514411687851,0.6015004515647888,1.367870297215861
DTSR14,mobilenetv3,pixelate_0.25,186,12,0.028725123032927513,0.4743276536464691,0.49694719910621643,1.1588524160805487
DTSR14,mobilenetv3,pixelate_0.25,187,12,0.411030113697052,0.271155446767807,0.3178144693374634,1.5633389208674804
DTSR14,mobilenetv3,pixelate_0.25,188,12,0.34727615118026733,0.16545480489730835,0.4872690737247467,1.464726015850465
DTSR14,mobilenetv3,pixelate_0.25,189,12,0.4210793673992157,0.03345383703708649,0.5454667806625366,1.1663943079932393
DTSR14,mobilenetv3,pixelate_0.25,190,12,0.4715600311756134,0.02477452903985977,0.5036654472351074,1.141930627078965
DTSR14,mobilenetv3,pixelate_0.25,191,12,0.3665005564689636,0.0680626779794693,0.5654367804527283,1.2597196070227152
DTSR14,mobilenetv3,pixelate_0.25,192,12,0.1910025179386139,0.10080906003713608,0.7081882953643799,1.1424194079460188
DTSR14,mobilenetv3,pixelate_0.25,193,12,0.5252037644386292,0.420921266078949,0.0538749136030674,1.2404516585874528
DTSR14,mobilenetv3,pixelate_0.25,194,12,0.07164444774389267,0.31983163952827454,0.608523964881897,1.234540788472493
DTSR14,mobilenetv3,pixelate_0.25,195,12,0.5971581339836121,0.03686535730957985,0.3659765124320984,1.1504436871916712
DTSR14,mobilenetv3,pixelate_0.25,196,13,0.057063039392232895,0.6383135914802551,0.3046233057975769,1.1715554634252674
DTSR14,mobilenetv3,pixelate_0.25,197,13,0.13517315685749054,0.024241184815764427,0.8405856490135193,0.730943505213395
DTSR14,mobilenetv3,pixelate_0.25,198,13,0.04855003207921982,0.3876150846481323,0.5638349056243896,1.2079755136629735
DTSR14,mobilenetv3,pixelate_0.25,199,13,0.06761937588453293,0.20741936564445496,0.7249613404273987,1.0699096156364785
DTSR14,mobilenetv3,scratch_severe,0,0,0.16826754808425903,0.07337325811386108,0.7583592534065247,1.011779998101524
DTSR14,mobilenetv3,scratch_severe,1,0,0.024942517280578613,0.702736496925354,0.27232101559638977,1.0015218451262085
DTSR14,mobilenetv3,scratch_severe,2,0,0.673751950263977,0.26123344898223877,0.06501462310552597,1.1461039206512589
DTSR14,mobilenetv3,scratch_severe,3,0,0.24026082456111908,0.036994315683841705,0.722744882106781,1.0088241921667673
DTSR14,mobilenetv3,scratch_severe,4,0,0.2896832823753357,0.6952679753303528,0.015048823319375515,0.9734735620777136
DTSR14,mobilenetv3,scratch_severe,5,0,0.24936728179454803,0.7402515411376953,0.010381125845015049,0.8892611111926371
DTSR14,mobilenetv3,scratch_severe,6,0,0.16589859127998352,0.7808172702789307,0.0532841831445694,0.934054588889524
DTSR14,mobilenetv3,scratch_severe,7,1,0.243763729929924,0.7498990297317505,0.006337253842502832,0.8540673820815549
DTSR14,mobilenetv3,scratch_severe,8,1,0.3160489797592163,0.620505690574646,0.0634453147649765,1.2048190711554627
DTSR14,mobilenetv3,scratch_severe,9,1,0.11830063164234161,0.8601568937301636,0.021542493253946304,0.6705133973483127
DTSR14,mobilenetv3,scratch_severe,10,1,0.14101873338222504,0.8411816358566284,0.01779969222843647,0.7118605382973606
DTSR14,mobilenetv3,scratch_severe,11,1,0.014451246708631516,0.2583537697792053,0.7271950840950012,0.9270005108951618
DTSR14,mobilenetv3,scratch_severe,12,1,0.22413356602191925,0.7554258108139038,0.020440533757209778,0.90397860009728
DTSR14,mobilenetv3,scratch_severe,13,1,0.028502214699983597,0.1686796247959137,0.8028181195259094,0.8337814552117139
DTSR14,mobilenetv3,scratch_severe,14,2,0.37211066484451294,0.08793877810239792,0.5399505496025085,1.319206006035658
DTSR14,mobilenetv3,scratch_severe,15,2,0.11511261761188507,0.6149849891662598,0.2699023485183716,1.3003368830891164
DTSR14,mobilenetv3,scratch_severe,16,2,0.7651095986366272,0.01023932360112667,0.22465108335018158,0.8471645561516672
DTSR14,mobilenetv3,scratch_severe,17,2,0.6271985769271851,0.041632864624261856,0.33116868138313293,1.1410449039111863
DTSR14,mobilenetv3,scratch_severe,18,2,0.5024502873420715,0.029211726039648056,0.4683379530906677,1.1603466123262236
DTSR14,mobilenetv3,scratch_severe,19,2,0.2538096010684967,0.028646884486079216,0.7175435423851013,0.9925145625722683
DTSR14,mobilenetv3,scratch_severe,20,2,0.8934016823768616,0.1031448170542717,0.0034535101149231195,0.5115580986016535
DTSR14,mobilenetv3,scratch_severe,21,2,0.5765305757522583,0.11042007058858871,0.3130493462085724,1.3336146725289284
DTSR14,mobilenetv3,scratch_severe,22,2,0.15685930848121643,0.8069875240325928,0.036153171211481094,0.8420310166428988
DTSR14,mobilenetv3,scratch_severe,23,2,0.3612629771232605,0.2014569789171219,0.4372800886631012,1.5181476183622085
DTSR14,mobilenetv3,scratch_severe,24,2,0.09315002709627151,0.5890312194824219,0.31781870126724243,1.294332879298137
DTSR14,mobilenetv3,scratch_severe,25,2,0.07914585620164871,0.3174201548099518,0.6034339070320129,1.254863539870829
DTSR14,mobilenetv3,scratch_severe,26,2,0.32910412549972534,0.6534967422485352,0.017399167641997337,1.0304579644979937
DTSR14,mobilenetv3,scratch_severe,27,2,0.059570059180259705,0.5438008308410645,0.39662909507751465,1.2494835809898048
DTSR14,mobilenetv3,scratch_severe,28,2,0.1328362375497818,0.8543413281440735,0.012822420336306095,0.661481711204041
DTSR14,mobilenetv3,scratch_severe,29,2,0.40071478486061096,0.031284213066101074,0.5680010318756104,1.1485641459869644
DTSR14,mobilenetv3,scratch_severe,30,2,0.7534341216087341,0.19975435733795166,0.046811532229185104,0.9786733002162689
DTSR14,mobilenetv3,scratch_severe,31,2,0.06094461306929588,0.5143083930015564,0.4247469902038574,1.2640677127785245
DTSR14,mobilenetv3,scratch_severe,32,2,0.1810263842344284,0.7564707398414612,0.06250293552875519,1.000957642247666
DTSR14,mobilenetv3,scratch_severe,33,2,0.054889049381017685,0.7785546779632568,0.16655637323856354,0.9416993316073607
DTSR14,mobilenetv3,scratch_severe,34,2,0.7642746567726135,0.03151783347129822,0.20420745015144348,0.9216365418061984
DTSR14,mobilenetv3,scratch_severe,35,2,0.6417091488838196,0.0678897500038147,0.2904011905193329,1.1921976479971186
DTSR14,mobilenetv3,scratch_severe,36,2,0.040177084505558014,0.1585865467786789,0.8012362718582153,0.8637862002295396
DTSR14,mobilenetv3,scratch_severe,37,2,0.07069810479879379,0.1823650598526001,0.7469367384910583,1.0323624726860612
DTSR14,mobilenetv3,scratch_severe,38,2,0.5568261742591858,0.08433209359645844,0.35884174704551697,1.301805909054882
DTSR14,mobilenetv3,scratch_severe,39,3,0.2057039737701416,0.022280147299170494,0.7720158100128174,0.8797518029601398
DTSR14,mobilenetv3,scratch_severe,40,3,0.2558395564556122,0.04374337196350098,0.7004171013832092,1.0604629253110855
DTSR14,mobilenetv3,scratch_severe,41,3,0.1489805430173874,0.8110144734382629,0.040004976093769073,0.8400794742515487
DTSR14,mobilenetv3,scratch_severe,42,4,0.27446305751800537,0.01337074488401413,0.7121661901473999,0.9439481175861955
DTSR14,mobilenetv3,scratch_severe,43,4,0.27698269486427307,0.7107822299003601,0.012235138565301895,0.9408111235269949
DTSR14,mobilenetv3,scratch_severe,44,4,0.00971152726560831,0.2989802956581116,0.6913082003593445,0.9539093197493975
DTSR14,mobilenetv3,scratch_severe,45,4,0.0792982429265976,0.4064495265483856,0.5142521262168884,1.31127743724165
DTSR14,mobilenetv3,scratch_severe,46,4,0.2597062885761261,0.02855542302131653,0.7117382287979126,1.0007983934692266
DTSR14,mobilenetv3,scratch_severe,47,4,0.28444182872772217,0.01427668146789074,0.7012814283370972,0.9624480400414678
DTSR14,mobilenetv3,scratch_severe,48,4,0.20753206312656403,0.7798917293548584,0.012576200999319553,0.8299130050145824
DTSR14,mobilenetv3,scratch_severe,49,4,0.4556679129600525,0.03412453457713127,0.51020747423172,1.178324824036404
DTSR14,mobilenetv3,scratch_severe,50,4,0.4009016752243042,0.06687131524085999,0.5322270393371582,1.2738901848807784
DTSR14,mobilenetv3,scratch_severe,51,4,0.6838357448577881,0.03173335641622543,0.28443095088005066,1.048811348405657
DTSR14,mobilenetv3,scratch_severe,52,5,0.4544444978237152,0.08932981640100479,0.4562256336212158,1.3448965483994126
DTSR14,mobilenetv3,scratch_severe,53,5,0.21918654441833496,0.12382638454437256,0.6569870114326477,1.2513078879319155
DTSR14,mobilenetv3,scratch_severe,54,5,0.28960514068603516,0.07599963247776031,0.634395182132721,1.2168339759468259
DTSR14,mobilenetv3,scratch_severe,55,5,0.5680695176124573,0.03896833583712578,0.39296209812164307,1.1754292210917807
DTSR14,mobilenetv3,scratch_severe,56,5,0.3212715983390808,0.04219241440296173,0.6365360021591187,1.1337951088325577
DTSR14,mobilenetv3,scratch_severe,57,5,0.0731886550784111,0.4760221242904663,0.4507891535758972,1.3040277144797812
DTSR14,mobilenetv3,scratch_severe,58,5,0.7647765278816223,0.08800853043794632,0.14721490442752838,1.0113635342740122
DTSR14,mobilenetv3,scratch_severe,59,5,0.44730427861213684,0.11565478891134262,0.43704086542129517,1.4009996480441307
DTSR14,mobilenetv3,scratch_severe,60,5,0.3489364981651306,0.5588834285736084,0.09218008071184158,1.3161820734710894
DTSR14,mobilenetv3,scratch_severe,61,5,0.2132904976606369,0.10379965603351593,0.6829098463058472,1.1904375458266343
DTSR14,mobilenetv3,scratch_severe,62,5,0.1255795657634735,0.526104748249054,0.3483157753944397,1.393351423642736
DTSR14,mobilenetv3,scratch_severe,63,5,0.265436589717865,0.11248268932104111,0.6220807433128357,1.288517044298242
DTSR14,mobilenetv3,scratch_severe,64,5,0.0773540511727333,0.47516411542892456,0.44748178124427795,1.3148334542299769
DTSR14,mobilenetv3,scratch_severe,65,5,0.423798143863678,0.07930151373147964,0.496900349855423,1.3162204541742564
DTSR14,mobilenetv3,scratch_severe,66,5,0.5525498390197754,0.03256943076848984,0.41488078236579895,1.1603687952376083
DTSR14,mobilenetv3,scratch_severe,67,5,0.4286893308162689,0.11827296763658524,0.45303773880004883,1.4056180562522227
DTSR14,mobilenetv3,scratch_severe,68,5,0.5606772303581238,0.09398287534713745,0.3453398644924164,1.3183689317819183
DTSR14,mobilenetv3,scratch_severe,69,5,0.42572739720344543,0.07136008888483047,0.5029125809669495,1.2949857170819006
DTSR14,mobilenetv3,scratch_severe,70,5,0.04420905187726021,0.647441029548645,0.3083498179912567,1.1283615234786484
DTSR14,mobilenetv3,scratch_severe,71,5,0.5061544179916382,0.0549059733748436,0.43893957138061523,1.2485253240018626
DTSR14,mobilenetv3,scratch_severe,72,5,0.5666362643241882,0.04011394828557968,0.3932496905326843,1.1799839092851694
DTSR14,mobilenetv3,scratch_severe,73,5,0.32018131017684937,0.06526288390159607,0.6145557761192322,1.214703307844174
DTSR14,mobilenetv3,scratch_severe,74,5,0.477618008852005,0.09809615463018417,0.4242858588695526,1.3625589418783364
DTSR14,mobilenetv3,scratch_severe,75,5,0.5519201755523682,0.07839921116828918,0.36968061327934265,1.291947282569561
DTSR14,mobilenetv3,scratch_severe,76,5,0.045208889991045,0.7358878254890442,0.2189033329486847,1.0073032954611376
DTSR14,mobilenetv3,scratch_severe,77,5,0.545289933681488,0.06173468008637428,0.39297544956207275,1.2546427836842633
DTSR14,mobilenetv3,scratch_severe,78,5,0.5493957996368408,0.08600291609764099,0.3646012544631958,1.3098446397684076
DTSR14,mobilenetv3,scratch_severe,79,5,0.24939537048339844,0.014506140723824501,0.7360985279083252,0.9136308448029327
DTSR14,mobilenetv3,scratch_severe,80,5,0.1942845582962036,0.7601900100708008,0.04552542418241501,0.9628634964069378
DTSR14,mobilenetv3,scratch_severe,81,5,0.48148155212402344,0.051146168261766434,0.46737223863601685,1.2399484811167385
DTSR14,mobilenetv3,scratch_severe,82,5,0.49653342366218567,0.0791689082980156,0.42429766058921814,1.3159832796805953
DTSR14,mobilenetv3,scratch_severe,83,5,0.6458615064620972,0.03983452543616295,0.3143039345741272,1.1173855648170332
DTSR14,mobilenetv3,scratch_severe,84,5,0.46472397446632385,0.05101366341114044,0.48426228761672974,1.23938357473676
DTSR14,mobilenetv3,scratch_severe,85,5,0.2100524753332138,0.704500675201416,0.08544687181711197,1.1321050946751585
DTSR14,mobilenetv3,scratch_severe,86,5,0.39211565256118774,0.11744567006826401,0.49043866991996765,1.396610010324323
DTSR14,mobilenetv3,scratch_severe,87,5,0.6619091033935547,0.043135423213243484,0.29495543241500854,1.1091932446292208
DTSR14,mobilenetv3,scratch_severe,88,5,0.49929922819137573,0.08431331813335419,0.4163874685764313,1.327461866674739
DTSR14,mobilenetv3,scratch_severe,89,5,0.38724565505981445,0.07019785046577454,0.5425565242767334,1.2776620783554107
DTSR14,mobilenetv3,scratch_severe,90,5,0.19865663349628448,0.7372689247131348,0.0640743300318718,1.0414001238039017
DTSR14,mobilenetv3,scratch_severe,91,5,0.47770342230796814,0.06382719427347183,0.4584694504737854,1.2783414458981128
DTSR14,mobilenetv3,scratch_severe,92,5,0.11355690658092499,0.3931206166744232,0.4933224320411682,1.3888074930828957
DTSR14,mobilenetv3,scratch_severe,93,5,0.025364413857460022,0.1661352962255478,0.8085004091262817,0.812627578363246
DTSR14,mobilenetv3,scratch_severe,94,5,0.054282087832689285,0.18532252311706543,0.7603954076766968,0.9793439617717112
DTSR14,mobilenetv3,scratch_severe,95,5,0.07767501473426819,0.726031482219696,0.19629348814487457,1.082769502576938
DTSR14,mobilenetv3,scratch_severe,96,5,0.7702921628952026,0.016597090288996696,0.21311086416244507,0.8634759107883925
DTSR14,mobilenetv3,scratch_severe,97,5,0.48072803020477295,0.13817238807678223,0.3810995817184448,1.4329334913194303
DTSR14,mobilenetv3,scratch_severe,98,5,0.612719714641571,0.05036450922489166,0.3369158208370209,1.1789563681986932
DTSR14,mobilenetv3,scratch_severe,99,5,0.7153581380844116,0.22898103296756744,0.05566087365150452,1.0646292509032766
DTSR14,mobilenetv3,scratch_severe,100,5,0.8419131636619568,0.032333970069885254,0.12575286626815796,0.745258922491927
DTSR14,mobilenetv3,scratch_severe,101,5,0.1785057783126831,0.03610064834356308,0.7853935360908508,0.8904653103596443
DTSR14,mobilenetv3,scratch_severe,102,5,0.0157620832324028,0.25776371359825134,0.7264742851257324,0.9334450508706448
DTSR14,mobilenetv3,scratch_severe,103,5,0.45331868529319763,0.14128263294696808,0.4053986966609955,1.4443754616427569
DTSR14,mobilenetv3,scratch_severe,104,5,0.5233785510063171,0.026635702699422836,0.4499857723712921,1.1465973679293975
DTSR14,mobilenetv3,scratch_severe,105,5,0.19945268332958221,0.023125793784856796,0.7774215340614319,0.8719606795321642
DTSR14,mobilenetv3,scratch_severe,106,5,0.6898812651634216,0.2725846767425537,0.03753405809402466,1.0583922280143365
DTSR14,mobilenetv3,scratch_severe,107,5,0.5166881680488586,0.08444949984550476,0.3988623023033142,1.322248404572927
DTSR14,mobilenetv3,scratch_severe,108,5,0.28163304924964905,0.6593191027641296,0.059047847986221313,1.1521068623102864
DTSR14,mobilenetv3,scratch_severe,109,5,0.4448632001876831,0.10033554583787918,0.4548012614250183,1.3696436086978863
DTSR14,mobilenetv3,scratch_severe,110,5,0.6469650864601135,0.2879984974861145,0.06503646820783615,1.1800697077997784
DTSR14,mobilenetv3,scratch_severe,111,5,0.15680165588855743,0.39158329367637634,0.45161503553390503,1.4667156131474708
DTSR14,mobilenetv3,scratch_severe,112,5,0.20559819042682648,0.7567989826202393,0.037602752447128296,0.9514169758615286
DTSR14,mobilenetv3,scratch_severe,113,5,0.6881623864173889,0.2592296004295349,0.052607934921979904,1.0994523950783468
DTSR14,mobilenetv3,scratch_severe,114,5,0.45988544821739197,0.052510350942611694,0.4876042306423187,1.2438711356341896
DTSR14,mobilenetv3,scratch_severe,115,5,0.5649573802947998,0.3475751578807831,0.08746743947267532,1.3027758637422397
DTSR14,mobilenetv3,scratch_severe,116,5,0.4706423282623291,0.06610555201768875,0.46325212717056274,1.285071573808653
DTSR14,mobilenetv3,scratch_severe,117,5,0.4695896506309509,0.04704853147268295,0.48336175084114075,1.2265324016030492
DTSR14,mobilenetv3,scratch_severe,118,6,0.24501968920230865,0.6933217644691467,0.06165866553783417,1.1113460161089974
DTSR14,mobilenetv3,scratch_severe,119,6,0.08341778069734573,0.10559660196304321,0.8109857439994812,0.8865377729311978
DTSR14,mobilenetv3,scratch_severe,120,6,0.7770246863365173,0.17566730082035065,0.04730800911784172,0.9318146503408432
DTSR14,mobilenetv3,scratch_severe,121,6,0.1865464299917221,0.06187533587217331,0.7515782117843628,1.0099407146287325
DTSR14,mobilenetv3,scratch_severe,122,6,0.02514803782105446,0.28696316480636597,0.6878887414932251,1.0217503351729993
DTSR14,mobilenetv3,scratch_severe,123,6,0.061289917677640915,0.2166852504014969,0.7220249176025391,1.0642317060394524
DTSR14,mobilenetv3,scratch_severe,124,7,0.18060462176799774,0.799613356590271,0.01978204771876335,0.8158651045111449
DTSR14,mobilenetv3,scratch_severe,125,7,0.04191083461046219,0.779211163520813,0.17887793481349945,0.9164005339843269
DTSR14,mobilenetv3,scratch_severe,126,7,0.012983206659555435,0.8210379481315613,0.16597865521907806,0.7449756923290267
DTSR14,mobilenetv3,scratch_severe,127,7,0.7679221034049988,0.033506959676742554,0.19857096672058105,0.919839483104749
DTSR14,mobilenetv3,scratch_severe,128,7,0.6419796347618103,0.08595380932092667,0.272066593170166,1.2257163863747347
DTSR14,mobilenetv3,scratch_severe,129,7,0.013786767609417439,0.7655617594718933,0.22065138816833496,0.8613198720805599
DTSR14,mobilenetv3,scratch_severe,130,7,0.02925078384578228,0.8053045868873596,0.1654447466135025,0.8300407571852152
DTSR14,mobilenetv3,scratch_severe,131,7,0.21479356288909912,0.04635494947433472,0.7388514876365662,1.0046418247046132
DTSR14,mobilenetv3,scratch_severe,132,7,0.19383713603019714,0.7565158009529114,0.04964711144566536,0.9784485835099692
DTSR14,mobilenetv3,scratch_severe,133,7,0.05282929539680481,0.20558038353919983,0.7415903806686401,1.0131621116669307
DTSR14,mobilenetv3,scratch_severe,134,7,0.03406151756644249,0.7542389035224915,0.2116994857788086,0.9471667529810406
DTSR14,mobilenetv3,scratch_severe,135,7,0.26208236813545227,0.7137341499328613,0.024183472618460655,0.9834413538632555
DTSR14,mobilenetv3,scratch_severe,136,8,0.024078940972685814,0.6988537907600403,0.2770672142505646,1.0037572488544888
DTSR14,mobilenetv3,scratch_severe,137,8,0.06495214998722076,0.6782082915306091,0.2568395733833313,1.1398124176868716
DTSR14,mobilenetv3,scratch_severe,138,8,0.05737631767988205,0.6866580843925476,0.25596559047698975,1.1122078592148799
DTSR14,mobilenetv3,scratch_severe,139,8,0.7204246520996094,0.06863024085760117,0.21094511449337006,1.0796601062117297
DTSR14,mobilenetv3,scratch_severe,140,8,0.7427571415901184,0.21821722388267517,0.03902551159262657,0.9805287332458537
DTSR14,mobilenetv3,scratch_severe,141,8,0.7464345693588257,0.1882535070180893,0.06531190872192383,1.0255809199857977
DTSR14,mobilenetv3,scratch_severe,142,8,0.2650794982910156,0.6751552820205688,0.05976526811718941,1.1332958431871183
DTSR14,mobilenetv3,scratch_severe,143,9,0.029180064797401428,0.7582139372825623,0.21260608732700348,0.9264656729093532
DTSR14,mobilenetv3,scratch_severe,144,9,0.1457567811012268,0.027897870168089867,0.8263453841209412,0.7764182005620937
DTSR14,mobilenetv3,scratch_severe,145,9,0.7755150198936462,0.01891864277422428,0.2055663913488388,0.8618985448698764
DTSR14,mobilenetv3,scratch_severe,146,9,0.19212177395820618,0.02043752372264862,0.7874406576156616,0.8434159088878403
DTSR14,mobilenetv3,scratch_severe,147,9,0.044260747730731964,0.19740399718284607,0.7583352327346802,0.9638017349040753
DTSR14,mobilenetv3,scratch_severe,148,9,0.26198670268058777,0.014678985811769962,0.7233342528343201,0.9336578943357207
DTSR14,mobilenetv3,scratch_severe,149,9,0.12606146931648254,0.020104773342609406,0.8538336157798767,0.6846144619891275
DTSR14,mobilenetv3,scratch_severe,150,9,0.028227806091308594,0.7251481413841248,0.2466239184141159,0.9795831825050889
DTSR14,mobilenetv3,scratch_severe,151,9,0.6484631299972534,0.04235022887587547,0.3091866075992584,1.121999035191108
DTSR14,mobilenetv3,scratch_severe,152,9,0.14571145176887512,0.8433070182800293,0.010981534607708454,0.6837253646535382
DTSR14,mobilenetv3,scratch_severe,153,9,0.03615109995007515,0.791114866733551,0.17273402214050293,0.8781865207714155
DTSR14,mobilenetv3,scratch_severe,154,9,0.1784549504518509,0.779915452003479,0.04162950441241264,0.9143137273227346
DTSR14,mobilenetv3,scratch_severe,155,9,0.17938901484012604,0.8091571927070618,0.01145375519990921,0.7657343151625383
DTSR14,mobilenetv3,scratch_severe,156,9,0.7792801856994629,0.04407520219683647,0.17664466798305511,0.9206859917772342
DTSR14,mobilenetv3,scratch_severe,157,9,0.30389493703842163,0.03446981683373451,0.6616351008415222,1.083935129339032
DTSR14,mobilenetv3,scratch_severe,158,9,0.7011066675186157,0.030094368383288383,0.2687990069389343,1.0207624217393376
DTSR14,mobilenetv3,scratch_severe,159,9,0.7234050631523132,0.04024096205830574,0.2363540232181549,1.016292418706931
DTSR14,mobilenetv3,scratch_severe,160,9,0.7273203134536743,0.24462617933750153,0.02805345319211483,0.9756410509299183
DTSR14,mobilenetv3,scratch_severe,161,9,0.19189013540744781,0.04591855779290199,0.7621913552284241,0.9597199321835965
DTSR14,mobilenetv3,scratch_severe,162,9,0.01898188889026642,0.20558418333530426,0.7754339575767517,0.8622713055085287
DTSR14,mobilenetv3,scratch_severe,163,9,0.2363894134759903,0.03766069933772087,0.7259500026702881,1.005466354585435
DTSR14,mobilenetv3,scratch_severe,164,9,0.7942240834236145,0.17655201256275177,0.02922382950782776,0.8546351203097986
DTSR14,mobilenetv3,scratch_severe,165,10,0.14466547966003418,0.8244152665138245,0.030919261276721954,0.7882194968915421
DTSR14,mobilenetv3,scratch_severe,166,10,0.7881497740745544,0.036504071205854416,0.1753460317850113,0.8854533134269104
DTSR14,mobilenetv3,scratch_severe,167,10,0.8030024170875549,0.16194333136081696,0.03505421429872513,0.8489650893085694
DTSR14,mobilenetv3,scratch_severe,168,10,0.2931499779224396,0.6576651930809021,0.04918493703007698,1.1303080574039561
DTSR14,mobilenetv3,scratch_severe,169,10,0.07523617893457413,0.571313202381134,0.35345056653022766,1.2725568566473577
DTSR14,mobilenetv3,scratch_severe,170,10,0.031627390533685684,0.791074275970459,0.17729829251766205,0.8675553395322453
DTSR14,mobilenetv3,scratch_severe,171,10,0.03798078000545502,0.7269026637077332,0.23511652648448944,1.0047645346220835
DTSR14,mobilenetv3,scratch_severe,172,10,0.027455782517790794,0.8259310722351074,0.146613210439682,0.776391977504265
DTSR14,mobilenetv3,scratch_severe,173,11,0.3011660575866699,0.02031218819320202,0.6785216331481934,1.0152701133433384
DTSR14,mobilenetv3,scratch_severe,174,11,0.7469706535339355,0.22231663763523102,0.030712684616446495,0.9509884962143146
DTSR14,mobilenetv3,scratch_severe,175,11,0.12330308556556702,0.07096371799707413,0.8057331442832947,0.8942805715329938
DTSR14,mobilenetv3,scratch_severe,176,11,0.03654741495847702,0.18915706872940063,0.774295449256897,0.9146497702393832
DTSR14,mobilenetv3,scratch_severe,177,11,0.7575856447219849,0.0975937619805336,0.14482058584690094,1.0347670983361061
DTSR14,mobilenetv3,scratch_severe,178,11,0.6284868717193604,0.09378554672002792,0.2777276337146759,1.2546568113639438
DTSR14,mobilenetv3,scratch_severe,179,12,0.4827534556388855,0.023224396631121635,0.4940221905708313,1.1358624382708267
DTSR14,mobilenetv3,scratch_severe,180,12,0.204138845205307,0.050143253058195114,0.7457178831100464,1.0001328309285553
DTSR14,mobilenetv3,scratch_severe,181,12,0.23255760967731476,0.03348073363304138,0.7339616417884827,0.9809643146044522
DTSR14,mobilenetv3,scratch_severe,182,12,0.29406675696372986,0.05364024266600609,0.6522930860519409,1.1477278463729155
DTSR14,mobilenetv3,scratch_severe,183,12,0.006055806763470173,0.8640729784965515,0.12987114489078522,0.6091914812221557
DTSR14,mobilenetv3,scratch_severe,184,12,0.02282245084643364,0.8500020503997803,0.1271754652261734,0.7021136818295286
DTSR14,mobilenetv3,scratch_severe,185,12,0.40729546546936035,0.07668101787567139,0.516023576259613,1.3044368605797727
DTSR14,mobilenetv3,scratch_severe,186,12,0.009658275172114372,0.1209314614534378,0.8694102168083191,0.6087462409441398
DTSR14,mobilenetv3,scratch_severe,187,12,0.18052013218402863,0.7531235218048096,0.06635624170303345,1.0135950891035566
DTSR14,mobilenetv3,scratch_severe,188,12,0.020351635292172432,0.1927838921546936,0.7868644595146179,0.844308744127851
DTSR14,mobilenetv3,scratch_severe,189,12,0.148215189576149,0.807702898979187,0.04408179223537445,0.8556053433992568
DTSR14,mobilenetv3,scratch_severe,190,12,0.5099534392356873,0.034512925893068314,0.4555336833000183,1.1798151898492688
DTSR14,mobilenetv3,scratch_severe,191,12,0.49333804845809937,0.4381215274333954,0.06854037195444107,1.2895499745485575
DTSR14,mobilenetv3,scratch_severe,192,12,0.3200327754020691,0.5700864195823669,0.10988079011440277,1.3383156650126005
DTSR14,mobilenetv3,scratch_severe,193,12,0.9579256176948547,0.001237833988852799,0.04083648696541786,0.2597795712722985
DTSR14,mobilenetv3,scratch_severe,194,12,0.13939861953258514,0.3059135675430298,0.5546879768371582,1.3906408026162047
DTSR14,mobilenetv3,scratch_severe,195,12,0.004585103131830692,0.20342351496219635,0.7919914722442627,0.7694347453519013
DTSR14,mobilenetv3,scratch_severe,196,13,0.16321763396263123,0.07132423669099808,0.7654581665992737,0.9937067940032754
DTSR14,mobilenetv3,scratch_severe,197,13,0.02095773071050644,0.21658186614513397,0.7624602913856506,0.8931923471771244
DTSR14,mobilenetv3,scratch_severe,198,13,0.23169462382793427,0.04687400907278061,0.7214313745498657,1.0356006456701017
DTSR14,mobilenetv3,scratch_severe,199,13,0.2316526472568512,0.03637954965233803,0.7319677472114563,0.9921935137339624
DTSR14,mobilenetv3,compound_mild,0,0,0.043858155608177185,0.17375391721725464,0.7823878526687622,0.9135526475028163
DTSR14,mobilenetv3,compound_mild,1,0,0.039659835398197174,0.46395716071128845,0.4963829219341278,1.200280625073928
DTSR14,mobilenetv3,compound_mild,2,0,0.3191094398498535,0.041458532214164734,0.6394320130348206,1.1287597071233706
DTSR14,mobilenetv3,compound_mild,3,0,0.04933133348822594,0.5847951173782349,0.36587345600128174,1.1975241629374636
DTSR14,mobilenetv3,compound_mild,4,0,0.19724036753177643,0.7588940858840942,0.043865591287612915,0.9618613906656558
DTSR14,mobilenetv3,compound_mild,5,0,0.3602011501789093,0.04498504102230072,0.5948138236999512,1.177709953682712
DTSR14,mobilenetv3,compound_mild,6,0,0.041298914700746536,0.24715647101402283,0.7115446329116821,1.0376238569145217
DTSR14,mobilenetv3,compound_mild,7,1,0.04266897588968277,0.5480708479881287,0.40926024317741394,1.1971592998488267
DTSR14,mobilenetv3,compound_mild,8,1,0.05945967510342598,0.39480873942375183,0.5457316637039185,1.2482914663482072
DTSR14,mobilenetv3,compound_mild,9,1,0.04891378805041313,0.5808675289154053,0.3702186048030853,1.1989157881777532
DTSR14,mobilenetv3,compound_mild,10,1,0.04369460418820381,0.26062092185020447,0.6956844329833984,1.0671278252659444
DTSR14,mobilenetv3,compound_mild,11,1,0.040948230773210526,0.34477198123931885,0.6142798662185669,1.1503002390325645
DTSR14,mobilenetv3,compound_mild,12,1,0.057913560420274734,0.5546727776527405,0.38741371035575867,1.2396580245075832
DTSR14,mobilenetv3,compound_mild,13,1,0.029712431132793427,0.4706014394760132,0.4996861219406128,1.1626062463281208
DTSR14,mobilenetv3,compound_mild,14,2,0.2270142287015915,0.3978722393512726,0.37511342763900757,1.5452723693693797
DTSR14,mobilenetv3,compound_mild,15,2,0.21502913534641266,0.3497428596019745,0.43522804975509644,1.529228517336234
DTSR14,mobilenetv3,compound_mild,16,2,0.2202361822128296,0.4293628931045532,0.3504009544849396,1.5345845534164964
DTSR14,mobilenetv3,compound_mild,17,2,0.34388357400894165,0.375685453414917,0.28043103218078613,1.5745922298865587
DTSR14,mobilenetv3,compound_mild,18,2,0.32382968068122864,0.46198686957359314,0.21418356895446777,1.5176072919947914
DTSR14,mobilenetv3,compound_mild,19,2,0.2883799076080322,0.26164138317108154,0.44997867941856384,1.5418515733863118
DTSR14,mobilenetv3,compound_mild,20,2,0.4419196844100952,0.15786610543727875,0.40021413564682007,1.4698234955849174
DTSR14,mobilenetv3,compound_mild,21,2,0.24656681716442108,0.5354403853416443,0.21799279749393463,1.4596638775575173
DTSR14,mobilenetv3,compound_mild,22,2,0.5230216979980469,0.03999318927526474,0.4369850754737854,1.1966982310241463
DTSR14,mobilenetv3,compound_mild,23,2,0.10356998443603516,0.5617051124572754,0.33472490310668945,1.3347287468818156
DTSR14,mobilenetv3,compound_mild,24,2,0.2194577157497406,0.39041653275489807,0.39012575149536133,1.5397182770640512
DTSR14,mobilenetv3,compound_mild,25,2,0.197953000664711,0.5370614528656006,0.26498544216156006,1.4519454319152119
DTSR14,mobilenetv3,compound_mild,26,2,0.25834837555885315,0.3175049424171448,0.4241466224193573,1.5547958980948327
DTSR14,mobilenetv3,compound_mild,27,2,0.6138972043991089,0.037796299904584885,0.3483065068721771,1.1407248557304823
DTSR14,mobilenetv3,compound_mild,28,2,0.524381160736084,0.039318691939115524,0.4363001585006714,1.1940073139786096
DTSR14,mobilenetv3,compound_mild,29,2,0.26159653067588806,0.44240543246269226,0.29599806666374207,1.5464700754915799
DTSR14,mobilenetv3,compound_mild,30,2,0.4115038812160492,0.25940996408462524,0.32908618450164795,1.5598148173103823
DTSR14,mobilenetv3,compound_mild,31,2,0.42654404044151306,0.0345262810587883,0.5389295816421509,1.172621616444348
DTSR14,mobilenetv3,compound_mild,32,2,0.19416959583759308,0.44353458285331726,0.36229583621025085,1.5100254263437445
DTSR14,mobilenetv3,compound_mild,33,2,0.2161828726530075,0.43425703048706055,0.349560022354126,1.5303384124500456
DTSR14,mobilenetv3,compound_mild,34,2,0.29208895564079285,0.4168615937232971,0.29104945063591003,1.5631003363117397
DTSR14,mobilenetv3,compound_mild,35,2,0.3104747235774994,0.40036022663116455,0.28916510939598083,1.5702543245170308
DTSR14,mobilenetv3,compound_mild,36,2,0.023054497316479683,0.44578099250793457,0.5311643481254578,1.129818898548996
DTSR14,mobilenetv3,compound_mild,37,2,0.6452804207801819,0.03204164281487465,0.322677880525589,1.0934267113361433
DTSR14,mobilenetv3,compound_mild,38,2,0.2252061367034912,0.37956520915031433,0.395228773355484,1.5441258610093347
DTSR14,mobilenetv3,compound_mild,39,3,0.10918067395687103,0.34330782294273376,0.5475114583969116,1.3541907104206379
DTSR14,mobilenetv3,compound_mild,40,3,0.12806889414787292,0.46815767884254456,0.40377330780029297,1.4206168024967907
DTSR14,mobilenetv3,compound_mild,41,3,0.061019834131002426,0.3631328344345093,0.5758473873138428,1.2353963972965172
DTSR14,mobilenetv3,compound_mild,42,4,0.3541305661201477,0.22270186245441437,0.4231676161289215,1.5379396783521102
DTSR14,mobilenetv3,compound_mild,43,4,0.050913434475660324,0.39118337631225586,0.5579031705856323,1.218115323161827
DTSR14,mobilenetv3,compound_mild,44,4,0.07939225435256958,0.2892877161502838,0.631320059299469,1.2267420495005468
DTSR14,mobilenetv3,compound_mild,45,4,0.0619172677397728,0.5539808869361877,0.3841017484664917,1.250777698328732
DTSR14,mobilenetv3,compound_mild,46,4,0.04255988076329231,0.29230812191963196,0.6651319861412048,1.103804590479692
DTSR14,mobilenetv3,compound_mild,47,4,0.04991954565048218,0.3176121115684509,0.6324683427810669,1.1594257627430058
DTSR14,mobilenetv3,compound_mild,48,4,0.058895036578178406,0.31740549206733704,0.623699426651001,1.190912323344433
DTSR14,mobilenetv3,compound_mild,49,4,0.7490252256393433,0.2032049596309662,0.04776984080672264,0.9890480417967542
DTSR14,mobilenetv3,compound_mild,50,4,0.7546848654747009,0.0343603789806366,0.2109547108411789,0.9471331369865184
DTSR14,mobilenetv3,compound_mild,51,4,0.5319118499755859,0.03768772631883621,0.43040043115615845,1.1861617519483538
DTSR14,mobilenetv3,compound_mild,52,5,0.11945594102144241,0.6478238701820374,0.2327202558517456,1.2614232013777333
DTSR14,mobilenetv3,compound_mild,53,5,0.13243919610977173,0.591113805770874,0.27644696831703186,1.3474155697227612
DTSR14,mobilenetv3,compound_mild,54,5,0.2615374028682709,0.20049266517162323,0.5379700660705566,1.4520310668276182
DTSR14,mobilenetv3,compound_mild,55,5,0.16232404112815857,0.6249849200248718,0.21269099414348602,1.3245657363146384
DTSR14,mobilenetv3,compound_mild,56,5,0.12847088277339935,0.41685816645622253,0.4546709656715393,1.4235749308032202
DTSR14,mobilenetv3,compound_mild,57,5,0.06778670847415924,0.5334349274635315,0.39877840876579285,1.2757424917354752
DTSR14,mobilenetv3,compound_mild,58,5,0.17339375615119934,0.5743894577026367,0.25221678614616394,1.3989926805965769
DTSR14,mobilenetv3,compound_mild,59,5,0.25107353925704956,0.5485018491744995,0.20042458176612854,1.4405925841639982
DTSR14,mobilenetv3,compound_mild,60,5,0.13240168988704681,0.05863799527287483,0.8089603781700134,0.8735923614815254
DTSR14,mobilenetv3,compound_mild,61,5,0.11201968044042587,0.47402694821357727,0.4139535129070282,1.3910244669378433
DTSR14,mobilenetv3,compound_mild,62,5,0.08776185661554337,0.8690510392189026,0.0431872121989727,0.6798174208559253
DTSR14,mobilenetv3,compound_mild,63,5,0.34585291147232056,0.4703526198863983,0.18379439413547516,1.4907610090815213
DTSR14,mobilenetv3,compound_mild,64,5,0.3629505932331085,0.1341467797756195,0.502902626991272,1.4181657704923674
DTSR14,mobilenetv3,compound_mild,65,5,0.4853852093219757,0.2859465479850769,0.2286682426929474,1.5093900840828887
DTSR14,mobilenetv3,compound_mild,66,5,0.5598639249801636,0.19111153483390808,0.24902446568012238,1.4242580722204055
DTSR14,mobilenetv3,compound_mild,67,5,0.7522558569908142,0.03608894720673561,0.21165519952774048,0.9560565712986253
DTSR14,mobilenetv3,compound_mild,68,5,0.16347944736480713,0.5422251224517822,0.2942954897880554,1.4252788184083829
DTSR14,mobilenetv3,compound_mild,69,5,0.4956417381763458,0.17833635210990906,0.32602182030677795,1.4726468766031107
DTSR14,mobilenetv3,compound_mild,70,5,0.5782448053359985,0.2571532428264618,0.16460192203521729,1.3892469713173126
DTSR14,mobilenetv3,compound_mild,71,5,0.16550548374652863,0.03785913065075874,0.7966353297233582,0.8696148956742908
DTSR14,mobilenetv3,compound_mild,72,5,0.8037796020507812,0.03385714069008827,0.1623632162809372,0.8444957603359489
DTSR14,mobilenetv3,compound_mild,73,5,0.06397148221731186,0.2646636962890625,0.6713648438453674,1.1472231416056278
DTSR14,mobilenetv3,compound_mild,74,5,0.4473293125629425,0.29564180970191956,0.2570290267467499,1.542703636201511
DTSR14,mobilenetv3,compound_mild,75,5,0.5829751491546631,0.19554348289966583,0.2214813381433487,1.3959025956238114
DTSR14,mobilenetv3,compound_mild,76,5,0.05061906576156616,0.6053619384765625,0.3440191149711609,1.1858307480662034
DTSR14,mobilenetv3,compound_mild,77,5,0.7632763981819153,0.037984881550073624,0.19873873889446259,0.9399659702407925
DTSR14,mobilenetv3,compound_mild,78,5,0.4194731116294861,0.43733707070350647,0.14318978786468506,1.4490735337881486
DTSR14,mobilenetv3,compound_mild,79,5,0.2763082683086395,0.04511227086186409,0.6785795092582703,1.0940026177450786
DTSR14,mobilenetv3,compound_mild,80,5,0.05427013710141182,0.3043634593486786,0.6413664221763611,1.161437714920552
DTSR14,mobilenetv3,compound_mild,81,5,0.4978851079940796,0.03740102797746658,0.4647137522697449,1.1920206478098865
DTSR14,mobilenetv3,compound_mild,82,5,0.7593319416046143,0.11450279504060745,0.1261652708053589,1.036409718055792
DTSR14,mobilenetv3,compound_mild,83,5,0.8311806321144104,0.049094054847955704,0.119725301861763,0.8018296596864667
DTSR14,mobilenetv3,compound_mild,84,5,0.5029526948928833,0.4533970057964325,0.043650344014167786,1.213282053147921
DTSR14,mobilenetv3,compound_mild,85,5,0.05234210193157196,0.6948453187942505,0.2528126835823059,1.0892646938197865
DTSR14,mobilenetv3,compound_mild,86,5,0.4646296501159668,0.34482187032699585,0.1905483603477478,1.4992301560741481
DTSR14,mobilenetv3,compound_mild,87,5,0.8732636570930481,0.051586542278528214,0.0751497820019722,0.6719767950026139
DTSR14,mobilenetv3,compound_mild,88,5,0.5132659673690796,0.2775505483150482,0.209183469414711,1.4792761903866185
DTSR14,mobilenetv3,compound_mild,89,5,0.044020067900419235,0.4165616035461426,0.5394183397293091,1.204988906715211
DTSR14,mobilenetv3,compound_mild,90,5,0.5370152592658997,0.029051313176751137,0.43393340706825256,1.1526512079780948
DTSR14,mobilenetv3,compound_mild,91,5,0.528455376625061,0.2775740623474121,0.19397065043449402,1.4584580944081629
DTSR14,mobilenetv3,compound_mild,92,5,0.6713160276412964,0.28278663754463196,0.04589731991291046,1.1052956326050365
DTSR14,mobilenetv3,compound_mild,93,5,0.014925322495400906,0.64716637134552,0.33790823817253113,1.0257505045840327
DTSR14,mobilenetv3,compound_mild,94,5,0.03830978274345398,0.7502800226211548,0.21141012012958527,0.9652384681107099
DTSR14,mobilenetv3,compound_mild,95,5,0.28578367829322815,0.6779753565788269,0.03624088689684868,1.0700074605056462
DTSR14,mobilenetv3,compound_mild,96,5,0.7223015427589417,0.038117941468954086,0.23958051204681396,1.0125355403659144
DTSR14,mobilenetv3,compound_mild,97,5,0.6894933581352234,0.03485933691263199,0.2756474018096924,1.051095338922326
DTSR14,mobilenetv3,compound_mild,98,5,0.1927362084388733,0.4446703791618347,0.36259347200393677,1.508394150709481
DTSR14,mobilenetv3,compound_mild,99,5,0.5978376865386963,0.23272734880447388,0.1694350242614746,1.3671485277651203
DTSR14,mobilenetv3,compound_mild,100,5,0.31549072265625,0.32599136233329773,0.3585178852081299,1.5828041574000284
DTSR14,mobilenetv3,compound_mild,101,5,0.6242111325263977,0.25729015469551086,0.11849868297576904,1.2929355748717195
DTSR14,mobilenetv3,compound_mild,102,5,0.43262895941734314,0.5304604172706604,0.03691066429018974,1.183852153136639
DTSR14,mobilenetv3,compound_mild,103,5,0.7095355987548828,0.17631004750728607,0.11415433138608932,1.1501158455310512
DTSR14,mobilenetv3,compound_mild,104,5,0.4901706874370575,0.23575493693351746,0.27407437562942505,1.5074709797146184
DTSR14,mobilenetv3,compound_mild,105,5,0.04382284730672836,0.4964306652545929,0.45974642038345337,1.2147149552984264
DTSR14,mobilenetv3,compound_mild,106,5,0.04136892408132553,0.5734326839447021,0.3851984441280365,1.1803290231351613
DTSR14,mobilenetv3,compound_mild,107,5,0.052703239023685455,0.6859301924705505,0.2613665461540222,1.1027977868826162
DTSR14,mobilenetv3,compound_mild,108,5,0.04958351328969002,0.5695337653160095,0.3808828294277191,1.207849869086057
DTSR14,mobilenetv3,compound_mild,109,5,0.5794776678085327,0.23118680715560913,0.18933559954166412,1.3992092400335903
DTSR14,mobilenetv3,compound_mild,110,5,0.6427879929542542,0.29413196444511414,0.06308004260063171,1.1805910779216058
DTSR14,mobilenetv3,compound_mild,111,5,0.05104493722319603,0.6638403534889221,0.28511473536491394,1.1276475329022737
DTSR14,mobilenetv3,compound_mild,112,5,0.817008376121521,0.02575593627989292,0.15723562240600586,0.7938471990504801
DTSR14,mobilenetv3,compound_mild,113,5,0.23061597347259521,0.5217383503913879,0.24764564633369446,1.4764601887555098
DTSR14,mobilenetv3,compound_mild,114,5,0.49752911925315857,0.21052058041095734,0.2919503450393677,1.492891986581551
DTSR14,mobilenetv3,compound_mild,115,5,0.17666198313236237,0.2459155023097992,0.577422559261322,1.396987941080798
DTSR14,mobilenetv3,compound_mild,116,5,0.7298033237457275,0.037639595568180084,0.23255710303783417,0.9991131425922943
DTSR14,mobilenetv3,compound_mild,117,5,0.46423208713531494,0.39270803332328796,0.1430598497390747,1.444825428644252
DTSR14,mobilenetv3,compound_mild,118,6,0.02916024811565876,0.2654096782207489,0.7054301500320435,1.0117604795214388
DTSR14,mobilenetv3,compound_mild,119,6,0.3276904821395874,0.17794592678546906,0.4943636357784271,1.4730703301103618
DTSR14,mobilenetv3,compound_mild,120,6,0.04803745448589325,0.4177444875240326,0.5342180132865906,1.2196580558454548
DTSR14,mobilenetv3,compound_mild,121,6,0.37002143263816833,0.1586817502975464,0.4712967276573181,1.4636493430217725
DTSR14,mobilenetv3,compound_mild,122,6,0.31889864802360535,0.04817958176136017,0.6329218745231628,1.1542818856177446
DTSR14,mobilenetv3,compound_mild,123,6,0.9488521218299866,0.005827609449625015,0.04532015696167946,0.31742390200016
DTSR14,mobilenetv3,compound_mild,124,7,0.5169178247451782,0.04336874186992645,0.4397134482860565,1.2096619071228907
DTSR14,mobilenetv3,compound_mild,125,7,0.46617135405540466,0.48649099469184875,0.04733770340681076,1.2273278465031765
DTSR14,mobilenetv3,compound_mild,126,7,0.560405433177948,0.3930521309375763,0.046542372554540634,1.2036819540766208
DTSR14,mobilenetv3,compound_mild,127,7,0.5368140339851379,0.41514289379119873,0.048043057322502136,1.2187336541826386
DTSR14,mobilenetv3,compound_mild,128,7,0.4434276819229126,0.5202322602272034,0.036340054124593735,1.1844917391155878
DTSR14,mobilenetv3,compound_mild,129,7,0.7437196969985962,0.2135516256093979,0.042728736996650696,0.9877049237647695
DTSR14,mobilenetv3,compound_mild,130,7,0.32232165336608887,0.6326215863227844,0.04505666717886925,1.1458880091298822
DTSR14,mobilenetv3,compound_mild,131,7,0.04221890866756439,0.3905654847621918,0.5672155618667603,1.18651885097704
DTSR14,mobilenetv3,compound_mild,132,7,0.6519063711166382,0.3008838891983032,0.04720982536673546,1.1316941990834866
DTSR14,mobilenetv3,compound_mild,133,7,0.03868304193019867,0.3235583007335663,0.6377586722373962,1.1220809196527766
DTSR14,mobilenetv3,compound_mild,134,7,0.5329380631446838,0.4234226644039154,0.04363935813307762,1.2060310297130512
DTSR14,mobilenetv3,compound_mild,135,7,0.4045719504356384,0.5606829524040222,0.03474501147866249,1.164618448400557
DTSR14,mobilenetv3,compound_mild,136,8,0.8505240678787231,0.036817632615566254,0.1126583069562912,0.7289121216470184
DTSR14,mobilenetv3,compound_mild,137,8,0.40831488370895386,0.5521261096000671,0.03955906257033348,1.185116056113332
DTSR14,mobilenetv3,compound_mild,138,8,0.25230860710144043,0.6176035404205322,0.13008776307106018,1.3134341152126994
DTSR14,mobilenetv3,compound_mild,139,8,0.2873573899269104,0.21882636845111847,0.49381616711616516,1.4993600148566202
DTSR14,mobilenetv3,compound_mild,140,8,0.05163951218128204,0.790347158908844,0.15801334381103516,0.9096681205447671
DTSR14,mobilenetv3,compound_mild,141,8,0.6181124448776245,0.345731645822525,0.036155976355075836,1.1319359603827523
DTSR14,mobilenetv3,compound_mild,142,8,0.451044499874115,0.3473333716392517,0.20162217319011688,1.5137926809076045
DTSR14,mobilenetv3,compound_mild,143,9,0.35143226385116577,0.6116337776184082,0.036934006959199905,1.139772214580007
DTSR14,mobilenetv3,compound_mild,144,9,0.5774970650672913,0.040683817118406296,0.38181912899017334,1.1757402130546504
DTSR14,mobilenetv3,compound_mild,145,9,0.5473966002464294,0.39533454179763794,0.057268913835287094,1.2414674147527929
DTSR14,mobilenetv3,compound_mild,146,9,0.04449930042028427,0.46103668212890625,0.49446406960487366,1.2172109304475227
DTSR14,mobilenetv3,compound_mild,147,9,0.0413089394569397,0.4845483899116516,0.4741427004337311,1.206871356261296
DTSR14,mobilenetv3,compound_mild,148,9,0.04570925235748291,0.374116450548172,0.5801743268966675,1.189823870662968
DTSR14,mobilenetv3,compound_mild,149,9,0.04705178737640381,0.7098710536956787,0.24307706952095032,1.0544218140576826
DTSR14,mobilenetv3,compound_mild,150,9,0.04535134136676788,0.6677219867706299,0.2869267463684082,1.1082841171960514
DTSR14,mobilenetv3,compound_mild,151,9,0.15817931294441223,0.5713514685630798,0.2704692482948303,1.3924400709660207
DTSR14,mobilenetv3,compound_mild,152,9,0.0347365140914917,0.6602405905723572,0.30502280592918396,1.0863313032230004
DTSR14,mobilenetv3,compound_mild,153,9,0.6616792678833008,0.039554622024297714,0.29876619577407837,1.099273773462769
DTSR14,mobilenetv3,compound_mild,154,9,0.030458711087703705,0.40934228897094727,0.5601989030838013,1.1492274383938652
DTSR14,mobilenetv3,compound_mild,155,9,0.05100524052977562,0.6280679106712341,0.32092681527137756,1.1666330208489044
DTSR14,mobilenetv3,compound_mild,156,9,0.6315695643424988,0.33378899097442627,0.034641530364751816,1.115165609209566
DTSR14,mobilenetv3,compound_mild,157,9,0.042948123067617416,0.6874916553497314,0.269560307264328,1.076511767872506
DTSR14,mobilenetv3,compound_mild,158,9,0.7666882872581482,0.03271994739770889,0.20059186220169067,0.920197116524131
DTSR14,mobilenetv3,compound_mild,159,9,0.7401420474052429,0.039000269025564194,0.22085769474506378,0.9850577958502638
DTSR14,mobilenetv3,compound_mild,160,9,0.7694449424743652,0.04325549677014351,0.18729948997497559,0.939548676378468
DTSR14,mobilenetv3,compound_mild,161,9,0.0715184435248375,0.0984892025589943,0.8299923539161682,0.8246303640558339
DTSR14,mobilenetv3,compound_mild,162,9,0.07740763574838638,0.6348705887794495,0.2877216935157776,1.2189857950258816
DTSR14,mobilenetv3,compound_mild,163,9,0.09815900027751923,0.6211370825767517,0.2807038724422455,1.2699361620041971
DTSR14,mobilenetv3,compound_mild,164,9,0.3391318917274475,0.6177417635917664,0.043126340955495834,1.153947478976845
DTSR14,mobilenetv3,compound_mild,165,10,0.3194247782230377,0.46438637375831604,0.21618889272212982,1.5175073133458568
DTSR14,mobilenetv3,compound_mild,166,10,0.4814116954803467,0.13327334821224213,0.38531494140625,1.4253726921466487
DTSR14,mobilenetv3,compound_mild,167,10,0.5398999452590942,0.41368845105171204,0.04641156271100044,1.2124565553559865
DTSR14,mobilenetv3,compound_mild,168,10,0.14224867522716522,0.4394199252128601,0.4183313846588135,1.4474750154379485
DTSR14,mobilenetv3,compound_mild,169,10,0.04560748487710953,0.6309394836425781,0.32345303893089294,1.1490771494513783
DTSR14,mobilenetv3,compound_mild,170,10,0.5611585974693298,0.3992668688297272,0.03957446664571762,1.180984205575888
DTSR14,mobilenetv3,compound_mild,171,10,0.6918452382087708,0.2740723788738251,0.034082379192113876,1.0456417003939305
DTSR14,mobilenetv3,compound_mild,172,10,0.3117523491382599,0.49042728543281555,0.19782038033008575,1.4907769639793105
DTSR14,mobilenetv3,compound_mild,173,11,0.8276023268699646,0.06177641078829765,0.11062130331993103,0.8254373239558721
DTSR14,mobilenetv3,compound_mild,174,11,0.6716758012771606,0.07503463327884674,0.2532896101474762,1.1678055271978325
DTSR14,mobilenetv3,compound_mild,175,11,0.5885056257247925,0.10974228382110596,0.30175215005874634,1.3215667284139365
DTSR14,mobilenetv3,compound_mild,176,11,0.5637587308883667,0.11198235303163528,0.3242590129375458,1.3467078703010882
DTSR14,mobilenetv3,compound_mild,177,11,0.04634461924433708,0.8574210405349731,0.0962342843413353,0.720669118153091
DTSR14,mobilenetv3,compound_mild,178,11,0.5777179002761841,0.18723580241203308,0.23504622280597687,1.4008701286817933
DTSR14,mobilenetv3,compound_mild,179,12,0.2490781843662262,0.03341875597834587,0.717503011226654,1.0069857686449917
DTSR14,mobilenetv3,compound_mild,180,12,0.03303137421607971,0.8374688029289246,0.1294996738433838,0.7587089017367277
DTSR14,mobilenetv3,compound_mild,181,12,0.5141139030456543,0.03302399069070816,0.45286208391189575,1.1735127408287571
DTSR14,mobilenetv3,compound_mild,182,12,0.3035528063774109,0.6397200226783752,0.05672718212008476,1.1692365615672207
DTSR14,mobilenetv3,compound_mild,183,12,0.41469189524650574,0.029574498534202576,0.5557337403297424,1.147839525877984
DTSR14,mobilenetv3,compound_mild,184,12,0.03677725791931152,0.25196343660354614,0.7112593054771423,1.0259495973204178
DTSR14,mobilenetv3,compound_mild,185,12,0.20781899988651276,0.2037108987569809,0.5884701609611511,1.3887971069287355
DTSR14,mobilenetv3,compound_mild,186,12,0.3478926420211792,0.0351887121796608,0.6169186234474182,1.1297556684362302
DTSR14,mobilenetv3,compound_mild,187,12,0.04686086252331734,0.4426206350326538,0.5105186104774475,1.2225565734219785
DTSR14,mobilenetv3,compound_mild,188,12,0.04112407565116882,0.6481779217720032,0.310698002576828,1.1187558906869497
DTSR14,mobilenetv3,compound_mild,189,12,0.04013769328594208,0.5329512357711792,0.4269110858440399,1.1943178027033743
DTSR14,mobilenetv3,compound_mild,190,12,0.43072181940078735,0.06279844045639038,0.5064797401428223,1.27123427297691
DTSR14,mobilenetv3,compound_mild,191,12,0.3247641921043396,0.2917935252189636,0.38344231247901917,1.5757222444327472
DTSR14,mobilenetv3,compound_mild,192,12,0.16694484651088715,0.7961405515670776,0.036914482712745667,0.868699729834224
DTSR14,mobilenetv3,compound_mild,193,12,0.5637658834457397,0.3855295181274414,0.05070462077856064,1.214394215478019
DTSR14,mobilenetv3,compound_mild,194,12,0.06183244660496712,0.7114542722702026,0.22671328485012054,1.0831300483377826
DTSR14,mobilenetv3,compound_mild,195,12,0.2313048541545868,0.03969188034534454,0.7290032505989075,1.0057402539103644
DTSR14,mobilenetv3,compound_mild,196,13,0.06055961549282074,0.3158947825431824,0.6235455870628357,1.1950685218798998
DTSR14,mobilenetv3,compound_mild,197,13,0.025829987600445747,0.24661056697368622,0.7275594472885132,0.9681760948056565
DTSR14,mobilenetv3,compound_mild,198,13,0.03615012392401695,0.19486063718795776,0.7689892053604126,0.924344486411675
DTSR14,mobilenetv3,compound_mild,199,13,0.04444725438952446,0.1670568883419037,0.7884958982467651,0.9012346517579981
DTSR14,mobilenetv3,compound_severe,0,0,0.04857180267572403,0.012222472578287125,0.9392056465148926,0.3746059123251265
DTSR14,mobilenetv3,compound_severe,1,0,0.9948328733444214,0.0027064597234129906,0.0024607055820524693,0.05184599257377587
DTSR14,mobilenetv3,compound_severe,2,0,0.03509470447897911,0.9568929672241211,0.008012278936803341,0.2862229856260056
DTSR14,mobilenetv3,compound_severe,3,0,0.015031076967716217,0.16917021572589874,0.815798819065094,0.7642987916678886
DTSR14,mobilenetv3,compound_severe,4,0,0.07411158084869385,0.16031081974506378,0.7655776739120483,0.996654273411911
DTSR14,mobilenetv3,compound_severe,5,0,0.02199096418917179,0.011867456138134003,0.9661417007446289,0.24502823023668346
DTSR14,mobilenetv3,compound_severe,6,0,0.025105426087975502,0.9317935109138489,0.043101098388433456,0.4239354983247182
DTSR14,mobilenetv3,compound_severe,7,1,0.014892821200191975,0.8594595193862915,0.12564751505851746,0.6541844760047528
DTSR14,mobilenetv3,compound_severe,8,1,0.08260007947683334,0.9149383902549744,0.0024615279398858547,0.435847593752031
DTSR14,mobilenetv3,compound_severe,9,1,0.06496812403202057,0.9153884649276733,0.019643427804112434,0.4843691463145361
DTSR14,mobilenetv3,compound_severe,10,1,0.8511509895324707,0.13312982022762299,0.015719236806035042,0.6793699798194627
DTSR14,mobilenetv3,compound_severe,11,1,0.018745310604572296,0.9720562100410461,0.009198522195219994,0.20951611691494412
DTSR14,mobilenetv3,compound_severe,12,1,0.21060234308242798,0.7771051526069641,0.012292509898543358,0.8340433612774026
DTSR14,mobilenetv3,compound_severe,13,1,0.010660713538527489,0.07316672801971436,0.9161725044250488,0.4615986500402264
DTSR14,mobilenetv3,compound_severe,14,2,0.005695855710655451,0.13366518914699554,0.8606389760971069,0.6168837857233658
DTSR14,mobilenetv3,compound_severe,15,2,0.019848838448524475,0.030595919117331505,0.9495553374290466,0.33706364772104086
DTSR14,mobilenetv3,compound_severe,16,2,0.25101956725120544,0.44517484307289124,0.3038056194782257,1.5425066653222221
DTSR14,mobilenetv3,compound_severe,17,2,0.11355841159820557,0.8673650026321411,0.019076548516750336,0.6434289972277845
DTSR14,mobilenetv3,compound_severe,18,2,0.2614577114582062,0.7157248854637146,0.022817395627498627,0.9758057207859847
DTSR14,mobilenetv3,compound_severe,19,2,0.09930398315191269,0.28108498454093933,0.6196110844612122,1.2734077539117448
DTSR14,mobilenetv3,compound_severe,20,2,0.3442092835903168,0.009211130440235138,0.6465795636177063,0.9986676082884673
DTSR14,mobilenetv3,compound_severe,21,2,0.07596965879201889,0.1678628772497177,0.7561675310134888,1.0195789299191778
DTSR14,mobilenetv3,compound_severe,22,2,0.8658024668693542,0.13017520308494568,0.004022345878183842,0.5949075608625146
DTSR14,mobilenetv3,compound_severe,23,2,0.7892486453056335,0.006276955362409353,0.20447441935539246,0.7836559990235417
DTSR14,mobilenetv3,compound_severe,24,2,0.05304474011063576,0.20089685916900635,0.746058464050293,1.0052168152222263
DTSR14,mobilenetv3,compound_severe,25,2,0.2220054417848587,0.025727368891239166,0.7522671818733215,0.9268457654946651
DTSR14,mobilenetv3,compound_severe,26,2,0.006296005565673113,0.8110198378562927,0.18268422782421112,0.7391620968839392
DTSR14,mobilenetv3,compound_severe,27,2,0.009604699909687042,0.9403249621391296,0.0500701479613781,0.36414062418335247
DTSR14,mobilenetv3,compound_severe,28,2,0.12943503260612488,0.8556271195411682,0.014937734231352806,0.6648600074193411
DTSR14,mobilenetv3,compound_severe,29,2,0.12690824270248413,0.003642512485384941,0.869449257850647,0.5829359621492728
DTSR14,mobilenetv3,compound_severe,30,2,0.010951399803161621,0.8462874293327332,0.14276117086410522,0.6760127069284356
DTSR14,mobilenetv3,compound_severe,31,2,0.02122468501329422,0.07943186908960342,0.8993434309959412,0.5458740823320968
DTSR14,mobilenetv3,compound_severe,32,2,0.7762784361839294,0.22262269258499146,0.00109888578299433,0.7769143846400663
DTSR14,mobilenetv3,compound_severe,33,2,0.0010902751237154007,0.9132818579673767,0.08562790602445602,0.43386613522117823
DTSR14,mobilenetv3,compound_severe,34,2,0.8974701166152954,0.029623178765177727,0.07290679961442947,0.5658912674108498
DTSR14,mobilenetv3,compound_severe,35,2,0.012202653102576733,0.9362662434577942,0.05153096094727516,0.3869928613236154
DTSR14,mobilenetv3,compound_severe,36,2,0.0037500946782529354,0.7747229933738708,0.2215268462896347,0.7972095552621963
DTSR14,mobilenetv3,compound_severe,37,2,0.053156282752752304,0.931434690952301,0.015408995561301708,0.413254047123228
DTSR14,mobilenetv3,compound_severe,38,2,0.008329110220074654,0.9500435590744019,0.041627220809459686,0.31869128032993943
DTSR14,mobilenetv3,compound_severe,39,3,0.0554065927863121,0.18816927075386047,0.7564241290092468,0.9893612627613578
DTSR14,mobilenetv3,compound_severe,40,3,0.003340406809002161,0.11724317818880081,0.879416286945343,0.5530707158485926
DTSR14,mobilenetv3,compound_severe,41,3,0.33001235127449036,0.44889339804649353,0.22109434008598328,1.5279267091108444
DTSR14,mobilenetv3,compound_severe,42,4,0.12364324927330017,0.58669513463974,0.2896615266799927,1.3420183991846368
DTSR14,mobilenetv3,compound_severe,43,4,0.07280909270048141,0.5605470538139343,0.3666438162326813,1.274042808264609
DTSR14,mobilenetv3,compound_severe,44,4,0.11439991742372513,0.04160553961992264,0.8439944982528687,0.7551936194613487
DTSR14,mobilenetv3,compound_severe,45,4,0.01966847851872444,0.2350074201822281,0.7453241944313049,0.9185252128551653
DTSR14,mobilenetv3,compound_severe,46,4,0.10718807578086853,0.23000594973564148,0.6628059148788452,1.2262788185959477
DTSR14,mobilenetv3,compound_severe,47,4,0.048082198947668076,0.21585111320018768,0.7360666394233704,1.013369048733018
DTSR14,mobilenetv3,compound_severe,48,4,0.026221534237265587,0.12180883437395096,0.8519696593284607,0.7046279524435615
DTSR14,mobilenetv3,compound_severe,49,4,0.9476943016052246,0.051802828907966614,0.0005028512678109109,0.3002031541137656
DTSR14,mobilenetv3,compound_severe,50,4,0.8609493374824524,0.1303260773420334,0.008724531158804893,0.6287796594066599
DTSR14,mobilenetv3,compound_severe,51,4,0.16605456173419952,0.5312361717224121,0.3027092218399048,1.4367882951964768
DTSR14,mobilenetv3,compound_severe,52,5,0.08553140610456467,0.5919792652130127,0.32248952984809875,1.277697286076079
DTSR14,mobilenetv3,compound_severe,53,5,0.6439533829689026,0.2699194848537445,0.08612710237503052,1.2235429114343663
DTSR14,mobilenetv3,compound_severe,54,5,0.10720036923885345,0.22663860023021698,0.6661611199378967,1.2211214113492346
DTSR14,mobilenetv3,compound_severe,55,5,0.01569824106991291,0.8962154388427734,0.08808629214763641,0.5444965513927154
DTSR14,mobilenetv3,compound_severe,56,5,0.33931705355644226,0.036526478826999664,0.6241564750671387,1.1279449756329305
DTSR14,mobilenetv3,compound_severe,57,5,0.06163448840379715,0.7967031598091125,0.1416623443365097,0.9084185652941789
DTSR14,mobilenetv3,compound_severe,58,5,0.838137149810791,0.03428215906023979,0.1275806874036789,0.7593199089274846
DTSR14,mobilenetv3,compound_severe,59,5,0.10354290902614594,0.2516528367996216,0.6448042988777161,1.2478786953084975
DTSR14,mobilenetv3,compound_severe,60,5,0.019963718950748444,0.6563515663146973,0.3236846327781677,1.0381761895732995
DTSR14,mobilenetv3,compound_severe,61,5,0.03230820596218109,0.7178442478179932,0.24984759092330933,1.0032180238098052
DTSR14,mobilenetv3,compound_severe,62,5,0.8014258146286011,0.047891758382320404,0.1506824940443039,0.8773298522006833
DTSR14,mobilenetv3,compound_severe,63,5,0.06896995007991791,0.22715629637241364,0.7038737535476685,1.1083841468429678
DTSR14,mobilenetv3,compound_severe,64,5,0.034208398312330246,0.8336594104766846,0.13213211297988892,0.7712072828424872
DTSR14,mobilenetv3,compound_severe,65,5,0.9030154347419739,0.07546333968639374,0.021521225571632385,0.5334235048000743
DTSR14,mobilenetv3,compound_severe,66,5,0.9971773028373718,0.0007487426628358662,0.0020739382598549128,0.030326756801697184
DTSR14,mobilenetv3,compound_severe,67,5,0.8675597906112671,0.03713543713092804,0.09530472755432129,0.6774596768224755
DTSR14,mobilenetv3,compound_severe,68,5,0.03674101456999779,0.7870619893074036,0.17619703710079193,0.8883434782311284
DTSR14,mobilenetv3,compound_severe,69,5,0.12581060826778412,0.7224105000495911,0.15177884697914124,1.1279799930019498
DTSR14,mobilenetv3,compound_severe,70,5,0.05601125583052635,0.8311691880226135,0.11281950771808624,0.809792648620842
DTSR14,mobilenetv3,compound_severe,71,5,0.0060458071529865265,0.9018255472183228,0.09212876111268997,0.4959424784697728
DTSR14,mobilenetv3,compound_severe,72,5,0.7481771111488342,0.2157934159040451,0.03602949529886246,0.9632929256196754
DTSR14,mobilenetv3,compound_severe,73,5,0.03163682296872139,0.14111720025539398,0.8272460699081421,0.7826276827205635
DTSR14,mobilenetv3,compound_severe,74,5,0.941103458404541,0.0472431406378746,0.011653373949229717,0.36531481118415293
DTSR14,mobilenetv3,compound_severe,75,5,0.6585397124290466,0.07512233406305313,0.2663379907608032,1.1857782460328798
DTSR14,mobilenetv3,compound_severe,76,5,0.18147030472755432,0.0017040426610037684,0.8168257474899292,0.7009182875095348
DTSR14,mobilenetv3,compound_severe,77,5,0.9127229452133179,0.01896749436855316,0.06830959022045135,0.49323143626065014
DTSR14,mobilenetv3,compound_severe,78,5,0.06479129195213318,0.924605667591095,0.010603147558867931,0.4299132268759094
DTSR14,mobilenetv3,compound_severe,79,5,0.011573290452361107,0.8301957845687866,0.1582309752702713,0.7182176689687101
DTSR14,mobilenetv3,compound_severe,80,5,0.015209075063467026,0.19144459068775177,0.7933463454246521,0.8134016723966253
DTSR14,mobilenetv3,compound_severe,81,5,0.055690620094537735,0.11192160844802856,0.8323878049850464,0.8059501533520355
DTSR14,mobilenetv3,compound_severe,82,5,0.8958171010017395,0.09795670956373215,0.006226119119673967,0.516131757942641
DTSR14,mobilenetv3,compound_severe,83,5,0.8582812547683716,0.07568097114562988,0.06603792309761047,0.7299679418581402
DTSR14,mobilenetv3,compound_severe,84,5,0.06283800303936005,0.8576260805130005,0.07953604310750961,0.7313806575518653
DTSR14,mobilenetv3,compound_severe,85,5,0.15321677923202515,0.0916166752576828,0.7551665902137756,1.0365186862924816
DTSR14,mobilenetv3,compound_severe,86,5,0.8018503189086914,0.1698916256427765,0.028258131816983223,0.8353252444372781
DTSR14,mobilenetv3,compound_severe,87,5,0.8862940669059753,0.014970654621720314,0.0987352654337883,0.5748939677408305
DTSR14,mobilenetv3,compound_severe,88,5,0.765261709690094,0.18927790224552155,0.0454602874815464,0.9526266442563907
DTSR14,mobilenetv3,compound_severe,89,5,0.12185566127300262,0.0019069097470492125,0.8762375116348267,0.5542901367188913
DTSR14,mobilenetv3,compound_severe,90,5,0.06083260849118233,0.8934983611106873,0.04566890373826027,0.5942112934283852
DTSR14,mobilenetv3,compound_severe,91,5,0.11087282001972198,0.8395251631736755,0.049601975828409195,0.7786079936428524
DTSR14,mobilenetv3,compound_severe,92,5,0.9385519027709961,0.05404472351074219,0.007403411902487278,0.36578017061033014
DTSR14,mobilenetv3,compound_severe,93,5,0.04785306751728058,0.0018947767093777657,0.9502522349357605,0.2969386758755675
DTSR14,mobilenetv3,compound_severe,94,5,0.01976006105542183,0.059064336121082306,0.9211755990982056,0.4620571702233663
DTSR14,mobilenetv3,compound_severe,95,5,0.8334861993789673,0.009070458821952343,0.15744340419769287,0.7004710292827194
DTSR14,mobilenetv3,compound_severe,96,5,0.0005798476631753147,0.8944668173789978,0.10495325177907944,0.49148128972532446
DTSR14,mobilenetv3,compound_severe,97,5,0.1308983862400055,0.7809739112854004,0.0881277471780777,0.9713477149248453
DTSR14,mobilenetv3,compound_severe,98,5,0.9562177062034607,0.04121918976306915,0.0025631606113165617,0.2734550491679943
DTSR14,mobilenetv3,compound_severe,99,5,0.12662187218666077,0.05666397139430046,0.8167141675949097,0.8507398272199423
DTSR14,mobilenetv3,compound_severe,100,5,0.8297885060310364,0.13906487822532654,0.031146595254540443,0.7750503190718782
DTSR14,mobilenetv3,compound_severe,101,5,0.10899748653173447,0.7541096210479736,0.1368928849697113,1.048301955127723
DTSR14,mobilenetv3,compound_severe,102,5,0.014915096573531628,0.09443461149930954,0.8906503319740295,0.5607976361150822
DTSR14,mobilenetv3,compound_severe,103,5,0.045475468039512634,0.7784591317176819,0.17606544494628906,0.9252148068089916
DTSR14,mobilenetv3,compound_severe,104,5,0.763630211353302,0.1351190209388733,0.10125081241130829,1.0218083139271616
DTSR14,mobilenetv3,compound_severe,105,5,0.11419080942869186,0.079831562936306,0.8059777617454529,0.8994204350874511
DTSR14,mobilenetv3,compound_severe,106,5,0.017917975783348083,0.012733361683785915,0.969348669052124,0.2276635259418889
DTSR14,mobilenetv3,compound_severe,107,5,0.19989748299121857,0.09125357121229172,0.7088488936424255,1.1313910138967236
DTSR14,mobilenetv3,compound_severe,108,5,0.0006518252776004374,0.20523713529109955,0.7941110730171204,0.7399018918739757
DTSR14,mobilenetv3,compound_severe,109,5,0.09891112893819809,0.8775489926338196,0.02353987842798233,0.6228320084821648
DTSR14,mobilenetv3,compound_severe,110,5,0.8796059489250183,0.04190785065293312,0.0784861296415329,0.6427416513153772
DTSR14,mobilenetv3,compound_severe,111,5,0.4046924412250519,0.10545187443494797,0.48985570669174194,1.3747338846859773
DTSR14,mobilenetv3,compound_severe,112,5,0.010587392374873161,0.04175722599029541,0.947655439376831,0.3342992192330999
DTSR14,mobilenetv3,compound_severe,113,5,0.07871309667825699,0.8638737201690674,0.05741332098841667,0.7077159917198048
DTSR14,mobilenetv3,compound_severe,114,5,0.024338629096746445,0.9251912236213684,0.05047016590833664,0.4517015444024296
DTSR14,mobilenetv3,compound_severe,115,5,0.7952370047569275,0.19248174130916595,0.012281103990972042,0.7983822113965677
DTSR14,mobilenetv3,compound_severe,116,5,0.026552658528089523,0.8964573740959167,0.0769900307059288,0.5651687019061908
DTSR14,mobilenetv3,compound_severe,117,5,0.02287941426038742,0.028430398553609848,0.9486902356147766,0.3428108612564251
DTSR14,mobilenetv3,compound_severe,118,6,0.0457841157913208,0.1292736977338791,0.8249421715736389,0.8142780728791248
DTSR14,mobilenetv3,compound_severe,119,6,0.7234671711921692,0.1849951446056366,0.09153781831264496,1.1039779453072531
DTSR14,mobilenetv3,compound_severe,120,6,0.1912418156862259,0.04629058018326759,0.762467622756958,0.9599338612504837
DTSR14,mobilenetv3,compound_severe,121,6,0.049347035586833954,0.23621295392513275,0.7144399881362915,1.052553502220843
DTSR14,mobilenetv3,compound_severe,122,6,0.017349397763609886,0.8525419235229492,0.13010869920253754,0.6805020960701178
DTSR14,mobilenetv3,compound_severe,123,6,0.033322013914585114,0.9135261178016663,0.05315195024013519,0.5077538999358631
DTSR14,mobilenetv3,compound_severe,124,7,0.020646678283810616,0.9245539307594299,0.05479934811592102,0.449803987075997
DTSR14,mobilenetv3,compound_severe,125,7,0.017724430188536644,0.8598277568817139,0.12244772911071777,0.6614498530544537
DTSR14,mobilenetv3,compound_severe,126,7,0.9530088305473328,0.011190029792487621,0.03580109775066376,0.3106884270460254
DTSR14,mobilenetv3,compound_severe,127,7,0.8961197137832642,0.0728711187839508,0.03100905381143093,0.572534573323912
DTSR14,mobilenetv3,compound_severe,128,7,0.8402193784713745,0.10345163941383362,0.05632898956537247,0.7833895913369129
DTSR14,mobilenetv3,compound_severe,129,7,0.84075528383255,0.05523482337594032,0.10401001572608948,0.7807930356374175
DTSR14,mobilenetv3,compound_severe,130,7,0.8988458514213562,0.09436873346567154,0.006785332690924406,0.5085456961316008
DTSR14,mobilenetv3,compound_severe,131,7,0.11439639329910278,0.8391520977020264,0.046451494097709656,0.7758141680511677
DTSR14,mobilenetv3,compound_severe,132,7,0.030476437881588936,0.9407410025596619,0.028782615438103676,0.38372069672186915
DTSR14,mobilenetv3,compound_severe,133,7,0.7967177629470825,0.1430436372756958,0.06023862957954407,0.9066736565351423
DTSR14,mobilenetv3,compound_severe,134,7,0.8146226406097412,0.029587125405669212,0.15579019486904144,0.8091116252190211
DTSR14,mobilenetv3,compound_severe,135,7,0.8450732231140137,0.0009862410370260477,0.1539405733346939,0.6306468918292579
DTSR14,mobilenetv3,compound_severe,136,8,0.7266324758529663,0.19905151426792145,0.07431590557098389,1.077008013399597
DTSR14,mobilenetv3,compound_severe,137,8,0.0356324277818203,0.9238924384117126,0.04047517850995064,0.46419851459449374
DTSR14,mobilenetv3,compound_severe,138,8,0.10766066610813141,0.017775950953364372,0.8745633363723755,0.6186342955212693
DTSR14,mobilenetv3,compound_severe,139,8,0.002241032663732767,0.8962146639823914,0.10154443979263306,0.49647988802809095
DTSR14,mobilenetv3,compound_severe,140,8,0.02692319080233574,0.12671391665935516,0.846362829208374,0.7217355541982491
DTSR14,mobilenetv3,compound_severe,141,8,0.09110889583826065,0.1083463728427887,0.800544798374176,0.9192165814216378
DTSR14,mobilenetv3,compound_severe,142,8,0.12706691026687622,0.6753994226455688,0.19753362238407135,1.2227918221640972
DTSR14,mobilenetv3,compound_severe,143,9,0.020843958482146263,0.9209116697311401,0.058244332671165466,0.46476482862986923
DTSR14,mobilenetv3,compound_severe,144,9,0.1377924531698227,0.827643096446991,0.03456440940499306,0.7876831181587384
DTSR14,mobilenetv3,compound_severe,145,9,0.854636013507843,0.14424610137939453,0.0011177635751664639,0.6075720981075907
DTSR14,mobilenetv3,compound_severe,146,9,0.15476593375205994,0.799444854259491,0.045789215713739395,0.878478818984108
DTSR14,mobilenetv3,compound_severe,147,9,0.1038374975323677,0.8364219069480896,0.05974065884947777,0.7976974533647228
DTSR14,mobilenetv3,compound_severe,148,9,0.044124990701675415,0.9141383171081543,0.04173661768436432,0.5083171364394372
DTSR14,mobilenetv3,compound_severe,149,9,0.01874815672636032,0.8945302963256836,0.08672154694795609,0.5573059303149117
DTSR14,mobilenetv3,compound_severe,150,9,0.012490177527070045,0.08121708780527115,0.9062926769256592,0.5017995401364976
DTSR14,mobilenetv3,compound_severe,151,9,0.003864953527227044,0.8259679675102234,0.1701672226190567,0.6935888570204011
DTSR14,mobilenetv3,compound_severe,152,9,0.8456048369407654,0.14453530311584473,0.009859886951744556,0.673624476047982
DTSR14,mobilenetv3,compound_severe,153,9,0.026030631735920906,0.9186323881149292,0.055337030440568924,0.48055974532255785
DTSR14,mobilenetv3,compound_severe,154,9,0.028758656233549118,0.9595896601676941,0.011651748791337013,0.2791888019982732
DTSR14,mobilenetv3,compound_severe,155,9,0.038088373839855194,0.14289963245391846,0.819011926651001,0.8165876553201024
DTSR14,mobilenetv3,compound_severe,156,9,0.02828553132712841,0.03849349915981293,0.9332209825515747,0.419436001665796
DTSR14,mobilenetv3,compound_severe,157,9,0.02457195334136486,0.8429943919181824,0.13243354856967926,0.7253639630614188
DTSR14,mobilenetv3,compound_severe,158,9,0.24633900821208954,0.7434290647506714,0.010231918655335903,0.8835509479077771
DTSR14,mobilenetv3,compound_severe,159,9,0.10173461586236954,0.874362051486969,0.023903420194983482,0.6335517213323656
DTSR14,mobilenetv3,compound_severe,160,9,0.008047793060541153,0.0576263964176178,0.9343257546424866,0.3848113531299498
DTSR14,mobilenetv3,compound_severe,161,9,0.08894827216863632,0.16677942872047424,0.7442722320556641,1.0585970798855207
DTSR14,mobilenetv3,compound_severe,162,9,0.1911301463842392,0.6170680522918701,0.19180180132389069,1.3430175695754807
DTSR14,mobilenetv3,compound_severe,163,9,0.052536413073539734,0.25978755950927734,0.6876760721206665,1.0999717351877378
DTSR14,mobilenetv3,compound_severe,164,9,0.9818899035453796,0.0018453297670930624,0.016264908015727997,0.13929622033681355
DTSR14,mobilenetv3,compound_severe,165,10,0.004582063294947147,0.3843514621257782,0.611066460609436,1.0000383275412663
DTSR14,mobilenetv3,compound_severe,166,10,0.7846001386642456,0.0315202996134758,0.18387958407402039,0.8810452680166148
DTSR14,mobilenetv3,compound_severe,167,10,0.29868999123573303,0.018713191151618958,0.6825968027114868,1.004148809896044
DTSR14,mobilenetv3,compound_severe,168,10,0.09741292893886566,0.16664224863052368,0.7359448671340942,1.0836123936930457
DTSR14,mobilenetv3,compound_severe,169,10,0.003988808952271938,0.362052857875824,0.6339582800865173,0.9793140626214127
DTSR14,mobilenetv3,compound_severe,170,10,0.30508604645729065,0.689262330532074,0.005651738494634628,0.9347742585485278
DTSR14,mobilenetv3,compound_severe,171,10,0.1433081179857254,0.7116033434867859,0.1450885534286499,1.1550298375855952
DTSR14,mobilenetv3,compound_severe,172,10,0.0905354917049408,0.8624845147132874,0.04697994887828827,0.7050855213389859
DTSR14,mobilenetv3,compound_severe,173,11,0.7077057361602783,0.10836338996887207,0.18393084406852722,1.1497066688575681
DTSR14,mobilenetv3,compound_severe,174,11,0.13928206264972687,0.837974488735199,0.022743314504623413,0.7339509140399808
DTSR14,mobilenetv3,compound_severe,175,11,0.018493570387363434,0.14148499071598053,0.8400214314460754,0.7169000601634979
DTSR14,mobilenetv3,compound_severe,176,11,0.007020030170679092,0.08619356155395508,0.9067865014076233,0.48303445048440374
DTSR14,mobilenetv3,compound_severe,177,11,0.11572817713022232,0.7832300066947937,0.10104194283485413,0.9702775820338467
DTSR14,mobilenetv3,compound_severe,178,11,0.13683761656284332,0.05217712000012398,0.8109853267669678,0.8600701409219895
DTSR14,mobilenetv3,compound_severe,179,12,0.01223605964332819,0.8487518429756165,0.13901197910308838,0.6742623644918626
DTSR14,mobilenetv3,compound_severe,180,12,0.05798622593283653,0.06789186596870422,0.8741217851638794,0.6713397637563965
DTSR14,mobilenetv3,compound_severe,181,12,0.11084523797035217,0.035990554839372635,0.8531641364097595,0.7198373916109403
DTSR14,mobilenetv3,compound_severe,182,12,0.01737121120095253,0.8923775553703308,0.09025131911039352,0.5613303905957171
DTSR14,mobilenetv3,compound_severe,183,12,0.02693234384059906,0.06540727615356445,0.9076605439186096,0.5246464966652038
DTSR14,mobilenetv3,compound_severe,184,12,0.020194992423057556,0.19933827221393585,0.7804666757583618,0.8565850484100656
DTSR14,mobilenetv3,compound_severe,185,12,0.2632025182247162,0.2530185282230377,0.4837788939476013,1.5153167955933045
DTSR14,mobilenetv3,compound_severe,186,12,0.09969181567430496,0.8348619341850281,0.0654461681842804,0.8064386167765565
DTSR14,mobilenetv3,compound_severe,187,12,0.18140429258346558,0.8063377141952515,0.012258033268153667,0.7749912568708052
DTSR14,mobilenetv3,compound_severe,188,12,0.01810937188565731,0.09039019048213959,0.8915005922317505,0.5659612134866583
DTSR14,mobilenetv3,compound_severe,189,12,0.0427209809422493,0.9377950429916382,0.019483985379338264,0.3919253573909981
DTSR14,mobilenetv3,compound_severe,190,12,0.005272873677313328,0.9043322205543518,0.09039486199617386,0.48455164105458093
DTSR14,mobilenetv3,compound_severe,191,12,0.006624708883464336,0.10013571381568909,0.8932395577430725,0.5258885665663459
DTSR14,mobilenetv3,compound_severe,192,12,0.14017677307128906,0.05721071735024452,0.8026123642921448,0.8881060847710507
DTSR14,mobilenetv3,compound_severe,193,12,0.044168870896101,0.9081635475158691,0.04766764119267464,0.5343106418243049
DTSR14,mobilenetv3,compound_severe,194,12,0.1421126276254654,0.009323329664766788,0.8485641479492188,0.6639458153528954
DTSR14,mobilenetv3,compound_severe,195,12,0.017655491828918457,0.9074374437332153,0.0749070942401886,0.5100393145576434
DTSR14,mobilenetv3,compound_severe,196,13,0.40002283453941345,0.011666526086628437,0.5883105993270874,1.0539483972031658
DTSR14,mobilenetv3,compound_severe,197,13,0.7670161128044128,0.209598571062088,0.02338532917201519,0.8927205021877889
DTSR14,mobilenetv3,compound_severe,198,13,0.32595571875572205,0.6565219163894653,0.01752249151468277,1.027954756951368
DTSR14,mobilenetv3,compound_severe,199,13,0.18640030920505524,0.010277180932462215,0.803322434425354,0.773429137685355
DTSR14,mobilenetv3,compound_optical_severe,0,0,0.017236409708857536,0.9788855910301208,0.003877925919368863,0.1621795326433392
DTSR14,mobilenetv3,compound_optical_severe,1,0,0.017373371869325638,0.9776827096939087,0.004943860694766045,0.17128741817897972
DTSR14,mobilenetv3,compound_optical_severe,2,0,0.9744914174079895,0.015612408518791199,0.0098962914198637,0.19591882496930346
DTSR14,mobilenetv3,compound_optical_severe,3,0,0.8116773366928101,0.1704084575176239,0.017914287745952606,0.7833257100488327
DTSR14,mobilenetv3,compound_optical_severe,4,0,0.9782439470291138,0.0067192926071584225,0.015036758035421371,0.17059275970978094
DTSR14,mobilenetv3,compound_optical_severe,5,0,0.018275374546647072,0.9676792025566101,0.014045387506484985,0.2378203499172054
DTSR14,mobilenetv3,compound_optical_severe,6,0,0.01234654150903225,0.3135681748390198,0.6740851998329163,0.9864727560268673
DTSR14,mobilenetv3,compound_optical_severe,7,1,0.015334810130298138,0.008635899983346462,0.9760291576385498,0.18579108888015938
DTSR14,mobilenetv3,compound_optical_severe,8,1,0.02470792643725872,0.003640364622697234,0.9716517329216003,0.2017185417488503
DTSR14,mobilenetv3,compound_optical_severe,9,1,0.02360157109797001,0.9676135778427124,0.008784831501543522,0.23353181890296998
DTSR14,mobilenetv3,compound_optical_severe,10,1,0.023307915776968002,0.9728790521621704,0.003812999464571476,0.19562834917170574
DTSR14,mobilenetv3,compound_optical_severe,11,1,0.021784299984574318,0.9771307110786438,0.0010849816026166081,0.1635599424159097
DTSR14,mobilenetv3,compound_optical_severe,12,1,0.03969655930995941,0.1413474828004837,0.8189559578895569,0.8197359954955947
DTSR14,mobilenetv3,compound_optical_severe,13,1,0.003904232755303383,0.0076103415340185165,0.9884854555130005,0.10131301621640496
DTSR14,mobilenetv3,compound_optical_severe,14,2,0.19860060513019562,0.6110379099845886,0.19036154448986053,1.3529627316575776
DTSR14,mobilenetv3,compound_optical_severe,15,2,0.19065991044044495,0.6231493949890137,0.186190664768219,1.3325996401496256
DTSR14,mobilenetv3,compound_optical_severe,16,2,0.20959153771400452,0.31399476528167725,0.47641363739967346,1.5068623876034617
DTSR14,mobilenetv3,compound_optical_severe,17,2,0.6266298890113831,0.03656630963087082,0.3368037939071655,1.1258776880199965
DTSR14,mobilenetv3,compound_optical_severe,18,2,0.3376067876815796,0.6353607177734375,0.02703252248466015,1.0854558832784749
DTSR14,mobilenetv3,compound_optical_severe,19,2,0.113898865878582,0.6109122037887573,0.27518898248672485,1.3035807191352493
DTSR14,mobilenetv3,compound_optical_severe,20,2,0.45590740442276,0.3428769111633301,0.20121562480926514,1.5115609094812494
DTSR14,mobilenetv3,compound_optical_severe,21,2,0.38080522418022156,0.5297496318817139,0.0894450694322586,1.3275158777733342
DTSR14,mobilenetv3,compound_optical_severe,22,2,0.7401320338249207,0.034690868109464645,0.22517706453800201,0.9738775525933758
DTSR14,mobilenetv3,compound_optical_severe,23,2,0.5067296624183655,0.2980271875858307,0.19524316489696503,1.477576510114914
DTSR14,mobilenetv3,compound_optical_severe,24,2,0.17010127007961273,0.43172886967658997,0.39816978573799133,1.4868559655407003
DTSR14,mobilenetv3,compound_optical_severe,25,2,0.4733271896839142,0.17309731245040894,0.35357534885406494,1.479090005362964
DTSR14,mobilenetv3,compound_optical_severe,26,2,0.6796504855155945,0.27939242124557495,0.04095714911818504,1.081439122905407
DTSR14,mobilenetv3,compound_optical_severe,27,2,0.03098127245903015,0.3372483551502228,0.6317703723907471,1.1027025993894313
DTSR14,mobilenetv3,compound_optical_severe,28,2,0.022865744307637215,0.7875300049781799,0.1896042376756668,0.8508596668820647
DTSR14,mobilenetv3,compound_optical_severe,29,2,0.5914360880851746,0.24854235351085663,0.1600215584039688,1.370358952508813
DTSR14,mobilenetv3,compound_optical_severe,30,2,0.022589532658457756,0.5543211102485657,0.4230893552303314,1.1204050371283105
DTSR14,mobilenetv3,compound_optical_severe,31,2,0.023991523310542107,0.8128073811531067,0.16320107877254486,0.7989637041306876
DTSR14,mobilenetv3,compound_optical_severe,32,2,0.04435206204652786,0.6606437563896179,0.2950041890144348,1.1140169784165246
DTSR14,mobilenetv3,compound_optical_severe,33,2,0.7512646913528442,0.22707612812519073,0.021659161895513535,0.9153873218879182
DTSR14,mobilenetv3,compound_optical_severe,34,2,0.6375054717063904,0.3318833112716675,0.0306111928075552,1.0961317259326309
DTSR14,mobilenetv3,compound_optical_severe,35,2,0.4367481768131256,0.5332748889923096,0.02997688762843609,1.1573587825164917
DTSR14,mobilenetv3,compound_optical_severe,36,2,0.021831335499882698,0.47052618861198425,0.5076425075531006,1.1287555542154903
DTSR14,mobilenetv3,compound_optical_severe,37,2,0.7075701951980591,0.03201557323336601,0.26041436195373535,1.017571612869526
DTSR14,mobilenetv3,compound_optical_severe,38,2,0.9558331966400146,0.0338461697101593,0.010320638306438923,0.2957237481590535
DTSR14,mobilenetv3,compound_optical_severe,39,3,0.043993689119815826,0.14075198769569397,0.815254271030426,0.8366530435350714
DTSR14,mobilenetv3,compound_optical_severe,40,3,0.08508922159671783,0.2714892625808716,0.6434215307235718,1.2224837459510496
DTSR14,mobilenetv3,compound_optical_severe,41,3,0.22238722443580627,0.6060618758201599,0.171550914645195,1.356486690278028
DTSR14,mobilenetv3,compound_optical_severe,42,4,0.05120450258255005,0.23779398202896118,0.7110015153884888,1.062170549521399
DTSR14,mobilenetv3,compound_optical_severe,43,4,0.005380697548389435,0.23195166885852814,0.762667715549469,0.8276444831789173
DTSR14,mobilenetv3,compound_optical_severe,44,4,0.04012755677103996,0.04240122437477112,0.9174712300300598,0.4935110129305204
DTSR14,mobilenetv3,compound_optical_severe,45,4,0.049313392490148544,0.9484593868255615,0.0022271168418228626,0.3061421802491954
DTSR14,mobilenetv3,compound_optical_severe,46,4,0.02660658024251461,0.21126151084899902,0.7621318697929382,0.9117155173106896
DTSR14,mobilenetv3,compound_optical_severe,47,4,0.023671377450227737,0.15595248341560364,0.8203761577606201,0.7802574202825527
DTSR14,mobilenetv3,compound_optical_severe,48,4,0.0063763391226530075,0.22650617361068726,0.7671175599098206,0.8251722608884224
DTSR14,mobilenetv3,compound_optical_severe,49,4,0.9716284871101379,0.0006791235064156353,0.027692347764968872,0.1907827175616561
DTSR14,mobilenetv3,compound_optical_severe,50,4,0.9776607155799866,0.0010354819241911173,0.021303704008460045,0.16042743895224135
DTSR14,mobilenetv3,compound_optical_severe,51,4,0.7555421590805054,0.22852501273155212,0.01593288592994213,0.8873634132842088
DTSR14,mobilenetv3,compound_optical_severe,52,5,0.594587504863739,0.37429022789001465,0.031122270971536636,1.1324167634451603
DTSR14,mobilenetv3,compound_optical_severe,53,5,0.5056252479553223,0.03424946591258049,0.4601253271102905,1.1794778608029943
DTSR14,mobilenetv3,compound_optical_severe,54,5,0.03263130411505699,0.24279697239398956,0.7245718240737915,0.9937354523562467
DTSR14,mobilenetv3,compound_optical_severe,55,5,0.6403442025184631,0.33442097902297974,0.02523493766784668,1.0742239151580868
DTSR14,mobilenetv3,compound_optical_severe,56,5,0.03516828268766403,0.5864460468292236,0.37838563323020935,1.1518937444960933
DTSR14,mobilenetv3,compound_optical_severe,57,5,0.023426271975040436,0.037705354392528534,0.9388684034347534,0.39062410920528157
DTSR14,mobilenetv3,compound_optical_severe,58,5,0.7801295518875122,0.20081114768981934,0.019059201702475548,0.8534422376716067
DTSR14,mobilenetv3,compound_optical_severe,59,5,0.02709018439054489,0.39997538924217224,0.5729343891143799,1.1301941299319043
DTSR14,mobilenetv3,compound_optical_severe,60,5,0.023733997717499733,0.5743582844734192,0.401907742023468,1.1160978271799644
DTSR14,mobilenetv3,compound_optical_severe,61,5,0.5765504240989685,0.4038614332675934,0.019588157534599304,1.0974773873869597
DTSR14,mobilenetv3,compound_optical_severe,62,5,0.7452722787857056,0.23965659737586975,0.015071096830070019,0.9012489316900023
DTSR14,mobilenetv3,compound_optical_severe,63,5,0.10129917412996292,0.7655043601989746,0.13319651782512665,1.0171224735358737
DTSR14,mobilenetv3,compound_optical_severe,64,5,0.9751679301261902,0.010264365933835506,0.014567818492650986,0.19206458733361603
DTSR14,mobilenetv3,compound_optical_severe,65,5,0.02168102376163006,0.9544221758842468,0.023896805942058563,0.31280633228505733
DTSR14,mobilenetv3,compound_optical_severe,66,5,0.016672810539603233,0.9692218899726868,0.014105347916483879,0.22890287415827254
DTSR14,mobilenetv3,compound_optical_severe,67,5,0.743744432926178,0.23545807600021362,0.020797492936253548,0.9251472043251538
DTSR14,mobilenetv3,compound_optical_severe,68,5,0.7956202030181885,0.18670594692230225,0.017673788592219353,0.8173799760135227
DTSR14,mobilenetv3,compound_optical_severe,69,5,0.1957351714372635,0.7847625613212585,0.019502276554703712,0.8457562691642252
DTSR14,mobilenetv3,compound_optical_severe,70,5,0.01651337929069996,0.963739275932312,0.0197472982108593,0.2609290002858039
DTSR14,mobilenetv3,compound_optical_severe,71,5,0.6496217250823975,0.020396094769239426,0.3299821615219116,1.0466331667110158
DTSR14,mobilenetv3,compound_optical_severe,72,5,0.8474922776222229,0.0200048815459013,0.13250289857387543,0.7015834574232198
DTSR14,mobilenetv3,compound_optical_severe,73,5,0.024030502885580063,0.6334803700447083,0.34248924255371094,1.0759315317598441
DTSR14,mobilenetv3,compound_optical_severe,74,5,0.7123463749885559,0.2713976204395294,0.016256075352430344,0.955834065279328
DTSR14,mobilenetv3,compound_optical_severe,75,5,0.3327859342098236,0.6281003355979919,0.03911376744508743,1.1325586008527209
DTSR14,mobilenetv3,compound_optical_severe,76,5,0.018447648733854294,0.42925551533699036,0.5522969961166382,1.103030655838989
DTSR14,mobilenetv3,compound_optical_severe,77,5,0.02738632820546627,0.012355190701782703,0.960258424282074,0.27664255244631714
DTSR14,mobilenetv3,compound_optical_severe,78,5,0.020595697686076164,0.010739401914179325,0.9686647653579712,0.23010410177695304
DTSR14,mobilenetv3,compound_optical_severe,79,5,0.017018048092722893,0.7316480278968811,0.25133395195007324,0.930560876314233
DTSR14,mobilenetv3,compound_optical_severe,80,5,0.032162491232156754,0.1699688583612442,0.797868549823761,0.853956332311679
DTSR14,mobilenetv3,compound_optical_severe,81,5,0.3775917589664459,0.5980051159858704,0.024403121322393417,1.104859311399386
DTSR14,mobilenetv3,compound_optical_severe,82,5,0.9577702283859253,0.015936383977532387,0.026293311268091202,0.2928021077386569
DTSR14,mobilenetv3,compound_optical_severe,83,5,0.9608407616615295,0.015230406075716019,0.023928740993142128,0.2761772655247544
DTSR14,mobilenetv3,compound_optical_severe,84,5,0.011615512892603874,0.9701198935508728,0.01826457679271698,0.22259396887050795
DTSR14,mobilenetv3,compound_optical_severe,85,5,0.029279639944434166,0.6965580582618713,0.2741623520851135,1.0243658650789895
DTSR14,mobilenetv3,compound_optical_severe,86,5,0.7194079756736755,0.24860826134681702,0.03198383003473282,0.9998705667282398
DTSR14,mobilenetv3,compound_optical_severe,87,5,0.011448733508586884,0.9661690592765808,0.022382255643606186,0.24449014625779808
DTSR14,mobilenetv3,compound_optical_severe,88,5,0.5529695153236389,0.4230109453201294,0.024019606411457062,1.1269107416243773
DTSR14,mobilenetv3,compound_optical_severe,89,5,0.023366084322333336,0.013172760605812073,0.96346116065979,0.26065148967542395
DTSR14,mobilenetv3,compound_optical_severe,90,5,0.011050846427679062,0.9800702929496765,0.008878898806869984,0.16080455872667518
DTSR14,mobilenetv3,compound_optical_severe,91,5,0.9622103571891785,0.015207464806735516,0.022582098841667175,0.26880872442975134
DTSR14,mobilenetv3,compound_optical_severe,92,5,0.9757561683654785,0.01254370715469122,0.011700128205120564,0.18886986409471676
DTSR14,mobilenetv3,compound_optical_severe,93,5,0.017738549038767815,0.7162967920303345,0.2659646272659302,0.9561657274394811
DTSR14,mobilenetv3,compound_optical_severe,94,5,0.015462500043213367,0.1649041324853897,0.8196333050727844,0.757001833264799
DTSR14,mobilenetv3,compound_optical_severe,95,5,0.18155251443386078,0.802855372428894,0.015592101030051708,0.7948339288553533
DTSR14,mobilenetv3,compound_optical_severe,96,5,0.8373624086380005,0.13051892817020416,0.032118696719408035,0.7571727650308265
DTSR14,mobilenetv3,compound_optical_severe,97,5,0.008347616530954838,0.9674206972122192,0.02423156052827835,0.23391322875617682
DTSR14,mobilenetv3,compound_optical_severe,98,5,0.7181540727615356,0.013033625669777393,0.26881223917007446,0.9341145608505544
DTSR14,mobilenetv3,compound_optical_severe,99,5,0.7651230692863464,0.017963852733373642,0.216913104057312,0.8779387292739302
DTSR14,mobilenetv3,compound_optical_severe,100,5,0.7535402774810791,0.21647939085960388,0.029980340972542763,0.9372448179182832
DTSR14,mobilenetv3,compound_optical_severe,101,5,0.03405723720788956,0.7956505417823792,0.1702922135591507,0.8633715618768811
DTSR14,mobilenetv3,compound_optical_severe,102,5,0.008382955566048622,0.9730384945869446,0.018578579649329185,0.203027326097159
DTSR14,mobilenetv3,compound_optical_severe,103,5,0.5566620230674744,0.4006173014640808,0.04272058233618736,1.1934784878296896
DTSR14,mobilenetv3,compound_optical_severe,104,5,0.6531843543052673,0.3223826587200165,0.024432849138975143,1.0586803974697192
DTSR14,mobilenetv3,compound_optical_severe,105,5,0.019815368577837944,0.3378027677536011,0.6423819065093994,1.0511727082247613
DTSR14,mobilenetv3,compound_optical_severe,106,5,0.013438262976706028,0.02162490040063858,0.9649368524551392,0.252851425482769
DTSR14,mobilenetv3,compound_optical_severe,107,5,0.05097481980919838,0.7402663826942444,0.20875880122184753,1.0118928504724707
DTSR14,mobilenetv3,compound_optical_severe,108,5,0.031304653733968735,0.19244562089443207,0.7762497067451477,0.8976267181356801
DTSR14,mobilenetv3,compound_optical_severe,109,5,0.494033545255661,0.4801748991012573,0.02579156868159771,1.1468925489543145
DTSR14,mobilenetv3,compound_optical_severe,110,5,0.9598252773284912,0.01928021013736725,0.020894436165690422,0.28322022791091284
DTSR14,mobilenetv3,compound_optical_severe,111,5,0.41349419951438904,0.28596732020378113,0.30053845047950745,1.5645435005490418
DTSR14,mobilenetv3,compound_optical_severe,112,5,0.012242824770510197,0.9677303433418274,0.020026860758662224,0.23655131852880829
DTSR14,mobilenetv3,compound_optical_severe,113,5,0.008904008194804192,0.9830154180526733,0.008080467581748962,0.14111240876192488
DTSR14,mobilenetv3,compound_optical_severe,114,5,0.017159799113869667,0.9678292274475098,0.015010992996394634,0.23723127452940787
DTSR14,mobilenetv3,compound_optical_severe,115,5,0.4978788495063782,0.04668179526925087,0.4554394781589508,1.2240855265553967
DTSR14,mobilenetv3,compound_optical_severe,116,5,0.013045400381088257,0.9691355228424072,0.017819032073020935,0.2290383082708862
DTSR14,mobilenetv3,compound_optical_severe,117,5,0.013131058774888515,0.7166743874549866,0.27019447088241577,0.9366298612482385
DTSR14,mobilenetv3,compound_optical_severe,118,6,0.024215541779994965,0.01220300979912281,0.9635816216468811,0.25912931402774303
DTSR14,mobilenetv3,compound_optical_severe,119,6,0.48801374435424805,0.4849253296852112,0.027060894295573235,1.152363164177635
DTSR14,mobilenetv3,compound_optical_severe,120,6,0.014421699568629265,0.4818694591522217,0.5037088394165039,1.0940821050728262
DTSR14,mobilenetv3,compound_optical_severe,121,6,0.2593111991882324,0.18157364428043365,0.5591151714324951,1.4208386642035165
DTSR14,mobilenetv3,compound_optical_severe,122,6,0.017293797805905342,0.9748238921165466,0.007882325910031796,0.19216645861638498
DTSR14,mobilenetv3,compound_optical_severe,123,6,0.8047727942466736,0.16819866001605988,0.027028484269976616,0.8255411771805397
DTSR14,mobilenetv3,compound_optical_severe,124,7,0.00936224777251482,0.0210924930870533,0.969545304775238,0.22377705941719275
DTSR14,mobilenetv3,compound_optical_severe,125,7,0.003018493764102459,0.978541910648346,0.018439600244164467,0.1621250717403216
DTSR14,mobilenetv3,compound_optical_severe,126,7,0.9796127676963806,0.008547788485884666,0.011839441023766994,0.1636114199105133
DTSR14,mobilenetv3,compound_optical_severe,127,7,0.005309258587658405,0.9694478511810303,0.025242798030376434,0.21750892478562942
DTSR14,mobilenetv3,compound_optical_severe,128,7,0.0038062806706875563,0.979282796382904,0.01691087707877159,0.15970520350983147
DTSR14,mobilenetv3,compound_optical_severe,129,7,0.9782430529594421,0.0017392088193446398,0.020017726346850395,0.15994018531597842
DTSR14,mobilenetv3,compound_optical_severe,130,7,0.9789963960647583,0.0034013446420431137,0.017602229490876198,0.16045873527897772
DTSR14,mobilenetv3,compound_optical_severe,131,7,0.012270862236618996,0.9776268601417542,0.010102187283337116,0.17678604418359764
DTSR14,mobilenetv3,compound_optical_severe,132,7,0.007327222265303135,0.9853020310401917,0.0073707797564566135,0.12523094436016108
DTSR14,mobilenetv3,compound_optical_severe,133,7,0.010178648866713047,0.9813204407691956,0.008500916883349419,0.15253180787699283
DTSR14,mobilenetv3,compound_optical_severe,134,7,0.010410154238343239,0.9686658978462219,0.020923806354403496,0.2297773625882933
DTSR14,mobilenetv3,compound_optical_severe,135,7,0.007020850665867329,0.9866722822189331,0.006306909024715424,0.11542358035586364
DTSR14,mobilenetv3,compound_optical_severe,136,8,0.013854204677045345,0.9778114557266235,0.008334319107234478,0.17474566650125045
DTSR14,mobilenetv3,compound_optical_severe,137,8,0.9704824090003967,0.006323440931737423,0.023194242268800735,0.21409023467070382
DTSR14,mobilenetv3,compound_optical_severe,138,8,0.01778370328247547,0.01282705832272768,0.9693893194198608,0.22747484353036718
DTSR14,mobilenetv3,compound_optical_severe,139,8,0.010246244259178638,0.9669822454452515,0.022771621122956276,0.23881053470400665
DTSR14,mobilenetv3,compound_optical_severe,140,8,0.029303960502147675,0.3281623125076294,0.6425337791442871,1.086801724321624
DTSR14,mobilenetv3,compound_optical_severe,141,8,0.9769724607467651,0.00549148116260767,0.017535952851176262,0.17636606950698638
DTSR14,mobilenetv3,compound_optical_severe,142,8,0.7633353471755981,0.02252550609409809,0.2141391783952713,0.8967828121659565
DTSR14,mobilenetv3,compound_optical_severe,143,9,0.9684423208236694,0.005761269014328718,0.02579640783369541,0.22378196081513557
DTSR14,mobilenetv3,compound_optical_severe,144,9,0.00414680689573288,0.982689619064331,0.013163567520678043,0.13980994431303714
DTSR14,mobilenetv3,compound_optical_severe,145,9,0.01546704676002264,0.9609092473983765,0.023623859509825706,0.2759624442991102
DTSR14,mobilenetv3,compound_optical_severe,146,9,0.018434319645166397,0.012529979459941387,0.9690356850624084,0.22935213193714812
DTSR14,mobilenetv3,compound_optical_severe,147,9,0.008795849047601223,0.009323609992861748,0.9818806648254395,0.14885585620193575
DTSR14,mobilenetv3,compound_optical_severe,148,9,0.011184212751686573,0.2828470468521118,0.7059687376022339,0.9424460799222437
DTSR14,mobilenetv3,compound_optical_severe,149,9,0.03375009819865227,0.00884062796831131,0.9574092626571655,0.2854285191223923
DTSR14,mobilenetv3,compound_optical_severe,150,9,0.012765197083353996,0.011890900321304798,0.9753438234329224,0.19147349380400042
DTSR14,mobilenetv3,compound_optical_severe,151,9,0.02217460237443447,0.6962576508522034,0.28156778216362,1.0003398574864875
DTSR14,mobilenetv3,compound_optical_severe,152,9,0.030551638454198837,0.6450935006141663,0.3243548274040222,1.0885917170807256
DTSR14,mobilenetv3,compound_optical_severe,153,9,0.029491648077964783,0.9573023915290833,0.013205925934016705,0.2926278902528943
DTSR14,mobilenetv3,compound_optical_severe,154,9,0.01412211637943983,0.660400927066803,0.3254769742488861,1.0091683344731037
DTSR14,mobilenetv3,compound_optical_severe,155,9,0.02168435789644718,0.019596418365836143,0.9587191343307495,0.2893385812693943
DTSR14,mobilenetv3,compound_optical_severe,156,9,0.34626197814941406,0.6075248122215271,0.04621317610144615,1.1715850447810254
DTSR14,mobilenetv3,compound_optical_severe,157,9,0.03671829402446747,0.6806668043136597,0.28261497616767883,1.0680378523356988
DTSR14,mobilenetv3,compound_optical_severe,158,9,0.022189266979694366,0.46705731749534607,0.5107535123825073,1.1299639165870674
DTSR14,mobilenetv3,compound_optical_severe,159,9,0.7403913140296936,0.016893304884433746,0.2427152842283249,0.916306614805448
DTSR14,mobilenetv3,compound_optical_severe,160,9,0.5513020157814026,0.4298662543296814,0.018831755965948105,1.1051287454779248
DTSR14,mobilenetv3,compound_optical_severe,161,9,0.028532421216368675,0.2892782688140869,0.6821893453598022,1.0404639182308917
DTSR14,mobilenetv3,compound_optical_severe,162,9,0.0372222475707531,0.8212814927101135,0.14149633049964905,0.8091901334864945
DTSR14,mobilenetv3,compound_optical_severe,163,9,0.08731348067522049,0.09809566289186478,0.8145908713340759,0.8767249210153176
DTSR14,mobilenetv3,compound_optical_severe,164,9,0.9721393585205078,0.014852098189294338,0.01300861407071352,0.2113199255048111
DTSR14,mobilenetv3,compound_optical_severe,165,10,0.6086403727531433,0.35029399394989014,0.04106573015451431,1.155259374607297
DTSR14,mobilenetv3,compound_optical_severe,166,10,0.6448317766189575,0.33002302050590515,0.025145098567008972,1.069618422307793
DTSR14,mobilenetv3,compound_optical_severe,167,10,0.977683961391449,0.012335850857198238,0.009980099275708199,0.17638983256369725
DTSR14,mobilenetv3,compound_optical_severe,168,10,0.016686927527189255,0.9541527032852173,0.02916041389107704,0.3118559437217605
DTSR14,mobilenetv3,compound_optical_severe,169,10,0.3243943452835083,0.00942553672939539,0.6661800742149353,0.9806931223332604
DTSR14,mobilenetv3,compound_optical_severe,170,10,0.2984897792339325,0.6737037301063538,0.027806518599390984,1.0482416002309267
DTSR14,mobilenetv3,compound_optical_severe,171,10,0.3243497610092163,0.6546049118041992,0.02104533277451992,1.044258903298011
DTSR14,mobilenetv3,compound_optical_severe,172,10,0.619382381439209,0.35707688331604004,0.023540737107396126,1.0858852305764413
DTSR14,mobilenetv3,compound_optical_severe,173,11,0.616418719291687,0.2877764105796814,0.09580494463443756,1.271579965056922
DTSR14,mobilenetv3,compound_optical_severe,174,11,0.8746205568313599,0.027367528527975082,0.09801170229911804,0.6395416456864355
DTSR14,mobilenetv3,compound_optical_severe,175,11,0.03444024547934532,0.6647154092788696,0.30084428191185,1.0803522776612506
DTSR14,mobilenetv3,compound_optical_severe,176,11,0.039092209190130234,0.9457797408103943,0.015128015540540218,0.3503700687800398
DTSR14,mobilenetv3,compound_optical_severe,177,11,0.031238364055752754,0.9585285186767578,0.010232990607619286,0.2824275066827812
DTSR14,mobilenetv3,compound_optical_severe,178,11,0.6055821776390076,0.33434921503067017,0.06006860360503197,1.2103786761710496
DTSR14,mobilenetv3,compound_optical_severe,179,12,0.7787711024284363,0.2155948132276535,0.005634130910038948,0.8002629652181067
DTSR14,mobilenetv3,compound_optical_severe,180,12,0.012949069030582905,0.034345559775829315,0.9527052640914917,0.31484353135528154
DTSR14,mobilenetv3,compound_optical_severe,181,12,0.005204973742365837,0.9872065186500549,0.007588570471853018,0.1112613602692663
DTSR14,mobilenetv3,compound_optical_severe,182,12,0.9689145088195801,0.01138373464345932,0.019701683893799782,0.22926647320209792
DTSR14,mobilenetv3,compound_optical_severe,183,12,0.022172758355736732,0.9613165855407715,0.016510648652911186,0.2743061763154205
DTSR14,mobilenetv3,compound_optical_severe,184,12,0.8752679228782654,0.11162073910236359,0.013111366890370846,0.6033078180992728
DTSR14,mobilenetv3,compound_optical_severe,185,12,0.3483721911907196,0.17719751596450806,0.4744303226470947,1.4827239078115495
DTSR14,mobilenetv3,compound_optical_severe,186,12,0.019577831029891968,0.9718587398529053,0.008563480339944363,0.2099301237428569
DTSR14,mobilenetv3,compound_optical_severe,187,12,0.03183548152446747,0.15458139777183533,0.8135830163955688,0.8168529446515607
DTSR14,mobilenetv3,compound_optical_severe,188,12,0.024781478568911552,0.9594947099685669,0.015723787248134613,0.2836358215643896
DTSR14,mobilenetv3,compound_optical_severe,189,12,0.022517750039696693,0.5564351677894592,0.4210472106933594,1.119264541817384
DTSR14,mobilenetv3,compound_optical_severe,190,12,0.013058067299425602,0.8505966067314148,0.13634540140628815,0.6722506659085423
DTSR14,mobilenetv3,compound_optical_severe,191,12,0.027195727452635765,0.815540075302124,0.15726418793201447,0.801036946083804
DTSR14,mobilenetv3,compound_optical_severe,192,12,0.23787850141525269,0.7340912818908691,0.028030231595039368,0.9647436720219977
DTSR14,mobilenetv3,compound_optical_severe,193,12,0.9622763991355896,0.009028823114931583,0.028694704174995422,0.2617058681789066
DTSR14,mobilenetv3,compound_optical_severe,194,12,0.017749691382050514,0.07121417671442032,0.9110360741615295,0.4971411334776614
DTSR14,mobilenetv3,compound_optical_severe,195,12,0.9150180220603943,0.0745026245713234,0.010479431599378586,0.46528420949306276
DTSR14,mobilenetv3,compound_optical_severe,196,13,0.0028865200001746416,0.22840048372745514,0.7687129974365234,0.8026413311585875
DTSR14,mobilenetv3,compound_optical_severe,197,13,0.015515859238803387,0.98248690366745,0.0019971898291260004,0.13620593466702063
DTSR14,mobilenetv3,compound_optical_severe,198,13,0.04374770075082779,0.0003049078513868153,0.9559472799301147,0.2632002460592356
DTSR14,mobilenetv3,compound_optical_severe,199,13,0.05135690048336983,0.0020245499908924103,0.9466186165809631,0.31301297254878147
DTSR14,mobilenetv3,compound_digital_severe,0,0,0.05642824247479439,0.7600393891334534,0.18353240191936493,0.9837979310058109
DTSR14,mobilenetv3,compound_digital_severe,1,0,0.2093154489994049,0.4030900001525879,0.3875944912433624,1.5306377001038067
DTSR14,mobilenetv3,compound_digital_severe,2,0,0.19374607503414154,0.1522154062986374,0.6540386080741882,1.2727659543667724
DTSR14,mobilenetv3,compound_digital_severe,3,0,0.2590996325016022,0.47928953170776367,0.26161083579063416,1.5194637665307629
DTSR14,mobilenetv3,compound_digital_severe,4,0,0.6475040316581726,0.1901470571756363,0.1623488813638687,1.2871903919800305
DTSR14,mobilenetv3,compound_digital_severe,5,0,0.11458750814199448,0.5388621687889099,0.3465503752231598,1.3686402352512133
DTSR14,mobilenetv3,compound_digital_severe,6,0,0.23733511567115784,0.5475670099258423,0.21509785950183868,1.4451058247609252
DTSR14,mobilenetv3,compound_digital_severe,7,1,0.22296689450740814,0.3854685425758362,0.3915645182132721,1.5425466964216459
DTSR14,mobilenetv3,compound_digital_severe,8,1,0.2838423252105713,0.3118145167827606,0.40434321761131287,1.5681434810140544
DTSR14,mobilenetv3,compound_digital_severe,9,1,0.3419390916824341,0.43560799956321716,0.22245295345783234,1.534008826936867
DTSR14,mobilenetv3,compound_digital_severe,10,1,0.3902781009674072,0.21113741397857666,0.3985844552516937,1.5324507473135174
DTSR14,mobilenetv3,compound_digital_severe,11,1,0.4108360707759857,0.2325729876756668,0.3565909266471863,1.5471285572333502
DTSR14,mobilenetv3,compound_digital_severe,12,1,0.4197859764099121,0.1469247192144394,0.4332892894744873,1.4550116971761602
DTSR14,mobilenetv3,compound_digital_severe,13,1,0.38395726680755615,0.3832516074180603,0.23279111087322235,1.550053618742408
DTSR14,mobilenetv3,compound_digital_severe,14,2,0.27889344096183777,0.4594007432460785,0.26170584559440613,1.535443789025722
DTSR14,mobilenetv3,compound_digital_severe,15,2,0.214485764503479,0.50718092918396,0.27833330631256104,1.486686619518044
DTSR14,mobilenetv3,compound_digital_severe,16,2,0.34500521421432495,0.46062126755714417,0.19437351822853088,1.5041477408391528
DTSR14,mobilenetv3,compound_digital_severe,17,2,0.37672170996665955,0.44448354840278625,0.1787947416305542,1.4946006224288302
DTSR14,mobilenetv3,compound_digital_severe,18,2,0.45877739787101746,0.12364239245653152,0.41758018732070923,1.4147010532990045
DTSR14,mobilenetv3,compound_digital_severe,19,2,0.2632623016834259,0.4911693036556244,0.2455683797597885,1.508161749153304
DTSR14,mobilenetv3,compound_digital_severe,20,2,0.4505264163017273,0.3773839771747589,0.17208963632583618,1.4857057804551594
DTSR14,mobilenetv3,compound_digital_severe,21,2,0.5386896133422852,0.050221119076013565,0.4110891819000244,1.2247110188624997
DTSR14,mobilenetv3,compound_digital_severe,22,2,0.522573709487915,0.15068453550338745,0.3267418146133423,1.427999383090727
DTSR14,mobilenetv3,compound_digital_severe,23,2,0.08004240691661835,0.3685244619846344,0.5514331459999084,1.2958777169471294
DTSR14,mobilenetv3,compound_digital_severe,24,2,0.6373774409294128,0.16784459352493286,0.19477792084217072,1.3060167654333024
DTSR14,mobilenetv3,compound_digital_severe,25,2,0.28448665142059326,0.5678391456604004,0.14767424762248993,1.3870540596863323
DTSR14,mobilenetv3,compound_digital_severe,26,2,0.2831669747829437,0.4764419496059418,0.2403910905122757,1.5194322844194939
DTSR14,mobilenetv3,compound_digital_severe,27,2,0.47410717606544495,0.08614563196897507,0.439747154712677,1.3363941155592904
DTSR14,mobilenetv3,compound_digital_severe,28,2,0.44152718782424927,0.22946499288082123,0.3290077745914459,1.5357176044794123
DTSR14,mobilenetv3,compound_digital_severe,29,2,0.38662204146385193,0.13082125782966614,0.48255670070648193,1.4212112305745097
DTSR14,mobilenetv3,compound_digital_severe,30,2,0.5526535511016846,0.06197463348507881,0.38537177443504333,1.2516246886131175
DTSR14,mobilenetv3,compound_digital_severe,31,2,0.6583624482154846,0.09933383017778397,0.24230380356311798,1.2234987861134328
DTSR14,mobilenetv3,compound_digital_severe,32,2,0.2892668545246124,0.4472167193889618,0.263516366481781,1.5438637503137151
DTSR14,mobilenetv3,compound_digital_severe,33,2,0.35346782207489014,0.2873742878437042,0.359157919883728,1.5778981789954447
DTSR14,mobilenetv3,compound_digital_severe,34,2,0.3899475932121277,0.43214455246925354,0.17790792882442474,1.496007908866717
DTSR14,mobilenetv3,compound_digital_severe,35,2,0.31217268109321594,0.41314104199409485,0.274686336517334,1.5632509403780477
DTSR14,mobilenetv3,compound_digital_severe,36,2,0.12643179297447205,0.4185192286968231,0.4550490379333496,1.4200364893640458
DTSR14,mobilenetv3,compound_digital_severe,37,2,0.5363597869873047,0.2550700902938843,0.20857006311416626,1.4564524503775176
DTSR14,mobilenetv3,compound_digital_severe,38,2,0.2347419559955597,0.45095986127853394,0.31429824233055115,1.5337449476491052
DTSR14,mobilenetv3,compound_digital_severe,39,3,0.274846613407135,0.3596380054950714,0.3655153512954712,1.5734526020269501
DTSR14,mobilenetv3,compound_digital_severe,40,3,0.1116621345281601,0.41293632984161377,0.4754016101360321,1.3900759964668308
DTSR14,mobilenetv3,compound_digital_severe,41,3,0.49430128931999207,0.3075508773326874,0.19814780354499817,1.4883961773540677
DTSR14,mobilenetv3,compound_digital_severe,42,4,0.2314768135547638,0.11868863552808762,0.6498345136642456,1.2577022838792313
DTSR14,mobilenetv3,compound_digital_severe,43,4,0.21349817514419556,0.4984228312969208,0.28807905316352844,1.4935408008012152
DTSR14,mobilenetv3,compound_digital_severe,44,4,0.06255985796451569,0.3330399990081787,0.6044002175331116,1.2174827382232771
DTSR14,mobilenetv3,compound_digital_severe,45,4,0.13453549146652222,0.6750580072402954,0.19040654599666595,1.2276527787162357
DTSR14,mobilenetv3,compound_digital_severe,46,4,0.237498477101326,0.5475881695747375,0.2149132639169693,1.4450538608763197
DTSR14,mobilenetv3,compound_digital_severe,47,4,0.4922204315662384,0.38047486543655396,0.12730467319488525,1.4123450801721822
DTSR14,mobilenetv3,compound_digital_severe,48,4,0.20736823976039886,0.24056918919086456,0.5520626902580261,1.4383255323094075
DTSR14,mobilenetv3,compound_digital_severe,49,4,0.36854279041290283,0.4459376633167267,0.18551956117153168,1.5011714530980633
DTSR14,mobilenetv3,compound_digital_severe,50,4,0.3861742913722992,0.38006410002708435,0.23376163840293884,1.5507144773505814
DTSR14,mobilenetv3,compound_digital_severe,51,4,0.5987608432769775,0.22253689169883728,0.17870217561721802,1.3694485678909656
DTSR14,mobilenetv3,compound_digital_severe,52,5,0.5349846482276917,0.1512984186410904,0.31371694803237915,1.4196842761552646
DTSR14,mobilenetv3,compound_digital_severe,53,5,0.11129793524742126,0.5214401483535767,0.36726173758506775,1.3731280908091104
DTSR14,mobilenetv3,compound_digital_severe,54,5,0.37993133068084717,0.007206268608570099,0.6128624081611633,1.0146442239339808
DTSR14,mobilenetv3,compound_digital_severe,55,5,0.09435778856277466,0.49154162406921387,0.4141005575656891,1.3517103125748406
DTSR14,mobilenetv3,compound_digital_severe,56,5,0.20978567004203796,0.4035320580005646,0.38668227195739746,1.5310279943974245
DTSR14,mobilenetv3,compound_digital_severe,57,5,0.500812828540802,0.2163076549768448,0.28287947177886963,1.4927619657674238
DTSR14,mobilenetv3,compound_digital_severe,58,5,0.10933287441730499,0.3650568425655365,0.5256103873252869,1.367575928104294
DTSR14,mobilenetv3,compound_digital_severe,59,5,0.18709950149059296,0.2020678073167801,0.6108328104019165,1.3530119185921492
DTSR14,mobilenetv3,compound_digital_severe,60,5,0.10532726347446442,0.16287477314472198,0.731797993183136,1.098098121202395
DTSR14,mobilenetv3,compound_digital_severe,61,5,0.10476495325565338,0.5608754754066467,0.3343595266342163,1.3373595895030777
DTSR14,mobilenetv3,compound_digital_severe,62,5,0.04524553567171097,0.6352638602256775,0.31949058175086975,1.1438271582048922
DTSR14,mobilenetv3,compound_digital_severe,63,5,0.3800896406173706,0.2873270809650421,0.3325832486152649,1.5756302835854803
DTSR14,mobilenetv3,compound_digital_severe,64,5,0.14827144145965576,0.4735180735588074,0.37821054458618164,1.4495170028472883
DTSR14,mobilenetv3,compound_digital_severe,65,5,0.31915807723999023,0.33684980869293213,0.34399205446243286,1.584251424117257
DTSR14,mobilenetv3,compound_digital_severe,66,5,0.4107752740383148,0.2985756993293762,0.2906491160392761,1.5660535881376703
DTSR14,mobilenetv3,compound_digital_severe,67,5,0.185227170586586,0.2781484127044678,0.5366243124008179,1.4459689895562753
DTSR14,mobilenetv3,compound_digital_severe,68,5,0.4779931604862213,0.3402908742427826,0.18171599507331848,1.4853052140513456
DTSR14,mobilenetv3,compound_digital_severe,69,5,0.5292636156082153,0.13552439212799072,0.33521199226379395,1.405181300745449
DTSR14,mobilenetv3,compound_digital_severe,70,5,0.5372778177261353,0.26210659742355347,0.20061556994915009,1.452796825181805
DTSR14,mobilenetv3,compound_digital_severe,71,5,0.10509146749973297,0.4275195300579071,0.4673890769481659,1.3785572461729523
DTSR14,mobilenetv3,compound_digital_severe,72,5,0.5558744072914124,0.2536512613296509,0.19047434628009796,1.428593982805318
DTSR14,mobilenetv3,compound_digital_severe,73,5,0.08746079355478287,0.4767654836177826,0.43577367067337036,1.3391474980770735
DTSR14,mobilenetv3,compound_digital_severe,74,5,0.33729153871536255,0.11339917778968811,0.5493093729019165,1.3597554796828912
DTSR14,mobilenetv3,compound_digital_severe,75,5,0.34345296025276184,0.2797359526157379,0.37681111693382263,1.5742399831329648
DTSR14,mobilenetv3,compound_digital_severe,76,5,0.2377890795469284,0.5122085809707642,0.250002384185791,1.4871407265686512
DTSR14,mobilenetv3,compound_digital_severe,77,5,0.386578768491745,0.2586873769760132,0.35473400354385376,1.565084661701568
DTSR14,mobilenetv3,compound_digital_severe,78,5,0.1511344015598297,0.5512102246284485,0.2976554036140442,1.4060623417800653
DTSR14,mobilenetv3,compound_digital_severe,79,5,0.16024598479270935,0.5875238180160522,0.2522302567958832,1.3753365317510307
DTSR14,mobilenetv3,compound_digital_severe,80,5,0.5354041457176208,0.26277926564216614,0.20181652903556824,1.4551891138726223
DTSR14,mobilenetv3,compound_digital_severe,81,5,0.4714477062225342,0.16535083949565887,0.3632014989852905,1.471452071546567
DTSR14,mobilenetv3,compound_digital_severe,82,5,0.6149446964263916,0.1913178414106369,0.19373734295368195,1.3465785257244884
DTSR14,mobilenetv3,compound_digital_severe,83,5,0.44802483916282654,0.36330875754356384,0.18866638839244843,1.5036144411855314
DTSR14,mobilenetv3,compound_digital_severe,84,5,0.086698018014431,0.46188944578170776,0.45141249895095825,1.3385664143365725
DTSR14,mobilenetv3,compound_digital_severe,85,5,0.282115638256073,0.3461437225341797,0.37174052000045776,1.5755434020039565
DTSR14,mobilenetv3,compound_digital_severe,86,5,0.3258724510669708,0.42865368723869324,0.24547390639781952,1.5484204682103582
DTSR14,mobilenetv3,compound_digital_severe,87,5,0.6355965733528137,0.11646723747253418,0.24793627858161926,1.275683081562639
DTSR14,mobilenetv3,compound_digital_severe,88,5,0.660283625125885,0.023976333439350128,0.31574007868766785,1.0495881955276136
DTSR14,mobilenetv3,compound_digital_severe,89,5,0.08172964304685593,0.5238347053527832,0.3944355845451355,1.313317694197306
DTSR14,mobilenetv3,compound_digital_severe,90,5,0.5266531705856323,0.22076570987701416,0.2525811493396759,1.469752399701783
DTSR14,mobilenetv3,compound_digital_severe,91,5,0.1748255491256714,0.4277086555957794,0.3974657952785492,1.4930001533792359
DTSR14,mobilenetv3,compound_digital_severe,92,5,0.3587397634983063,0.40931615233421326,0.23194411396980286,1.5470366971068255
DTSR14,mobilenetv3,compound_digital_severe,93,5,0.1423044204711914,0.4306493103504181,0.42704617977142334,1.4479268913212664
DTSR14,mobilenetv3,compound_digital_severe,94,5,0.4353579580783844,0.3420723080635071,0.22256967425346375,1.5341683723765005
DTSR14,mobilenetv3,compound_digital_severe,95,5,0.14204081892967224,0.33988675475120544,0.5180723667144775,1.4206279918387632
DTSR14,mobilenetv3,compound_digital_severe,96,5,0.557876467704773,0.258025586605072,0.18409794569015503,1.4234777447570592
DTSR14,mobilenetv3,compound_digital_severe,97,5,0.637315571308136,0.2197222262620926,0.14296211302280426,1.2957652564412276
DTSR14,mobilenetv3,compound_digital_severe,98,5,0.06733988225460052,0.7359068393707275,0.19675323367118835,1.0491749597011297
DTSR14,mobilenetv3,compound_digital_severe,99,5,0.5313124656677246,0.08627252280712128,0.3824149966239929,1.3200506401655858
DTSR14,mobilenetv3,compound_digital_severe,100,5,0.25108858942985535,0.30542173981666565,0.44348955154418945,1.54344380443644
DTSR14,mobilenetv3,compound_digital_severe,101,5,0.42050668597221375,0.41295185685157776,0.16654151678085327,1.483140822607124
DTSR14,mobilenetv3,compound_digital_severe,102,5,0.219342440366745,0.3633134067058563,0.4173441529273987,1.5369228736990905
DTSR14,mobilenetv3,compound_digital_severe,103,5,0.5394089818000793,0.18578173220157623,0.2748093605041504,1.44361368461465
DTSR14,mobilenetv3,compound_digital_severe,104,5,0.5510637760162354,0.2792808711528778,0.1696554273366928,1.4218928181852117
DTSR14,mobilenetv3,compound_digital_severe,105,5,0.19600607454776764,0.47275736927986145,0.3312365412712097,1.499798574934237
DTSR14,mobilenetv3,compound_digital_severe,106,5,0.26572248339653015,0.33150017261505127,0.4027773439884186,1.5645381558139997
DTSR14,mobilenetv3,compound_digital_severe,107,5,0.37488853931427,0.12454444915056229,0.5005669593811035,1.404680034755333
DTSR14,mobilenetv3,compound_digital_severe,108,5,0.14479319751262665,0.4011230170726776,0.4540838897228241,1.4494948427596097
DTSR14,mobilenetv3,compound_digital_severe,109,5,0.4399700462818146,0.2696775197982788,0.29035240411758423,1.5490563382184166
DTSR14,mobilenetv3,compound_digital_severe,110,5,0.5496320724487305,0.22667276859283447,0.22369518876075745,1.4432343249528108
DTSR14,mobilenetv3,compound_digital_severe,111,5,0.2949320375919342,0.23100443184375763,0.47406357526779175,1.518375529139841
DTSR14,mobilenetv3,compound_digital_severe,112,5,0.38415759801864624,0.30924850702285767,0.3065939247608185,1.576759705252909
DTSR14,mobilenetv3,compound_digital_severe,113,5,0.11926957964897156,0.5072493553161621,0.37348106503486633,1.3932754448571816
DTSR14,mobilenetv3,compound_digital_severe,114,5,0.6804352402687073,0.07893005013465881,0.24063466489315033,1.1616288591240127
DTSR14,mobilenetv3,compound_digital_severe,115,5,0.05675984174013138,0.47543302178382874,0.4678070545196533,1.2576417968436278
DTSR14,mobilenetv3,compound_digital_severe,116,5,0.11206501722335815,0.5083932876586914,0.37954169511795044,1.380512808257617
DTSR14,mobilenetv3,compound_digital_severe,117,5,0.5052754878997803,0.20729032158851624,0.2874341607093811,1.4852374995882203
DTSR14,mobilenetv3,compound_digital_severe,118,6,0.4149152636528015,0.44551408290863037,0.13957057893276215,1.442757419216676
DTSR14,mobilenetv3,compound_digital_severe,119,6,0.0692565068602562,0.3507547378540039,0.5799887776374817,1.252738268091297
DTSR14,mobilenetv3,compound_digital_severe,120,6,0.3804902732372284,0.33791130781173706,0.28159835934638977,1.5741997330181638
DTSR14,mobilenetv3,compound_digital_severe,121,6,0.22320501506328583,0.4153954088687897,0.36139947175979614,1.540062104393654
DTSR14,mobilenetv3,compound_digital_severe,122,6,0.24915215373039246,0.3506035804748535,0.40024420619010925,1.5584103041882553
DTSR14,mobilenetv3,compound_digital_severe,123,6,0.0547628216445446,0.4318449795246124,0.5133921504020691,1.2464505217274975
DTSR14,mobilenetv3,compound_digital_severe,124,7,0.5552241206169128,0.2348991483449936,0.20987673103809357,1.4349423224893205
DTSR14,mobilenetv3,compound_digital_severe,125,7,0.4793776273727417,0.4196440279483795,0.10097842663526535,1.3682459906565116
DTSR14,mobilenetv3,compound_digital_severe,126,7,0.5456995368003845,0.1564420759677887,0.297858327627182,1.415978106934829
DTSR14,mobilenetv3,compound_digital_severe,127,7,0.38641658425331116,0.3004915118217468,0.313091903924942,1.5758448135343037
DTSR14,mobilenetv3,compound_digital_severe,128,7,0.31294968724250793,0.38307952880859375,0.3039708137512207,1.5770141959595083
DTSR14,mobilenetv3,compound_digital_severe,129,7,0.31057649850845337,0.3767246603965759,0.3126988112926483,1.5789659928384923
DTSR14,mobilenetv3,compound_digital_severe,130,7,0.6174978017807007,0.305875688791275,0.07662639766931534,1.2361808528892366
DTSR14,mobilenetv3,compound_digital_severe,131,7,0.19901202619075775,0.5541766881942749,0.24681131541728973,1.4336338322942395
DTSR14,mobilenetv3,compound_digital_severe,132,7,0.3079826533794403,0.48810938000679016,0.2039080262184143,1.4961121148338354
DTSR14,mobilenetv3,compound_digital_severe,133,7,0.14636078476905823,0.5833644270896912,0.2702747583389282,1.3694981978532619
DTSR14,mobilenetv3,compound_digital_severe,134,7,0.018359215930104256,0.6830180287361145,0.29862260818481445,1.0022267197033667
DTSR14,mobilenetv3,compound_digital_severe,135,7,0.5724594593048096,0.3847998082637787,0.04274071380496025,1.1852694831105721
DTSR14,mobilenetv3,compound_digital_severe,136,8,0.46968573331832886,0.25412067770957947,0.27619364857673645,1.5269982044390997
DTSR14,mobilenetv3,compound_digital_severe,137,8,0.5481019616127014,0.27091115713119507,0.18098700046539307,1.432217075131333
DTSR14,mobilenetv3,compound_digital_severe,138,8,0.5319570899009705,0.33878761529922485,0.12925541400909424,1.3949662365527926
DTSR14,mobilenetv3,compound_digital_severe,139,8,0.42973655462265015,0.1476106345653534,0.4226529002189636,1.4561753554424337
DTSR14,mobilenetv3,compound_digital_severe,140,8,0.2461119145154953,0.6474031209945679,0.10648497194051743,1.2479644047702174
DTSR14,mobilenetv3,compound_digital_severe,141,8,0.25540754199028015,0.48862946033477783,0.25596296787261963,1.5109970090301619
DTSR14,mobilenetv3,compound_digital_severe,142,8,0.3226049840450287,0.3706129789352417,0.3067820370197296,1.5802416356381883
DTSR14,mobilenetv3,compound_digital_severe,143,9,0.2350900024175644,0.4331154525279999,0.3317945599555969,1.5419795496687054
DTSR14,mobilenetv3,compound_digital_severe,144,9,0.3214295506477356,0.4521355628967285,0.2264348268508911,1.5293021020235817
DTSR14,mobilenetv3,compound_digital_severe,145,9,0.266683965921402,0.5727890133857727,0.16052702069282532,1.392639956425136
DTSR14,mobilenetv3,compound_digital_severe,146,9,0.14676472544670105,0.4549698829650879,0.39826539158821106,1.4521993429297813
DTSR14,mobilenetv3,compound_digital_severe,147,9,0.30334722995758057,0.384093701839447,0.3125591576099396,1.5766889548239245
DTSR14,mobilenetv3,compound_digital_severe,148,9,0.07901275902986526,0.36812421679496765,0.5528629422187805,1.2927655654089953
DTSR14,mobilenetv3,compound_digital_severe,149,9,0.3679145574569702,0.27062487602233887,0.3614605963230133,1.571693790421148
DTSR14,mobilenetv3,compound_digital_severe,150,9,0.17507652938365936,0.09853538125753403,0.726388156414032,1.1045583097507448
DTSR14,mobilenetv3,compound_digital_severe,151,9,0.05252431705594063,0.681319534778595,0.26615622639656067,1.1087167407946357
DTSR14,mobilenetv3,compound_digital_severe,152,9,0.20640739798545837,0.4015786647796631,0.3920139968395233,1.528068689649138
DTSR14,mobilenetv3,compound_digital_severe,153,9,0.3075350224971771,0.23632457852363586,0.456140398979187,1.5315567687404201
DTSR14,mobilenetv3,compound_digital_severe,154,9,0.5951185822486877,0.12120106816291809,0.28368040919303894,1.3302303413405565
DTSR14,mobilenetv3,compound_digital_severe,155,9,0.3872210681438446,0.16695517301559448,0.4458238184452057,1.4807604343189278
DTSR14,mobilenetv3,compound_digital_severe,156,9,0.25368037819862366,0.5293455123901367,0.21697421371936798,1.4661012445745094
DTSR14,mobilenetv3,compound_digital_severe,157,9,0.4686932861804962,0.2837202847003937,0.24758625030517578,1.5267027364601187
DTSR14,mobilenetv3,compound_digital_severe,158,9,0.10311759263277054,0.7274109721183777,0.16947142779827118,1.105975245779598
DTSR14,mobilenetv3,compound_digital_severe,159,9,0.05148879811167717,0.7004821300506592,0.24802915751934052,1.0789952764733264
DTSR14,mobilenetv3,compound_digital_severe,160,9,0.569949209690094,0.19101160764694214,0.23903924226760864,1.4120093626644032
DTSR14,mobilenetv3,compound_digital_severe,161,9,0.11459849029779434,0.5082916617393494,0.3771098256111145,1.384962092472541
DTSR14,mobilenetv3,compound_digital_severe,162,9,0.08726165443658829,0.33697232604026794,0.5757659673690796,1.2944071030885302
DTSR14,mobilenetv3,compound_digital_severe,163,9,0.06422460824251175,0.42841044068336487,0.5073649883270264,1.2749559093127152
DTSR14,mobilenetv3,compound_digital_severe,164,9,0.36578911542892456,0.5328097939491272,0.10140111297369003,1.3494961237713001
DTSR14,mobilenetv3,compound_digital_severe,165,10,0.4131150245666504,0.3312590420246124,0.25562584400177,1.5579416000506403
DTSR14,mobilenetv3,compound_digital_severe,166,10,0.32050085067749023,0.4229501783847809,0.25654885172843933,1.5547286313093829
DTSR14,mobilenetv3,compound_digital_severe,167,10,0.5305843353271484,0.16910341382026672,0.3003122806549072,1.4399039357127688
DTSR14,mobilenetv3,compound_digital_severe,168,10,0.5338831543922424,0.20908257365226746,0.2570343017578125,1.4592369683669402
DTSR14,mobilenetv3,compound_digital_severe,169,10,0.1296524852514267,0.2743610441684723,0.595986545085907,1.3390315410776221
DTSR14,mobilenetv3,compound_digital_severe,170,10,0.30845433473587036,0.4162341058254242,0.27531155943870544,1.562066064578709
DTSR14,mobilenetv3,compound_digital_severe,171,10,0.40688207745552063,0.3363324999809265,0.2567853629589081,1.560233155754602
DTSR14,mobilenetv3,compound_digital_severe,172,10,0.5424295663833618,0.23159776628017426,0.22597265243530273,1.4523198116182932
DTSR14,mobilenetv3,compound_digital_severe,173,11,0.03035961464047432,0.38226157426834106,0.5873787999153137,1.1342952299486977
DTSR14,mobilenetv3,compound_digital_severe,174,11,0.5136006474494934,0.33596763014793396,0.1504317820072174,1.4334979988419856
DTSR14,mobilenetv3,compound_digital_severe,175,11,0.08790524303913116,0.3784014582633972,0.533693253993988,1.322368169167727
DTSR14,mobilenetv3,compound_digital_severe,176,11,0.2520059645175934,0.39156320691108704,0.3564309775829315,1.5612453224615561
DTSR14,mobilenetv3,compound_digital_severe,177,11,0.0281926728785038,0.54091477394104,0.4308925271034241,1.148048491764501
DTSR14,mobilenetv3,compound_digital_severe,178,11,0.055379919707775116,0.6091301441192627,0.3354898691177368,1.1954369098681423
DTSR14,mobilenetv3,compound_digital_severe,179,12,0.35160908102989197,0.217617467045784,0.43077340722084045,1.532387692441618
DTSR14,mobilenetv3,compound_digital_severe,180,12,0.37522515654563904,0.260872483253479,0.3639022409915924,1.5670625128271265
DTSR14,mobilenetv3,compound_digital_severe,181,12,0.4038030505180359,0.14765821397304535,0.44853875041007996,1.454596117638054
DTSR14,mobilenetv3,compound_digital_severe,182,12,0.5188198685646057,0.26362600922584534,0.21755404770374298,1.476970923586586
DTSR14,mobilenetv3,compound_digital_severe,183,12,0.485831081867218,0.333497554063797,0.1806713342666626,1.4803223553617755
DTSR14,mobilenetv3,compound_digital_severe,184,12,0.38849079608917236,0.0531480647623539,0.5583612322807312,1.2243709965467549
DTSR14,mobilenetv3,compound_digital_severe,185,12,0.38527530431747437,0.5829675793647766,0.031757112592458725,1.14204916851621
DTSR14,mobilenetv3,compound_digital_severe,186,12,0.22634702920913696,0.3384125828742981,0.43524041771888733,1.536477040794426
DTSR14,mobilenetv3,compound_digital_severe,187,12,0.2988244593143463,0.23361259698867798,0.4675629138946533,1.5236231256082897
DTSR14,mobilenetv3,compound_digital_severe,188,12,0.3353446125984192,0.30327028036117554,0.36138513684272766,1.5812792901756476
DTSR14,mobilenetv3,compound_digital_severe,189,12,0.4214656949043274,0.21498234570026398,0.36355191469192505,1.5328318805335273
DTSR14,mobilenetv3,compound_digital_severe,190,12,0.09426835179328918,0.7516518235206604,0.15407989919185638,1.0465040921826736
DTSR14,mobilenetv3,compound_digital_severe,191,12,0.5701749920845032,0.2352784126996994,0.19454652070999146,1.412780217429367
DTSR14,mobilenetv3,compound_digital_severe,192,12,0.2576465606689453,0.5982410907745361,0.14411234855651855,1.3502670990131678
DTSR14,mobilenetv3,compound_digital_severe,193,12,0.5961110591888428,0.3013730049133301,0.10251598060131073,1.3032705071880415
DTSR14,mobilenetv3,compound_digital_severe,194,12,0.056431181728839874,0.7771084308624268,0.16646040976047516,0.9473534536815835
DTSR14,mobilenetv3,compound_digital_severe,195,12,0.5597442984580994,0.06968200206756592,0.3705736994743347,1.2671120963868292
DTSR14,mobilenetv3,compound_digital_severe,196,13,0.19665050506591797,0.34370723366737366,0.4596421718597412,1.5064166481264059
DTSR14,mobilenetv3,compound_digital_severe,197,13,0.18726986646652222,0.41705796122550964,0.39567211270332336,1.5080493361195089
DTSR14,mobilenetv3,compound_digital_severe,198,13,0.2437344789505005,0.5000854730606079,0.2561799883842468,1.4996909546472654
DTSR14,mobilenetv3,compound_digital_severe,199,13,0.032581012696027756,0.5994356274604797,0.3679834306240082,1.1342596064780075
DTSR14,mobilenetv3,compound_field_severe,0,0,0.008125171065330505,0.40100911259651184,0.5908658504486084,1.033588565628816
DTSR14,mobilenetv3,compound_field_severe,1,0,0.1995067596435547,0.2198486030101776,0.5806446671485901,1.3997957697317878
DTSR14,mobilenetv3,compound_field_severe,2,0,0.011921699158847332,0.8251945972442627,0.1628836840391159,0.7313650706685274
DTSR14,mobilenetv3,compound_field_severe,3,0,0.32732462882995605,0.6244871020317078,0.04818814620375633,1.1624058728874749
DTSR14,mobilenetv3,compound_field_severe,4,0,0.6740087270736694,0.05672645941376686,0.2692648470401764,1.1281495399349528
DTSR14,mobilenetv3,compound_field_severe,5,0,0.505227267742157,0.41636496782302856,0.07840786129236221,1.3119459560058193
DTSR14,mobilenetv3,compound_field_severe,6,0,0.5862665772438049,0.32719552516937256,0.08653786778450012,1.2845325958604907
DTSR14,mobilenetv3,compound_field_severe,7,1,0.25199833512306213,0.34463977813720703,0.40336188673973083,1.5591029048576919
DTSR14,mobilenetv3,compound_field_severe,8,1,0.45578065514564514,0.1638631671667099,0.38035619258880615,1.4746941901495003
DTSR14,mobilenetv3,compound_field_severe,9,1,0.3068627417087555,0.4780034124851227,0.21513386070728302,1.5089118802460233
DTSR14,mobilenetv3,compound_field_severe,10,1,0.6131163239479065,0.1411486566066742,0.24573495984077454,1.328992119167974
DTSR14,mobilenetv3,compound_field_severe,11,1,0.5441796779632568,0.24158765375614166,0.2142326384782791,1.4489962080144336
DTSR14,mobilenetv3,compound_field_severe,12,1,0.46759578585624695,0.24427677690982819,0.28812748193740845,1.5267641074129041
DTSR14,mobilenetv3,compound_field_severe,13,1,0.12629389762878418,0.36512723565101624,0.5085789561271667,1.4038248848767427
DTSR14,mobilenetv3,compound_field_severe,14,2,0.26768845319747925,0.3097588121891022,0.4225527346134186,1.5578576508315525
DTSR14,mobilenetv3,compound_field_severe,15,2,0.13405755162239075,0.5369315147399902,0.329010933637619,1.39803785819183
DTSR14,mobilenetv3,compound_field_severe,16,2,0.35405898094177246,0.3382698595523834,0.3076711893081665,1.582535972894387
DTSR14,mobilenetv3,compound_field_severe,17,2,0.39955711364746094,0.35012999176979065,0.2503128945827484,1.5591083846947371
DTSR14,mobilenetv3,compound_field_severe,18,2,0.26499542593955994,0.507742702960968,0.2272619754076004,1.489995882788599
DTSR14,mobilenetv3,compound_field_severe,19,2,0.5029794573783875,0.35757094621658325,0.13944964110851288,1.4255372533479027
DTSR14,mobilenetv3,compound_field_severe,20,2,0.46910515427589417,0.1764395385980606,0.35445520281791687,1.4842355897162935
DTSR14,mobilenetv3,compound_field_severe,21,2,0.5704912543296814,0.13155514001846313,0.2979535460472107,1.3673820517757775
DTSR14,mobilenetv3,compound_field_severe,22,2,0.2733359634876251,0.28665050864219666,0.44001343846321106,1.5493503507748985
DTSR14,mobilenetv3,compound_field_severe,23,2,0.2988205850124359,0.3232198655605316,0.3779594898223877,1.5779380763073538
DTSR14,mobilenetv3,compound_field_severe,24,2,0.2563331425189972,0.4170987904071808,0.326568067073822,1.5568597382089138
DTSR14,mobilenetv3,compound_field_severe,25,2,0.4157637357711792,0.31996530294418335,0.2642710208892822,1.5598286751541135
DTSR14,mobilenetv3,compound_field_severe,26,2,0.21946150064468384,0.4468400478363037,0.33369848132133484,1.527849445195577
DTSR14,mobilenetv3,compound_field_severe,27,2,0.35928836464881897,0.34649860858917236,0.29421305656433105,1.5797212697026932
DTSR14,mobilenetv3,compound_field_severe,28,2,0.3421540856361389,0.3195822536945343,0.3382636308670044,1.5843282964672416
DTSR14,mobilenetv3,compound_field_severe,29,2,0.3172966241836548,0.522270143032074,0.16043317317962646,1.438446094175094
DTSR14,mobilenetv3,compound_field_severe,30,2,0.22303549945354462,0.5541622638702393,0.22280216217041016,1.4373565232337102
DTSR14,mobilenetv3,compound_field_severe,31,2,0.7689786553382874,0.11656634509563446,0.11445494741201401,1.0107948072218491
DTSR14,mobilenetv3,compound_field_severe,32,2,0.48244401812553406,0.3141649067401886,0.20339107513427734,1.4994308771230827
DTSR14,mobilenetv3,compound_field_severe,33,2,0.419660359621048,0.32682880759239197,0.25351080298423767,1.5549354920042777
DTSR14,mobilenetv3,compound_field_severe,34,2,0.2450711727142334,0.42654871940612793,0.3283800780773163,1.5490665468475213
DTSR14,mobilenetv3,compound_field_severe,35,2,0.32135385274887085,0.35136449337005615,0.3272816836833954,1.5838771927554718
DTSR14,mobilenetv3,compound_field_severe,36,2,0.3444238603115082,0.2878827750682831,0.36769339442253113,1.5775391947997746
DTSR14,mobilenetv3,compound_field_severe,37,2,0.3357747495174408,0.30414819717407227,0.36007699370384216,1.5815421139464219
DTSR14,mobilenetv3,compound_field_severe,38,2,0.3984971046447754,0.19922202825546265,0.40228089690208435,1.5211344888307314
DTSR14,mobilenetv3,compound_field_severe,39,3,0.17983131110668182,0.3790189325809479,0.44114986062049866,1.4964781559643758
DTSR14,mobilenetv3,compound_field_severe,40,3,0.22544324398040771,0.4129399359226227,0.3616166114807129,1.5420847458057971
DTSR14,mobilenetv3,compound_field_severe,41,3,0.17803043127059937,0.41559240221977234,0.4063771069049835,1.4976444054103617
DTSR14,mobilenetv3,compound_field_severe,42,4,0.46955081820487976,0.11108742654323578,0.41936182975769043,1.390054645627177
DTSR14,mobilenetv3,compound_field_severe,43,4,0.0614655464887619,0.406463086605072,0.5320714116096497,1.2596069316889174
DTSR14,mobilenetv3,compound_field_severe,44,4,0.07450753450393677,0.4610559344291687,0.46443650126457214,1.3080076445788085
DTSR14,mobilenetv3,compound_field_severe,45,4,0.5238625407218933,0.44239360094070435,0.03374388813972473,1.1741283127641207
DTSR14,mobilenetv3,compound_field_severe,46,4,0.8289088606834412,0.16866129636764526,0.00242980127222836,0.6785887328050668
DTSR14,mobilenetv3,compound_field_severe,47,4,0.2813660502433777,0.2244434505701065,0.494190514087677,1.5010814004221444
DTSR14,mobilenetv3,compound_field_severe,48,4,0.3671354651451111,0.32822883129119873,0.30463576316833496,1.5806771416866308
DTSR14,mobilenetv3,compound_field_severe,49,4,0.11899197101593018,0.46182769536972046,0.41918033361434937,1.4059746197639311
DTSR14,mobilenetv3,compound_field_severe,50,4,0.3363599479198456,0.40062910318374634,0.2630109190940857,1.5641970709981765
DTSR14,mobilenetv3,compound_field_severe,51,4,0.15582990646362305,0.5647206902503967,0.27944934368133545,1.3974820961141399
DTSR14,mobilenetv3,compound_field_severe,52,5,0.14074929058551788,0.6703965663909912,0.1888541579246521,1.2390415761496856
DTSR14,mobilenetv3,compound_field_severe,53,5,0.29415538907051086,0.47577542066574097,0.2300691306591034,1.5168650828587753
DTSR14,mobilenetv3,compound_field_severe,54,5,0.2988261878490448,0.45119670033454895,0.24997703731060028,1.53877937828995
DTSR14,mobilenetv3,compound_field_severe,55,5,0.2949328124523163,0.19182586669921875,0.5132412910461426,1.4703781748493674
DTSR14,mobilenetv3,compound_field_severe,56,5,0.24939478933811188,0.522179901599884,0.22842535376548767,1.4757361586850797
DTSR14,mobilenetv3,compound_field_severe,57,5,0.271833598613739,0.42377907037734985,0.3043874502182007,1.5580650046264761
DTSR14,mobilenetv3,compound_field_severe,58,5,0.1310970038175583,0.4883060157299042,0.3805970251560211,1.4196861057303964
DTSR14,mobilenetv3,compound_field_severe,59,5,0.25078532099723816,0.49934953451156616,0.24986512959003448,1.5006480172323278
DTSR14,mobilenetv3,compound_field_severe,60,5,0.2818073034286499,0.14104367792606354,0.577148973941803,1.3711530435529795
DTSR14,mobilenetv3,compound_field_severe,61,5,0.22450566291809082,0.501008152961731,0.274486243724823,1.495371664510573
DTSR14,mobilenetv3,compound_field_severe,62,5,0.41246581077575684,0.17339639365673065,0.4141377806663513,1.4920167954279797
DTSR14,mobilenetv3,compound_field_severe,63,5,0.4107212424278259,0.3573291599750519,0.23194973170757294,1.5467653851099883
DTSR14,mobilenetv3,compound_field_severe,64,5,0.43305227160453796,0.30053386092185974,0.26641392707824707,1.5524943996519465
DTSR14,mobilenetv3,compound_field_severe,65,5,0.2716336250305176,0.24388615787029266,0.48448023200035095,1.513746834962753
DTSR14,mobilenetv3,compound_field_severe,66,5,0.34294697642326355,0.16914154589176178,0.48791155219078064,1.4682570626169396
DTSR14,mobilenetv3,compound_field_severe,67,5,0.3018505871295929,0.6562573909759521,0.04189208522439003,1.1121591259248587
DTSR14,mobilenetv3,compound_field_severe,68,5,0.37971231341362,0.3221254348754883,0.2981622815132141,1.5774583193894287
DTSR14,mobilenetv3,compound_field_severe,69,5,0.26807665824890137,0.44427230954170227,0.28765106201171875,1.5462508076831578
DTSR14,mobilenetv3,compound_field_severe,70,5,0.2716555893421173,0.13276062905788422,0.5955837965011597,1.3427706660831304
DTSR14,mobilenetv3,compound_field_severe,71,5,0.2402205914258957,0.066795714199543,0.6929836273193359,1.1217098058359478
DTSR14,mobilenetv3,compound_field_severe,72,5,0.3283608853816986,0.533409059047699,0.13822996616363525,1.4058209226065574
DTSR14,mobilenetv3,compound_field_severe,73,5,0.26317042112350464,0.5476130843162537,0.18921644985675812,1.4370756774922193
DTSR14,mobilenetv3,compound_field_severe,74,5,0.19447797536849976,0.48454850912094116,0.32097357511520386,1.4921394084771173
DTSR14,mobilenetv3,compound_field_severe,75,5,0.3690238893032074,0.1179838627576828,0.512992262840271,1.3885264192266642
DTSR14,mobilenetv3,compound_field_severe,76,5,0.19308415055274963,0.5049176812171936,0.30199816823005676,1.4775867378996925
DTSR14,mobilenetv3,compound_field_severe,77,5,0.2013816386461258,0.24471765756607056,0.5539007186889648,1.4346585337415831
DTSR14,mobilenetv3,compound_field_severe,78,5,0.2593614161014557,0.18547487258911133,0.5551636219024658,1.4271442503107852
DTSR14,mobilenetv3,compound_field_severe,79,5,0.29262036085128784,0.4939005672931671,0.21347908675670624,1.497028158799166
DTSR14,mobilenetv3,compound_field_severe,80,5,0.4075357913970947,0.23512299358844757,0.3573412299156189,1.5493346697597215
DTSR14,mobilenetv3,compound_field_severe,81,5,0.3010890483856201,0.260239839553833,0.43867117166519165,1.5483026249921208
DTSR14,mobilenetv3,compound_field_severe,82,5,0.399970680475235,0.3874969780445099,0.21253247559070587,1.533620634075911
DTSR14,mobilenetv3,compound_field_severe,83,5,0.41553595662117004,0.33046284317970276,0.25400128960609436,1.5565438150385087
DTSR14,mobilenetv3,compound_field_severe,84,5,0.42747244238853455,0.35341644287109375,0.21911108493804932,1.5343562205499284
DTSR14,mobilenetv3,compound_field_severe,85,5,0.5190768241882324,0.2767808437347412,0.20414228737354279,1.4719283277417796
DTSR14,mobilenetv3,compound_field_severe,86,5,0.25923386216163635,0.5378825664520264,0.2028835117816925,1.453003656728383
DTSR14,mobilenetv3,compound_field_severe,87,5,0.416767418384552,0.24530029296875,0.3379322588443756,1.5524924671669957
DTSR14,mobilenetv3,compound_field_severe,88,5,0.11539675295352936,0.3103327751159668,0.5742704272270203,1.3429048739900122
DTSR14,mobilenetv3,compound_field_severe,89,5,0.35774150490760803,0.29537203907966614,0.34688639640808105,1.580067257073805
DTSR14,mobilenetv3,compound_field_severe,90,5,0.42270222306251526,0.2424626648426056,0.33483514189720154,1.5492806461974737
DTSR14,mobilenetv3,compound_field_severe,91,5,0.25254371762275696,0.301342248916626,0.4461140036582947,1.542386102665934
DTSR14,mobilenetv3,compound_field_severe,92,5,0.5334015488624573,0.2388274222612381,0.22777117788791656,1.4631880251838683
DTSR14,mobilenetv3,compound_field_severe,93,5,0.1353645771741867,0.21429917216300964,0.6503362059593201,1.2704659986930649
DTSR14,mobilenetv3,compound_field_severe,94,5,0.5919189453125,0.20441554486751556,0.20366546511650085,1.3835618812132688
DTSR14,mobilenetv3,compound_field_severe,95,5,0.22488515079021454,0.17011599242687225,0.6049988865852356,1.3574567209043322
DTSR14,mobilenetv3,compound_field_severe,96,5,0.6442665457725525,0.2629070580005646,0.0928264707326889,1.2336914373504142
DTSR14,mobilenetv3,compound_field_severe,97,5,0.46185508370399475,0.522134006023407,0.01601092703640461,1.0997386437151104
DTSR14,mobilenetv3,compound_field_severe,98,5,0.4029265344142914,0.29684028029441833,0.30023324489593506,1.56969635375231
DTSR14,mobilenetv3,compound_field_severe,99,5,0.30547285079956055,0.22454404830932617,0.46998313069343567,1.51846681867161
DTSR14,mobilenetv3,compound_field_severe,100,5,0.13033664226531982,0.14708267152309418,0.7225806713104248,1.1286002752591298
DTSR14,mobilenetv3,compound_field_severe,101,5,0.18695542216300964,0.2724757790565491,0.5405687689781189,1.4431266844308255
DTSR14,mobilenetv3,compound_field_severe,102,5,0.09029553830623627,0.5201517939567566,0.3895528018474579,1.3335885272758456
DTSR14,mobilenetv3,compound_field_severe,103,5,0.3824090361595154,0.20475740730762482,0.412833571434021,1.5257442152542113
DTSR14,mobilenetv3,compound_field_severe,104,5,0.44391554594039917,0.3460572063922882,0.2100273221731186,1.5227407621302027
DTSR14,mobilenetv3,compound_field_severe,105,5,0.7034401297569275,0.17863374948501587,0.11792613565921783,1.16457683937161
DTSR14,mobilenetv3,compound_field_severe,106,5,0.5347336530685425,0.3350304663181305,0.13023599982261658,1.394476103050245
DTSR14,mobilenetv3,compound_field_severe,107,5,0.6197753548622131,0.27505844831466675,0.10516611486673355,1.2816811345827945
DTSR14,mobilenetv3,compound_field_severe,108,5,0.38093194365501404,0.3398909866809845,0.27917706966400146,1.5734635181842624
DTSR14,mobilenetv3,compound_field_severe,109,5,0.28605297207832336,0.3541177809238434,0.359829306602478,1.5774819446931496
DTSR14,mobilenetv3,compound_field_severe,110,5,0.3029639422893524,0.42934930324554443,0.26768672466278076,1.5546257631603986
DTSR14,mobilenetv3,compound_field_severe,111,5,0.37142425775527954,0.4049975275993347,0.22357821464538574,1.5420218512676496
DTSR14,mobilenetv3,compound_field_severe,112,5,0.3853105306625366,0.27385714650154114,0.34083232283592224,1.571121487829046
DTSR14,mobilenetv3,compound_field_severe,113,5,0.4156154990196228,0.23452319204807281,0.3498612344264984,1.5472107143582066
DTSR14,mobilenetv3,compound_field_severe,114,5,0.2479940950870514,0.37385135889053345,0.3781546354293823,1.560071461193121
DTSR14,mobilenetv3,compound_field_severe,115,5,0.38149407505989075,0.29230421781539917,0.3262016177177429,1.5762555638799662
DTSR14,mobilenetv3,compound_field_severe,116,5,0.3200998604297638,0.4366196095943451,0.24328048527240753,1.5441788523594904
DTSR14,mobilenetv3,compound_field_severe,117,5,0.40241146087646484,0.2556709051132202,0.34191763401031494,1.560921855951066
DTSR14,mobilenetv3,compound_field_severe,118,6,0.24301345646381378,0.43275928497314453,0.32422730326652527,1.5457388785269985
DTSR14,mobilenetv3,compound_field_severe,119,6,0.4851299524307251,0.13414208590984344,0.3807281255722046,1.425444575158123
DTSR14,mobilenetv3,compound_field_severe,120,6,0.09914814680814743,0.4840937852859497,0.4167580008506775,1.3635072923064284
DTSR14,mobilenetv3,compound_field_severe,121,6,0.18597422540187836,0.3846922218799591,0.42933353781700134,1.5052324060639994
DTSR14,mobilenetv3,compound_field_severe,122,6,0.05864022299647331,0.4506838619709015,0.4906759262084961,1.262157135586616
DTSR14,mobilenetv3,compound_field_severe,123,6,0.705190122127533,0.06254289299249649,0.23226682841777802,1.0946536910720082
DTSR14,mobilenetv3,compound_field_severe,124,7,0.5062228441238403,0.33544206619262695,0.15833501517772675,1.4468053102627
DTSR14,mobilenetv3,compound_field_severe,125,7,0.3025783598423004,0.4764994978904724,0.22092215716838837,1.5126810943451716
DTSR14,mobilenetv3,compound_field_severe,126,7,0.4472307562828064,0.4431547224521637,0.10961458086967468,1.3891242680561933
DTSR14,mobilenetv3,compound_field_severe,127,7,0.5475287437438965,0.22986258566379547,0.22260862588882446,1.445859438162303
DTSR14,mobilenetv3,compound_field_severe,128,7,0.3817100524902344,0.39600539207458496,0.2222847193479538,1.5418431401151758
DTSR14,mobilenetv3,compound_field_severe,129,7,0.17555436491966248,0.46797141432762146,0.35647422075271606,1.4837896392964838
DTSR14,mobilenetv3,compound_field_severe,130,7,0.07785380631685257,0.46651768684387207,0.45562851428985596,1.3166248612944214
DTSR14,mobilenetv3,compound_field_severe,131,7,0.3799121081829071,0.09052636474370956,0.5295615196228027,1.3298544051439984
DTSR14,mobilenetv3,compound_field_severe,132,7,0.004987380467355251,0.6372748613357544,0.35773783922195435,0.9829118564967633
DTSR14,mobilenetv3,compound_field_severe,133,7,0.12067800015211105,0.36688005924224854,0.5124419331550598,1.3931666684028978
DTSR14,mobilenetv3,compound_field_severe,134,7,0.27108973264694214,0.3100964426994324,0.41881391406059265,1.5601936361164086
DTSR14,mobilenetv3,compound_field_severe,135,7,0.2765580713748932,0.3949797451496124,0.3284622132778168,1.569742360981452
DTSR14,mobilenetv3,compound_field_severe,136,8,0.0822988972067833,0.7196106910705566,0.19809037446975708,1.100822392893389
DTSR14,mobilenetv3,compound_field_severe,137,8,0.21676914393901825,0.3445982038974762,0.4386327564716339,1.5292913316314007
DTSR14,mobilenetv3,compound_field_severe,138,8,0.3059311807155609,0.45646098256111145,0.23760776221752167,1.5318507935974386
DTSR14,mobilenetv3,compound_field_severe,139,8,0.6516275405883789,0.17023345828056335,0.17813906073570251,1.2808492300209329
DTSR14,mobilenetv3,compound_field_severe,140,8,0.03205562010407448,0.7525230050086975,0.21542128920555115,0.944888182105993
DTSR14,mobilenetv3,compound_field_severe,141,8,0.45291656255722046,0.2582342028617859,0.28884923458099365,1.539440992580821
DTSR14,mobilenetv3,compound_field_severe,142,8,0.4472131133079529,0.3709706664085388,0.1818161904811859,1.4970855645716759
DTSR14,mobilenetv3,compound_field_severe,143,9,0.25877729058265686,0.49552154541015625,0.24570122361183167,1.5041760970244624
DTSR14,mobilenetv3,compound_field_severe,144,9,0.19210147857666016,0.5122272968292236,0.29567116498947144,1.471356579937529
DTSR14,mobilenetv3,compound_field_severe,145,9,0.4970669150352478,0.3739330470561981,0.1290000081062317,1.4130902741339009
DTSR14,mobilenetv3,compound_field_severe,146,9,0.5417289137840271,0.33232343196868896,0.12594780325889587,1.3837275620723992
DTSR14,mobilenetv3,compound_field_severe,147,9,0.22820062935352325,0.5188224911689758,0.25297680497169495,1.4792343091827296
DTSR14,mobilenetv3,compound_field_severe,148,9,0.2780083417892456,0.6000077128410339,0.12198387831449509,1.3258497440839514
DTSR14,mobilenetv3,compound_field_severe,149,9,0.4362089931964874,0.28646764159202576,0.2773233950138092,1.551910466831294
DTSR14,mobilenetv3,compound_field_severe,150,9,0.6038177013397217,0.06974878162145615,0.3264334797859192,1.234656133416744
DTSR14,mobilenetv3,compound_field_severe,151,9,0.2503708600997925,0.35639679431915283,0.3932322859764099,1.5601883545320856
DTSR14,mobilenetv3,compound_field_severe,152,9,0.4710933268070221,0.32121026515960693,0.20769640803337097,1.5087831453509903
DTSR14,mobilenetv3,compound_field_severe,153,9,0.4379350244998932,0.25241944193840027,0.3096456825733185,1.5467114137526257
DTSR14,mobilenetv3,compound_field_severe,154,9,0.42254340648651123,0.2206016182899475,0.35685497522354126,1.5366645760719466
DTSR14,mobilenetv3,compound_field_severe,155,9,0.35154685378074646,0.3262932598590851,0.32215988636016846,1.5838760860239849
DTSR14,mobilenetv3,compound_field_severe,156,9,0.14983351528644562,0.3847340941429138,0.4654323160648346,1.4540562323526989
DTSR14,mobilenetv3,compound_field_severe,157,9,0.4251224994659424,0.3445291221141815,0.23034848272800446,1.5421709771094467
DTSR14,mobilenetv3,compound_field_severe,158,9,0.411011666059494,0.30850765109062195,0.28048059344291687,1.5650545475498214
DTSR14,mobilenetv3,compound_field_severe,159,9,0.44311174750328064,0.3680655360221863,0.18882261216640472,1.505163934581025
DTSR14,mobilenetv3,compound_field_severe,160,9,0.132663294672966,0.5572020411491394,0.31013473868370056,1.380556427053925
DTSR14,mobilenetv3,compound_field_severe,161,9,0.2672198712825775,0.5005755424499512,0.23220466077327728,1.497651209635655
DTSR14,mobilenetv3,compound_field_severe,162,9,0.21651585400104523,0.5243263840675354,0.25915780663490295,1.471204305016642
DTSR14,mobilenetv3,compound_field_severe,163,9,0.1416545808315277,0.5380468964576721,0.3202984929084778,1.4066155905920739
DTSR14,mobilenetv3,compound_field_severe,164,9,0.22565768659114838,0.37017861008644104,0.4041637182235718,1.5436305553321121
DTSR14,mobilenetv3,compound_field_severe,165,10,0.08795570582151413,0.6773998737335205,0.23464439809322357,1.1798599108003383
DTSR14,mobilenetv3,compound_field_severe,166,10,0.6710420250892639,0.1439797580242157,0.18497803807258606,1.239120492780166
DTSR14,mobilenetv3,compound_field_severe,167,10,0.304242342710495,0.4896894693374634,0.20606832206249237,1.4962945774808467
DTSR14,mobilenetv3,compound_field_severe,168,10,0.021514661610126495,0.5357262492179871,0.44275912642478943,1.1219666127980776
DTSR14,mobilenetv3,compound_field_severe,169,10,0.6871460676193237,0.18152818083763123,0.1313258707523346,1.2034583303386204
DTSR14,mobilenetv3,compound_field_severe,170,10,0.6958727836608887,0.16667740046977997,0.13744992017745972,1.1883757120081593
DTSR14,mobilenetv3,compound_field_severe,171,10,0.23808489739894867,0.626379668712616,0.1355356127023697,1.3064650764789352
DTSR14,mobilenetv3,compound_field_severe,172,10,0.1972276270389557,0.6872536540031433,0.11551854014396667,1.1934851510442206
DTSR14,mobilenetv3,compound_field_severe,173,11,0.14470236003398895,0.6305319666862488,0.2247655689716339,1.3071157544125513
DTSR14,mobilenetv3,compound_field_severe,174,11,0.13891996443271637,0.5564748644828796,0.3046052157878876,1.3885545004362694
DTSR14,mobilenetv3,compound_field_severe,175,11,0.6485781073570251,0.17343291640281677,0.1779889464378357,1.2867107667472184
DTSR14,mobilenetv3,compound_field_severe,176,11,0.7590163946151733,0.016938956454396248,0.22404465079307556,0.8851151501904069
DTSR14,mobilenetv3,compound_field_severe,177,11,0.7473224997520447,0.21554574370384216,0.037131763994693756,0.9676473567379972
DTSR14,mobilenetv3,compound_field_severe,178,11,0.8366427421569824,0.12834030389785767,0.03501696512103081,0.7647550629437653
DTSR14,mobilenetv3,compound_field_severe,179,12,0.5801123976707458,0.1823662668466568,0.23752138018608093,1.3960478610827884
DTSR14,mobilenetv3,compound_field_severe,180,12,0.3620574474334717,0.3568977415561676,0.2810448110103607,1.5757990133769333
DTSR14,mobilenetv3,compound_field_severe,181,12,0.3715797960758209,0.2877540588378906,0.3406660556793213,1.577080089857548
DTSR14,mobilenetv3,compound_field_severe,182,12,0.29174816608428955,0.2968730628490448,0.41137877106666565,1.5658078238514552
DTSR14,mobilenetv3,compound_field_severe,183,12,0.26137128472328186,0.4472842514514923,0.29134440422058105,1.543509394675849
DTSR14,mobilenetv3,compound_field_severe,184,12,0.28701478242874146,0.19970129430294037,0.513283908367157,1.474846685105399
DTSR14,mobilenetv3,compound_field_severe,185,12,0.3499578833580017,0.5378509759902954,0.11219122260808945,1.3653964114081838
DTSR14,mobilenetv3,compound_field_severe,186,12,0.246120885014534,0.43363168835639954,0.3202474117279053,1.5466028670661922
DTSR14,mobilenetv3,compound_field_severe,187,12,0.2730180025100708,0.4647362530231476,0.26224568486213684,1.5315162743731132
DTSR14,mobilenetv3,compound_field_severe,188,12,0.2603408992290497,0.5145776271820068,0.2250814139842987,1.4829599911151004
DTSR14,mobilenetv3,compound_field_severe,189,12,0.3994932770729065,0.3039523959159851,0.2965543568134308,1.5710943902896841
DTSR14,mobilenetv3,compound_field_severe,190,12,0.4391126334667206,0.30932047963142395,0.2515668272972107,1.545866507861774
DTSR14,mobilenetv3,compound_field_severe,191,12,0.4748525023460388,0.23591294884681702,0.28923457860946655,1.5194098496487585
DTSR14,mobilenetv3,compound_field_severe,192,12,0.690531849861145,0.13989682495594025,0.16957136988639832,1.199971070909629
DTSR14,mobilenetv3,compound_field_severe,193,12,0.37233731150627136,0.23224687576293945,0.3954158425331116,1.5491602149725727
DTSR14,mobilenetv3,compound_field_severe,194,12,0.2274198979139328,0.48928892612457275,0.2832912504673004,1.5059621375991576
DTSR14,mobilenetv3,compound_field_severe,195,12,0.19587834179401398,0.457345575094223,0.34677618741989136,1.5067274861492694
DTSR14,mobilenetv3,compound_field_severe,196,13,0.3873739242553711,0.005505813285708427,0.6071202754974365,1.0084193348688115
DTSR14,mobilenetv3,compound_field_severe,197,13,0.31040695309638977,0.6627476811408997,0.026845457032322884,1.0573257314974658
DTSR14,mobilenetv3,compound_field_severe,198,13,0.03722703084349632,0.556663453578949,0.4061095714569092,1.1751509183313815
DTSR14,mobilenetv3,compound_field_severe,199,13,0.0037577045150101185,0.44030067324638367,0.5559417009353638,1.0222204147499259
