dataset,backbone,condition,image_idx,label,cam_pct_c0,cam_pct_c1,cam_pct_c2,entropy
PCA11,dinov2_b,clean,0,0,0.11421463638544083,0.44321128726005554,0.44257402420043945,1.3982841724979913
PCA11,dinov2_b,clean,1,0,0.12651942670345306,0.3795586824417114,0.4939219057559967,1.4104633351670046
PCA11,dinov2_b,clean,2,0,0.389972448348999,0.4251122772693634,0.1849151849746704,1.5047040883986469
PCA11,dinov2_b,clean,3,0,0.28823867440223694,0.5413450002670288,0.17041629552841187,1.431637298649347
PCA11,dinov2_b,clean,4,0,0.11453641206026077,0.32202428579330444,0.5634394288063049,1.3508272971799498
PCA11,dinov2_b,clean,5,0,0.08727659285068512,0.6630351543426514,0.24968820810317993,1.1999633850046796
PCA11,dinov2_b,clean,6,0,0.2020137459039688,0.3650057315826416,0.43298056721687317,1.5197417125421473
PCA11,dinov2_b,clean,7,0,0.15815648436546326,0.3125649094581604,0.529278576374054,1.4310252357771482
PCA11,dinov2_b,clean,8,0,0.2027658075094223,0.1398812234401703,0.6573529243469238,1.2616038887730956
PCA11,dinov2_b,clean,9,0,0.2774753272533417,0.11397811770439148,0.6085465550422668,1.3063830095956095
PCA11,dinov2_b,clean,10,1,0.7219735383987427,0.07675164937973022,0.2012748420238495,1.0890772214598459
PCA11,dinov2_b,clean,11,1,0.5054410099983215,0.4183376431465149,0.07622145116329193,1.30656853619009
PCA11,dinov2_b,clean,12,1,0.13167226314544678,0.37116456031799316,0.49716323614120483,1.4170992294540876
PCA11,dinov2_b,clean,13,1,0.26824983954429626,0.4490177631378174,0.2827323377132416,1.5431948681436194
PCA11,dinov2_b,clean,14,1,0.14767670631408691,0.618941068649292,0.23338226974010468,1.325820806827588
PCA11,dinov2_b,clean,15,1,0.5247779488563538,0.4212771952152252,0.053944967687129974,1.2407948733474634
PCA11,dinov2_b,clean,16,1,0.4328819215297699,0.13333487510681152,0.43378323316574097,1.4331781119903755
PCA11,dinov2_b,clean,17,1,0.45610445737838745,0.4325961172580719,0.11129947006702423,1.3920750474522186
PCA11,dinov2_b,clean,18,1,0.3692863881587982,0.41956719756126404,0.21114642918109894,1.5302085775232634
PCA11,dinov2_b,clean,19,1,0.07181229442358017,0.3591630160808563,0.5690246224403381,1.2663131696652759
PCA11,dinov2_b,clean,20,1,0.4080730676651001,0.3041558563709259,0.28777116537094116,1.567077329113903
PCA11,dinov2_b,clean,21,1,0.07727785408496857,0.510779619216919,0.41194263100624084,1.3075847844922497
PCA11,dinov2_b,clean,22,1,0.15552152693271637,0.43149054050445557,0.4129880368709564,1.467673152232206
PCA11,dinov2_b,clean,23,1,0.5878390669822693,0.31010428071022034,0.10205669701099396,1.3104304868291192
PCA11,dinov2_b,clean,24,1,0.36148566007614136,0.36799532175064087,0.27051904797554016,1.5716474965621543
PCA11,dinov2_b,clean,25,1,0.048827022314071655,0.6807852387428284,0.2703877091407776,1.100544144999056
PCA11,dinov2_b,clean,26,1,0.48755478858947754,0.4229027032852173,0.08954247832298279,1.3420838698251607
PCA11,dinov2_b,clean,27,1,0.3874128758907318,0.5119439959526062,0.1006431058049202,1.3579092179988235
PCA11,dinov2_b,clean,28,1,0.04531368240714073,0.5182414650917053,0.4364449381828308,1.21577066699325
PCA11,dinov2_b,clean,29,1,0.13332867622375488,0.4081859588623047,0.45848530530929565,1.4310612946814476
PCA11,dinov2_b,clean,30,1,0.11127884685993195,0.44889190793037415,0.4398292601108551,1.3924158216248006
PCA11,dinov2_b,clean,31,1,0.671619713306427,0.06637510657310486,0.2620052993297577,1.1517214083329474
PCA11,dinov2_b,clean,32,1,0.04181869328022003,0.5291543006896973,0.4290269613265991,1.2011896098294454
PCA11,dinov2_b,clean,33,1,0.6033074259757996,0.31204965710639954,0.0846429169178009,1.2656606680333442
PCA11,dinov2_b,clean,34,2,0.3988954424858093,0.3015176057815552,0.2995869517326355,1.571400886067861
PCA11,dinov2_b,clean,35,2,0.09946396201848984,0.47361719608306885,0.4269188344478607,1.3660825282867646
PCA11,dinov2_b,clean,36,2,0.16524247825145721,0.44195255637168884,0.39280498027801514,1.4793739939161392
PCA11,dinov2_b,clean,37,2,0.19448493421077728,0.6292575001716614,0.17625758051872253,1.321336327023279
PCA11,dinov2_b,clean,38,2,0.449593722820282,0.35556572675704956,0.19484055042266846,1.5087087980208693
PCA11,dinov2_b,clean,39,2,0.2053351253271103,0.595201313495636,0.19946348667144775,1.3784257047759478
PCA11,dinov2_b,clean,40,2,0.10104844719171524,0.5258030295372009,0.3731486201286316,1.3524715510821534
PCA11,dinov2_b,clean,41,2,0.32778146862983704,0.28243163228034973,0.389786958694458,1.5724415694218425
PCA11,dinov2_b,clean,42,2,0.3909264802932739,0.21118919551372528,0.397884339094162,1.5325162327475539
PCA11,dinov2_b,clean,43,2,0.19964006543159485,0.43339675664901733,0.36696314811706543,1.5175852752066035
PCA11,dinov2_b,clean,44,2,0.22284477949142456,0.4812687635421753,0.2958865165710449,1.51027496593949
PCA11,dinov2_b,clean,45,2,0.10619226843118668,0.4568094313144684,0.4369983971118927,1.3818136962229568
PCA11,dinov2_b,clean,46,2,0.24865593016147614,0.4060521721839905,0.34529179334640503,1.5569366449591853
PCA11,dinov2_b,clean,47,2,0.3910559415817261,0.4705018997192383,0.13844209909439087,1.4364101248081114
PCA11,dinov2_b,clean,48,2,0.1582685112953186,0.5285384058952332,0.3131929934024811,1.4316960419083569
PCA11,dinov2_b,clean,49,2,0.15781214833259583,0.17178241908550262,0.670405387878418,1.2436789333117186
PCA11,dinov2_b,clean,50,3,0.4045044481754303,0.26459550857543945,0.33090007305145264,1.5636837102235934
PCA11,dinov2_b,clean,51,3,0.40250885486602783,0.27549028396606445,0.3220009207725525,1.567276120984586
PCA11,dinov2_b,clean,52,3,0.49293145537376404,0.4674956202507019,0.03957302123308182,1.2002720509177662
PCA11,dinov2_b,clean,53,3,0.35867932438850403,0.3516762852668762,0.28964436054229736,1.5785672398789592
PCA11,dinov2_b,clean,54,3,0.4496314227581024,0.36885255575180054,0.18151597678661346,1.4961060690603594
PCA11,dinov2_b,clean,55,3,0.42423152923583984,0.07650883495807648,0.49925974011421204,1.308846025194017
PCA11,dinov2_b,clean,56,3,0.22548721730709076,0.41282737255096436,0.36168548464775085,1.5421362159838097
PCA11,dinov2_b,clean,57,3,0.3104727268218994,0.4421754777431488,0.24735179543495178,1.5429918286860673
PCA11,dinov2_b,clean,58,3,0.30709412693977356,0.2754623293876648,0.4174436032772064,1.5615609601720744
PCA11,dinov2_b,clean,59,3,0.6065264344215393,0.21092332899570465,0.18255020678043365,1.3590010172393616
PCA11,dinov2_b,clean,60,3,0.47613534331321716,0.16199006140232086,0.361874520778656,1.4657860726149707
PCA11,dinov2_b,clean,61,3,0.20928436517715454,0.6605455875396729,0.1301700323820114,1.2503262763210516
PCA11,dinov2_b,clean,62,3,0.07811690121889114,0.7569431066513062,0.16493988037109375,1.0202696632436896
PCA11,dinov2_b,clean,63,3,0.5082790851593018,0.3348383605480194,0.15688258409500122,1.4439949698939438
PCA11,dinov2_b,clean,64,3,0.3851841986179352,0.4038114547729492,0.21100443601608276,1.5320765931987694
PCA11,dinov2_b,clean,65,3,0.3104645013809204,0.36978065967559814,0.31975480914115906,1.5806240726548926
PCA11,dinov2_b,clean,66,3,0.31962111592292786,0.4092370569705963,0.27114179730415344,1.5639880739037353
PCA11,dinov2_b,clean,67,4,0.3496161997318268,0.16853412985801697,0.4818497896194458,1.4705717881186433
PCA11,dinov2_b,clean,68,4,0.3047215938568115,0.16423241794109344,0.5310459733009338,1.4353400024192633
PCA11,dinov2_b,clean,69,4,0.3444899916648865,0.4403899312019348,0.2151201218366623,1.5275627009922303
PCA11,dinov2_b,clean,70,4,0.5925678014755249,0.3288593590259552,0.07857280224561691,1.2633471335549835
PCA11,dinov2_b,clean,71,4,0.523695170879364,0.20542068779468536,0.27088412642478943,1.4681734029687408
PCA11,dinov2_b,clean,72,4,0.3370024263858795,0.45643675327301025,0.20656080543994904,1.5152784970830155
PCA11,dinov2_b,clean,73,4,0.46962541341781616,0.4694538414478302,0.060920801013708115,1.270168528816495
PCA11,dinov2_b,clean,74,4,0.31697866320610046,0.3167060911655426,0.36631518602371216,1.5814854435849437
PCA11,dinov2_b,clean,75,4,0.39889106154441833,0.2806684970855713,0.32044047117233276,1.5695075497149071
PCA11,dinov2_b,clean,76,4,0.44610920548439026,0.2100648730993271,0.34382590651512146,1.5219614760831848
PCA11,dinov2_b,clean,77,4,0.40836301445961,0.2762875556945801,0.3153495490550995,1.5654081984811556
PCA11,dinov2_b,clean,78,4,0.25510722398757935,0.42126742005348206,0.323625385761261,1.5549065249061953
PCA11,dinov2_b,clean,79,4,0.39958804845809937,0.4955725073814392,0.10483941435813904,1.371873263256191
PCA11,dinov2_b,clean,80,4,0.4757799208164215,0.21895849704742432,0.3052615225315094,1.512230944605029
PCA11,dinov2_b,clean,81,4,0.30920514464378357,0.36340510845184326,0.3273896872997284,1.5816935671126418
PCA11,dinov2_b,clean,82,4,0.30755743384361267,0.27083733677864075,0.42160528898239136,1.558905764914587
PCA11,dinov2_b,clean,83,4,0.3576045036315918,0.336295485496521,0.3060999810695648,1.5820480541692876
PCA11,dinov2_b,clean,84,4,0.344685822725296,0.17638637125492096,0.4789278507232666,1.4798672943030677
PCA11,dinov2_b,clean,85,4,0.3640383183956146,0.3323785066604614,0.3035832643508911,1.5810051958206106
PCA11,dinov2_b,clean,86,4,0.39290136098861694,0.24821063876152039,0.3588879704475403,1.5591086384059187
PCA11,dinov2_b,clean,87,5,0.04476368799805641,0.5132326483726501,0.44200363755226135,1.2151239941060177
PCA11,dinov2_b,clean,88,5,0.14068889617919922,0.3589666783809662,0.5003443956375122,1.4284960995300642
PCA11,dinov2_b,clean,89,5,0.1610565185546875,0.6132454872131348,0.22569793462753296,1.3415974343945911
PCA11,dinov2_b,clean,90,5,0.18505696952342987,0.3894972801208496,0.4254457950592041,1.504814502620662
PCA11,dinov2_b,clean,91,5,0.09528191387653351,0.19355235993862152,0.7111658453941345,1.1314385207432438
PCA11,dinov2_b,clean,92,5,0.07451781630516052,0.17583604156970978,0.7496461272239685,1.031749139988567
PCA11,dinov2_b,clean,93,5,0.0627288967370987,0.5549740791320801,0.3822970986366272,1.2523749988554744
PCA11,dinov2_b,clean,94,5,0.1269940435886383,0.30071258544921875,0.5722934007644653,1.3601759281216375
PCA11,dinov2_b,clean,95,5,0.032741986215114594,0.43604665994644165,0.5312113761901855,1.168454854364849
PCA11,dinov2_b,clean,96,5,0.1674615889787674,0.4327119290828705,0.3998264968395233,1.483466043520108
PCA11,dinov2_b,clean,97,5,0.11926489323377609,0.3690364360809326,0.5116986632347107,1.3912362685984891
PCA11,dinov2_b,clean,98,5,0.05932726338505745,0.47534316778182983,0.46532970666885376,1.2653644173850913
PCA11,dinov2_b,clean,99,5,0.06015147641301155,0.5355205535888672,0.40432795882225037,1.2546411418726124
PCA11,dinov2_b,clean,100,5,0.06630569696426392,0.3566460907459259,0.577048122882843,1.247791906852536
PCA11,dinov2_b,clean,101,5,0.17150311172008514,0.37111932039260864,0.457377552986145,1.483138668700797
PCA11,dinov2_b,clean,102,5,0.0469035841524601,0.3788738250732422,0.5742225646972656,1.197103675172516
PCA11,dinov2_b,clean,103,5,0.0754169225692749,0.6299456357955933,0.29463738203048706,1.2206545625756737
PCA11,dinov2_b,clean,104,5,0.14208710193634033,0.21546314656734467,0.642449676990509,1.2872414873215468
PCA11,dinov2_b,clean,105,5,0.07508070766925812,0.4011622965335846,0.5237569808959961,1.297767208979802
PCA11,dinov2_b,clean,106,5,0.2971350848674774,0.4132690131664276,0.2895958721637726,1.564846254882366
PCA11,dinov2_b,clean,107,5,0.06428436189889908,0.683795154094696,0.2519204020500183,1.130554939468728
PCA11,dinov2_b,clean,108,5,0.14593717455863953,0.40787312388420105,0.44618964195251465,1.4524013983152486
PCA11,dinov2_b,clean,109,6,0.2106616050004959,0.19175519049167633,0.5975832343101501,1.3741225788262292
PCA11,dinov2_b,clean,110,6,0.37553539872169495,0.4764874279499054,0.14797715842723846,1.4481291846940354
PCA11,dinov2_b,clean,111,6,0.48868682980537415,0.40564921498298645,0.10566392540931702,1.3754634287941734
PCA11,dinov2_b,clean,112,6,0.6118066906929016,0.3405458331108093,0.047647397965192795,1.172157254218059
PCA11,dinov2_b,clean,113,6,0.37344449758529663,0.05125855654478073,0.575296938419342,1.2092439342659667
PCA11,dinov2_b,clean,114,6,0.5129313468933105,0.4486951529979706,0.038373418152332306,1.1933130350379793
PCA11,dinov2_b,clean,115,6,0.4185386896133423,0.48637187480926514,0.09508942067623138,1.3544724602803346
PCA11,dinov2_b,clean,116,6,0.18687506020069122,0.46886661648750305,0.3442583680152893,1.4941842087688615
PCA11,dinov2_b,clean,117,6,0.4585554003715515,0.42958465218544006,0.11185996234416962,1.3929590311115885
PCA11,dinov2_b,clean,118,6,0.4981887936592102,0.3701455295085907,0.13166573643684387,1.4166534888782392
PCA11,dinov2_b,clean,119,6,0.5061503648757935,0.4298471212387085,0.06400243192911148,1.27463792133926
PCA11,dinov2_b,clean,120,6,0.017881888896226883,0.5980843305587769,0.38403382897377014,1.0775711213836647
PCA11,dinov2_b,clean,121,6,0.2990114092826843,0.6350777745246887,0.06591086089611053,1.1953597872779762
PCA11,dinov2_b,clean,122,6,0.08877215534448624,0.46569061279296875,0.445537269115448,1.3432643862774007
PCA11,dinov2_b,clean,123,6,0.3641608953475952,0.3300732970237732,0.30576586723327637,1.581251566494176
PCA11,dinov2_b,clean,124,6,0.4613257050514221,0.45973095297813416,0.07894328981637955,1.3194995469117672
PCA11,dinov2_b,clean,125,6,0.08212103694677353,0.5436180830001831,0.37426093220710754,1.3048177026181111
PCA11,dinov2_b,clean,126,7,0.5269591808319092,0.08139040321111679,0.39165031909942627,1.3112397565514962
PCA11,dinov2_b,clean,127,7,0.09478535503149033,0.46838459372520447,0.4368301033973694,1.35666518436223
PCA11,dinov2_b,clean,128,7,0.45696184039115906,0.3714243769645691,0.17161378264427185,1.4833867497956639
PCA11,dinov2_b,clean,129,7,0.18870550394058228,0.4107576310634613,0.4005368649959564,1.5099572177762495
PCA11,dinov2_b,clean,130,7,0.6044538021087646,0.13121774792671204,0.2643284201622009,1.3308797455500017
PCA11,dinov2_b,clean,131,7,0.6306765675544739,0.022838089615106583,0.3464854061603546,1.0737626191090448
PCA11,dinov2_b,clean,132,7,0.5300931930541992,0.021106470376253128,0.4488001763820648,1.121626867727564
PCA11,dinov2_b,clean,133,7,0.43042540550231934,0.32124078273773193,0.24833376705646515,1.548811741519275
PCA11,dinov2_b,clean,134,7,0.31675225496292114,0.4307986795902252,0.25244903564453125,1.550087877898688
PCA11,dinov2_b,clean,135,7,0.4613683819770813,0.1213865727186203,0.4172450304031372,1.410347800709613
PCA11,dinov2_b,clean,136,7,0.07221866399049759,0.5163339376449585,0.4114473760128021,1.2933588804987908
PCA11,dinov2_b,clean,137,7,0.4882112443447113,0.43018198013305664,0.08160683512687683,1.3235623069233187
PCA11,dinov2_b,clean,138,7,0.3115200102329254,0.27994367480278015,0.40853631496429443,1.5659725989427593
PCA11,dinov2_b,clean,139,7,0.3311971127986908,0.24574600160121918,0.42305687069892883,1.5506296671592934
PCA11,dinov2_b,clean,140,7,0.17401525378227234,0.3563248813152313,0.4696598947048187,1.4815397205369445
PCA11,dinov2_b,clean,141,7,0.1727885603904724,0.3834182322025299,0.4437931776046753,1.488074218396861
PCA11,dinov2_b,clean,142,7,0.02650970034301281,0.1876469850540161,0.7858433723449707,0.8650295786973217
PCA11,dinov2_b,clean,143,7,0.6237221360206604,0.03971852734684944,0.3365592956542969,1.138379237303846
PCA11,dinov2_b,clean,144,7,0.3429190218448639,0.3707418739795685,0.28633913397789,1.5768234097998222
PCA11,dinov2_b,clean,145,7,0.4511469602584839,0.43576541543006897,0.11308764666318893,1.3958794677715625
PCA11,dinov2_b,clean,146,7,0.14535698294639587,0.5019844770431519,0.3526584804058075,1.4338237371886202
PCA11,dinov2_b,clean,147,7,0.41968467831611633,0.42817699909210205,0.15213844180107117,1.4629661568128856
PCA11,dinov2_b,clean,148,7,0.11931195855140686,0.5169717669487,0.3637162148952484,1.388731858592394
PCA11,dinov2_b,clean,149,7,0.5623167753219604,0.021735167130827904,0.41594812273979187,1.11348320725724
PCA11,dinov2_b,clean,150,7,0.39807409048080444,0.5029217600822449,0.09900420904159546,1.3580056983833777
PCA11,dinov2_b,clean,151,8,0.2906549572944641,0.4035177230834961,0.3058273494243622,1.5691750351158336
PCA11,dinov2_b,clean,152,8,0.4282286465167999,0.20057718455791473,0.37119418382644653,1.5195660466526988
PCA11,dinov2_b,clean,153,8,0.4371402859687805,0.12203093618154526,0.44082868099212646,1.4131285973524
PCA11,dinov2_b,clean,154,8,0.39693495631217957,0.4194822609424591,0.18358279764652252,1.5038204189123754
PCA11,dinov2_b,clean,155,8,0.2464202344417572,0.27380406856536865,0.4797755777835846,1.5180035833620953
PCA11,dinov2_b,clean,156,8,0.23413550853729248,0.5155642032623291,0.2503002882003784,1.4833475538685121
PCA11,dinov2_b,clean,157,8,0.32390332221984863,0.40485650300979614,0.2712401747703552,1.565498241916286
PCA11,dinov2_b,clean,158,8,0.1964324712753296,0.3984217345714569,0.4051457941532135,1.518262340602722
PCA11,dinov2_b,clean,159,8,0.5032609105110168,0.16405896842479706,0.3326801359653473,1.4545868926451657
PCA11,dinov2_b,clean,160,8,0.3031696081161499,0.2568517029285431,0.4399786591529846,1.5468349058335786
PCA11,dinov2_b,clean,161,8,0.5036775469779968,0.30505770444869995,0.1912647932767868,1.4772953815500278
PCA11,dinov2_b,clean,162,8,0.4626583755016327,0.5183023810386658,0.019039316102862358,1.1146946987441468
PCA11,dinov2_b,clean,163,8,0.2835777997970581,0.3616848886013031,0.354737251996994,1.5766537332438808
PCA11,dinov2_b,clean,164,8,0.07498501241207123,0.3058440685272217,0.6191709637641907,1.2311784826295482
PCA11,dinov2_b,clean,165,8,0.10275337100028992,0.3247128129005432,0.5725337862968445,1.3248869747589738
PCA11,dinov2_b,clean,166,8,0.472871869802475,0.15724049508571625,0.36988765001296997,1.4613258197621233
PCA11,dinov2_b,clean,167,8,0.2827379107475281,0.3214079737663269,0.39585408568382263,1.5708328862969183
PCA11,dinov2_b,clean,168,8,0.32962608337402344,0.41949987411499023,0.2508740723133087,1.5539899339205057
PCA11,dinov2_b,clean,169,8,0.41627436876296997,0.3003758192062378,0.283349871635437,1.5630452340959793
PCA11,dinov2_b,clean,170,8,0.44768235087394714,0.34302768111228943,0.20928998291492462,1.5208121918118593
PCA11,dinov2_b,clean,171,8,0.2595532536506653,0.2465619593858719,0.49388474225997925,1.5057667571557385
PCA11,dinov2_b,clean,172,8,0.37035471200942993,0.2663715183734894,0.36327382922172546,1.5697888457462703
PCA11,dinov2_b,clean,173,8,0.1902952343225479,0.6241330504417419,0.18557168543338776,1.3308946985523327
PCA11,dinov2_b,clean,174,8,0.13722403347492218,0.4732618033885956,0.38951414823532104,1.433825134195911
PCA11,dinov2_b,clean,175,8,0.4156975746154785,0.4185941815376282,0.1657082587480545,1.4820767728632276
PCA11,dinov2_b,clean,176,8,0.2424469292163849,0.2999277114868164,0.4576254189014435,1.5327847895366489
PCA11,dinov2_b,clean,177,8,0.31860849261283875,0.2659757435321808,0.41541576385498047,1.5604181973710949
PCA11,dinov2_b,clean,178,9,0.12067455798387527,0.3633851110935211,0.515940248966217,1.3914333932777532
PCA11,dinov2_b,clean,179,9,0.08736645430326462,0.6149469614028931,0.2976865768432617,1.2590087707813393
PCA11,dinov2_b,clean,180,9,0.3737328350543976,0.20928727090358734,0.4169798195362091,1.5291238356330268
PCA11,dinov2_b,clean,181,9,0.1514042466878891,0.39723291993141174,0.45136287808418274,1.45944666989969
PCA11,dinov2_b,clean,182,9,0.09353532642126083,0.4552740156650543,0.4511905908584595,1.354612885257228
PCA11,dinov2_b,clean,183,9,0.173300638794899,0.38445693254470825,0.44224244356155396,1.48898317958589
PCA11,dinov2_b,clean,184,9,0.1919965296983719,0.33033278584480286,0.47767072916030884,1.4941437170118603
PCA11,dinov2_b,clean,185,9,0.44122493267059326,0.3783109784126282,0.18046408891677856,1.497139789484844
PCA11,dinov2_b,clean,186,9,0.47236114740371704,0.25553369522094727,0.2721051573753357,1.5250580692663434
PCA11,dinov2_b,clean,187,9,0.17547667026519775,0.34679991006851196,0.4777233898639679,1.4795446621506823
PCA11,dinov2_b,clean,188,10,0.4006057679653168,0.26869189739227295,0.3307022154331207,1.5660621198130533
PCA11,dinov2_b,clean,189,10,0.10813915729522705,0.5025707483291626,0.38929012417793274,1.375731124475025
PCA11,dinov2_b,clean,190,10,0.4587995111942291,0.30758678913116455,0.23361369967460632,1.5289806924002107
PCA11,dinov2_b,clean,191,10,0.3403480052947998,0.29548561573028564,0.36416637897491455,1.5796357471842875
PCA11,dinov2_b,clean,192,10,0.5382477045059204,0.33502858877182007,0.12672367691993713,1.3872323037830236
PCA11,dinov2_b,clean,193,10,0.5737599730491638,0.1686950922012329,0.2575449049472809,1.3970261233230117
PCA11,dinov2_b,clean,194,10,0.42906516790390015,0.4493634104728699,0.12157141417264938,1.4119512581550053
PCA11,dinov2_b,clean,195,10,0.3996962606906891,0.3538316488265991,0.2464720904827118,1.5571514231592132
PCA11,dinov2_b,clean,196,10,0.1431226283311844,0.41531363129615784,0.4415636360645294,1.448655862306771
PCA11,dinov2_b,clean,197,10,0.04412507265806198,0.5068202614784241,0.44905465841293335,1.2142510996522045
PCA11,dinov2_b,clean,198,10,0.39689740538597107,0.33067530393600464,0.27242735028266907,1.5681449829552365
PCA11,dinov2_b,clean,199,10,0.4480435252189636,0.16831190884113312,0.38364461064338684,1.4819160067735162
PCA11,dinov2_b,gaussian_blur_4,0,0,0.27401697635650635,0.3928644359111786,0.33311858773231506,1.5696021073734516
PCA11,dinov2_b,gaussian_blur_4,1,0,0.3121102750301361,0.2982359826564789,0.3896537125110626,1.5746944727052885
PCA11,dinov2_b,gaussian_blur_4,2,0,0.38227057456970215,0.2581900656223297,0.35953933000564575,1.5653102597292405
PCA11,dinov2_b,gaussian_blur_4,3,0,0.3850484788417816,0.30116260051727295,0.31378889083862305,1.576294200594801
PCA11,dinov2_b,gaussian_blur_4,4,0,0.3376705050468445,0.4090990722179413,0.25323042273521423,1.5581918717625922
PCA11,dinov2_b,gaussian_blur_4,5,0,0.34666377305984497,0.27904409170150757,0.3742920458316803,1.5743370409264663
PCA11,dinov2_b,gaussian_blur_4,6,0,0.20689460635185242,0.43770191073417664,0.35540348291397095,1.5224388737697934
PCA11,dinov2_b,gaussian_blur_4,7,0,0.34494587779045105,0.34801584482192993,0.3070380985736847,1.5826769149354691
PCA11,dinov2_b,gaussian_blur_4,8,0,0.10716298222541809,0.5962550044059753,0.296581894159317,1.3101531726703999
PCA11,dinov2_b,gaussian_blur_4,9,0,0.3462445139884949,0.3440457582473755,0.30970972776412964,1.5831233249564334
PCA11,dinov2_b,gaussian_blur_4,10,1,0.09979358315467834,0.3223485052585602,0.5778580904006958,1.3155073740721925
PCA11,dinov2_b,gaussian_blur_4,11,1,0.443320095539093,0.465606689453125,0.09107328206300735,1.3485746595698918
PCA11,dinov2_b,gaussian_blur_4,12,1,0.14147578179836273,0.30512309074401855,0.5534011721611023,1.394075017786132
PCA11,dinov2_b,gaussian_blur_4,13,1,0.1264529824256897,0.5560013055801392,0.3175458014011383,1.3736213338770482
PCA11,dinov2_b,gaussian_blur_4,14,1,0.40424755215644836,0.4504978060722351,0.1452547162771225,1.450775849404356
PCA11,dinov2_b,gaussian_blur_4,15,1,0.4903768301010132,0.4586915969848633,0.05093162879347801,1.2386465013964671
PCA11,dinov2_b,gaussian_blur_4,16,1,0.46540358662605286,0.4010484218597412,0.13354793190956116,1.4300896371388634
PCA11,dinov2_b,gaussian_blur_4,17,1,0.3253108859062195,0.5060818195343018,0.16860739886760712,1.4573212314616573
PCA11,dinov2_b,gaussian_blur_4,18,1,0.3516275882720947,0.2927492558956146,0.35562312602996826,1.5794806750150647
PCA11,dinov2_b,gaussian_blur_4,19,1,0.13218772411346436,0.35017380118370056,0.5176385045051575,1.4077617994753067
PCA11,dinov2_b,gaussian_blur_4,20,1,0.3371375501155853,0.33475959300994873,0.32810279726982117,1.5848673880485862
PCA11,dinov2_b,gaussian_blur_4,21,1,0.23922310769557953,0.16648173332214355,0.5942952632904053,1.3704357555953102
PCA11,dinov2_b,gaussian_blur_4,22,1,0.4441702365875244,0.21241310238838196,0.34341663122177124,1.5243339010783479
PCA11,dinov2_b,gaussian_blur_4,23,1,0.4764500856399536,0.3253890872001648,0.1981608271598816,1.4994217202233249
PCA11,dinov2_b,gaussian_blur_4,24,1,0.2966687083244324,0.5517858266830444,0.1515454798936844,1.4059490054106063
PCA11,dinov2_b,gaussian_blur_4,25,1,0.05659514293074608,0.3378475308418274,0.6055573225021362,1.2016232775253406
PCA11,dinov2_b,gaussian_blur_4,26,1,0.4482116997241974,0.3892331123352051,0.16255521774291992,1.4748336039620586
PCA11,dinov2_b,gaussian_blur_4,27,1,0.4009089469909668,0.45798641443252563,0.14110466837882996,1.4432817402121745
PCA11,dinov2_b,gaussian_blur_4,28,1,0.03954417258501053,0.5736516714096069,0.3868042528629303,1.174265669991362
PCA11,dinov2_b,gaussian_blur_4,29,1,0.1186501756310463,0.41785988211631775,0.46349000930786133,1.4051132799003119
PCA11,dinov2_b,gaussian_blur_4,30,1,0.15722894668579102,0.4129505753517151,0.42982053756713867,1.470166339747876
PCA11,dinov2_b,gaussian_blur_4,31,1,0.7042447924613953,0.07113964110612869,0.22461555898189545,1.1114403951447747
PCA11,dinov2_b,gaussian_blur_4,32,1,0.10812672227621078,0.40171095728874207,0.490162193775177,1.3797747427435203
PCA11,dinov2_b,gaussian_blur_4,33,1,0.31900593638420105,0.34750890731811523,0.33348527550697327,1.5840829024766503
PCA11,dinov2_b,gaussian_blur_4,34,2,0.13016514480113983,0.5602238774299622,0.30961093306541443,1.3748948799957832
PCA11,dinov2_b,gaussian_blur_4,35,2,0.14446349442005157,0.466535359621048,0.38900113105773926,1.4462708736054348
PCA11,dinov2_b,gaussian_blur_4,36,2,0.2056935727596283,0.4098471403121948,0.38445934653282166,1.526891094704868
PCA11,dinov2_b,gaussian_blur_4,37,2,0.245954230427742,0.4475409984588623,0.3065047562122345,1.5397071072471533
PCA11,dinov2_b,gaussian_blur_4,38,2,0.4638296961784363,0.3484607934951782,0.1877095103263855,1.4970858779004201
PCA11,dinov2_b,gaussian_blur_4,39,2,0.1653769165277481,0.622480034828186,0.2121429741382599,1.329601793554113
PCA11,dinov2_b,gaussian_blur_4,40,2,0.11001666635274887,0.5480784177780151,0.341904878616333,1.3551814746348416
PCA11,dinov2_b,gaussian_blur_4,41,2,0.08820164948701859,0.5923596024513245,0.31943875551223755,1.282396136215504
PCA11,dinov2_b,gaussian_blur_4,42,2,0.5626195669174194,0.19475625455379486,0.24262407422065735,1.4222498249440867
PCA11,dinov2_b,gaussian_blur_4,43,2,0.12314046919345856,0.4430418908596039,0.433817595243454,1.4151107197462238
PCA11,dinov2_b,gaussian_blur_4,44,2,0.1962575763463974,0.4571877419948578,0.34655463695526123,1.5071023389487586
PCA11,dinov2_b,gaussian_blur_4,45,2,0.18176694214344025,0.4250648021697998,0.39316821098327637,1.50126315176218
PCA11,dinov2_b,gaussian_blur_4,46,2,0.1648443043231964,0.39729559421539307,0.4378601610660553,1.4795076007689811
PCA11,dinov2_b,gaussian_blur_4,47,2,0.34203028678894043,0.5113620758056641,0.14660756289958954,1.430279403623709
PCA11,dinov2_b,gaussian_blur_4,48,2,0.12578831613063812,0.49787625670433044,0.37633538246154785,1.4077564254491746
PCA11,dinov2_b,gaussian_blur_4,49,2,0.19994206726551056,0.15213333070278168,0.647924542427063,1.2832858631272672
PCA11,dinov2_b,gaussian_blur_4,50,3,0.16408245265483856,0.347385972738266,0.4885316491127014,1.4626305318183372
PCA11,dinov2_b,gaussian_blur_4,51,3,0.3511412441730499,0.3846365809440613,0.2642221450805664,1.5677285887982428
PCA11,dinov2_b,gaussian_blur_4,52,3,0.32746344804763794,0.35255375504493713,0.3199828267097473,1.5837120174092008
PCA11,dinov2_b,gaussian_blur_4,53,3,0.25686487555503845,0.34369003772735596,0.39944514632225037,1.5620932668442105
PCA11,dinov2_b,gaussian_blur_4,54,3,0.21147243678569794,0.3997453451156616,0.388782262802124,1.5327054397532303
PCA11,dinov2_b,gaussian_blur_4,55,3,0.31183624267578125,0.39355751872062683,0.29460611939430237,1.5731462956552815
PCA11,dinov2_b,gaussian_blur_4,56,3,0.2972210645675659,0.3213077187538147,0.38147109746932983,1.576926498613075
PCA11,dinov2_b,gaussian_blur_4,57,3,0.42728114128112793,0.3926512598991394,0.1800674945116043,1.4991018510961605
PCA11,dinov2_b,gaussian_blur_4,58,3,0.24402347207069397,0.3391944169998169,0.41678211092948914,1.5518896962302668
PCA11,dinov2_b,gaussian_blur_4,59,3,0.37202271819114685,0.40218591690063477,0.22579137980937958,1.5439629813587539
PCA11,dinov2_b,gaussian_blur_4,60,3,0.23683449625968933,0.38995495438575745,0.37321051955223083,1.5526368835511093
PCA11,dinov2_b,gaussian_blur_4,61,3,0.4033052325248718,0.3734132945537567,0.22328148782253265,1.5420027726205932
PCA11,dinov2_b,gaussian_blur_4,62,3,0.32882073521614075,0.39551714062690735,0.27566200494766235,1.5693741204589249
PCA11,dinov2_b,gaussian_blur_4,63,3,0.5667362213134766,0.30313318967819214,0.1301305890083313,1.369127222140553
PCA11,dinov2_b,gaussian_blur_4,64,3,0.3643273711204529,0.3291814625263214,0.30649110674858093,1.5813049620508894
PCA11,dinov2_b,gaussian_blur_4,65,3,0.4420226514339447,0.2913551926612854,0.2666220963001251,1.5474655142006144
PCA11,dinov2_b,gaussian_blur_4,66,3,0.38216304779052734,0.3712632656097412,0.24657371640205383,1.5591148193275457
PCA11,dinov2_b,gaussian_blur_4,67,4,0.33603566884994507,0.46275562047958374,0.2012086808681488,1.5085676512337503
PCA11,dinov2_b,gaussian_blur_4,68,4,0.3180355727672577,0.12070222198963165,0.5612621307373047,1.3615028696171056
PCA11,dinov2_b,gaussian_blur_4,69,4,0.33108755946159363,0.37458059191703796,0.29433178901672363,1.5779846721712154
PCA11,dinov2_b,gaussian_blur_4,70,4,0.24722295999526978,0.28316807746887207,0.46960893273353577,1.5259658411703114
PCA11,dinov2_b,gaussian_blur_4,71,4,0.4144119918346405,0.15517812967300415,0.43040990829467773,1.4672516131952427
PCA11,dinov2_b,gaussian_blur_4,72,4,0.33801931142807007,0.432018905878067,0.22996172308921814,1.5396849636323688
PCA11,dinov2_b,gaussian_blur_4,73,4,0.3940598964691162,0.3224938213825226,0.28344637155532837,1.5714933864837817
PCA11,dinov2_b,gaussian_blur_4,74,4,0.4112948775291443,0.33485978841781616,0.25384530425071716,1.557812789022638
PCA11,dinov2_b,gaussian_blur_4,75,4,0.3176001012325287,0.2947941720485687,0.387605756521225,1.5750185253511635
PCA11,dinov2_b,gaussian_blur_4,76,4,0.34644556045532227,0.4080474376678467,0.24550697207450867,1.5549397734831079
PCA11,dinov2_b,gaussian_blur_4,77,4,0.34916362166404724,0.3834071457386017,0.26742929220199585,1.5691672234895129
PCA11,dinov2_b,gaussian_blur_4,78,4,0.4514707326889038,0.27764058113098145,0.2708888649940491,1.5416633138724287
PCA11,dinov2_b,gaussian_blur_4,79,4,0.29022783041000366,0.3115779757499695,0.39819425344467163,1.5711437627645117
PCA11,dinov2_b,gaussian_blur_4,80,4,0.31554165482521057,0.5410529971122742,0.14340536296367645,1.4063479796292686
PCA11,dinov2_b,gaussian_blur_4,81,4,0.28617897629737854,0.3571494519710541,0.356671541929245,1.577554888713156
PCA11,dinov2_b,gaussian_blur_4,82,4,0.30176109075546265,0.26835355162620544,0.42988523840904236,1.554470136180819
PCA11,dinov2_b,gaussian_blur_4,83,4,0.4047888517379761,0.4529013931751251,0.14230971038341522,1.4459983543675217
PCA11,dinov2_b,gaussian_blur_4,84,4,0.2685076892375946,0.38045868277549744,0.3510335385799408,1.5699533640975163
PCA11,dinov2_b,gaussian_blur_4,85,4,0.31759482622146606,0.43184134364128113,0.2505638301372528,1.5489945331283315
PCA11,dinov2_b,gaussian_blur_4,86,4,0.3763215243816376,0.2377503365278244,0.3859281539916992,1.5534414332915074
PCA11,dinov2_b,gaussian_blur_4,87,5,0.06464045494794846,0.38277530670166016,0.5525842905044556,1.2585949560166156
PCA11,dinov2_b,gaussian_blur_4,88,5,0.1393502950668335,0.2040454000234604,0.6566043496131897,1.2625819485764418
PCA11,dinov2_b,gaussian_blur_4,89,5,0.15870079398155212,0.5802700519561768,0.2610292434692383,1.3828796677363315
PCA11,dinov2_b,gaussian_blur_4,90,5,0.06769596040248871,0.43396762013435364,0.4983363449573517,1.2863616962308075
PCA11,dinov2_b,gaussian_blur_4,91,5,0.10456116497516632,0.45912691950798035,0.43631184101104736,1.3783090811353027
PCA11,dinov2_b,gaussian_blur_4,92,5,0.10271316021680832,0.3246529996395111,0.5726338624954224,1.3247383273425921
PCA11,dinov2_b,gaussian_blur_4,93,5,0.15025313198566437,0.4301599860191345,0.4195869266986847,1.4601253629135775
PCA11,dinov2_b,gaussian_blur_4,94,5,0.18358032405376434,0.29491662979125977,0.5215030908584595,1.4583030168177837
PCA11,dinov2_b,gaussian_blur_4,95,5,0.09974570572376251,0.3852066695690155,0.5150476694107056,1.3548876676664903
PCA11,dinov2_b,gaussian_blur_4,96,5,0.21989206969738007,0.18970848619937897,0.5903993248939514,1.3842849755776991
PCA11,dinov2_b,gaussian_blur_4,97,5,0.22788691520690918,0.28187575936317444,0.49023735523223877,1.5053552652227469
PCA11,dinov2_b,gaussian_blur_4,98,5,0.07063794136047363,0.44272205233573914,0.4866400957107544,1.2961642282102304
PCA11,dinov2_b,gaussian_blur_4,99,5,0.20429188013076782,0.5170689225196838,0.2786392271518707,1.4738009593018955
PCA11,dinov2_b,gaussian_blur_4,100,5,0.10758587718009949,0.38847944140434265,0.5039346814155579,1.3742001719971353
PCA11,dinov2_b,gaussian_blur_4,101,5,0.16631710529327393,0.43690651655197144,0.3967762887477875,1.481499070208672
PCA11,dinov2_b,gaussian_blur_4,102,5,0.10573666542768478,0.4477878510951996,0.4464755654335022,1.381182910140712
PCA11,dinov2_b,gaussian_blur_4,103,5,0.10590402036905289,0.45796504616737366,0.4361310303211212,1.381147563742763
PCA11,dinov2_b,gaussian_blur_4,104,5,0.10524477809667587,0.19614627957344055,0.6986089944839478,1.1642875764348444
PCA11,dinov2_b,gaussian_blur_4,105,5,0.13481618463993073,0.4496360421180725,0.4155478775501251,1.4347148942220564
PCA11,dinov2_b,gaussian_blur_4,106,5,0.29848456382751465,0.2878624200820923,0.41365301609039307,1.5645870453748607
PCA11,dinov2_b,gaussian_blur_4,107,5,0.15416426956653595,0.4012317657470703,0.44460397958755493,1.4643947558085442
PCA11,dinov2_b,gaussian_blur_4,108,5,0.13182662427425385,0.40435439348220825,0.4638190269470215,1.427659551463507
PCA11,dinov2_b,gaussian_blur_4,109,6,0.11889848858118057,0.3529260754585266,0.5281754732131958,1.381975492097996
PCA11,dinov2_b,gaussian_blur_4,110,6,0.26733067631721497,0.5089153051376343,0.22375400364398956,1.488062357291876
PCA11,dinov2_b,gaussian_blur_4,111,6,0.33953699469566345,0.47022947669029236,0.19023354351520538,1.4964439674789591
PCA11,dinov2_b,gaussian_blur_4,112,6,0.33979353308677673,0.39061248302459717,0.26959389448165894,1.5687348139375668
PCA11,dinov2_b,gaussian_blur_4,113,6,0.3870455026626587,0.489442378282547,0.12351211905479431,1.407211696932499
PCA11,dinov2_b,gaussian_blur_4,114,6,0.5847961902618408,0.2930147051811218,0.12218914180994034,1.3421214139552973
PCA11,dinov2_b,gaussian_blur_4,115,6,0.3827485144138336,0.5054810047149658,0.11177042126655579,1.381190305610589
PCA11,dinov2_b,gaussian_blur_4,116,6,0.2201446145772934,0.5620623230934143,0.21779300272464752,1.4267860578284641
PCA11,dinov2_b,gaussian_blur_4,117,6,0.30574485659599304,0.5332046151161194,0.16105051338672638,1.4307191569961781
PCA11,dinov2_b,gaussian_blur_4,118,6,0.39986589550971985,0.4211116433143616,0.1790224015712738,1.4985147104166279
PCA11,dinov2_b,gaussian_blur_4,119,6,0.28299227356910706,0.25104835629463196,0.4659593105316162,1.5293154480548008
PCA11,dinov2_b,gaussian_blur_4,120,6,0.0667608231306076,0.5823460817337036,0.35089311003685,1.2451142866700695
PCA11,dinov2_b,gaussian_blur_4,121,6,0.4773558974266052,0.36794641613960266,0.1546977162361145,1.4565310097690958
PCA11,dinov2_b,gaussian_blur_4,122,6,0.4643074870109558,0.45038703083992004,0.08530545234680176,1.3351445244587545
PCA11,dinov2_b,gaussian_blur_4,123,6,0.2835043966770172,0.3386876881122589,0.37780797481536865,1.5751360368335658
PCA11,dinov2_b,gaussian_blur_4,124,6,0.5104197859764099,0.2880171239376068,0.20156310498714447,1.478196336053231
PCA11,dinov2_b,gaussian_blur_4,125,6,0.4073106050491333,0.17585408687591553,0.4168352782726288,1.4949893349932062
PCA11,dinov2_b,gaussian_blur_4,126,7,0.5728771686553955,0.11150126904249191,0.315621554851532,1.3384192589422392
PCA11,dinov2_b,gaussian_blur_4,127,7,0.11712483316659927,0.3295331597328186,0.5533419251441956,1.3625385862401687
PCA11,dinov2_b,gaussian_blur_4,128,7,0.4345199167728424,0.4497009217739105,0.11577913165092468,1.4011380105229758
PCA11,dinov2_b,gaussian_blur_4,129,7,0.22145162522792816,0.4641284644603729,0.3144199252128601,1.5204617876857922
PCA11,dinov2_b,gaussian_blur_4,130,7,0.5362861752510071,0.3492254912853241,0.11448832601308823,1.3700985779746682
PCA11,dinov2_b,gaussian_blur_4,131,7,0.52637779712677,0.30981436371803284,0.16380780935287476,1.4386106333678759
PCA11,dinov2_b,gaussian_blur_4,132,7,0.33000877499580383,0.33565717935562134,0.33433401584625244,1.584924678152721
PCA11,dinov2_b,gaussian_blur_4,133,7,0.29041871428489685,0.23210565745830536,0.47747573256492615,1.5163558548169833
PCA11,dinov2_b,gaussian_blur_4,134,7,0.36499303579330444,0.3748447299003601,0.2601623237133026,1.5667342538762
PCA11,dinov2_b,gaussian_blur_4,135,7,0.489315927028656,0.3179283142089844,0.19275586307048798,1.4879961893915672
PCA11,dinov2_b,gaussian_blur_4,136,7,0.17397725582122803,0.4883604049682617,0.3376622796058655,1.472801852221232
PCA11,dinov2_b,gaussian_blur_4,137,7,0.4987691044807434,0.4798179566860199,0.021412987262010574,1.127624467991487
PCA11,dinov2_b,gaussian_blur_4,138,7,0.4796884059906006,0.29189416766166687,0.2284175306558609,1.51352087148929
PCA11,dinov2_b,gaussian_blur_4,139,7,0.28348711133003235,0.1725977212190628,0.5439152717590332,1.430868536526873
PCA11,dinov2_b,gaussian_blur_4,140,7,0.10218092054128647,0.4087643325328827,0.48905473947525024,1.3685037817179229
PCA11,dinov2_b,gaussian_blur_4,141,7,0.24058040976524353,0.3600252568721771,0.39939433336257935,1.5539508574291319
PCA11,dinov2_b,gaussian_blur_4,142,7,0.04124633967876434,0.32921797037124634,0.6295356750488281,1.1377179718762191
PCA11,dinov2_b,gaussian_blur_4,143,7,0.36779212951660156,0.29076990485191345,0.341437965631485,1.5782372318509568
PCA11,dinov2_b,gaussian_blur_4,144,7,0.32779461145401,0.390728235244751,0.2814771234989166,1.5719972646815643
PCA11,dinov2_b,gaussian_blur_4,145,7,0.5474191308021545,0.3374304175376892,0.11515038460493088,1.363815241130038
PCA11,dinov2_b,gaussian_blur_4,146,7,0.11748964339494705,0.3746163249015808,0.507893979549408,1.3900371888045848
PCA11,dinov2_b,gaussian_blur_4,147,7,0.3162255585193634,0.1691972315311432,0.5145772099494934,1.4521756693319234
PCA11,dinov2_b,gaussian_blur_4,148,7,0.33046576380729675,0.36053749918937683,0.3089967966079712,1.5820709182169042
PCA11,dinov2_b,gaussian_blur_4,149,7,0.5133031010627747,0.035425763577222824,0.4512711465358734,1.1826057781179138
PCA11,dinov2_b,gaussian_blur_4,150,7,0.5161958932876587,0.08820924907922745,0.39559486508369446,1.3307143544749573
PCA11,dinov2_b,gaussian_blur_4,151,8,0.17513959109783173,0.38056647777557373,0.44429391622543335,1.4906333364710087
PCA11,dinov2_b,gaussian_blur_4,152,8,0.2867647111415863,0.5011828541755676,0.2120523303747177,1.4907104647784026
PCA11,dinov2_b,gaussian_blur_4,153,8,0.28454968333244324,0.39349564909935,0.3219546973705292,1.5718576356859089
PCA11,dinov2_b,gaussian_blur_4,154,8,0.34697991609573364,0.20433291792869568,0.4486870765686035,1.5167730030085091
PCA11,dinov2_b,gaussian_blur_4,155,8,0.3795783221721649,0.33603283762931824,0.28438887000083923,1.5750607857919696
PCA11,dinov2_b,gaussian_blur_4,156,8,0.34689605236053467,0.3455756604671478,0.3075282871723175,1.5827695540932574
PCA11,dinov2_b,gaussian_blur_4,157,8,0.2964846193790436,0.4033622145652771,0.30015313625335693,1.5695049274630106
PCA11,dinov2_b,gaussian_blur_4,158,8,0.23524565994739532,0.27730870246887207,0.487445592880249,1.509606723090795
PCA11,dinov2_b,gaussian_blur_4,159,8,0.45563453435897827,0.29071906208992004,0.2536463439464569,1.5368560394795998
PCA11,dinov2_b,gaussian_blur_4,160,8,0.4101063311100006,0.2956574559211731,0.2942362427711487,1.5664474733006757
PCA11,dinov2_b,gaussian_blur_4,161,8,0.3992834687232971,0.26506680250167847,0.3356497585773468,1.5652502129481702
PCA11,dinov2_b,gaussian_blur_4,162,8,0.33709490299224854,0.3949146270751953,0.26799049973487854,1.5672779638744996
PCA11,dinov2_b,gaussian_blur_4,163,8,0.19619886577129364,0.4806433916091919,0.32315778732299805,1.495659302705272
PCA11,dinov2_b,gaussian_blur_4,164,8,0.3309488892555237,0.32356247305870056,0.345488578081131,1.5844255980265054
PCA11,dinov2_b,gaussian_blur_4,165,8,0.3253483772277832,0.5097037553787231,0.16494786739349365,1.4514658828520708
PCA11,dinov2_b,gaussian_blur_4,166,8,0.4721528887748718,0.15190570056438446,0.3759413957595825,1.45479291798935
PCA11,dinov2_b,gaussian_blur_4,167,8,0.2631813883781433,0.4272228181362152,0.30959582328796387,1.5547241711280055
PCA11,dinov2_b,gaussian_blur_4,168,8,0.2993871569633484,0.3674952983856201,0.33311760425567627,1.5799360223071515
PCA11,dinov2_b,gaussian_blur_4,169,8,0.24917875230312347,0.33728185296058655,0.4135393798351288,1.5551985530276677
PCA11,dinov2_b,gaussian_blur_4,170,8,0.44030654430389404,0.20365574955940247,0.35603776574134827,1.5190793344416365
PCA11,dinov2_b,gaussian_blur_4,171,8,0.3123449385166168,0.4263269901275635,0.2613280117511749,1.5546777137765893
PCA11,dinov2_b,gaussian_blur_4,172,8,0.3633643388748169,0.3406577706336975,0.2959778606891632,1.57981232698824
PCA11,dinov2_b,gaussian_blur_4,173,8,0.23837733268737793,0.3736322224140167,0.38799038529396057,1.5537588214289282
PCA11,dinov2_b,gaussian_blur_4,174,8,0.28881627321243286,0.3381633460521698,0.37302035093307495,1.5771380956669447
PCA11,dinov2_b,gaussian_blur_4,175,8,0.31605464220046997,0.38251063227653503,0.3014346957206726,1.57703556847862
PCA11,dinov2_b,gaussian_blur_4,176,8,0.3009098470211029,0.3158939480781555,0.3831962049007416,1.57680934864685
PCA11,dinov2_b,gaussian_blur_4,177,8,0.12901091575622559,0.39271509647369385,0.4782739281654358,1.4196360372726833
PCA11,dinov2_b,gaussian_blur_4,178,9,0.26077428460121155,0.4102179706096649,0.32900774478912354,1.5606896415891733
PCA11,dinov2_b,gaussian_blur_4,179,9,0.15579311549663544,0.4659077823162079,0.3782990872859955,1.4617864638947653
PCA11,dinov2_b,gaussian_blur_4,180,9,0.3391079604625702,0.21495270729064941,0.4459393620491028,1.5253714025341463
PCA11,dinov2_b,gaussian_blur_4,181,9,0.22782592475414276,0.546208381652832,0.22596566379070282,1.4476163698992948
PCA11,dinov2_b,gaussian_blur_4,182,9,0.3572015166282654,0.33938124775886536,0.30341723561286926,1.5816819530847517
PCA11,dinov2_b,gaussian_blur_4,183,9,0.11866747587919235,0.33835333585739136,0.5429791808128357,1.3722652645517202
PCA11,dinov2_b,gaussian_blur_4,184,9,0.20029917359352112,0.3522956073284149,0.4474051892757416,1.5140479876315895
PCA11,dinov2_b,gaussian_blur_4,185,9,0.32014229893684387,0.3456465005874634,0.33421123027801514,1.5842550834600015
PCA11,dinov2_b,gaussian_blur_4,186,9,0.11044752597808838,0.5521502494812012,0.3374021649360657,1.3530483034834289
PCA11,dinov2_b,gaussian_blur_4,187,9,0.24266208708286285,0.5858086943626404,0.17152923345565796,1.3839842425582898
PCA11,dinov2_b,gaussian_blur_4,188,10,0.4209112226963043,0.3252803087234497,0.25380852818489075,1.5545852002224954
PCA11,dinov2_b,gaussian_blur_4,189,10,0.10452516376972198,0.5152937173843384,0.380181223154068,1.3638909752417852
PCA11,dinov2_b,gaussian_blur_4,190,10,0.4448988735675812,0.3582995533943176,0.19680170714855194,1.5119351600551643
PCA11,dinov2_b,gaussian_blur_4,191,10,0.36998531222343445,0.3200890123844147,0.30992570519447327,1.5805572324620407
PCA11,dinov2_b,gaussian_blur_4,192,10,0.37041571736335754,0.4602355360984802,0.1693488508462906,1.479844464669156
PCA11,dinov2_b,gaussian_blur_4,193,10,0.3891274333000183,0.18038758635520935,0.43048498034477234,1.4990306025238946
PCA11,dinov2_b,gaussian_blur_4,194,10,0.45851680636405945,0.04383936524391174,0.4976437985897064,1.214632090660951
PCA11,dinov2_b,gaussian_blur_4,195,10,0.4376961588859558,0.22953203320503235,0.33277180790901184,1.537323265232946
PCA11,dinov2_b,gaussian_blur_4,196,10,0.16710887849330902,0.5042417049407959,0.32864952087402344,1.4570344753682507
PCA11,dinov2_b,gaussian_blur_4,197,10,0.05381625145673752,0.5450400114059448,0.40114378929138184,1.2327285585397183
PCA11,dinov2_b,gaussian_blur_4,198,10,0.3029995262622833,0.32000720500946045,0.37699320912361145,1.5785625329892903
PCA11,dinov2_b,gaussian_blur_4,199,10,0.4020776152610779,0.1662881225347519,0.43163424730300903,1.482098592102111
PCA11,dinov2_b,gaussian_blur_8,0,0,0.32293474674224854,0.2946385443210602,0.38242676854133606,1.5763756507886852
PCA11,dinov2_b,gaussian_blur_8,1,0,0.35901564359664917,0.4983038008213043,0.1426806002855301,1.432138906097401
PCA11,dinov2_b,gaussian_blur_8,2,0,0.201482892036438,0.41530004143714905,0.3832170367240906,1.5224710022427304
PCA11,dinov2_b,gaussian_blur_8,3,0,0.3835688829421997,0.24416698515415192,0.37226414680480957,1.5576124714849175
PCA11,dinov2_b,gaussian_blur_8,4,0,0.3142561912536621,0.3830004036426544,0.3027433753013611,1.5769782010806386
PCA11,dinov2_b,gaussian_blur_8,5,0,0.3265189528465271,0.33851951360702515,0.3349616229534149,1.584797686045521
PCA11,dinov2_b,gaussian_blur_8,6,0,0.289633572101593,0.47717735171318054,0.23318900167942047,1.516914826977548
PCA11,dinov2_b,gaussian_blur_8,7,0,0.4261198043823242,0.3477030396461487,0.22617709636688232,1.5393682326189926
PCA11,dinov2_b,gaussian_blur_8,8,0,0.49113699793815613,0.1247783824801445,0.3840845227241516,1.40869451266877
PCA11,dinov2_b,gaussian_blur_8,9,0,0.32516515254974365,0.2980528771877289,0.37678197026252747,1.5781044302787257
PCA11,dinov2_b,gaussian_blur_8,10,1,0.27533021569252014,0.3240428566932678,0.40062686800956726,1.5678302585028767
PCA11,dinov2_b,gaussian_blur_8,11,1,0.22439782321453094,0.2865604758262634,0.4890417754650116,1.505142914397608
PCA11,dinov2_b,gaussian_blur_8,12,1,0.46169498562812805,0.22899219393730164,0.30931273102760315,1.5253897169411585
PCA11,dinov2_b,gaussian_blur_8,13,1,0.0952380895614624,0.48473820090293884,0.420023649930954,1.3551364083034756
PCA11,dinov2_b,gaussian_blur_8,14,1,0.3883025646209717,0.5054789185523987,0.10621853172779083,1.371071608696686
PCA11,dinov2_b,gaussian_blur_8,15,1,0.3567037880420685,0.3331286311149597,0.3101675808429718,1.582617933650936
PCA11,dinov2_b,gaussian_blur_8,16,1,0.3303239643573761,0.36199209094047546,0.30768391489982605,1.581752618539482
PCA11,dinov2_b,gaussian_blur_8,17,1,0.2907984256744385,0.3647109866142273,0.34449052810668945,1.5785360470107102
PCA11,dinov2_b,gaussian_blur_8,18,1,0.36515581607818604,0.14757230877876282,0.4872719943523407,1.4434964131973786
PCA11,dinov2_b,gaussian_blur_8,19,1,0.2802717983722687,0.3090829849243164,0.4106452167034149,1.5651764119074754
PCA11,dinov2_b,gaussian_blur_8,20,1,0.281409353017807,0.3741627633571625,0.3444279134273529,1.5750668902022227
PCA11,dinov2_b,gaussian_blur_8,21,1,0.44529473781585693,0.31622135639190674,0.23848387598991394,1.538168442346349
PCA11,dinov2_b,gaussian_blur_8,22,1,0.12639454007148743,0.3383680284023285,0.5352373719215393,1.3887929606666534
PCA11,dinov2_b,gaussian_blur_8,23,1,0.3621555268764496,0.3237319588661194,0.31411248445510864,1.5821977228183883
PCA11,dinov2_b,gaussian_blur_8,24,1,0.3013881742954254,0.5045489072799683,0.1940629482269287,1.4784871654131972
PCA11,dinov2_b,gaussian_blur_8,25,1,0.34307700395584106,0.37866562604904175,0.2782573699951172,1.5735417352317227
PCA11,dinov2_b,gaussian_blur_8,26,1,0.4285101890563965,0.4200427830219269,0.15144707262516022,1.46194175582715
PCA11,dinov2_b,gaussian_blur_8,27,1,0.3354145586490631,0.3705706298351288,0.2940147817134857,1.5785729432428655
PCA11,dinov2_b,gaussian_blur_8,28,1,0.287768691778183,0.3547373414039612,0.357494056224823,1.578045052475936
PCA11,dinov2_b,gaussian_blur_8,29,1,0.21747736632823944,0.38821303844451904,0.3943096995353699,1.5380227740461527
PCA11,dinov2_b,gaussian_blur_8,30,1,0.2907269299030304,0.3020237386226654,0.4072493016719818,1.5676289021429604
PCA11,dinov2_b,gaussian_blur_8,31,1,0.45776838064193726,0.3136790990829468,0.22855244576931,1.5273990318251807
PCA11,dinov2_b,gaussian_blur_8,32,1,0.4597965180873871,0.18258316814899445,0.3576202392578125,1.4938752658467065
PCA11,dinov2_b,gaussian_blur_8,33,1,0.2807393968105316,0.4009844660758972,0.31827619671821594,1.568841227981888
PCA11,dinov2_b,gaussian_blur_8,34,2,0.1911604106426239,0.3559810519218445,0.452858567237854,1.5043420516083548
PCA11,dinov2_b,gaussian_blur_8,35,2,0.24742722511291504,0.417857825756073,0.3347150981426239,1.5531081636139596
PCA11,dinov2_b,gaussian_blur_8,36,2,0.23609189689159393,0.4043167531490326,0.3595913052558899,1.5504987249695223
PCA11,dinov2_b,gaussian_blur_8,37,2,0.2426864057779312,0.42753785848617554,0.32977578043937683,1.5476638179951645
PCA11,dinov2_b,gaussian_blur_8,38,2,0.4255297780036926,0.33615416288375854,0.23831599950790405,1.5463301850244835
PCA11,dinov2_b,gaussian_blur_8,39,2,0.4348568022251129,0.3827292025089264,0.1824140101671219,1.5005165448328084
PCA11,dinov2_b,gaussian_blur_8,40,2,0.23236416280269623,0.5308994650840759,0.23673641681671143,1.4663145062369218
PCA11,dinov2_b,gaussian_blur_8,41,2,0.3122529089450836,0.40350160002708435,0.28424546122550964,1.568511529722905
PCA11,dinov2_b,gaussian_blur_8,42,2,0.4224824905395508,0.3516705334186554,0.2258470356464386,1.5401753197535224
PCA11,dinov2_b,gaussian_blur_8,43,2,0.22368352115154266,0.2927525043487549,0.4835638999938965,1.5089730705140596
PCA11,dinov2_b,gaussian_blur_8,44,2,0.1718558371067047,0.3491068184375763,0.479037344455719,1.4753109608913673
PCA11,dinov2_b,gaussian_blur_8,45,2,0.28133058547973633,0.4103802740573883,0.30828914046287537,1.5654300009616435
PCA11,dinov2_b,gaussian_blur_8,46,2,0.19373133778572083,0.38910722732543945,0.4171614348888397,1.5147765719135955
PCA11,dinov2_b,gaussian_blur_8,47,2,0.35834959149360657,0.4297143220901489,0.21193599700927734,1.5285629289525544
PCA11,dinov2_b,gaussian_blur_8,48,2,0.13592150807380676,0.5514672994613647,0.3126111626625061,1.3892815195906438
PCA11,dinov2_b,gaussian_blur_8,49,2,0.21352800726890564,0.18689392507076263,0.5995780229568481,1.370339975108717
PCA11,dinov2_b,gaussian_blur_8,50,3,0.1749856323003769,0.33582258224487305,0.4891917109489441,1.4733115169460334
PCA11,dinov2_b,gaussian_blur_8,51,3,0.23384825885295868,0.412636399269104,0.3535153567790985,1.5475171684415363
PCA11,dinov2_b,gaussian_blur_8,52,3,0.2502501904964447,0.42614832520484924,0.3236013948917389,1.5512749560381829
PCA11,dinov2_b,gaussian_blur_8,53,3,0.43935665488243103,0.27614644169807434,0.2844969630241394,1.5499161143088003
PCA11,dinov2_b,gaussian_blur_8,54,3,0.23559094965457916,0.4497283101081848,0.31468069553375244,1.5347389049929707
PCA11,dinov2_b,gaussian_blur_8,55,3,0.2539686858654022,0.4575607478618622,0.288470596075058,1.5356520922160175
PCA11,dinov2_b,gaussian_blur_8,56,3,0.24829335510730743,0.4205595552921295,0.331147164106369,1.5525786764489897
PCA11,dinov2_b,gaussian_blur_8,57,3,0.35224786400794983,0.4082736670970917,0.2394784390926361,1.5517135241598983
PCA11,dinov2_b,gaussian_blur_8,58,3,0.33169445395469666,0.3143533170223236,0.3539522886276245,1.5832602495524228
PCA11,dinov2_b,gaussian_blur_8,59,3,0.20855911076068878,0.339176744222641,0.45226407051086426,1.5184642829170836
PCA11,dinov2_b,gaussian_blur_8,60,3,0.4587015211582184,0.12267155945301056,0.41862696409225464,1.412999262994913
PCA11,dinov2_b,gaussian_blur_8,61,3,0.4300532937049866,0.3569164574146271,0.21303024888038635,1.5292948668572885
PCA11,dinov2_b,gaussian_blur_8,62,3,0.36682507395744324,0.26911619305610657,0.3640587329864502,1.5710698223087691
PCA11,dinov2_b,gaussian_blur_8,63,3,0.3896631598472595,0.35604584217071533,0.25429102778434753,1.5626240654822467
PCA11,dinov2_b,gaussian_blur_8,64,3,0.3635028004646301,0.3563011586666107,0.2801961302757263,1.575469799137592
PCA11,dinov2_b,gaussian_blur_8,65,3,0.4472566843032837,0.37351080775260925,0.17923249304294586,1.4943765111971457
PCA11,dinov2_b,gaussian_blur_8,66,3,0.29430219531059265,0.38834983110427856,0.31734803318977356,1.5747500408157054
PCA11,dinov2_b,gaussian_blur_8,67,4,0.3594316840171814,0.25404465198516846,0.38652363419532776,1.5628714682619513
PCA11,dinov2_b,gaussian_blur_8,68,4,0.09506085515022278,0.38419702649116516,0.5207421779632568,1.3431606157974876
PCA11,dinov2_b,gaussian_blur_8,69,4,0.3655122220516205,0.16083495318889618,0.47365298867225647,1.4653877499791577
PCA11,dinov2_b,gaussian_blur_8,70,4,0.403536319732666,0.3050113022327423,0.29145240783691406,1.5692229892784364
PCA11,dinov2_b,gaussian_blur_8,71,4,0.3521711528301239,0.31793227791786194,0.3298965394496918,1.5836615951681308
PCA11,dinov2_b,gaussian_blur_8,72,4,0.3087245225906372,0.42464661598205566,0.2666288912296295,1.5566834960301477
PCA11,dinov2_b,gaussian_blur_8,73,4,0.36723294854164124,0.38537031412124634,0.24739672243595123,1.5594138410116125
PCA11,dinov2_b,gaussian_blur_8,74,4,0.32649773359298706,0.3145403265953064,0.35896188020706177,1.5826953112986062
PCA11,dinov2_b,gaussian_blur_8,75,4,0.2682594358921051,0.2775735557079315,0.454166978597641,1.5396485998849492
PCA11,dinov2_b,gaussian_blur_8,76,4,0.12880796194076538,0.4981846511363983,0.3730074167251587,1.4123327233073728
PCA11,dinov2_b,gaussian_blur_8,77,4,0.29219546914100647,0.27686336636543274,0.43094125390052795,1.554955918413603
PCA11,dinov2_b,gaussian_blur_8,78,4,0.4494435489177704,0.2774527370929718,0.2731036841869354,1.5431441147927765
PCA11,dinov2_b,gaussian_blur_8,79,4,0.27090469002723694,0.3838541805744171,0.34524115920066833,1.570379310860582
PCA11,dinov2_b,gaussian_blur_8,80,4,0.36942195892333984,0.4099302887916565,0.22064776718616486,1.5391812937743299
PCA11,dinov2_b,gaussian_blur_8,81,4,0.40556034445762634,0.33335670828819275,0.26108288764953613,1.562195656966597
PCA11,dinov2_b,gaussian_blur_8,82,4,0.312702476978302,0.21586650609970093,0.47143101692199707,1.5133428775043543
PCA11,dinov2_b,gaussian_blur_8,83,4,0.19298364222049713,0.4405914545059204,0.3664248287677765,1.5097641135280817
PCA11,dinov2_b,gaussian_blur_8,84,4,0.25904393196105957,0.3136546313762665,0.42730140686035156,1.5536327312009348
PCA11,dinov2_b,gaussian_blur_8,85,4,0.30298367142677307,0.2783604860305786,0.41865578293800354,1.5614142537014464
PCA11,dinov2_b,gaussian_blur_8,86,4,0.2814957797527313,0.2765345573425293,0.4419696629047394,1.5482599781354742
PCA11,dinov2_b,gaussian_blur_8,87,5,0.3592286705970764,0.39430859684944153,0.24646270275115967,1.5579821941894199
PCA11,dinov2_b,gaussian_blur_8,88,5,0.2477191686630249,0.2764759957790375,0.47580486536026,1.5213668181555748
PCA11,dinov2_b,gaussian_blur_8,89,5,0.24447855353355408,0.43953773379325867,0.31598374247550964,1.5432896496637047
PCA11,dinov2_b,gaussian_blur_8,90,5,0.1304246187210083,0.3098554015159607,0.5597200393676758,1.3756495028960891
PCA11,dinov2_b,gaussian_blur_8,91,5,0.4077370762825012,0.3092726469039917,0.2829902470111847,1.566718272794306
PCA11,dinov2_b,gaussian_blur_8,92,5,0.22069868445396423,0.39735105633735657,0.3819502890110016,1.5405229804549339
PCA11,dinov2_b,gaussian_blur_8,93,5,0.32541605830192566,0.3034365177154541,0.37114739418029785,1.5798473532317598
PCA11,dinov2_b,gaussian_blur_8,94,5,0.2725827395915985,0.3303077816963196,0.3971094489097595,1.5681321363045817
PCA11,dinov2_b,gaussian_blur_8,95,5,0.4202715754508972,0.34485355019569397,0.2348749190568924,1.5461669764737085
PCA11,dinov2_b,gaussian_blur_8,96,5,0.44306254386901855,0.2505126893520355,0.3064248263835907,1.5435072291019283
PCA11,dinov2_b,gaussian_blur_8,97,5,0.38729339838027954,0.2732016444206238,0.3395048677921295,1.570551485307531
PCA11,dinov2_b,gaussian_blur_8,98,5,0.18618804216384888,0.5571210980415344,0.2566908895969391,1.425313239898292
PCA11,dinov2_b,gaussian_blur_8,99,5,0.4484802186489105,0.2470073252916336,0.30451253056526184,1.53951455260724
PCA11,dinov2_b,gaussian_blur_8,100,5,0.13592739403247833,0.3814890682697296,0.48258358240127563,1.4289938841721086
PCA11,dinov2_b,gaussian_blur_8,101,5,0.20683734118938446,0.3322930634021759,0.46086955070495605,1.5134548269731365
PCA11,dinov2_b,gaussian_blur_8,102,5,0.3414756655693054,0.23200500011444092,0.42651939392089844,1.5426780246982692
PCA11,dinov2_b,gaussian_blur_8,103,5,0.3165655732154846,0.40734249353408813,0.27609193325042725,1.5657460988051466
PCA11,dinov2_b,gaussian_blur_8,104,5,0.25408172607421875,0.196283221244812,0.549635112285614,1.4378791161931035
PCA11,dinov2_b,gaussian_blur_8,105,5,0.4158521294593811,0.2663688659667969,0.31777891516685486,1.560351256681695
PCA11,dinov2_b,gaussian_blur_8,106,5,0.2694510519504547,0.15471778810024261,0.5758311152458191,1.3848449106111083
PCA11,dinov2_b,gaussian_blur_8,107,5,0.24347130954265594,0.4019314646720886,0.354597270488739,1.5551564007365497
PCA11,dinov2_b,gaussian_blur_8,108,5,0.2848278880119324,0.358289510011673,0.35688263177871704,1.5771161484771028
PCA11,dinov2_b,gaussian_blur_8,109,6,0.2911163866519928,0.3005218505859375,0.4083617925643921,1.5671626060048478
PCA11,dinov2_b,gaussian_blur_8,110,6,0.26788634061813354,0.37930750846862793,0.35280612111091614,1.569836806892401
PCA11,dinov2_b,gaussian_blur_8,111,6,0.30936917662620544,0.18930423259735107,0.5013266801834106,1.4776093694163361
PCA11,dinov2_b,gaussian_blur_8,112,6,0.2737930119037628,0.38318538665771484,0.3430216312408447,1.5714587043392259
PCA11,dinov2_b,gaussian_blur_8,113,6,0.36358025670051575,0.32556405663490295,0.310855507850647,1.5817894940879207
PCA11,dinov2_b,gaussian_blur_8,114,6,0.4309418797492981,0.22370943427085876,0.34534868597984314,1.5363522416490736
PCA11,dinov2_b,gaussian_blur_8,115,6,0.30832886695861816,0.31832873821258545,0.3733425736427307,1.5797464079754664
PCA11,dinov2_b,gaussian_blur_8,116,6,0.2454659342765808,0.37738585472106934,0.377148300409317,1.5585463868048683
PCA11,dinov2_b,gaussian_blur_8,117,6,0.32971295714378357,0.4393003582954407,0.23098653554916382,1.5374371249089394
PCA11,dinov2_b,gaussian_blur_8,118,6,0.33168962597846985,0.40049096941947937,0.2678193151950836,1.565828277065386
PCA11,dinov2_b,gaussian_blur_8,119,6,0.30543994903564453,0.3987838327884674,0.29577627778053284,1.5713388608648597
PCA11,dinov2_b,gaussian_blur_8,120,6,0.38698363304138184,0.28925299644470215,0.32376328110694885,1.5744395570187457
PCA11,dinov2_b,gaussian_blur_8,121,6,0.3116498589515686,0.3234194219112396,0.3649306893348694,1.581612022875645
PCA11,dinov2_b,gaussian_blur_8,122,6,0.3406013250350952,0.34068596363067627,0.3187127411365509,1.5842633649003264
PCA11,dinov2_b,gaussian_blur_8,123,6,0.28617700934410095,0.3301975131034851,0.38362550735473633,1.5746671472133131
PCA11,dinov2_b,gaussian_blur_8,124,6,0.3928924798965454,0.24516931176185608,0.36193814873695374,1.5574462714432995
PCA11,dinov2_b,gaussian_blur_8,125,6,0.2785925567150116,0.3475876748561859,0.3738196790218353,1.5742452151279118
PCA11,dinov2_b,gaussian_blur_8,126,7,0.3233755826950073,0.42497068643569946,0.2516537606716156,1.5522550279978238
PCA11,dinov2_b,gaussian_blur_8,127,7,0.3259293735027313,0.3215908110141754,0.3524799048900604,1.5837624714929985
PCA11,dinov2_b,gaussian_blur_8,128,7,0.39147958159446716,0.31940653920173645,0.2891137897968292,1.5731799010313796
PCA11,dinov2_b,gaussian_blur_8,129,7,0.16990900039672852,0.5507642030715942,0.27932679653167725,1.4223684695657153
PCA11,dinov2_b,gaussian_blur_8,130,7,0.4837179481983185,0.17360447347164154,0.3426775336265564,1.4748307195522528
PCA11,dinov2_b,gaussian_blur_8,131,7,0.3859386742115021,0.24442380666732788,0.36963754892349243,1.5576423224205256
PCA11,dinov2_b,gaussian_blur_8,132,7,0.17346833646297455,0.5318307876586914,0.29470083117485046,1.4423382154809756
PCA11,dinov2_b,gaussian_blur_8,133,7,0.22287312150001526,0.4158118963241577,0.3613150417804718,1.5397470119213092
PCA11,dinov2_b,gaussian_blur_8,134,7,0.3822363615036011,0.41620445251464844,0.20155924558639526,1.5224336509365575
PCA11,dinov2_b,gaussian_blur_8,135,7,0.31570160388946533,0.291401743888855,0.3928965926170349,1.57304501488805
PCA11,dinov2_b,gaussian_blur_8,136,7,0.5137097835540771,0.1393834501504898,0.3469068109989166,1.4197693917486451
PCA11,dinov2_b,gaussian_blur_8,137,7,0.3245466649532318,0.39298760890960693,0.28246575593948364,1.5716068783463513
PCA11,dinov2_b,gaussian_blur_8,138,7,0.28967761993408203,0.3038196563720703,0.40650269389152527,1.5678817565932666
PCA11,dinov2_b,gaussian_blur_8,139,7,0.33229413628578186,0.33603501319885254,0.331670880317688,1.5849384174287073
PCA11,dinov2_b,gaussian_blur_8,140,7,0.4129294455051422,0.3182307481765747,0.26883983612060547,1.5620827119165481
PCA11,dinov2_b,gaussian_blur_8,141,7,0.25732606649398804,0.31241267919540405,0.43026113510131836,1.5518118143355557
PCA11,dinov2_b,gaussian_blur_8,142,7,0.3445338010787964,0.4129924774169922,0.2424737960100174,1.5521873054621411
PCA11,dinov2_b,gaussian_blur_8,143,7,0.2836318612098694,0.2649359703063965,0.45143216848373413,1.5412912137956263
PCA11,dinov2_b,gaussian_blur_8,144,7,0.3075835406780243,0.42889541387557983,0.2635210454463959,1.5540121772070226
PCA11,dinov2_b,gaussian_blur_8,145,7,0.43576934933662415,0.24014997482299805,0.3240807354450226,1.5432543385796764
PCA11,dinov2_b,gaussian_blur_8,146,7,0.12073591351509094,0.3865966796875,0.49266743659973145,1.401483778454824
PCA11,dinov2_b,gaussian_blur_8,147,7,0.3274132311344147,0.338274747133255,0.33431196212768555,1.5848315511745015
PCA11,dinov2_b,gaussian_blur_8,148,7,0.18732459843158722,0.4162112772464752,0.396464079618454,1.5081703039041967
PCA11,dinov2_b,gaussian_blur_8,149,7,0.368740439414978,0.356865793466568,0.2743937075138092,1.5731650309400291
PCA11,dinov2_b,gaussian_blur_8,150,7,0.3662624657154083,0.3572829067707062,0.2764546573162079,1.5740398907236353
PCA11,dinov2_b,gaussian_blur_8,151,8,0.29116061329841614,0.34932491183280945,0.35951438546180725,1.5789495048066633
PCA11,dinov2_b,gaussian_blur_8,152,8,0.23076514899730682,0.31019607186317444,0.45903879404067993,1.5276709899801868
PCA11,dinov2_b,gaussian_blur_8,153,8,0.4277831017971039,0.22669681906700134,0.34552001953125,1.5391872073927009
PCA11,dinov2_b,gaussian_blur_8,154,8,0.37092041969299316,0.2949388027191162,0.33414071798324585,1.5786924338732375
PCA11,dinov2_b,gaussian_blur_8,155,8,0.4432525634765625,0.26454681158065796,0.29220065474510193,1.546444420804847
PCA11,dinov2_b,gaussian_blur_8,156,8,0.39726904034614563,0.13689377903938293,0.46583718061447144,1.435218417779327
PCA11,dinov2_b,gaussian_blur_8,157,8,0.24207432568073273,0.42955246567726135,0.3283733129501343,1.5466261769090326
PCA11,dinov2_b,gaussian_blur_8,158,8,0.3783532977104187,0.31017884612083435,0.3114679753780365,1.578515487496237
PCA11,dinov2_b,gaussian_blur_8,159,8,0.27042558789253235,0.2927468717098236,0.43682757019996643,1.550988373233179
PCA11,dinov2_b,gaussian_blur_8,160,8,0.5076305866241455,0.27759304642677307,0.21477636694908142,1.4864046107726523
PCA11,dinov2_b,gaussian_blur_8,161,8,0.3865453600883484,0.24791815876960754,0.3655364513397217,1.5596202325914788
PCA11,dinov2_b,gaussian_blur_8,162,8,0.419063538312912,0.2938878536224365,0.2870485484600067,1.5618935869062325
PCA11,dinov2_b,gaussian_blur_8,163,8,0.4067618250846863,0.2695426940917969,0.3236955404281616,1.5644362472908906
PCA11,dinov2_b,gaussian_blur_8,164,8,0.42060720920562744,0.2275448590517044,0.35184791684150696,1.5417410885198337
PCA11,dinov2_b,gaussian_blur_8,165,8,0.28784459829330444,0.46015000343322754,0.252005398273468,1.533545527101727
PCA11,dinov2_b,gaussian_blur_8,166,8,0.38781115412712097,0.12366819381713867,0.48852062225341797,1.4077785385520925
PCA11,dinov2_b,gaussian_blur_8,167,8,0.33664441108703613,0.24328550696372986,0.42007002234458923,1.5505278534789704
PCA11,dinov2_b,gaussian_blur_8,168,8,0.21730679273605347,0.3247462213039398,0.45794686675071716,1.5214807680156808
PCA11,dinov2_b,gaussian_blur_8,169,8,0.2247096747159958,0.4637221395969391,0.31156811118125916,1.5222842797051008
PCA11,dinov2_b,gaussian_blur_8,170,8,0.34805577993392944,0.4137685000896454,0.23817570507526398,1.549723836305648
PCA11,dinov2_b,gaussian_blur_8,171,8,0.3538932204246521,0.3357166647911072,0.3103901743888855,1.5828875247301377
PCA11,dinov2_b,gaussian_blur_8,172,8,0.290060818195343,0.41288912296295166,0.2970500588417053,1.5650435053412255
PCA11,dinov2_b,gaussian_blur_8,173,8,0.16184601187705994,0.49865978956222534,0.3394942283630371,1.4549254438854937
PCA11,dinov2_b,gaussian_blur_8,174,8,0.21505118906497955,0.23605328798294067,0.5488955974578857,1.443489500792945
PCA11,dinov2_b,gaussian_blur_8,175,8,0.25504958629608154,0.48907169699668884,0.255878746509552,1.51058272276179
PCA11,dinov2_b,gaussian_blur_8,176,8,0.28305214643478394,0.450400710105896,0.26654714345932007,1.5421316863075187
PCA11,dinov2_b,gaussian_blur_8,177,8,0.30449849367141724,0.43503960967063904,0.26046183705329895,1.5502714271788847
PCA11,dinov2_b,gaussian_blur_8,178,9,0.35319486260414124,0.39205530285835266,0.25474977493286133,1.562507779493974
PCA11,dinov2_b,gaussian_blur_8,179,9,0.4321620762348175,0.3087686598300934,0.25906920433044434,1.551376542503788
PCA11,dinov2_b,gaussian_blur_8,180,9,0.3559427559375763,0.24618560075759888,0.39787158370018005,1.5573075093274555
PCA11,dinov2_b,gaussian_blur_8,181,9,0.4292663335800171,0.31546592712402344,0.2552677094936371,1.551660118247495
PCA11,dinov2_b,gaussian_blur_8,182,9,0.35163623094558716,0.3637007772922516,0.28466305136680603,1.57691716322632
PCA11,dinov2_b,gaussian_blur_8,183,9,0.4579178988933563,0.20621824264526367,0.33586385846138,1.5143816991322545
PCA11,dinov2_b,gaussian_blur_8,184,9,0.3431539237499237,0.2525092363357544,0.4043368697166443,1.559105285580197
PCA11,dinov2_b,gaussian_blur_8,185,9,0.3568474352359772,0.4413362443447113,0.20181630551815033,1.5172662687217218
PCA11,dinov2_b,gaussian_blur_8,186,9,0.2929779291152954,0.29798296093940735,0.40903913974761963,1.5669234641227257
PCA11,dinov2_b,gaussian_blur_8,187,9,0.3841657340526581,0.35631629824638367,0.259518027305603,1.5657444351017076
PCA11,dinov2_b,gaussian_blur_8,188,10,0.1886388212442398,0.4424048364162445,0.3689563274383545,1.5051736996991925
PCA11,dinov2_b,gaussian_blur_8,189,10,0.08045995235443115,0.5246543288230896,0.39488571882247925,1.310083320700044
PCA11,dinov2_b,gaussian_blur_8,190,10,0.5430024266242981,0.24650447070598602,0.21049313247203827,1.4496062251341755
PCA11,dinov2_b,gaussian_blur_8,191,10,0.23931355774402618,0.4180144965648651,0.3426719903945923,1.5491915518534911
PCA11,dinov2_b,gaussian_blur_8,192,10,0.44939038157463074,0.3853844404220581,0.16522526741027832,1.4778959148790287
PCA11,dinov2_b,gaussian_blur_8,193,10,0.24153392016887665,0.3887041211128235,0.3697618544101715,1.555706654248771
PCA11,dinov2_b,gaussian_blur_8,194,10,0.2495308220386505,0.25517603754997253,0.49529314041137695,1.5045973855482944
PCA11,dinov2_b,gaussian_blur_8,195,10,0.20618435740470886,0.49648773670196533,0.29732799530029297,1.4915097522927956
PCA11,dinov2_b,gaussian_blur_8,196,10,0.2694496214389801,0.316583514213562,0.4139668047428131,1.5618321817724605
PCA11,dinov2_b,gaussian_blur_8,197,10,0.14859282970428467,0.4362850785255432,0.4151221513748169,1.4573352929338892
PCA11,dinov2_b,gaussian_blur_8,198,10,0.3343135416507721,0.2262047529220581,0.4394817650318146,1.5347890102463293
PCA11,dinov2_b,gaussian_blur_8,199,10,0.3597152531147003,0.2640102505683899,0.3762744963169098,1.5684587729033101
PCA11,dinov2_b,gaussian_blur_12,0,0,0.27220872044563293,0.5614907145500183,0.16630053520202637,1.4089367110964042
PCA11,dinov2_b,gaussian_blur_12,1,0,0.3940862715244293,0.39677348732948303,0.20914027094841003,1.5306893192138884
PCA11,dinov2_b,gaussian_blur_12,2,0,0.1841738522052765,0.43731337785720825,0.37851276993751526,1.5018896341974028
PCA11,dinov2_b,gaussian_blur_12,3,0,0.23748990893363953,0.4005568027496338,0.3619533181190491,1.5519408102684777
PCA11,dinov2_b,gaussian_blur_12,4,0,0.31565219163894653,0.33617907762527466,0.3481687307357788,1.583786837572776
PCA11,dinov2_b,gaussian_blur_12,5,0,0.3115144371986389,0.35612359642982483,0.33236199617385864,1.5828077691148563
PCA11,dinov2_b,gaussian_blur_12,6,0,0.2550646662712097,0.5511264204978943,0.19380901753902435,1.4352695115846477
PCA11,dinov2_b,gaussian_blur_12,7,0,0.3986481726169586,0.3232559859752655,0.2780958414077759,1.5690574593319093
PCA11,dinov2_b,gaussian_blur_12,8,0,0.5404305458068848,0.17506898939609528,0.284500390291214,1.4358694086110972
PCA11,dinov2_b,gaussian_blur_12,9,0,0.3551512062549591,0.5060794353485107,0.13876941800117493,1.4230591654726494
PCA11,dinov2_b,gaussian_blur_12,10,1,0.29801127314567566,0.35481223464012146,0.3471764326095581,1.58077510836021
PCA11,dinov2_b,gaussian_blur_12,11,1,0.23886331915855408,0.2972838580608368,0.4638528823852539,1.5277727356601656
PCA11,dinov2_b,gaussian_blur_12,12,1,0.442779004573822,0.2512785792350769,0.3059425354003906,1.5438783145918875
PCA11,dinov2_b,gaussian_blur_12,13,1,0.4830783009529114,0.1431397795677185,0.3737819492816925,1.4391792011396283
PCA11,dinov2_b,gaussian_blur_12,14,1,0.2700404226779938,0.4085361361503601,0.32142341136932373,1.563965215933873
PCA11,dinov2_b,gaussian_blur_12,15,1,0.33413198590278625,0.3040735423564911,0.3617944121360779,1.5813466036782011
PCA11,dinov2_b,gaussian_blur_12,16,1,0.360882967710495,0.3347507417201996,0.3043663203716278,1.5814883239287711
PCA11,dinov2_b,gaussian_blur_12,17,1,0.20753364264965057,0.419544517993927,0.37292173504829407,1.5272284872967024
PCA11,dinov2_b,gaussian_blur_12,18,1,0.3610449433326721,0.163353830575943,0.4756012558937073,1.4675688494529906
PCA11,dinov2_b,gaussian_blur_12,19,1,0.23190361261367798,0.3642110526561737,0.4038853347301483,1.547932478853105
PCA11,dinov2_b,gaussian_blur_12,20,1,0.3391323983669281,0.40536248683929443,0.25550514459609985,1.5601267235105847
PCA11,dinov2_b,gaussian_blur_12,21,1,0.2893085181713104,0.40499943494796753,0.3056921362876892,1.5684751740447083
PCA11,dinov2_b,gaussian_blur_12,22,1,0.15681740641593933,0.3686504662036896,0.47453221678733826,1.4602073032539806
PCA11,dinov2_b,gaussian_blur_12,23,1,0.3995034396648407,0.2981995642185211,0.3022969663143158,1.5711357718877563
PCA11,dinov2_b,gaussian_blur_12,24,1,0.27412495017051697,0.4511052966117859,0.27476972341537476,1.5419850319678554
PCA11,dinov2_b,gaussian_blur_12,25,1,0.3454163670539856,0.35059863328933716,0.303985059261322,1.5820948958859233
PCA11,dinov2_b,gaussian_blur_12,26,1,0.38366463780403137,0.41241490840911865,0.20392045378684998,1.5250304445515808
PCA11,dinov2_b,gaussian_blur_12,27,1,0.30919399857521057,0.31904974579811096,0.37175634503364563,1.5801432487519387
PCA11,dinov2_b,gaussian_blur_12,28,1,0.35849422216415405,0.21723826229572296,0.4242675006389618,1.5338628241452936
PCA11,dinov2_b,gaussian_blur_12,29,1,0.3836882710456848,0.32389602065086365,0.29241570830345154,1.5757566543657684
PCA11,dinov2_b,gaussian_blur_12,30,1,0.3439946174621582,0.2698458135128021,0.38615959882736206,1.5696400649442899
PCA11,dinov2_b,gaussian_blur_12,31,1,0.457949697971344,0.34410935640335083,0.19794099032878876,1.5081549693596712
PCA11,dinov2_b,gaussian_blur_12,32,1,0.47502636909484863,0.20263569056987762,0.3223379850387573,1.5033106098283122
PCA11,dinov2_b,gaussian_blur_12,33,1,0.33619561791419983,0.3457280397415161,0.31807640194892883,1.5841048096215538
PCA11,dinov2_b,gaussian_blur_12,34,2,0.4051103889942169,0.22172684967517853,0.37316280603408813,1.5406350500478927
PCA11,dinov2_b,gaussian_blur_12,35,2,0.20193132758140564,0.4065256118774414,0.3915430009365082,1.5236397474935148
PCA11,dinov2_b,gaussian_blur_12,36,2,0.2623606324195862,0.36556535959243774,0.3720740079879761,1.5678856872226214
PCA11,dinov2_b,gaussian_blur_12,37,2,0.30262434482574463,0.38463926315307617,0.3127363622188568,1.5764936576567448
PCA11,dinov2_b,gaussian_blur_12,38,2,0.27706295251846313,0.37155523896217346,0.3513818383216858,1.5739488657991636
PCA11,dinov2_b,gaussian_blur_12,39,2,0.4110555350780487,0.34321317076683044,0.24573135375976562,1.5543030942315101
PCA11,dinov2_b,gaussian_blur_12,40,2,0.36039045453071594,0.44633981585502625,0.1932697296142578,1.508373869153782
PCA11,dinov2_b,gaussian_blur_12,41,2,0.2792580723762512,0.45729178190231323,0.26345017552375793,1.5371066909053837
PCA11,dinov2_b,gaussian_blur_12,42,2,0.5164254307746887,0.22883574664592743,0.25473883748054504,1.4817946100588486
PCA11,dinov2_b,gaussian_blur_12,43,2,0.3171164393424988,0.18841926753520966,0.49446427822113037,1.4815515112370559
PCA11,dinov2_b,gaussian_blur_12,44,2,0.1855502426624298,0.37332671880722046,0.4411230683326721,1.502443658370352
PCA11,dinov2_b,gaussian_blur_12,45,2,0.3167199492454529,0.32440465688705444,0.3588753342628479,1.582803886911075
PCA11,dinov2_b,gaussian_blur_12,46,2,0.23605768382549286,0.31759586930274963,0.4463464021682739,1.5366375775973964
PCA11,dinov2_b,gaussian_blur_12,47,2,0.30704793334007263,0.27140307426452637,0.4215490221977234,1.5590336704782048
PCA11,dinov2_b,gaussian_blur_12,48,2,0.24509738385677338,0.22636212408542633,0.5285405516624451,1.468570677360352
PCA11,dinov2_b,gaussian_blur_12,49,2,0.21239310503005981,0.25964421033859253,0.5279628038406372,1.4663623642114114
PCA11,dinov2_b,gaussian_blur_12,50,3,0.3163069188594818,0.28121474385261536,0.4024783670902252,1.5684160204624218
PCA11,dinov2_b,gaussian_blur_12,51,3,0.24280816316604614,0.4441011846065521,0.3130907118320465,1.5404370684916087
PCA11,dinov2_b,gaussian_blur_12,52,3,0.26454949378967285,0.48622071743011475,0.24922975897789001,1.5129017945296361
PCA11,dinov2_b,gaussian_blur_12,53,3,0.4250046908855438,0.2570316791534424,0.3179636597633362,1.5540391755001346
PCA11,dinov2_b,gaussian_blur_12,54,3,0.44127991795539856,0.32474440336227417,0.23397569358348846,1.5380637512174122
PCA11,dinov2_b,gaussian_blur_12,55,3,0.2623678743839264,0.4972133934497833,0.24041877686977386,1.5020728183291663
PCA11,dinov2_b,gaussian_blur_12,56,3,0.22460900247097015,0.4546080529689789,0.32078292965888977,1.527140909798096
PCA11,dinov2_b,gaussian_blur_12,57,3,0.3370557427406311,0.3961940407752991,0.26675015687942505,1.566568106152578
PCA11,dinov2_b,gaussian_blur_12,58,3,0.314762145280838,0.30337533354759216,0.3818625211715698,1.5773330099675438
PCA11,dinov2_b,gaussian_blur_12,59,3,0.3450303077697754,0.3016612231731415,0.35330843925476074,1.5815800881708342
PCA11,dinov2_b,gaussian_blur_12,60,3,0.24835309386253357,0.3346787095069885,0.4169681966304779,1.5537926581769201
PCA11,dinov2_b,gaussian_blur_12,61,3,0.25771617889404297,0.3536868393421173,0.3885970711708069,1.5643794850481028
PCA11,dinov2_b,gaussian_blur_12,62,3,0.32052338123321533,0.29931703209877014,0.38015955686569214,1.5774716168427194
PCA11,dinov2_b,gaussian_blur_12,63,3,0.3917820155620575,0.2627977132797241,0.3454202115535736,1.5660365975041222
PCA11,dinov2_b,gaussian_blur_12,64,3,0.3438223898410797,0.402718186378479,0.2534595727920532,1.5599007754494814
PCA11,dinov2_b,gaussian_blur_12,65,3,0.4012555480003357,0.28821995854377747,0.31052446365356445,1.569825254096521
PCA11,dinov2_b,gaussian_blur_12,66,3,0.2569567859172821,0.38112255930900574,0.3619205951690674,1.5648045432522544
PCA11,dinov2_b,gaussian_blur_12,67,4,0.41368186473846436,0.23322252929210663,0.35309556126594543,1.5469073919927965
PCA11,dinov2_b,gaussian_blur_12,68,4,0.37200120091438293,0.09802558273077011,0.5299732089042664,1.3446188191875998
PCA11,dinov2_b,gaussian_blur_12,69,4,0.3077416718006134,0.395295649766922,0.2969626188278198,1.572697854807256
PCA11,dinov2_b,gaussian_blur_12,70,4,0.45427316427230835,0.29849329590797424,0.2472335696220398,1.536206958767757
PCA11,dinov2_b,gaussian_blur_12,71,4,0.3433200418949127,0.41300511360168457,0.24367482960224152,1.5527853340812872
PCA11,dinov2_b,gaussian_blur_12,72,4,0.38732805848121643,0.35360026359558105,0.2590716779232025,1.5651627262867391
PCA11,dinov2_b,gaussian_blur_12,73,4,0.39684033393859863,0.35343730449676514,0.24972230195999146,1.5593031976143679
PCA11,dinov2_b,gaussian_blur_12,74,4,0.3020615577697754,0.4700412154197693,0.22789712250232697,1.5198560800740983
PCA11,dinov2_b,gaussian_blur_12,75,4,0.3295285701751709,0.25389182567596436,0.41657957434654236,1.5561535213944377
PCA11,dinov2_b,gaussian_blur_12,76,4,0.5023806691169739,0.21429131925106049,0.2833280861377716,1.4906717934037845
PCA11,dinov2_b,gaussian_blur_12,77,4,0.28051260113716125,0.30294859409332275,0.4165387749671936,1.5626453577547195
PCA11,dinov2_b,gaussian_blur_12,78,4,0.4059000611305237,0.32100802659988403,0.2730918526649475,1.5656066262229587
PCA11,dinov2_b,gaussian_blur_12,79,4,0.31098800897598267,0.45881012082099915,0.23020188510417938,1.5275573823222426
PCA11,dinov2_b,gaussian_blur_12,80,4,0.39070895314216614,0.3937416672706604,0.21554934978485107,1.5363992698026143
PCA11,dinov2_b,gaussian_blur_12,81,4,0.40611347556114197,0.33616945147514343,0.25771716237068176,1.560803541639992
PCA11,dinov2_b,gaussian_blur_12,82,4,0.3235594928264618,0.11283165216445923,0.5636088848114014,1.3481243846403366
PCA11,dinov2_b,gaussian_blur_12,83,4,0.18504557013511658,0.4408561587333679,0.3740983307361603,1.5019966279762746
PCA11,dinov2_b,gaussian_blur_12,84,4,0.33272939920425415,0.27500784397125244,0.3922627568244934,1.570020927071896
PCA11,dinov2_b,gaussian_blur_12,85,4,0.26227614283561707,0.48400038480758667,0.25372353196144104,1.515158629383916
PCA11,dinov2_b,gaussian_blur_12,86,4,0.3033078908920288,0.2608085870742798,0.435883492231369,1.549910345172111
PCA11,dinov2_b,gaussian_blur_12,87,5,0.3676582872867584,0.2974851429462433,0.3348565697669983,1.5796046565449005
PCA11,dinov2_b,gaussian_blur_12,88,5,0.24434930086135864,0.4224126935005188,0.33323806524276733,1.5502403596005045
PCA11,dinov2_b,gaussian_blur_12,89,5,0.29148900508880615,0.3014680743217468,0.4070430397987366,1.5677575354550042
PCA11,dinov2_b,gaussian_blur_12,90,5,0.3055168092250824,0.259219229221344,0.4352640211582184,1.5498690813312401
PCA11,dinov2_b,gaussian_blur_12,91,5,0.15952065587043762,0.4880383312702179,0.35244104266166687,1.45779128148417
PCA11,dinov2_b,gaussian_blur_12,92,5,0.27428218722343445,0.2718355357646942,0.45388227701187134,1.539964309412083
PCA11,dinov2_b,gaussian_blur_12,93,5,0.3158014416694641,0.27814459800720215,0.40605399012565613,1.566604628087147
PCA11,dinov2_b,gaussian_blur_12,94,5,0.2464473843574524,0.3836245536804199,0.36992812156677246,1.5589716734165324
PCA11,dinov2_b,gaussian_blur_12,95,5,0.4414118528366089,0.23542380332946777,0.3231642544269562,1.5386782180264673
PCA11,dinov2_b,gaussian_blur_12,96,5,0.4522162675857544,0.3138484060764313,0.23393522202968597,1.5327458356578325
PCA11,dinov2_b,gaussian_blur_12,97,5,0.519143283367157,0.2768198251724243,0.2040369212627411,1.4718217412520125
PCA11,dinov2_b,gaussian_blur_12,98,5,0.2755710184574127,0.2484479397535324,0.4759809076786041,1.521340626069497
PCA11,dinov2_b,gaussian_blur_12,99,5,0.35497456789016724,0.41494667530059814,0.23007868230342865,1.5446966098820258
PCA11,dinov2_b,gaussian_blur_12,100,5,0.36428403854370117,0.3516328036785126,0.28408315777778625,1.576710485832924
PCA11,dinov2_b,gaussian_blur_12,101,5,0.25384557247161865,0.501534104347229,0.24462035298347473,1.4983359550376836
PCA11,dinov2_b,gaussian_blur_12,102,5,0.3728102147579193,0.1908302903175354,0.43635937571525574,1.508770975592575
PCA11,dinov2_b,gaussian_blur_12,103,5,0.40263810753822327,0.31237131357192993,0.2849905490875244,1.5689291439145332
PCA11,dinov2_b,gaussian_blur_12,104,5,0.22464889287948608,0.4390656054019928,0.33628544211387634,1.5340599868876421
PCA11,dinov2_b,gaussian_blur_12,105,5,0.31297561526298523,0.5506762862205505,0.13634808361530304,1.3904397707708744
PCA11,dinov2_b,gaussian_blur_12,106,5,0.22251611948013306,0.13952620327472687,0.6379576921463013,1.2925623775738626
PCA11,dinov2_b,gaussian_blur_12,107,5,0.24038946628570557,0.4290960431098938,0.3305145800113678,1.5460430122648934
PCA11,dinov2_b,gaussian_blur_12,108,5,0.3068344295024872,0.37618488073349,0.3169806897640228,1.5789989719907367
PCA11,dinov2_b,gaussian_blur_12,109,6,0.3119335472583771,0.2729859948158264,0.4150804877281189,1.5621387270677876
PCA11,dinov2_b,gaussian_blur_12,110,6,0.29818156361579895,0.29837295413017273,0.4034455418586731,1.5694848834396287
PCA11,dinov2_b,gaussian_blur_12,111,6,0.5327876806259155,0.2770053744316101,0.19020697474479675,1.452408392346265
PCA11,dinov2_b,gaussian_blur_12,112,6,0.24206918478012085,0.38675329089164734,0.3711774945259094,1.556164270117549
PCA11,dinov2_b,gaussian_blur_12,113,6,0.36301088333129883,0.33783257007598877,0.2991564869880676,1.5804482321769602
PCA11,dinov2_b,gaussian_blur_12,114,6,0.41530248522758484,0.23762081563472748,0.3470767140388489,1.5490303923908089
PCA11,dinov2_b,gaussian_blur_12,115,6,0.28502213954925537,0.27682626247406006,0.43815159797668457,1.5506965713028333
PCA11,dinov2_b,gaussian_blur_12,116,6,0.22623306512832642,0.34765100479125977,0.4261159300804138,1.5394040759864247
PCA11,dinov2_b,gaussian_blur_12,117,6,0.3316180408000946,0.43626952171325684,0.23211245238780975,1.5392429445418743
PCA11,dinov2_b,gaussian_blur_12,118,6,0.40101632475852966,0.380985826253891,0.21799780428409576,1.5381267265496128
PCA11,dinov2_b,gaussian_blur_12,119,6,0.3442321717739105,0.4074245095252991,0.2483433037996292,1.556461669282787
PCA11,dinov2_b,gaussian_blur_12,120,6,0.3896533250808716,0.2983931303024292,0.3119535446166992,1.5747047924916293
PCA11,dinov2_b,gaussian_blur_12,121,6,0.2487465739250183,0.3921477198600769,0.3591057360172272,1.5594902122494467
PCA11,dinov2_b,gaussian_blur_12,122,6,0.3384738564491272,0.3314291536808014,0.3300969898700714,1.5848750063519486
PCA11,dinov2_b,gaussian_blur_12,123,6,0.3141288161277771,0.42354005575180054,0.26233118772506714,1.5561633764087142
PCA11,dinov2_b,gaussian_blur_12,124,6,0.3482802212238312,0.2469031810760498,0.4048166871070862,1.5563650902088302
PCA11,dinov2_b,gaussian_blur_12,125,6,0.30345505475997925,0.4102019965648651,0.2863430082798004,1.5660462448840042
PCA11,dinov2_b,gaussian_blur_12,126,7,0.24130308628082275,0.38965848088264465,0.3690384328365326,1.5554931680353377
PCA11,dinov2_b,gaussian_blur_12,127,7,0.4428994953632355,0.26031434535980225,0.2967860698699951,1.5459486091992063
PCA11,dinov2_b,gaussian_blur_12,128,7,0.395465224981308,0.38701826333999634,0.21751658618450165,1.5380244888404584
PCA11,dinov2_b,gaussian_blur_12,129,7,0.39618369936943054,0.29576537013053894,0.3080509305000305,1.572310354650261
PCA11,dinov2_b,gaussian_blur_12,130,7,0.23190085589885712,0.34611424803733826,0.4219849109649658,1.543994562437774
PCA11,dinov2_b,gaussian_blur_12,131,7,0.2886180579662323,0.3830936849117279,0.3282882869243622,1.5752626143136093
PCA11,dinov2_b,gaussian_blur_12,132,7,0.3125593662261963,0.39767003059387207,0.2897704839706421,1.5712791731420959
PCA11,dinov2_b,gaussian_blur_12,133,7,0.23367953300476074,0.46362119913101196,0.30269932746887207,1.5261325834867687
PCA11,dinov2_b,gaussian_blur_12,134,7,0.3733537495136261,0.3945123255252838,0.23213404417037964,1.5491582310186542
PCA11,dinov2_b,gaussian_blur_12,135,7,0.3383960723876953,0.31569069623947144,0.34591320157051086,1.5838832801008744
PCA11,dinov2_b,gaussian_blur_12,136,7,0.2610514163970947,0.39120686054229736,0.3477417528629303,1.5654321318173694
PCA11,dinov2_b,gaussian_blur_12,137,7,0.24700938165187836,0.3866089880466461,0.36638161540031433,1.5591022264274228
PCA11,dinov2_b,gaussian_blur_12,138,7,0.31256088614463806,0.3013405203819275,0.3860985040664673,1.5759891107377393
PCA11,dinov2_b,gaussian_blur_12,139,7,0.3154202997684479,0.3183495104312897,0.3662302494049072,1.5814935278283606
PCA11,dinov2_b,gaussian_blur_12,140,7,0.4270830750465393,0.394804447889328,0.1781124621629715,1.4969032081343019
PCA11,dinov2_b,gaussian_blur_12,141,7,0.41899609565734863,0.2872794568538666,0.2937244474887848,1.5619357600761248
PCA11,dinov2_b,gaussian_blur_12,142,7,0.4912084639072418,0.11884540319442749,0.38994622230529785,1.3987745256343065
PCA11,dinov2_b,gaussian_blur_12,143,7,0.3066112697124481,0.2707188129425049,0.4226698875427246,1.5583955028312206
PCA11,dinov2_b,gaussian_blur_12,144,7,0.3527052402496338,0.361190527677536,0.2861041724681854,1.5774585132725718
PCA11,dinov2_b,gaussian_blur_12,145,7,0.361476868391037,0.29791417717933655,0.34060898423194885,1.5803645800819144
PCA11,dinov2_b,gaussian_blur_12,146,7,0.3495630621910095,0.45514458417892456,0.1952923983335495,1.5070984198673512
PCA11,dinov2_b,gaussian_blur_12,147,7,0.33675336837768555,0.47063398361206055,0.19261278212070465,1.498204365399004
PCA11,dinov2_b,gaussian_blur_12,148,7,0.30833181738853455,0.42805492877960205,0.263613224029541,1.5544333466585658
PCA11,dinov2_b,gaussian_blur_12,149,7,0.3697322905063629,0.324972003698349,0.30529576539993286,1.5802908571390937
PCA11,dinov2_b,gaussian_blur_12,150,7,0.3132797181606293,0.37117427587509155,0.3155459463596344,1.580389294925449
PCA11,dinov2_b,gaussian_blur_12,151,8,0.2894710898399353,0.33721646666526794,0.37331241369247437,1.5772426249761993
PCA11,dinov2_b,gaussian_blur_12,152,8,0.3712227940559387,0.3311338722705841,0.29764336347579956,1.5790962197260447
PCA11,dinov2_b,gaussian_blur_12,153,8,0.3627868890762329,0.2403528243303299,0.396860271692276,1.5541708690856408
PCA11,dinov2_b,gaussian_blur_12,154,8,0.4256986677646637,0.23769359290599823,0.33660775423049927,1.5459622105488537
PCA11,dinov2_b,gaussian_blur_12,155,8,0.4169237017631531,0.3214230537414551,0.26165327429771423,1.5586422696797109
PCA11,dinov2_b,gaussian_blur_12,156,8,0.35282430052757263,0.3253280222415924,0.32184767723083496,1.583727332702034
PCA11,dinov2_b,gaussian_blur_12,157,8,0.27507734298706055,0.3840457499027252,0.34087690711021423,1.5717235256893245
PCA11,dinov2_b,gaussian_blur_12,158,8,0.28384366631507874,0.4124384820461273,0.3037179112434387,1.5648396877880115
PCA11,dinov2_b,gaussian_blur_12,159,8,0.3724949061870575,0.22032172977924347,0.4071834683418274,1.539319148024406
PCA11,dinov2_b,gaussian_blur_12,160,8,0.44965067505836487,0.30753302574157715,0.2428162544965744,1.5375199658653487
PCA11,dinov2_b,gaussian_blur_12,161,8,0.2798760235309601,0.44542843103408813,0.2746955454349518,1.5459266648652623
PCA11,dinov2_b,gaussian_blur_12,162,8,0.23624014854431152,0.38431668281555176,0.37944307923316956,1.5524691029514708
PCA11,dinov2_b,gaussian_blur_12,163,8,0.3978118300437927,0.25910839438438416,0.34307965636253357,1.5633703177185847
PCA11,dinov2_b,gaussian_blur_12,164,8,0.42618080973625183,0.28441011905670166,0.2894090414047241,1.558006866641185
PCA11,dinov2_b,gaussian_blur_12,165,8,0.26895231008529663,0.41995540261268616,0.3110922873020172,1.559267402877166
PCA11,dinov2_b,gaussian_blur_12,166,8,0.1618042290210724,0.5092028379440308,0.32899296283721924,1.448636439853896
PCA11,dinov2_b,gaussian_blur_12,167,8,0.42548897862434387,0.16533063352108002,0.4091804623603821,1.4813504359517262
PCA11,dinov2_b,gaussian_blur_12,168,8,0.2325633466243744,0.3324836194515228,0.4349530041217804,1.539990830713649
PCA11,dinov2_b,gaussian_blur_12,169,8,0.29741039872169495,0.4364241361618042,0.26616549491882324,1.5506316289935012
PCA11,dinov2_b,gaussian_blur_12,170,8,0.4175868332386017,0.30279701948165894,0.27961617708206177,1.5620603789339573
PCA11,dinov2_b,gaussian_blur_12,171,8,0.32895347476005554,0.34942448139190674,0.3216220438480377,1.5840689383243511
PCA11,dinov2_b,gaussian_blur_12,172,8,0.39630621671676636,0.3124564290046692,0.29123738408088684,1.5719044990720725
PCA11,dinov2_b,gaussian_blur_12,173,8,0.2194899320602417,0.44285956025123596,0.33765050768852234,1.5294839806286946
PCA11,dinov2_b,gaussian_blur_12,174,8,0.25001955032348633,0.2886951267719269,0.46128520369529724,1.5323810723026239
PCA11,dinov2_b,gaussian_blur_12,175,8,0.4367067515850067,0.27361559867858887,0.2896776497364044,1.551372780427151
PCA11,dinov2_b,gaussian_blur_12,176,8,0.4826740324497223,0.2573835253715515,0.2599424123764038,1.5164504880945637
PCA11,dinov2_b,gaussian_blur_12,177,8,0.3226335644721985,0.4182399809360504,0.2591264247894287,1.5573743015939514
PCA11,dinov2_b,gaussian_blur_12,178,9,0.32298171520233154,0.3773929476737976,0.29962536692619324,1.5781547873738324
PCA11,dinov2_b,gaussian_blur_12,179,9,0.5594466924667358,0.09337589144706726,0.34717750549316406,1.3180778269081892
PCA11,dinov2_b,gaussian_blur_12,180,9,0.22087164223194122,0.34594643115997314,0.4331818222999573,1.5338238366905452
PCA11,dinov2_b,gaussian_blur_12,181,9,0.09860668331384659,0.6095978617668152,0.2917955219745636,1.283368074522387
PCA11,dinov2_b,gaussian_blur_12,182,9,0.29035380482673645,0.3979930579662323,0.311653196811676,1.5712277364752127
PCA11,dinov2_b,gaussian_blur_12,183,9,0.39411088824272156,0.22428955137729645,0.38159942626953125,1.5434880060532463
PCA11,dinov2_b,gaussian_blur_12,184,9,0.40780940651893616,0.26372265815734863,0.3284680247306824,1.5624100492451292
PCA11,dinov2_b,gaussian_blur_12,185,9,0.3395017683506012,0.3240487575531006,0.33644944429397583,1.5846714107868225
PCA11,dinov2_b,gaussian_blur_12,186,9,0.33029696345329285,0.3719315528869629,0.29777154326438904,1.578996542097296
PCA11,dinov2_b,gaussian_blur_12,187,9,0.3729281425476074,0.3785848021507263,0.24848715960979462,1.560353623505973
PCA11,dinov2_b,gaussian_blur_12,188,10,0.2832079827785492,0.4089285135269165,0.3078635334968567,1.5662638127596797
PCA11,dinov2_b,gaussian_blur_12,189,10,0.1341281235218048,0.3565021753311157,0.5093697309494019,1.414953298708915
PCA11,dinov2_b,gaussian_blur_12,190,10,0.4977423846721649,0.2533322274684906,0.24892541766166687,1.5022150320658807
PCA11,dinov2_b,gaussian_blur_12,191,10,0.43526074290275574,0.28053155541419983,0.28420767188072205,1.552594804767374
PCA11,dinov2_b,gaussian_blur_12,192,10,0.1880527287721634,0.44122999906539917,0.37071728706359863,1.5049045531488154
PCA11,dinov2_b,gaussian_blur_12,193,10,0.2425738126039505,0.3886784017086029,0.36874768137931824,1.5563421528626942
PCA11,dinov2_b,gaussian_blur_12,194,10,0.34335681796073914,0.09978833794593811,0.5568549633026123,1.331660758057396
PCA11,dinov2_b,gaussian_blur_12,195,10,0.3484647870063782,0.350819855928421,0.30071526765823364,1.5814424972625056
PCA11,dinov2_b,gaussian_blur_12,196,10,0.3339795768260956,0.23702462017536163,0.428995817899704,1.5444748787924676
PCA11,dinov2_b,gaussian_blur_12,197,10,0.3848850429058075,0.2976599633693695,0.317454993724823,1.5760745926256012
PCA11,dinov2_b,gaussian_blur_12,198,10,0.2156168669462204,0.350912868976593,0.4334702491760254,1.5301864056119554
PCA11,dinov2_b,gaussian_blur_12,199,10,0.33438223600387573,0.3080192506313324,0.35759854316711426,1.5822925481983385
PCA11,dinov2_b,defocus_blur_5,0,0,0.3400439918041229,0.3431863486766815,0.31676962971687317,1.5840538408242355
PCA11,dinov2_b,defocus_blur_5,1,0,0.3057209551334381,0.34400802850723267,0.3502710461616516,1.5824104177893628
PCA11,dinov2_b,defocus_blur_5,2,0,0.38012638688087463,0.4884255826473236,0.13144798576831818,1.4201816831280685
PCA11,dinov2_b,defocus_blur_5,3,0,0.2522413432598114,0.3680892288684845,0.37966930866241455,1.5624405877401588
PCA11,dinov2_b,defocus_blur_5,4,0,0.18422497808933258,0.32356512546539307,0.49220988154411316,1.4796768196185577
PCA11,dinov2_b,defocus_blur_5,5,0,0.27919963002204895,0.34017741680145264,0.380622923374176,1.5735203889517628
PCA11,dinov2_b,defocus_blur_5,6,0,0.24143247306346893,0.2141701877117157,0.5443973541259766,1.4487302444757892
PCA11,dinov2_b,defocus_blur_5,7,0,0.3511445224285126,0.25986558198928833,0.3889898657798767,1.5652813644891517
PCA11,dinov2_b,defocus_blur_5,8,0,0.13938234746456146,0.645950436592102,0.21466712653636932,1.2800458870150075
PCA11,dinov2_b,defocus_blur_5,9,0,0.25485217571258545,0.24647875130176544,0.4986690580844879,1.5012249337245591
PCA11,dinov2_b,defocus_blur_5,10,1,0.5718392729759216,0.1756257861852646,0.25253504514694214,1.4031982980736086
PCA11,dinov2_b,defocus_blur_5,11,1,0.3158077001571655,0.5334901809692383,0.15070216357707977,1.4201930339745925
PCA11,dinov2_b,defocus_blur_5,12,1,0.19576282799243927,0.3542328476905823,0.4500042200088501,1.509363194164297
PCA11,dinov2_b,defocus_blur_5,13,1,0.16832095384597778,0.4243708848953247,0.4073081612586975,1.485275895941017
PCA11,dinov2_b,defocus_blur_5,14,1,0.4756895899772644,0.41460752487182617,0.10970286279916763,1.3862908256138038
PCA11,dinov2_b,defocus_blur_5,15,1,0.45667436718940735,0.48317423462867737,0.060151491314172745,1.267355428726063
PCA11,dinov2_b,defocus_blur_5,16,1,0.409852534532547,0.44234952330589294,0.14779801666736603,1.4556101482874348
PCA11,dinov2_b,defocus_blur_5,17,1,0.4703098237514496,0.45721787214279175,0.07247235625982285,1.3024773237807703
PCA11,dinov2_b,defocus_blur_5,18,1,0.3148820102214813,0.16394226253032684,0.521175742149353,1.4426154865914933
PCA11,dinov2_b,defocus_blur_5,19,1,0.21884547173976898,0.380420982837677,0.40073350071907043,1.5388272425977578
PCA11,dinov2_b,defocus_blur_5,20,1,0.26373767852783203,0.5448886752128601,0.19137375056743622,1.4409543235942586
PCA11,dinov2_b,defocus_blur_5,21,1,0.49946483969688416,0.12622463703155518,0.37431052327156067,1.4077922227497721
PCA11,dinov2_b,defocus_blur_5,22,1,0.14973396062850952,0.41701722145080566,0.4332488179206848,1.4592166484311093
PCA11,dinov2_b,defocus_blur_5,23,1,0.4145731031894684,0.3799566626548767,0.2054702192544937,1.5261760491617657
PCA11,dinov2_b,defocus_blur_5,24,1,0.6376027464866638,0.2760561406612396,0.08634104579687119,1.231716277814567
PCA11,dinov2_b,defocus_blur_5,25,1,0.657957911491394,0.07711440324783325,0.2649276852607727,1.1901319257936391
PCA11,dinov2_b,defocus_blur_5,26,1,0.4314655363559723,0.35233888030052185,0.21619556844234467,1.531192110766081
PCA11,dinov2_b,defocus_blur_5,27,1,0.37887251377105713,0.46883368492126465,0.1522938758134842,1.4563575351967104
PCA11,dinov2_b,defocus_blur_5,28,1,0.11264406889677048,0.5153036117553711,0.37205231189727783,1.3784409852613768
PCA11,dinov2_b,defocus_blur_5,29,1,0.08516877144575119,0.4823662340641022,0.4324650466442108,1.3330015891351457
PCA11,dinov2_b,defocus_blur_5,30,1,0.14539499580860138,0.4198525547981262,0.4347524344921112,1.452612885473775
PCA11,dinov2_b,defocus_blur_5,31,1,0.6893656849861145,0.10235641151666641,0.20827782154083252,1.177955272284175
PCA11,dinov2_b,defocus_blur_5,32,1,0.06733860820531845,0.4851500988006592,0.44751137495040894,1.2874778191919143
PCA11,dinov2_b,defocus_blur_5,33,1,0.4284641742706299,0.4563824534416199,0.11515331268310547,1.3994780311462895
PCA11,dinov2_b,defocus_blur_5,34,2,0.2551557719707489,0.4460020959377289,0.29884210228919983,1.5430807312142072
PCA11,dinov2_b,defocus_blur_5,35,2,0.12863245606422424,0.3806855380535126,0.49068209528923035,1.415000317883769
PCA11,dinov2_b,defocus_blur_5,36,2,0.1527933031320572,0.4459839165210724,0.40122270584106445,1.462286624578598
PCA11,dinov2_b,defocus_blur_5,37,2,0.2057640254497528,0.5532671809196472,0.2409687340259552,1.436526922007066
PCA11,dinov2_b,defocus_blur_5,38,2,0.42958006262779236,0.34763407707214355,0.2227858453989029,1.5361919508803448
PCA11,dinov2_b,defocus_blur_5,39,2,0.21195921301841736,0.5729660987854004,0.21507471799850464,1.4116005686356423
PCA11,dinov2_b,defocus_blur_5,40,2,0.1113143265247345,0.5246882438659668,0.3639974594116211,1.371478241186764
PCA11,dinov2_b,defocus_blur_5,41,2,0.12105002254247665,0.5476242899894714,0.3313256502151489,1.3725281743546343
PCA11,dinov2_b,defocus_blur_5,42,2,0.16954483091831207,0.4159133732318878,0.4145418703556061,1.4871160035635307
PCA11,dinov2_b,defocus_blur_5,43,2,0.19614963233470917,0.39125367999076843,0.412596732378006,1.5176017330354183
PCA11,dinov2_b,defocus_blur_5,44,2,0.20154885947704315,0.3229529857635498,0.47549813985824585,1.5023134461218908
PCA11,dinov2_b,defocus_blur_5,45,2,0.1599455028772354,0.41560766100883484,0.4244469106197357,1.4741665520210774
PCA11,dinov2_b,defocus_blur_5,46,2,0.12064013630151749,0.2925882637500763,0.5867716073989868,1.3381778830165203
PCA11,dinov2_b,defocus_blur_5,47,2,0.38394659757614136,0.4971019923686981,0.11895149946212769,1.3968756914221165
PCA11,dinov2_b,defocus_blur_5,48,2,0.13311007618904114,0.37622687220573425,0.49066299200057983,1.4218673703655438
PCA11,dinov2_b,defocus_blur_5,49,2,0.14612296223640442,0.22209516167640686,0.6317818760871887,1.3061235559482953
PCA11,dinov2_b,defocus_blur_5,50,3,0.42543676495552063,0.14015327394008636,0.434410035610199,1.4444192395707218
PCA11,dinov2_b,defocus_blur_5,51,3,0.33562806248664856,0.3297275900840759,0.3346443176269531,1.5849191794224955
PCA11,dinov2_b,defocus_blur_5,52,3,0.49831926822662354,0.3528215289115906,0.14885924756526947,1.4400891476747495
PCA11,dinov2_b,defocus_blur_5,53,3,0.25820353627204895,0.32799622416496277,0.41380029916763306,1.5586443886113988
PCA11,dinov2_b,defocus_blur_5,54,3,0.24582907557487488,0.3762323260307312,0.3779386281967163,1.5587683222170305
PCA11,dinov2_b,defocus_blur_5,55,3,0.3642767369747162,0.32733815908432007,0.3083850145339966,1.5814916267769106
PCA11,dinov2_b,defocus_blur_5,56,3,0.2683890759944916,0.35747480392456055,0.37413617968559265,1.5704807383622443
PCA11,dinov2_b,defocus_blur_5,57,3,0.41179001331329346,0.40754401683807373,0.18066586554050446,1.500849830621839
PCA11,dinov2_b,defocus_blur_5,58,3,0.19898441433906555,0.37798169255256653,0.42303377389907837,1.5190790923522952
PCA11,dinov2_b,defocus_blur_5,59,3,0.3735106587409973,0.2987193167209625,0.32777002453804016,1.5788468448254622
PCA11,dinov2_b,defocus_blur_5,60,3,0.2925960421562195,0.27997568249702454,0.42742836475372314,1.557120854605565
PCA11,dinov2_b,defocus_blur_5,61,3,0.5483995676040649,0.25417742133140564,0.1974230408668518,1.4396721077024308
PCA11,dinov2_b,defocus_blur_5,62,3,0.2900622487068176,0.5022488236427307,0.2076888382434845,1.4878576920175897
PCA11,dinov2_b,defocus_blur_5,63,3,0.43969786167144775,0.3744224011898041,0.1858796626329422,1.5031129729400798
PCA11,dinov2_b,defocus_blur_5,64,3,0.5689792633056641,0.18409574031829834,0.2469249665737152,1.4106176685359182
PCA11,dinov2_b,defocus_blur_5,65,3,0.379401832818985,0.28545427322387695,0.33514389395713806,1.5753436614969998
PCA11,dinov2_b,defocus_blur_5,66,3,0.3822583854198456,0.36303409934043884,0.2547074854373932,1.5635891895640224
PCA11,dinov2_b,defocus_blur_5,67,4,0.3148690164089203,0.4500216841697693,0.23510928452014923,1.5343856972064516
PCA11,dinov2_b,defocus_blur_5,68,4,0.462299644947052,0.13257873058319092,0.4051216244697571,1.4291687126360355
PCA11,dinov2_b,defocus_blur_5,69,4,0.27868354320526123,0.3571474254131317,0.36416906118392944,1.57491798632344
PCA11,dinov2_b,defocus_blur_5,70,4,0.4735398292541504,0.11991147696971893,0.4065486490726471,1.4055129740811592
PCA11,dinov2_b,defocus_blur_5,71,4,0.45272529125213623,0.21413661539554596,0.33313819766044617,1.5220008920005719
PCA11,dinov2_b,defocus_blur_5,72,4,0.3811112344264984,0.2843843996524811,0.3345044255256653,1.5747807487493541
PCA11,dinov2_b,defocus_blur_5,73,4,0.5484278202056885,0.07576654106378555,0.37580573558807373,1.28792297806989
PCA11,dinov2_b,defocus_blur_5,74,4,0.3742217719554901,0.3314904570579529,0.29428768157958984,1.5780404699552775
PCA11,dinov2_b,defocus_blur_5,75,4,0.2455359697341919,0.3101259768009186,0.4443380534648895,1.5412756364031033
PCA11,dinov2_b,defocus_blur_5,76,4,0.5211316347122192,0.19203099608421326,0.2868371903896332,1.463950069670458
PCA11,dinov2_b,defocus_blur_5,77,4,0.3569363057613373,0.254224956035614,0.3888387680053711,1.5626964122590845
PCA11,dinov2_b,defocus_blur_5,78,4,0.35694798827171326,0.24306662380695343,0.3999854326248169,1.5552701582173878
PCA11,dinov2_b,defocus_blur_5,79,4,0.33090531826019287,0.35275372862815857,0.3163410425186157,1.5835132060443322
PCA11,dinov2_b,defocus_blur_5,80,4,0.5174553394317627,0.3977530598640442,0.08479160815477371,1.3227241238734446
PCA11,dinov2_b,defocus_blur_5,81,4,0.25019949674606323,0.3964915871620178,0.35330885648727417,1.5595996990097967
PCA11,dinov2_b,defocus_blur_5,82,4,0.23163555562496185,0.3116307556629181,0.45673367381095886,1.5293303244995076
PCA11,dinov2_b,defocus_blur_5,83,4,0.44823405146598816,0.46530234813690186,0.0864635780453682,1.3378605994897272
PCA11,dinov2_b,defocus_blur_5,84,4,0.33746740221977234,0.31968429684638977,0.3428483307361603,1.584322813083196
PCA11,dinov2_b,defocus_blur_5,85,4,0.3859489858150482,0.2589087188243866,0.3551422357559204,1.5652623965202048
PCA11,dinov2_b,defocus_blur_5,86,4,0.3790980875492096,0.31863293051719666,0.30226898193359375,1.577993316314513
PCA11,dinov2_b,defocus_blur_5,87,5,0.10240121930837631,0.4191879332065582,0.4784107208251953,1.3713395069688694
PCA11,dinov2_b,defocus_blur_5,88,5,0.09329032152891159,0.31802842020988464,0.5886812210083008,1.2948924320965471
PCA11,dinov2_b,defocus_blur_5,89,5,0.19687272608280182,0.3378908336162567,0.4652363359928131,1.5041293497128385
PCA11,dinov2_b,defocus_blur_5,90,5,0.09028714150190353,0.5562272071838379,0.3534855842590332,1.3142719583270979
PCA11,dinov2_b,defocus_blur_5,91,5,0.1266321837902069,0.20323534309864044,0.670132577419281,1.2317084117812063
PCA11,dinov2_b,defocus_blur_5,92,5,0.07776448875665665,0.4777727425098419,0.44446277618408203,1.3156202832574628
PCA11,dinov2_b,defocus_blur_5,93,5,0.1200762391090393,0.4115816652774811,0.4683420956134796,1.4068607621876454
PCA11,dinov2_b,defocus_blur_5,94,5,0.14425529539585114,0.31528717279434204,0.5404576063156128,1.4077739203554245
PCA11,dinov2_b,defocus_blur_5,95,5,0.2490103393793106,0.30340632796287537,0.4475833773612976,1.5406043952553246
PCA11,dinov2_b,defocus_blur_5,96,5,0.18841564655303955,0.4839443266391754,0.3276400566101074,1.4878787666805975
PCA11,dinov2_b,defocus_blur_5,97,5,0.1455126702785492,0.30593928694725037,0.5485481023788452,1.4026050628515017
PCA11,dinov2_b,defocus_blur_5,98,5,0.04748454689979553,0.4406716227531433,0.5118438601493835,1.2242895744071078
PCA11,dinov2_b,defocus_blur_5,99,5,0.0812193974852562,0.2979728579521179,0.6208077669143677,1.2416425866669387
PCA11,dinov2_b,defocus_blur_5,100,5,0.08197806775569916,0.4073033332824707,0.5107186436653137,1.318711511934249
PCA11,dinov2_b,defocus_blur_5,101,5,0.1701563596725464,0.46551060676574707,0.36433300375938416,1.478985301066176
PCA11,dinov2_b,defocus_blur_5,102,5,0.06489343196153641,0.3485657274723053,0.5865408778190613,1.2375071513317342
PCA11,dinov2_b,defocus_blur_5,103,5,0.16606594622135162,0.4385836720466614,0.39535024762153625,1.480942289420027
PCA11,dinov2_b,defocus_blur_5,104,5,0.10041657090187073,0.203414648771286,0.6961687803268433,1.1640623738797213
PCA11,dinov2_b,defocus_blur_5,105,5,0.08860644698143005,0.2736709415912628,0.6377224922180176,1.2353129203252682
PCA11,dinov2_b,defocus_blur_5,106,5,0.29836663603782654,0.3052215278148651,0.3964118957519531,1.5723449084792238
PCA11,dinov2_b,defocus_blur_5,107,5,0.1418977826833725,0.43816325068473816,0.41993898153305054,1.44701043560766
PCA11,dinov2_b,defocus_blur_5,108,5,0.12633062899112701,0.4921357035636902,0.3815337121486664,1.4108305135311356
PCA11,dinov2_b,defocus_blur_5,109,6,0.22939449548721313,0.30715620517730713,0.46344929933547974,1.5245342825083261
PCA11,dinov2_b,defocus_blur_5,110,6,0.3804991543292999,0.3791697323322296,0.24033111333847046,1.5552576842862926
PCA11,dinov2_b,defocus_blur_5,111,6,0.39827436208724976,0.42927029728889465,0.172455295920372,1.4899978145459971
PCA11,dinov2_b,defocus_blur_5,112,6,0.6013141870498657,0.3226683437824249,0.07601742446422577,1.250401309880746
PCA11,dinov2_b,defocus_blur_5,113,6,0.18851637840270996,0.42378175258636475,0.3877018392086029,1.5086835808169246
PCA11,dinov2_b,defocus_blur_5,114,6,0.5111225843429565,0.3680551052093506,0.12082230299711227,1.394028894260412
PCA11,dinov2_b,defocus_blur_5,115,6,0.4640539586544037,0.3550877571105957,0.18085817992687225,1.49060552608822
PCA11,dinov2_b,defocus_blur_5,116,6,0.1947340965270996,0.4528982937335968,0.3523675799369812,1.5074594669131636
PCA11,dinov2_b,defocus_blur_5,117,6,0.4083474576473236,0.42962679266929626,0.16202561557292938,1.4767181055769902
PCA11,dinov2_b,defocus_blur_5,118,6,0.35858139395713806,0.4064752757549286,0.23494327068328857,1.54942204923577
PCA11,dinov2_b,defocus_blur_5,119,6,0.4782150387763977,0.4165932238101959,0.10519175976514816,1.3769849514552521
PCA11,dinov2_b,defocus_blur_5,120,6,0.3469164967536926,0.37344467639923096,0.27963873744010925,1.5746145022463829
PCA11,dinov2_b,defocus_blur_5,121,6,0.2425103336572647,0.44324392080307007,0.31424567103385925,1.5407556144543642
PCA11,dinov2_b,defocus_blur_5,122,6,0.4030665159225464,0.3973638713359833,0.19956958293914795,1.5214675407235485
PCA11,dinov2_b,defocus_blur_5,123,6,0.2480638325214386,0.359520822763443,0.3924153745174408,1.5590927224824664
PCA11,dinov2_b,defocus_blur_5,124,6,0.4939333200454712,0.3595339357852936,0.1465328335762024,1.4392317369955767
PCA11,dinov2_b,defocus_blur_5,125,6,0.4927482306957245,0.1492931991815567,0.3579585552215576,1.4433048201237244
PCA11,dinov2_b,defocus_blur_5,126,7,0.5498511791229248,0.13517382740974426,0.31497496366500854,1.389687307687763
PCA11,dinov2_b,defocus_blur_5,127,7,0.226436585187912,0.399361252784729,0.37420225143432617,1.5447206082229352
PCA11,dinov2_b,defocus_blur_5,128,7,0.44658589363098145,0.37350597977638245,0.17990808188915253,1.4952639900498503
PCA11,dinov2_b,defocus_blur_5,129,7,0.19576169550418854,0.43182623386383057,0.3724119961261749,1.5144392805500932
PCA11,dinov2_b,defocus_blur_5,130,7,0.544653594493866,0.10968144237995148,0.345664918422699,1.3569187390956945
PCA11,dinov2_b,defocus_blur_5,131,7,0.4687662124633789,0.36353009939193726,0.16770373284816742,1.475097014834863
PCA11,dinov2_b,defocus_blur_5,132,7,0.5440302491188049,0.3667271137237549,0.08924257010221481,1.319635699766221
PCA11,dinov2_b,defocus_blur_5,133,7,0.28249555826187134,0.28344598412513733,0.43405842781066895,1.553357271266131
PCA11,dinov2_b,defocus_blur_5,134,7,0.26419302821159363,0.448072224855423,0.2877346873283386,1.54340872278225
PCA11,dinov2_b,defocus_blur_5,135,7,0.5534597039222717,0.1387047916650772,0.30783548951148987,1.390895395072941
PCA11,dinov2_b,defocus_blur_5,136,7,0.21514564752578735,0.39956676959991455,0.38528767228126526,1.5358709413447205
PCA11,dinov2_b,defocus_blur_5,137,7,0.4871617555618286,0.4245651662349701,0.0882730782032013,1.3393035006824892
PCA11,dinov2_b,defocus_blur_5,138,7,0.4259259104728699,0.41398143768310547,0.16009265184402466,1.4743159738942246
PCA11,dinov2_b,defocus_blur_5,139,7,0.13579978048801422,0.5579419136047363,0.30625826120376587,1.3836846812003967
PCA11,dinov2_b,defocus_blur_5,140,7,0.08490902930498123,0.44893595576286316,0.46615493297576904,1.3341018046119357
PCA11,dinov2_b,defocus_blur_5,141,7,0.20885522663593292,0.40328145027160645,0.38786324858665466,1.530216867293466
PCA11,dinov2_b,defocus_blur_5,142,7,0.2910972237586975,0.051947370171546936,0.6569554209709167,1.1381287982621515
PCA11,dinov2_b,defocus_blur_5,143,7,0.6595621109008789,0.29415643215179443,0.04628140106797218,1.1204864825200325
PCA11,dinov2_b,defocus_blur_5,144,7,0.31800103187561035,0.44579601287841797,0.23620305955410004,1.5369691221476134
PCA11,dinov2_b,defocus_blur_5,145,7,0.23971456289291382,0.3695797920227051,0.3907057046890259,1.5544272115393836
PCA11,dinov2_b,defocus_blur_5,146,7,0.22596889734268188,0.19197797775268555,0.582053005695343,1.3964359750694069
PCA11,dinov2_b,defocus_blur_5,147,7,0.2604359984397888,0.12739329040050507,0.6121706962585449,1.317613551406824
PCA11,dinov2_b,defocus_blur_5,148,7,0.44765108823776245,0.3694136440753937,0.18293531239032745,1.4981088475926758
PCA11,dinov2_b,defocus_blur_5,149,7,0.5101606845855713,0.45005810260772705,0.039781276136636734,1.1987916960442093
PCA11,dinov2_b,defocus_blur_5,150,7,0.3380838930606842,0.12037317454814911,0.5415430068969727,1.3758031222237141
PCA11,dinov2_b,defocus_blur_5,151,8,0.08611172437667847,0.4438861310482025,0.47000205516815186,1.336706206743009
PCA11,dinov2_b,defocus_blur_5,152,8,0.2955023944377899,0.38623499870300293,0.3182625472545624,1.5754828577058602
PCA11,dinov2_b,defocus_blur_5,153,8,0.40533822774887085,0.2447769045829773,0.349884957075119,1.5551775711591092
PCA11,dinov2_b,defocus_blur_5,154,8,0.355316698551178,0.39578619599342346,0.24889713525772095,1.5590546410743684
PCA11,dinov2_b,defocus_blur_5,155,8,0.22626429796218872,0.4493619501590729,0.3243737518787384,1.5305494552342092
PCA11,dinov2_b,defocus_blur_5,156,8,0.22271817922592163,0.49643510580062866,0.2808467447757721,1.4986771770344696
PCA11,dinov2_b,defocus_blur_5,157,8,0.26519250869750977,0.435934454202652,0.2988729774951935,1.5507385894658756
PCA11,dinov2_b,defocus_blur_5,158,8,0.13032756745815277,0.5016003251075745,0.3680722117424011,1.413160762722221
PCA11,dinov2_b,defocus_blur_5,159,8,0.3612908124923706,0.3458096385002136,0.29289954900741577,1.5792933246593004
PCA11,dinov2_b,defocus_blur_5,160,8,0.27663227915763855,0.4620856046676636,0.2612820267677307,1.5334466017315964
PCA11,dinov2_b,defocus_blur_5,161,8,0.35557639598846436,0.4694390892982483,0.17498458921909332,1.4826248700988498
PCA11,dinov2_b,defocus_blur_5,162,8,0.41864264011383057,0.28044769167900085,0.30090969800949097,1.5616541090939182
PCA11,dinov2_b,defocus_blur_5,163,8,0.27826744318008423,0.3554304838180542,0.3663020431995392,1.5746937539788188
PCA11,dinov2_b,defocus_blur_5,164,8,0.2517572343349457,0.40018704533576965,0.34805575013160706,1.559672065187589
PCA11,dinov2_b,defocus_blur_5,165,8,0.2734510600566864,0.186544269323349,0.5400046706199646,1.443457197117839
PCA11,dinov2_b,defocus_blur_5,166,8,0.44774872064590454,0.18919943273067474,0.36305174231529236,1.5042005173109838
PCA11,dinov2_b,defocus_blur_5,167,8,0.31192147731781006,0.3019239008426666,0.38615456223487854,1.5760010302179552
PCA11,dinov2_b,defocus_blur_5,168,8,0.4576393961906433,0.37122347950935364,0.17113707959651947,1.482651399699816
PCA11,dinov2_b,defocus_blur_5,169,8,0.3734852969646454,0.43347445130348206,0.19304023683071136,1.511528144093679
PCA11,dinov2_b,defocus_blur_5,170,8,0.46426135301589966,0.513069748878479,0.022668829187750816,1.1317459721520091
PCA11,dinov2_b,defocus_blur_5,171,8,0.326175719499588,0.4375093877315521,0.23631490767002106,1.540793451419292
PCA11,dinov2_b,defocus_blur_5,172,8,0.1095169261097908,0.31372103095054626,0.5767620205879211,1.3320465375833295
PCA11,dinov2_b,defocus_blur_5,173,8,0.2057606428861618,0.5746518969535828,0.219587504863739,1.4088835696025772
PCA11,dinov2_b,defocus_blur_5,174,8,0.2840304672718048,0.18030627071857452,0.5356632471084595,1.4438082775660135
PCA11,dinov2_b,defocus_blur_5,175,8,0.75738924741745,0.22443066537380219,0.01817997731268406,0.8925355711682292
PCA11,dinov2_b,defocus_blur_5,176,8,0.3384624719619751,0.2585235834121704,0.4030139446258545,1.561927763652938
PCA11,dinov2_b,defocus_blur_5,177,8,0.2541128695011139,0.31937503814697266,0.426512211561203,1.5524799168122585
PCA11,dinov2_b,defocus_blur_5,178,9,0.12953214347362518,0.39881834387779236,0.47164955735206604,1.422220704594814
PCA11,dinov2_b,defocus_blur_5,179,9,0.07740502804517746,0.5041582584381104,0.41843655705451965,1.309810360590533
PCA11,dinov2_b,defocus_blur_5,180,9,0.42134150862693787,0.17421497404575348,0.4044434726238251,1.4927922059717464
PCA11,dinov2_b,defocus_blur_5,181,9,0.08222878724336624,0.48755162954330444,0.4302196800708771,1.3251702212582444
PCA11,dinov2_b,defocus_blur_5,182,9,0.22601385414600372,0.40276163816452026,0.3712245225906372,1.5440565109897604
PCA11,dinov2_b,defocus_blur_5,183,9,0.08090183138847351,0.2867226302623749,0.6323754787445068,1.2283314531110774
PCA11,dinov2_b,defocus_blur_5,184,9,0.10375253111124039,0.44194138050079346,0.45430615544319153,1.3769036027706114
PCA11,dinov2_b,defocus_blur_5,185,9,0.1757635623216629,0.3979659378528595,0.42627042531967163,1.494256222310647
PCA11,dinov2_b,defocus_blur_5,186,9,0.5309865474700928,0.28834089636802673,0.1806725561618805,1.4482518854474424
PCA11,dinov2_b,defocus_blur_5,187,9,0.3229318857192993,0.5570679306983948,0.1200002059340477,1.3638790400059735
PCA11,dinov2_b,defocus_blur_5,188,10,0.3950580060482025,0.29900044202804565,0.305941641330719,1.5728707590575288
PCA11,dinov2_b,defocus_blur_5,189,10,0.49784472584724426,0.11530182510614395,0.3868534564971924,1.3903307807194571
PCA11,dinov2_b,defocus_blur_5,190,10,0.4505322575569153,0.3756512701511383,0.17381639778614044,1.4876422930435802
PCA11,dinov2_b,defocus_blur_5,191,10,0.41586336493492126,0.397110253572464,0.18702636659145355,1.5078708021778418
PCA11,dinov2_b,defocus_blur_5,192,10,0.32245755195617676,0.5717155337333679,0.10582688450813293,1.3305805991899577
PCA11,dinov2_b,defocus_blur_5,193,10,0.5113741159439087,0.19261804223060608,0.29600778222084045,1.4723520378028592
PCA11,dinov2_b,defocus_blur_5,194,10,0.4117303490638733,0.24835211038589478,0.33991751074790955,1.5553469635624877
PCA11,dinov2_b,defocus_blur_5,195,10,0.32278281450271606,0.45447883009910583,0.2227383553981781,1.5262237902820583
PCA11,dinov2_b,defocus_blur_5,196,10,0.02854032814502716,0.5399818420410156,0.4314778447151184,1.149717403510997
PCA11,dinov2_b,defocus_blur_5,197,10,0.1215151697397232,0.5381712913513184,0.34031352400779724,1.379762714883913
PCA11,dinov2_b,defocus_blur_5,198,10,0.31776300072669983,0.3758079707622528,0.30642908811569214,1.57907101605594
PCA11,dinov2_b,defocus_blur_5,199,10,0.3891948163509369,0.26365604996681213,0.347149133682251,1.5668246105587098
PCA11,dinov2_b,defocus_blur_11,0,0,0.42340442538261414,0.29163506627082825,0.2849605083465576,1.5595447562225173
PCA11,dinov2_b,defocus_blur_11,1,0,0.14608760178089142,0.5097384452819824,0.34417396783828735,1.4305712747735653
PCA11,dinov2_b,defocus_blur_11,2,0,0.2782338857650757,0.34179866313934326,0.37996745109558105,1.5733426044249523
PCA11,dinov2_b,defocus_blur_11,3,0,0.29296770691871643,0.40993839502334595,0.29709383845329285,1.5665088894926793
PCA11,dinov2_b,defocus_blur_11,4,0,0.34905028343200684,0.30979984998703003,0.3411499559879303,1.5830771969149686
PCA11,dinov2_b,defocus_blur_11,5,0,0.3959272801876068,0.29895591735839844,0.30511674284935,1.5725456800363795
PCA11,dinov2_b,defocus_blur_11,6,0,0.21204687654972076,0.4958965480327606,0.29205650091171265,1.4948556835101936
PCA11,dinov2_b,defocus_blur_11,7,0,0.2335401177406311,0.3739354610443115,0.39252451062202454,1.5502662812776182
PCA11,dinov2_b,defocus_blur_11,8,0,0.12836399674415588,0.48852449655532837,0.38311144709587097,1.4153517924550172
PCA11,dinov2_b,defocus_blur_11,9,0,0.343742698431015,0.4188344180583954,0.23742292821407318,1.547962880773149
PCA11,dinov2_b,defocus_blur_11,10,1,0.13657750189304352,0.5353425741195679,0.3280799090862274,1.4023853987796622
PCA11,dinov2_b,defocus_blur_11,11,1,0.20058846473693848,0.5821833610534668,0.21722818911075592,1.397761560158192
PCA11,dinov2_b,defocus_blur_11,12,1,0.2668309211730957,0.2683570683002472,0.4648120403289795,1.5316092080805468
PCA11,dinov2_b,defocus_blur_11,13,1,0.45891961455345154,0.3607327938079834,0.18034765124320984,1.4919845124760007
PCA11,dinov2_b,defocus_blur_11,14,1,0.30846107006073,0.5557935237884521,0.13574540615081787,1.3854626513990602
PCA11,dinov2_b,defocus_blur_11,15,1,0.41597282886505127,0.429096519947052,0.15493066608905792,1.4669652822180892
PCA11,dinov2_b,defocus_blur_11,16,1,0.5467249751091003,0.37787941098213196,0.07539553195238113,1.2879810104442462
PCA11,dinov2_b,defocus_blur_11,17,1,0.45485663414001465,0.44857507944107056,0.09656818211078644,1.3614219507992686
PCA11,dinov2_b,defocus_blur_11,18,1,0.3089883029460907,0.17101044952869415,0.5200012922286987,1.449826125853639
PCA11,dinov2_b,defocus_blur_11,19,1,0.3226749897003174,0.33454006910324097,0.3427848517894745,1.584519339541324
PCA11,dinov2_b,defocus_blur_11,20,1,0.2571837604045868,0.3718258738517761,0.3709902763366699,1.5652823964246148
PCA11,dinov2_b,defocus_blur_11,21,1,0.5009925365447998,0.18320471048355103,0.3158027231693268,1.4732804655248075
PCA11,dinov2_b,defocus_blur_11,22,1,0.5266059041023254,0.21837970614433289,0.2550143599510193,1.4693035142532493
PCA11,dinov2_b,defocus_blur_11,23,1,0.5018802881240845,0.29930534958839417,0.19881431758403778,1.4833846625291145
PCA11,dinov2_b,defocus_blur_11,24,1,0.3513035178184509,0.44328412413597107,0.2054123431444168,1.5195114058279369
PCA11,dinov2_b,defocus_blur_11,25,1,0.49729299545288086,0.1657317727804184,0.3369753062725067,1.459753547829317
PCA11,dinov2_b,defocus_blur_11,26,1,0.4196763038635254,0.3719509243965149,0.20837274193763733,1.5279112656046236
PCA11,dinov2_b,defocus_blur_11,27,1,0.3604641854763031,0.4451206922531128,0.1944151669740677,1.5097724496743223
PCA11,dinov2_b,defocus_blur_11,28,1,0.5900505185127258,0.17905209958553314,0.23089735209941864,1.381681014676387
PCA11,dinov2_b,defocus_blur_11,29,1,0.05846041440963745,0.46252062916755676,0.479018896818161,1.2626338262187708
PCA11,dinov2_b,defocus_blur_11,30,1,0.19364222884178162,0.38434648513793945,0.4220113158226013,1.5141170666340775
PCA11,dinov2_b,defocus_blur_11,31,1,0.7063810229301453,0.09210154414176941,0.20151737332344055,1.1368358777003436
PCA11,dinov2_b,defocus_blur_11,32,1,0.139433354139328,0.45523887872695923,0.40532782673835754,1.4412302412040676
PCA11,dinov2_b,defocus_blur_11,33,1,0.3119005858898163,0.40060296654701233,0.2874964475631714,1.5699823178233487
PCA11,dinov2_b,defocus_blur_11,34,2,0.1674836426973343,0.25728288292884827,0.5752334594726562,1.3945746499945417
PCA11,dinov2_b,defocus_blur_11,35,2,0.19680920243263245,0.3610692024230957,0.44212156534194946,1.5127810921388294
PCA11,dinov2_b,defocus_blur_11,36,2,0.23518922924995422,0.4128037393093109,0.3520069122314453,1.5482690936081367
PCA11,dinov2_b,defocus_blur_11,37,2,0.2181396335363388,0.5454146862030029,0.23644563555717468,1.448094069727691
PCA11,dinov2_b,defocus_blur_11,38,2,0.4332685172557831,0.331699937582016,0.23503154516220093,1.5418915747181665
PCA11,dinov2_b,defocus_blur_11,39,2,0.21999989449977875,0.5369296073913574,0.2430705726146698,1.458302307605605
PCA11,dinov2_b,defocus_blur_11,40,2,0.16844666004180908,0.56861412525177,0.2629392743110657,1.4027065954836164
PCA11,dinov2_b,defocus_blur_11,41,2,0.15452812612056732,0.5361210703849792,0.30935078859329224,1.4221118919064692
PCA11,dinov2_b,defocus_blur_11,42,2,0.4639628529548645,0.3364885747432709,0.19954857230186462,1.5067693828830049
PCA11,dinov2_b,defocus_blur_11,43,2,0.1647876650094986,0.3838808834552765,0.4513315260410309,1.4769198171692635
PCA11,dinov2_b,defocus_blur_11,44,2,0.23429842293262482,0.2889280617237091,0.4767735004425049,1.5175473955061887
PCA11,dinov2_b,defocus_blur_11,45,2,0.2566262185573578,0.28955626487731934,0.4538176357746124,1.5385866041551859
PCA11,dinov2_b,defocus_blur_11,46,2,0.12825341522693634,0.4511665105819702,0.4205799698829651,1.4236009560277625
PCA11,dinov2_b,defocus_blur_11,47,2,0.35562410950660706,0.5000552535057068,0.14432063698768616,1.4334526487299661
PCA11,dinov2_b,defocus_blur_11,48,2,0.20600567758083344,0.419084370136261,0.37491002678871155,1.525998602190028
PCA11,dinov2_b,defocus_blur_11,49,2,0.17847193777561188,0.21533586084842682,0.6061922311782837,1.3585278528725997
PCA11,dinov2_b,defocus_blur_11,50,3,0.23973606526851654,0.3024417459964752,0.4578222334384918,1.5317955630120734
PCA11,dinov2_b,defocus_blur_11,51,3,0.2617887258529663,0.28655216097831726,0.451659232378006,1.540780615958549
PCA11,dinov2_b,defocus_blur_11,52,3,0.31228524446487427,0.34994950890541077,0.3377653658390045,1.5833528212793795
PCA11,dinov2_b,defocus_blur_11,53,3,0.3242097496986389,0.32594895362854004,0.34984126687049866,1.5840815893227669
PCA11,dinov2_b,defocus_blur_11,54,3,0.43890270590782166,0.22241954505443573,0.3386777937412262,1.5327968509367182
PCA11,dinov2_b,defocus_blur_11,55,3,0.28868597745895386,0.4984953999519348,0.21281859278678894,1.4931871440912994
PCA11,dinov2_b,defocus_blur_11,56,3,0.21382510662078857,0.42592838406562805,0.36024653911590576,1.5309428562321314
PCA11,dinov2_b,defocus_blur_11,57,3,0.3164103627204895,0.42965206503868103,0.25393760204315186,1.5510751024994294
PCA11,dinov2_b,defocus_blur_11,58,3,0.3003568947315216,0.36500388383865356,0.334639310836792,1.5804189182196169
PCA11,dinov2_b,defocus_blur_11,59,3,0.38809841871261597,0.27019158005714417,0.3417099714279175,1.5694194554581835
PCA11,dinov2_b,defocus_blur_11,60,3,0.4501623809337616,0.14654074609279633,0.4032968282699585,1.4527173248668857
PCA11,dinov2_b,defocus_blur_11,61,3,0.42683523893356323,0.30361905694007874,0.2695457637310028,1.5562014396252595
PCA11,dinov2_b,defocus_blur_11,62,3,0.09176100045442581,0.4021361172199249,0.506102979183197,1.3419559046181093
PCA11,dinov2_b,defocus_blur_11,63,3,0.4012698233127594,0.34504714608192444,0.25368303060531616,1.5603224137206342
PCA11,dinov2_b,defocus_blur_11,64,3,0.3565903902053833,0.36435890197753906,0.2790508270263672,1.5750430464233327
PCA11,dinov2_b,defocus_blur_11,65,3,0.37979134917259216,0.26481518149375916,0.35539352893829346,1.5685266161705451
PCA11,dinov2_b,defocus_blur_11,66,3,0.36346569657325745,0.2935892939567566,0.34294500946998596,1.5792933926734318
PCA11,dinov2_b,defocus_blur_11,67,4,0.3734542429447174,0.42068731784820557,0.20585831999778748,1.525605163409264
PCA11,dinov2_b,defocus_blur_11,68,4,0.14604820311069489,0.3351091146469116,0.5188426375389099,1.4250735846654354
PCA11,dinov2_b,defocus_blur_11,69,4,0.36129167675971985,0.3824366629123688,0.256271630525589,1.5643625917976172
PCA11,dinov2_b,defocus_blur_11,70,4,0.3601326644420624,0.21203121542930603,0.427836149930954,1.5291148237004153
PCA11,dinov2_b,defocus_blur_11,71,4,0.30399090051651,0.36896127462387085,0.32704782485961914,1.580302078788034
PCA11,dinov2_b,defocus_blur_11,72,4,0.4250677227973938,0.3115706145763397,0.26336169242858887,1.5557506732081934
PCA11,dinov2_b,defocus_blur_11,73,4,0.4559485912322998,0.24739190936088562,0.2966594696044922,1.5352222414280676
PCA11,dinov2_b,defocus_blur_11,74,4,0.3326880931854248,0.3711702823638916,0.2961415946483612,1.5788631251814356
PCA11,dinov2_b,defocus_blur_11,75,4,0.3271189033985138,0.2147391438484192,0.4581419825553894,1.519861368978583
PCA11,dinov2_b,defocus_blur_11,76,4,0.4277706742286682,0.31689590215682983,0.25533348321914673,1.5523364303525076
PCA11,dinov2_b,defocus_blur_11,77,4,0.2584959864616394,0.35109248757362366,0.39041152596473694,1.5644676500939083
PCA11,dinov2_b,defocus_blur_11,78,4,0.17992542684078217,0.4208528995513916,0.3992216885089874,1.499576823861533
PCA11,dinov2_b,defocus_blur_11,79,4,0.14610251784324646,0.29310885071754456,0.560788631439209,1.3923353442759612
PCA11,dinov2_b,defocus_blur_11,80,4,0.449765145778656,0.39477062225341797,0.1554640829563141,1.4652977943174705
PCA11,dinov2_b,defocus_blur_11,81,4,0.2617395222187042,0.35422757267951965,0.3840329051017761,1.566752242295732
PCA11,dinov2_b,defocus_blur_11,82,4,0.30160972476005554,0.24475060403347015,0.4536397457122803,1.5358737276073833
PCA11,dinov2_b,defocus_blur_11,83,4,0.19249077141284943,0.4237145185470581,0.3837946951389313,1.5127380747230386
PCA11,dinov2_b,defocus_blur_11,84,4,0.2375059872865677,0.28856849670410156,0.47392556071281433,1.5205310131777467
PCA11,dinov2_b,defocus_blur_11,85,4,0.2436012476682663,0.34704118967056274,0.40935760736465454,1.553669074517377
PCA11,dinov2_b,defocus_blur_11,86,4,0.42306333780288696,0.19338358938694,0.38355308771133423,1.5137160582639329
PCA11,dinov2_b,defocus_blur_11,87,5,0.3110213875770569,0.32149991393089294,0.36747869849205017,1.5811125566236128
PCA11,dinov2_b,defocus_blur_11,88,5,0.20471645891666412,0.3253755569458008,0.4699079692363739,1.5074915967680935
PCA11,dinov2_b,defocus_blur_11,89,5,0.21944011747837067,0.3975508213043213,0.38300901651382446,1.5395083120972952
PCA11,dinov2_b,defocus_blur_11,90,5,0.15792083740234375,0.37595173716545105,0.4661273658275604,1.4644122704552598
PCA11,dinov2_b,defocus_blur_11,91,5,0.22422409057617188,0.45457369089126587,0.32120224833488464,1.5269594120795484
PCA11,dinov2_b,defocus_blur_11,92,5,0.17443811893463135,0.3387994170188904,0.48676246404647827,1.4740860306498949
PCA11,dinov2_b,defocus_blur_11,93,5,0.28877463936805725,0.3108868896961212,0.40033841133117676,1.5702214816757076
PCA11,dinov2_b,defocus_blur_11,94,5,0.30083325505256653,0.24437035620212555,0.4547964334487915,1.5350739992859892
PCA11,dinov2_b,defocus_blur_11,95,5,0.21399669349193573,0.3541082441806793,0.431894987821579,1.5294943110370725
PCA11,dinov2_b,defocus_blur_11,96,5,0.16979990899562836,0.5382266640663147,0.2919734716415405,1.4339560846375912
PCA11,dinov2_b,defocus_blur_11,97,5,0.26189476251602173,0.302614688873291,0.4354904890060425,1.5503478455333422
PCA11,dinov2_b,defocus_blur_11,98,5,0.12780429422855377,0.4786193072795868,0.39357641339302063,1.4175902923045316
PCA11,dinov2_b,defocus_blur_11,99,5,0.18038856983184814,0.20663143694400787,0.6129801273345947,1.3485848261263151
PCA11,dinov2_b,defocus_blur_11,100,5,0.18323172628879547,0.4285959005355835,0.3881724178791046,1.5024205707516252
PCA11,dinov2_b,defocus_blur_11,101,5,0.2162659615278244,0.35491910576820374,0.4288147985935211,1.53199109208577
PCA11,dinov2_b,defocus_blur_11,102,5,0.26303616166114807,0.37868815660476685,0.3582756221294403,1.567849458779155
PCA11,dinov2_b,defocus_blur_11,103,5,0.26536446809768677,0.3578660190105438,0.376769483089447,1.569018630104087
PCA11,dinov2_b,defocus_blur_11,104,5,0.20878517627716064,0.23250457644462585,0.5587102174758911,1.4304010526712565
PCA11,dinov2_b,defocus_blur_11,105,5,0.19854910671710968,0.5022032260894775,0.2992475628852844,1.4829868844648517
PCA11,dinov2_b,defocus_blur_11,106,5,0.30832725763320923,0.18988275527954102,0.501789927482605,1.4776925595194
PCA11,dinov2_b,defocus_blur_11,107,5,0.19999228417873383,0.44056156277656555,0.35944613814353943,1.5159774075896855
PCA11,dinov2_b,defocus_blur_11,108,5,0.2457331120967865,0.3715822696685791,0.3826846182346344,1.5585939568254836
PCA11,dinov2_b,defocus_blur_11,109,6,0.35074755549430847,0.5607337355613708,0.08851861953735352,1.3077754985287435
PCA11,dinov2_b,defocus_blur_11,110,6,0.2634178102016449,0.4367541968822479,0.2998279631137848,1.5499741623180254
PCA11,dinov2_b,defocus_blur_11,111,6,0.5106695294380188,0.23605108261108398,0.25327950716018677,1.4885643946867608
PCA11,dinov2_b,defocus_blur_11,112,6,0.29384687542915344,0.34285831451416016,0.3632948398590088,1.5793652239273261
PCA11,dinov2_b,defocus_blur_11,113,6,0.4394230544567108,0.2075972706079483,0.3529796898365021,1.5224516121147462
PCA11,dinov2_b,defocus_blur_11,114,6,0.29407843947410583,0.39060813188552856,0.3153133988380432,1.5740488662265995
PCA11,dinov2_b,defocus_blur_11,115,6,0.35348451137542725,0.37529483437538147,0.2712205946445465,1.5715191679242406
PCA11,dinov2_b,defocus_blur_11,116,6,0.24079185724258423,0.19753120839595795,0.5616769790649414,1.4242339636937609
PCA11,dinov2_b,defocus_blur_11,117,6,0.3542834222316742,0.269954115152359,0.3757624626159668,1.5709887534089635
PCA11,dinov2_b,defocus_blur_11,118,6,0.34027498960494995,0.3441159725189209,0.3156089186668396,1.5839177806735936
PCA11,dinov2_b,defocus_blur_11,119,6,0.4635726809501648,0.24263039231300354,0.2937968969345093,1.5290692820700262
PCA11,dinov2_b,defocus_blur_11,120,6,0.48247140645980835,0.2791786193847656,0.23834994435310364,1.5143159520436504
PCA11,dinov2_b,defocus_blur_11,121,6,0.2767510712146759,0.40413132309913635,0.31911754608154297,1.5670099593483133
PCA11,dinov2_b,defocus_blur_11,122,6,0.3675524592399597,0.42008623480796814,0.21236132085323334,1.5310814185223727
PCA11,dinov2_b,defocus_blur_11,123,6,0.280719131231308,0.33332768082618713,0.38595327734947205,1.572929794308715
PCA11,dinov2_b,defocus_blur_11,124,6,0.4252130389213562,0.3428663909435272,0.23192055523395538,1.5430430599081917
PCA11,dinov2_b,defocus_blur_11,125,6,0.33343300223350525,0.2509223520755768,0.4156445860862732,1.5552927315307516
PCA11,dinov2_b,defocus_blur_11,126,7,0.3586265742778778,0.335626482963562,0.3057469129562378,1.58190618202961
PCA11,dinov2_b,defocus_blur_11,127,7,0.14244575798511505,0.4609243869781494,0.39662981033325195,1.4446821374796532
PCA11,dinov2_b,defocus_blur_11,128,7,0.4176989793777466,0.14559605717658997,0.4367051124572754,1.452807716022249
PCA11,dinov2_b,defocus_blur_11,129,7,0.2644594609737396,0.36846938729286194,0.36707115173339844,1.5689400956482982
PCA11,dinov2_b,defocus_blur_11,130,7,0.26222115755081177,0.5783419609069824,0.1594369262456894,1.3856192580143074
PCA11,dinov2_b,defocus_blur_11,131,7,0.32873111963272095,0.21131733059883118,0.4599514305591583,1.516853759306798
PCA11,dinov2_b,defocus_blur_11,132,7,0.4589885473251343,0.27454686164855957,0.26646462082862854,1.536065855965293
PCA11,dinov2_b,defocus_blur_11,133,7,0.44332262873649597,0.45068079233169556,0.10599656403064728,1.3816807662431163
PCA11,dinov2_b,defocus_blur_11,134,7,0.4759347140789032,0.39264070987701416,0.13142460584640503,1.4241369077652117
PCA11,dinov2_b,defocus_blur_11,135,7,0.2895626723766327,0.18616309762001038,0.5242742300033569,1.457683219999597
PCA11,dinov2_b,defocus_blur_11,136,7,0.136579230427742,0.20237600803375244,0.6610447764396667,1.2534986871471123
PCA11,dinov2_b,defocus_blur_11,137,7,0.380566269159317,0.4866962432861328,0.13273754715919495,1.4227688187914806
PCA11,dinov2_b,defocus_blur_11,138,7,0.3917258679866791,0.3608359396457672,0.2474382370710373,1.5588394095923166
PCA11,dinov2_b,defocus_blur_11,139,7,0.3202039897441864,0.27673956751823425,0.40305644273757935,1.567369121315477
PCA11,dinov2_b,defocus_blur_11,140,7,0.0943656787276268,0.4995364248752594,0.40609776973724365,1.3495441978551366
PCA11,dinov2_b,defocus_blur_11,141,7,0.16524839401245117,0.3946164548397064,0.44013512134552,1.4796790805881896
PCA11,dinov2_b,defocus_blur_11,142,7,0.44327712059020996,0.44020703434944153,0.11651583760976791,1.4027385894281863
PCA11,dinov2_b,defocus_blur_11,143,7,0.3452828526496887,0.3130645155906677,0.341652512550354,1.583600951125287
PCA11,dinov2_b,defocus_blur_11,144,7,0.3864520192146301,0.3585706353187561,0.25497737526893616,1.5633419595879956
PCA11,dinov2_b,defocus_blur_11,145,7,0.4922161102294922,0.18648876249790192,0.3212950527667999,1.4814810639324607
PCA11,dinov2_b,defocus_blur_11,146,7,0.18151073157787323,0.3853948414325714,0.4330943822860718,1.4998537638577374
PCA11,dinov2_b,defocus_blur_11,147,7,0.3632187843322754,0.12041830271482468,0.5163628458976746,1.3908114449782236
PCA11,dinov2_b,defocus_blur_11,148,7,0.15711010992527008,0.4213714003562927,0.421518474817276,1.4702408508913658
PCA11,dinov2_b,defocus_blur_11,149,7,0.41793742775917053,0.3982999324798584,0.18376268446445465,1.5041360490477067
PCA11,dinov2_b,defocus_blur_11,150,7,0.4474368393421173,0.20728649199008942,0.34527668356895447,1.5194537838325473
PCA11,dinov2_b,defocus_blur_11,151,8,0.3799661099910736,0.2372598648071289,0.3827739953994751,1.553186442602124
PCA11,dinov2_b,defocus_blur_11,152,8,0.2665499150753021,0.30671024322509766,0.42673975229263306,1.5556871064079734
PCA11,dinov2_b,defocus_blur_11,153,8,0.4326133131980896,0.24401772022247314,0.32336899638175964,1.5462127606240657
PCA11,dinov2_b,defocus_blur_11,154,8,0.36185958981513977,0.22823940217494965,0.4099010229110718,1.544531520905251
PCA11,dinov2_b,defocus_blur_11,155,8,0.47587820887565613,0.28419816493988037,0.2399236112833023,1.5197411517801545
PCA11,dinov2_b,defocus_blur_11,156,8,0.3102351725101471,0.23664112389087677,0.45312365889549255,1.5333609638177093
PCA11,dinov2_b,defocus_blur_11,157,8,0.3357645273208618,0.377180278301239,0.28705525398254395,1.57609516519542
PCA11,dinov2_b,defocus_blur_11,158,8,0.2682133913040161,0.27457869052886963,0.4572078585624695,1.5374481730047693
PCA11,dinov2_b,defocus_blur_11,159,8,0.27502480149269104,0.45013514161109924,0.2748400568962097,1.5426783387648078
PCA11,dinov2_b,defocus_blur_11,160,8,0.4438915550708771,0.298342764377594,0.25776562094688416,1.544867965532596
PCA11,dinov2_b,defocus_blur_11,161,8,0.3753022253513336,0.2271076738834381,0.3975900709629059,1.5453638023385827
PCA11,dinov2_b,defocus_blur_11,162,8,0.31469282507896423,0.31164881587028503,0.37365829944610596,1.5797706960285924
PCA11,dinov2_b,defocus_blur_11,163,8,0.22885572910308838,0.4389320909976959,0.3322121798992157,1.5364675595615283
PCA11,dinov2_b,defocus_blur_11,164,8,0.4651639461517334,0.39288583397865295,0.1419503390789032,1.4429764665806701
PCA11,dinov2_b,defocus_blur_11,165,8,0.3073609173297882,0.37462520599365234,0.31801384687423706,1.5794012442067396
PCA11,dinov2_b,defocus_blur_11,166,8,0.5550414323806763,0.0931718647480011,0.35178670287132263,1.3206541722940628
PCA11,dinov2_b,defocus_blur_11,167,8,0.24220165610313416,0.4649789035320282,0.29281941056251526,1.5280196950311093
PCA11,dinov2_b,defocus_blur_11,168,8,0.2180490642786026,0.45495834946632385,0.32699263095855713,1.5233657890183752
PCA11,dinov2_b,defocus_blur_11,169,8,0.3229563236236572,0.5167348980903625,0.1603088080883026,1.4421884668604878
PCA11,dinov2_b,defocus_blur_11,170,8,0.46374979615211487,0.41887131333351135,0.11737880110740662,1.402753523655043
PCA11,dinov2_b,defocus_blur_11,171,8,0.28026506304740906,0.4891497492790222,0.2305852472782135,1.5070199817687362
PCA11,dinov2_b,defocus_blur_11,172,8,0.35241058468818665,0.29070398211479187,0.3568853437900543,1.5789045526877423
PCA11,dinov2_b,defocus_blur_11,173,8,0.28064820170402527,0.394815593957901,0.32453614473342896,1.5707235182673123
PCA11,dinov2_b,defocus_blur_11,174,8,0.33239346742630005,0.2710462808609009,0.39656010270118713,1.5678360421528845
PCA11,dinov2_b,defocus_blur_11,175,8,0.2603500485420227,0.4639846384525299,0.27566540241241455,1.5319537894718769
PCA11,dinov2_b,defocus_blur_11,176,8,0.3158968687057495,0.36376702785491943,0.3203359842300415,1.5819763653899923
PCA11,dinov2_b,defocus_blur_11,177,8,0.3902410566806793,0.3821949064731598,0.22756394743919373,1.5461160937218048
PCA11,dinov2_b,defocus_blur_11,178,9,0.3309989869594574,0.3545001447200775,0.3145008087158203,1.583218626361424
PCA11,dinov2_b,defocus_blur_11,179,9,0.27140486240386963,0.332876592874527,0.3957185447216034,1.5681537579304226
PCA11,dinov2_b,defocus_blur_11,180,9,0.4379623532295227,0.2702713906764984,0.29176637530326843,1.550310954673599
PCA11,dinov2_b,defocus_blur_11,181,9,0.36018601059913635,0.31483128666877747,0.3249826729297638,1.5825352836505724
PCA11,dinov2_b,defocus_blur_11,182,9,0.39473867416381836,0.2709139287471771,0.3343474268913269,1.5682465499119267
PCA11,dinov2_b,defocus_blur_11,183,9,0.22946996986865997,0.48311543464660645,0.2874146103858948,1.5113662270042598
PCA11,dinov2_b,defocus_blur_11,184,9,0.26924440264701843,0.4040399491786957,0.32671552896499634,1.565220768312647
PCA11,dinov2_b,defocus_blur_11,185,9,0.4835398197174072,0.35172656178474426,0.16473369300365448,1.4657130519002837
PCA11,dinov2_b,defocus_blur_11,186,9,0.12197557091712952,0.5739408135414124,0.3040836453437805,1.3522298708618679
PCA11,dinov2_b,defocus_blur_11,187,9,0.4227776527404785,0.36648988723754883,0.2107323408126831,1.5292498095296665
PCA11,dinov2_b,defocus_blur_11,188,10,0.3937127888202667,0.29724788665771484,0.30903929471969604,1.573275564052587
PCA11,dinov2_b,defocus_blur_11,189,10,0.08362606912851334,0.4659803807735443,0.4503934979438782,1.3310114286221995
PCA11,dinov2_b,defocus_blur_11,190,10,0.4825935959815979,0.3195969760417938,0.19780945777893066,1.4956582458269536
PCA11,dinov2_b,defocus_blur_11,191,10,0.40325331687927246,0.39848485589027405,0.19826191663742065,1.5201558857783883
PCA11,dinov2_b,defocus_blur_11,192,10,0.514905571937561,0.3424472510814667,0.14264720678329468,1.4232872839166948
PCA11,dinov2_b,defocus_blur_11,193,10,0.2080036848783493,0.27534183859825134,0.5166544914245605,1.4757557759420468
PCA11,dinov2_b,defocus_blur_11,194,10,0.4308658540248871,0.4410569369792938,0.12807726860046387,1.4239782020080232
PCA11,dinov2_b,defocus_blur_11,195,10,0.28424039483070374,0.38621148467063904,0.3295481503009796,1.5736849190847195
PCA11,dinov2_b,defocus_blur_11,196,10,0.19127947092056274,0.3014383316040039,0.5072821974754333,1.4746479217210782
PCA11,dinov2_b,defocus_blur_11,197,10,0.08925066143274307,0.5513983368873596,0.35935094952583313,1.3152804995867764
PCA11,dinov2_b,defocus_blur_11,198,10,0.33867087960243225,0.2680818438529968,0.39324724674224854,1.5676785881134332
PCA11,dinov2_b,defocus_blur_11,199,10,0.35606181621551514,0.29654204845428467,0.3473961651325226,1.5804037051949194
PCA11,dinov2_b,resize_2.0,0,0,0.4332359731197357,0.17640447616577148,0.3903595805168152,1.4941325051976357
PCA11,dinov2_b,resize_2.0,1,0,0.10380156338214874,0.43787682056427,0.45832154154777527,1.376793700554439
PCA11,dinov2_b,resize_2.0,2,0,0.09596218913793564,0.3992827236652374,0.5047551989555359,1.3512049191923974
PCA11,dinov2_b,resize_2.0,3,0,0.1975933462381363,0.5660143494606018,0.2363922894001007,1.418869156526605
PCA11,dinov2_b,resize_2.0,4,0,0.04361893981695175,0.4660845994949341,0.49029645323753357,1.2145845379200861
PCA11,dinov2_b,resize_2.0,5,0,0.17342601716518402,0.3929605484008789,0.43361347913742065,1.4906134876958137
PCA11,dinov2_b,resize_2.0,6,0,0.11210275441408157,0.13390082120895386,0.7539964318275452,1.049490736048896
PCA11,dinov2_b,resize_2.0,7,0,0.030319230630993843,0.37744179368019104,0.5922389626502991,1.1310626692464472
PCA11,dinov2_b,resize_2.0,8,0,0.5245351791381836,0.41501283645629883,0.06045195832848549,1.2595541003997273
PCA11,dinov2_b,resize_2.0,9,0,0.21284744143486023,0.4933665990829468,0.29378601908683777,1.4971389498739722
PCA11,dinov2_b,resize_2.0,10,1,0.08379996567964554,0.36772021651268005,0.5484798550605774,1.3057344601127912
PCA11,dinov2_b,resize_2.0,11,1,0.2961633801460266,0.5595729947090149,0.14426365494728088,1.3915846105595586
PCA11,dinov2_b,resize_2.0,12,1,0.4067148268222809,0.44225290417671204,0.15103234350681305,1.4603119501779165
PCA11,dinov2_b,resize_2.0,13,1,0.5234200954437256,0.11009249836206436,0.36648744344711304,1.370034591897658
PCA11,dinov2_b,resize_2.0,14,1,0.1789255142211914,0.40499022603034973,0.41608428955078125,1.4986871673236755
PCA11,dinov2_b,resize_2.0,15,1,0.06199171766638756,0.6919164657592773,0.2460918128490448,1.1141109500779682
PCA11,dinov2_b,resize_2.0,16,1,0.43032070994377136,0.16747917234897614,0.40220019221305847,1.4837410917842124
PCA11,dinov2_b,resize_2.0,17,1,0.4396441578865051,0.15380065143108368,0.4065551161766052,1.4645360595044625
PCA11,dinov2_b,resize_2.0,18,1,0.5204212069511414,0.3300308287143707,0.1495479941368103,1.4281521718574666
PCA11,dinov2_b,resize_2.0,19,1,0.43521618843078613,0.21992455422878265,0.3448593318462372,1.5325384692282658
PCA11,dinov2_b,resize_2.0,20,1,0.342020720243454,0.271179735660553,0.38679957389831543,1.5699868176381169
PCA11,dinov2_b,resize_2.0,21,1,0.4984810948371887,0.26189669966697693,0.23962226510047913,1.5007984172122262
PCA11,dinov2_b,resize_2.0,22,1,0.10952065885066986,0.5730100870132446,0.3174693286418915,1.3352984673294972
PCA11,dinov2_b,resize_2.0,23,1,0.4048406779766083,0.2901133894920349,0.30504587292671204,1.568600901741084
PCA11,dinov2_b,resize_2.0,24,1,0.4072147309780121,0.13651059567928314,0.4562746584415436,1.436504565106518
PCA11,dinov2_b,resize_2.0,25,1,0.4619174897670746,0.07683628052473068,0.4612463116645813,1.314095676422908
PCA11,dinov2_b,resize_2.0,26,1,0.5272622108459473,0.03935291990637779,0.43338489532470703,1.1933363254010756
PCA11,dinov2_b,resize_2.0,27,1,0.48260626196861267,0.1315901279449463,0.3858036398887634,1.4223928684397769
PCA11,dinov2_b,resize_2.0,28,1,0.21798962354660034,0.4340755343437195,0.34793493151664734,1.531631443589696
PCA11,dinov2_b,resize_2.0,29,1,0.36276814341545105,0.20275405049324036,0.434477835893631,1.519989036072551
PCA11,dinov2_b,resize_2.0,30,1,0.3004019856452942,0.6162813901901245,0.08331659436225891,1.2502918384135884
PCA11,dinov2_b,resize_2.0,31,1,0.1770179569721222,0.3634301424026489,0.4595518708229065,1.4883749700225275
PCA11,dinov2_b,resize_2.0,32,1,0.377522736787796,0.19754347205162048,0.4249337911605835,1.5174224905457316
PCA11,dinov2_b,resize_2.0,33,1,0.18294380605220795,0.4741414487361908,0.34291478991508484,1.4882617004902958
PCA11,dinov2_b,resize_2.0,34,2,0.3794461786746979,0.47266170382499695,0.1478920578956604,1.449277413766431
PCA11,dinov2_b,resize_2.0,35,2,0.36043262481689453,0.5090627670288086,0.13050465285778046,1.4098986148055948
PCA11,dinov2_b,resize_2.0,36,2,0.13042040169239044,0.4697309732437134,0.3998485803604126,1.424114169082312
PCA11,dinov2_b,resize_2.0,37,2,0.42219340801239014,0.43303823471069336,0.1447683572769165,1.4517241986519744
PCA11,dinov2_b,resize_2.0,38,2,0.4113296568393707,0.2749646008014679,0.3137056827545166,1.5640232457652337
PCA11,dinov2_b,resize_2.0,39,2,0.6022570133209229,0.3094578981399536,0.08828503638505936,1.273386975344713
PCA11,dinov2_b,resize_2.0,40,2,0.4621530771255493,0.2147824615240097,0.3230644762516022,1.517876696529419
PCA11,dinov2_b,resize_2.0,41,2,0.22782836854457855,0.3583934009075165,0.4137781858444214,1.543510013527849
PCA11,dinov2_b,resize_2.0,42,2,0.24869446456432343,0.4822311997413635,0.26907435059547424,1.51627881545445
PCA11,dinov2_b,resize_2.0,43,2,0.10723524540662766,0.36740610003471375,0.5253586173057556,1.364019524794194
PCA11,dinov2_b,resize_2.0,44,2,0.4244958162307739,0.11778747290372849,0.4577166736125946,1.4042773405992404
PCA11,dinov2_b,resize_2.0,45,2,0.4625793695449829,0.44096800684928894,0.09645256400108337,1.3608230878634766
PCA11,dinov2_b,resize_2.0,46,2,0.2590462267398834,0.43487441539764404,0.3060793876647949,1.5500259274273656
PCA11,dinov2_b,resize_2.0,47,2,0.3446490168571472,0.17958490550518036,0.4757660925388336,1.4844024694147522
PCA11,dinov2_b,resize_2.0,48,2,0.5785247087478638,0.33755913376808167,0.08391617238521576,1.285649990717604
PCA11,dinov2_b,resize_2.0,49,2,0.1971033364534378,0.45626741647720337,0.34662920236587524,1.5081600286442525
PCA11,dinov2_b,resize_2.0,50,3,0.31876876950263977,0.30963799357414246,0.37159326672554016,1.580198625249649
PCA11,dinov2_b,resize_2.0,51,3,0.23945261538028717,0.40477943420410156,0.3557679355144501,1.5523963022977785
PCA11,dinov2_b,resize_2.0,52,3,0.42777401208877563,0.21438488364219666,0.35784104466438293,1.5308997419726824
PCA11,dinov2_b,resize_2.0,53,3,0.4288330376148224,0.1968943029642105,0.3742727041244507,1.5161028917083417
PCA11,dinov2_b,resize_2.0,54,3,0.21971410512924194,0.4743736982345581,0.3059122562408447,1.5134876503260442
PCA11,dinov2_b,resize_2.0,55,3,0.26371437311172485,0.37235715985298157,0.3639286458492279,1.5685158485868644
PCA11,dinov2_b,resize_2.0,56,3,0.20906108617782593,0.5036564469337463,0.2872825264930725,1.487375536021872
PCA11,dinov2_b,resize_2.0,57,3,0.271792471408844,0.3153642416000366,0.4128431975841522,1.5627915673090123
PCA11,dinov2_b,resize_2.0,58,3,0.27814772725105286,0.3853287100791931,0.3365236222743988,1.5723848453576728
PCA11,dinov2_b,resize_2.0,59,3,0.42981454730033875,0.2898193597793579,0.2803661525249481,1.5558119346972517
PCA11,dinov2_b,resize_2.0,60,3,0.41025087237358093,0.22007207572460175,0.3696770668029785,1.5387037383352
PCA11,dinov2_b,resize_2.0,61,3,0.33605220913887024,0.18814294040203094,0.4758048355579376,1.4919873434438182
PCA11,dinov2_b,resize_2.0,62,3,0.641737699508667,0.11672565340995789,0.2415367215871811,1.26746096611194
PCA11,dinov2_b,resize_2.0,63,3,0.42498019337654114,0.202182799577713,0.37283700704574585,1.5216294107800605
PCA11,dinov2_b,resize_2.0,64,3,0.19391781091690063,0.3762322962284088,0.4298499524593353,1.5131032731105474
PCA11,dinov2_b,resize_2.0,65,3,0.3454705476760864,0.43699339032173157,0.21753612160682678,1.5303669405409492
PCA11,dinov2_b,resize_2.0,66,3,0.16992920637130737,0.42340287566185,0.4066680371761322,1.4873701853417929
PCA11,dinov2_b,resize_2.0,67,4,0.4371716380119324,0.17036965489387512,0.3924586772918701,1.486440895283285
PCA11,dinov2_b,resize_2.0,68,4,0.2895599901676178,0.337861031293869,0.37257903814315796,1.5773678495971848
PCA11,dinov2_b,resize_2.0,69,4,0.3808157742023468,0.18895268440246582,0.43023157119750977,1.5081495215440892
PCA11,dinov2_b,resize_2.0,70,4,0.3067913353443146,0.29689937829971313,0.3963092565536499,1.5723244763100495
PCA11,dinov2_b,resize_2.0,71,4,0.5871430039405823,0.3526875972747803,0.06016933545470238,1.2253079675806329
PCA11,dinov2_b,resize_2.0,72,4,0.3491917550563812,0.30103418231010437,0.34977400302886963,1.5815168761068437
PCA11,dinov2_b,resize_2.0,73,4,0.36835306882858276,0.1647186428308487,0.46692824363708496,1.472349617049096
PCA11,dinov2_b,resize_2.0,74,4,0.42441582679748535,0.4897300899028778,0.08585410565137863,1.333254607196486
PCA11,dinov2_b,resize_2.0,75,4,0.23602734506130219,0.3539454936981201,0.4100271463394165,1.549371554829754
PCA11,dinov2_b,resize_2.0,76,4,0.24420584738254547,0.3272877335548401,0.42850640416145325,1.5479512144375978
PCA11,dinov2_b,resize_2.0,77,4,0.39948195219039917,0.20568493008613586,0.39483317732810974,1.5274487019657927
PCA11,dinov2_b,resize_2.0,78,4,0.33651021122932434,0.3321058750152588,0.3313838839530945,1.5849292243844424
PCA11,dinov2_b,resize_2.0,79,4,0.1496879905462265,0.3977876901626587,0.45252418518066406,1.4568275544698444
PCA11,dinov2_b,resize_2.0,80,4,0.15890604257583618,0.5222100615501404,0.31888386607170105,1.4369705725813162
PCA11,dinov2_b,resize_2.0,81,4,0.42937517166137695,0.16990669071674347,0.4007180631160736,1.4868708205185364
PCA11,dinov2_b,resize_2.0,82,4,0.3710261285305023,0.32338324189186096,0.3055906295776367,1.5800674764442202
PCA11,dinov2_b,resize_2.0,83,4,0.16575324535369873,0.555460512638092,0.27878621220588684,1.414684552865837
PCA11,dinov2_b,resize_2.0,84,4,0.12940743565559387,0.5691888332366943,0.3014037013053894,1.3660132539599565
PCA11,dinov2_b,resize_2.0,85,4,0.25926974415779114,0.2378043681383133,0.5029259324073792,1.4963805279271218
PCA11,dinov2_b,resize_2.0,86,4,0.5107121467590332,0.3694016635417938,0.1198861300945282,1.3927098396040412
PCA11,dinov2_b,resize_2.0,87,5,0.06926953792572021,0.48274967074394226,0.4479807913303375,1.2929851033725754
PCA11,dinov2_b,resize_2.0,88,5,0.15192340314388275,0.588192343711853,0.2598843276500702,1.3685904981228114
PCA11,dinov2_b,resize_2.0,89,5,0.5713041424751282,0.20468899607658386,0.22400689125061035,1.4133474668407786
PCA11,dinov2_b,resize_2.0,90,5,0.2300029695034027,0.2623269557952881,0.5076701045036316,1.4906281846246088
PCA11,dinov2_b,resize_2.0,91,5,0.5251659154891968,0.16307543218135834,0.3117586672306061,1.4388508533247746
PCA11,dinov2_b,resize_2.0,92,5,0.3409728705883026,0.4919704496860504,0.16705664992332458,1.4640153619296414
PCA11,dinov2_b,resize_2.0,93,5,0.1473008096218109,0.24008439481258392,0.6126148700714111,1.3342892627671912
PCA11,dinov2_b,resize_2.0,94,5,0.5260595679283142,0.18950752913951874,0.28443291783332825,1.4581722060812994
PCA11,dinov2_b,resize_2.0,95,5,0.3131862282752991,0.1271033138036728,0.5597105026245117,1.3714241165300414
PCA11,dinov2_b,resize_2.0,96,5,0.2089686542749405,0.359053373336792,0.4319779574871063,1.5256816654225323
PCA11,dinov2_b,resize_2.0,97,5,0.5693764686584473,0.3445373773574829,0.08608613908290863,1.2968695087338429
PCA11,dinov2_b,resize_2.0,98,5,0.49020400643348694,0.20789821445941925,0.3018977642059326,1.4969446751783553
PCA11,dinov2_b,resize_2.0,99,5,0.31989172101020813,0.4869854748249054,0.19312284886837006,1.4896935570930245
PCA11,dinov2_b,resize_2.0,100,5,0.10108571499586105,0.3666542172431946,0.5322600603103638,1.34920803617676
PCA11,dinov2_b,resize_2.0,101,5,0.15918073058128357,0.5133354067802429,0.3274838328361511,1.4432862148616006
PCA11,dinov2_b,resize_2.0,102,5,0.4509640038013458,0.27278950810432434,0.27624645829200745,1.5420711167029522
PCA11,dinov2_b,resize_2.0,103,5,0.3694363236427307,0.19981616735458374,0.43074750900268555,1.5183520779018447
PCA11,dinov2_b,resize_2.0,104,5,0.16500993072986603,0.28184664249420166,0.5531434416770935,1.416397844009364
PCA11,dinov2_b,resize_2.0,105,5,0.38663023710250854,0.48332569003105164,0.1300441175699234,1.4197461804868667
PCA11,dinov2_b,resize_2.0,106,5,0.2740640342235565,0.3169915974140167,0.40894439816474915,1.5647474883363346
PCA11,dinov2_b,resize_2.0,107,5,0.510952889919281,0.15464507043361664,0.33440205454826355,1.4399039047092361
PCA11,dinov2_b,resize_2.0,108,5,0.33417555689811707,0.549069881439209,0.1167544350028038,1.365108556888116
PCA11,dinov2_b,resize_2.0,109,6,0.371095210313797,0.5257223844528198,0.10318232327699661,1.3564927091852779
PCA11,dinov2_b,resize_2.0,110,6,0.18315429985523224,0.38332274556159973,0.4335229992866516,1.5015479170033355
PCA11,dinov2_b,resize_2.0,111,6,0.351378470659256,0.29374703764915466,0.35487452149391174,1.5797529547274398
PCA11,dinov2_b,resize_2.0,112,6,0.6167047023773193,0.16436511278152466,0.218930184841156,1.3380091376723167
PCA11,dinov2_b,resize_2.0,113,6,0.08404245972633362,0.3854866027832031,0.5304710268974304,1.3155986421953125
PCA11,dinov2_b,resize_2.0,114,6,0.13990607857704163,0.504271388053894,0.3558225929737091,1.4255116943639463
PCA11,dinov2_b,resize_2.0,115,6,0.4980708360671997,0.12585005164146423,0.37607911229133606,1.407775263098793
PCA11,dinov2_b,resize_2.0,116,6,0.3084118664264679,0.18152621388435364,0.5100619196891785,1.465669209277498
PCA11,dinov2_b,resize_2.0,117,6,0.2342328429222107,0.2614366114139557,0.504330575466156,1.4945377985364134
PCA11,dinov2_b,resize_2.0,118,6,0.3023843765258789,0.22244064509868622,0.47517499327659607,1.5142276502737868
PCA11,dinov2_b,resize_2.0,119,6,0.6269101500511169,0.32659783959388733,0.04649200290441513,1.155408155642117
PCA11,dinov2_b,resize_2.0,120,6,0.7088726162910461,0.04718506708741188,0.2439422309398651,1.05627779287375
PCA11,dinov2_b,resize_2.0,121,6,0.4116431176662445,0.5646819472312927,0.02367492951452732,1.1205537499814278
PCA11,dinov2_b,resize_2.0,122,6,0.3354302942752838,0.514356791973114,0.15021291375160217,1.4327796168660543
PCA11,dinov2_b,resize_2.0,123,6,0.3607840836048126,0.47955942153930664,0.15965649485588074,1.4616801150994378
PCA11,dinov2_b,resize_2.0,124,6,0.28395897150039673,0.5775802731513977,0.13846081495285034,1.3680814828955699
PCA11,dinov2_b,resize_2.0,125,6,0.3934463560581207,0.2648819088935852,0.3416716754436493,1.5665097596192312
PCA11,dinov2_b,resize_2.0,126,7,0.4892437160015106,0.4419044554233551,0.06885179877281189,1.29103548869558
PCA11,dinov2_b,resize_2.0,127,7,0.4230881929397583,0.46799707412719727,0.10891479253768921,1.3860858075249995
PCA11,dinov2_b,resize_2.0,128,7,0.5512727499008179,0.2564820945262909,0.19224511086940765,1.434472293795699
PCA11,dinov2_b,resize_2.0,129,7,0.2087094932794571,0.5075364112854004,0.2837540805339813,1.484018315422608
PCA11,dinov2_b,resize_2.0,130,7,0.5738204717636108,0.218751460313797,0.20742802321910858,1.4101809896543367
PCA11,dinov2_b,resize_2.0,131,7,0.16024945676326752,0.4064595103263855,0.4332910478115082,1.4740380125970463
PCA11,dinov2_b,resize_2.0,132,7,0.4020873010158539,0.3562297821044922,0.241682767868042,1.5541431261901626
PCA11,dinov2_b,resize_2.0,133,7,0.49613261222839355,0.2302163690328598,0.273651123046875,1.5011200620087484
PCA11,dinov2_b,resize_2.0,134,7,0.3546988368034363,0.2278858721256256,0.41741541028022766,1.542742967174949
PCA11,dinov2_b,resize_2.0,135,7,0.33333688974380493,0.4746874272823334,0.1919756680727005,1.4956816657679668
PCA11,dinov2_b,resize_2.0,136,7,0.5592018961906433,0.11623785644769669,0.3245602250099182,1.356729243567951
PCA11,dinov2_b,resize_2.0,137,7,0.09664855152368546,0.5848712921142578,0.3184802234172821,1.3041143894238594
PCA11,dinov2_b,resize_2.0,138,7,0.32864946126937866,0.4765639007091522,0.19478662312030792,1.4968796902175199
PCA11,dinov2_b,resize_2.0,139,7,0.40012839436531067,0.34368187189102173,0.2561897039413452,1.5616593169919348
PCA11,dinov2_b,resize_2.0,140,7,0.362941175699234,0.26154324412345886,0.37551555037498474,1.5673685319629387
PCA11,dinov2_b,resize_2.0,141,7,0.4961353838443756,0.2650105953216553,0.23885400593280792,1.5028416000130436
PCA11,dinov2_b,resize_2.0,142,7,0.5416641235351562,0.05683444067835808,0.4015013873577118,1.242833015669459
PCA11,dinov2_b,resize_2.0,143,7,0.32907477021217346,0.2772293984889984,0.3936958611011505,1.5702455146365915
PCA11,dinov2_b,resize_2.0,144,7,0.34647318720817566,0.38966742157936096,0.26385942101478577,1.5668258999961187
PCA11,dinov2_b,resize_2.0,145,7,0.19898353517055511,0.4138827919960022,0.38713374733924866,1.5202624845896806
PCA11,dinov2_b,resize_2.0,146,7,0.39198723435401917,0.06422577053308487,0.5437869429588318,1.2619286489324117
PCA11,dinov2_b,resize_2.0,147,7,0.37697017192840576,0.085436150431633,0.5375936031341553,1.3151586522464673
PCA11,dinov2_b,resize_2.0,148,7,0.4920034110546112,0.4268554449081421,0.08114107698202133,1.3217113362692927
PCA11,dinov2_b,resize_2.0,149,7,0.09141753613948822,0.45739683508872986,0.4511857032775879,1.3497355724383184
PCA11,dinov2_b,resize_2.0,150,7,0.4622758626937866,0.2109132558107376,0.32681089639663696,1.5154526925862777
PCA11,dinov2_b,resize_2.0,151,8,0.2693987786769867,0.3145870566368103,0.4160141348838806,1.5610117889580533
PCA11,dinov2_b,resize_2.0,152,8,0.1744331568479538,0.3795214891433716,0.4460453987121582,1.489442050901216
PCA11,dinov2_b,resize_2.0,153,8,0.5523428320884705,0.08031995594501495,0.36733728647232056,1.2959556931137985
PCA11,dinov2_b,resize_2.0,154,8,0.4213626980781555,0.47176119685173035,0.10687610507011414,1.381492159902297
PCA11,dinov2_b,resize_2.0,155,8,0.34642675518989563,0.07006105780601501,0.5835122466087341,1.252003977984859
PCA11,dinov2_b,resize_2.0,156,8,0.3171011209487915,0.14648905396461487,0.5364099144935608,1.4133865796190384
PCA11,dinov2_b,resize_2.0,157,8,0.07555189728736877,0.37093237042427063,0.5535157322883606,1.2845723814132155
PCA11,dinov2_b,resize_2.0,158,8,0.4354430139064789,0.4874063730239868,0.0771506205201149,1.3127964239005108
PCA11,dinov2_b,resize_2.0,159,8,0.07704441994428635,0.524581253528595,0.39837419986724854,1.302146036665727
PCA11,dinov2_b,resize_2.0,160,8,0.09265423566102982,0.606031060218811,0.30131474137306213,1.277341167441036
PCA11,dinov2_b,resize_2.0,161,8,0.4798350930213928,0.4195035398006439,0.10066144913434982,1.367505665192371
PCA11,dinov2_b,resize_2.0,162,8,0.12945173680782318,0.3620885908603668,0.5084596276283264,1.4086437179256361
PCA11,dinov2_b,resize_2.0,163,8,0.4276466965675354,0.3715406656265259,0.20081262290477753,1.5198941215322455
PCA11,dinov2_b,resize_2.0,164,8,0.6113696694374084,0.3463475704193115,0.04228266328573227,1.15678066082927
PCA11,dinov2_b,resize_2.0,165,8,0.37115663290023804,0.5334413647651672,0.09540197998285294,1.3377310907551045
PCA11,dinov2_b,resize_2.0,166,8,0.045374512672424316,0.5825227499008179,0.37210288643836975,1.1873056549225045
PCA11,dinov2_b,resize_2.0,167,8,0.40226832032203674,0.47948771715164185,0.11824396997690201,1.4011637516472797
PCA11,dinov2_b,resize_2.0,168,8,0.31062570214271545,0.4208826422691345,0.2684917449951172,1.5587667529852522
PCA11,dinov2_b,resize_2.0,169,8,0.24398662149906158,0.3108867406845093,0.44512665271759033,1.5403350831097753
PCA11,dinov2_b,resize_2.0,170,8,0.38512474298477173,0.05808357149362564,0.5567916035652161,1.23901114859354
PCA11,dinov2_b,resize_2.0,171,8,0.05736700817942619,0.4724780321121216,0.4701549708843231,1.2595318763658607
PCA11,dinov2_b,resize_2.0,172,8,0.26664966344833374,0.4786173403263092,0.2547329366207123,1.5198664898636887
PCA11,dinov2_b,resize_2.0,173,8,0.07777081429958344,0.5667997002601624,0.35542958974838257,1.281246374030211
PCA11,dinov2_b,resize_2.0,174,8,0.09067679196596146,0.4973921477794647,0.4119310975074768,1.3422456866695662
PCA11,dinov2_b,resize_2.0,175,8,0.28121453523635864,0.21360765397548676,0.5051777958869934,1.4880608389263292
PCA11,dinov2_b,resize_2.0,176,8,0.1024484783411026,0.4442089796066284,0.453342467546463,1.374193873476051
PCA11,dinov2_b,resize_2.0,177,8,0.25125059485435486,0.07854337245225906,0.6702060699462891,1.1759010500160016
PCA11,dinov2_b,resize_2.0,178,9,0.3537410795688629,0.40093398094177246,0.24532482028007507,1.5563286905768068
PCA11,dinov2_b,resize_2.0,179,9,0.21037568151950836,0.29729169607162476,0.49233269691467285,1.496710561969248
PCA11,dinov2_b,resize_2.0,180,9,0.19826143980026245,0.38608843088150024,0.4156501889228821,1.5193894166038477
PCA11,dinov2_b,resize_2.0,181,9,0.47978466749191284,0.35442429780960083,0.16579098999500275,1.4685534959096525
PCA11,dinov2_b,resize_2.0,182,9,0.1320337951183319,0.22206956148147583,0.6458966732025146,1.2750863333043578
PCA11,dinov2_b,resize_2.0,183,9,0.40135401487350464,0.13522319495677948,0.4634227156639099,1.4331512580854446
PCA11,dinov2_b,resize_2.0,184,9,0.22222283482551575,0.4418150782585144,0.3359620273113251,1.531558539907524
PCA11,dinov2_b,resize_2.0,185,9,0.22350256145000458,0.38868412375450134,0.38781335949897766,1.5430084279762935
PCA11,dinov2_b,resize_2.0,186,9,0.2509349584579468,0.3713589310646057,0.3777061104774475,1.5617828834479452
PCA11,dinov2_b,resize_2.0,187,9,0.44404634833335876,0.43992459774017334,0.11602894961833954,1.4017946512167763
PCA11,dinov2_b,resize_2.0,188,10,0.4405408501625061,0.06897161155939102,0.49048757553100586,1.2911687492149184
PCA11,dinov2_b,resize_2.0,189,10,0.34846824407577515,0.3558923900127411,0.295639306306839,1.5801991690646027
PCA11,dinov2_b,resize_2.0,190,10,0.4028148353099823,0.40161797404289246,0.19556713104248047,1.517404864696576
PCA11,dinov2_b,resize_2.0,191,10,0.21660803258419037,0.40895792841911316,0.37443411350250244,1.5362194274293768
PCA11,dinov2_b,resize_2.0,192,10,0.3892627954483032,0.26810431480407715,0.34263288974761963,1.5684824977375875
PCA11,dinov2_b,resize_2.0,193,10,0.1964254379272461,0.5400329828262329,0.2635416090488434,1.448248209636947
PCA11,dinov2_b,resize_2.0,194,10,0.5040978193283081,0.3405636250972748,0.15533849596977234,1.4447177449648438
PCA11,dinov2_b,resize_2.0,195,10,0.16122861206531525,0.43995168805122375,0.39881977438926697,1.4745565017913282
PCA11,dinov2_b,resize_2.0,196,10,0.04836667701601982,0.3864614963531494,0.5651717782020569,1.2066979309982329
PCA11,dinov2_b,resize_2.0,197,10,0.44356197118759155,0.15317952632904053,0.4032585024833679,1.4631764677051495
PCA11,dinov2_b,resize_2.0,198,10,0.2550681531429291,0.3706780970096588,0.3742537498474121,1.5641320438958237
PCA11,dinov2_b,resize_2.0,199,10,0.18337543308734894,0.4110778272151947,0.40554672479629517,1.5040033670931214
PCA11,dinov2_b,jpeg_10,0,0,0.13805118203163147,0.30110806226730347,0.5608407855033875,1.3837171651903115
PCA11,dinov2_b,jpeg_10,1,0,0.3119710683822632,0.2672230303287506,0.4208058714866638,1.5585250330720724
PCA11,dinov2_b,jpeg_10,2,0,0.1959696263074875,0.37244006991386414,0.4315904378890991,1.514682281150673
PCA11,dinov2_b,jpeg_10,3,0,0.09808728098869324,0.39221569895744324,0.5096970200538635,1.3537455230993658
PCA11,dinov2_b,jpeg_10,4,0,0.07470989227294922,0.35981136560440063,0.5654786825180054,1.2752963057188507
PCA11,dinov2_b,jpeg_10,5,0,0.1665109246969223,0.44975003600120544,0.3837389647960663,1.4793746246864778
PCA11,dinov2_b,jpeg_10,6,0,0.263504296541214,0.18852505087852478,0.5479705333709717,1.436366383848632
PCA11,dinov2_b,jpeg_10,7,0,0.12870897352695465,0.3589586019515991,0.5123324394226074,1.405600768996229
PCA11,dinov2_b,jpeg_10,8,0,0.15065878629684448,0.20953746140003204,0.6398038268089294,1.296068326746047
PCA11,dinov2_b,jpeg_10,9,0,0.33779606223106384,0.0831267312169075,0.5790772438049316,1.2836293789118194
PCA11,dinov2_b,jpeg_10,10,1,0.38773831725120544,0.41917186975479126,0.19308973848819733,1.5139171490373058
PCA11,dinov2_b,jpeg_10,11,1,0.7165213823318481,0.21479371190071106,0.06868492811918259,1.0865995706968195
PCA11,dinov2_b,jpeg_10,12,1,0.11852168291807175,0.4157530963420868,0.46572521328926086,1.4045301646406911
PCA11,dinov2_b,jpeg_10,13,1,0.24817252159118652,0.17280445992946625,0.579023003578186,1.3930970130005627
PCA11,dinov2_b,jpeg_10,14,1,0.36058956384658813,0.5156999826431274,0.12371040135622025,1.3963127673804423
PCA11,dinov2_b,jpeg_10,15,1,0.5286255478858948,0.026379698887467384,0.4449946880340576,1.1443298723418402
PCA11,dinov2_b,jpeg_10,16,1,0.3607199788093567,0.44113829731941223,0.19814175367355347,1.5142266716336603
PCA11,dinov2_b,jpeg_10,17,1,0.47813624143600464,0.06494425237178802,0.4569195508956909,1.281475264016405
PCA11,dinov2_b,jpeg_10,18,1,0.43458619713783264,0.3367462456226349,0.22866754233837128,1.5380372707112837
PCA11,dinov2_b,jpeg_10,19,1,0.2771814465522766,0.3849763870239258,0.33784225583076477,1.5721817153941537
PCA11,dinov2_b,jpeg_10,20,1,0.33536475896835327,0.4079984128475189,0.25663670897483826,1.559864317810805
PCA11,dinov2_b,jpeg_10,21,1,0.042749419808387756,0.4228651225566864,0.5343853831291199,1.2026165881474817
PCA11,dinov2_b,jpeg_10,22,1,0.12239085882902145,0.4522804617881775,0.42532870173454285,1.4132064724888556
PCA11,dinov2_b,jpeg_10,23,1,0.4008488655090332,0.32707250118255615,0.27207866311073303,1.5669498633222885
PCA11,dinov2_b,jpeg_10,24,1,0.5853114724159241,0.33166590332984924,0.08302266895771027,1.2784420575042128
PCA11,dinov2_b,jpeg_10,25,1,0.052494730800390244,0.48861879110336304,0.4588864743709564,1.2437334822948038
PCA11,dinov2_b,jpeg_10,26,1,0.21698066592216492,0.4140606224536896,0.3689587116241455,1.5357601682031259
PCA11,dinov2_b,jpeg_10,27,1,0.2690492570400238,0.5456028580665588,0.18534784018993378,1.437202693981129
PCA11,dinov2_b,jpeg_10,28,1,0.08419670909643173,0.5038401484489441,0.4119632840156555,1.3259397131589783
PCA11,dinov2_b,jpeg_10,29,1,0.31994208693504333,0.17037726938724518,0.5096806883811951,1.4566088209820647
PCA11,dinov2_b,jpeg_10,30,1,0.09525445103645325,0.42065107822418213,0.4840945303440094,1.3553031983447055
PCA11,dinov2_b,jpeg_10,31,1,0.046548422425985336,0.6958141326904297,0.2576373815536499,1.0741403731412498
PCA11,dinov2_b,jpeg_10,32,1,0.0491204671561718,0.5938867330551147,0.3569927513599396,1.1905044926798802
PCA11,dinov2_b,jpeg_10,33,1,0.5694510340690613,0.23472528159618378,0.19582369923591614,1.4140474319752216
PCA11,dinov2_b,jpeg_10,34,2,0.2510250210762024,0.3995418846607208,0.34943312406539917,1.559453604777577
PCA11,dinov2_b,jpeg_10,35,2,0.10826420038938522,0.4506259560585022,0.44110986590385437,1.3863204993494276
PCA11,dinov2_b,jpeg_10,36,2,0.14206106960773468,0.474006712436676,0.3839322030544281,1.440715875615219
PCA11,dinov2_b,jpeg_10,37,2,0.20785892009735107,0.4538167417049408,0.33832427859306335,1.5173214004180393
PCA11,dinov2_b,jpeg_10,38,2,0.38881272077560425,0.40133634209632874,0.20985089242458344,1.5312035554279428
PCA11,dinov2_b,jpeg_10,39,2,0.16632020473480225,0.5339632630348206,0.2997165620326996,1.4347738178880562
PCA11,dinov2_b,jpeg_10,40,2,0.10891227424144745,0.549684464931488,0.3414033055305481,1.3522695223698067
PCA11,dinov2_b,jpeg_10,41,2,0.10057668387889862,0.6034641265869141,0.2959591746330261,1.2928555008759837
PCA11,dinov2_b,jpeg_10,42,2,0.5326142907142639,0.1931733936071396,0.27421244978904724,1.454127249283668
PCA11,dinov2_b,jpeg_10,43,2,0.12998253107070923,0.4124477207660675,0.4575696885585785,1.4257189206327499
PCA11,dinov2_b,jpeg_10,44,2,0.2300248146057129,0.3074495792388916,0.46252554655075073,1.5253451372204871
PCA11,dinov2_b,jpeg_10,45,2,0.1367354542016983,0.48793622851371765,0.3753282427787781,1.42826336609112
PCA11,dinov2_b,jpeg_10,46,2,0.2798084020614624,0.3478412628173828,0.3723502457141876,1.5747794499380738
PCA11,dinov2_b,jpeg_10,47,2,0.3698015809059143,0.5206964612007141,0.10950202494859695,1.3703765192091895
PCA11,dinov2_b,jpeg_10,48,2,0.14934200048446655,0.4879961609840393,0.3626618981361389,1.4454798117087182
PCA11,dinov2_b,jpeg_10,49,2,0.17584463953971863,0.1591186225414276,0.6650367975234985,1.254277652026182
PCA11,dinov2_b,jpeg_10,50,3,0.3655392825603485,0.5249176025390625,0.10954306274652481,1.3683044215484028
PCA11,dinov2_b,jpeg_10,51,3,0.3689790368080139,0.3216303884983063,0.3093906342983246,1.5807346444235362
PCA11,dinov2_b,jpeg_10,52,3,0.5835183262825012,0.12082505226135254,0.295656681060791,1.3416439441180774
PCA11,dinov2_b,jpeg_10,53,3,0.4802548885345459,0.13990475237369537,0.37984034419059753,1.4356087355835578
PCA11,dinov2_b,jpeg_10,54,3,0.30046185851097107,0.4214012026786804,0.2781369984149933,1.5600778669758437
PCA11,dinov2_b,jpeg_10,55,3,0.32611024379730225,0.30424022674560547,0.3696495294570923,1.5802056281870125
PCA11,dinov2_b,jpeg_10,56,3,0.39716121554374695,0.3865227699279785,0.21631594002246857,1.53696313012362
PCA11,dinov2_b,jpeg_10,57,3,0.4377824366092682,0.2622683048248291,0.29994916915893555,1.5491960282416133
PCA11,dinov2_b,jpeg_10,58,3,0.3148115575313568,0.25702202320098877,0.42816635966300964,1.5526731350187684
PCA11,dinov2_b,jpeg_10,59,3,0.6285696029663086,0.21771450340747833,0.15371590852737427,1.3152002312288036
PCA11,dinov2_b,jpeg_10,60,3,0.38207998871803284,0.2011624127626419,0.4167574346065521,1.5219982395501095
PCA11,dinov2_b,jpeg_10,61,3,0.2880692780017853,0.5325477123260498,0.17938299477100372,1.4459968248984225
PCA11,dinov2_b,jpeg_10,62,3,0.48622745275497437,0.16355358064174652,0.3502189517021179,1.463165983781513
PCA11,dinov2_b,jpeg_10,63,3,0.4545244872570038,0.22936315834522247,0.31611233949661255,1.5295060588246265
PCA11,dinov2_b,jpeg_10,64,3,0.5584378242492676,0.1337212175130844,0.30784082412719727,1.3807875228241073
PCA11,dinov2_b,jpeg_10,65,3,0.4137248396873474,0.3101515769958496,0.27612361311912537,1.5632647061465548
PCA11,dinov2_b,jpeg_10,66,3,0.48443037271499634,0.2814759910106659,0.23409368097782135,1.5117244833812076
PCA11,dinov2_b,jpeg_10,67,4,0.4041596055030823,0.16646111011505127,0.4293791353702545,1.4825333351043777
PCA11,dinov2_b,jpeg_10,68,4,0.27933269739151,0.15275859832763672,0.5679087042808533,1.3916015676438618
PCA11,dinov2_b,jpeg_10,69,4,0.2838309407234192,0.4014478027820587,0.31472131609916687,1.569192927372035
PCA11,dinov2_b,jpeg_10,70,4,0.37511157989501953,0.268945574760437,0.35594287514686584,1.5706393497551927
PCA11,dinov2_b,jpeg_10,71,4,0.43803197145462036,0.28425124287605286,0.2777167558670044,1.5508046652195484
PCA11,dinov2_b,jpeg_10,72,4,0.5528857707977295,0.194459930062294,0.2526542842388153,1.4335496982956444
PCA11,dinov2_b,jpeg_10,73,4,0.3510119915008545,0.3752281963825226,0.2737598419189453,1.572465759194392
PCA11,dinov2_b,jpeg_10,74,4,0.4776335060596466,0.1414506584405899,0.3809158504009247,1.4386985879665817
PCA11,dinov2_b,jpeg_10,75,4,0.16713859140872955,0.5096742510795593,0.3231871724128723,1.4536005738283433
PCA11,dinov2_b,jpeg_10,76,4,0.44228440523147583,0.2085702121257782,0.34914538264274597,1.5222455799765653
PCA11,dinov2_b,jpeg_10,77,4,0.4786838889122009,0.3754150867462158,0.14590096473693848,1.4445567725228434
PCA11,dinov2_b,jpeg_10,78,4,0.3956441283226013,0.4284313917160034,0.1759244054555893,1.4942138686440585
PCA11,dinov2_b,jpeg_10,79,4,0.4876384735107422,0.3667932152748108,0.14556828141212463,1.4406992251017008
PCA11,dinov2_b,jpeg_10,80,4,0.339669406414032,0.47539767622947693,0.1849328726530075,1.4894372699535334
PCA11,dinov2_b,jpeg_10,81,4,0.24481186270713806,0.3963533341884613,0.35883474349975586,1.5567941098222595
PCA11,dinov2_b,jpeg_10,82,4,0.32234495878219604,0.30567798018455505,0.37197718024253845,1.579881861065108
PCA11,dinov2_b,jpeg_10,83,4,0.42268308997154236,0.4018189609050751,0.17549796402454376,1.4942497047478915
PCA11,dinov2_b,jpeg_10,84,4,0.36651626229286194,0.29096680879592896,0.3425169289112091,1.5784139726322683
PCA11,dinov2_b,jpeg_10,85,4,0.3049708604812622,0.3948523998260498,0.30017662048339844,1.572979867203753
PCA11,dinov2_b,jpeg_10,86,4,0.34476691484451294,0.33500000834465027,0.3202330470085144,1.5843004304784536
PCA11,dinov2_b,jpeg_10,87,5,0.05358727276325226,0.4398629367351532,0.5065497756004333,1.2444646339485714
PCA11,dinov2_b,jpeg_10,88,5,0.1374017298221588,0.507813572883606,0.3547847867012024,1.420304599488754
PCA11,dinov2_b,jpeg_10,89,5,0.09152565151453018,0.4061121344566345,0.5023621320724487,1.342646528872019
PCA11,dinov2_b,jpeg_10,90,5,0.0651690736413002,0.49206915497779846,0.4427618682384491,1.2805853175161985
PCA11,dinov2_b,jpeg_10,91,5,0.047436054795980453,0.30394062399864197,0.6486233472824097,1.135925681542231
PCA11,dinov2_b,jpeg_10,92,5,0.12807972729206085,0.48479723930358887,0.3871230483055115,1.416159157818182
PCA11,dinov2_b,jpeg_10,93,5,0.09636460989713669,0.5506916642189026,0.35294368863105774,1.3295300698128198
PCA11,dinov2_b,jpeg_10,94,5,0.15371555089950562,0.3444038927555084,0.5018805861473083,1.444083780186795
PCA11,dinov2_b,jpeg_10,95,5,0.06360030174255371,0.7528238296508789,0.18357586860656738,1.0101127220789294
PCA11,dinov2_b,jpeg_10,96,5,0.23986782133579254,0.47329604625701904,0.28683608770370483,1.5216201117201087
PCA11,dinov2_b,jpeg_10,97,5,0.11988082528114319,0.326041579246521,0.5540776252746582,1.366027570317033
PCA11,dinov2_b,jpeg_10,98,5,0.09350506961345673,0.4395197331905365,0.46697524189949036,1.3539573027062506
PCA11,dinov2_b,jpeg_10,99,5,0.15966807305812836,0.3795868158340454,0.4607450067996979,1.4681839809564625
PCA11,dinov2_b,jpeg_10,100,5,0.10204988718032837,0.4762144982814789,0.42173561453819275,1.371024520218107
PCA11,dinov2_b,jpeg_10,101,5,0.13936880230903625,0.3012671172618866,0.5593640208244324,1.3865127646521755
PCA11,dinov2_b,jpeg_10,102,5,0.04199760779738426,0.4018265902996063,0.5561757683753967,1.1913628026286194
PCA11,dinov2_b,jpeg_10,103,5,0.10916265100240707,0.5937015414237976,0.2971358299255371,1.3156272122325419
PCA11,dinov2_b,jpeg_10,104,5,0.05410873517394066,0.25100570917129517,0.6948854327201843,1.0931679388098225
PCA11,dinov2_b,jpeg_10,105,5,0.06962274760007858,0.48786163330078125,0.44251567125320435,1.2932965770984355
PCA11,dinov2_b,jpeg_10,106,5,0.2615152895450592,0.26054832339286804,0.4779364764690399,1.5206572074671822
PCA11,dinov2_b,jpeg_10,107,5,0.08916670829057693,0.6792979836463928,0.23153534531593323,1.178625419957258
PCA11,dinov2_b,jpeg_10,108,5,0.17822088301181793,0.4014607071876526,0.42031848430633545,1.4976364107312052
PCA11,dinov2_b,jpeg_10,109,6,0.12217241525650024,0.6112805008888245,0.2665470838546753,1.3130650472170806
PCA11,dinov2_b,jpeg_10,110,6,0.45828351378440857,0.08005312830209732,0.4616633951663971,1.322304270106819
PCA11,dinov2_b,jpeg_10,111,6,0.501900851726532,0.18418551981449127,0.3139137625694275,1.473433128344465
PCA11,dinov2_b,jpeg_10,112,6,0.5754519701004028,0.030420485883951187,0.3941275179386139,1.1414701299301124
PCA11,dinov2_b,jpeg_10,113,6,0.5166965126991272,0.19407491385936737,0.28922855854034424,1.4688965343739504
PCA11,dinov2_b,jpeg_10,114,6,0.6238629221916199,0.3193339407444,0.0568031370639801,1.1856067601499147
PCA11,dinov2_b,jpeg_10,115,6,0.4748096466064453,0.4485277831554413,0.07666255533695221,1.3131066576104504
PCA11,dinov2_b,jpeg_10,116,6,0.4688245356082916,0.34232041239738464,0.18885499238967896,1.4959251405465976
PCA11,dinov2_b,jpeg_10,117,6,0.5789018869400024,0.3381103575229645,0.0829877182841301,1.2834841080585029
PCA11,dinov2_b,jpeg_10,118,6,0.3321489989757538,0.4747479557991028,0.19310306012630463,1.4965404386650163
PCA11,dinov2_b,jpeg_10,119,6,0.6037219762802124,0.3743206858634949,0.021957464516162872,1.0911598840785899
PCA11,dinov2_b,jpeg_10,120,6,0.5884292721748352,0.14376431703567505,0.26780644059181213,1.36149742706959
PCA11,dinov2_b,jpeg_10,121,6,0.2459459751844406,0.6148654818534851,0.13918863236904144,1.3250937320905058
PCA11,dinov2_b,jpeg_10,122,6,0.4658406972885132,0.04592311009764671,0.4882362186908722,1.222517071970847
PCA11,dinov2_b,jpeg_10,123,6,0.30638837814331055,0.3590972423553467,0.33451446890830994,1.5819433860287095
PCA11,dinov2_b,jpeg_10,124,6,0.39175501465797424,0.4854815900325775,0.12276341021060944,1.4072515668937118
PCA11,dinov2_b,jpeg_10,125,6,0.22590062022209167,0.19897772371768951,0.5751215815544128,1.4073021105946617
PCA11,dinov2_b,jpeg_10,126,7,0.6482845544815063,0.04466991126537323,0.30704548954963684,1.1287419987021952
PCA11,dinov2_b,jpeg_10,127,7,0.06909769028425217,0.45110008120536804,0.4798022210597992,1.2928111955542594
PCA11,dinov2_b,jpeg_10,128,7,0.6891922950744629,0.20314233005046844,0.10766532272100449,1.183408439134363
PCA11,dinov2_b,jpeg_10,129,7,0.20342037081718445,0.505750298500061,0.29082930088043213,1.482944512899147
PCA11,dinov2_b,jpeg_10,130,7,0.09437595307826996,0.5258035063743591,0.3798205554485321,1.3394850303338963
PCA11,dinov2_b,jpeg_10,131,7,0.606219470500946,0.36602917313575745,0.027751373127102852,1.1119854681481438
PCA11,dinov2_b,jpeg_10,132,7,0.43071311712265015,0.356225848197937,0.21306106448173523,1.5291386653441124
PCA11,dinov2_b,jpeg_10,133,7,0.029366392642259598,0.4284074306488037,0.5422261953353882,1.1521881715499966
PCA11,dinov2_b,jpeg_10,134,7,0.3219611346721649,0.4293990731239319,0.2486398071050644,1.5493554226270827
PCA11,dinov2_b,jpeg_10,135,7,0.5574676990509033,0.11457796394824982,0.3279542624950409,1.3555848188080668
PCA11,dinov2_b,jpeg_10,136,7,0.06451298296451569,0.3158087432384491,0.619678258895874,1.2080839113241642
PCA11,dinov2_b,jpeg_10,137,7,0.46521320939064026,0.4531782865524292,0.08160833269357681,1.3260989865855821
PCA11,dinov2_b,jpeg_10,138,7,0.23626366257667542,0.5830252766609192,0.18071100115776062,1.3916379667019325
PCA11,dinov2_b,jpeg_10,139,7,0.32211875915527344,0.33700230717658997,0.34087902307510376,1.5845359113625515
PCA11,dinov2_b,jpeg_10,140,7,0.4413677155971527,0.10650912672281265,0.4521231949329376,1.3826932641049492
PCA11,dinov2_b,jpeg_10,141,7,0.17335398495197296,0.35341593623161316,0.47323015332221985,1.4793949884000157
PCA11,dinov2_b,jpeg_10,142,7,0.027460867539048195,0.36314651370048523,0.6093926429748535,1.1085641293911397
PCA11,dinov2_b,jpeg_10,143,7,0.43708592653274536,0.278801828622818,0.28411227464675903,1.551426718209885
PCA11,dinov2_b,jpeg_10,144,7,0.27528461813926697,0.3727162480354309,0.3519992530345917,1.5732340492048507
PCA11,dinov2_b,jpeg_10,145,7,0.3843768835067749,0.2564670443534851,0.35915616154670715,1.564283878527784
PCA11,dinov2_b,jpeg_10,146,7,0.09950028359889984,0.3778465688228607,0.5226531624794006,1.3510388583029012
PCA11,dinov2_b,jpeg_10,147,7,0.015307184308767319,0.6604207754135132,0.3242720663547516,1.0144392901775852
PCA11,dinov2_b,jpeg_10,148,7,0.08610760420560837,0.49019718170166016,0.4236951470375061,1.3337408594485898
PCA11,dinov2_b,jpeg_10,149,7,0.036679401993751526,0.4753740727901459,0.4879465401172638,1.1900567370068136
PCA11,dinov2_b,jpeg_10,150,7,0.4959867298603058,0.47760748863220215,0.026405811309814453,1.1493776556017488
PCA11,dinov2_b,jpeg_10,151,8,0.12935619056224823,0.4727761447429657,0.39786767959594727,1.4216588740256095
PCA11,dinov2_b,jpeg_10,152,8,0.4379272758960724,0.3294457495212555,0.2326270043849945,1.5388361683679799
PCA11,dinov2_b,jpeg_10,153,8,0.10055723786354065,0.48795199394226074,0.411490797996521,1.3655078954971567
PCA11,dinov2_b,jpeg_10,154,8,0.271675169467926,0.28289365768432617,0.4454311430454254,1.5457959952841014
PCA11,dinov2_b,jpeg_10,155,8,0.2685796022415161,0.5085197687149048,0.22290068864822388,1.4882039318126403
PCA11,dinov2_b,jpeg_10,156,8,0.18014399707317352,0.541475772857666,0.27838024497032166,1.4382547494348665
PCA11,dinov2_b,jpeg_10,157,8,0.2499825358390808,0.4544473886489868,0.2955702245235443,1.5368059307785091
PCA11,dinov2_b,jpeg_10,158,8,0.08172564953565598,0.47469958662986755,0.4435747563838959,1.3257438306866711
PCA11,dinov2_b,jpeg_10,159,8,0.520688533782959,0.3444439768791199,0.13486747443675995,1.4096884409418162
PCA11,dinov2_b,jpeg_10,160,8,0.16337274014949799,0.3743153512477875,0.46231189370155334,1.4722559861634739
PCA11,dinov2_b,jpeg_10,161,8,0.509971559047699,0.1337701976299286,0.35625821352005005,1.4141373664608872
PCA11,dinov2_b,jpeg_10,162,8,0.6525145769119263,0.30841612815856934,0.03906929865479469,1.1080521843843458
PCA11,dinov2_b,jpeg_10,163,8,0.566552996635437,0.11640211939811707,0.3170449435710907,1.351006772232324
PCA11,dinov2_b,jpeg_10,164,8,0.0391707681119442,0.6057729721069336,0.3550562858581543,1.1515641311390574
PCA11,dinov2_b,jpeg_10,165,8,0.09263583272695541,0.3178657293319702,0.5894984602928162,1.293004252615307
PCA11,dinov2_b,jpeg_10,166,8,0.4795689582824707,0.16731494665145874,0.35311609506607056,1.470304538196142
PCA11,dinov2_b,jpeg_10,167,8,0.3260982930660248,0.25327929854393005,0.42062243819236755,1.5545007216160376
PCA11,dinov2_b,jpeg_10,168,8,0.35360777378082275,0.5023123621940613,0.14407987892627716,1.432013617045666
PCA11,dinov2_b,jpeg_10,169,8,0.40542247891426086,0.49255385994911194,0.10202369838953018,1.3672460425086101
PCA11,dinov2_b,jpeg_10,170,8,0.44066107273101807,0.4350421130657196,0.12429685145616531,1.4172643220491552
PCA11,dinov2_b,jpeg_10,171,8,0.24784748256206512,0.5111411213874817,0.241011381149292,1.4884317338165514
PCA11,dinov2_b,jpeg_10,172,8,0.1339557021856308,0.32777664065361023,0.5382676720619202,1.3969560085237323
PCA11,dinov2_b,jpeg_10,173,8,0.2747199535369873,0.6292611360549927,0.09601898491382599,1.2571803274273166
PCA11,dinov2_b,jpeg_10,174,8,0.04934113472700119,0.3903149664402008,0.5603439211845398,1.2121954995617852
PCA11,dinov2_b,jpeg_10,175,8,0.47370195388793945,0.43821999430656433,0.08807811141014099,1.340947816171821
PCA11,dinov2_b,jpeg_10,176,8,0.10775969177484512,0.24179774522781372,0.6504425406455994,1.2451879228532035
PCA11,dinov2_b,jpeg_10,177,8,0.2459457814693451,0.40203163027763367,0.352022647857666,1.5564489047990675
PCA11,dinov2_b,jpeg_10,178,9,0.1513640433549881,0.42832669615745544,0.42030924558639526,1.4618246442393663
PCA11,dinov2_b,jpeg_10,179,9,0.15456260740756989,0.4514774680137634,0.39395982027053833,1.4637539523887513
PCA11,dinov2_b,jpeg_10,180,9,0.2382342517375946,0.3469679355621338,0.4147977828979492,1.5494947563581352
PCA11,dinov2_b,jpeg_10,181,9,0.06556275486946106,0.3765506446361542,0.5578866004943848,1.2580334946179497
PCA11,dinov2_b,jpeg_10,182,9,0.1402989774942398,0.46901682019233704,0.3906841278076172,1.439566632794628
PCA11,dinov2_b,jpeg_10,183,9,0.0547979399561882,0.5829681754112244,0.36223387718200684,1.2141109645459767
PCA11,dinov2_b,jpeg_10,184,9,0.0741557776927948,0.46428829431533813,0.46155592799186707,1.3070826372524644
PCA11,dinov2_b,jpeg_10,185,9,0.49474599957466125,0.11610577255487442,0.3891483247280121,1.392834646514879
PCA11,dinov2_b,jpeg_10,186,9,0.5068880319595337,0.3747127652168274,0.1183992475271225,1.3919940524237475
PCA11,dinov2_b,jpeg_10,187,9,0.18841300904750824,0.3787008821964264,0.43288615345954895,1.5071152194272435
PCA11,dinov2_b,jpeg_10,188,10,0.4998830258846283,0.21394141018390656,0.28617557883262634,1.4925646572599063
PCA11,dinov2_b,jpeg_10,189,10,0.29812946915626526,0.3213181793689728,0.3805524408817291,1.5772525114489997
PCA11,dinov2_b,jpeg_10,190,10,0.3538377285003662,0.3760391175746918,0.27012303471565247,1.5710308903009758
PCA11,dinov2_b,jpeg_10,191,10,0.42616844177246094,0.2569510340690613,0.3168804943561554,1.5535222730675886
PCA11,dinov2_b,jpeg_10,192,10,0.3640194833278656,0.46839115023612976,0.1675892472267151,1.4751060556152975
PCA11,dinov2_b,jpeg_10,193,10,0.49863648414611816,0.1850963532924652,0.316267192363739,1.4763125287849004
PCA11,dinov2_b,jpeg_10,194,10,0.39122477173805237,0.4447832703590393,0.16399189829826355,1.4773058132731816
PCA11,dinov2_b,jpeg_10,195,10,0.2914269268512726,0.43333733081817627,0.2752358317375183,1.5534682566025146
PCA11,dinov2_b,jpeg_10,196,10,0.2757287919521332,0.18811838328838348,0.5361528396606445,1.4480639758390756
PCA11,dinov2_b,jpeg_10,197,10,0.10203779488801956,0.5503827333450317,0.3475794494152069,1.340057876328507
PCA11,dinov2_b,jpeg_10,198,10,0.21173517405986786,0.4311571419239044,0.3571076989173889,1.5280259829861018
PCA11,dinov2_b,jpeg_10,199,10,0.2965849041938782,0.2533658742904663,0.4500492513179779,1.540286909346537
PCA11,dinov2_b,jpeg_50,0,0,0.34909719228744507,0.32727527618408203,0.3236274719238281,1.5841472450849237
PCA11,dinov2_b,jpeg_50,1,0,0.2440178245306015,0.3128046691417694,0.44317758083343506,1.5413405958092852
PCA11,dinov2_b,jpeg_50,2,0,0.37197455763816833,0.39287492632865906,0.2351505160331726,1.551319769999495
PCA11,dinov2_b,jpeg_50,3,0,0.28943923115730286,0.343276709318161,0.3672839403152466,1.5779713331075569
PCA11,dinov2_b,jpeg_50,4,0,0.10881207883358002,0.3444519340991974,0.5467360615730286,1.3540992274775367
PCA11,dinov2_b,jpeg_50,5,0,0.20086126029491425,0.3911227583885193,0.4080159366130829,1.522528404717805
PCA11,dinov2_b,jpeg_50,6,0,0.21485686302185059,0.23936468362808228,0.5457783937454224,1.4472119613536016
PCA11,dinov2_b,jpeg_50,7,0,0.1900622844696045,0.35735636949539185,0.45258137583732605,1.5034447621469962
PCA11,dinov2_b,jpeg_50,8,0,0.15769562125205994,0.20098847150802612,0.6413159370422363,1.2964909951751247
PCA11,dinov2_b,jpeg_50,9,0,0.31465384364128113,0.12669041752815247,0.5586557984352112,1.37176306226098
PCA11,dinov2_b,jpeg_50,10,1,0.0683780387043953,0.7258089184761047,0.20581308007240295,1.0695903456490823
PCA11,dinov2_b,jpeg_50,11,1,0.23919859528541565,0.6284555792808533,0.13234584033489227,1.3009119400190294
PCA11,dinov2_b,jpeg_50,12,1,0.21467073261737823,0.29794952273368835,0.48737967014312744,1.5023580188315298
PCA11,dinov2_b,jpeg_50,13,1,0.4055384397506714,0.31737053394317627,0.27709105610847473,1.56658963470718
PCA11,dinov2_b,jpeg_50,14,1,0.48931512236595154,0.127860888838768,0.38282400369644165,1.4142783770170495
PCA11,dinov2_b,jpeg_50,15,1,0.47753533720970154,0.49308517575263977,0.02937948890030384,1.161711220297961
PCA11,dinov2_b,jpeg_50,16,1,0.4210663139820099,0.08939091116189957,0.489542692899704,1.341324633688893
PCA11,dinov2_b,jpeg_50,17,1,0.5401292443275452,0.34547483921051025,0.11439594626426697,1.3675226535032066
PCA11,dinov2_b,jpeg_50,18,1,0.43793225288391113,0.46284976601600647,0.09921801835298538,1.3667965645101114
PCA11,dinov2_b,jpeg_50,19,1,0.11352533102035522,0.46773630380630493,0.41873839497566223,1.394978769401897
PCA11,dinov2_b,jpeg_50,20,1,0.39580464363098145,0.25817903876304626,0.3460163474082947,1.563394750416399
PCA11,dinov2_b,jpeg_50,21,1,0.41033458709716797,0.24672794342041016,0.3429374694824219,1.554967101120719
PCA11,dinov2_b,jpeg_50,22,1,0.11589762568473816,0.43487581610679626,0.44922661781311035,1.4013869249858302
PCA11,dinov2_b,jpeg_50,23,1,0.5225881338119507,0.29674088954925537,0.18067093193531036,1.4553777757533881
PCA11,dinov2_b,jpeg_50,24,1,0.33873093128204346,0.57912278175354,0.0821462944149971,1.281600522074366
PCA11,dinov2_b,jpeg_50,25,1,0.05234086140990257,0.6554632782936096,0.2921958863735199,1.1408518096918758
PCA11,dinov2_b,jpeg_50,26,1,0.21476490795612335,0.4631008505821228,0.32213422656059265,1.5173734477509147
PCA11,dinov2_b,jpeg_50,27,1,0.34361955523490906,0.22555027902126312,0.4308302700519562,1.5375238764103967
PCA11,dinov2_b,jpeg_50,28,1,0.09243452548980713,0.46274811029434204,0.44481733441352844,1.3518540827066838
PCA11,dinov2_b,jpeg_50,29,1,0.11297617107629776,0.44033047556877136,0.44669339060783386,1.3958191283135015
PCA11,dinov2_b,jpeg_50,30,1,0.14831824600696564,0.3920583724975586,0.4596233665943146,1.4534269204837322
PCA11,dinov2_b,jpeg_50,31,1,0.7120823860168457,0.05215945467352867,0.2357582300901413,1.062551705258186
PCA11,dinov2_b,jpeg_50,32,1,0.039265021681785583,0.4844766855239868,0.4762582778930664,1.1995964005233302
PCA11,dinov2_b,jpeg_50,33,1,0.5161733031272888,0.3692103922367096,0.114616259932518,1.381390312800415
PCA11,dinov2_b,jpeg_50,34,2,0.349559485912323,0.28170228004455566,0.36873817443847656,1.5756882287710035
PCA11,dinov2_b,jpeg_50,35,2,0.15314994752407074,0.4410283863544464,0.40582171082496643,1.463461156266395
PCA11,dinov2_b,jpeg_50,36,2,0.1989528238773346,0.4176059365272522,0.3834412097930908,1.5198245595349535
PCA11,dinov2_b,jpeg_50,37,2,0.1920129805803299,0.5698763728141785,0.23811054229736328,1.4124182013961382
PCA11,dinov2_b,jpeg_50,38,2,0.4023977518081665,0.4037817716598511,0.19382047653198242,1.5155733440580228
PCA11,dinov2_b,jpeg_50,39,2,0.18608587980270386,0.5893325805664062,0.2245815247297287,1.3849101570190212
PCA11,dinov2_b,jpeg_50,40,2,0.1173461303114891,0.5560962557792664,0.32655757665634155,1.3607796965000563
PCA11,dinov2_b,jpeg_50,41,2,0.10815389454364777,0.5792338848114014,0.3126122057437897,1.3277827434770013
PCA11,dinov2_b,jpeg_50,42,2,0.3782189190387726,0.3173397481441498,0.30444133281707764,1.5783624389345499
PCA11,dinov2_b,jpeg_50,43,2,0.1995162069797516,0.31326526403427124,0.4872185289859772,1.4939562245445206
PCA11,dinov2_b,jpeg_50,44,2,0.18572589755058289,0.2888365089893341,0.525437593460083,1.4564043139627625
PCA11,dinov2_b,jpeg_50,45,2,0.13899312913417816,0.4307352900505066,0.4302715063095093,1.4426025290748963
PCA11,dinov2_b,jpeg_50,46,2,0.24059705436229706,0.3737397789955139,0.38566315174102783,1.5552996508630286
PCA11,dinov2_b,jpeg_50,47,2,0.38289350271224976,0.4781763255596161,0.13893012702465057,1.434878689344039
PCA11,dinov2_b,jpeg_50,48,2,0.13238933682441711,0.5640930533409119,0.3035176396369934,1.3742315645873182
PCA11,dinov2_b,jpeg_50,49,2,0.1813410520553589,0.18001505732536316,0.6386438608169556,1.3051557262737854
PCA11,dinov2_b,jpeg_50,50,3,0.5953397750854492,0.23216989636421204,0.1724902093410492,1.3718993269642854
PCA11,dinov2_b,jpeg_50,51,3,0.46645718812942505,0.19652009010314941,0.33702266216278076,1.5032868607887964
PCA11,dinov2_b,jpeg_50,52,3,0.7179973721504211,0.10897492617368698,0.17302775382995605,1.129581116546756
PCA11,dinov2_b,jpeg_50,53,3,0.31071728467941284,0.3395652770996094,0.3497174382209778,1.5831745564296473
PCA11,dinov2_b,jpeg_50,54,3,0.35524898767471313,0.42392170429229736,0.22082923352718353,1.5364779142282825
PCA11,dinov2_b,jpeg_50,55,3,0.3785144090652466,0.27713742852211,0.34434813261032104,1.5732182272964685
PCA11,dinov2_b,jpeg_50,56,3,0.32686322927474976,0.3633541762828827,0.3097827136516571,1.5817474647100482
PCA11,dinov2_b,jpeg_50,57,3,0.45823076367378235,0.3411467373371124,0.20062246918678284,1.5101336900325943
PCA11,dinov2_b,jpeg_50,58,3,0.36101233959198,0.2598455250263214,0.3791421055793762,1.5663472884268712
PCA11,dinov2_b,jpeg_50,59,3,0.4123799800872803,0.36912423372268677,0.2184956818819046,1.5371875542687703
PCA11,dinov2_b,jpeg_50,60,3,0.4562106728553772,0.1809752881526947,0.3628139793872833,1.4935313151146055
PCA11,dinov2_b,jpeg_50,61,3,0.2884848117828369,0.5746174454689026,0.1368977427482605,1.369421214642673
PCA11,dinov2_b,jpeg_50,62,3,0.6847352385520935,0.12470800429582596,0.19055695831775665,1.2044279087007876
PCA11,dinov2_b,jpeg_50,63,3,0.5437168478965759,0.2572830021381378,0.19900014996528625,1.44537673947007
PCA11,dinov2_b,jpeg_50,64,3,0.44903162121772766,0.20584887266159058,0.3451194167137146,1.517787817437156
PCA11,dinov2_b,jpeg_50,65,3,0.3613851070404053,0.28210005164146423,0.3565148711204529,1.5761726339864637
PCA11,dinov2_b,jpeg_50,66,3,0.3820676803588867,0.31757354736328125,0.3003588318824768,1.5770756194746736
PCA11,dinov2_b,jpeg_50,67,4,0.3357810974121094,0.18239355087280273,0.4818253517150879,1.4839726057578158
PCA11,dinov2_b,jpeg_50,68,4,0.3337513208389282,0.1464744359254837,0.5197742581367493,1.424990682275024
PCA11,dinov2_b,jpeg_50,69,4,0.3401244878768921,0.5079039931297302,0.15197151899337769,1.4386770501700439
PCA11,dinov2_b,jpeg_50,70,4,0.3909270167350769,0.46648523211479187,0.14258766174316406,1.4435788115291632
PCA11,dinov2_b,jpeg_50,71,4,0.3712998330593109,0.4514918625354767,0.1772082895040512,1.4910764383555826
PCA11,dinov2_b,jpeg_50,72,4,0.41279780864715576,0.4054645299911499,0.18173763155937195,1.5020785826557599
PCA11,dinov2_b,jpeg_50,73,4,0.5792953968048096,0.07587262988090515,0.3448319137096405,1.2682107729202658
PCA11,dinov2_b,jpeg_50,74,4,0.4426116943359375,0.35175246000289917,0.2056358903646469,1.5199087584920996
PCA11,dinov2_b,jpeg_50,75,4,0.24939030408859253,0.46563225984573364,0.2849774658679962,1.5292461563833846
PCA11,dinov2_b,jpeg_50,76,4,0.5247992873191833,0.28333780169487,0.19186297059059143,1.4606439036962562
PCA11,dinov2_b,jpeg_50,77,4,0.45261844992637634,0.24815787374973297,0.2992236018180847,1.5374525823404852
PCA11,dinov2_b,jpeg_50,78,4,0.4012661576271057,0.3348158895969391,0.26391804218292236,1.5643501851475237
PCA11,dinov2_b,jpeg_50,79,4,0.31387898325920105,0.5467306971549988,0.13939042389392853,1.397232162661643
PCA11,dinov2_b,jpeg_50,80,4,0.6835942268371582,0.2516854703426361,0.06472040712833405,1.1317014207014218
PCA11,dinov2_b,jpeg_50,81,4,0.23686762154102325,0.42188456654548645,0.34124788641929626,1.54676695660718
PCA11,dinov2_b,jpeg_50,82,4,0.24958164989948273,0.3003610670566559,0.4500572681427002,1.539346703292091
PCA11,dinov2_b,jpeg_50,83,4,0.4802910387516022,0.4339262843132019,0.08578276634216309,1.3347546486489272
PCA11,dinov2_b,jpeg_50,84,4,0.273843377828598,0.2542667090892792,0.471889853477478,1.5253053448132667
PCA11,dinov2_b,jpeg_50,85,4,0.3229895830154419,0.3815087080001831,0.295501708984375,1.5767103735993044
PCA11,dinov2_b,jpeg_50,86,4,0.34056583046913147,0.28380337357521057,0.37563076615333557,1.5755392971772417
PCA11,dinov2_b,jpeg_50,87,5,0.05147542059421539,0.5869702696800232,0.3615543246269226,1.2021415491173864
PCA11,dinov2_b,jpeg_50,88,5,0.12048763036727905,0.46595486998558044,0.4135575592517853,1.4080201917914499
PCA11,dinov2_b,jpeg_50,89,5,0.18559791147708893,0.4963093101978302,0.31809279322624207,1.4782123422036066
PCA11,dinov2_b,jpeg_50,90,5,0.19818544387817383,0.4772484302520752,0.32456615567207336,1.4989976510976766
PCA11,dinov2_b,jpeg_50,91,5,0.09245048463344574,0.19576098024845123,0.7117885947227478,1.1272944567086531
PCA11,dinov2_b,jpeg_50,92,5,0.07689574360847473,0.6998721957206726,0.22323201596736908,1.1278439016409136
PCA11,dinov2_b,jpeg_50,93,5,0.06720496714115143,0.5712718963623047,0.3615231513977051,1.253886070321955
PCA11,dinov2_b,jpeg_50,94,5,0.14820139110088348,0.4153733551502228,0.4364253282546997,1.4567441635744047
PCA11,dinov2_b,jpeg_50,95,5,0.05973045900464058,0.4298137128353119,0.5104557871818542,1.2616484015921787
PCA11,dinov2_b,jpeg_50,96,5,0.1798863261938095,0.5009784698486328,0.3191351592540741,1.4706141155378034
PCA11,dinov2_b,jpeg_50,97,5,0.11411421000957489,0.33286869525909424,0.5530171990394592,1.358207743655021
PCA11,dinov2_b,jpeg_50,98,5,0.08542127162218094,0.4503677189350128,0.46421098709106445,1.335426651473317
PCA11,dinov2_b,jpeg_50,99,5,0.07087447494268417,0.5454534292221069,0.3836721181869507,1.2778800079629116
PCA11,dinov2_b,jpeg_50,100,5,0.05308914929628372,0.3314664363861084,0.6154443621635437,1.1838990021394569
PCA11,dinov2_b,jpeg_50,101,5,0.17931057512760162,0.31907787919044495,0.5016115307807922,1.469724155073104
PCA11,dinov2_b,jpeg_50,102,5,0.051577892154455185,0.3271882236003876,0.6212338805198669,1.1746265334112564
PCA11,dinov2_b,jpeg_50,103,5,0.09658144414424896,0.4896126091480255,0.41380593180656433,1.3568890571724879
PCA11,dinov2_b,jpeg_50,104,5,0.09831036627292633,0.20007379353046417,0.7016159892082214,1.1521461048999253
PCA11,dinov2_b,jpeg_50,105,5,0.07262888550758362,0.4134654700756073,0.5139057040214539,1.2951670679485676
PCA11,dinov2_b,jpeg_50,106,5,0.294001966714859,0.27856510877609253,0.4274328351020813,1.5570186465676048
PCA11,dinov2_b,jpeg_50,107,5,0.09864306449890137,0.49769386649131775,0.40366309881210327,1.3589474329951299
PCA11,dinov2_b,jpeg_50,108,5,0.12846653163433075,0.3552350401878357,0.5162984728813171,1.403156033117154
PCA11,dinov2_b,jpeg_50,109,6,0.22085042297840118,0.25566065311431885,0.5234889388084412,1.4730825287640281
PCA11,dinov2_b,jpeg_50,110,6,0.38268089294433594,0.5027148723602295,0.11460420489311218,1.3872703011997136
PCA11,dinov2_b,jpeg_50,111,6,0.46654629707336426,0.42569500207901,0.10775869339704514,1.384009908590229
PCA11,dinov2_b,jpeg_50,112,6,0.576468288898468,0.3609194755554199,0.06261226534843445,1.2390409800768512
PCA11,dinov2_b,jpeg_50,113,6,0.37345343828201294,0.5639531016349792,0.06259343773126602,1.2469403547653664
PCA11,dinov2_b,jpeg_50,114,6,0.4711819887161255,0.4233786463737488,0.10543938726186752,1.3787216687027604
PCA11,dinov2_b,jpeg_50,115,6,0.46086302399635315,0.3733443021774292,0.16579259932041168,1.4755608691928095
PCA11,dinov2_b,jpeg_50,116,6,0.18383578956127167,0.44895288348197937,0.36721134185791016,1.4986456601528446
PCA11,dinov2_b,jpeg_50,117,6,0.3889917731285095,0.4853476583957672,0.1256604790687561,1.4120798670711212
PCA11,dinov2_b,jpeg_50,118,6,0.5383772253990173,0.3134371340274811,0.1481855809688568,1.4137347602274974
PCA11,dinov2_b,jpeg_50,119,6,0.5313801169395447,0.419611394405365,0.049008484929800034,1.2236639902735618
PCA11,dinov2_b,jpeg_50,120,6,0.5407549738883972,0.16551604866981506,0.29372891783714294,1.4282803645427868
PCA11,dinov2_b,jpeg_50,121,6,0.2733168303966522,0.6507555246353149,0.07592757791280746,1.197211133581074
PCA11,dinov2_b,jpeg_50,122,6,0.06245677173137665,0.41400599479675293,0.5235372185707092,1.2654126902339455
PCA11,dinov2_b,jpeg_50,123,6,0.3744673430919647,0.33772557973861694,0.2878071367740631,1.5766966493280523
PCA11,dinov2_b,jpeg_50,124,6,0.4463827908039093,0.46802690625190735,0.08559034764766693,1.3356171722122685
PCA11,dinov2_b,jpeg_50,125,6,0.2654280364513397,0.3771895468235016,0.3573824167251587,1.5690140384123583
PCA11,dinov2_b,jpeg_50,126,7,0.5331874489784241,0.2007804811000824,0.2660320997238159,1.4570312757118635
PCA11,dinov2_b,jpeg_50,127,7,0.38414421677589417,0.2564285695552826,0.3594273030757904,1.564287713092062
PCA11,dinov2_b,jpeg_50,128,7,0.46131443977355957,0.40806856751441956,0.13061706721782684,1.4261571440152974
PCA11,dinov2_b,jpeg_50,129,7,0.20897188782691956,0.3984827995300293,0.39254528284072876,1.5305089086887496
PCA11,dinov2_b,jpeg_50,130,7,0.601100504398346,0.11150233447551727,0.28739723563194275,1.311283570138539
PCA11,dinov2_b,jpeg_50,131,7,0.02621522545814514,0.5960256457328796,0.37775918841362,1.1132337125325722
PCA11,dinov2_b,jpeg_50,132,7,0.4902123808860779,0.41434594988822937,0.09544176608324051,1.3543403746639568
PCA11,dinov2_b,jpeg_50,133,7,0.3207656443119049,0.4246754050254822,0.2545589506626129,1.553382939510747
PCA11,dinov2_b,jpeg_50,134,7,0.24748413264751434,0.4788045287132263,0.2737113833427429,1.518946416363148
PCA11,dinov2_b,jpeg_50,135,7,0.49269190430641174,0.1310369074344635,0.3762710988521576,1.4179529281841914
PCA11,dinov2_b,jpeg_50,136,7,0.13546493649482727,0.5390338897705078,0.3255012333393097,1.398331633877863
PCA11,dinov2_b,jpeg_50,137,7,0.49246400594711304,0.4624582529067993,0.045077819377183914,1.219349858184527
PCA11,dinov2_b,jpeg_50,138,7,0.3590949773788452,0.39928925037384033,0.24161578714847565,1.5545637774328978
PCA11,dinov2_b,jpeg_50,139,7,0.34941959381103516,0.2899497151374817,0.36063066124916077,1.5785788754811971
PCA11,dinov2_b,jpeg_50,140,7,0.38227206468582153,0.22868552803993225,0.389042466878891,1.5469844288835128
PCA11,dinov2_b,jpeg_50,141,7,0.1037488654255867,0.40402743220329285,0.4922236204147339,1.370748230908278
PCA11,dinov2_b,jpeg_50,142,7,0.0379517562687397,0.36590319871902466,0.5961450338363647,1.1547326924244188
PCA11,dinov2_b,jpeg_50,143,7,0.7693866491317749,0.04687938466668129,0.18373388051986694,0.9470673892840575
PCA11,dinov2_b,jpeg_50,144,7,0.20283722877502441,0.3988693356513977,0.3982933759689331,1.5247288707974
PCA11,dinov2_b,jpeg_50,145,7,0.49911653995513916,0.2953256070613861,0.20555776357650757,1.4892131085772111
PCA11,dinov2_b,jpeg_50,146,7,0.3269822895526886,0.20025640726089478,0.47276127338409424,1.5029083232878149
PCA11,dinov2_b,jpeg_50,147,7,0.3860016167163849,0.5601478219032288,0.05385053902864456,1.2254296629973827
PCA11,dinov2_b,jpeg_50,148,7,0.3569091260433197,0.49771615862846375,0.14537477493286133,1.4359575875229358
PCA11,dinov2_b,jpeg_50,149,7,0.5154851675033569,0.05489559471607208,0.4296191930770874,1.2463091090235117
PCA11,dinov2_b,jpeg_50,150,7,0.6048129796981812,0.24990783631801605,0.1452791690826416,1.3430300202724892
PCA11,dinov2_b,jpeg_50,151,8,0.34811994433403015,0.2695968747138977,0.3822832703590393,1.5701356135502758
PCA11,dinov2_b,jpeg_50,152,8,0.4105548858642578,0.3596786856651306,0.229766383767128,1.545411588565741
PCA11,dinov2_b,jpeg_50,153,8,0.11617913097143173,0.3617051839828491,0.5221155285835266,1.380980046295412
PCA11,dinov2_b,jpeg_50,154,8,0.42052531242370605,0.40554821491241455,0.17392654716968536,1.4924862623747517
PCA11,dinov2_b,jpeg_50,155,8,0.1522817462682724,0.29911112785339355,0.5486071109771729,1.4094779994272715
PCA11,dinov2_b,jpeg_50,156,8,0.2518632411956787,0.4940735399723053,0.25406330823898315,1.505818255678637
PCA11,dinov2_b,jpeg_50,157,8,0.25206559896469116,0.3822684586048126,0.36566591262817383,1.5622041738452643
PCA11,dinov2_b,jpeg_50,158,8,0.12950000166893005,0.4650491178035736,0.40545082092285156,1.4236196886167156
PCA11,dinov2_b,jpeg_50,159,8,0.4554598331451416,0.37029626965522766,0.1742439866065979,1.4867306745628173
PCA11,dinov2_b,jpeg_50,160,8,0.21005338430404663,0.287922739982605,0.5020238757133484,1.4891446228112148
PCA11,dinov2_b,jpeg_50,161,8,0.5245755314826965,0.29808881878852844,0.1773357093334198,1.4513131281245075
PCA11,dinov2_b,jpeg_50,162,8,0.7074650526046753,0.22192732989788055,0.07060781121253967,1.1052126782609677
PCA11,dinov2_b,jpeg_50,163,8,0.392002671957016,0.2811425030231476,0.32685473561286926,1.5715955849370626
PCA11,dinov2_b,jpeg_50,164,8,0.098847396671772,0.501107931137085,0.4000447392463684,1.3582907708676444
PCA11,dinov2_b,jpeg_50,165,8,0.11542776972055435,0.30553433299064636,0.5790379047393799,1.33863377315025
PCA11,dinov2_b,jpeg_50,166,8,0.510036051273346,0.14222656190395355,0.3477374315261841,1.4255283132969232
PCA11,dinov2_b,jpeg_50,167,8,0.24870947003364563,0.3182133734226227,0.43307724595069885,1.5477991001585951
PCA11,dinov2_b,jpeg_50,168,8,0.3396711051464081,0.4693756103515625,0.19095328450202942,1.4974435479990158
PCA11,dinov2_b,jpeg_50,169,8,0.41225606203079224,0.3302563428878784,0.25748753547668457,1.5588981502384618
PCA11,dinov2_b,jpeg_50,170,8,0.4301765263080597,0.4102621376514435,0.1595614105463028,1.4733574306456279
PCA11,dinov2_b,jpeg_50,171,8,0.3702801764011383,0.339479923248291,0.29023993015289307,1.5778265996904395
PCA11,dinov2_b,jpeg_50,172,8,0.19122058153152466,0.26028189063072205,0.5484975576400757,1.4370553283947858
PCA11,dinov2_b,jpeg_50,173,8,0.19317230582237244,0.5703710317611694,0.23645667731761932,1.4121417277961947
PCA11,dinov2_b,jpeg_50,174,8,0.138437882065773,0.46895870566368103,0.3926033675670624,1.436807503341456
PCA11,dinov2_b,jpeg_50,175,8,0.4795207381248474,0.39472636580467224,0.12575295567512512,1.4139796278657033
PCA11,dinov2_b,jpeg_50,176,8,0.2084028273820877,0.31930771470069885,0.4722895622253418,1.5085545467680765
PCA11,dinov2_b,jpeg_50,177,8,0.3041315972805023,0.36975911259651184,0.3261093199253082,1.5801748862943847
PCA11,dinov2_b,jpeg_50,178,9,0.10606613010168076,0.4544098973274231,0.4395240247249603,1.3816900222193382
PCA11,dinov2_b,jpeg_50,179,9,0.20535439252853394,0.3949355185031891,0.399710088968277,1.5271333919737544
PCA11,dinov2_b,jpeg_50,180,9,0.08324599266052246,0.3762602210044861,0.5404937267303467,1.3089302262905407
PCA11,dinov2_b,jpeg_50,181,9,0.17621344327926636,0.3058598041534424,0.5179266929626465,1.4556826806181078
PCA11,dinov2_b,jpeg_50,182,9,0.1643325388431549,0.3481784760951996,0.48748892545700073,1.4634108906141692
PCA11,dinov2_b,jpeg_50,183,9,0.09702067822217941,0.3817003667354584,0.521278977394104,1.3468329254849931
PCA11,dinov2_b,jpeg_50,184,9,0.24626673758029938,0.397634893655777,0.3560984134674072,1.5573885150042073
PCA11,dinov2_b,jpeg_50,185,9,0.44656485319137573,0.355474591255188,0.1979605108499527,1.5123910429446399
PCA11,dinov2_b,jpeg_50,186,9,0.4559159576892853,0.3519617021083832,0.19212234020233154,1.504092006939997
PCA11,dinov2_b,jpeg_50,187,9,0.1452052891254425,0.3579083979129791,0.4968862533569336,1.4361329683016473
PCA11,dinov2_b,jpeg_50,188,10,0.3771897554397583,0.281353622674942,0.3414565324783325,1.5746528613671167
PCA11,dinov2_b,jpeg_50,189,10,0.5572691559791565,0.1365920901298523,0.3061387240886688,1.3851925118769959
PCA11,dinov2_b,jpeg_50,190,10,0.47204041481018066,0.3751577138900757,0.15280184149742126,1.4559964429903978
PCA11,dinov2_b,jpeg_50,191,10,0.3934744596481323,0.25892722606658936,0.34759846329689026,1.5641460792535513
PCA11,dinov2_b,jpeg_50,192,10,0.40020811557769775,0.5089479684829712,0.09084383398294449,1.339032112229097
PCA11,dinov2_b,jpeg_50,193,10,0.6537900567054749,0.21252954006195068,0.13368043303489685,1.2637793557582784
PCA11,dinov2_b,jpeg_50,194,10,0.12513069808483124,0.4435318410396576,0.43133747577667236,1.41867793279823
PCA11,dinov2_b,jpeg_50,195,10,0.4317416548728943,0.3336670398712158,0.2345912754535675,1.5422482951351464
PCA11,dinov2_b,jpeg_50,196,10,0.07418570667505264,0.46633434295654297,0.45947983860969543,1.307130935000369
PCA11,dinov2_b,jpeg_50,197,10,0.058528803288936615,0.4847269356250763,0.4567441940307617,1.2624480868161996
PCA11,dinov2_b,jpeg_50,198,10,0.287541002035141,0.3341808021068573,0.3782782256603241,1.5760124699986435
PCA11,dinov2_b,jpeg_50,199,10,0.3214981257915497,0.2825167179107666,0.39598506689071655,1.5707524323637314
PCA11,dinov2_b,rotation_45,0,0,0.1907508671283722,0.5525150299072266,0.25673404335975647,1.4324688540656125
PCA11,dinov2_b,rotation_45,1,0,0.5865703225135803,0.17672298848628998,0.23670673370361328,1.385395982547978
PCA11,dinov2_b,rotation_45,2,0,0.354318767786026,0.5068781971931458,0.13880296051502228,1.422694195949777
PCA11,dinov2_b,rotation_45,3,0,0.23414339125156403,0.5714787244796753,0.1943778693675995,1.411062881050978
PCA11,dinov2_b,rotation_45,4,0,0.039898987859487534,0.7451428174972534,0.2149580419063568,0.9784271804624449
PCA11,dinov2_b,rotation_45,5,0,0.23758511245250702,0.5844829678535461,0.1779319941997528,1.388624839123477
PCA11,dinov2_b,rotation_45,6,0,0.1659955084323883,0.15632659196853638,0.6776778697967529,1.2290016689277468
PCA11,dinov2_b,rotation_45,7,0,0.2169131636619568,0.2340945303440094,0.5489923357963562,1.4435986457480103
PCA11,dinov2_b,rotation_45,8,0,0.29442375898361206,0.193986713886261,0.5115895867347717,1.4730173595695186
PCA11,dinov2_b,rotation_45,9,0,0.19215373694896698,0.12985630333423615,0.6779901385307312,1.219814867590255
PCA11,dinov2_b,rotation_45,10,1,0.22344914078712463,0.4706784188747406,0.3058724105358124,1.517543475616416
PCA11,dinov2_b,rotation_45,11,1,0.7327888011932373,0.24351805448532104,0.023693179711699486,0.9528721174017933
PCA11,dinov2_b,rotation_45,12,1,0.6118974089622498,0.08752977102994919,0.30057284235954285,1.2624582341852921
PCA11,dinov2_b,rotation_45,13,1,0.1657509058713913,0.5643544793128967,0.2698945701122284,1.4055285571870608
PCA11,dinov2_b,rotation_45,14,1,0.6574723124504089,0.25518500804901123,0.08734270185232162,1.2077810448870774
PCA11,dinov2_b,rotation_45,15,1,0.7870861887931824,0.21244420111179352,0.0004696115502156317,0.7518364792341254
PCA11,dinov2_b,rotation_45,16,1,0.4720057249069214,0.2734830677509308,0.25451114773750305,1.5252399991353718
PCA11,dinov2_b,rotation_45,17,1,0.3310045599937439,0.2510055899620056,0.4179898500442505,1.5545588518466271
PCA11,dinov2_b,rotation_45,18,1,0.25688785314559937,0.44096556305885315,0.3021465837955475,1.5463091937198845
PCA11,dinov2_b,rotation_45,19,1,0.2564895749092102,0.6481902599334717,0.09532012045383453,1.2321838783818155
PCA11,dinov2_b,rotation_45,20,1,0.24012286961078644,0.406228631734848,0.3536485433578491,1.5524950895645957
PCA11,dinov2_b,rotation_45,21,1,0.5205588936805725,0.25888004899024963,0.22056104242801666,1.4760096193617378
PCA11,dinov2_b,rotation_45,22,1,0.24902965128421783,0.6033214926719666,0.14764878153800964,1.3467535356730869
PCA11,dinov2_b,rotation_45,23,1,0.6815221309661865,0.10940873622894287,0.20906910300254822,1.1983177409524615
PCA11,dinov2_b,rotation_45,24,1,0.7826893329620361,0.09641605615615845,0.12089461833238602,0.9705438210897208
PCA11,dinov2_b,rotation_45,25,1,0.22410403192043304,0.0552375428378582,0.7206583619117737,1.0549486919256716
PCA11,dinov2_b,rotation_45,26,1,0.2652541995048523,0.3614123463630676,0.37333348393440247,1.569178243825855
PCA11,dinov2_b,rotation_45,27,1,0.20655842125415802,0.5362815260887146,0.2571602165699005,1.4559260114287196
PCA11,dinov2_b,rotation_45,28,1,0.6842917799949646,0.07485455274581909,0.2408536970615387,1.1491210405461094
PCA11,dinov2_b,rotation_45,29,1,0.49601462483406067,0.24817682802677155,0.2558085322380066,1.5038561727017787
PCA11,dinov2_b,rotation_45,30,1,0.1015869677066803,0.700536847114563,0.19787617027759552,1.1573616314220554
PCA11,dinov2_b,rotation_45,31,1,0.22982969880104065,0.5117597579956055,0.2584104537963867,1.4866335756149782
PCA11,dinov2_b,rotation_45,32,1,0.05574565753340721,0.23274366557598114,0.7115106582641602,1.0710658735804823
PCA11,dinov2_b,rotation_45,33,1,0.4460428059101105,0.2428603321313858,0.31109678745269775,1.5394617074256942
PCA11,dinov2_b,rotation_45,34,2,0.31144943833351135,0.2170489877462387,0.47150152921676636,1.5139250257682648
PCA11,dinov2_b,rotation_45,35,2,0.5392275452613831,0.22930622100830078,0.23146623373031616,1.4563205452605437
PCA11,dinov2_b,rotation_45,36,2,0.21525396406650543,0.16986383497714996,0.6148821115493774,1.3428263895633723
PCA11,dinov2_b,rotation_45,37,2,0.19864001870155334,0.5827078223228455,0.2186521738767624,1.3967708640828587
PCA11,dinov2_b,rotation_45,38,2,0.2510116398334503,0.26871275901794434,0.48027560114860535,1.5181665734138527
PCA11,dinov2_b,rotation_45,39,2,0.2460974156856537,0.46891531348228455,0.28498727083206177,1.5262387668691795
PCA11,dinov2_b,rotation_45,40,2,0.2415262758731842,0.3985578119754791,0.35991591215133667,1.5546222259585223
PCA11,dinov2_b,rotation_45,41,2,0.22596058249473572,0.5148381590843201,0.25920116901397705,1.4828822903800172
PCA11,dinov2_b,rotation_45,42,2,0.32136282324790955,0.37670037150382996,0.30193668603897095,1.578541032744584
PCA11,dinov2_b,rotation_45,43,2,0.21415506303310394,0.5599917769432068,0.22585313022136688,1.4293742134056904
PCA11,dinov2_b,rotation_45,44,2,0.2703058421611786,0.5190286040306091,0.2106655240058899,1.4745779648899002
PCA11,dinov2_b,rotation_45,45,2,0.2562136948108673,0.16367177665233612,0.580114483833313,1.3864518917471864
PCA11,dinov2_b,rotation_45,46,2,0.46384483575820923,0.29210346937179565,0.2440517097711563,1.52926942458617
PCA11,dinov2_b,rotation_45,47,2,0.1932675689458847,0.3949452340602875,0.4117871820926666,1.5147359202685426
PCA11,dinov2_b,rotation_45,48,2,0.22298021614551544,0.5293847918510437,0.24763482809066772,1.4671901096521092
PCA11,dinov2_b,rotation_45,49,2,0.22465284168720245,0.21330370008945465,0.5620434880256653,1.426608677758662
PCA11,dinov2_b,rotation_45,50,3,0.25905996561050415,0.46814456582069397,0.2727954685688019,1.5286695359697253
PCA11,dinov2_b,rotation_45,51,3,0.22181300818920135,0.40830564498901367,0.3698813021183014,1.5402820650212221
PCA11,dinov2_b,rotation_45,52,3,0.17379677295684814,0.23036514222621918,0.5958380103111267,1.3717650031159314
PCA11,dinov2_b,rotation_45,53,3,0.6140301823616028,0.20843560993671417,0.17753417789936066,1.3463326637238213
PCA11,dinov2_b,rotation_45,54,3,0.3431754410266876,0.4424610435962677,0.2143634706735611,1.5263022965334914
PCA11,dinov2_b,rotation_45,55,3,0.30401644110679626,0.22494758665561676,0.47103604674339294,1.5179843212431106
PCA11,dinov2_b,rotation_45,56,3,0.30001959204673767,0.28993460536003113,0.4100457727909088,1.5663543538239288
PCA11,dinov2_b,rotation_45,57,3,0.356588751077652,0.42145004868507385,0.2219611555337906,1.5378662551291498
PCA11,dinov2_b,rotation_45,58,3,0.39249488711357117,0.34856176376342773,0.25894325971603394,1.564324410638266
PCA11,dinov2_b,rotation_45,59,3,0.4538157284259796,0.22240115702152252,0.3237830400466919,1.5263673488096012
PCA11,dinov2_b,rotation_45,60,3,0.5114296674728394,0.2529201805591583,0.23565003275871277,1.4877528415049415
PCA11,dinov2_b,rotation_45,61,3,0.6504801511764526,0.21198858320713043,0.13753126561641693,1.2716285903347158
PCA11,dinov2_b,rotation_45,62,3,0.6511932015419006,0.07876383513212204,0.27004292607307434,1.2018003362269152
PCA11,dinov2_b,rotation_45,63,3,0.25231826305389404,0.4931456446647644,0.25453615188598633,1.5067118166712772
PCA11,dinov2_b,rotation_45,64,3,0.34743639826774597,0.24256639182567596,0.40999722480773926,1.5529840803625428
PCA11,dinov2_b,rotation_45,65,3,0.48267489671707153,0.24597899615764618,0.2713460922241211,1.5155612184156912
PCA11,dinov2_b,rotation_45,66,3,0.46965616941452026,0.20802192389965057,0.3223220109939575,1.5097756378427287
PCA11,dinov2_b,rotation_45,67,4,0.3661952018737793,0.5183506608009338,0.11545408517122269,1.3817228569854276
PCA11,dinov2_b,rotation_45,68,4,0.18321196734905243,0.23415660858154297,0.5826314091682434,1.3930797868097469
PCA11,dinov2_b,rotation_45,69,4,0.4209200441837311,0.17119091749191284,0.4078890383243561,1.489083142539394
PCA11,dinov2_b,rotation_45,70,4,0.458568811416626,0.3421586751937866,0.1992725282907486,1.5089469488760892
PCA11,dinov2_b,rotation_45,71,4,0.5616481900215149,0.29080116748809814,0.14755062758922577,1.3929609260402236
PCA11,dinov2_b,rotation_45,72,4,0.4701741933822632,0.3581002950668335,0.1717255413532257,1.4789386909158704
PCA11,dinov2_b,rotation_45,73,4,0.46874386072158813,0.4216213822364807,0.10963480919599533,1.3873787814871488
PCA11,dinov2_b,rotation_45,74,4,0.5488044619560242,0.25257208943367004,0.19862353801727295,1.4396477891962662
PCA11,dinov2_b,rotation_45,75,4,0.23556941747665405,0.10380890965461731,0.6606215834617615,1.2257126755800227
PCA11,dinov2_b,rotation_45,76,4,0.6595694422721863,0.12697507441043854,0.21345534920692444,1.249638387737082
PCA11,dinov2_b,rotation_45,77,4,0.47828832268714905,0.3808215260505676,0.14089016616344452,1.4376815260831317
PCA11,dinov2_b,rotation_45,78,4,0.4576605260372162,0.13117095828056335,0.4111683964729309,1.4276744245889486
PCA11,dinov2_b,rotation_45,79,4,0.2849213778972626,0.553449809551239,0.16162870824337006,1.413413710479805
PCA11,dinov2_b,rotation_45,80,4,0.6042566895484924,0.16547994315624237,0.23026332259178162,1.3564648503723507
PCA11,dinov2_b,rotation_45,81,4,0.5619449019432068,0.11407233029603958,0.32398277521133423,1.351328573013438
PCA11,dinov2_b,rotation_45,82,4,0.32593047618865967,0.0968262180685997,0.5772432684898376,1.3109120748067333
PCA11,dinov2_b,rotation_45,83,4,0.3845478892326355,0.16725607216358185,0.4481959640979767,1.480620531666478
PCA11,dinov2_b,rotation_45,84,4,0.4993087649345398,0.14370617270469666,0.35698503255844116,1.4330138105091008
PCA11,dinov2_b,rotation_45,85,4,0.33531638979911804,0.1711360514163971,0.4935474991798401,1.4672372535128981
PCA11,dinov2_b,rotation_45,86,4,0.3995474576950073,0.5008383989334106,0.09961412847042084,1.3599199423495658
PCA11,dinov2_b,rotation_45,87,5,0.6869133114814758,0.03970404714345932,0.27338263392448425,1.0684756200861953
PCA11,dinov2_b,rotation_45,88,5,0.1413203477859497,0.24086689949035645,0.6178127527236938,1.32283857045293
PCA11,dinov2_b,rotation_45,89,5,0.6449677348136902,0.09134875237941742,0.2636834979057312,1.2305459506037946
PCA11,dinov2_b,rotation_45,90,5,0.17112310230731964,0.2844754159450531,0.5444014668464661,1.4293438739152295
PCA11,dinov2_b,rotation_45,91,5,0.25153225660324097,0.1807691752910614,0.5676985383033752,1.4106435281006164
PCA11,dinov2_b,rotation_45,92,5,0.04864330589771271,0.7009366750717163,0.2504200339317322,1.0717279206260306
PCA11,dinov2_b,rotation_45,93,5,0.07315949350595474,0.6649502515792847,0.2618902921676636,1.1736858972915214
PCA11,dinov2_b,rotation_45,94,5,0.16848641633987427,0.5800202488899231,0.25149330496788025,1.3895115594254976
PCA11,dinov2_b,rotation_45,95,5,0.1531972736120224,0.5856407284736633,0.2611619532108307,1.3725637420514039
PCA11,dinov2_b,rotation_45,96,5,0.0986969843506813,0.20463694632053375,0.6966661214828491,1.1614014662217857
PCA11,dinov2_b,rotation_45,97,5,0.2048460841178894,0.6139021515846252,0.18125182390213013,1.3472923249026336
PCA11,dinov2_b,rotation_45,98,5,0.6944047212600708,0.07157164812088013,0.23402369022369385,1.1279976759004413
PCA11,dinov2_b,rotation_45,99,5,0.2628057599067688,0.21726545691490173,0.5199288725852966,1.4758039852751708
PCA11,dinov2_b,rotation_45,100,5,0.06732436269521713,0.6759993433952332,0.2566763162612915,1.1475449229271093
PCA11,dinov2_b,rotation_45,101,5,0.2806614935398102,0.14962147176265717,0.5697169899940491,1.3869633621897877
PCA11,dinov2_b,rotation_45,102,5,0.23470862209796906,0.381415456533432,0.3838758170604706,1.551415300581038
PCA11,dinov2_b,rotation_45,103,5,0.13613194227218628,0.6340348720550537,0.2298332005739212,1.2959885160223794
PCA11,dinov2_b,rotation_45,104,5,0.44414860010147095,0.3093859553337097,0.24646539986133575,1.5416831947262144
PCA11,dinov2_b,rotation_45,105,5,0.2641761600971222,0.6288361549377441,0.10698755830526352,1.2731557857058364
PCA11,dinov2_b,rotation_45,106,5,0.21250775456428528,0.5324968099594116,0.2549954056739807,1.4616646938498112
PCA11,dinov2_b,rotation_45,107,5,0.7001524567604065,0.2273143231868744,0.0725332722067833,1.120438769858421
PCA11,dinov2_b,rotation_45,108,5,0.23619313538074493,0.5989401936531067,0.16486670076847076,1.3634278223917438
PCA11,dinov2_b,rotation_45,109,6,0.6645480394363403,0.1506723016500473,0.1847795993089676,1.2533459117034436
PCA11,dinov2_b,rotation_45,110,6,0.7996103167533875,0.027705838903784752,0.17268382012844086,0.8388652603372535
PCA11,dinov2_b,rotation_45,111,6,0.3444978594779968,0.432767778635025,0.22273437678813934,1.5351480181961803
PCA11,dinov2_b,rotation_45,112,6,0.6410029530525208,0.21980980038642883,0.1391872614622116,1.2876718104514886
PCA11,dinov2_b,rotation_45,113,6,0.34806039929389954,0.4165937900543213,0.23534570634365082,1.5474318401694611
PCA11,dinov2_b,rotation_45,114,6,0.09990355372428894,0.7153006196022034,0.18479573726654053,1.1279341316307023
PCA11,dinov2_b,rotation_45,115,6,0.08520308136940002,0.7171189785003662,0.19767780601978302,1.1090597949781351
PCA11,dinov2_b,rotation_45,116,6,0.253949910402298,0.380115270614624,0.3659347891807556,1.5633344243455514
PCA11,dinov2_b,rotation_45,117,6,0.08049891144037247,0.17296960949897766,0.7465315461158752,1.0452923004856634
PCA11,dinov2_b,rotation_45,118,6,0.6524556279182434,0.11712603271007538,0.23041829466819763,1.2522670247930139
PCA11,dinov2_b,rotation_45,119,6,0.09959755092859268,0.6372388005256653,0.2631637156009674,1.2525452313302554
PCA11,dinov2_b,rotation_45,120,6,0.6376297473907471,0.13230293989181519,0.23006735742092133,1.2877393355247917
PCA11,dinov2_b,rotation_45,121,6,0.21341530978679657,0.5809228420257568,0.2056618332862854,1.3999953011500084
PCA11,dinov2_b,rotation_45,122,6,0.7724403142929077,0.2187708020210266,0.008788994513452053,0.8274239637533154
PCA11,dinov2_b,rotation_45,123,6,0.4021305739879608,0.43146562576293945,0.16640378534793854,1.4822630674762265
PCA11,dinov2_b,rotation_45,124,6,0.08432348817586899,0.6895378828048706,0.22613857686519623,1.1556617127367632
PCA11,dinov2_b,rotation_45,125,6,0.22444404661655426,0.21976730227470398,0.5557886958122253,1.4351766655705975
PCA11,dinov2_b,rotation_45,126,7,0.35362479090690613,0.3989216983318329,0.2474534511566162,1.5577955567147754
PCA11,dinov2_b,rotation_45,127,7,0.11819615215063095,0.6140491962432861,0.26775461435317993,1.3051671410692987
PCA11,dinov2_b,rotation_45,128,7,0.7131515741348267,0.2333507537841797,0.053497686982154846,1.063715470390186
PCA11,dinov2_b,rotation_45,129,7,0.5999459028244019,0.16710734367370605,0.23294678330421448,1.3631844412293155
PCA11,dinov2_b,rotation_45,130,7,0.23897592723369598,0.14827977120876312,0.6127443313598633,1.3347958202939478
PCA11,dinov2_b,rotation_45,131,7,0.39441734552383423,0.21399351954460144,0.3915891945362091,1.5350463101194218
PCA11,dinov2_b,rotation_45,132,7,0.17009080946445465,0.48873159289360046,0.3411775529384613,1.468796542524562
PCA11,dinov2_b,rotation_45,133,7,0.40170079469680786,0.35175734758377075,0.24654187262058258,1.556819301214158
PCA11,dinov2_b,rotation_45,134,7,0.19682806730270386,0.20756535232067108,0.5956065654754639,1.377650389803281
PCA11,dinov2_b,rotation_45,135,7,0.24978041648864746,0.11250641942024231,0.6377131938934326,1.268377661372731
PCA11,dinov2_b,rotation_45,136,7,0.691635012626648,0.20701484382152557,0.10135013610124588,1.1729873506540756
PCA11,dinov2_b,rotation_45,137,7,0.747328519821167,0.009294903837144375,0.24337658286094666,0.8729321520603673
PCA11,dinov2_b,rotation_45,138,7,0.23593021929264069,0.27854806184768677,0.48552173376083374,1.5113238337099095
PCA11,dinov2_b,rotation_45,139,7,0.07114862650632858,0.06822200119495392,0.8606293797492981,0.7219144558393269
PCA11,dinov2_b,rotation_45,140,7,0.6041119694709778,0.21328647434711456,0.18260155618190765,1.3626650525335613
PCA11,dinov2_b,rotation_45,141,7,0.4926382005214691,0.3404652774333954,0.16689655184745789,1.4634960823447456
PCA11,dinov2_b,rotation_45,142,7,0.7105543613433838,0.2617190182209015,0.027726545929908752,0.9998500935342934
PCA11,dinov2_b,rotation_45,143,7,0.4265904724597931,0.1796487718820572,0.3937608599662781,1.4987113276522464
PCA11,dinov2_b,rotation_45,144,7,0.38077056407928467,0.3872942328453064,0.23193515837192535,1.5493943749490235
PCA11,dinov2_b,rotation_45,145,7,0.8086925745010376,0.09869690984487534,0.09261050820350647,0.8953661981821011
PCA11,dinov2_b,rotation_45,146,7,0.23588910698890686,0.028046466410160065,0.7360644340515137,0.9615700651838714
PCA11,dinov2_b,rotation_45,147,7,0.6668134331703186,0.11386064440011978,0.2193259298801422,1.226835314153646
PCA11,dinov2_b,rotation_45,148,7,0.5908558368682861,0.2211546152830124,0.18798960745334625,1.3832517541377272
PCA11,dinov2_b,rotation_45,149,7,0.04924747720360756,0.7281087040901184,0.2226438671350479,1.0297425450018003
PCA11,dinov2_b,rotation_45,150,7,0.45349952578544617,0.1810207962989807,0.3654797673225403,1.4944471802053894
PCA11,dinov2_b,rotation_45,151,8,0.1327201873064041,0.18456751108169556,0.6827123761177063,1.2125562165894386
PCA11,dinov2_b,rotation_45,152,8,0.1956314742565155,0.5103861093521118,0.29398250579833984,1.4749541398213033
PCA11,dinov2_b,rotation_45,153,8,0.7466592192649841,0.040326908230781555,0.21301385760307312,0.9767291850550301
PCA11,dinov2_b,rotation_45,154,8,0.796488881111145,0.2029174119234085,0.000593643169850111,0.7347493352536754
PCA11,dinov2_b,rotation_45,155,8,0.1901620775461197,0.25740233063697815,0.5524356961250305,1.432301742601507
PCA11,dinov2_b,rotation_45,156,8,0.10526830703020096,0.1515713930130005,0.7431603670120239,1.07272503413857
PCA11,dinov2_b,rotation_45,157,8,0.6133405566215515,0.18281348049640656,0.20384594798088074,1.3484436482088966
PCA11,dinov2_b,rotation_45,158,8,0.2840401232242584,0.5024661421775818,0.21349379420280457,1.4902763945666069
PCA11,dinov2_b,rotation_45,159,8,0.25938114523887634,0.5717836618423462,0.16883522272109985,1.3993811428749725
PCA11,dinov2_b,rotation_45,160,8,0.3839483857154846,0.4592418074607849,0.15680979192256927,1.4649564855376398
PCA11,dinov2_b,rotation_45,161,8,0.5696231722831726,0.24073247611522675,0.18964441120624542,1.411959829313611
PCA11,dinov2_b,rotation_45,162,8,0.06197948753833771,0.6766552925109863,0.26136523485183716,1.1359324927267551
PCA11,dinov2_b,rotation_45,163,8,0.4195183515548706,0.332704097032547,0.2477775514125824,1.552715534248787
PCA11,dinov2_b,rotation_45,164,8,0.49744942784309387,0.25689801573753357,0.24565251171588898,1.5023502450975665
PCA11,dinov2_b,rotation_45,165,8,0.20221079885959625,0.591038167476654,0.20675110816955566,1.384877659982694
PCA11,dinov2_b,rotation_45,166,8,0.6846932768821716,0.2582906484603882,0.05701608210802078,1.1142069911400827
PCA11,dinov2_b,rotation_45,167,8,0.3278498351573944,0.13992507755756378,0.5322250723838806,1.4087481341471857
PCA11,dinov2_b,rotation_45,168,8,0.13126450777053833,0.1920771598815918,0.6766583919525146,1.2230204154794946
PCA11,dinov2_b,rotation_45,169,8,0.4673090875148773,0.32557645440101624,0.20711450278759003,1.5104420986046097
PCA11,dinov2_b,rotation_45,170,8,0.7203320264816284,0.09150464832782745,0.18816328048706055,1.1100635090736262
PCA11,dinov2_b,rotation_45,171,8,0.27177128195762634,0.1784357726573944,0.5497929453849792,1.4289814887594865
PCA11,dinov2_b,rotation_45,172,8,0.562642514705658,0.25179523229599,0.18556222319602966,1.4187419197247246
PCA11,dinov2_b,rotation_45,173,8,0.18477459251880646,0.13177490234375,0.68345046043396,1.2107078692915034
PCA11,dinov2_b,rotation_45,174,8,0.1987082064151764,0.10938408225774765,0.6919076442718506,1.180099398846211
PCA11,dinov2_b,rotation_45,175,8,0.16408699750900269,0.7730721831321716,0.06284083425998688,0.9657827486242605
PCA11,dinov2_b,rotation_45,176,8,0.15137317776679993,0.3422508239746094,0.5063759684562683,1.438850978958345
PCA11,dinov2_b,rotation_45,177,8,0.1970878541469574,0.6290149092674255,0.1738971471786499,1.321364057242884
PCA11,dinov2_b,rotation_45,178,9,0.31528180837631226,0.2645975947380066,0.4201205372810364,1.558189750564827
PCA11,dinov2_b,rotation_45,179,9,0.6913077235221863,0.244944229722023,0.06374812126159668,1.118472657527426
PCA11,dinov2_b,rotation_45,180,9,0.36470022797584534,0.3811299502849579,0.25416985154151917,1.5633895830643656
PCA11,dinov2_b,rotation_45,181,9,0.1654554009437561,0.6280741095542908,0.2064705640077591,1.320796001751446
PCA11,dinov2_b,rotation_45,182,9,0.7039012312889099,0.009480757638812065,0.28661805391311646,0.9369975030868077
PCA11,dinov2_b,rotation_45,183,9,0.7087277770042419,0.17539751529693604,0.11587463319301605,1.1527946626280365
PCA11,dinov2_b,rotation_45,184,9,0.28744345903396606,0.4676225185394287,0.24493403732776642,1.5268995304518225
PCA11,dinov2_b,rotation_45,185,9,0.661541759967804,0.1913168877363205,0.14714129269123077,1.257622824380495
PCA11,dinov2_b,rotation_45,186,9,0.200428768992424,0.2351512461900711,0.5644199848175049,1.4215737336251069
PCA11,dinov2_b,rotation_45,187,9,0.5238686203956604,0.22076323628425598,0.2553682029247284,1.4726711119046034
PCA11,dinov2_b,rotation_45,188,10,0.41558972001075745,0.18145257234573364,0.4029577076435089,1.501651244488389
PCA11,dinov2_b,rotation_45,189,10,0.6106513142585754,0.23673109710216522,0.15261763334274292,1.3405147511347846
PCA11,dinov2_b,rotation_45,190,10,0.47821736335754395,0.40787750482559204,0.11390509456396103,1.3936465615079234
PCA11,dinov2_b,rotation_45,191,10,0.45152801275253296,0.4133012294769287,0.13517072796821594,1.4350603199413907
PCA11,dinov2_b,rotation_45,192,10,0.5723494291305542,0.2716973125934601,0.15595322847366333,1.3896125749972306
PCA11,dinov2_b,rotation_45,193,10,0.3866693377494812,0.43806716799736023,0.17526346445083618,1.4920293438883951
PCA11,dinov2_b,rotation_45,194,10,0.5431226491928101,0.24739064276218414,0.209486722946167,1.4492341496373287
PCA11,dinov2_b,rotation_45,195,10,0.38307830691337585,0.402771532535553,0.21415019035339355,1.5348349192023671
PCA11,dinov2_b,rotation_45,196,10,0.38783520460128784,0.4335825443267822,0.17858225107192993,1.4965446352168386
PCA11,dinov2_b,rotation_45,197,10,0.14522244036197662,0.6402000188827515,0.21457752585411072,1.2926127515757369
PCA11,dinov2_b,rotation_45,198,10,0.457763135433197,0.3143378496170044,0.22789904475212097,1.5271011111567154
PCA11,dinov2_b,rotation_45,199,10,0.3379531502723694,0.4011990427970886,0.2608477473258972,1.5632667349925906
PCA11,dinov2_b,rotation_180,0,0,0.4388413727283478,0.4061637818813324,0.1549949049949646,1.4662934663823322
PCA11,dinov2_b,rotation_180,1,0,0.12397202849388123,0.4234495460987091,0.4525783360004425,1.416000770378945
PCA11,dinov2_b,rotation_180,2,0,0.22726234793663025,0.36838003993034363,0.4043576121330261,1.5447372600135796
PCA11,dinov2_b,rotation_180,3,0,0.09326402842998505,0.6203057765960693,0.286430299282074,1.2632051462600247
PCA11,dinov2_b,rotation_180,4,0,0.5610692501068115,0.3288572132587433,0.1100735142827034,1.3458462465738779
PCA11,dinov2_b,rotation_180,5,0,0.38879361748695374,0.31599128246307373,0.29521504044532776,1.574713452028993
PCA11,dinov2_b,rotation_180,6,0,0.49400225281715393,0.21961645781993866,0.28638124465942383,1.4995207187041422
PCA11,dinov2_b,rotation_180,7,0,0.45184409618377686,0.2274927794933319,0.3206630051136017,1.5299752519777643
PCA11,dinov2_b,rotation_180,8,0,0.1511983424425125,0.6767514944076538,0.17205007374286652,1.2301566033820597
PCA11,dinov2_b,rotation_180,9,0,0.16978560388088226,0.37712666392326355,0.4530876576900482,1.482408052287239
PCA11,dinov2_b,rotation_180,10,1,0.11197670549154282,0.25842270255088806,0.6296006441116333,1.2784485188188757
PCA11,dinov2_b,rotation_180,11,1,0.15393061935901642,0.7400339245796204,0.1060355007648468,1.080259653271612
PCA11,dinov2_b,rotation_180,12,1,0.5192110538482666,0.144675612449646,0.3361132740974426,1.4231849236448308
PCA11,dinov2_b,rotation_180,13,1,0.6242431402206421,0.07096264511346817,0.30479416251182556,1.2176684350062401
PCA11,dinov2_b,rotation_180,14,1,0.14482541382312775,0.3647078573703766,0.49046677350997925,1.438523670839764
PCA11,dinov2_b,rotation_180,15,1,0.05530581995844841,0.4209824204444885,0.5237117409706116,1.2451417352020335
PCA11,dinov2_b,rotation_180,16,1,0.268516480922699,0.5931263566017151,0.13835720717906952,1.3511333545819013
PCA11,dinov2_b,rotation_180,17,1,0.29761946201324463,0.19511710107326508,0.5072634816169739,1.4770899467802039
PCA11,dinov2_b,rotation_180,18,1,0.23839282989501953,0.41877925395965576,0.3428279161453247,1.5484917897954142
PCA11,dinov2_b,rotation_180,19,1,0.6035348773002625,0.3438468277454376,0.052618272602558136,1.1927873315802613
PCA11,dinov2_b,rotation_180,20,1,0.27973195910453796,0.40892887115478516,0.3113391697406769,1.565785947365101
PCA11,dinov2_b,rotation_180,21,1,0.04066019877791405,0.4788629710674286,0.4804767370223999,1.2046488873427035
PCA11,dinov2_b,rotation_180,22,1,0.3896576166152954,0.10637784749269485,0.5039645433425903,1.3719388709529732
PCA11,dinov2_b,rotation_180,23,1,0.39543747901916504,0.21455609798431396,0.390006422996521,1.5355185825197752
PCA11,dinov2_b,rotation_180,24,1,0.24164365231990814,0.37765440344810486,0.38070201873779297,1.5561104494287556
PCA11,dinov2_b,rotation_180,25,1,0.052116185426712036,0.6380876302719116,0.30979618430137634,1.1594613222713193
PCA11,dinov2_b,rotation_180,26,1,0.32486575841903687,0.20994454622268677,0.46518969535827637,1.5133580666826014
PCA11,dinov2_b,rotation_180,27,1,0.1756005734205246,0.3691474497318268,0.4552519917488098,1.4882578926558523
PCA11,dinov2_b,rotation_180,28,1,0.06938274204730988,0.41811180114746094,0.5125054121017456,1.2873147961405058
PCA11,dinov2_b,rotation_180,29,1,0.463198184967041,0.4171387255191803,0.1196630448102951,1.406989358676224
PCA11,dinov2_b,rotation_180,30,1,0.12202714383602142,0.40820956230163574,0.46976324915885925,1.410017257209446
PCA11,dinov2_b,rotation_180,31,1,0.27673614025115967,0.08523218333721161,0.6380316615104675,1.2293271905884908
PCA11,dinov2_b,rotation_180,32,1,0.4500596523284912,0.5124320983886719,0.037508197128772736,1.1903224631820823
PCA11,dinov2_b,rotation_180,33,1,0.20953479409217834,0.4987918734550476,0.2916732728481293,1.4914499348709078
PCA11,dinov2_b,rotation_180,34,2,0.34509551525115967,0.2853194773197174,0.3695850074291229,1.5766731833755878
PCA11,dinov2_b,rotation_180,35,2,0.29987335205078125,0.6087796688079834,0.09134688973426819,1.2723186078944815
PCA11,dinov2_b,rotation_180,36,2,0.15823210775852203,0.3644719123840332,0.47729599475860596,1.46089009369865
PCA11,dinov2_b,rotation_180,37,2,0.18280546367168427,0.5360073447227478,0.2811872363090515,1.445086182597751
PCA11,dinov2_b,rotation_180,38,2,0.3837730884552002,0.22647333145141602,0.38975363969802856,1.5453059897309291
PCA11,dinov2_b,rotation_180,39,2,0.2950487434864044,0.12248533964157104,0.5824660062789917,1.344800911718687
PCA11,dinov2_b,rotation_180,40,2,0.49371129274368286,0.43877676129341125,0.06751186400651932,1.2867213604235812
PCA11,dinov2_b,rotation_180,41,2,0.3290403485298157,0.2884441614151001,0.382515549659729,1.5753571282273833
PCA11,dinov2_b,rotation_180,42,2,0.26790574193000793,0.33196696639060974,0.40012720227241516,1.5659534416661676
PCA11,dinov2_b,rotation_180,43,2,0.514517068862915,0.20865707099437714,0.2768259644508362,1.477947281567677
PCA11,dinov2_b,rotation_180,44,2,0.4604565501213074,0.29196664690971375,0.24757680296897888,1.532389492997082
PCA11,dinov2_b,rotation_180,45,2,0.4006083607673645,0.46345439553260803,0.13593734800815582,1.4342618343060978
PCA11,dinov2_b,rotation_180,46,2,0.4120497703552246,0.2986447513103485,0.28930559754371643,1.5654075024873046
PCA11,dinov2_b,rotation_180,47,2,0.42699378728866577,0.149944007396698,0.42306220531463623,1.4597430411103771
PCA11,dinov2_b,rotation_180,48,2,0.14203734695911407,0.385518878698349,0.4724438786506653,1.441148583522308
PCA11,dinov2_b,rotation_180,49,2,0.5886377692222595,0.17863096296787262,0.23273131251335144,1.3834252078206626
PCA11,dinov2_b,rotation_180,50,3,0.6757214069366455,0.23494361340999603,0.08933499455451965,1.1843609720756807
PCA11,dinov2_b,rotation_180,51,3,0.3126952350139618,0.3149121403694153,0.37239256501197815,1.580093249538566
PCA11,dinov2_b,rotation_180,52,3,0.3882703483104706,0.5656196475028992,0.04611000418663025,1.19960278334771
PCA11,dinov2_b,rotation_180,53,3,0.22936668992042542,0.2938053011894226,0.4768281877040863,1.5158822839454067
PCA11,dinov2_b,rotation_180,54,3,0.17279385030269623,0.39368730783462524,0.43351900577545166,1.4898782428314947
PCA11,dinov2_b,rotation_180,55,3,0.4091964662075043,0.2872348427772522,0.3035687208175659,1.5665543658953638
PCA11,dinov2_b,rotation_180,56,3,0.2162327766418457,0.45094192028045654,0.33282527327537537,1.5241065024623004
PCA11,dinov2_b,rotation_180,57,3,0.36503082513809204,0.17379704117774963,0.4611721336841583,1.4844320921782508
PCA11,dinov2_b,rotation_180,58,3,0.4124942421913147,0.3013681471347809,0.2861376106739044,1.5650125435138538
PCA11,dinov2_b,rotation_180,59,3,0.21134841442108154,0.07890189439058304,0.709749698638916,1.114042841260295
PCA11,dinov2_b,rotation_180,60,3,0.36765986680984497,0.4897567629814148,0.1425834447145462,1.4357967837717203
PCA11,dinov2_b,rotation_180,61,3,0.1406582146883011,0.06949535757303238,0.7898463606834412,0.9341987632615023
PCA11,dinov2_b,rotation_180,62,3,0.9728091955184937,0.015869135037064552,0.011321739293634892,0.20674209786873526
PCA11,dinov2_b,rotation_180,63,3,0.30796515941619873,0.5727065801620483,0.11932818591594696,1.349792744407302
PCA11,dinov2_b,rotation_180,64,3,0.3666651248931885,0.4399563670158386,0.1933785080909729,1.5102969036073208
PCA11,dinov2_b,rotation_180,65,3,0.3291858434677124,0.23070451617240906,0.44010964035987854,1.5369553731981078
PCA11,dinov2_b,rotation_180,66,3,0.22758406400680542,0.32802972197532654,0.44438618421554565,1.5334999294462728
PCA11,dinov2_b,rotation_180,67,4,0.46618810296058655,0.1829344630241394,0.35087746381759644,1.4917420266094874
PCA11,dinov2_b,rotation_180,68,4,0.15345588326454163,0.36486056447029114,0.4816836416721344,1.4532991458406062
PCA11,dinov2_b,rotation_180,69,4,0.24599912762641907,0.38886895775794983,0.36513203382492065,1.5583368135384112
PCA11,dinov2_b,rotation_180,70,4,0.16513147950172424,0.4561734199523926,0.378695011138916,1.4761199644636767
PCA11,dinov2_b,rotation_180,71,4,0.10018302500247955,0.499731183052063,0.40008577704429626,1.3614162787349686
PCA11,dinov2_b,rotation_180,72,4,0.2649676501750946,0.4307088851928711,0.3043234348297119,1.5534287701605998
PCA11,dinov2_b,rotation_180,73,4,0.06626749038696289,0.4697570502758026,0.4639754295349121,1.285544369695164
PCA11,dinov2_b,rotation_180,74,4,0.2836678624153137,0.34075048565864563,0.37558165192604065,1.5755104717370316
PCA11,dinov2_b,rotation_180,75,4,0.4030509293079376,0.36572372913360596,0.2312253713607788,1.547608038782006
PCA11,dinov2_b,rotation_180,76,4,0.4629664123058319,0.3470308780670166,0.1900026798248291,1.499463183845894
PCA11,dinov2_b,rotation_180,77,4,0.2976391613483429,0.21613024175167084,0.4862305521965027,1.503854807671494
PCA11,dinov2_b,rotation_180,78,4,0.3706877529621124,0.31131914258003235,0.3179931044578552,1.5804598944957526
PCA11,dinov2_b,rotation_180,79,4,0.5834600925445557,0.2777038812637329,0.13883592188358307,1.3623032728438007
PCA11,dinov2_b,rotation_180,80,4,0.2585890591144562,0.26778164505958557,0.4736292362213135,1.5242474475720986
PCA11,dinov2_b,rotation_180,81,4,0.38319820165634155,0.33999037742614746,0.276811420917511,1.5723949905709569
PCA11,dinov2_b,rotation_180,82,4,0.4870595335960388,0.20181407034397125,0.31112638115882874,1.4955235486000271
PCA11,dinov2_b,rotation_180,83,4,0.18063975870609283,0.4251536428928375,0.39420655369758606,1.4999914922901385
PCA11,dinov2_b,rotation_180,84,4,0.45184043049812317,0.19673088192939758,0.35142871737480164,1.5095326171307282
PCA11,dinov2_b,rotation_180,85,4,0.37838175892829895,0.27341192960739136,0.3482062518596649,1.57200187104797
PCA11,dinov2_b,rotation_180,86,4,0.28554126620292664,0.4359116554260254,0.2785470187664032,1.5521418942875633
PCA11,dinov2_b,rotation_180,87,5,0.05715964734554291,0.455567866563797,0.4872724413871765,1.2581362084285939
PCA11,dinov2_b,rotation_180,88,5,0.10916305333375931,0.5707736611366272,0.3200633227825165,1.3366322954799603
PCA11,dinov2_b,rotation_180,89,5,0.5077539086341858,0.27046480774879456,0.22178129851818085,1.488593759738193
PCA11,dinov2_b,rotation_180,90,5,0.47394487261772156,0.3484792113304138,0.17757590115070343,1.4833082700412072
PCA11,dinov2_b,rotation_180,91,5,0.4647315740585327,0.42251527309417725,0.11275316029787064,1.393962190936137
PCA11,dinov2_b,rotation_180,92,5,0.18508729338645935,0.7387391328811646,0.07617351412773132,1.056130502798132
PCA11,dinov2_b,rotation_180,93,5,0.570046067237854,0.3235296905040741,0.10642430186271667,1.3329116933337437
PCA11,dinov2_b,rotation_180,94,5,0.48283854126930237,0.11676497012376785,0.4003964364528656,1.397665834509549
PCA11,dinov2_b,rotation_180,95,5,0.050549477338790894,0.4491754472255707,0.5002751350402832,1.2361922326477257
PCA11,dinov2_b,rotation_180,96,5,0.5797181129455566,0.3029313385486603,0.1173505038022995,1.3406669678194805
PCA11,dinov2_b,rotation_180,97,5,0.48393216729164124,0.3692094385623932,0.14685839414596558,1.4439019607473529
PCA11,dinov2_b,rotation_180,98,5,0.053757987916469574,0.49735650420188904,0.44888556003570557,1.2466012359055973
PCA11,dinov2_b,rotation_180,99,5,0.04772624000906944,0.4003496468067169,0.5519241690635681,1.2114545919335888
PCA11,dinov2_b,rotation_180,100,5,0.34065160155296326,0.15075604617595673,0.5085923671722412,1.4368578417400275
PCA11,dinov2_b,rotation_180,101,5,0.27732765674591064,0.18904216587543488,0.5336301326751709,1.4509752716708908
PCA11,dinov2_b,rotation_180,102,5,0.4379318058490753,0.534648597240448,0.027419550344347954,1.1469123346170573
PCA11,dinov2_b,rotation_180,103,5,0.4463863670825958,0.35537704825401306,0.1982366144657135,1.512682615756464
PCA11,dinov2_b,rotation_180,104,5,0.12817619740962982,0.6539937257766724,0.21783003211021423,1.2595070620077613
PCA11,dinov2_b,rotation_180,105,5,0.03369928151369095,0.43858134746551514,0.5277193188667297,1.1729779587604687
PCA11,dinov2_b,rotation_180,106,5,0.6547591686248779,0.03734777495265007,0.3078930079936981,1.100432241534169
PCA11,dinov2_b,rotation_180,107,5,0.5150225758552551,0.34738829731941223,0.13758912682533264,1.4166457678523372
PCA11,dinov2_b,rotation_180,108,5,0.1554705649614334,0.3476877808570862,0.496841698884964,1.4487901420290041
PCA11,dinov2_b,rotation_180,109,6,0.32065892219543457,0.3518794775009155,0.3274615406990051,1.5838044119176216
PCA11,dinov2_b,rotation_180,110,6,0.4632376432418823,0.3539133369922638,0.18284903466701508,1.4928388598622013
PCA11,dinov2_b,rotation_180,111,6,0.4219271242618561,0.48675018548965454,0.09132257103919983,1.3462079132731124
PCA11,dinov2_b,rotation_180,112,6,0.06888260692358017,0.33552229404449463,0.5955951809883118,1.2397538355734872
PCA11,dinov2_b,rotation_180,113,6,0.07090284675359726,0.6118929982185364,0.317204087972641,1.2297790097236598
PCA11,dinov2_b,rotation_180,114,6,0.524658739566803,0.4169115722179413,0.05842968076467514,1.2538362148555071
PCA11,dinov2_b,rotation_180,115,6,0.12613406777381897,0.3938124477863312,0.4800533950328827,1.4144562482362075
PCA11,dinov2_b,rotation_180,116,6,0.7766950726509094,0.17647483944892883,0.04683006927371025,0.9316108249756848
PCA11,dinov2_b,rotation_180,117,6,0.5334126353263855,0.3854784071445465,0.0811089426279068,1.3077108930366554
PCA11,dinov2_b,rotation_180,118,6,0.2768823802471161,0.6358125805854797,0.08730489760637283,1.2354812927039232
PCA11,dinov2_b,rotation_180,119,6,0.4084126353263855,0.4889647662639618,0.1026226282119751,1.3694089303225339
PCA11,dinov2_b,rotation_180,120,6,0.3178495168685913,0.27406975626945496,0.40808072686195374,1.5650630613863878
PCA11,dinov2_b,rotation_180,121,6,0.6191974878311157,0.3620262145996094,0.01877623237669468,1.0665437061760494
PCA11,dinov2_b,rotation_180,122,6,0.5020328164100647,0.024358050897717476,0.47360914945602417,1.1403002065911807
PCA11,dinov2_b,rotation_180,123,6,0.36287015676498413,0.41813838481903076,0.21899141371250153,1.5365065693784878
PCA11,dinov2_b,rotation_180,124,6,0.06224590167403221,0.4653950035572052,0.4723590314388275,1.2740133400213791
PCA11,dinov2_b,rotation_180,125,6,0.40281984210014343,0.36140763759613037,0.23577241599559784,1.5505470492532256
PCA11,dinov2_b,rotation_180,126,7,0.5387744903564453,0.3848007619380951,0.07642469555139542,1.2944261453075345
PCA11,dinov2_b,rotation_180,127,7,0.4934210777282715,0.11258241534233093,0.39399653673171997,1.3870218508760974
PCA11,dinov2_b,rotation_180,128,7,0.5285660624504089,0.3639371693134308,0.10749680548906326,1.3627911526012042
PCA11,dinov2_b,rotation_180,129,7,0.41402366757392883,0.415658175945282,0.17031823098659515,1.4881116689658462
PCA11,dinov2_b,rotation_180,130,7,0.2851506471633911,0.5412431955337524,0.17360617220401764,1.4340816822941969
PCA11,dinov2_b,rotation_180,131,7,0.3944709599018097,0.09866873919963837,0.5068603754043579,1.3559571575658327
PCA11,dinov2_b,rotation_180,132,7,0.4946654140949249,0.05548911169171333,0.44984540343284607,1.2522479072635453
PCA11,dinov2_b,rotation_180,133,7,0.3537333905696869,0.4200793206691742,0.22618716955184937,1.541009709541125
PCA11,dinov2_b,rotation_180,134,7,0.4707668423652649,0.2599450647830963,0.26928821206092834,1.5266470192300008
PCA11,dinov2_b,rotation_180,135,7,0.37648674845695496,0.51033616065979,0.11317702382802963,1.381619501251995
PCA11,dinov2_b,rotation_180,136,7,0.3028908371925354,0.6925508975982666,0.004558207932859659,0.9244284479550334
PCA11,dinov2_b,rotation_180,137,7,0.4638822674751282,0.4769251346588135,0.05919257923960686,1.2649083732423032
PCA11,dinov2_b,rotation_180,138,7,0.389900803565979,0.35266274213790894,0.2574363350868225,1.5640691347701319
PCA11,dinov2_b,rotation_180,139,7,0.2976655066013336,0.2188466489315033,0.4834878444671631,1.507015222896345
PCA11,dinov2_b,rotation_180,140,7,0.2051563411951065,0.3459627330303192,0.44888097047805786,1.5173255316002179
PCA11,dinov2_b,rotation_180,141,7,0.040752798318862915,0.5633952021598816,0.39585208892822266,1.1837627173938223
PCA11,dinov2_b,rotation_180,142,7,0.5174163579940796,0.4644721746444702,0.018111348152160645,1.110529147985576
PCA11,dinov2_b,rotation_180,143,7,0.4480084776878357,0.5071905851364136,0.04480099305510521,1.2164395125095744
PCA11,dinov2_b,rotation_180,144,7,0.2763860821723938,0.3720753788948059,0.3515385687351227,1.5736731574083986
PCA11,dinov2_b,rotation_180,145,7,0.5333622694015503,0.3423016369342804,0.12433614581823349,1.3870473275989075
PCA11,dinov2_b,rotation_180,146,7,0.14363789558410645,0.3592633008956909,0.49709880352020264,1.4339763992529408
PCA11,dinov2_b,rotation_180,147,7,0.12774908542633057,0.49986186623573303,0.3723890781402588,1.4099971230922042
PCA11,dinov2_b,rotation_180,148,7,0.4642593562602997,0.36215901374816895,0.17358160018920898,1.4831287504411468
PCA11,dinov2_b,rotation_180,149,7,0.3684529960155487,0.5877823233604431,0.043764643371105194,1.1789157851332024
PCA11,dinov2_b,rotation_180,150,7,0.4661291837692261,0.45309603214263916,0.08077484369277954,1.3239953753432296
PCA11,dinov2_b,rotation_180,151,8,0.33032968640327454,0.2758566439151764,0.3938136100769043,1.5698671389550896
PCA11,dinov2_b,rotation_180,152,8,0.3264874219894409,0.36256691813468933,0.31094565987586975,1.5819530259670664
PCA11,dinov2_b,rotation_180,153,8,0.0921153575181961,0.3843953609466553,0.5234892964363098,1.3359434037289035
PCA11,dinov2_b,rotation_180,154,8,0.2667553722858429,0.5694534778594971,0.1637912094593048,1.3986474616710425
PCA11,dinov2_b,rotation_180,155,8,0.1151362806558609,0.3313891291618347,0.5534746646881104,1.3594396567465226
PCA11,dinov2_b,rotation_180,156,8,0.1945837438106537,0.2935657203197479,0.5118504762649536,1.4731655200811458
PCA11,dinov2_b,rotation_180,157,8,0.31400224566459656,0.2014230638742447,0.4845745265483856,1.4968573216698933
PCA11,dinov2_b,rotation_180,158,8,0.24737639725208282,0.4272933304309845,0.3253302574157715,1.5497217346575298
PCA11,dinov2_b,rotation_180,159,8,0.14873483777046204,0.3156041204929352,0.5356609225273132,1.4164261292791114
PCA11,dinov2_b,rotation_180,160,8,0.26210853457450867,0.3566785454750061,0.38121286034584045,1.567214468004246
PCA11,dinov2_b,rotation_180,161,8,0.3968319892883301,0.43116411566734314,0.1720038801431656,1.489237296580337
PCA11,dinov2_b,rotation_180,162,8,0.4383409023284912,0.5034111738204956,0.05824791267514229,1.2589564693725732
PCA11,dinov2_b,rotation_180,163,8,0.3316096067428589,0.41512587666511536,0.2532646059989929,1.5563949548242633
PCA11,dinov2_b,rotation_180,164,8,0.07049091905355453,0.508816659450531,0.4206923842430115,1.291226292385374
PCA11,dinov2_b,rotation_180,165,8,0.5644372701644897,0.34487688541412354,0.09068581461906433,1.3094466742708057
PCA11,dinov2_b,rotation_180,166,8,0.31447556614875793,0.5592435598373413,0.12628094851970673,1.3707374008149693
PCA11,dinov2_b,rotation_180,167,8,0.34204861521720886,0.22526821494102478,0.43268316984176636,1.5367367624290766
PCA11,dinov2_b,rotation_180,168,8,0.3653304874897003,0.4370632469654083,0.19760625064373016,1.5148763999616062
PCA11,dinov2_b,rotation_180,169,8,0.44533947110176086,0.21758052706718445,0.3370800316333771,1.5273043772258337
PCA11,dinov2_b,rotation_180,170,8,0.3671790361404419,0.3612467646598816,0.2715741991996765,1.5721054052056718
PCA11,dinov2_b,rotation_180,171,8,0.559382975101471,0.1679382473230362,0.27267876267433167,1.4122847424933225
PCA11,dinov2_b,rotation_180,172,8,0.25510290265083313,0.42697030305862427,0.3179267346858978,1.5526073389770803
PCA11,dinov2_b,rotation_180,173,8,0.5640366673469543,0.21040019392967224,0.22556307911872864,1.4237181294925845
PCA11,dinov2_b,rotation_180,174,8,0.15729974210262299,0.4927845597267151,0.3499157726764679,1.4529537925787586
PCA11,dinov2_b,rotation_180,175,8,0.518386721611023,0.33325818181037903,0.14835509657859802,1.4280913856702415
PCA11,dinov2_b,rotation_180,176,8,0.4730053246021271,0.3607076108455658,0.16628704965114594,1.4719088150007176
PCA11,dinov2_b,rotation_180,177,8,0.29260948300361633,0.3773795962333679,0.33001086115837097,1.5771690148357014
PCA11,dinov2_b,rotation_180,178,9,0.0986274778842926,0.40548568964004517,0.4958868622779846,1.35945098863619
PCA11,dinov2_b,rotation_180,179,9,0.16744321584701538,0.4070989787578583,0.4254578649997711,1.484087105120581
PCA11,dinov2_b,rotation_180,180,9,0.4529522955417633,0.3047146797180176,0.24233289062976837,1.5355088590417059
PCA11,dinov2_b,rotation_180,181,9,0.04791034758090973,0.5051094889640808,0.44698023796081543,1.2269810107268146
PCA11,dinov2_b,rotation_180,182,9,0.09306361526250839,0.45952320098876953,0.44741320610046387,1.353433664335311
PCA11,dinov2_b,rotation_180,183,9,0.3637068569660187,0.07393530756235123,0.5623577833175659,1.2755266260136524
PCA11,dinov2_b,rotation_180,184,9,0.43793559074401855,0.4145846366882324,0.14747978746891022,1.4555561522692728
PCA11,dinov2_b,rotation_180,185,9,0.19675251841545105,0.3689064085483551,0.4343410134315491,1.514783497435873
PCA11,dinov2_b,rotation_180,186,9,0.16257137060165405,0.6280959248542786,0.20933274924755096,1.3197745646697525
PCA11,dinov2_b,rotation_180,187,9,0.11393595486879349,0.4400967061519623,0.44596725702285767,1.3977110179942516
PCA11,dinov2_b,rotation_180,188,10,0.28349143266677856,0.36462241411209106,0.3518860936164856,1.5765098796632928
PCA11,dinov2_b,rotation_180,189,10,0.4348214566707611,0.4408816397190094,0.12429682910442352,1.4172600618113744
PCA11,dinov2_b,rotation_180,190,10,0.413723886013031,0.2126362919807434,0.37363991141319275,1.5323828333222693
PCA11,dinov2_b,rotation_180,191,10,0.3787846267223358,0.2920297682285309,0.3291856348514557,1.5767904497975676
PCA11,dinov2_b,rotation_180,192,10,0.49240270256996155,0.10669102519750595,0.40090635418891907,1.376390725869404
PCA11,dinov2_b,rotation_180,193,10,0.6117584705352783,0.08153042942285538,0.30671101808547974,1.251529162703809
PCA11,dinov2_b,rotation_180,194,10,0.2654242217540741,0.42772698402404785,0.3068488538265228,1.5549836870095286
PCA11,dinov2_b,rotation_180,195,10,0.37921473383903503,0.39639726281166077,0.22438807785511017,1.5434367470412942
PCA11,dinov2_b,rotation_180,196,10,0.07998766005039215,0.5476754903793335,0.37233680486679077,1.2978950114406231
PCA11,dinov2_b,rotation_180,197,10,0.5031847953796387,0.46193236112594604,0.03488286957144737,1.1821617602333032
PCA11,dinov2_b,rotation_180,198,10,0.4360530972480774,0.2814958691596985,0.2824510335922241,1.5521144023768816
PCA11,dinov2_b,rotation_180,199,10,0.37669074535369873,0.191867858171463,0.43144142627716064,1.5108169241279743
PCA11,dinov2_b,red_channel_shift_-45,0,0,0.18732739984989166,0.45417097210884094,0.358501672744751,1.5003766311388986
PCA11,dinov2_b,red_channel_shift_-45,1,0,0.15905235707759857,0.3790353536605835,0.46191227436065674,1.4670840064963158
PCA11,dinov2_b,red_channel_shift_-45,2,0,0.3232960104942322,0.4044356048107147,0.2722683548927307,1.565892965824009
PCA11,dinov2_b,red_channel_shift_-45,3,0,0.3294651210308075,0.22831037640571594,0.44222450256347656,1.5348160057825655
PCA11,dinov2_b,red_channel_shift_-45,4,0,0.12277767807245255,0.2609744071960449,0.6162479519844055,1.3076821967509487
PCA11,dinov2_b,red_channel_shift_-45,5,0,0.07635930180549622,0.6561627388000488,0.2674781382083893,1.1911170139179243
PCA11,dinov2_b,red_channel_shift_-45,6,0,0.1914597749710083,0.34454450011253357,0.46399572491645813,1.5002788613633946
PCA11,dinov2_b,red_channel_shift_-45,7,0,0.14710600674152374,0.4282868206501007,0.42460721731185913,1.4554329802738062
PCA11,dinov2_b,red_channel_shift_-45,8,0,0.1400192677974701,0.21919618546962738,0.6407843828201294,1.2885527502535208
PCA11,dinov2_b,red_channel_shift_-45,9,0,0.4171326160430908,0.10583623498678207,0.4770311713218689,1.3784947844136974
PCA11,dinov2_b,red_channel_shift_-45,10,1,0.5630386471748352,0.23648327589035034,0.20047804713249207,1.423322068675487
PCA11,dinov2_b,red_channel_shift_-45,11,1,0.4614030122756958,0.4451703429222107,0.09342655539512634,1.3541687489701264
PCA11,dinov2_b,red_channel_shift_-45,12,1,0.11392759531736374,0.44546812772750854,0.4406042695045471,1.3977034206291012
PCA11,dinov2_b,red_channel_shift_-45,13,1,0.4423055946826935,0.28394198417663574,0.2737524211406708,1.5479342379389653
PCA11,dinov2_b,red_channel_shift_-45,14,1,0.4618341326713562,0.3964090943336487,0.14175677299499512,1.4434632732466106
PCA11,dinov2_b,red_channel_shift_-45,15,1,0.4970860481262207,0.4491437077522278,0.05377018451690674,1.246678383705651
PCA11,dinov2_b,red_channel_shift_-45,16,1,0.3939007818698883,0.14320209622383118,0.4628971219062805,1.445349417620037
PCA11,dinov2_b,red_channel_shift_-45,17,1,0.44606736302375793,0.4357154965400696,0.11821716278791428,1.4059095153940793
PCA11,dinov2_b,red_channel_shift_-45,18,1,0.3661176860332489,0.4295133948326111,0.2043689340353012,1.5225637869798372
PCA11,dinov2_b,red_channel_shift_-45,19,1,0.07392627745866776,0.35406962037086487,0.5720041394233704,1.2691365695769927
PCA11,dinov2_b,red_channel_shift_-45,20,1,0.2939673364162445,0.5374887585639954,0.16854387521743774,1.433607700913794
PCA11,dinov2_b,red_channel_shift_-45,21,1,0.04589323326945305,0.5112296938896179,0.44287699460983276,1.2192600939669997
PCA11,dinov2_b,red_channel_shift_-45,22,1,0.15504439175128937,0.40986302495002747,0.4350925385951996,1.4667333661681892
PCA11,dinov2_b,red_channel_shift_-45,23,1,0.539190948009491,0.30082401633262634,0.15998506546020508,1.4248197918244323
PCA11,dinov2_b,red_channel_shift_-45,24,1,0.3773275315761566,0.3551536500453949,0.26751887798309326,1.5698786422491344
PCA11,dinov2_b,red_channel_shift_-45,25,1,0.681077241897583,0.05245806276798248,0.2664646506309509,1.108889709821157
PCA11,dinov2_b,red_channel_shift_-45,26,1,0.47513118386268616,0.43065401911735535,0.09421473741531372,1.3545929836598298
PCA11,dinov2_b,red_channel_shift_-45,27,1,0.4273739457130432,0.40357667207717896,0.16904932260513306,1.4859844138623242
PCA11,dinov2_b,red_channel_shift_-45,28,1,0.05648622289299965,0.5680291056632996,0.3754846155643463,1.228305524848445
PCA11,dinov2_b,red_channel_shift_-45,29,1,0.09105310589075089,0.44155237078666687,0.46739450097084045,1.3483920569048298
PCA11,dinov2_b,red_channel_shift_-45,30,1,0.12080531567335129,0.44979119300842285,0.4294035732746124,1.4105249041586303
PCA11,dinov2_b,red_channel_shift_-45,31,1,0.6597110629081726,0.06767705082893372,0.27261191606521606,1.169995698238448
PCA11,dinov2_b,red_channel_shift_-45,32,1,0.04113152623176575,0.5054190754890442,0.4534493684768677,1.2042920154871766
PCA11,dinov2_b,red_channel_shift_-45,33,1,0.5059359073638916,0.3299659192562103,0.16409806907176971,1.4530030636932847
PCA11,dinov2_b,red_channel_shift_-45,34,2,0.37014904618263245,0.3205346465110779,0.3093162775039673,1.5804932752572634
PCA11,dinov2_b,red_channel_shift_-45,35,2,0.10906387865543365,0.45423710346221924,0.4366989731788635,1.3877729383431763
PCA11,dinov2_b,red_channel_shift_-45,36,2,0.1572398841381073,0.4451742172241211,0.3975858688354492,1.4684860988973751
PCA11,dinov2_b,red_channel_shift_-45,37,2,0.20762941241264343,0.6321340799331665,0.1602364033460617,1.3124685525048578
PCA11,dinov2_b,red_channel_shift_-45,38,2,0.3158665597438812,0.42403095960617065,0.2601023316383362,1.5553512431391336
PCA11,dinov2_b,red_channel_shift_-45,39,2,0.2324979454278946,0.5767256617546082,0.19077643752098083,1.403249975331566
PCA11,dinov2_b,red_channel_shift_-45,40,2,0.09095951169729233,0.5279125571250916,0.38112783432006836,1.3315327593001587
PCA11,dinov2_b,red_channel_shift_-45,41,2,0.31730037927627563,0.2841702699661255,0.3985292911529541,1.5702374503021064
PCA11,dinov2_b,red_channel_shift_-45,42,2,0.38782158493995667,0.21898306906223297,0.3931953012943268,1.5392965331860355
PCA11,dinov2_b,red_channel_shift_-45,43,2,0.21519307792186737,0.3600398302078247,0.42476704716682434,1.5322442700456353
PCA11,dinov2_b,red_channel_shift_-45,44,2,0.25326305627822876,0.4512496292591095,0.29548731446266174,1.5395360764893509
PCA11,dinov2_b,red_channel_shift_-45,45,2,0.11598198860883713,0.4512791931629181,0.43273887038230896,1.4014373412541816
PCA11,dinov2_b,red_channel_shift_-45,46,2,0.2967563271522522,0.36970239877700806,0.33354124426841736,1.5791914335898887
PCA11,dinov2_b,red_channel_shift_-45,47,2,0.3869180679321289,0.45947322249412537,0.15360869467258453,1.4606971420495567
PCA11,dinov2_b,red_channel_shift_-45,48,2,0.16519379615783691,0.528241753578186,0.30656445026397705,1.4384216904943417
PCA11,dinov2_b,red_channel_shift_-45,49,2,0.1788959950208664,0.18550172448158264,0.6356022953987122,1.3105845081204492
PCA11,dinov2_b,red_channel_shift_-45,50,3,0.4743320047855377,0.2637593448162079,0.2619085907936096,1.5237614072483916
PCA11,dinov2_b,red_channel_shift_-45,51,3,0.3807114362716675,0.30408963561058044,0.3151988983154297,1.5776877361181194
PCA11,dinov2_b,red_channel_shift_-45,52,3,0.5399244427680969,0.42219024896621704,0.037885379046201706,1.1842072229535157
PCA11,dinov2_b,red_channel_shift_-45,53,3,0.4617159068584442,0.2742350399494171,0.26404905319213867,1.5339118682060606
PCA11,dinov2_b,red_channel_shift_-45,54,3,0.44060057401657104,0.3673328161239624,0.19206660985946655,1.508908623292343
PCA11,dinov2_b,red_channel_shift_-45,55,3,0.42831313610076904,0.3003946542739868,0.2712922692298889,1.555738485681925
PCA11,dinov2_b,red_channel_shift_-45,56,3,0.525151789188385,0.2625153064727783,0.21233297884464264,1.4691894716169362
PCA11,dinov2_b,red_channel_shift_-45,57,3,0.27940428256988525,0.45120713114738464,0.2693885862827301,1.5417806861614416
PCA11,dinov2_b,red_channel_shift_-45,58,3,0.34580332040786743,0.2689113914966583,0.38528528809547424,1.5694480148966865
PCA11,dinov2_b,red_channel_shift_-45,59,3,0.4667171239852905,0.3436775803565979,0.189605250954628,1.497512181823883
PCA11,dinov2_b,red_channel_shift_-45,60,3,0.39303717017173767,0.2656822204589844,0.34128057956695557,1.5668846023478566
PCA11,dinov2_b,red_channel_shift_-45,61,3,0.20537488162517548,0.6533656716346741,0.14125946164131165,1.2690565775744334
PCA11,dinov2_b,red_channel_shift_-45,62,3,0.14106610417366028,0.6815920472145081,0.1773419827222824,1.21806218195775
PCA11,dinov2_b,red_channel_shift_-45,63,3,0.5034586787223816,0.30946892499923706,0.18707239627838135,1.4745174405406913
PCA11,dinov2_b,red_channel_shift_-45,64,3,0.4294373393058777,0.40987926721572876,0.16068331897258759,1.474929681342878
PCA11,dinov2_b,red_channel_shift_-45,65,3,0.3408207297325134,0.39603862166404724,0.2631407082080841,1.565320512160473
PCA11,dinov2_b,red_channel_shift_-45,66,3,0.387853741645813,0.3913411796092987,0.22080513834953308,1.5408185308193352
PCA11,dinov2_b,red_channel_shift_-45,67,4,0.4374675750732422,0.18129339814186096,0.38123905658721924,1.4988170904595655
PCA11,dinov2_b,red_channel_shift_-45,68,4,0.2596503496170044,0.16900618374347687,0.5713434219360352,1.399988482089794
PCA11,dinov2_b,red_channel_shift_-45,69,4,0.32043448090553284,0.45975226163864136,0.2198132872581482,1.5219708769542508
PCA11,dinov2_b,red_channel_shift_-45,70,4,0.5721138715744019,0.34976354241371155,0.07812253385782242,1.278337023760674
PCA11,dinov2_b,red_channel_shift_-45,71,4,0.49760085344314575,0.1084621325135231,0.39393702149391174,1.3780831615948852
PCA11,dinov2_b,red_channel_shift_-45,72,4,0.3494831621646881,0.44769492745399475,0.20282183587551117,1.5159639269158847
PCA11,dinov2_b,red_channel_shift_-45,73,4,0.5531378984451294,0.3820439875125885,0.06481806933879852,1.2587556956703354
PCA11,dinov2_b,red_channel_shift_-45,74,4,0.29988589882850647,0.35274121165275574,0.34737294912338257,1.5812357827384051
PCA11,dinov2_b,red_channel_shift_-45,75,4,0.3825542628765106,0.2920807898044586,0.32536500692367554,1.5759769140848734
PCA11,dinov2_b,red_channel_shift_-45,76,4,0.44173455238342285,0.209713876247406,0.34855160117149353,1.523277502179817
PCA11,dinov2_b,red_channel_shift_-45,77,4,0.4313504099845886,0.25155821442604065,0.31709134578704834,1.5495484346525625
PCA11,dinov2_b,red_channel_shift_-45,78,4,0.22881589829921722,0.28128692507743835,0.4898971915245056,1.505908025508897
PCA11,dinov2_b,red_channel_shift_-45,79,4,0.4435679018497467,0.4563964605331421,0.1000356450676918,1.3689410152849062
PCA11,dinov2_b,red_channel_shift_-45,80,4,0.45414918661117554,0.1991557627916336,0.3466949760913849,1.5106489808394763
PCA11,dinov2_b,red_channel_shift_-45,81,4,0.48880913853645325,0.18405525386333466,0.32713550329208374,1.4815516638689643
PCA11,dinov2_b,red_channel_shift_-45,82,4,0.26505962014198303,0.35359352827072144,0.3813469707965851,1.5684700065593193
PCA11,dinov2_b,red_channel_shift_-45,83,4,0.35968872904777527,0.43563875555992126,0.20467258989810944,1.5212629850219352
PCA11,dinov2_b,red_channel_shift_-45,84,4,0.35991573333740234,0.18480262160301208,0.45528170466423035,1.4976027061335566
PCA11,dinov2_b,red_channel_shift_-45,85,4,0.30670854449272156,0.465492844581604,0.2277986705303192,1.5226345172309592
PCA11,dinov2_b,red_channel_shift_-45,86,4,0.3549184203147888,0.23124437034130096,0.4138372540473938,1.5456692967173957
PCA11,dinov2_b,red_channel_shift_-45,87,5,0.046243567019701004,0.4712465703487396,0.48250991106033325,1.2238808013125828
PCA11,dinov2_b,red_channel_shift_-45,88,5,0.14311818778514862,0.26374417543411255,0.5931376218795776,1.3554964635785198
PCA11,dinov2_b,red_channel_shift_-45,89,5,0.18018443882465363,0.573592483997345,0.24622316658496857,1.4033164114368912
PCA11,dinov2_b,red_channel_shift_-45,90,5,0.11593896150588989,0.39536359906196594,0.48869746923446655,1.3945136392804083
PCA11,dinov2_b,red_channel_shift_-45,91,5,0.09918443113565445,0.18494530022144318,0.7158703207969666,1.1261796560775559
PCA11,dinov2_b,red_channel_shift_-45,92,5,0.08122709393501282,0.1820690929889679,0.7367039322853088,1.0663911926514749
PCA11,dinov2_b,red_channel_shift_-45,93,5,0.05551663041114807,0.4545734226703644,0.48990991711616516,1.2529137873856384
PCA11,dinov2_b,red_channel_shift_-45,94,5,0.11903750896453857,0.3093133270740509,0.5716491937637329,1.350335403672355
PCA11,dinov2_b,red_channel_shift_-45,95,5,0.0746169164776802,0.44150665402412415,0.4838763177394867,1.306904777414776
PCA11,dinov2_b,red_channel_shift_-45,96,5,0.09699366241693497,0.43685996532440186,0.4661463499069214,1.3617137066117087
PCA11,dinov2_b,red_channel_shift_-45,97,5,0.12736110389232635,0.3657882809638977,0.5068507194519043,1.4062740653170338
PCA11,dinov2_b,red_channel_shift_-45,98,5,0.06769255548715591,0.48201102018356323,0.4502964913845062,1.2887821770922177
PCA11,dinov2_b,red_channel_shift_-45,99,5,0.07067866623401642,0.517642080783844,0.4116792678833008,1.2890381941134963
PCA11,dinov2_b,red_channel_shift_-45,100,5,0.08933509141206741,0.5782979130744934,0.3323669135570526,1.2964029474900993
PCA11,dinov2_b,red_channel_shift_-45,101,5,0.09134239703416824,0.5152857899665833,0.39337190985679626,1.3377575433504705
PCA11,dinov2_b,red_channel_shift_-45,102,5,0.05906692147254944,0.3915027379989624,0.5494303703308105,1.2454514060415751
PCA11,dinov2_b,red_channel_shift_-45,103,5,0.07159244269132614,0.6221639513969421,0.3062436580657959,1.2211292269133895
PCA11,dinov2_b,red_channel_shift_-45,104,5,0.12893687188625336,0.22290097177028656,0.6481621265411377,1.269213023993943
PCA11,dinov2_b,red_channel_shift_-45,105,5,0.06799393892288208,0.3162737488746643,0.6157323718070984,1.2197456512600056
PCA11,dinov2_b,red_channel_shift_-45,106,5,0.33548247814178467,0.2528133690357208,0.4117041230201721,1.5572748725625936
PCA11,dinov2_b,red_channel_shift_-45,107,5,0.10406633466482162,0.554783821105957,0.34114980697631836,1.3405859412208887
PCA11,dinov2_b,red_channel_shift_-45,108,5,0.14843228459358215,0.38581833243370056,0.4657493531703949,1.4520509194560096
PCA11,dinov2_b,red_channel_shift_-45,109,6,0.1399550586938858,0.5019043684005737,0.35814058780670166,1.4267494551148046
PCA11,dinov2_b,red_channel_shift_-45,110,6,0.3805403411388397,0.43467262387275696,0.1847870647907257,1.503056245396749
PCA11,dinov2_b,red_channel_shift_-45,111,6,0.45851314067840576,0.4279125928878784,0.11357425898313522,1.3962673311871536
PCA11,dinov2_b,red_channel_shift_-45,112,6,0.6137398481369019,0.33693423867225647,0.04932594299316406,1.1752117164354092
PCA11,dinov2_b,red_channel_shift_-45,113,6,0.3733474016189575,0.08118525892496109,0.5454674363136292,1.3017601875172193
PCA11,dinov2_b,red_channel_shift_-45,114,6,0.5229876041412354,0.43900737166404724,0.038004979491233826,1.1897689757674565
PCA11,dinov2_b,red_channel_shift_-45,115,6,0.3070276975631714,0.5654817819595337,0.12749050557613373,1.3669619075420516
PCA11,dinov2_b,red_channel_shift_-45,116,6,0.17815056443214417,0.45219653844833374,0.3696528673171997,1.4918734990126334
PCA11,dinov2_b,red_channel_shift_-45,117,6,0.44901740550994873,0.5106431245803833,0.04033951461315155,1.200650568087938
PCA11,dinov2_b,red_channel_shift_-45,118,6,0.46188634634017944,0.411840558052063,0.12627311050891876,1.418785833696452
PCA11,dinov2_b,red_channel_shift_-45,119,6,0.5386059284210205,0.3885064721107483,0.07288750261068344,1.286113594638569
PCA11,dinov2_b,red_channel_shift_-45,120,6,0.02543894574046135,0.5703136920928955,0.4042472243309021,1.1250237288854947
PCA11,dinov2_b,red_channel_shift_-45,121,6,0.3056809902191162,0.6204211711883545,0.0738978162407875,1.2276880374461472
PCA11,dinov2_b,red_channel_shift_-45,122,6,0.07635067403316498,0.46820181608200073,0.4554474949836731,1.3127104660744278
PCA11,dinov2_b,red_channel_shift_-45,123,6,0.44316816329956055,0.3102949261665344,0.2465369701385498,1.5422146151548308
PCA11,dinov2_b,red_channel_shift_-45,124,6,0.5013887286186218,0.41812634468078613,0.08048497140407562,1.3179547261861737
PCA11,dinov2_b,red_channel_shift_-45,125,6,0.06467785686254501,0.5437687039375305,0.39155349135398865,1.2631143909231408
PCA11,dinov2_b,red_channel_shift_-45,126,7,0.5029390454292297,0.08690326660871506,0.4101576507091522,1.3323323259393351
PCA11,dinov2_b,red_channel_shift_-45,127,7,0.11931487917900085,0.5349133610725403,0.3457717299461365,1.3785418417039244
PCA11,dinov2_b,red_channel_shift_-45,128,7,0.48835429549217224,0.31978094577789307,0.19186466932296753,1.4879388645467013
PCA11,dinov2_b,red_channel_shift_-45,129,7,0.2475217878818512,0.4133026897907257,0.33917558193206787,1.5545287200820255
PCA11,dinov2_b,red_channel_shift_-45,130,7,0.5666967630386353,0.17378823459148407,0.25951507687568665,1.408113829650685
PCA11,dinov2_b,red_channel_shift_-45,131,7,0.014096327126026154,0.5332500338554382,0.45265358686447144,1.0880101261962505
PCA11,dinov2_b,red_channel_shift_-45,132,7,0.567183792591095,0.02453470602631569,0.40828150510787964,1.1229049496776289
PCA11,dinov2_b,red_channel_shift_-45,133,7,0.47896817326545715,0.32951420545578003,0.19151756167411804,1.4930735187137083
PCA11,dinov2_b,red_channel_shift_-45,134,7,0.3048628270626068,0.45413345098495483,0.24100369215011597,1.5343865755786812
PCA11,dinov2_b,red_channel_shift_-45,135,7,0.12042602151632309,0.4095822870731354,0.46999168395996094,1.4071630113310767
PCA11,dinov2_b,red_channel_shift_-45,136,7,0.09707564115524292,0.5138850808143616,0.38903921842575073,1.3500887683503988
PCA11,dinov2_b,red_channel_shift_-45,137,7,0.48438119888305664,0.44140711426734924,0.07421158999204636,1.3057964354356368
PCA11,dinov2_b,red_channel_shift_-45,138,7,0.37285274267196655,0.3772478699684143,0.2498994618654251,1.5612006868461565
PCA11,dinov2_b,red_channel_shift_-45,139,7,0.3939376175403595,0.19944043457508087,0.40662193298339844,1.5212221414647407
PCA11,dinov2_b,red_channel_shift_-45,140,7,0.23715010285377502,0.2964306175708771,0.4664193093776703,1.5255638651014705
PCA11,dinov2_b,red_channel_shift_-45,141,7,0.24482403695583344,0.3581923246383667,0.3969835937023163,1.5567088496339063
PCA11,dinov2_b,red_channel_shift_-45,142,7,0.01862541027367115,0.44049903750419617,0.5408755540847778,1.1076072519882403
PCA11,dinov2_b,red_channel_shift_-45,143,7,0.6366848945617676,0.04730622097849846,0.3160088360309601,1.1481325955067663
PCA11,dinov2_b,red_channel_shift_-45,144,7,0.3284448981285095,0.35304197669029236,0.31851306557655334,1.5836035293626274
PCA11,dinov2_b,red_channel_shift_-45,145,7,0.46628373861312866,0.42701542377471924,0.10670074820518494,1.3819371919596142
PCA11,dinov2_b,red_channel_shift_-45,146,7,0.13497059047222137,0.5322281718254089,0.3328012526035309,1.4024782390710926
PCA11,dinov2_b,red_channel_shift_-45,147,7,0.35028308629989624,0.5942192673683167,0.055497705936431885,1.2078441792808483
PCA11,dinov2_b,red_channel_shift_-45,148,7,0.49275633692741394,0.3499452471733093,0.15729840099811554,1.4529661777546492
PCA11,dinov2_b,red_channel_shift_-45,149,7,0.5714195370674133,0.021000560373067856,0.4075799286365509,1.1061494055207162
PCA11,dinov2_b,red_channel_shift_-45,150,7,0.41698089241981506,0.5283713936805725,0.054647743701934814,1.2416838554195884
PCA11,dinov2_b,red_channel_shift_-45,151,8,0.418683797121048,0.2631635367870331,0.31815263628959656,1.5583942415437328
PCA11,dinov2_b,red_channel_shift_-45,152,8,0.463339626789093,0.19479337334632874,0.34186697006225586,1.5033289778371022
PCA11,dinov2_b,red_channel_shift_-45,153,8,0.4806126654148102,0.14745266735553741,0.3719346523284912,1.4459555014221745
PCA11,dinov2_b,red_channel_shift_-45,154,8,0.3892853856086731,0.4048369824886322,0.20587758719921112,1.5274313666542052
PCA11,dinov2_b,red_channel_shift_-45,155,8,0.24674537777900696,0.29021599888801575,0.4630386233329773,1.5304745482764694
PCA11,dinov2_b,red_channel_shift_-45,156,8,0.24975958466529846,0.4784340262413025,0.27180635929107666,1.5195511332236373
PCA11,dinov2_b,red_channel_shift_-45,157,8,0.20685240626335144,0.42742687463760376,0.3657207489013672,1.5251041220045858
PCA11,dinov2_b,red_channel_shift_-45,158,8,0.16461877524852753,0.5068283677101135,0.32855290174484253,1.4529708104876544
PCA11,dinov2_b,red_channel_shift_-45,159,8,0.4863874018192291,0.17268376052379608,0.3409287631511688,1.472579311932687
PCA11,dinov2_b,red_channel_shift_-45,160,8,0.24024134874343872,0.35451456904411316,0.4052441120147705,1.552754852752519
PCA11,dinov2_b,red_channel_shift_-45,161,8,0.4257742464542389,0.3766007423400879,0.19762520492076874,1.517352546898194
PCA11,dinov2_b,red_channel_shift_-45,162,8,0.4486542046070099,0.5305400490760803,0.02080576680600643,1.1201899425056074
PCA11,dinov2_b,red_channel_shift_-45,163,8,0.23967455327510834,0.3929143249988556,0.36741113662719727,1.5542069131250684
PCA11,dinov2_b,red_channel_shift_-45,164,8,0.06096022203564644,0.3179081380367279,0.6211314797401428,1.1983735736514007
PCA11,dinov2_b,red_channel_shift_-45,165,8,0.0756443664431572,0.35186299681663513,0.5724926590919495,1.2726423546280279
PCA11,dinov2_b,red_channel_shift_-45,166,8,0.5097178220748901,0.154292494058609,0.33598971366882324,1.4402588335310464
PCA11,dinov2_b,red_channel_shift_-45,167,8,0.31266775727272034,0.3141270875930786,0.37320515513420105,1.5798937367436445
PCA11,dinov2_b,red_channel_shift_-45,168,8,0.3759717345237732,0.3839075267314911,0.2401207983493805,1.5550605128150619
PCA11,dinov2_b,red_channel_shift_-45,169,8,0.4154427945613861,0.20967090129852295,0.37488624453544617,1.529680389851165
PCA11,dinov2_b,red_channel_shift_-45,170,8,0.4239373803138733,0.43903765082359314,0.13702492415905,1.4391784885806187
PCA11,dinov2_b,red_channel_shift_-45,171,8,0.2511597275733948,0.24304892122745514,0.505791425704956,1.4940158088979176
PCA11,dinov2_b,red_channel_shift_-45,172,8,0.25874313712120056,0.26259303092956543,0.4786638915538788,1.520001711558148
PCA11,dinov2_b,red_channel_shift_-45,173,8,0.1937885284423828,0.6258093118667603,0.1804022639989853,1.3276808415130879
PCA11,dinov2_b,red_channel_shift_-45,174,8,0.07397235929965973,0.3861374258995056,0.5398902297019958,1.2881031395407012
PCA11,dinov2_b,red_channel_shift_-45,175,8,0.43666836619377136,0.38983768224716187,0.1734939068555832,1.490226286443393
PCA11,dinov2_b,red_channel_shift_-45,176,8,0.22729137539863586,0.32699328660964966,0.4457153081893921,1.532757916910207
PCA11,dinov2_b,red_channel_shift_-45,177,8,0.280117928981781,0.3171800971031189,0.4027019441127777,1.5681473082879989
PCA11,dinov2_b,red_channel_shift_-45,178,9,0.12544479966163635,0.4714975655078888,0.40305769443511963,1.4154996310676042
PCA11,dinov2_b,red_channel_shift_-45,179,9,0.17218105494976044,0.43282440304756165,0.39499443769454956,1.4892413629722345
PCA11,dinov2_b,red_channel_shift_-45,180,9,0.3919300138950348,0.22863779962062836,0.37943214178085327,1.5468452464242497
PCA11,dinov2_b,red_channel_shift_-45,181,9,0.14282427728176117,0.38240814208984375,0.4747675061225891,1.4415710522819614
PCA11,dinov2_b,red_channel_shift_-45,182,9,0.10088586807250977,0.4522417187690735,0.44687238335609436,1.3708884640565686
PCA11,dinov2_b,red_channel_shift_-45,183,9,0.1369762271642685,0.4005376696586609,0.46248605847358704,1.436078120598004
PCA11,dinov2_b,red_channel_shift_-45,184,9,0.15012148022651672,0.32074058055877686,0.5291379690170288,1.4227827289974748
PCA11,dinov2_b,red_channel_shift_-45,185,9,0.44861456751823425,0.3780358135700226,0.1733495593070984,1.487608437781772
PCA11,dinov2_b,red_channel_shift_-45,186,9,0.4484943151473999,0.24753338098526,0.3039723038673401,1.5396640076895456
PCA11,dinov2_b,red_channel_shift_-45,187,9,0.15900595486164093,0.35976114869117737,0.4812328815460205,1.4602196775809695
PCA11,dinov2_b,red_channel_shift_-45,188,10,0.38051843643188477,0.27368512749671936,0.34579646587371826,1.5718200456410918
PCA11,dinov2_b,red_channel_shift_-45,189,10,0.5383437871932983,0.14560548961162567,0.31605076789855957,1.4109241224343063
PCA11,dinov2_b,red_channel_shift_-45,190,10,0.4468580484390259,0.3162115812301636,0.23693032562732697,1.536752804740141
PCA11,dinov2_b,red_channel_shift_-45,191,10,0.3413736820220947,0.28904852271080017,0.36957767605781555,1.5776331648701276
PCA11,dinov2_b,red_channel_shift_-45,192,10,0.32826313376426697,0.5376459360122681,0.13409093022346497,1.397574362667969
PCA11,dinov2_b,red_channel_shift_-45,193,10,0.4870453178882599,0.1638755351305008,0.3490791618824005,1.4631283666705717
PCA11,dinov2_b,red_channel_shift_-45,194,10,0.42981064319610596,0.4571615755558014,0.11302784830331802,1.3953455023827102
PCA11,dinov2_b,red_channel_shift_-45,195,10,0.35301661491394043,0.41676339507102966,0.23022006452083588,1.5443623089874952
PCA11,dinov2_b,red_channel_shift_-45,196,10,0.21484681963920593,0.45188942551612854,0.3332637548446655,1.5228207419130788
PCA11,dinov2_b,red_channel_shift_-45,197,10,0.044620588421821594,0.4954894483089447,0.4598900079727173,1.2175126618945544
PCA11,dinov2_b,red_channel_shift_-45,198,10,0.37725555896759033,0.2952392101287842,0.3275052607059479,1.5776185889869274
PCA11,dinov2_b,red_channel_shift_-45,199,10,0.4445117712020874,0.16357818245887756,0.3919098973274231,1.4768353879156089
PCA11,dinov2_b,red_channel_shift_45,0,0,0.15455755591392517,0.4621620774269104,0.38328036665916443,1.4612547478858329
PCA11,dinov2_b,red_channel_shift_45,1,0,0.15297068655490875,0.3883737325668335,0.45865556597709656,1.4600426552942052
PCA11,dinov2_b,red_channel_shift_45,2,0,0.4778215289115906,0.38348516821861267,0.13869330286979675,1.4346449191209838
PCA11,dinov2_b,red_channel_shift_45,3,0,0.28669509291648865,0.5541945099830627,0.15911024808883667,1.4106034266204392
PCA11,dinov2_b,red_channel_shift_45,4,0,0.12191464006900787,0.35679230093955994,0.521293044090271,1.390562772185469
PCA11,dinov2_b,red_channel_shift_45,5,0,0.0782424733042717,0.5740622878074646,0.34769517183303833,1.2771994185945446
PCA11,dinov2_b,red_channel_shift_45,6,0,0.19908101856708527,0.34162425994873047,0.4592946767807007,1.5084893618891906
PCA11,dinov2_b,red_channel_shift_45,7,0,0.14198988676071167,0.45391789078712463,0.4040922522544861,1.4453482774557846
PCA11,dinov2_b,red_channel_shift_45,8,0,0.1732501983642578,0.14607685804367065,0.6806729435920715,1.2213051967613031
PCA11,dinov2_b,red_channel_shift_45,9,0,0.1825101524591446,0.5427261590957642,0.27476370334625244,1.4384818606732934
PCA11,dinov2_b,red_channel_shift_45,10,1,0.7077519297599792,0.07963485270738602,0.21261323988437653,1.1185618209265529
PCA11,dinov2_b,red_channel_shift_45,11,1,0.49411576986312866,0.42612698674201965,0.07975725084543228,1.3179393112696745
PCA11,dinov2_b,red_channel_shift_45,12,1,0.17332763969898224,0.3626655638217926,0.46400678157806396,1.4829489170604666
PCA11,dinov2_b,red_channel_shift_45,13,1,0.377614289522171,0.33000701665878296,0.292378693819046,1.577083315230484
PCA11,dinov2_b,red_channel_shift_45,14,1,0.16175830364227295,0.5908603072166443,0.24738134443759918,1.3721644248919986
PCA11,dinov2_b,red_channel_shift_45,15,1,0.476459801197052,0.44746068120002747,0.07607954740524292,1.311476060104078
PCA11,dinov2_b,red_channel_shift_45,16,1,0.318732351064682,0.10629089176654816,0.5749768018722534,1.3285860238258986
PCA11,dinov2_b,red_channel_shift_45,17,1,0.46497786045074463,0.4191557466983795,0.11586640775203705,1.3997808305484676
PCA11,dinov2_b,red_channel_shift_45,18,1,0.4237159490585327,0.41275888681411743,0.16352511942386627,1.4790478105598477
PCA11,dinov2_b,red_channel_shift_45,19,1,0.08629275113344193,0.4126463532447815,0.5010609030723572,1.3314990865456737
PCA11,dinov2_b,red_channel_shift_45,20,1,0.5313447117805481,0.31719210743904114,0.15146318078041077,1.4226147867378005
PCA11,dinov2_b,red_channel_shift_45,21,1,0.06612382084131241,0.5072510838508606,0.42662501335144043,1.2801378554315344
PCA11,dinov2_b,red_channel_shift_45,22,1,0.13790179789066315,0.4388325810432434,0.42326563596725464,1.4406127440720187
PCA11,dinov2_b,red_channel_shift_45,23,1,0.4596610963344574,0.311655193567276,0.2286836951971054,1.5264117071142915
PCA11,dinov2_b,red_channel_shift_45,24,1,0.3753886818885803,0.3549371361732483,0.26967424154281616,1.5709093785445916
PCA11,dinov2_b,red_channel_shift_45,25,1,0.04317094385623932,0.6942830085754395,0.26254600286483765,1.0677469246483196
PCA11,dinov2_b,red_channel_shift_45,26,1,0.19380202889442444,0.4893127977848053,0.3168851435184479,1.4887468088029894
PCA11,dinov2_b,red_channel_shift_45,27,1,0.3991395831108093,0.48665517568588257,0.11420512199401855,1.392018633052082
PCA11,dinov2_b,red_channel_shift_45,28,1,0.04330052435398102,0.5305988192558289,0.4261006712913513,1.205675006915405
PCA11,dinov2_b,red_channel_shift_45,29,1,0.10097803920507431,0.4403524398803711,0.4586694836616516,1.3708410038974401
PCA11,dinov2_b,red_channel_shift_45,30,1,0.12382220476865768,0.44362327456474304,0.43255457282066345,1.4163256949546472
PCA11,dinov2_b,red_channel_shift_45,31,1,0.6882423758506775,0.053576454520225525,0.2581811547279358,1.101552374317273
PCA11,dinov2_b,red_channel_shift_45,32,1,0.038460906594991684,0.5352491736412048,0.4262899160385132,1.1878039063365655
PCA11,dinov2_b,red_channel_shift_45,33,1,0.49427124857902527,0.337814062833786,0.16791467368602753,1.4636495196142985
PCA11,dinov2_b,red_channel_shift_45,34,2,0.42257413268089294,0.29377543926239014,0.2836504876613617,1.5599307729613447
PCA11,dinov2_b,red_channel_shift_45,35,2,0.09240801632404327,0.47612321376800537,0.43146878480911255,1.3504633044950354
PCA11,dinov2_b,red_channel_shift_45,36,2,0.15486392378807068,0.4413549304008484,0.40378114581108093,1.465810277513084
PCA11,dinov2_b,red_channel_shift_45,37,2,0.1902228444814682,0.6403778791427612,0.16939924657344818,1.3011208926505966
PCA11,dinov2_b,red_channel_shift_45,38,2,0.502210259437561,0.4008996784687042,0.09689007699489594,1.3539536595131565
PCA11,dinov2_b,red_channel_shift_45,39,2,0.185701385140419,0.6173407435417175,0.19695787131786346,1.3423189048976023
PCA11,dinov2_b,red_channel_shift_45,40,2,0.10256964713335037,0.5368130803108215,0.3606173098087311,1.3494024761345975
PCA11,dinov2_b,red_channel_shift_45,41,2,0.3133833110332489,0.293114572763443,0.3935021162033081,1.5730316138067897
PCA11,dinov2_b,red_channel_shift_45,42,2,0.34562763571739197,0.3223009407520294,0.33207136392593384,1.5843695555120156
PCA11,dinov2_b,red_channel_shift_45,43,2,0.17465555667877197,0.45797494053840637,0.3673694133758545,1.486399741749286
PCA11,dinov2_b,red_channel_shift_45,44,2,0.2393159568309784,0.46091482043266296,0.2997692823410034,1.5297723199643838
PCA11,dinov2_b,red_channel_shift_45,45,2,0.09803321212530136,0.4496445655822754,0.4523221552371979,1.3646909056255154
PCA11,dinov2_b,red_channel_shift_45,46,2,0.2759186327457428,0.38324815034866333,0.34083324670791626,1.572117986588204
PCA11,dinov2_b,red_channel_shift_45,47,2,0.4033236503601074,0.476535826921463,0.12014047056436539,1.4052245821952705
PCA11,dinov2_b,red_channel_shift_45,48,2,0.13458485901355743,0.5449695587158203,0.32044553756713867,1.392791025731018
PCA11,dinov2_b,red_channel_shift_45,49,2,0.19725573062896729,0.14054641127586365,0.6621978282928467,1.2536021176812078
PCA11,dinov2_b,red_channel_shift_45,50,3,0.40680229663848877,0.27166518568992615,0.3215325176715851,1.5649610294342504
PCA11,dinov2_b,red_channel_shift_45,51,3,0.34324559569358826,0.32466983795166016,0.3320845663547516,1.5845847246372082
PCA11,dinov2_b,red_channel_shift_45,52,3,0.4968326985836029,0.4547824561595917,0.04838480427861214,1.2297701026878056
PCA11,dinov2_b,red_channel_shift_45,53,3,0.3324122428894043,0.3861274719238281,0.28146031498908997,1.5730733472295486
PCA11,dinov2_b,red_channel_shift_45,54,3,0.4562147259712219,0.36930209398269653,0.17448319494724274,1.4867623246207424
PCA11,dinov2_b,red_channel_shift_45,55,3,0.26080724596977234,0.37465113401412964,0.364541620016098,1.5670550921240656
PCA11,dinov2_b,red_channel_shift_45,56,3,0.23932667076587677,0.4345548748970032,0.3261183202266693,1.5434034449413119
PCA11,dinov2_b,red_channel_shift_45,57,3,0.35440728068351746,0.4149618446826935,0.23063090443611145,1.5450370420057662
PCA11,dinov2_b,red_channel_shift_45,58,3,0.23516826331615448,0.37062129378318787,0.3942103981971741,1.5512193664280232
PCA11,dinov2_b,red_channel_shift_45,59,3,0.7358416318893433,0.16758126020431519,0.09657703340053558,1.0831769637807966
PCA11,dinov2_b,red_channel_shift_45,60,3,0.48804590106010437,0.11973512917757034,0.3922189772129059,1.4013239623312037
PCA11,dinov2_b,red_channel_shift_45,61,3,0.20287162065505981,0.6554308533668518,0.14169751107692719,1.2658171821872326
PCA11,dinov2_b,red_channel_shift_45,62,3,0.0493050254881382,0.723243772983551,0.22745123505592346,1.0380860867821657
PCA11,dinov2_b,red_channel_shift_45,63,3,0.49089759588241577,0.3600797653198242,0.14902257919311523,1.4438022189757618
PCA11,dinov2_b,red_channel_shift_45,64,3,0.5921775698661804,0.2552669644355774,0.1525554209947586,1.3643028214551158
PCA11,dinov2_b,red_channel_shift_45,65,3,0.3264486491680145,0.36030298471450806,0.31324833631515503,1.582434912202257
PCA11,dinov2_b,red_channel_shift_45,66,3,0.4433908760547638,0.29928094148635864,0.25732818245887756,1.5450596551528601
PCA11,dinov2_b,red_channel_shift_45,67,4,0.34799784421920776,0.17071938514709473,0.4812827408313751,1.4731084595828094
PCA11,dinov2_b,red_channel_shift_45,68,4,0.2643719017505646,0.16963109374046326,0.5659970641136169,1.4063592612277513
PCA11,dinov2_b,red_channel_shift_45,69,4,0.33478960394859314,0.18953652679920197,0.4756738841533661,1.4932083936578509
PCA11,dinov2_b,red_channel_shift_45,70,4,0.5998184084892273,0.328693687915802,0.07148778438568115,1.2420153150203652
PCA11,dinov2_b,red_channel_shift_45,71,4,0.4301471710205078,0.12263251096010208,0.4472202956676483,1.4140087157364574
PCA11,dinov2_b,red_channel_shift_45,72,4,0.47910985350608826,0.31563135981559753,0.20525874197483063,1.5026317821994222
PCA11,dinov2_b,red_channel_shift_45,73,4,0.509375810623169,0.42304834723472595,0.06757591664791107,1.283462039025876
PCA11,dinov2_b,red_channel_shift_45,74,4,0.3275277018547058,0.31442075967788696,0.3580516278743744,1.5828093235070892
PCA11,dinov2_b,red_channel_shift_45,75,4,0.4111439287662506,0.30144062638282776,0.28741544485092163,1.5657123187705544
PCA11,dinov2_b,red_channel_shift_45,76,4,0.430947870016098,0.21406620740890503,0.35498595237731934,1.5298130729612733
PCA11,dinov2_b,red_channel_shift_45,77,4,0.406817764043808,0.22778715193271637,0.3653951585292816,1.5447430772775301
PCA11,dinov2_b,red_channel_shift_45,78,4,0.23538359999656677,0.5047323107719421,0.2598840594291687,1.4943284132046186
PCA11,dinov2_b,red_channel_shift_45,79,4,0.29759207367897034,0.5439262390136719,0.1584816724061966,1.4193984117549296
PCA11,dinov2_b,red_channel_shift_45,80,4,0.5546470880508423,0.3068443238735199,0.13850852847099304,1.3896604040437022
PCA11,dinov2_b,red_channel_shift_45,81,4,0.35642239451408386,0.3255837559700012,0.3179939389228821,1.5831864196168621
PCA11,dinov2_b,red_channel_shift_45,82,4,0.316342830657959,0.257189005613327,0.4264681935310364,1.5534651439209428
PCA11,dinov2_b,red_channel_shift_45,83,4,0.4445963203907013,0.32582879066467285,0.22957482933998108,1.5344346006983312
PCA11,dinov2_b,red_channel_shift_45,84,4,0.33887043595314026,0.20751041173934937,0.4536190927028656,1.5171590930323657
PCA11,dinov2_b,red_channel_shift_45,85,4,0.23690266907215118,0.3647005259990692,0.39839673042297363,1.551875154467813
PCA11,dinov2_b,red_channel_shift_45,86,4,0.270296573638916,0.37163692712783813,0.35806646943092346,1.571411249706096
PCA11,dinov2_b,red_channel_shift_45,87,5,0.0419880673289299,0.5469428896903992,0.4110691249370575,1.1953982854368579
PCA11,dinov2_b,red_channel_shift_45,88,5,0.11899027973413467,0.5127530097961426,0.36825674772262573,1.390288393361327
PCA11,dinov2_b,red_channel_shift_45,89,5,0.16397766768932343,0.5913087129592896,0.24471355974674225,1.3729184843679036
PCA11,dinov2_b,red_channel_shift_45,90,5,0.19397184252738953,0.26458242535591125,0.541445791721344,1.4457176725420129
PCA11,dinov2_b,red_channel_shift_45,91,5,0.10238537937402725,0.21509015560150146,0.6825245022773743,1.1895900268816013
PCA11,dinov2_b,red_channel_shift_45,92,5,0.07201682031154633,0.7610540390014648,0.16692925989627838,1.00426964307576
PCA11,dinov2_b,red_channel_shift_45,93,5,0.08138986676931381,0.5611436367034912,0.35746651887893677,1.292819462299578
PCA11,dinov2_b,red_channel_shift_45,94,5,0.09227904677391052,0.3012984097003937,0.6064226031303406,1.2763068499580723
PCA11,dinov2_b,red_channel_shift_45,95,5,0.06685182452201843,0.42215695977211,0.5109911561012268,1.2811024941508375
PCA11,dinov2_b,red_channel_shift_45,96,5,0.2892015278339386,0.4438049793243408,0.26699358224868774,1.5464242428904447
PCA11,dinov2_b,red_channel_shift_45,97,5,0.1081930622458458,0.3719734847545624,0.5198334455490112,1.3684827608715677
PCA11,dinov2_b,red_channel_shift_45,98,5,0.07089771330356598,0.4753815829753876,0.4537205994129181,1.2980028381920792
PCA11,dinov2_b,red_channel_shift_45,99,5,0.06673766672611237,0.5410081148147583,0.39225417375564575,1.2697155579155077
PCA11,dinov2_b,red_channel_shift_45,100,5,0.07879520952701569,0.5878264904022217,0.3333783745765686,1.2677618303321418
PCA11,dinov2_b,red_channel_shift_45,101,5,0.1802266389131546,0.3489704132080078,0.4708028733730316,1.4872364509629112
PCA11,dinov2_b,red_channel_shift_45,102,5,0.03999686613678932,0.42075487971305847,0.5392483472824097,1.19170378897537
PCA11,dinov2_b,red_channel_shift_45,103,5,0.07309871912002563,0.6209392547607422,0.305961936712265,1.2255152839740993
PCA11,dinov2_b,red_channel_shift_45,104,5,0.157673180103302,0.22090774774551392,0.6214189529418945,1.3279598366996601
PCA11,dinov2_b,red_channel_shift_45,105,5,0.07087976485490799,0.5418751835823059,0.3872451186180115,1.2796682568149613
PCA11,dinov2_b,red_channel_shift_45,106,5,0.2948523759841919,0.43719443678855896,0.26795321702957153,1.5504661722142987
PCA11,dinov2_b,red_channel_shift_45,107,5,0.06052172929048538,0.4383488595485687,0.5011293888092041,1.265962265154261
PCA11,dinov2_b,red_channel_shift_45,108,5,0.11120714247226715,0.3479733169078827,0.5408194661140442,1.3619145806546962
PCA11,dinov2_b,red_channel_shift_45,109,6,0.184181809425354,0.23308074474334717,0.5827375054359436,1.3932763141450564
PCA11,dinov2_b,red_channel_shift_45,110,6,0.3823394179344177,0.48744329810142517,0.13021725416183472,1.418632430304352
PCA11,dinov2_b,red_channel_shift_45,111,6,0.42069634795188904,0.41963323950767517,0.1596704125404358,1.4738491107544585
PCA11,dinov2_b,red_channel_shift_45,112,6,0.6026322245597839,0.3530426323413849,0.04432519152760506,1.1698877613707837
PCA11,dinov2_b,red_channel_shift_45,113,6,0.42865273356437683,0.07901038974523544,0.4923369288444519,1.3164931350437334
PCA11,dinov2_b,red_channel_shift_45,114,6,0.5185876488685608,0.4321150481700897,0.049297310411930084,1.2284257142672923
PCA11,dinov2_b,red_channel_shift_45,115,6,0.4744190275669098,0.42398667335510254,0.10159432142972946,1.3703916317439795
PCA11,dinov2_b,red_channel_shift_45,116,6,0.1877029687166214,0.5107930898666382,0.30150386691093445,1.4695986111475081
PCA11,dinov2_b,red_channel_shift_45,117,6,0.38062238693237305,0.50931715965271,0.11006035655736923,1.3765657234305528
PCA11,dinov2_b,red_channel_shift_45,118,6,0.49037423729896545,0.39816150069236755,0.11146430671215057,1.3859370335046348
PCA11,dinov2_b,red_channel_shift_45,119,6,0.504108726978302,0.4228229224681854,0.07306835800409317,1.299054317371456
PCA11,dinov2_b,red_channel_shift_45,120,6,0.53275066614151,0.16088798642158508,0.3063613772392273,1.4309317996760313
PCA11,dinov2_b,red_channel_shift_45,121,6,0.2970469892024994,0.6267613172531128,0.0761917233467102,1.2256372509436182
PCA11,dinov2_b,red_channel_shift_45,122,6,0.4057731330394745,0.16095824539661407,0.43326863646507263,1.4749887398057577
PCA11,dinov2_b,red_channel_shift_45,123,6,0.41839131712913513,0.30705520510673523,0.2745535373687744,1.5609949756917807
PCA11,dinov2_b,red_channel_shift_45,124,6,0.4343820810317993,0.4437524080276489,0.12186556309461594,1.4127619980441384
PCA11,dinov2_b,red_channel_shift_45,125,6,0.09994979202747345,0.4861454665660858,0.41390475630760193,1.364699563813926
PCA11,dinov2_b,red_channel_shift_45,126,7,0.5279695987701416,0.051178090274333954,0.42085233330726624,1.2314604989786977
PCA11,dinov2_b,red_channel_shift_45,127,7,0.11770644038915634,0.4579276144504547,0.4243657886981964,1.404104416481514
PCA11,dinov2_b,red_channel_shift_45,128,7,0.507849395275116,0.30429574847221375,0.18785487115383148,1.4719104168083064
PCA11,dinov2_b,red_channel_shift_45,129,7,0.23118628561496735,0.41407355666160583,0.354740172624588,1.5455808664359822
PCA11,dinov2_b,red_channel_shift_45,130,7,0.5850242972373962,0.15098832547664642,0.26398739218711853,1.3715365311190928
PCA11,dinov2_b,red_channel_shift_45,131,7,0.5630890727043152,0.11456215381622314,0.32234883308410645,1.3511480404733929
PCA11,dinov2_b,red_channel_shift_45,132,7,0.5671899914741516,0.033466797322034836,0.39934319257736206,1.1568906295011758
PCA11,dinov2_b,red_channel_shift_45,133,7,0.3396655023097992,0.2538857161998749,0.4064488410949707,1.5591754824951778
PCA11,dinov2_b,red_channel_shift_45,134,7,0.3467012047767639,0.4647815525531769,0.1885172575712204,1.497403721485827
PCA11,dinov2_b,red_channel_shift_45,135,7,0.41326507925987244,0.1189979761838913,0.46773701906204224,1.4050446807939054
PCA11,dinov2_b,red_channel_shift_45,136,7,0.13627274334430695,0.5223953127861023,0.3413320779800415,1.4105370076003165
PCA11,dinov2_b,red_channel_shift_45,137,7,0.4914243817329407,0.4362345039844513,0.07234106212854385,1.299888962634261
PCA11,dinov2_b,red_channel_shift_45,138,7,0.3814655542373657,0.3731357455253601,0.24539873003959656,1.5584384319900713
PCA11,dinov2_b,red_channel_shift_45,139,7,0.3990572392940521,0.4534378945827484,0.14750486612319946,1.4535519682221487
PCA11,dinov2_b,red_channel_shift_45,140,7,0.23104792833328247,0.33379071950912476,0.43516138195991516,1.5391177189540706
PCA11,dinov2_b,red_channel_shift_45,141,7,0.2519015073776245,0.38768789172172546,0.3604106605052948,1.56165893923425
PCA11,dinov2_b,red_channel_shift_45,142,7,0.011049875058233738,0.42183610796928406,0.5671139359474182,1.0611751238145897
PCA11,dinov2_b,red_channel_shift_45,143,7,0.6358326077461243,0.03717930242419243,0.3269881010055542,1.119285610535455
PCA11,dinov2_b,red_channel_shift_45,144,7,0.3245888948440552,0.38046324253082275,0.2949478328227997,1.5768819275233668
PCA11,dinov2_b,red_channel_shift_45,145,7,0.5267922282218933,0.3598797023296356,0.11332806944847107,1.3737444592124413
PCA11,dinov2_b,red_channel_shift_45,146,7,0.151534765958786,0.4089431166648865,0.4395222067832947,1.4613378233511276
PCA11,dinov2_b,red_channel_shift_45,147,7,0.40423956513404846,0.541154682636261,0.05460577458143234,1.2366893256084193
PCA11,dinov2_b,red_channel_shift_45,148,7,0.504999577999115,0.12008433789014816,0.3749159872531891,1.3955956443209807
PCA11,dinov2_b,red_channel_shift_45,149,7,0.5684387683868408,0.4053005576133728,0.026260733604431152,1.1292083593325388
PCA11,dinov2_b,red_channel_shift_45,150,7,0.5782927870750427,0.39197203516960144,0.029735257849097252,1.137356841878256
PCA11,dinov2_b,red_channel_shift_45,151,8,0.2999306917190552,0.3867623805999756,0.31330686807632446,1.575705513533815
PCA11,dinov2_b,red_channel_shift_45,152,8,0.4630444049835205,0.1597871035337448,0.3771684765815735,1.4676704495554134
PCA11,dinov2_b,red_channel_shift_45,153,8,0.4335193336009979,0.15321525931358337,0.4132654070854187,1.4642635980563208
PCA11,dinov2_b,red_channel_shift_45,154,8,0.39875921607017517,0.42106643319129944,0.18017439544200897,1.4998461119068796
PCA11,dinov2_b,red_channel_shift_45,155,8,0.20527900755405426,0.3115157186985016,0.48320531845092773,1.5001143690564458
PCA11,dinov2_b,red_channel_shift_45,156,8,0.2777363061904907,0.4176647365093231,0.30459901690483093,1.5617913867931943
PCA11,dinov2_b,red_channel_shift_45,157,8,0.3363938629627228,0.3875392973423004,0.27606678009033203,1.571360549807332
PCA11,dinov2_b,red_channel_shift_45,158,8,0.20041626691818237,0.40857014060020447,0.39101359248161316,1.522065485631207
PCA11,dinov2_b,red_channel_shift_45,159,8,0.5320099592208862,0.16151297092437744,0.30647704005241394,1.432101232841824
PCA11,dinov2_b,red_channel_shift_45,160,8,0.24107065796852112,0.33791661262512207,0.42101287841796875,1.549169303879091
PCA11,dinov2_b,red_channel_shift_45,161,8,0.5876468420028687,0.2877589166164398,0.12459425628185272,1.3422019779677674
PCA11,dinov2_b,red_channel_shift_45,162,8,0.4690888226032257,0.5162004232406616,0.014710791409015656,1.0942742715033016
PCA11,dinov2_b,red_channel_shift_45,163,8,0.40257394313812256,0.24868448078632355,0.3487416207790375,1.557717208868881
PCA11,dinov2_b,red_channel_shift_45,164,8,0.08189883083105087,0.3323768973350525,0.5857242345809937,1.275845850621739
PCA11,dinov2_b,red_channel_shift_45,165,8,0.10334864258766174,0.3209746479988098,0.575676679611206,1.3232575404222233
PCA11,dinov2_b,red_channel_shift_45,166,8,0.49130311608314514,0.14811666309833527,0.3605802655220032,1.442463151061218
PCA11,dinov2_b,red_channel_shift_45,167,8,0.2972927987575531,0.32014626264572144,0.3825609087944031,1.5766594229501267
PCA11,dinov2_b,red_channel_shift_45,168,8,0.3469163179397583,0.4280667006969452,0.22501695156097412,1.5380652572303055
PCA11,dinov2_b,red_channel_shift_45,169,8,0.30054450035095215,0.44655337929725647,0.25290215015411377,1.5422265731388105
PCA11,dinov2_b,red_channel_shift_45,170,8,0.4546649158000946,0.42751386761665344,0.11782122403383255,1.4046413389570773
PCA11,dinov2_b,red_channel_shift_45,171,8,0.27168551087379456,0.2690040171146393,0.45931050181388855,1.535897475309444
PCA11,dinov2_b,red_channel_shift_45,172,8,0.2762574255466461,0.2693188190460205,0.454423725605011,1.5395107570117277
PCA11,dinov2_b,red_channel_shift_45,173,8,0.1954565942287445,0.6216351985931396,0.18290814757347107,1.3349434217654779
PCA11,dinov2_b,red_channel_shift_45,174,8,0.14233730733394623,0.4499800205230713,0.4076826274394989,1.4464848034277034
PCA11,dinov2_b,red_channel_shift_45,175,8,0.4258061349391937,0.4182508885860443,0.15594303607940674,1.468523225374268
PCA11,dinov2_b,red_channel_shift_45,176,8,0.21892733871936798,0.3178067207336426,0.4632660448551178,1.519621587707938
PCA11,dinov2_b,red_channel_shift_45,177,8,0.2633955180644989,0.3510804772377014,0.3855240046977997,1.5672694241488943
PCA11,dinov2_b,red_channel_shift_45,178,9,0.1402229219675064,0.4456312954425812,0.4141458570957184,1.4437674798991535
PCA11,dinov2_b,red_channel_shift_45,179,9,0.07517635077238083,0.6094850301742554,0.3153385818004608,1.2411016689976906
PCA11,dinov2_b,red_channel_shift_45,180,9,0.30980226397514343,0.2660861015319824,0.42411163449287415,1.556810764954898
PCA11,dinov2_b,red_channel_shift_45,181,9,0.16344214975833893,0.36801671981811523,0.46854111552238464,1.4703043264075655
PCA11,dinov2_b,red_channel_shift_45,182,9,0.0907852053642273,0.4756523668766022,0.43356242775917053,1.3468940939567917
PCA11,dinov2_b,red_channel_shift_45,183,9,0.17197519540786743,0.3887641131877899,0.43926066160202026,1.4880053485386693
PCA11,dinov2_b,red_channel_shift_45,184,9,0.21353724598884583,0.38263529539108276,0.403827428817749,1.5342406614011646
PCA11,dinov2_b,red_channel_shift_45,185,9,0.12720723450183868,0.40613722801208496,0.46665552258491516,1.419492341527016
PCA11,dinov2_b,red_channel_shift_45,186,9,0.4976727366447449,0.22953344881534576,0.27279379963874817,1.4996208619246305
PCA11,dinov2_b,red_channel_shift_45,187,9,0.1611800640821457,0.3746320307254791,0.46418794989585876,1.4690348808613836
PCA11,dinov2_b,red_channel_shift_45,188,10,0.38256609439849854,0.28101351857185364,0.33642035722732544,1.573676721140571
PCA11,dinov2_b,red_channel_shift_45,189,10,0.5527390241622925,0.11923734843730927,0.32802367210388184,1.3661093119666021
PCA11,dinov2_b,red_channel_shift_45,190,10,0.3820754289627075,0.46202796697616577,0.15589651465415955,1.4630342365302664
PCA11,dinov2_b,red_channel_shift_45,191,10,0.31433892250061035,0.30312174558639526,0.382539302110672,1.5771294180055433
PCA11,dinov2_b,red_channel_shift_45,192,10,0.3659489154815674,0.5353322625160217,0.09871885180473328,1.3431024221164125
PCA11,dinov2_b,red_channel_shift_45,193,10,0.08320537209510803,0.5077778100967407,0.40901675820350647,1.322479358779744
PCA11,dinov2_b,red_channel_shift_45,194,10,0.2081218659877777,0.3428776264190674,0.4490005075931549,1.5194656058459666
PCA11,dinov2_b,red_channel_shift_45,195,10,0.2959388494491577,0.4612713158130646,0.24278989434242249,1.5306080111514793
PCA11,dinov2_b,red_channel_shift_45,196,10,0.1553841382265091,0.40744730830192566,0.43716853857040405,1.467012969812533
PCA11,dinov2_b,red_channel_shift_45,197,10,0.0637306496500969,0.49669989943504333,0.43956947326660156,1.2758326753533564
PCA11,dinov2_b,red_channel_shift_45,198,10,0.3807334005832672,0.32287833094596863,0.2963882386684418,1.5770073017586186
PCA11,dinov2_b,red_channel_shift_45,199,10,0.43563422560691833,0.19108690321445465,0.37327897548675537,1.5091820035528833
PCA11,dinov2_b,green_channel_shift_-45,0,0,0.1048973873257637,0.46699318289756775,0.42810946702957153,1.3782142043791734
PCA11,dinov2_b,green_channel_shift_-45,1,0,0.10467466711997986,0.43320542573928833,0.4621199071407318,1.3782927880127698
PCA11,dinov2_b,green_channel_shift_-45,2,0,0.20487630367279053,0.44514134526252747,0.34998229146003723,1.5184630800536834
PCA11,dinov2_b,green_channel_shift_-45,3,0,0.25604161620140076,0.5603037476539612,0.18365468084812164,1.4205422879024352
PCA11,dinov2_b,green_channel_shift_-45,4,0,0.09169653058052063,0.311366468667984,0.5969369411468506,1.2845343685303652
PCA11,dinov2_b,green_channel_shift_-45,5,0,0.07787756621837616,0.6267041563987732,0.2954182028770447,1.2289748866618506
PCA11,dinov2_b,green_channel_shift_-45,6,0,0.24437908828258514,0.30716708302497864,0.4484538435935974,1.5386987934641447
PCA11,dinov2_b,green_channel_shift_-45,7,0,0.1628631055355072,0.33051156997680664,0.506625235080719,1.4513254061848118
PCA11,dinov2_b,green_channel_shift_-45,8,0,0.16098791360855103,0.1448957920074463,0.6941162943840027,1.1936373645569975
PCA11,dinov2_b,green_channel_shift_-45,9,0,0.2548726797103882,0.1433979570865631,0.6017293930053711,1.3453900407681312
PCA11,dinov2_b,green_channel_shift_-45,10,1,0.7163602709770203,0.08011908084154129,0.20352065563201904,1.1039503349445492
PCA11,dinov2_b,green_channel_shift_-45,11,1,0.4910799562931061,0.4110284149646759,0.09789160639047623,1.3592537517991474
PCA11,dinov2_b,green_channel_shift_-45,12,1,0.12028975784778595,0.45492541790008545,0.424784779548645,1.4091583782151473
PCA11,dinov2_b,green_channel_shift_-45,13,1,0.3147544860839844,0.391772985458374,0.293472558259964,1.5736239447584053
PCA11,dinov2_b,green_channel_shift_-45,14,1,0.1191447377204895,0.6793641448020935,0.201491117477417,1.2102798281855245
PCA11,dinov2_b,green_channel_shift_-45,15,1,0.4349316358566284,0.4953089654445648,0.069759301841259,1.2924366853894362
PCA11,dinov2_b,green_channel_shift_-45,16,1,0.49958357214927673,0.1252920925617218,0.3751242458820343,1.4062740784665344
PCA11,dinov2_b,green_channel_shift_-45,17,1,0.4636787474155426,0.42997053265571594,0.10635076463222504,1.3815415136222202
PCA11,dinov2_b,green_channel_shift_-45,18,1,0.35573989152908325,0.41625887155532837,0.22800131142139435,1.5430837529753794
PCA11,dinov2_b,green_channel_shift_-45,19,1,0.08891413360834122,0.4264565706253052,0.4846293032169342,1.3412396375653493
PCA11,dinov2_b,green_channel_shift_-45,20,1,0.5268791913986206,0.31312161684036255,0.1599993258714676,1.434635647748736
PCA11,dinov2_b,green_channel_shift_-45,21,1,0.0591357983648777,0.4763098657131195,0.4645543396472931,1.2647630143271966
PCA11,dinov2_b,green_channel_shift_-45,22,1,0.1491924375295639,0.42586269974708557,0.42494481801986694,1.4586225424709145
PCA11,dinov2_b,green_channel_shift_-45,23,1,0.49579355120658875,0.3283390700817108,0.1758674681186676,1.4703696647967368
PCA11,dinov2_b,green_channel_shift_-45,24,1,0.3668631315231323,0.35816147923469543,0.274975448846817,1.5734630481961718
PCA11,dinov2_b,green_channel_shift_-45,25,1,0.04682132601737976,0.6738439202308655,0.27933475375175476,1.1045158341655035
PCA11,dinov2_b,green_channel_shift_-45,26,1,0.4907938241958618,0.42793554067611694,0.08127059042453766,1.3222651541127837
PCA11,dinov2_b,green_channel_shift_-45,27,1,0.3939428925514221,0.5058608651161194,0.1001962274312973,1.3593535849467289
PCA11,dinov2_b,green_channel_shift_-45,28,1,0.0723237469792366,0.5534679889678955,0.3742083013057709,1.2770676069330889
PCA11,dinov2_b,green_channel_shift_-45,29,1,0.131547749042511,0.4466276466846466,0.42182445526123047,1.429608888817174
PCA11,dinov2_b,green_channel_shift_-45,30,1,0.1187857910990715,0.40953269600868225,0.4716814458370209,1.403910403824145
PCA11,dinov2_b,green_channel_shift_-45,31,1,0.6940721273422241,0.07215235382318497,0.23377548158168793,1.1295083072772392
PCA11,dinov2_b,green_channel_shift_-45,32,1,0.050874561071395874,0.5333062410354614,0.4158191978931427,1.2287083469386682
PCA11,dinov2_b,green_channel_shift_-45,33,1,0.4645636975765228,0.37620723247528076,0.15922899544239044,1.4665225346516908
PCA11,dinov2_b,green_channel_shift_-45,34,2,0.33844950795173645,0.3237200677394867,0.33783042430877686,1.5846606337665974
PCA11,dinov2_b,green_channel_shift_-45,35,2,0.10438135266304016,0.5404256582260132,0.3551931083202362,1.3505156345086997
PCA11,dinov2_b,green_channel_shift_-45,36,2,0.15939004719257355,0.4592573046684265,0.38135260343551636,1.4682427598626235
PCA11,dinov2_b,green_channel_shift_-45,37,2,0.19682428240776062,0.5907474160194397,0.21242819726467133,1.3849295656752492
PCA11,dinov2_b,green_channel_shift_-45,38,2,0.4641028046607971,0.295506089925766,0.2403910607099533,1.5280797316452908
PCA11,dinov2_b,green_channel_shift_-45,39,2,0.20021703839302063,0.5923420786857605,0.2074408233165741,1.3828198219298151
PCA11,dinov2_b,green_channel_shift_-45,40,2,0.11458602547645569,0.5154885649681091,0.36992546916007996,1.381668645248968
PCA11,dinov2_b,green_channel_shift_-45,41,2,0.1154429093003273,0.5011944770812988,0.3833625912666321,1.3893190251615612
PCA11,dinov2_b,green_channel_shift_-45,42,2,0.3816213011741638,0.3171243965625763,0.3012543320655823,1.5772639259168577
PCA11,dinov2_b,green_channel_shift_-45,43,2,0.1770659238100052,0.38440316915512085,0.43853092193603516,1.493980202105878
PCA11,dinov2_b,green_channel_shift_-45,44,2,0.23577390611171722,0.45494544506073,0.3092806041240692,1.53201679890259
PCA11,dinov2_b,green_channel_shift_-45,45,2,0.12031210213899612,0.45381516218185425,0.42587265372276306,1.4093048910853054
PCA11,dinov2_b,green_channel_shift_-45,46,2,0.2906470000743866,0.353776752948761,0.35557618737220764,1.5789052653946185
PCA11,dinov2_b,green_channel_shift_-45,47,2,0.3977520763874054,0.48597651720046997,0.11627137660980225,1.3959118953712188
PCA11,dinov2_b,green_channel_shift_-45,48,2,0.13524004817008972,0.5375159978866577,0.3272438645362854,1.3991416911349588
PCA11,dinov2_b,green_channel_shift_-45,49,2,0.19336821138858795,0.15165975689888,0.6549718976020813,1.2709312390989405
PCA11,dinov2_b,green_channel_shift_-45,50,3,0.4013548791408539,0.32889875769615173,0.2697463929653168,1.5661596894648437
PCA11,dinov2_b,green_channel_shift_-45,51,3,0.31974706053733826,0.35080280900001526,0.3294501006603241,1.5838755624758551
PCA11,dinov2_b,green_channel_shift_-45,52,3,0.6996554732322693,0.13107450306415558,0.16926997900009155,1.1785427134015587
PCA11,dinov2_b,green_channel_shift_-45,53,3,0.343021422624588,0.43170657753944397,0.22527199983596802,1.5370666297481956
PCA11,dinov2_b,green_channel_shift_-45,54,3,0.46359869837760925,0.3648058772087097,0.1715954691171646,1.4812271098162269
PCA11,dinov2_b,green_channel_shift_-45,55,3,0.32262155413627625,0.36569494009017944,0.31168344616889954,1.5814780955384344
PCA11,dinov2_b,green_channel_shift_-45,56,3,0.20791159570217133,0.4274474084377289,0.3646410405635834,1.5259640969058212
PCA11,dinov2_b,green_channel_shift_-45,57,3,0.5077926516532898,0.3102145195007324,0.1819928139448166,1.46765732893901
PCA11,dinov2_b,green_channel_shift_-45,58,3,0.2592651844024658,0.3388713300228119,0.4018634855747223,1.562501488019856
PCA11,dinov2_b,green_channel_shift_-45,59,3,0.6677035093307495,0.2242380976676941,0.10805844515562057,1.2196230977316496
PCA11,dinov2_b,green_channel_shift_-45,60,3,0.46883001923561096,0.1670975536108017,0.36407241225242615,1.474394846775896
PCA11,dinov2_b,green_channel_shift_-45,61,3,0.24656113982200623,0.6009327173233032,0.15250611305236816,1.3533276800438645
PCA11,dinov2_b,green_channel_shift_-45,62,3,0.058089327067136765,0.7054926753044128,0.2364179790019989,1.0854513825321983
PCA11,dinov2_b,green_channel_shift_-45,63,3,0.5562089681625366,0.30309104919433594,0.14069993793964386,1.390779875660492
PCA11,dinov2_b,green_channel_shift_-45,64,3,0.5692766904830933,0.2802639603614807,0.15045931935310364,1.388169425453083
PCA11,dinov2_b,green_channel_shift_-45,65,3,0.38778984546661377,0.38057741522789,0.23163273930549622,1.5491651186511424
PCA11,dinov2_b,green_channel_shift_-45,66,3,0.3624209761619568,0.38840189576148987,0.24917717278003693,1.5601455496070462
PCA11,dinov2_b,green_channel_shift_-45,67,4,0.3494167625904083,0.17267848551273346,0.47790467739105225,1.4766641510106924
PCA11,dinov2_b,green_channel_shift_-45,68,4,0.3240506052970886,0.16411344707012177,0.5118359327316284,1.4492539999481457
PCA11,dinov2_b,green_channel_shift_-45,69,4,0.3740927577018738,0.4749123752117157,0.15099495649337769,1.4526729720713745
PCA11,dinov2_b,green_channel_shift_-45,70,4,0.0718287006020546,0.6955199241638184,0.232651486992836,1.1266794178660688
PCA11,dinov2_b,green_channel_shift_-45,71,4,0.5862060785293579,0.26035383343696594,0.15344010293483734,1.3720894962497128
PCA11,dinov2_b,green_channel_shift_-45,72,4,0.4397898316383362,0.28918296098709106,0.2710272967815399,1.549299947663969
PCA11,dinov2_b,green_channel_shift_-45,73,4,0.5086867213249207,0.4089547097682953,0.08235861361026764,1.3202429717167166
PCA11,dinov2_b,green_channel_shift_-45,74,4,0.32476115226745605,0.327060341835022,0.3481784760951996,1.5842464239700675
PCA11,dinov2_b,green_channel_shift_-45,75,4,0.4234775900840759,0.2500079274177551,0.32651451230049133,1.5522146438630704
PCA11,dinov2_b,green_channel_shift_-45,76,4,0.38224682211875916,0.305291086435318,0.3124621510505676,1.57730657375068
PCA11,dinov2_b,green_channel_shift_-45,77,4,0.4152350127696991,0.2571546733379364,0.3276102840900421,1.5577943626587796
PCA11,dinov2_b,green_channel_shift_-45,78,4,0.29616349935531616,0.437662273645401,0.2661742568016052,1.5499416927037633
PCA11,dinov2_b,green_channel_shift_-45,79,4,0.27405837178230286,0.40239569544792175,0.32354599237442017,1.5669795419503
PCA11,dinov2_b,green_channel_shift_-45,80,4,0.5333438515663147,0.30389881134033203,0.16275739669799805,1.432164924778902
PCA11,dinov2_b,green_channel_shift_-45,81,4,0.35362115502357483,0.33427438139915466,0.3121044337749481,1.5830907652916024
PCA11,dinov2_b,green_channel_shift_-45,82,4,0.1917213350534439,0.3783002197742462,0.42997848987579346,1.5109521195809348
PCA11,dinov2_b,green_channel_shift_-45,83,4,0.40203195810317993,0.3039977550506592,0.2939702570438385,1.569973544581557
PCA11,dinov2_b,green_channel_shift_-45,84,4,0.34861165285110474,0.171570286154747,0.47981807589530945,1.4746608475125205
PCA11,dinov2_b,green_channel_shift_-45,85,4,0.38224655389785767,0.28687310218811035,0.33088040351867676,1.5751033815191515
PCA11,dinov2_b,green_channel_shift_-45,86,4,0.37832382321357727,0.2556682229042053,0.36600786447525024,1.5643238382668743
PCA11,dinov2_b,green_channel_shift_-45,87,5,0.04188887029886246,0.49771714210510254,0.4603939652442932,1.2079486382792508
PCA11,dinov2_b,green_channel_shift_-45,88,5,0.10178951174020767,0.3336970806121826,0.5645133852958679,1.3295836040295734
PCA11,dinov2_b,green_channel_shift_-45,89,5,0.18040619790554047,0.597417950630188,0.22217589616775513,1.3718912594197294
PCA11,dinov2_b,green_channel_shift_-45,90,5,0.2210688441991806,0.5012230277061462,0.2777082324028015,1.494123143881056
PCA11,dinov2_b,green_channel_shift_-45,91,5,0.12612420320510864,0.3223312199115753,0.5515446662902832,1.3767078945015472
PCA11,dinov2_b,green_channel_shift_-45,92,5,0.09523412585258484,0.7721650004386902,0.13260090351104736,0.9976123721856012
PCA11,dinov2_b,green_channel_shift_-45,93,5,0.07115978747606277,0.6265010237693787,0.3023392856121063,1.215727193918827
PCA11,dinov2_b,green_channel_shift_-45,94,5,0.09980729222297668,0.31276366114616394,0.5874290466308594,1.3071494862430186
PCA11,dinov2_b,green_channel_shift_-45,95,5,0.13422337174415588,0.2932880222797394,0.57248854637146,1.3685605300375203
PCA11,dinov2_b,green_channel_shift_-45,96,5,0.14920789003372192,0.5480965971946716,0.30269551277160645,1.40685473808587
PCA11,dinov2_b,green_channel_shift_-45,97,5,0.1322755068540573,0.36321544647216797,0.5045090317726135,1.4147001178182685
PCA11,dinov2_b,green_channel_shift_-45,98,5,0.08020678162574768,0.47137004137039185,0.4484230875968933,1.3222876162344033
PCA11,dinov2_b,green_channel_shift_-45,99,5,0.06939462572336197,0.5414983034133911,0.3891071081161499,1.2761833950134718
PCA11,dinov2_b,green_channel_shift_-45,100,5,0.08257188647985458,0.5736832022666931,0.34374499320983887,1.2865873255560187
PCA11,dinov2_b,green_channel_shift_-45,101,5,0.17328807711601257,0.36112597584724426,0.465585857629776,1.482336807831024
PCA11,dinov2_b,green_channel_shift_-45,102,5,0.05370693653821945,0.38594722747802734,0.5603458881378174,1.2249148830659866
PCA11,dinov2_b,green_channel_shift_-45,103,5,0.07077719271183014,0.6180628538131714,0.31116002798080444,1.2235307675252298
PCA11,dinov2_b,green_channel_shift_-45,104,5,0.11418510228395462,0.24315102398395538,0.6426640152931213,1.2634408990792183
PCA11,dinov2_b,green_channel_shift_-45,105,5,0.06160884350538254,0.42551618814468384,0.5128750205039978,1.2663148044878794
PCA11,dinov2_b,green_channel_shift_-45,106,5,0.29751938581466675,0.28490349650382996,0.4175771474838257,1.5625339872261728
PCA11,dinov2_b,green_channel_shift_-45,107,5,0.0754743218421936,0.32667046785354614,0.5978551506996155,1.2523221819859853
PCA11,dinov2_b,green_channel_shift_-45,108,5,0.0942232608795166,0.3683299124240875,0.5374467968940735,1.3332770673839838
PCA11,dinov2_b,green_channel_shift_-45,109,6,0.1878177672624588,0.2524650990962982,0.5597171783447266,1.4230965095432728
PCA11,dinov2_b,green_channel_shift_-45,110,6,0.4056846797466278,0.45345717668533325,0.14085806906223297,1.4437063957554948
PCA11,dinov2_b,green_channel_shift_-45,111,6,0.4740304946899414,0.39950400590896606,0.12646552920341492,1.4166069233349692
PCA11,dinov2_b,green_channel_shift_-45,112,6,0.6118769645690918,0.3379215896129608,0.05020149424672127,1.1792331739489528
PCA11,dinov2_b,green_channel_shift_-45,113,6,0.3873896300792694,0.07373011112213135,0.5388802289962769,1.2880091272938614
PCA11,dinov2_b,green_channel_shift_-45,114,6,0.5340623259544373,0.4030875563621521,0.06285005807876587,1.2625586669810565
PCA11,dinov2_b,green_channel_shift_-45,115,6,0.41483545303344727,0.46920958161354065,0.11595495045185089,1.3992517200151378
PCA11,dinov2_b,green_channel_shift_-45,116,6,0.19157744944095612,0.429974228143692,0.3784482479095459,1.510811717246445
PCA11,dinov2_b,green_channel_shift_-45,117,6,0.4150646924972534,0.45266154408454895,0.13227373361587524,1.4301919292908123
PCA11,dinov2_b,green_channel_shift_-45,118,6,0.5084456205368042,0.37447962164878845,0.11707475036382675,1.3890993644533915
PCA11,dinov2_b,green_channel_shift_-45,119,6,0.5882545709609985,0.34879687428474426,0.06294853240251541,1.2314573610459287
PCA11,dinov2_b,green_channel_shift_-45,120,6,0.018079709261655807,0.5702070593833923,0.4117133617401123,1.093903710418924
PCA11,dinov2_b,green_channel_shift_-45,121,6,0.31072402000427246,0.6030128598213196,0.08626323938369751,1.26896443534093
PCA11,dinov2_b,green_channel_shift_-45,122,6,0.08031126856803894,0.44645577669143677,0.4732329547405243,1.3224012833320242
PCA11,dinov2_b,green_channel_shift_-45,123,6,0.36607596278190613,0.24254195392131805,0.3913820683956146,1.5560900332296814
PCA11,dinov2_b,green_channel_shift_-45,124,6,0.42471349239349365,0.4465984106063843,0.12868806719779968,1.4247445770487348
PCA11,dinov2_b,green_channel_shift_-45,125,6,0.09202267974615097,0.4962175190448761,0.4117598235607147,1.3454876481902063
PCA11,dinov2_b,green_channel_shift_-45,126,7,0.5207455158233643,0.05123170092701912,0.4280227720737457,1.2338274514407594
PCA11,dinov2_b,green_channel_shift_-45,127,7,0.10470863431692123,0.4467129707336426,0.4485783576965332,1.379034901270846
PCA11,dinov2_b,green_channel_shift_-45,128,7,0.5075093507766724,0.35854989290237427,0.13394083082675934,1.4156333270015848
PCA11,dinov2_b,green_channel_shift_-45,129,7,0.24233253300189972,0.4034149944782257,0.3542524576187134,1.5542624881139824
PCA11,dinov2_b,green_channel_shift_-45,130,7,0.5709714889526367,0.1606149524450302,0.2684134244918823,1.3946965073831659
PCA11,dinov2_b,green_channel_shift_-45,131,7,0.5945863723754883,0.032403215765953064,0.3730103671550751,1.1369730329919825
PCA11,dinov2_b,green_channel_shift_-45,132,7,0.5604485869407654,0.02818038873374462,0.41137102246284485,1.1404409789531895
PCA11,dinov2_b,green_channel_shift_-45,133,7,0.43742191791534424,0.32726311683654785,0.2353149950504303,1.5403599313325254
PCA11,dinov2_b,green_channel_shift_-45,134,7,0.3803008198738098,0.452070415019989,0.16762876510620117,1.4801533938438853
PCA11,dinov2_b,green_channel_shift_-45,135,7,0.4706619679927826,0.11671736091375351,0.4126207232475281,1.4003802933476743
PCA11,dinov2_b,green_channel_shift_-45,136,7,0.05832235887646675,0.5048123598098755,0.4368652105331421,1.2588869828005325
PCA11,dinov2_b,green_channel_shift_-45,137,7,0.5005094408988953,0.4326728582382202,0.06681760400533676,1.2835558362573822
PCA11,dinov2_b,green_channel_shift_-45,138,7,0.4415443539619446,0.36653926968574524,0.19191637635231018,1.5085176708032961
PCA11,dinov2_b,green_channel_shift_-45,139,7,0.3254584074020386,0.3347812592983246,0.33976033329963684,1.584733879334706
PCA11,dinov2_b,green_channel_shift_-45,140,7,0.23263171315193176,0.30965447425842285,0.4577138125896454,1.529202439536491
PCA11,dinov2_b,green_channel_shift_-45,141,7,0.21941517293453217,0.4208126664161682,0.35977205634117126,1.5362363153568719
PCA11,dinov2_b,green_channel_shift_-45,142,7,0.0161216352134943,0.46745797991752625,0.5164203643798828,1.1011921611739386
PCA11,dinov2_b,green_channel_shift_-45,143,7,0.6119036674499512,0.03806431591510773,0.3500320613384247,1.1432013985238703
PCA11,dinov2_b,green_channel_shift_-45,144,7,0.2788075804710388,0.39757654070854187,0.3236159384250641,1.5695323993178016
PCA11,dinov2_b,green_channel_shift_-45,145,7,0.4236290454864502,0.43408581614494324,0.14228513836860657,1.4478151386248679
PCA11,dinov2_b,green_channel_shift_-45,146,7,0.1468723863363266,0.46855026483535767,0.3845774531364441,1.449113494969236
PCA11,dinov2_b,green_channel_shift_-45,147,7,0.4879726767539978,0.4040120840072632,0.10801522433757782,1.3801755959733484
PCA11,dinov2_b,green_channel_shift_-45,148,7,0.12113901227712631,0.4855588376522064,0.39330223202705383,1.4044883159113999
PCA11,dinov2_b,green_channel_shift_-45,149,7,0.5735057592391968,0.39446383714675903,0.032030388712882996,1.148416937970072
PCA11,dinov2_b,green_channel_shift_-45,150,7,0.4483722448348999,0.5111806392669678,0.040447235107421875,1.2009240386456193
PCA11,dinov2_b,green_channel_shift_-45,151,8,0.2758554518222809,0.43435949087142944,0.2897850573062897,1.5529248657423937
PCA11,dinov2_b,green_channel_shift_-45,152,8,0.48659399151802063,0.13781757652759552,0.37558841705322266,1.4303388965239663
PCA11,dinov2_b,green_channel_shift_-45,153,8,0.46956440806388855,0.11373523622751236,0.41670042276382446,1.3950695796101293
PCA11,dinov2_b,green_channel_shift_-45,154,8,0.4075718820095062,0.41779273748397827,0.17463535070419312,1.49347278847444
PCA11,dinov2_b,green_channel_shift_-45,155,8,0.20590658485889435,0.3331628441810608,0.4609304964542389,1.5127847921293691
PCA11,dinov2_b,green_channel_shift_-45,156,8,0.2897232174873352,0.4074324071407318,0.302844375371933,1.5674905723213632
PCA11,dinov2_b,green_channel_shift_-45,157,8,0.37391477823257446,0.26927512884140015,0.35681015253067017,1.5708585916778963
PCA11,dinov2_b,green_channel_shift_-45,158,8,0.17114607989788055,0.42438676953315735,0.4044671058654785,1.4888283907943305
PCA11,dinov2_b,green_channel_shift_-45,159,8,0.5314951539039612,0.3280453085899353,0.1404595822095871,1.4099126577109091
PCA11,dinov2_b,green_channel_shift_-45,160,8,0.3513021469116211,0.20994149148464203,0.4387563467025757,1.5244319945657496
PCA11,dinov2_b,green_channel_shift_-45,161,8,0.5485524535179138,0.2970738112926483,0.15437385439872742,1.4115327833082227
PCA11,dinov2_b,green_channel_shift_-45,162,8,0.48368608951568604,0.39914971590042114,0.11716427654027939,1.3981419274132763
PCA11,dinov2_b,green_channel_shift_-45,163,8,0.3820851147174835,0.2581363022327423,0.35977861285209656,1.5653007858309638
PCA11,dinov2_b,green_channel_shift_-45,164,8,0.09439930319786072,0.5653069019317627,0.3402937948703766,1.315831672246564
PCA11,dinov2_b,green_channel_shift_-45,165,8,0.047601696103811264,0.37645238637924194,0.575946033000946,1.1981515073899094
PCA11,dinov2_b,green_channel_shift_-45,166,8,0.4848201870918274,0.15526439249515533,0.3599153161048889,1.454223389934342
PCA11,dinov2_b,green_channel_shift_-45,167,8,0.35452619194984436,0.2519882619380951,0.3934853971004486,1.5609616453702524
PCA11,dinov2_b,green_channel_shift_-45,168,8,0.1872023195028305,0.5218011736869812,0.29099661111831665,1.4604458792399555
PCA11,dinov2_b,green_channel_shift_-45,169,8,0.2767915427684784,0.45569008588790894,0.26751837134361267,1.5385234255054971
PCA11,dinov2_b,green_channel_shift_-45,170,8,0.44510090351104736,0.38861390948295593,0.16628512740135193,1.4800877977550886
PCA11,dinov2_b,green_channel_shift_-45,171,8,0.26489001512527466,0.27757588028907776,0.4575341045856476,1.5370422280756735
PCA11,dinov2_b,green_channel_shift_-45,172,8,0.2905966341495514,0.27072250843048096,0.43868088722229004,1.5499349037497363
PCA11,dinov2_b,green_channel_shift_-45,173,8,0.21405453979969025,0.6308196187019348,0.15512582659721375,1.3124067858123993
PCA11,dinov2_b,green_channel_shift_-45,174,8,0.07010040432214737,0.45469099283218384,0.4752085208892822,1.2958712566200838
PCA11,dinov2_b,green_channel_shift_-45,175,8,0.5117467045783997,0.3954784870147705,0.09277480840682983,1.342111552927809
PCA11,dinov2_b,green_channel_shift_-45,176,8,0.2658645510673523,0.2774728238582611,0.456662654876709,1.5377325114739344
PCA11,dinov2_b,green_channel_shift_-45,177,8,0.24120505154132843,0.3577313721179962,0.4010635018348694,1.554047481966074
PCA11,dinov2_b,green_channel_shift_-45,178,9,0.17466220259666443,0.6389477849006653,0.18639004230499268,1.3043305472414137
PCA11,dinov2_b,green_channel_shift_-45,179,9,0.11692698299884796,0.46790969371795654,0.4151633381843567,1.401261592325806
PCA11,dinov2_b,green_channel_shift_-45,180,9,0.07830527424812317,0.3911900818347931,0.5305047631263733,1.3026259476128397
PCA11,dinov2_b,green_channel_shift_-45,181,9,0.11912716925144196,0.3968447744846344,0.48402804136276245,1.4014849553853614
PCA11,dinov2_b,green_channel_shift_-45,182,9,0.040563568472862244,0.375692754983902,0.5837436318397522,1.171502916126066
PCA11,dinov2_b,green_channel_shift_-45,183,9,0.13454291224479675,0.4143243134021759,0.4511326849460602,1.4340943031942461
PCA11,dinov2_b,green_channel_shift_-45,184,9,0.10020656138658524,0.4955446422100067,0.40424883365631104,1.3627500019131387
PCA11,dinov2_b,green_channel_shift_-45,185,9,0.13172748684883118,0.3992897570133209,0.4689828157424927,1.4263897952759141
PCA11,dinov2_b,green_channel_shift_-45,186,9,0.3862398862838745,0.43326905369758606,0.18049101531505585,1.4987111324749187
PCA11,dinov2_b,green_channel_shift_-45,187,9,0.15735852718353271,0.3233020305633545,0.5193394422531128,1.4373920128709314
PCA11,dinov2_b,green_channel_shift_-45,188,10,0.4859154522418976,0.2810828983783722,0.23300166428089142,1.5102634918845586
PCA11,dinov2_b,green_channel_shift_-45,189,10,0.1355096697807312,0.5342764258384705,0.33021408319473267,1.4017709290337774
PCA11,dinov2_b,green_channel_shift_-45,190,10,0.3260706663131714,0.33567845821380615,0.3382507860660553,1.5847835696620052
PCA11,dinov2_b,green_channel_shift_-45,191,10,0.3282524049282074,0.337130606174469,0.334617018699646,1.5848717005612118
PCA11,dinov2_b,green_channel_shift_-45,192,10,0.3718707263469696,0.5363759994506836,0.09175329655408859,1.3289296225856402
PCA11,dinov2_b,green_channel_shift_-45,193,10,0.5276428461074829,0.1726074367761612,0.2997497320175171,1.4451579651549245
PCA11,dinov2_b,green_channel_shift_-45,194,10,0.40573346614837646,0.44055095314979553,0.15371553599834442,1.4643117448108594
PCA11,dinov2_b,green_channel_shift_-45,195,10,0.33006614446640015,0.43622636795043945,0.23370753228664398,1.5400678682526039
PCA11,dinov2_b,green_channel_shift_-45,196,10,0.33036020398139954,0.40866348147392273,0.26097631454467773,1.56124375984938
PCA11,dinov2_b,green_channel_shift_-45,197,10,0.049972377717494965,0.5234765410423279,0.42655107378959656,1.2291616095596762
PCA11,dinov2_b,green_channel_shift_-45,198,10,0.36278611421585083,0.28523674607276917,0.3519771099090576,1.577133830540022
PCA11,dinov2_b,green_channel_shift_-45,199,10,0.4416332542896271,0.1692102700471878,0.38915637135505676,1.4842921238336824
PCA11,dinov2_b,green_channel_shift_45,0,0,0.18648512661457062,0.4758678674697876,0.337647020816803,1.4905523466423094
PCA11,dinov2_b,green_channel_shift_45,1,0,0.235551655292511,0.3021043837070465,0.4623439311981201,1.5276029530719502
PCA11,dinov2_b,green_channel_shift_45,2,0,0.4415667951107025,0.42076146602630615,0.13767172396183014,1.4400747872276933
PCA11,dinov2_b,green_channel_shift_45,3,0,0.33609089255332947,0.1387205719947815,0.5251885056495667,1.4119640105286158
PCA11,dinov2_b,green_channel_shift_45,4,0,0.10606338083744049,0.2865279018878937,0.6074086427688599,1.2968945913774452
PCA11,dinov2_b,green_channel_shift_45,5,0,0.05071701481938362,0.6189262866973877,0.330356627702713,1.174427896480997
PCA11,dinov2_b,green_channel_shift_45,6,0,0.24730846285820007,0.3520510196685791,0.40064048767089844,1.5574115478827686
PCA11,dinov2_b,green_channel_shift_45,7,0,0.22228655219078064,0.26692846417427063,0.5107849836349487,1.4859367504452183
PCA11,dinov2_b,green_channel_shift_45,8,0,0.14105838537216187,0.21359707415103912,0.6453445553779602,1.2820344424851102
PCA11,dinov2_b,green_channel_shift_45,9,0,0.2549131214618683,0.12956194579601288,0.6155248880386353,1.315590266731363
PCA11,dinov2_b,green_channel_shift_45,10,1,0.4760502874851227,0.2827865779399872,0.24116329848766327,1.5199063900637715
PCA11,dinov2_b,green_channel_shift_45,11,1,0.45813146233558655,0.4474981725215912,0.09437035024166107,1.3564312370343272
PCA11,dinov2_b,green_channel_shift_45,12,1,0.1154475212097168,0.5744421482086182,0.31011033058166504,1.3428247048721313
PCA11,dinov2_b,green_channel_shift_45,13,1,0.24220940470695496,0.44796276092529297,0.3098279535770416,1.538220221487981
PCA11,dinov2_b,green_channel_shift_45,14,1,0.4416651725769043,0.3971846103668213,0.16115021705627441,1.4742017583788534
PCA11,dinov2_b,green_channel_shift_45,15,1,0.3999371826648712,0.5175599455833435,0.08250294625759125,1.3175273614825165
PCA11,dinov2_b,green_channel_shift_45,16,1,0.5555544495582581,0.04396931454539299,0.4004763066768646,1.1980088666079602
PCA11,dinov2_b,green_channel_shift_45,17,1,0.4499285817146301,0.16800977289676666,0.38206177949905396,1.481124042895078
PCA11,dinov2_b,green_channel_shift_45,18,1,0.3506155014038086,0.4043218493461609,0.2450627088546753,1.5555374213819824
PCA11,dinov2_b,green_channel_shift_45,19,1,0.09460289776325226,0.3548508882522583,0.5505461692810059,1.3262931790928456
PCA11,dinov2_b,green_channel_shift_45,20,1,0.35407471656799316,0.2509479522705078,0.394977331161499,1.560217239898929
PCA11,dinov2_b,green_channel_shift_45,21,1,0.10927538573741913,0.5167462825775146,0.3739784061908722,1.3718728428338756
PCA11,dinov2_b,green_channel_shift_45,22,1,0.13477958738803864,0.4305054545402527,0.4347149729728699,1.435607646886821
PCA11,dinov2_b,green_channel_shift_45,23,1,0.4539681375026703,0.3402232527732849,0.20580868422985077,1.515794003374069
PCA11,dinov2_b,green_channel_shift_45,24,1,0.3906744718551636,0.338888943195343,0.27043649554252625,1.5690000254989975
PCA11,dinov2_b,green_channel_shift_45,25,1,0.6837473511695862,0.05070731043815613,0.26554539799690247,1.1011173421668716
PCA11,dinov2_b,green_channel_shift_45,26,1,0.47979113459587097,0.42630910873413086,0.09389983862638474,1.353176432910763
PCA11,dinov2_b,green_channel_shift_45,27,1,0.3851476311683655,0.4539337456226349,0.16091863811016083,1.471511861210591
PCA11,dinov2_b,green_channel_shift_45,28,1,0.036137450486421585,0.6012580394744873,0.3626044690608978,1.1450840796829898
PCA11,dinov2_b,green_channel_shift_45,29,1,0.14474555850028992,0.4414727985858917,0.41378170251846313,1.4511409062200338
PCA11,dinov2_b,green_channel_shift_45,30,1,0.12125331163406372,0.4486353099346161,0.43011143803596497,1.4114177546465432
PCA11,dinov2_b,green_channel_shift_45,31,1,0.07595036178827286,0.6229797601699829,0.30106988549232483,1.2291808700394786
PCA11,dinov2_b,green_channel_shift_45,32,1,0.051376212388277054,0.480313777923584,0.46830999851226807,1.2407287098202038
PCA11,dinov2_b,green_channel_shift_45,33,1,0.6139319539070129,0.13580046594142914,0.25026756525039673,1.3234295525623982
PCA11,dinov2_b,green_channel_shift_45,34,2,0.39809805154800415,0.30247238278388977,0.2994295358657837,1.5717179949163076
PCA11,dinov2_b,green_channel_shift_45,35,2,0.11247462779283524,0.5779451727867126,0.30958011746406555,1.335399428807846
PCA11,dinov2_b,green_channel_shift_45,36,2,0.1487579494714737,0.4501459002494812,0.4010961055755615,1.4559254968205955
PCA11,dinov2_b,green_channel_shift_45,37,2,0.18997347354888916,0.6363915205001831,0.17363499104976654,1.308716490828346
PCA11,dinov2_b,green_channel_shift_45,38,2,0.3386476933956146,0.39663055539131165,0.26472169160842896,1.5657647817392393
PCA11,dinov2_b,green_channel_shift_45,39,2,0.1631324589252472,0.5827757120132446,0.25409170985221863,1.3829428064680527
PCA11,dinov2_b,green_channel_shift_45,40,2,0.10173691064119339,0.5249800086021423,0.3732830882072449,1.3541719612703509
PCA11,dinov2_b,green_channel_shift_45,41,2,0.31601157784461975,0.28869372606277466,0.3952946960926056,1.5719463240029956
PCA11,dinov2_b,green_channel_shift_45,42,2,0.3980950117111206,0.22051416337490082,0.3813909590244293,1.5403328179942317
PCA11,dinov2_b,green_channel_shift_45,43,2,0.19839023053646088,0.37436535954475403,0.4272444248199463,1.517788565147993
PCA11,dinov2_b,green_channel_shift_45,44,2,0.22161196172237396,0.3022788166999817,0.47610923647880554,1.5132477967321558
PCA11,dinov2_b,green_channel_shift_45,45,2,0.10527496784925461,0.4522787630558014,0.442446231842041,1.3801443167085403
PCA11,dinov2_b,green_channel_shift_45,46,2,0.313540518283844,0.36765629053115845,0.31880319118499756,1.5811676320866155
PCA11,dinov2_b,green_channel_shift_45,47,2,0.38811466097831726,0.4598715901374817,0.15201380848884583,1.4584578431024242
PCA11,dinov2_b,green_channel_shift_45,48,2,0.13858820497989655,0.5441737771034241,0.31723806262016296,1.3983019970491801
PCA11,dinov2_b,green_channel_shift_45,49,2,0.19331975281238556,0.14287084341049194,0.6638093590736389,1.2518356990432948
PCA11,dinov2_b,green_channel_shift_45,50,3,0.5093868970870972,0.21789398789405823,0.2727191746234894,1.485930209987282
PCA11,dinov2_b,green_channel_shift_45,51,3,0.3806300759315491,0.32743439078330994,0.291935533285141,1.5763872771300398
PCA11,dinov2_b,green_channel_shift_45,52,3,0.5114802122116089,0.45528316497802734,0.03323671221733093,1.1747782425966729
PCA11,dinov2_b,green_channel_shift_45,53,3,0.4384724199771881,0.2695002853870392,0.2920272946357727,1.5499247131279335
PCA11,dinov2_b,green_channel_shift_45,54,3,0.4492858350276947,0.37404102087020874,0.17667318880558014,1.4911042451810008
PCA11,dinov2_b,green_channel_shift_45,55,3,0.3184719979763031,0.37675613164901733,0.30477187037467957,1.5787453385291066
PCA11,dinov2_b,green_channel_shift_45,56,3,0.28024646639823914,0.4243899881839752,0.29536354541778564,1.5587647312255246
PCA11,dinov2_b,green_channel_shift_45,57,3,0.31852465867996216,0.44596296548843384,0.23551243543624878,1.5365893471473069
PCA11,dinov2_b,green_channel_shift_45,58,3,0.2893102169036865,0.3231971561908722,0.38749271631240845,1.5743166613529382
PCA11,dinov2_b,green_channel_shift_45,59,3,0.5812020301818848,0.2499176412820816,0.16888031363487244,1.3883049255593658
PCA11,dinov2_b,green_channel_shift_45,60,3,0.46748337149620056,0.15734829008579254,0.3751683831214905,1.4632696886148802
PCA11,dinov2_b,green_channel_shift_45,61,3,0.22613142430782318,0.6151250004768372,0.15874363481998444,1.3377323398275545
PCA11,dinov2_b,green_channel_shift_45,62,3,0.08721132576465607,0.7533907890319824,0.15939781069755554,1.0370008767833232
PCA11,dinov2_b,green_channel_shift_45,63,3,0.4994308054447174,0.35626569390296936,0.14430354535579681,1.4337360777518668
PCA11,dinov2_b,green_channel_shift_45,64,3,0.46137043833732605,0.4009929299354553,0.1376367211341858,1.4373274080098306
PCA11,dinov2_b,green_channel_shift_45,65,3,0.3327904939651489,0.39141154289245605,0.2757980227470398,1.5704372906902297
PCA11,dinov2_b,green_channel_shift_45,66,3,0.3277955949306488,0.4866061508655548,0.185598224401474,1.4840908884626596
PCA11,dinov2_b,green_channel_shift_45,67,4,0.4202597737312317,0.19812680780887604,0.38161346316337585,1.518694963226368
PCA11,dinov2_b,green_channel_shift_45,68,4,0.2561815083026886,0.17304788529872894,0.5707706809043884,1.4030408490523387
PCA11,dinov2_b,green_channel_shift_45,69,4,0.3090004026889801,0.4578354060649872,0.23316429555416107,1.5293517538391366
PCA11,dinov2_b,green_channel_shift_45,70,4,0.5788522958755493,0.3410709798336029,0.08007673174142838,1.2775302268545452
PCA11,dinov2_b,green_channel_shift_45,71,4,0.5338349342346191,0.19063448905944824,0.27553045749664307,1.4516441034765215
PCA11,dinov2_b,green_channel_shift_45,72,4,0.26718053221702576,0.36257532238960266,0.37024423480033875,1.5701512842528893
PCA11,dinov2_b,green_channel_shift_45,73,4,0.5416423082351685,0.3979675769805908,0.06039014458656311,1.252691824942103
PCA11,dinov2_b,green_channel_shift_45,74,4,0.31987929344177246,0.30472075939178467,0.37539994716644287,1.5790629116410577
PCA11,dinov2_b,green_channel_shift_45,75,4,0.37776556611061096,0.31892168521881104,0.3033127784729004,1.5784005746635428
PCA11,dinov2_b,green_channel_shift_45,76,4,0.4351421296596527,0.21225599944591522,0.35260188579559326,1.527266805606875
PCA11,dinov2_b,green_channel_shift_45,77,4,0.418089896440506,0.2977198660373688,0.28419029712677,1.5622368055774136
PCA11,dinov2_b,green_channel_shift_45,78,4,0.25209885835647583,0.4988185167312622,0.24908261001110077,1.501164353736014
PCA11,dinov2_b,green_channel_shift_45,79,4,0.32231375575065613,0.5254635810852051,0.15222272276878357,1.4276928334587984
PCA11,dinov2_b,green_channel_shift_45,80,4,0.41852790117263794,0.24278588593006134,0.3386861979961395,1.5507725602267923
PCA11,dinov2_b,green_channel_shift_45,81,4,0.29679957032203674,0.37867727875709534,0.3245231807231903,1.5775325616121734
PCA11,dinov2_b,green_channel_shift_45,82,4,0.27252402901649475,0.3335837423801422,0.39389222860336304,1.568928544021421
PCA11,dinov2_b,green_channel_shift_45,83,4,0.3819800913333893,0.43061354756355286,0.18740637600421906,1.5065069014748322
PCA11,dinov2_b,green_channel_shift_45,84,4,0.3146045207977295,0.23059380054473877,0.4548017680644989,1.5299202723168608
PCA11,dinov2_b,green_channel_shift_45,85,4,0.22547458112239838,0.3951202630996704,0.3794052004814148,1.5443340674737565
PCA11,dinov2_b,green_channel_shift_45,86,4,0.3898366093635559,0.23726306855678558,0.37290021777153015,1.5529248062551853
PCA11,dinov2_b,green_channel_shift_45,87,5,0.04274187982082367,0.5744454264640808,0.3828126788139343,1.1841227122801605
PCA11,dinov2_b,green_channel_shift_45,88,5,0.10778027772903442,0.38022229075431824,0.5119974613189697,1.3713131906168994
PCA11,dinov2_b,green_channel_shift_45,89,5,0.1608732044696808,0.5887950658798218,0.25033172965049744,1.3741820928170894
PCA11,dinov2_b,green_channel_shift_45,90,5,0.16875171661376953,0.5298067927360535,0.3014415204524994,1.4402465794896364
PCA11,dinov2_b,green_channel_shift_45,91,5,0.09688414633274078,0.270511269569397,0.6326045393943787,1.2544294877667086
PCA11,dinov2_b,green_channel_shift_45,92,5,0.06263892352581024,0.6648289561271667,0.272532194852829,1.1530371959786625
PCA11,dinov2_b,green_channel_shift_45,93,5,0.04481189697980881,0.49238523840904236,0.46280279755592346,1.218462500372074
PCA11,dinov2_b,green_channel_shift_45,94,5,0.10449174791574478,0.310321569442749,0.5851867198944092,1.316731700984005
PCA11,dinov2_b,green_channel_shift_45,95,5,0.06155489757657051,0.44544902443885803,0.49299606680870056,1.2702932349281633
PCA11,dinov2_b,green_channel_shift_45,96,5,0.12211424857378006,0.4602351486682892,0.41765066981315613,1.4118028992565674
PCA11,dinov2_b,green_channel_shift_45,97,5,0.10756027698516846,0.3672954738140106,0.5251442193984985,1.3647067919287728
PCA11,dinov2_b,green_channel_shift_45,98,5,0.12751562893390656,0.45334234833717346,0.41914206743240356,1.4221022764101043
PCA11,dinov2_b,green_channel_shift_45,99,5,0.06668344140052795,0.5086743235588074,0.42464226484298706,1.281274706029555
PCA11,dinov2_b,green_channel_shift_45,100,5,0.09382378309965134,0.6078330874443054,0.2983431816101074,1.2774786390476072
PCA11,dinov2_b,green_channel_shift_45,101,5,0.17711709439754486,0.32233312726020813,0.5005496740341187,1.4685484746140816
PCA11,dinov2_b,green_channel_shift_45,102,5,0.04145641252398491,0.43073782324790955,0.527805745601654,1.2003711975028895
PCA11,dinov2_b,green_channel_shift_45,103,5,0.08678349107503891,0.5881535410881042,0.3250630497932434,1.2834012974691575
PCA11,dinov2_b,green_channel_shift_45,104,5,0.13372766971588135,0.24728882312774658,0.6189835667610168,1.3149830595980236
PCA11,dinov2_b,green_channel_shift_45,105,5,0.06126963719725609,0.34952104091644287,0.5892093181610107,1.2265555332824016
PCA11,dinov2_b,green_channel_shift_45,106,5,0.31828054785728455,0.3374481499195099,0.3442712426185608,1.5841719995813803
PCA11,dinov2_b,green_channel_shift_45,107,5,0.06909066438674927,0.48888924717903137,0.4420201778411865,1.2917273914011183
PCA11,dinov2_b,green_channel_shift_45,108,5,0.14376044273376465,0.4593771994113922,0.39686232805252075,1.4469471836121746
PCA11,dinov2_b,green_channel_shift_45,109,6,0.22103263437747955,0.20869287848472595,0.5702745914459229,1.4151730133000284
PCA11,dinov2_b,green_channel_shift_45,110,6,0.362692654132843,0.5121309161186218,0.12517641484737396,1.4003784899839373
PCA11,dinov2_b,green_channel_shift_45,111,6,0.4601549804210663,0.431149959564209,0.10869505256414413,1.3865912101056699
PCA11,dinov2_b,green_channel_shift_45,112,6,0.6073791980743408,0.33989056944847107,0.05273027718067169,1.189919593164329
PCA11,dinov2_b,green_channel_shift_45,113,6,0.40820905566215515,0.06902357935905457,0.5227673649787903,1.2830512823669613
PCA11,dinov2_b,green_channel_shift_45,114,6,0.5297784805297852,0.43238407373428345,0.037837348878383636,1.187326017410006
PCA11,dinov2_b,green_channel_shift_45,115,6,0.40787315368652344,0.4843294322490692,0.10779741406440735,1.380706972826335
PCA11,dinov2_b,green_channel_shift_45,116,6,0.19142547249794006,0.4170229136943817,0.39155158400535583,1.512439570843391
PCA11,dinov2_b,green_channel_shift_45,117,6,0.34763303399086,0.5935980677604675,0.058768823742866516,1.216861096518205
PCA11,dinov2_b,green_channel_shift_45,118,6,0.49679261445999146,0.3750047981739044,0.12820257246494293,1.4119726426328907
PCA11,dinov2_b,green_channel_shift_45,119,6,0.5028934478759766,0.4280484616756439,0.06905816495418549,1.2889955939175217
PCA11,dinov2_b,green_channel_shift_45,120,6,0.3638981878757477,0.296812504529953,0.3392893671989441,1.579925688545135
PCA11,dinov2_b,green_channel_shift_45,121,6,0.2993341088294983,0.625925600528717,0.07474032044410706,1.2236548775250369
PCA11,dinov2_b,green_channel_shift_45,122,6,0.08978129923343658,0.4386824667453766,0.4715363383293152,1.3451024887978993
PCA11,dinov2_b,green_channel_shift_45,123,6,0.4214743375778198,0.4080464839935303,0.1704791933298111,1.488163799344385
PCA11,dinov2_b,green_channel_shift_45,124,6,0.5451995730400085,0.3009433150291443,0.1538570374250412,1.4139590322743234
PCA11,dinov2_b,green_channel_shift_45,125,6,0.3755788505077362,0.39083823561668396,0.2335829734802246,1.5504029764983365
PCA11,dinov2_b,green_channel_shift_45,126,7,0.515380322933197,0.0957975760102272,0.38882210850715637,1.3469133452113788
PCA11,dinov2_b,green_channel_shift_45,127,7,0.1190803200006485,0.5378466248512268,0.3430730104446411,1.3763081855743535
PCA11,dinov2_b,green_channel_shift_45,128,7,0.4258592128753662,0.3980221152305603,0.1761186569929123,1.4947148241972363
PCA11,dinov2_b,green_channel_shift_45,129,7,0.14511361718177795,0.40201523900032043,0.4528711438179016,1.4501785869538133
PCA11,dinov2_b,green_channel_shift_45,130,7,0.6035609841346741,0.13541600108146667,0.26102304458618164,1.3360601966736465
PCA11,dinov2_b,green_channel_shift_45,131,7,0.02240544743835926,0.5665543079376221,0.41104018688201904,1.1144145278102529
PCA11,dinov2_b,green_channel_shift_45,132,7,0.537076473236084,0.02220725826919079,0.4407162368297577,1.1245920462043761
PCA11,dinov2_b,green_channel_shift_45,133,7,0.48444753885269165,0.2707000970840454,0.2448524683713913,1.5139192995106137
PCA11,dinov2_b,green_channel_shift_45,134,7,0.268443763256073,0.4812198579311371,0.25033631920814514,1.517306219171035
PCA11,dinov2_b,green_channel_shift_45,135,7,0.12007751315832138,0.4635500907897949,0.4163723886013031,1.407680621406952
PCA11,dinov2_b,green_channel_shift_45,136,7,0.12406209111213684,0.5137636065483093,0.36217424273490906,1.397844081221201
PCA11,dinov2_b,green_channel_shift_45,137,7,0.48504942655563354,0.4149438738822937,0.1000065952539444,1.3650667145055033
PCA11,dinov2_b,green_channel_shift_45,138,7,0.3396861255168915,0.2572791874408722,0.40303468704223633,1.5614313274814673
PCA11,dinov2_b,green_channel_shift_45,139,7,0.3961724638938904,0.39454278349876404,0.20928476750850677,1.5308261798633647
PCA11,dinov2_b,green_channel_shift_45,140,7,0.27259546518325806,0.23356448113918304,0.4938400387763977,1.5038772283645656
PCA11,dinov2_b,green_channel_shift_45,141,7,0.26378440856933594,0.3511442542076111,0.385071337223053,1.5674909596538562
PCA11,dinov2_b,green_channel_shift_45,142,7,0.01357860304415226,0.45059865713119507,0.5358226895332336,1.0847811549932822
PCA11,dinov2_b,green_channel_shift_45,143,7,0.6944025754928589,0.03475389629602432,0.27084359526634216,1.044201152281111
PCA11,dinov2_b,green_channel_shift_45,144,7,0.3234551250934601,0.3432426452636719,0.33330225944519043,1.5845387940882134
PCA11,dinov2_b,green_channel_shift_45,145,7,0.47196313738822937,0.4203677177429199,0.10766920447349548,1.3830228847198303
PCA11,dinov2_b,green_channel_shift_45,146,7,0.10710053890943527,0.5555237531661987,0.3373757004737854,1.3451700193866856
PCA11,dinov2_b,green_channel_shift_45,147,7,0.38005945086479187,0.5294150710105896,0.09052548557519913,1.3299226847738628
PCA11,dinov2_b,green_channel_shift_45,148,7,0.47162824869155884,0.3560337722301483,0.17233797907829285,1.479003401443408
PCA11,dinov2_b,green_channel_shift_45,149,7,0.575580358505249,0.016996536403894424,0.40742307901382446,1.0863782721975257
PCA11,dinov2_b,green_channel_shift_45,150,7,0.3957234025001526,0.5120113492012024,0.09226518869400024,1.3409448994057396
PCA11,dinov2_b,green_channel_shift_45,151,8,0.29354920983314514,0.4170970022678375,0.28935378789901733,1.5629583189963365
PCA11,dinov2_b,green_channel_shift_45,152,8,0.4318580627441406,0.21945081651210785,0.3486911654472351,1.5333083423786822
PCA11,dinov2_b,green_channel_shift_45,153,8,0.4967598617076874,0.11585786938667297,0.38738226890563965,1.391692473454592
PCA11,dinov2_b,green_channel_shift_45,154,8,0.39137324690818787,0.4247780740261078,0.183848574757576,1.5035892129701764
PCA11,dinov2_b,green_channel_shift_45,155,8,0.2511056065559387,0.30537623167037964,0.4435180723667145,1.5434332645538618
PCA11,dinov2_b,green_channel_shift_45,156,8,0.2698279321193695,0.4832788109779358,0.24689337611198425,1.515179807583344
PCA11,dinov2_b,green_channel_shift_45,157,8,0.19221192598342896,0.4280698895454407,0.379718154668808,1.5117748894916323
PCA11,dinov2_b,green_channel_shift_45,158,8,0.19602057337760925,0.41909104585647583,0.38488832116127014,1.5168270165445061
PCA11,dinov2_b,green_channel_shift_45,159,8,0.506443440914154,0.15826790034770966,0.33528879284858704,1.446601535581297
PCA11,dinov2_b,green_channel_shift_45,160,8,0.24071039259433746,0.34682855010032654,0.4124610126018524,1.5514117793618047
PCA11,dinov2_b,green_channel_shift_45,161,8,0.46896135807037354,0.34687677025794983,0.1841619312763214,1.4917076887466298
PCA11,dinov2_b,green_channel_shift_45,162,8,0.44935542345046997,0.5305466651916504,0.02009785920381546,1.1170335552857311
PCA11,dinov2_b,green_channel_shift_45,163,8,0.32021114230155945,0.3066423237323761,0.37314650416374207,1.579699069661483
PCA11,dinov2_b,green_channel_shift_45,164,8,0.10247962921857834,0.47786128520965576,0.4196591079235077,1.371602796194814
PCA11,dinov2_b,green_channel_shift_45,165,8,0.08711585402488708,0.33400997519493103,0.5788741111755371,1.2916896706623875
PCA11,dinov2_b,green_channel_shift_45,166,8,0.48930802941322327,0.136814683675766,0.37387728691101074,1.4278526386853678
PCA11,dinov2_b,green_channel_shift_45,167,8,0.31707847118377686,0.2941630780696869,0.38875845074653625,1.5746153546427855
PCA11,dinov2_b,green_channel_shift_45,168,8,0.3799448609352112,0.3992495536804199,0.22080542147159576,1.5404850228706846
PCA11,dinov2_b,green_channel_shift_45,169,8,0.21789686381816864,0.4180901050567627,0.36401304602622986,1.5357124225564678
PCA11,dinov2_b,green_channel_shift_45,170,8,0.47221022844314575,0.3331236243247986,0.1946660876274109,1.4990502424678267
PCA11,dinov2_b,green_channel_shift_45,171,8,0.29763299226760864,0.25652697682380676,0.4458399713039398,1.543478138963052
PCA11,dinov2_b,green_channel_shift_45,172,8,0.2657621502876282,0.3598286509513855,0.3744092881679535,1.5693466043472468
PCA11,dinov2_b,green_channel_shift_45,173,8,0.19608750939369202,0.6104016900062561,0.19351081550121307,1.3541258665518408
PCA11,dinov2_b,green_channel_shift_45,174,8,0.12770411372184753,0.4954127371311188,0.37688323855400085,1.411749708561936
PCA11,dinov2_b,green_channel_shift_45,175,8,0.5637328624725342,0.3480190336704254,0.08824808895587921,1.305180581079846
PCA11,dinov2_b,green_channel_shift_45,176,8,0.24754509329795837,0.2862517237663269,0.4662032127380371,1.528472147566064
PCA11,dinov2_b,green_channel_shift_45,177,8,0.3108399212360382,0.30929872393608093,0.3798612058162689,1.5780799518987774
PCA11,dinov2_b,green_channel_shift_45,178,9,0.10078095644712448,0.36482325196266174,0.5343958139419556,1.3474796792380603
PCA11,dinov2_b,green_channel_shift_45,179,9,0.14697904884815216,0.49020978808403015,0.3628111779689789,1.441472857116516
PCA11,dinov2_b,green_channel_shift_45,180,9,0.33457064628601074,0.2830362319946289,0.3823930621147156,1.574216073605126
PCA11,dinov2_b,green_channel_shift_45,181,9,0.14516222476959229,0.3672223389148712,0.48761531710624695,1.440166174041289
PCA11,dinov2_b,green_channel_shift_45,182,9,0.13901276886463165,0.4127872884273529,0.44820013642311096,1.441583704999376
PCA11,dinov2_b,green_channel_shift_45,183,9,0.12980224192142487,0.40589380264282227,0.4643040895462036,1.4242630157971965
PCA11,dinov2_b,green_channel_shift_45,184,9,0.1102089062333107,0.338644415140152,0.5511468052864075,1.3533719566590832
PCA11,dinov2_b,green_channel_shift_45,185,9,0.1553594470024109,0.3384721577167511,0.5061683654785156,1.4435545906066414
PCA11,dinov2_b,green_channel_shift_45,186,9,0.4827769696712494,0.20893684029579163,0.308286190032959,1.502515385830141
PCA11,dinov2_b,green_channel_shift_45,187,9,0.16303610801696777,0.3471405804157257,0.48982325196266174,1.4608554891395888
PCA11,dinov2_b,green_channel_shift_45,188,10,0.39464691281318665,0.27399006485939026,0.3313629925251007,1.5691577893789508
PCA11,dinov2_b,green_channel_shift_45,189,10,0.5304202437400818,0.1567796915769577,0.3128000497817993,1.4287940292802213
PCA11,dinov2_b,green_channel_shift_45,190,10,0.41373002529144287,0.31981393694877625,0.26645609736442566,1.5611797299713848
PCA11,dinov2_b,green_channel_shift_45,191,10,0.33120018243789673,0.2783237099647522,0.3904760479927063,1.571316989879728
PCA11,dinov2_b,green_channel_shift_45,192,10,0.5509822964668274,0.32562491297721863,0.12339290976524353,1.3733787666504444
PCA11,dinov2_b,green_channel_shift_45,193,10,0.5259324908256531,0.1709892302751541,0.3030782639980316,1.4452232054056973
PCA11,dinov2_b,green_channel_shift_45,194,10,0.37673479318618774,0.15696562826633453,0.46629956364631653,1.463158161484098
PCA11,dinov2_b,green_channel_shift_45,195,10,0.3086629807949066,0.46726709604263306,0.22406993806362152,1.5199084652839185
PCA11,dinov2_b,green_channel_shift_45,196,10,0.16874293982982635,0.4869323968887329,0.34432464838027954,1.4683425239423646
PCA11,dinov2_b,green_channel_shift_45,197,10,0.052705876529216766,0.5344417095184326,0.41285228729248047,1.233787267001329
PCA11,dinov2_b,green_channel_shift_45,198,10,0.39361128211021423,0.3113601803779602,0.29502853751182556,1.5731619278199767
PCA11,dinov2_b,green_channel_shift_45,199,10,0.4276377558708191,0.1795114129781723,0.3928508162498474,1.4984313943817216
PCA11,dinov2_b,blue_channel_shift_-45,0,0,0.1924785077571869,0.43826112151145935,0.36926040053367615,1.5098908812022134
PCA11,dinov2_b,blue_channel_shift_-45,1,0,0.1334071159362793,0.4199830889701843,0.4466097950935364,1.4327113566312772
PCA11,dinov2_b,blue_channel_shift_-45,2,0,0.22230811417102814,0.46915963292121887,0.3085322082042694,1.5179466204237502
PCA11,dinov2_b,blue_channel_shift_-45,3,0,0.374635249376297,0.4533677399158478,0.17199701070785522,1.484847256440819
PCA11,dinov2_b,blue_channel_shift_-45,4,0,0.11315542459487915,0.31144362688064575,0.5754008889198303,1.338666184904591
PCA11,dinov2_b,blue_channel_shift_-45,5,0,0.07367194443941116,0.5716680288314819,0.3546599745750427,1.2687928905348418
PCA11,dinov2_b,blue_channel_shift_-45,6,0,0.19818337261676788,0.35759419202804565,0.4442225694656372,1.5133319961972158
PCA11,dinov2_b,blue_channel_shift_-45,7,0,0.2226783186197281,0.27646660804748535,0.5008550882339478,1.494953552727349
PCA11,dinov2_b,blue_channel_shift_-45,8,0,0.1393122673034668,0.19512014091014862,0.6655675768852234,1.2470740762568424
PCA11,dinov2_b,blue_channel_shift_-45,9,0,0.476097971200943,0.3759680390357971,0.1479339897632599,1.4482043598914405
PCA11,dinov2_b,blue_channel_shift_-45,10,1,0.6780626177787781,0.09865883737802505,0.2232784777879715,1.1926900796064535
PCA11,dinov2_b,blue_channel_shift_-45,11,1,0.5564556121826172,0.34368371963500977,0.09986070543527603,1.3320678706692604
PCA11,dinov2_b,blue_channel_shift_-45,12,1,0.13623662292957306,0.3693532645702362,0.49441003799438477,1.4249541108327475
PCA11,dinov2_b,blue_channel_shift_-45,13,1,0.41865506768226624,0.320206880569458,0.2611379623413086,1.5578302725234114
PCA11,dinov2_b,blue_channel_shift_-45,14,1,0.14571809768676758,0.5844473242759705,0.2698345482349396,1.3677234960545537
PCA11,dinov2_b,blue_channel_shift_-45,15,1,0.5466774106025696,0.4044882655143738,0.04883429780602455,1.217199638540656
PCA11,dinov2_b,blue_channel_shift_-45,16,1,0.4047872722148895,0.08442763239145279,0.5107851028442383,1.3242916347973943
PCA11,dinov2_b,blue_channel_shift_-45,17,1,0.48010578751564026,0.39645951986312866,0.12343466281890869,1.4099525834907871
PCA11,dinov2_b,blue_channel_shift_-45,18,1,0.4064517915248871,0.3736840784549713,0.2198641002178192,1.5390620783963282
PCA11,dinov2_b,blue_channel_shift_-45,19,1,0.09420663118362427,0.4186874330043793,0.4871060252189636,1.352419185678981
PCA11,dinov2_b,blue_channel_shift_-45,20,1,0.2865358889102936,0.32168203592300415,0.39178210496902466,1.57269205122555
PCA11,dinov2_b,blue_channel_shift_-45,21,1,0.08832283318042755,0.5035513639450073,0.4081258177757263,1.3353057077715738
PCA11,dinov2_b,blue_channel_shift_-45,22,1,0.11090312153100967,0.4036673903465271,0.4854294955730438,1.3862995071754127
PCA11,dinov2_b,blue_channel_shift_-45,23,1,0.48272475600242615,0.34253114461898804,0.17474418878555298,1.476435869841814
PCA11,dinov2_b,blue_channel_shift_-45,24,1,0.3480820059776306,0.04559693858027458,0.6063210368156433,1.1707563724090189
PCA11,dinov2_b,blue_channel_shift_-45,25,1,0.6801730990409851,0.044483691453933716,0.27534323930740356,1.0902819128961987
PCA11,dinov2_b,blue_channel_shift_-45,26,1,0.4997307360172272,0.41344526410102844,0.08682391792535782,1.3330647859752274
PCA11,dinov2_b,blue_channel_shift_-45,27,1,0.4287276268005371,0.39555802941322327,0.17571434378623962,1.4939338748085689
PCA11,dinov2_b,blue_channel_shift_-45,28,1,0.07783270627260208,0.5254839062690735,0.39668339490890503,1.3036440709719632
PCA11,dinov2_b,blue_channel_shift_-45,29,1,0.08141208440065384,0.43679991364479065,0.4817880094051361,1.3241332482795811
PCA11,dinov2_b,blue_channel_shift_-45,30,1,0.06303620338439941,0.46576976776123047,0.47119396924972534,1.2763225804457243
PCA11,dinov2_b,blue_channel_shift_-45,31,1,0.6651551723480225,0.0606590211391449,0.2741858661174774,1.1483645671847338
PCA11,dinov2_b,blue_channel_shift_-45,32,1,0.04260259494185448,0.4976903200149536,0.4597070813179016,1.2104104135527645
PCA11,dinov2_b,blue_channel_shift_-45,33,1,0.4113960564136505,0.3826809823513031,0.20592306554317474,1.5269449273328686
PCA11,dinov2_b,blue_channel_shift_-45,34,2,0.4244869351387024,0.3164656460285187,0.25904732942581177,1.5548576131525014
PCA11,dinov2_b,blue_channel_shift_-45,35,2,0.09973829984664917,0.47143614292144775,0.42882564663887024,1.3669717927795617
PCA11,dinov2_b,blue_channel_shift_-45,36,2,0.1504862755537033,0.4491288363933563,0.4003850519657135,1.4585509568014954
PCA11,dinov2_b,blue_channel_shift_-45,37,2,0.19361844658851624,0.6188226938247681,0.1875588297843933,1.339977059023284
PCA11,dinov2_b,blue_channel_shift_-45,38,2,0.34131476283073425,0.3958275020122528,0.2628576457500458,1.5652597983354128
PCA11,dinov2_b,blue_channel_shift_-45,39,2,0.12121301144361496,0.6151696443557739,0.2636174261569977,1.3072817090472375
PCA11,dinov2_b,blue_channel_shift_-45,40,2,0.08108256012201309,0.5156745910644531,0.40324288606643677,1.314951683662235
PCA11,dinov2_b,blue_channel_shift_-45,41,2,0.3249931037425995,0.28213077783584595,0.39287617802619934,1.5715697761733571
PCA11,dinov2_b,blue_channel_shift_-45,42,2,0.39961910247802734,0.22212934494018555,0.3782516121864319,1.5414838059473872
PCA11,dinov2_b,blue_channel_shift_-45,43,2,0.19062353670597076,0.45576271414756775,0.3536137640476227,1.5028260970375547
PCA11,dinov2_b,blue_channel_shift_-45,44,2,0.22516116499900818,0.4656209945678711,0.30921778082847595,1.5213886785096427
PCA11,dinov2_b,blue_channel_shift_-45,45,2,0.10096476972103119,0.4584110677242279,0.4406241476535797,1.3708277738146681
PCA11,dinov2_b,blue_channel_shift_-45,46,2,0.2871192693710327,0.3877752125263214,0.3251055181026459,1.5738723445427725
PCA11,dinov2_b,blue_channel_shift_-45,47,2,0.3944600224494934,0.48936861753463745,0.11617138236761093,1.394717278943226
PCA11,dinov2_b,blue_channel_shift_-45,48,2,0.1492832452058792,0.540520966053009,0.3101958632469177,1.4132117931384056
PCA11,dinov2_b,blue_channel_shift_-45,49,2,0.17990657687187195,0.14833587408065796,0.6717575788497925,1.239169273901033
PCA11,dinov2_b,blue_channel_shift_-45,50,3,0.48290184140205383,0.23630394041538239,0.28079432249069214,1.5134898504019973
PCA11,dinov2_b,blue_channel_shift_-45,51,3,0.4058278203010559,0.24629925191402435,0.3478728234767914,1.5558426979555313
PCA11,dinov2_b,blue_channel_shift_-45,52,3,0.49727877974510193,0.4677968919277191,0.03492442145943642,1.1829417472082673
PCA11,dinov2_b,blue_channel_shift_-45,53,3,0.20422236621379852,0.32382646203041077,0.4719511866569519,1.5060652592076846
PCA11,dinov2_b,blue_channel_shift_-45,54,3,0.4035660922527313,0.3515114188194275,0.24492241442203522,1.5556175985890484
PCA11,dinov2_b,blue_channel_shift_-45,55,3,0.3412609398365021,0.3154607117176056,0.34327828884124756,1.5839116732626657
PCA11,dinov2_b,blue_channel_shift_-45,56,3,0.22890648245811462,0.4039571285247803,0.3671364486217499,1.5459249085446034
PCA11,dinov2_b,blue_channel_shift_-45,57,3,0.5383743643760681,0.30126672983169556,0.16035884618759155,1.4258457429043323
PCA11,dinov2_b,blue_channel_shift_-45,58,3,0.29678958654403687,0.28290030360221863,0.4203100800514221,1.561047839836422
PCA11,dinov2_b,blue_channel_shift_-45,59,3,0.6989959478378296,0.19480270147323608,0.10620144009590149,1.1644247006573434
PCA11,dinov2_b,blue_channel_shift_-45,60,3,0.4876485764980316,0.14534568786621094,0.3670058250427246,1.4403979629260544
PCA11,dinov2_b,blue_channel_shift_-45,61,3,0.20859389007091522,0.668802797794342,0.12260331213474274,1.2310511146202479
PCA11,dinov2_b,blue_channel_shift_-45,62,3,0.09905983507633209,0.6502495408058167,0.2506905198097229,1.2345655094285082
PCA11,dinov2_b,blue_channel_shift_-45,63,3,0.5256280303001404,0.3041004538536072,0.17027153074741364,1.4448678640425139
PCA11,dinov2_b,blue_channel_shift_-45,64,3,0.5063861608505249,0.3399951756000519,0.15361864864826202,1.4414533576448174
PCA11,dinov2_b,blue_channel_shift_-45,65,3,0.44067659974098206,0.21650587022304535,0.3428175449371338,1.5283900680186586
PCA11,dinov2_b,blue_channel_shift_-45,66,3,0.3896695375442505,0.3858213722705841,0.2245090901851654,1.543793050548722
PCA11,dinov2_b,blue_channel_shift_-45,67,4,0.341055691242218,0.1700463891029358,0.4888978898525238,1.4686656272238587
PCA11,dinov2_b,blue_channel_shift_-45,68,4,0.26648759841918945,0.16507121920585632,0.5684411525726318,1.400646962591532
PCA11,dinov2_b,blue_channel_shift_-45,69,4,0.34025096893310547,0.4285274147987366,0.23122160136699677,1.5415850582906088
PCA11,dinov2_b,blue_channel_shift_-45,70,4,0.5674054026603699,0.34497737884521484,0.08761735260486603,1.3013368194214217
PCA11,dinov2_b,blue_channel_shift_-45,71,4,0.5683711171150208,0.3634628355503082,0.06816603988409042,1.2581057899252222
PCA11,dinov2_b,blue_channel_shift_-45,72,4,0.5188368558883667,0.2821970283985138,0.19896622002124786,1.4697013969455326
PCA11,dinov2_b,blue_channel_shift_-45,73,4,0.5026549100875854,0.40294259786605835,0.09440247714519501,1.348658230313968
PCA11,dinov2_b,blue_channel_shift_-45,74,4,0.3682859241962433,0.39424145221710205,0.23747263848781586,1.5527019721071695
PCA11,dinov2_b,blue_channel_shift_-45,75,4,0.38532012701034546,0.2855125665664673,0.32916730642318726,1.5741545008324103
PCA11,dinov2_b,blue_channel_shift_-45,76,4,0.4671935439109802,0.20358915627002716,0.32921719551086426,1.5081289845672678
PCA11,dinov2_b,blue_channel_shift_-45,77,4,0.43258246779441833,0.2457071840763092,0.32171037793159485,1.5468973979107696
PCA11,dinov2_b,blue_channel_shift_-45,78,4,0.24882729351520538,0.49225932359695435,0.2589133679866791,1.5074232396533707
PCA11,dinov2_b,blue_channel_shift_-45,79,4,0.40266016125679016,0.4423666000366211,0.15497322380542755,1.4658275572008086
PCA11,dinov2_b,blue_channel_shift_-45,80,4,0.50821852684021,0.17869935929775238,0.3130819797515869,1.4647580098373028
PCA11,dinov2_b,blue_channel_shift_-45,81,4,0.4261634051799774,0.34311768412590027,0.2307189404964447,1.5420640415797664
PCA11,dinov2_b,blue_channel_shift_-45,82,4,0.3136911690235138,0.2818433344364166,0.4044654369354248,1.5678082517263012
PCA11,dinov2_b,blue_channel_shift_-45,83,4,0.3464045822620392,0.27432388067245483,0.379271537065506,1.57220289596144
PCA11,dinov2_b,blue_channel_shift_-45,84,4,0.3484584093093872,0.17739200592041016,0.47414958477020264,1.4830383853808047
PCA11,dinov2_b,blue_channel_shift_-45,85,4,0.3487810790538788,0.3438968360424042,0.30732202529907227,1.5827111076316518
PCA11,dinov2_b,blue_channel_shift_-45,86,4,0.37400954961776733,0.23873375356197357,0.3872567117214203,1.554028157658558
PCA11,dinov2_b,blue_channel_shift_-45,87,5,0.04468906298279762,0.4999166429042816,0.45539435744285583,1.2172065679646795
PCA11,dinov2_b,blue_channel_shift_-45,88,5,0.11682797223329544,0.3185117244720459,0.564660370349884,1.3531969177844747
PCA11,dinov2_b,blue_channel_shift_-45,89,5,0.18582214415073395,0.5711336731910706,0.2430441528558731,1.408692689832832
PCA11,dinov2_b,blue_channel_shift_-45,90,5,0.1840064972639084,0.5354499816894531,0.2805435359477997,1.446343867763849
PCA11,dinov2_b,blue_channel_shift_-45,91,5,0.09843273460865021,0.22746151685714722,0.6741056442260742,1.1986917216408168
PCA11,dinov2_b,blue_channel_shift_-45,92,5,0.06966246664524078,0.2313850075006485,0.6989526152610779,1.1175182926480771
PCA11,dinov2_b,blue_channel_shift_-45,93,5,0.04414844140410423,0.4020700752735138,0.5537815093994141,1.1994077868717268
PCA11,dinov2_b,blue_channel_shift_-45,94,5,0.11559108644723892,0.3214862048625946,0.5629228353500366,1.3528091626585446
PCA11,dinov2_b,blue_channel_shift_-45,95,5,0.05056775361299515,0.4172857999801636,0.5321463942527771,1.2281879388392394
PCA11,dinov2_b,blue_channel_shift_-45,96,5,0.08566340804100037,0.407634437084198,0.5067021250724792,1.328405240819139
PCA11,dinov2_b,blue_channel_shift_-45,97,5,0.12323973327875137,0.373712956905365,0.5030472874641418,1.4015498413759122
PCA11,dinov2_b,blue_channel_shift_-45,98,5,0.08586765825748444,0.4352119565010071,0.4789203107357025,1.3351483309704604
PCA11,dinov2_b,blue_channel_shift_-45,99,5,0.060467250645160675,0.5582184791564941,0.381314218044281,1.244658138613268
PCA11,dinov2_b,blue_channel_shift_-45,100,5,0.07487397640943527,0.3302665948867798,0.5948594212532043,1.2536226074772252
PCA11,dinov2_b,blue_channel_shift_-45,101,5,0.18273445963859558,0.3229464888572693,0.4943190813064575,1.4771730383658705
PCA11,dinov2_b,blue_channel_shift_-45,102,5,0.04493052884936333,0.39079171419143677,0.5642778277397156,1.1966694600704066
PCA11,dinov2_b,blue_channel_shift_-45,103,5,0.08096305280923843,0.598480761051178,0.3205561637878418,1.2630139094314334
PCA11,dinov2_b,blue_channel_shift_-45,104,5,0.1279677152633667,0.23228321969509125,0.6397489905357361,1.2810380901520904
PCA11,dinov2_b,blue_channel_shift_-45,105,5,0.07762061804533005,0.3061580955982208,0.6162212491035461,1.2394487914052055
PCA11,dinov2_b,blue_channel_shift_-45,106,5,0.3185267150402069,0.25884953141212463,0.42262375354766846,1.5555741897121789
PCA11,dinov2_b,blue_channel_shift_-45,107,5,0.07302156835794449,0.4698973298072815,0.45708104968070984,1.3039503221166064
PCA11,dinov2_b,blue_channel_shift_-45,108,5,0.14638960361480713,0.4217197000980377,0.43189069628715515,1.4542540202412297
PCA11,dinov2_b,blue_channel_shift_-45,109,6,0.3085269033908844,0.2282741814851761,0.4631989598274231,1.524202584161383
PCA11,dinov2_b,blue_channel_shift_-45,110,6,0.3699977993965149,0.48558953404426575,0.14441272616386414,1.4399673630851986
PCA11,dinov2_b,blue_channel_shift_-45,111,6,0.47650352120399475,0.41327664256095886,0.11021972447633743,1.3871150274006634
PCA11,dinov2_b,blue_channel_shift_-45,112,6,0.6102392077445984,0.33960431814193726,0.05015651881694794,1.1805030473132987
PCA11,dinov2_b,blue_channel_shift_-45,113,6,0.3734261095523834,0.03269015997648239,0.5938836932182312,1.1384544261838592
PCA11,dinov2_b,blue_channel_shift_-45,114,6,0.5411790609359741,0.43064939975738525,0.02817154861986637,1.1478784836285407
PCA11,dinov2_b,blue_channel_shift_-45,115,6,0.3956434428691864,0.49165353178977966,0.11270306259393692,1.3878040691694078
PCA11,dinov2_b,blue_channel_shift_-45,116,6,0.18611648678779602,0.470132440328598,0.34375113248825073,1.4929462032056813
PCA11,dinov2_b,blue_channel_shift_-45,117,6,0.35235702991485596,0.5852545499801636,0.06238836422562599,1.23229504700336
PCA11,dinov2_b,blue_channel_shift_-45,118,6,0.4752514660358429,0.38968566060066223,0.13506293296813965,1.4299825828929262
PCA11,dinov2_b,blue_channel_shift_-45,119,6,0.5778369307518005,0.39018434286117554,0.03197877109050751,1.1458342987856631
PCA11,dinov2_b,blue_channel_shift_-45,120,6,0.4663617014884949,0.18806521594524384,0.3455730974674225,1.4963308928696066
PCA11,dinov2_b,blue_channel_shift_-45,121,6,0.28357651829719543,0.620964527130127,0.09545892477035522,1.2659657258120798
PCA11,dinov2_b,blue_channel_shift_-45,122,6,0.4107528626918793,0.15120570361614227,0.43804144859313965,1.4610107009607955
PCA11,dinov2_b,blue_channel_shift_-45,123,6,0.4480105936527252,0.3176521956920624,0.2343372404575348,1.535070530605556
PCA11,dinov2_b,blue_channel_shift_-45,124,6,0.45208102464675903,0.4065939486026764,0.14132492244243622,1.4446342935595833
PCA11,dinov2_b,blue_channel_shift_-45,125,6,0.32400229573249817,0.36155641078948975,0.3144412338733673,1.5823078446620054
PCA11,dinov2_b,blue_channel_shift_-45,126,7,0.49785542488098145,0.09394031018018723,0.40820416808128357,1.3491374681413184
PCA11,dinov2_b,blue_channel_shift_-45,127,7,0.09434116631746292,0.46906358003616333,0.43659523129463196,1.3556154299423984
PCA11,dinov2_b,blue_channel_shift_-45,128,7,0.49816712737083435,0.31628403067588806,0.18554876744747162,1.476969343745373
PCA11,dinov2_b,blue_channel_shift_-45,129,7,0.12954209744930267,0.4359690845012665,0.43448883295059204,1.4266371302931353
PCA11,dinov2_b,blue_channel_shift_-45,130,7,0.5824882388114929,0.16317218542099,0.2543395757675171,1.3833122664014765
PCA11,dinov2_b,blue_channel_shift_-45,131,7,0.00918009877204895,0.5648018717765808,0.42601802945137024,1.052058468657837
PCA11,dinov2_b,blue_channel_shift_-45,132,7,0.5583642721176147,0.029935963451862335,0.4116998314857483,1.1480777922049823
PCA11,dinov2_b,blue_channel_shift_-45,133,7,0.45958495140075684,0.24574139714241028,0.2946736216545105,1.5324965816710474
PCA11,dinov2_b,blue_channel_shift_-45,134,7,0.2963672876358032,0.4369257092475891,0.26670700311660767,1.5504369753832612
PCA11,dinov2_b,blue_channel_shift_-45,135,7,0.5135647654533386,0.1305168867111206,0.3559183180332184,1.407604439126981
PCA11,dinov2_b,blue_channel_shift_-45,136,7,0.11593601852655411,0.5204707384109497,0.36359307169914246,1.3814415163938794
PCA11,dinov2_b,blue_channel_shift_-45,137,7,0.4904020428657532,0.4562548100948334,0.05334317684173584,1.246200378077296
PCA11,dinov2_b,blue_channel_shift_-45,138,7,0.36208099126815796,0.38189563155174255,0.2560233473777771,1.5642819962838654
PCA11,dinov2_b,blue_channel_shift_-45,139,7,0.3442482054233551,0.2727142870426178,0.3830375075340271,1.5711252404151639
PCA11,dinov2_b,blue_channel_shift_-45,140,7,0.15818250179290771,0.3989473879337311,0.4428701102733612,1.4701073625865146
PCA11,dinov2_b,blue_channel_shift_-45,141,7,0.19332066178321838,0.40902718901634216,0.39765214920043945,1.5149302014799786
PCA11,dinov2_b,blue_channel_shift_-45,142,7,0.02729771099984646,0.27681344747543335,0.695888876914978,1.0187523086887196
PCA11,dinov2_b,blue_channel_shift_-45,143,7,0.637045681476593,0.036370374262332916,0.3265838921070099,1.1155695895447666
PCA11,dinov2_b,blue_channel_shift_-45,144,7,0.32594072818756104,0.34350359439849854,0.33055564761161804,1.5846050133484586
PCA11,dinov2_b,blue_channel_shift_-45,145,7,0.47815173864364624,0.3992258608341217,0.12262237817049026,1.4091013280328522
PCA11,dinov2_b,blue_channel_shift_-45,146,7,0.140640988945961,0.5034608840942383,0.3558982014656067,1.4269053847552229
PCA11,dinov2_b,blue_channel_shift_-45,147,7,0.39768698811531067,0.5690167546272278,0.033296138048172,1.155345650932958
PCA11,dinov2_b,blue_channel_shift_-45,148,7,0.5099520087242126,0.35271790623664856,0.13733001053333282,1.419084889656057
PCA11,dinov2_b,blue_channel_shift_-45,149,7,0.5713074803352356,0.02103276178240776,0.40765976905822754,1.106341740384554
PCA11,dinov2_b,blue_channel_shift_-45,150,7,0.35991206765174866,0.557983934879303,0.08210393041372299,1.296370067150165
PCA11,dinov2_b,blue_channel_shift_-45,151,8,0.2629428207874298,0.43490251898765564,0.30215469002723694,1.550871054702451
PCA11,dinov2_b,blue_channel_shift_-45,152,8,0.4301823675632477,0.20979873836040497,0.3600189685821533,1.5267992356907372
PCA11,dinov2_b,blue_channel_shift_-45,153,8,0.4473371207714081,0.15224921703338623,0.4004136919975281,1.4613167756112848
PCA11,dinov2_b,blue_channel_shift_-45,154,8,0.4082229435443878,0.38017991185188293,0.21159707009792328,1.5322076775857458
PCA11,dinov2_b,blue_channel_shift_-45,155,8,0.21301013231277466,0.31655651330947876,0.4704332947731018,1.5123435769669942
PCA11,dinov2_b,blue_channel_shift_-45,156,8,0.22394029796123505,0.5266398787498474,0.24941988289356232,1.4703216749634507
PCA11,dinov2_b,blue_channel_shift_-45,157,8,0.27042123675346375,0.4433899223804474,0.28618884086608887,1.547021165323346
PCA11,dinov2_b,blue_channel_shift_-45,158,8,0.19412203133106232,0.39737239480018616,0.40850555896759033,1.515782248171186
PCA11,dinov2_b,blue_channel_shift_-45,159,8,0.5269391536712646,0.13553285598754883,0.3375279903411865,1.4067050851908367
PCA11,dinov2_b,blue_channel_shift_-45,160,8,0.2541969418525696,0.3324483633041382,0.41335469484329224,1.55732199521128
PCA11,dinov2_b,blue_channel_shift_-45,161,8,0.3442453145980835,0.42066332697868347,0.235091432929039,1.5461739814085809
PCA11,dinov2_b,blue_channel_shift_-45,162,8,0.4579908549785614,0.5247375965118408,0.017271529883146286,1.1052896529660858
PCA11,dinov2_b,blue_channel_shift_-45,163,8,0.4289681911468506,0.217194065451622,0.3538376986980438,1.532607246265691
PCA11,dinov2_b,blue_channel_shift_-45,164,8,0.06540045142173767,0.5014827251434326,0.4331168532371521,1.2795085976864562
PCA11,dinov2_b,blue_channel_shift_-45,165,8,0.09004303812980652,0.31203335523605347,0.5979235172271729,1.2806679300162778
PCA11,dinov2_b,blue_channel_shift_-45,166,8,0.48059892654418945,0.14456060528755188,0.3748404383659363,1.4420427449066042
PCA11,dinov2_b,blue_channel_shift_-45,167,8,0.32328879833221436,0.2840842604637146,0.39262697100639343,1.5720202655573847
PCA11,dinov2_b,blue_channel_shift_-45,168,8,0.3896242678165436,0.4181950092315674,0.19218070805072784,1.5131013413410062
PCA11,dinov2_b,blue_channel_shift_-45,169,8,0.33781489729881287,0.4761991500854492,0.18598593771457672,1.4899596202617154
PCA11,dinov2_b,blue_channel_shift_-45,170,8,0.4369596838951111,0.4166637063026428,0.1463765650987625,1.4539731950967734
PCA11,dinov2_b,blue_channel_shift_-45,171,8,0.2681848108768463,0.24286231398582458,0.4889528751373291,1.509789495275053
PCA11,dinov2_b,blue_channel_shift_-45,172,8,0.30115148425102234,0.2782982587814331,0.42055028676986694,1.5605086329921267
PCA11,dinov2_b,blue_channel_shift_-45,173,8,0.18088725209236145,0.6420966982841492,0.1770160049200058,1.2988020401095777
PCA11,dinov2_b,blue_channel_shift_-45,174,8,0.14709897339344025,0.3955479860305786,0.4573529362678528,1.452200162276784
PCA11,dinov2_b,blue_channel_shift_-45,175,8,0.5087062120437622,0.37734454870224,0.11394934356212616,1.3836650619636575
PCA11,dinov2_b,blue_channel_shift_-45,176,8,0.2063256800174713,0.3304464817047119,0.46322789788246155,1.5119749498945465
PCA11,dinov2_b,blue_channel_shift_-45,177,8,0.27303770184516907,0.3261188864707947,0.40084338188171387,1.5672017344128992
PCA11,dinov2_b,blue_channel_shift_-45,178,9,0.13344082236289978,0.3971617519855499,0.46939748525619507,1.4290102156442628
PCA11,dinov2_b,blue_channel_shift_-45,179,9,0.0872734859585762,0.5751090049743652,0.33761754631996155,1.2949364920305249
PCA11,dinov2_b,blue_channel_shift_-45,180,9,0.39239805936813354,0.24044156074523926,0.3671604096889496,1.5547272352847847
PCA11,dinov2_b,blue_channel_shift_-45,181,9,0.17897707223892212,0.35087093710899353,0.47015202045440674,1.4863120661824154
PCA11,dinov2_b,blue_channel_shift_-45,182,9,0.06727347522974014,0.45971235632896423,0.47301405668258667,1.2882551175844879
PCA11,dinov2_b,blue_channel_shift_-45,183,9,0.1823212057352066,0.33305880427360535,0.4846199154853821,1.4824253099062736
PCA11,dinov2_b,blue_channel_shift_-45,184,9,0.21193325519561768,0.31796514987945557,0.47010159492492676,1.511909064313068
PCA11,dinov2_b,blue_channel_shift_-45,185,9,0.1378667801618576,0.42139261960983276,0.44074058532714844,1.4404447035854946
PCA11,dinov2_b,blue_channel_shift_-45,186,9,0.42966288328170776,0.147731751203537,0.42260533571243286,1.4563608787610347
PCA11,dinov2_b,blue_channel_shift_-45,187,9,0.18847928941249847,0.34024500846862793,0.4712756872177124,1.4944718119936309
PCA11,dinov2_b,blue_channel_shift_-45,188,10,0.37526023387908936,0.2797360122203827,0.34500378370285034,1.57443774433459
PCA11,dinov2_b,blue_channel_shift_-45,189,10,0.5466078519821167,0.1385781466960907,0.314814031124115,1.3963738073090146
PCA11,dinov2_b,blue_channel_shift_-45,190,10,0.4188009798526764,0.30935904383659363,0.2718398869037628,1.5603419488440187
PCA11,dinov2_b,blue_channel_shift_-45,191,10,0.5050505995750427,0.2931259870529175,0.201823428273201,1.4826566915174009
PCA11,dinov2_b,blue_channel_shift_-45,192,10,0.6127285361289978,0.3013838529586792,0.08588755875825882,1.2586581361828375
PCA11,dinov2_b,blue_channel_shift_-45,193,10,0.5414159297943115,0.17005586624145508,0.2885282337665558,1.4312987807352848
PCA11,dinov2_b,blue_channel_shift_-45,194,10,0.41088005900382996,0.12342541664838791,0.4656946063041687,1.4132280066694305
PCA11,dinov2_b,blue_channel_shift_-45,195,10,0.2792002558708191,0.47749462723731995,0.24330510199069977,1.5192632513631557
PCA11,dinov2_b,blue_channel_shift_-45,196,10,0.2883361279964447,0.23238052427768707,0.4792833924293518,1.5151321324665559
PCA11,dinov2_b,blue_channel_shift_-45,197,10,0.0433579720556736,0.48885616660118103,0.46778586506843567,1.213789235711176
PCA11,dinov2_b,blue_channel_shift_-45,198,10,0.38038742542266846,0.2965763807296753,0.32303616404533386,1.5771124387436481
PCA11,dinov2_b,blue_channel_shift_-45,199,10,0.46409299969673157,0.1846207082271576,0.3512863218784332,1.4941670439753434
PCA11,dinov2_b,blue_channel_shift_45,0,0,0.10032191127538681,0.45677420496940613,0.4429038166999817,1.3695390422067202
PCA11,dinov2_b,blue_channel_shift_45,1,0,0.12819716334342957,0.37344247102737427,0.4983604848384857,1.411319860331643
PCA11,dinov2_b,blue_channel_shift_45,2,0,0.292751669883728,0.4508209526538849,0.2564272880554199,1.5404547996283586
PCA11,dinov2_b,blue_channel_shift_45,3,0,0.36237430572509766,0.14539431035518646,0.4922313690185547,1.4385104921190608
PCA11,dinov2_b,blue_channel_shift_45,4,0,0.10731673985719681,0.32437145709991455,0.568311870098114,1.335749609379495
PCA11,dinov2_b,blue_channel_shift_45,5,0,0.06830091029405594,0.6395775079727173,0.292121559381485,1.1954837767177537
PCA11,dinov2_b,blue_channel_shift_45,6,0,0.23520676791667938,0.315386563539505,0.4494066536426544,1.534742419635624
PCA11,dinov2_b,blue_channel_shift_45,7,0,0.1721949577331543,0.31545451283454895,0.5123503804206848,1.4563981248230486
PCA11,dinov2_b,blue_channel_shift_45,8,0,0.14511124789714813,0.17527025938034058,0.6796184778213501,1.223126420126425
PCA11,dinov2_b,blue_channel_shift_45,9,0,0.26359862089157104,0.09536740183830261,0.6410340070724487,1.241625005247649
PCA11,dinov2_b,blue_channel_shift_45,10,1,0.730872631072998,0.07837410271167755,0.1907532513141632,1.0744275498922957
PCA11,dinov2_b,blue_channel_shift_45,11,1,0.4645046293735504,0.4409579932689667,0.09453734010457993,1.3564571310026534
PCA11,dinov2_b,blue_channel_shift_45,12,1,0.13386905193328857,0.44580623507499695,0.42032474279403687,1.4335444884803628
PCA11,dinov2_b,blue_channel_shift_45,13,1,0.38383686542510986,0.3460550904273987,0.27010801434516907,1.5701001937015038
PCA11,dinov2_b,blue_channel_shift_45,14,1,0.13477231562137604,0.6796651482582092,0.18556252121925354,1.2192464826963583
PCA11,dinov2_b,blue_channel_shift_45,15,1,0.4496462047100067,0.4660619795322418,0.08429183810949326,1.3326199517957404
PCA11,dinov2_b,blue_channel_shift_45,16,1,0.467729777097702,0.1371920257806778,0.3950780928134918,1.43522736462042
PCA11,dinov2_b,blue_channel_shift_45,17,1,0.4806060194969177,0.4177894592285156,0.10160448402166367,1.3692857960939566
PCA11,dinov2_b,blue_channel_shift_45,18,1,0.3716410994529724,0.4213261902332306,0.207032710313797,1.526492628262194
PCA11,dinov2_b,blue_channel_shift_45,19,1,0.1001468151807785,0.43265876173973083,0.46719443798065186,1.3683576486736357
PCA11,dinov2_b,blue_channel_shift_45,20,1,0.5181760191917419,0.3122580051422119,0.16956593096256256,1.4499256418577748
PCA11,dinov2_b,blue_channel_shift_45,21,1,0.04814612865447998,0.4684145748615265,0.48343929648399353,1.2301518195612755
PCA11,dinov2_b,blue_channel_shift_45,22,1,0.14824631810188293,0.44820842146873474,0.4035452902317047,1.455497773882818
PCA11,dinov2_b,blue_channel_shift_45,23,1,0.6071170568466187,0.3093888461589813,0.08349411934614182,1.2598298440698592
PCA11,dinov2_b,blue_channel_shift_45,24,1,0.3770527243614197,0.3456989824771881,0.2772483825683594,1.5734445459514181
PCA11,dinov2_b,blue_channel_shift_45,25,1,0.044277798384428024,0.6939143538475037,0.2618078291416168,1.0711249485425165
PCA11,dinov2_b,blue_channel_shift_45,26,1,0.48162707686424255,0.4320453405380249,0.08632762730121613,1.3358221812861268
PCA11,dinov2_b,blue_channel_shift_45,27,1,0.3232908248901367,0.5224623680114746,0.15424686670303345,1.4319659051902205
PCA11,dinov2_b,blue_channel_shift_45,28,1,0.04470689594745636,0.5120007395744324,0.4432923495769501,1.2151970215084484
PCA11,dinov2_b,blue_channel_shift_45,29,1,0.1304401308298111,0.45723599195480347,0.41232389211654663,1.4265298401027025
PCA11,dinov2_b,blue_channel_shift_45,30,1,0.1276085525751114,0.40479278564453125,0.4675986170768738,1.419969979669781
PCA11,dinov2_b,blue_channel_shift_45,31,1,0.663597822189331,0.06532689929008484,0.2710753083229065,1.1602337638070404
PCA11,dinov2_b,blue_channel_shift_45,32,1,0.05141522362828255,0.5127705335617065,0.43581423163414,1.2364548330411538
PCA11,dinov2_b,blue_channel_shift_45,33,1,0.5814129710197449,0.33263543248176575,0.08595161885023117,1.2873947713212912
PCA11,dinov2_b,blue_channel_shift_45,34,2,0.3855765163898468,0.31055447459220886,0.30386900901794434,1.5762565157452864
PCA11,dinov2_b,blue_channel_shift_45,35,2,0.0980430617928505,0.4734382927417755,0.428518682718277,1.3631039054943082
PCA11,dinov2_b,blue_channel_shift_45,36,2,0.1529378741979599,0.4608939290046692,0.3861682415008545,1.4594444897906578
PCA11,dinov2_b,blue_channel_shift_45,37,2,0.1977509707212448,0.6070938110351562,0.19515524804592133,1.3595432760139265
PCA11,dinov2_b,blue_channel_shift_45,38,2,0.37018999457359314,0.3972225785255432,0.23258750140666962,1.5492201491215891
PCA11,dinov2_b,blue_channel_shift_45,39,2,0.20899787545204163,0.5886104702949524,0.2023916393518448,1.3885373314861515
PCA11,dinov2_b,blue_channel_shift_45,40,2,0.10024673491716385,0.5273239612579346,0.3724292814731598,1.3501992665586449
PCA11,dinov2_b,blue_channel_shift_45,41,2,0.108201764523983,0.5771973729133606,0.31460097432136536,1.3296538278233387
PCA11,dinov2_b,blue_channel_shift_45,42,2,0.44843316078186035,0.22860775887966156,0.3229590654373169,1.5321806740933566
PCA11,dinov2_b,blue_channel_shift_45,43,2,0.18553122878074646,0.40699055790901184,0.4074781835079193,1.506497533529274
PCA11,dinov2_b,blue_channel_shift_45,44,2,0.22601266205310822,0.4781874120235443,0.29579994082450867,1.5136865110835798
PCA11,dinov2_b,blue_channel_shift_45,45,2,0.11149359494447708,0.44208458065986633,0.4464218318462372,1.39289584960127
PCA11,dinov2_b,blue_channel_shift_45,46,2,0.30444079637527466,0.3496774733066559,0.3458816707134247,1.5821960086563878
PCA11,dinov2_b,blue_channel_shift_45,47,2,0.39384105801582336,0.4630918800830841,0.14306704699993134,1.4451067682258059
PCA11,dinov2_b,blue_channel_shift_45,48,2,0.15157179534435272,0.5311209559440613,0.31730717420578003,1.4228969800373155
PCA11,dinov2_b,blue_channel_shift_45,49,2,0.2034870982170105,0.1576942652463913,0.638818621635437,1.3006414492911602
PCA11,dinov2_b,blue_channel_shift_45,50,3,0.5716130137443542,0.18884354829788208,0.23954349756240845,1.409199999694692
PCA11,dinov2_b,blue_channel_shift_45,51,3,0.35921406745910645,0.30501505732536316,0.33577093482017517,1.581749550309207
PCA11,dinov2_b,blue_channel_shift_45,52,3,0.7440834045410156,0.09083835780620575,0.16507817804813385,1.0606773204528719
PCA11,dinov2_b,blue_channel_shift_45,53,3,0.33350351452827454,0.41359224915504456,0.2529042363166809,1.5567395675488678
PCA11,dinov2_b,blue_channel_shift_45,54,3,0.46477195620536804,0.3449030816555023,0.1903250366449356,1.4989776080086932
PCA11,dinov2_b,blue_channel_shift_45,55,3,0.4013201892375946,0.3015894889831543,0.2970902621746063,1.5703730287119297
PCA11,dinov2_b,blue_channel_shift_45,56,3,0.271148145198822,0.40182772278785706,0.3270242214202881,1.5664114630703634
PCA11,dinov2_b,blue_channel_shift_45,57,3,0.5503263473510742,0.2698984444141388,0.1797751635313034,1.4292353236694382
PCA11,dinov2_b,blue_channel_shift_45,58,3,0.232893705368042,0.3572857081890106,0.4098206162452698,1.5475306481226527
PCA11,dinov2_b,blue_channel_shift_45,59,3,0.667245090007782,0.21960946917533875,0.11314547806978226,1.2254627536483476
PCA11,dinov2_b,blue_channel_shift_45,60,3,0.4696626663208008,0.17453539371490479,0.3558019697666168,1.482074756037218
PCA11,dinov2_b,blue_channel_shift_45,61,3,0.20879854261875153,0.6447267532348633,0.14647485315799713,1.286035444398165
PCA11,dinov2_b,blue_channel_shift_45,62,3,0.044366177171468735,0.7438507080078125,0.21178317070007324,0.9912147696788931
PCA11,dinov2_b,blue_channel_shift_45,63,3,0.494621604681015,0.3493128716945648,0.15606550872325897,1.4506100145564675
PCA11,dinov2_b,blue_channel_shift_45,64,3,0.5016500949859619,0.33545011281967163,0.16289986670017242,1.4543404049467168
PCA11,dinov2_b,blue_channel_shift_45,65,3,0.32684868574142456,0.4330539107322693,0.24009749293327332,1.5443624688487558
PCA11,dinov2_b,blue_channel_shift_45,66,3,0.35019806027412415,0.38830292224884033,0.2614991068840027,1.566082126895436
PCA11,dinov2_b,blue_channel_shift_45,67,4,0.4163874089717865,0.19816188514232635,0.3854507505893707,1.5192134867719154
PCA11,dinov2_b,blue_channel_shift_45,68,4,0.3490773141384125,0.15879875421524048,0.49212396144866943,1.4549968279956462
PCA11,dinov2_b,blue_channel_shift_45,69,4,0.3449482321739197,0.4503650665283203,0.20468679070472717,1.5164074830250205
PCA11,dinov2_b,blue_channel_shift_45,70,4,0.605333149433136,0.33211708068847656,0.06254969537258148,1.2166531380902086
PCA11,dinov2_b,blue_channel_shift_45,71,4,0.574644923210144,0.261238694190979,0.16411638259887695,1.3930791136198932
PCA11,dinov2_b,blue_channel_shift_45,72,4,0.3908546268939972,0.29848626255989075,0.3106590807437897,1.5743187412075539
PCA11,dinov2_b,blue_channel_shift_45,73,4,0.5118865966796875,0.42590999603271484,0.06220348924398422,1.2682331884404225
PCA11,dinov2_b,blue_channel_shift_45,74,4,0.33997616171836853,0.318352609872818,0.3416712284088135,1.5842253269003028
PCA11,dinov2_b,blue_channel_shift_45,75,4,0.406427800655365,0.2708735167980194,0.32269880175590515,1.5648906833147906
PCA11,dinov2_b,blue_channel_shift_45,76,4,0.4452266991138458,0.2051575928926468,0.3496157228946686,1.5186502002597906
PCA11,dinov2_b,blue_channel_shift_45,77,4,0.42414426803588867,0.2516481876373291,0.3242075443267822,1.552576041726104
PCA11,dinov2_b,blue_channel_shift_45,78,4,0.26266488432884216,0.31234756112098694,0.4249875545501709,1.5556148716522156
PCA11,dinov2_b,blue_channel_shift_45,79,4,0.2646019756793976,0.40220344066619873,0.3331945538520813,1.5643316243406176
PCA11,dinov2_b,blue_channel_shift_45,80,4,0.594062328338623,0.29875707626342773,0.10718052834272385,1.3123707779592364
PCA11,dinov2_b,blue_channel_shift_45,81,4,0.3035900890827179,0.3750292956829071,0.32138052582740784,1.5790609291573388
PCA11,dinov2_b,blue_channel_shift_45,82,4,0.1910630762577057,0.3987386226654053,0.410198450088501,1.512509824697159
PCA11,dinov2_b,blue_channel_shift_45,83,4,0.5210395455360413,0.2871852517127991,0.1917751580476761,1.4638807769497149
PCA11,dinov2_b,blue_channel_shift_45,84,4,0.3481981158256531,0.16945777833461761,0.4823441207408905,1.471307189590012
PCA11,dinov2_b,blue_channel_shift_45,85,4,0.32498878240585327,0.31716111302375793,0.3578500747680664,1.582965198662901
PCA11,dinov2_b,blue_channel_shift_45,86,4,0.32605791091918945,0.2662169337272644,0.40772515535354614,1.5631965951379378
PCA11,dinov2_b,blue_channel_shift_45,87,5,0.05142179876565933,0.45715439319610596,0.4914237856864929,1.240091170962541
PCA11,dinov2_b,blue_channel_shift_45,88,5,0.13989953696727753,0.3181874454021454,0.5419130921363831,1.4016109262966705
PCA11,dinov2_b,blue_channel_shift_45,89,5,0.17800988256931305,0.611892580986023,0.21009741723537445,1.3497587813604492
PCA11,dinov2_b,blue_channel_shift_45,90,5,0.20334741473197937,0.2819717526435852,0.5146808624267578,1.4754683496236842
PCA11,dinov2_b,blue_channel_shift_45,91,5,0.09819871187210083,0.25981688499450684,0.6419844031333923,1.2444590316698867
PCA11,dinov2_b,blue_channel_shift_45,92,5,0.06271393597126007,0.7566389441490173,0.18064703047275543,1.0009330079966134
PCA11,dinov2_b,blue_channel_shift_45,93,5,0.09252060204744339,0.6193716526031494,0.288107693195343,1.2630305931089985
PCA11,dinov2_b,blue_channel_shift_45,94,5,0.11902527511119843,0.31581300497055054,0.5651618242263794,1.3559156320062948
PCA11,dinov2_b,blue_channel_shift_45,95,5,0.03244653344154358,0.4824444055557251,0.4851090908050537,1.1740646544017894
PCA11,dinov2_b,blue_channel_shift_45,96,5,0.15787075459957123,0.4517599046230316,0.3903694450855255,1.4680894071605741
PCA11,dinov2_b,blue_channel_shift_45,97,5,0.13496869802474976,0.3767623007297516,0.48826900124549866,1.425542998314783
PCA11,dinov2_b,blue_channel_shift_45,98,5,0.06622940301895142,0.4633882939815521,0.47038236260414124,1.2854250926337691
PCA11,dinov2_b,blue_channel_shift_45,99,5,0.07187852263450623,0.5345764756202698,0.393545001745224,1.2854979187764253
PCA11,dinov2_b,blue_channel_shift_45,100,5,0.08692409843206406,0.5850099325180054,0.32806599140167236,1.286326183393233
PCA11,dinov2_b,blue_channel_shift_45,101,5,0.1952117532491684,0.31079283356666565,0.4939954876899719,1.4866871165424118
PCA11,dinov2_b,blue_channel_shift_45,102,5,0.06399349868297577,0.38854917883872986,0.5474573373794556,1.2595489811618443
PCA11,dinov2_b,blue_channel_shift_45,103,5,0.07746773213148117,0.6019445061683655,0.3205878436565399,1.252830115622057
PCA11,dinov2_b,blue_channel_shift_45,104,5,0.1429002285003662,0.22951339185237885,0.627586305141449,1.3102563689222881
PCA11,dinov2_b,blue_channel_shift_45,105,5,0.06936008483171463,0.32504260540008545,0.6055973172187805,1.2322019758425133
PCA11,dinov2_b,blue_channel_shift_45,106,5,0.2919614017009735,0.41936132311820984,0.2886770963668823,1.5617805147857067
PCA11,dinov2_b,blue_channel_shift_45,107,5,0.06885592639446259,0.36884915828704834,0.5622947812080383,1.2635816688901813
PCA11,dinov2_b,blue_channel_shift_45,108,5,0.10722247511148453,0.3035340905189514,0.589243471622467,1.3171283445975739
PCA11,dinov2_b,blue_channel_shift_45,109,6,0.1820397973060608,0.2756531238555908,0.5423070788383484,1.4386126112241422
PCA11,dinov2_b,blue_channel_shift_45,110,6,0.40919217467308044,0.4244987964630127,0.16630911827087402,1.4826796855567705
PCA11,dinov2_b,blue_channel_shift_45,111,6,0.46965292096138,0.39615398645401,0.1341930627822876,1.4301273137526278
PCA11,dinov2_b,blue_channel_shift_45,112,6,0.608476996421814,0.3393707275390625,0.05215238034725189,1.1874399910173004
PCA11,dinov2_b,blue_channel_shift_45,113,6,0.36159175634384155,0.05515681579709053,0.5832513570785522,1.2148917722697603
PCA11,dinov2_b,blue_channel_shift_45,114,6,0.5525954365730286,0.3982771337032318,0.04912743717432022,1.215405361039223
PCA11,dinov2_b,blue_channel_shift_45,115,6,0.41388049721717834,0.4729529917240143,0.1131664365530014,1.39338670329375
PCA11,dinov2_b,blue_channel_shift_45,116,6,0.1855510026216507,0.4387970566749573,0.37565192580223083,1.5029851103235985
PCA11,dinov2_b,blue_channel_shift_45,117,6,0.41445407271385193,0.46576768159866333,0.11977823078632355,1.406785777370152
PCA11,dinov2_b,blue_channel_shift_45,118,6,0.4619978964328766,0.4325685501098633,0.10543360561132431,1.379854664049844
PCA11,dinov2_b,blue_channel_shift_45,119,6,0.5311347842216492,0.4380435645580292,0.030821623280644417,1.1612141165727607
PCA11,dinov2_b,blue_channel_shift_45,120,6,0.03002609685063362,0.6110510230064392,0.3589228391647339,1.1166747995166157
PCA11,dinov2_b,blue_channel_shift_45,121,6,0.30447179079055786,0.6326115727424622,0.06291665136814117,1.1913296171797134
PCA11,dinov2_b,blue_channel_shift_45,122,6,0.07161462306976318,0.4811869263648987,0.44719836115837097,1.2994080186880668
PCA11,dinov2_b,blue_channel_shift_45,123,6,0.505897045135498,0.32244673371315,0.17165619134902954,1.4602719072916384
PCA11,dinov2_b,blue_channel_shift_45,124,6,0.49891945719718933,0.390164315700531,0.11091625690460205,1.3821369080599113
PCA11,dinov2_b,blue_channel_shift_45,125,6,0.0754973515868187,0.5572885274887085,0.3672141432762146,1.2822229873827573
PCA11,dinov2_b,blue_channel_shift_45,126,7,0.499721884727478,0.04487047344446182,0.45540761947631836,1.2178397642545713
PCA11,dinov2_b,blue_channel_shift_45,127,7,0.14435207843780518,0.5146891474723816,0.3409588038921356,1.4255492409323645
PCA11,dinov2_b,blue_channel_shift_45,128,7,0.533543586730957,0.32676225900650024,0.1396941989660263,1.4075376614764643
PCA11,dinov2_b,blue_channel_shift_45,129,7,0.12649224698543549,0.4283575117588043,0.44515034556388855,1.421013912340971
PCA11,dinov2_b,blue_channel_shift_45,130,7,0.5761412382125854,0.1421595960855484,0.2816990911960602,1.3733019324696438
PCA11,dinov2_b,blue_channel_shift_45,131,7,0.01852872408926487,0.603998064994812,0.3774730861186981,1.0765135024596992
PCA11,dinov2_b,blue_channel_shift_45,132,7,0.5765955448150635,0.030251601710915565,0.3931528925895691,1.140217538307868
PCA11,dinov2_b,blue_channel_shift_45,133,7,0.43876856565475464,0.3036588430404663,0.25757256150245667,1.5476530909097839
PCA11,dinov2_b,blue_channel_shift_45,134,7,0.4063858091831207,0.4220219552516937,0.171592116355896,1.489528944737478
PCA11,dinov2_b,blue_channel_shift_45,135,7,0.4444890320301056,0.13820946216583252,0.4173014760017395,1.4407020149059613
PCA11,dinov2_b,blue_channel_shift_45,136,7,0.10778521746397018,0.5254250168800354,0.3667897582054138,1.3649595647800798
PCA11,dinov2_b,blue_channel_shift_45,137,7,0.4920502007007599,0.4131205976009369,0.0948292687535286,1.3525867962817235
PCA11,dinov2_b,blue_channel_shift_45,138,7,0.3493328392505646,0.37425240874290466,0.27641481161117554,1.5734856227496765
PCA11,dinov2_b,blue_channel_shift_45,139,7,0.36930906772613525,0.339013010263443,0.29167789220809937,1.5782659340877279
PCA11,dinov2_b,blue_channel_shift_45,140,7,0.2073279321193695,0.3142930865287781,0.47837895154953003,1.504336519043382
PCA11,dinov2_b,blue_channel_shift_45,141,7,0.21347203850746155,0.46848270297050476,0.31804516911506653,1.5137107808536798
PCA11,dinov2_b,blue_channel_shift_45,142,7,0.020151330158114433,0.4653396010398865,0.5145090222358704,1.120357484452057
PCA11,dinov2_b,blue_channel_shift_45,143,7,0.6161823272705078,0.04096931219100952,0.34284839034080505,1.1487677775356846
PCA11,dinov2_b,blue_channel_shift_45,144,7,0.32877317070961,0.35181760787963867,0.31940925121307373,1.5837656760036176
PCA11,dinov2_b,blue_channel_shift_45,145,7,0.5171347856521606,0.3724335730075836,0.11043162643909454,1.3737302988331583
PCA11,dinov2_b,blue_channel_shift_45,146,7,0.43688052892684937,0.19731193780899048,0.36580759286880493,1.514661902813025
PCA11,dinov2_b,blue_channel_shift_45,147,7,0.3818154036998749,0.5439949035644531,0.07418965548276901,1.2865784180311106
PCA11,dinov2_b,blue_channel_shift_45,148,7,0.12720346450805664,0.4881475865840912,0.3846489191055298,1.4136409482325094
PCA11,dinov2_b,blue_channel_shift_45,149,7,0.5817566514015198,0.38231995701789856,0.035923391580581665,1.1573781161554786
PCA11,dinov2_b,blue_channel_shift_45,150,7,0.39409175515174866,0.5278634428977966,0.0780448168516159,1.3031567359645657
PCA11,dinov2_b,blue_channel_shift_45,151,8,0.4686681926250458,0.24220550060272217,0.28912627696990967,1.525504621861431
PCA11,dinov2_b,blue_channel_shift_45,152,8,0.49596521258354187,0.1383979469537735,0.36563676595687866,1.4273545436141348
PCA11,dinov2_b,blue_channel_shift_45,153,8,0.3936511278152466,0.1372990757226944,0.4690498411655426,1.4350627498570763
PCA11,dinov2_b,blue_channel_shift_45,154,8,0.404341459274292,0.41622301936149597,0.17943547666072845,1.4992809470473696
PCA11,dinov2_b,blue_channel_shift_45,155,8,0.2439386248588562,0.2705276310443878,0.485533744096756,1.5128706271304186
PCA11,dinov2_b,blue_channel_shift_45,156,8,0.2704829275608063,0.4604332447052002,0.26908382773399353,1.5350422526682879
PCA11,dinov2_b,blue_channel_shift_45,157,8,0.21770727634429932,0.37380364537239075,0.4084891378879547,1.5371418976287052
PCA11,dinov2_b,blue_channel_shift_45,158,8,0.182468444108963,0.4412235915660858,0.3763079345226288,1.4992567993725392
PCA11,dinov2_b,blue_channel_shift_45,159,8,0.5037627220153809,0.34094077348709106,0.15529648959636688,1.4448592983191768
PCA11,dinov2_b,blue_channel_shift_45,160,8,0.2237127721309662,0.37948182225227356,0.39680546522140503,1.5428975264799538
PCA11,dinov2_b,blue_channel_shift_45,161,8,0.2775026559829712,0.48887911438941956,0.2336181402206421,1.5080426542887295
PCA11,dinov2_b,blue_channel_shift_45,162,8,0.4595252573490143,0.5215552449226379,0.018919503316283226,1.113579661940701
PCA11,dinov2_b,blue_channel_shift_45,163,8,0.4288630783557892,0.21052710711956024,0.3606097996234894,1.5277001388846523
PCA11,dinov2_b,blue_channel_shift_45,164,8,0.08225124329328537,0.30189210176467896,0.6158567667007446,1.2487455770234617
PCA11,dinov2_b,blue_channel_shift_45,165,8,0.0966632142663002,0.3280615508556366,0.575275182723999,1.312234475415252
PCA11,dinov2_b,blue_channel_shift_45,166,8,0.46384793519973755,0.177545428276062,0.35860657691955566,1.4873915408943754
PCA11,dinov2_b,blue_channel_shift_45,167,8,0.29765647649765015,0.3082919716835022,0.3940516710281372,1.573178204090078
PCA11,dinov2_b,blue_channel_shift_45,168,8,0.17886465787887573,0.49620962142944336,0.3249257802963257,1.472759272012888
PCA11,dinov2_b,blue_channel_shift_45,169,8,0.2582896649837494,0.4378734827041626,0.3038368821144104,1.54829585822836
PCA11,dinov2_b,blue_channel_shift_45,170,8,0.47531163692474365,0.3667934834957123,0.15789486467838287,1.4612390768341794
PCA11,dinov2_b,blue_channel_shift_45,171,8,0.2580620348453522,0.24342745542526245,0.49851053953170776,1.5011749646457904
PCA11,dinov2_b,blue_channel_shift_45,172,8,0.28595179319381714,0.3182925283908844,0.3957556486129761,1.5714087244608987
PCA11,dinov2_b,blue_channel_shift_45,173,8,0.2054101973772049,0.6251920461654663,0.16939781606197357,1.326600552142802
PCA11,dinov2_b,blue_channel_shift_45,174,8,0.06687439233064651,0.4505728483200073,0.4825528562068939,1.2864845467610895
PCA11,dinov2_b,blue_channel_shift_45,175,8,0.5018693208694458,0.3429713547229767,0.15515941381454468,1.4457562713636007
PCA11,dinov2_b,blue_channel_shift_45,176,8,0.22682973742485046,0.33700570464134216,0.436164528131485,1.5364152686756565
PCA11,dinov2_b,blue_channel_shift_45,177,8,0.26343634724617004,0.32429781556129456,0.41226592659950256,1.5608547168175555
PCA11,dinov2_b,blue_channel_shift_45,178,9,0.11786612868309021,0.3705739974975586,0.5115600228309631,1.3890057094749726
PCA11,dinov2_b,blue_channel_shift_45,179,9,0.12377271801233292,0.5238351225852966,0.35239219665527344,1.391982235995032
PCA11,dinov2_b,blue_channel_shift_45,180,9,0.29217612743377686,0.22632165253162384,0.4815022647380829,1.5114604344277054
PCA11,dinov2_b,blue_channel_shift_45,181,9,0.12679901719093323,0.39085885882377625,0.4823421835899353,1.414868172981915
PCA11,dinov2_b,blue_channel_shift_45,182,9,0.09119230508804321,0.4456250071525574,0.4631826877593994,1.3490000995888436
PCA11,dinov2_b,blue_channel_shift_45,183,9,0.17986217141151428,0.38676655292510986,0.43337127566337585,1.4980018641503503
PCA11,dinov2_b,blue_channel_shift_45,184,9,0.10608527064323425,0.3652675747871399,0.5286470651626587,1.3602471388259891
PCA11,dinov2_b,blue_channel_shift_45,185,9,0.445717990398407,0.16769379377365112,0.3865881562232971,1.4816753073854128
PCA11,dinov2_b,blue_channel_shift_45,186,9,0.4342750906944275,0.31421276926994324,0.2515121102333069,1.5482014031250069
PCA11,dinov2_b,blue_channel_shift_45,187,9,0.16572335362434387,0.3443143963813782,0.4899623394012451,1.463667941340757
PCA11,dinov2_b,blue_channel_shift_45,188,10,0.4398842453956604,0.2579743266105652,0.3021414279937744,1.5471480930779486
PCA11,dinov2_b,blue_channel_shift_45,189,10,0.1505044400691986,0.5283474922180176,0.3211480379104614,1.4237711449952062
PCA11,dinov2_b,blue_channel_shift_45,190,10,0.3953515589237213,0.3052191734313965,0.2994292080402374,1.5727748378596194
PCA11,dinov2_b,blue_channel_shift_45,191,10,0.4207932949066162,0.28137508034706116,0.29783162474632263,1.5606908218796396
PCA11,dinov2_b,blue_channel_shift_45,192,10,0.3713567852973938,0.540830135345459,0.08781310170888901,1.3184697698021544
PCA11,dinov2_b,blue_channel_shift_45,193,10,0.5628589987754822,0.171945258975029,0.2651956081390381,1.4112498281091694
PCA11,dinov2_b,blue_channel_shift_45,194,10,0.38976675271987915,0.1529361605644226,0.4572971761226654,1.4603156920669385
PCA11,dinov2_b,blue_channel_shift_45,195,10,0.3319329619407654,0.43355265259742737,0.23451431095600128,1.5415239179902174
PCA11,dinov2_b,blue_channel_shift_45,196,10,0.03736942633986473,0.43660396337509155,0.5260266661643982,1.1867280907987454
PCA11,dinov2_b,blue_channel_shift_45,197,10,0.048340000212192535,0.5131852030754089,0.4384748637676239,1.2267279219451912
PCA11,dinov2_b,blue_channel_shift_45,198,10,0.3597738742828369,0.3572835326194763,0.28294262290000916,1.5764805586917543
PCA11,dinov2_b,blue_channel_shift_45,199,10,0.4255802035331726,0.18034330010414124,0.39407655596733093,1.4996105123966452
PCA11,dinov2_b,gaussian_noise_0.1,0,0,0.2102140635251999,0.4057173430919647,0.3840686082839966,1.5312495397305974
PCA11,dinov2_b,gaussian_noise_0.1,1,0,0.3202458918094635,0.2874230146408081,0.3923310935497284,1.5726768209568536
PCA11,dinov2_b,gaussian_noise_0.1,2,0,0.229276642203331,0.38021913170814514,0.39050430059432983,1.5473725300419643
PCA11,dinov2_b,gaussian_noise_0.1,3,0,0.19032280147075653,0.3496350049972534,0.4600423276424408,1.5009295494335542
PCA11,dinov2_b,gaussian_noise_0.1,4,0,0.12683522701263428,0.3039713501930237,0.569193422794342,1.3628186739101293
PCA11,dinov2_b,gaussian_noise_0.1,5,0,0.3995823860168457,0.2888467013835907,0.31157100200653076,1.5705028618151131
PCA11,dinov2_b,gaussian_noise_0.1,6,0,0.24590882658958435,0.37564608454704285,0.3784450590610504,1.5588128223611577
PCA11,dinov2_b,gaussian_noise_0.1,7,0,0.30165818333625793,0.3151685297489166,0.3831733167171478,1.5768656490123842
PCA11,dinov2_b,gaussian_noise_0.1,8,0,0.13477115333080292,0.5493490695953369,0.3158797025680542,1.3895963911053073
PCA11,dinov2_b,gaussian_noise_0.1,9,0,0.35355713963508606,0.15470768511295319,0.4917351305484772,1.450422399539928
PCA11,dinov2_b,gaussian_noise_0.1,10,1,0.4029448330402374,0.42713141441345215,0.169923797249794,1.4870981855833278
PCA11,dinov2_b,gaussian_noise_0.1,11,1,0.27820998430252075,0.5657036304473877,0.15608634054660797,1.3966950334653798
PCA11,dinov2_b,gaussian_noise_0.1,12,1,0.13945253193378448,0.38936474919319153,0.4711827039718628,1.4377308862619138
PCA11,dinov2_b,gaussian_noise_0.1,13,1,0.1264323592185974,0.6046673655509949,0.2689003348350525,1.325605728113047
PCA11,dinov2_b,gaussian_noise_0.1,14,1,0.6416656374931335,0.07452692091464996,0.2838073968887329,1.2056016955177675
PCA11,dinov2_b,gaussian_noise_0.1,15,1,0.723839282989502,0.24016572535037994,0.035994820296764374,1.0043663682465864
PCA11,dinov2_b,gaussian_noise_0.1,16,1,0.49113067984580994,0.04980798438191414,0.4590613842010498,1.2349918376177085
PCA11,dinov2_b,gaussian_noise_0.1,17,1,0.5613363981246948,0.3433905243873596,0.09527305513620377,1.3203092181432057
PCA11,dinov2_b,gaussian_noise_0.1,18,1,0.2670294940471649,0.5220975279808044,0.21087300777435303,1.4717220979611858
PCA11,dinov2_b,gaussian_noise_0.1,19,1,0.32228270173072815,0.42915043234825134,0.24856680631637573,1.5494311419468354
PCA11,dinov2_b,gaussian_noise_0.1,20,1,0.18450789153575897,0.4898708462715149,0.32562127709388733,1.4813045916493275
PCA11,dinov2_b,gaussian_noise_0.1,21,1,0.03972090780735016,0.6245145201683044,0.3357645571231842,1.1376792509708187
PCA11,dinov2_b,gaussian_noise_0.1,22,1,0.40118297934532166,0.1834937334060669,0.4153232276439667,1.5039903019633358
PCA11,dinov2_b,gaussian_noise_0.1,23,1,0.5572438836097717,0.24651221930980682,0.19624386727809906,1.4291545232955531
PCA11,dinov2_b,gaussian_noise_0.1,24,1,0.4781041145324707,0.2498227059841156,0.2720731496810913,1.5198275944592
PCA11,dinov2_b,gaussian_noise_0.1,25,1,0.030055558308959007,0.7116416692733765,0.25830280780792236,1.0056555543380614
PCA11,dinov2_b,gaussian_noise_0.1,26,1,0.46003293991088867,0.2522449195384979,0.2877221405506134,1.5336704827892316
PCA11,dinov2_b,gaussian_noise_0.1,27,1,0.46777814626693726,0.10419163852930069,0.4280301332473755,1.3766794114475087
PCA11,dinov2_b,gaussian_noise_0.1,28,1,0.032763149589300156,0.5046506524085999,0.4625862240791321,1.1739818727554145
PCA11,dinov2_b,gaussian_noise_0.1,29,1,0.14725081622600555,0.43851637840270996,0.41423287987709045,1.455167771190291
PCA11,dinov2_b,gaussian_noise_0.1,30,1,0.08188457787036896,0.4381510615348816,0.4799642860889435,1.3255263710809237
PCA11,dinov2_b,gaussian_noise_0.1,31,1,0.050964951515197754,0.7111544609069824,0.23788058757781982,1.0613973238098886
PCA11,dinov2_b,gaussian_noise_0.1,32,1,0.10142780095338821,0.44524258375167847,0.4533296823501587,1.3720250263065952
PCA11,dinov2_b,gaussian_noise_0.1,33,1,0.6458446979522705,0.24488015472888947,0.10927518457174301,1.2534519575359675
PCA11,dinov2_b,gaussian_noise_0.1,34,2,0.13528700172901154,0.5385115146636963,0.32620158791542053,1.39848512086385
PCA11,dinov2_b,gaussian_noise_0.1,35,2,0.07605122774839401,0.6402048468589783,0.28374382853507996,1.2102366417169612
PCA11,dinov2_b,gaussian_noise_0.1,36,2,0.14010562002658844,0.4381699562072754,0.42172443866729736,1.4441828378006938
PCA11,dinov2_b,gaussian_noise_0.1,37,2,0.2114051878452301,0.4587111473083496,0.3298836946487427,1.5175054368537966
PCA11,dinov2_b,gaussian_noise_0.1,38,2,0.42349785566329956,0.44099926948547363,0.1355028599500656,1.4365804797038992
PCA11,dinov2_b,gaussian_noise_0.1,39,2,0.16783349215984344,0.6010657548904419,0.23110073804855347,1.3619896262913818
PCA11,dinov2_b,gaussian_noise_0.1,40,2,0.0486421063542366,0.5701796412467957,0.38117823004722595,1.2046922191677398
PCA11,dinov2_b,gaussian_noise_0.1,41,2,0.1097034215927124,0.5978352427482605,0.2924613952636719,1.3122045036689984
PCA11,dinov2_b,gaussian_noise_0.1,42,2,0.4217415452003479,0.30384355783462524,0.2744148373603821,1.5594335133670307
PCA11,dinov2_b,gaussian_noise_0.1,43,2,0.14568078517913818,0.4964768588542938,0.3578423857688904,1.4369442314155172
PCA11,dinov2_b,gaussian_noise_0.1,44,2,0.15132422745227814,0.43522658944129944,0.4134492576122284,1.4614168994696384
PCA11,dinov2_b,gaussian_noise_0.1,45,2,0.15029260516166687,0.42730817198753357,0.42239904403686523,1.4602590411312597
PCA11,dinov2_b,gaussian_noise_0.1,46,2,0.22447136044502258,0.30506423115730286,0.4704645276069641,1.5181345727989173
PCA11,dinov2_b,gaussian_noise_0.1,47,2,0.3826117515563965,0.4973829388618469,0.12000530958175659,1.3985423213163473
PCA11,dinov2_b,gaussian_noise_0.1,48,2,0.13662853837013245,0.5029748678207397,0.3603966236114502,1.4216495711160402
PCA11,dinov2_b,gaussian_noise_0.1,49,2,0.1321386843919754,0.2254781723022461,0.6423831582069397,1.280525414756075
PCA11,dinov2_b,gaussian_noise_0.1,50,3,0.6691283583641052,0.19910569489002228,0.13176585733890533,1.2367303639713394
PCA11,dinov2_b,gaussian_noise_0.1,51,3,0.49664053320884705,0.1749756783246994,0.3283837139606476,1.4690585184406735
PCA11,dinov2_b,gaussian_noise_0.1,52,3,0.4478699862957001,0.2376854419708252,0.3144446313381195,1.5365518648151932
PCA11,dinov2_b,gaussian_noise_0.1,53,3,0.17674149572849274,0.46397650241851807,0.3592819273471832,1.4865248785069316
PCA11,dinov2_b,gaussian_noise_0.1,54,3,0.4605970084667206,0.2921009361743927,0.24730195105075836,1.5322314592523483
PCA11,dinov2_b,gaussian_noise_0.1,55,3,0.35507819056510925,0.34482869505882263,0.3000930845737457,1.581203298603851
PCA11,dinov2_b,gaussian_noise_0.1,56,3,0.435232937335968,0.377360075712204,0.1874069720506668,1.5056327518992512
PCA11,dinov2_b,gaussian_noise_0.1,57,3,0.3143666684627533,0.39420270919799805,0.29143062233924866,1.572628954202183
PCA11,dinov2_b,gaussian_noise_0.1,58,3,0.4143960177898407,0.1735425740480423,0.4120614230632782,1.492197545625337
PCA11,dinov2_b,gaussian_noise_0.1,59,3,0.6624224781990051,0.2473054677248001,0.09027206897735596,1.2052789998328168
PCA11,dinov2_b,gaussian_noise_0.1,60,3,0.4699735939502716,0.15959258377552032,0.3704337477684021,1.4652169325435915
PCA11,dinov2_b,gaussian_noise_0.1,61,3,0.28451648354530334,0.493045836687088,0.22243769466876984,1.5013172837876927
PCA11,dinov2_b,gaussian_noise_0.1,62,3,0.11250030249357224,0.5572952628135681,0.33020442724227905,1.352526169927704
PCA11,dinov2_b,gaussian_noise_0.1,63,3,0.45657169818878174,0.26739701628685,0.2760313153266907,1.5378805896118541
PCA11,dinov2_b,gaussian_noise_0.1,64,3,0.5799171328544617,0.16708754003047943,0.25299546122550964,1.3888127059506576
PCA11,dinov2_b,gaussian_noise_0.1,65,3,0.3749161660671234,0.33295440673828125,0.29212939739227295,1.5775313073277153
PCA11,dinov2_b,gaussian_noise_0.1,66,3,0.4498218894004822,0.22197853028774261,0.3281996250152588,1.5280144012602666
PCA11,dinov2_b,gaussian_noise_0.1,67,4,0.45227253437042236,0.192404106259346,0.35532331466674805,1.5056539256203432
PCA11,dinov2_b,gaussian_noise_0.1,68,4,0.18287210166454315,0.36435985565185547,0.4527679681777954,1.496534537184178
PCA11,dinov2_b,gaussian_noise_0.1,69,4,0.3033168613910675,0.43469634652137756,0.26198673248291016,1.5507818291115287
PCA11,dinov2_b,gaussian_noise_0.1,70,4,0.24583439528942108,0.36752498149871826,0.3866406977176666,1.5584248367361715
PCA11,dinov2_b,gaussian_noise_0.1,71,4,0.32327738404273987,0.20975470542907715,0.46696794033050537,1.5123067820378346
PCA11,dinov2_b,gaussian_noise_0.1,72,4,0.41973379254341125,0.3532117009162903,0.22705455124378204,1.5416518240077535
PCA11,dinov2_b,gaussian_noise_0.1,73,4,0.3450661301612854,0.28726497292518616,0.36766886711120605,1.5773798612393877
PCA11,dinov2_b,gaussian_noise_0.1,74,4,0.31628328561782837,0.2529357671737671,0.43078097701072693,1.5502538978928366
PCA11,dinov2_b,gaussian_noise_0.1,75,4,0.2544558048248291,0.25066420435905457,0.49487999081611633,1.50502383833695
PCA11,dinov2_b,gaussian_noise_0.1,76,4,0.541302502155304,0.2277824431657791,0.2309148758649826,1.4537541567154686
PCA11,dinov2_b,gaussian_noise_0.1,77,4,0.39612916111946106,0.24400733411312103,0.3598635494709015,1.55637832170188
PCA11,dinov2_b,gaussian_noise_0.1,78,4,0.3451744318008423,0.22989751398563385,0.42492812871932983,1.5419664218030324
PCA11,dinov2_b,gaussian_noise_0.1,79,4,0.41580039262771606,0.19259147346019745,0.3916080892086029,1.5137468258509768
PCA11,dinov2_b,gaussian_noise_0.1,80,4,0.5456024408340454,0.1605672389268875,0.2938302755355835,1.4197779219535045
PCA11,dinov2_b,gaussian_noise_0.1,81,4,0.561400830745697,0.09898892045021057,0.33961021900177,1.3270034607848262
PCA11,dinov2_b,gaussian_noise_0.1,82,4,0.2560521364212036,0.26952171325683594,0.4744260907173157,1.5234369063538709
PCA11,dinov2_b,gaussian_noise_0.1,83,4,0.46324843168258667,0.3247356116771698,0.21201598644256592,1.5156476789999664
PCA11,dinov2_b,gaussian_noise_0.1,84,4,0.28461354970932007,0.18468168377876282,0.5307047963142395,1.4511051194934292
PCA11,dinov2_b,gaussian_noise_0.1,85,4,0.14144836366176605,0.3201543390750885,0.5383973121643066,1.4061102259866394
PCA11,dinov2_b,gaussian_noise_0.1,86,4,0.31590649485588074,0.3546290397644043,0.32946449518203735,1.5832998611296198
PCA11,dinov2_b,gaussian_noise_0.1,87,5,0.10795512795448303,0.4849705100059509,0.4070744216442108,1.380848936475037
PCA11,dinov2_b,gaussian_noise_0.1,88,5,0.12230859696865082,0.4693923592567444,0.4082989990711212,1.410582036769552
PCA11,dinov2_b,gaussian_noise_0.1,89,5,0.14382988214492798,0.44367530941963196,0.41249483823776245,1.4495325151438383
PCA11,dinov2_b,gaussian_noise_0.1,90,5,0.047879286110401154,0.39538684487342834,0.5567339062690735,1.2096212187555346
PCA11,dinov2_b,gaussian_noise_0.1,91,5,0.09080245345830917,0.26323994994163513,0.6459575891494751,1.2284291505710594
PCA11,dinov2_b,gaussian_noise_0.1,92,5,0.058413103222846985,0.30864790081977844,0.6329391002655029,1.1804599283450516
PCA11,dinov2_b,gaussian_noise_0.1,93,5,0.08659198880195618,0.5885564684867859,0.32485148310661316,1.2826910972097312
PCA11,dinov2_b,gaussian_noise_0.1,94,5,0.14897161722183228,0.5441417098045349,0.30688661336898804,1.409938629812936
PCA11,dinov2_b,gaussian_noise_0.1,95,5,0.03551128879189491,0.431930273771286,0.5325585007667542,1.1782203094737909
PCA11,dinov2_b,gaussian_noise_0.1,96,5,0.1253989189863205,0.539436936378479,0.3351640999317169,1.3845488214620585
PCA11,dinov2_b,gaussian_noise_0.1,97,5,0.14085163176059723,0.3424985408782959,0.5166497826576233,1.4199717162733831
PCA11,dinov2_b,gaussian_noise_0.1,98,5,0.05345867946743965,0.4869421720504761,0.45959919691085815,1.246882815026083
PCA11,dinov2_b,gaussian_noise_0.1,99,5,0.11473840475082397,0.4224543869495392,0.46280720829963684,1.397979308582523
PCA11,dinov2_b,gaussian_noise_0.1,100,5,0.05250294506549835,0.3793550431728363,0.5681419968605042,1.2171164239867311
PCA11,dinov2_b,gaussian_noise_0.1,101,5,0.13711628317832947,0.29266485571861267,0.5702189803123474,1.3739607437662438
PCA11,dinov2_b,gaussian_noise_0.1,102,5,0.04840541258454323,0.2899632453918457,0.6616312861442566,1.12362581407336
PCA11,dinov2_b,gaussian_noise_0.1,103,5,0.10490002483129501,0.4487987458705902,0.4463011622428894,1.3794335527545643
PCA11,dinov2_b,gaussian_noise_0.1,104,5,0.07377775758504868,0.26110538840293884,0.6651169061660767,1.1745939008101152
PCA11,dinov2_b,gaussian_noise_0.1,105,5,0.05307726934552193,0.5371874570846558,0.40973523259162903,1.2338385589430994
PCA11,dinov2_b,gaussian_noise_0.1,106,5,0.312777042388916,0.1893175095319748,0.49790552258491516,1.4799574819640327
PCA11,dinov2_b,gaussian_noise_0.1,107,5,0.06794843077659607,0.540408730506897,0.39164289832115173,1.2730704438627871
PCA11,dinov2_b,gaussian_noise_0.1,108,5,0.1578810065984726,0.4715631306171417,0.37055572867393494,1.4625746913585758
PCA11,dinov2_b,gaussian_noise_0.1,109,6,0.11241672933101654,0.5976563096046448,0.28992703557014465,1.3161634864155785
PCA11,dinov2_b,gaussian_noise_0.1,110,6,0.08384493738412857,0.3232548236846924,0.592900276184082,1.2736345372690272
PCA11,dinov2_b,gaussian_noise_0.1,111,6,0.47969290614128113,0.20018401741981506,0.32012292742729187,1.4989926663890503
PCA11,dinov2_b,gaussian_noise_0.1,112,6,0.577622652053833,0.3694024980068207,0.052974700927734375,1.2126313914251994
PCA11,dinov2_b,gaussian_noise_0.1,113,6,0.46629568934440613,0.45514115691185,0.07856309413909912,1.318435326128352
PCA11,dinov2_b,gaussian_noise_0.1,114,6,0.3301795423030853,0.6225283741950989,0.04729217290878296,1.1617205204985481
PCA11,dinov2_b,gaussian_noise_0.1,115,6,0.4349081516265869,0.47013622522354126,0.09495551884174347,1.3568530080189571
PCA11,dinov2_b,gaussian_noise_0.1,116,6,0.2509075105190277,0.5971047282218933,0.15198774635791779,1.3578145293748773
PCA11,dinov2_b,gaussian_noise_0.1,117,6,0.439247190952301,0.46112945675849915,0.09962334483861923,1.3677934823963294
PCA11,dinov2_b,gaussian_noise_0.1,118,6,0.387602835893631,0.4747028648853302,0.1376943439245224,1.43411702964472
PCA11,dinov2_b,gaussian_noise_0.1,119,6,0.3880740702152252,0.4698287844657898,0.14209719002246857,1.441979240024675
PCA11,dinov2_b,gaussian_noise_0.1,120,6,0.5842634439468384,0.08234032243490219,0.33339616656303406,1.277925510290034
PCA11,dinov2_b,gaussian_noise_0.1,121,6,0.27993378043174744,0.5892705321311951,0.13079579174518585,1.3476413932392
PCA11,dinov2_b,gaussian_noise_0.1,122,6,0.058023255318403244,0.49808385968208313,0.4438929557800293,1.2592741400978165
PCA11,dinov2_b,gaussian_noise_0.1,123,6,0.2711639702320099,0.37800687551498413,0.3508290648460388,1.5712347325226528
PCA11,dinov2_b,gaussian_noise_0.1,124,6,0.5000231266021729,0.42255377769470215,0.07742303609848022,1.3109123366855668
PCA11,dinov2_b,gaussian_noise_0.1,125,6,0.2031644880771637,0.2027040421962738,0.5941314697265625,1.3801482716252695
PCA11,dinov2_b,gaussian_noise_0.1,126,7,0.689593493938446,0.0968041867017746,0.21360233426094055,1.171552780834265
PCA11,dinov2_b,gaussian_noise_0.1,127,7,0.07158581167459488,0.48206180334091187,0.4463523030281067,1.2992371112904526
PCA11,dinov2_b,gaussian_noise_0.1,128,7,0.685990035533905,0.18421636521816254,0.12979364395141602,1.2049197679250088
PCA11,dinov2_b,gaussian_noise_0.1,129,7,0.15565374493598938,0.41088107228279114,0.4334651231765747,1.4677202697585572
PCA11,dinov2_b,gaussian_noise_0.1,130,7,0.5522089600563049,0.062268927693367004,0.38552212715148926,1.252630538369512
PCA11,dinov2_b,gaussian_noise_0.1,131,7,0.01139560155570507,0.4733419716358185,0.5152624845504761,1.077231027338706
PCA11,dinov2_b,gaussian_noise_0.1,132,7,0.2970801591873169,0.3356843888759613,0.3672354519367218,1.5795902992085487
PCA11,dinov2_b,gaussian_noise_0.1,133,7,0.31798437237739563,0.35933566093444824,0.32267993688583374,1.5827698678911748
PCA11,dinov2_b,gaussian_noise_0.1,134,7,0.19710950553417206,0.5136407613754272,0.2892497479915619,1.4731541216045554
PCA11,dinov2_b,gaussian_noise_0.1,135,7,0.4385090470314026,0.14532269537448883,0.4161682724952698,1.4522665027757231
PCA11,dinov2_b,gaussian_noise_0.1,136,7,0.11653463542461395,0.5674281716346741,0.316037118434906,1.3504619157490767
PCA11,dinov2_b,gaussian_noise_0.1,137,7,0.5297852754592896,0.4428653120994568,0.027349447831511497,1.1479601052684816
PCA11,dinov2_b,gaussian_noise_0.1,138,7,0.3468044102191925,0.545076847076416,0.10811883211135864,1.3540342765196312
PCA11,dinov2_b,gaussian_noise_0.1,139,7,0.5086719989776611,0.05092081427574158,0.4404071867465973,1.235829935823019
PCA11,dinov2_b,gaussian_noise_0.1,140,7,0.2662304639816284,0.35450631380081177,0.3792632818222046,1.569170314710993
PCA11,dinov2_b,gaussian_noise_0.1,141,7,0.09156409651041031,0.5216914415359497,0.38674449920654297,1.3355911034496513
PCA11,dinov2_b,gaussian_noise_0.1,142,7,0.008360093459486961,0.39624476432800293,0.5953952074050903,1.0323063808332216
PCA11,dinov2_b,gaussian_noise_0.1,143,7,0.49828040599823,0.2561105787754059,0.2456090748310089,1.5015525223428634
PCA11,dinov2_b,gaussian_noise_0.1,144,7,0.4141734540462494,0.28632405400276184,0.2995024621486664,1.5642527009982383
PCA11,dinov2_b,gaussian_noise_0.1,145,7,0.2581859529018402,0.43128159642219543,0.31053251028060913,1.5515692795604434
PCA11,dinov2_b,gaussian_noise_0.1,146,7,0.18036623299121857,0.3911172151565552,0.42851659655570984,1.4992799146170048
PCA11,dinov2_b,gaussian_noise_0.1,147,7,0.41471734642982483,0.049922142177820206,0.5353605151176453,1.2250633705847904
PCA11,dinov2_b,gaussian_noise_0.1,148,7,0.4180939793586731,0.41746410727500916,0.16444191336631775,1.4803886500590158
PCA11,dinov2_b,gaussian_noise_0.1,149,7,0.019427210092544556,0.4971889555454254,0.4833838641643524,1.118644888182229
PCA11,dinov2_b,gaussian_noise_0.1,150,7,0.022144971415400505,0.4873611032962799,0.49049386382102966,1.1311680313726602
PCA11,dinov2_b,gaussian_noise_0.1,151,8,0.23634696006774902,0.36112987995147705,0.4025232195854187,1.5509461911966387
PCA11,dinov2_b,gaussian_noise_0.1,152,8,0.4375046491622925,0.46147239208221436,0.10102294385433197,1.3707459457765045
PCA11,dinov2_b,gaussian_noise_0.1,153,8,0.21843767166137695,0.5136986374855042,0.2678636610507965,1.4821298823982199
PCA11,dinov2_b,gaussian_noise_0.1,154,8,0.46395212411880493,0.37717434763908386,0.1588735729455948,1.4662648392897282
PCA11,dinov2_b,gaussian_noise_0.1,155,8,0.19372963905334473,0.31465262174606323,0.49161773920059204,1.4872315200161832
PCA11,dinov2_b,gaussian_noise_0.1,156,8,0.15600162744522095,0.4026648998260498,0.4413335621356964,1.4673777208201648
PCA11,dinov2_b,gaussian_noise_0.1,157,8,0.1721358597278595,0.3556254506111145,0.47223877906799316,1.4785430973204186
PCA11,dinov2_b,gaussian_noise_0.1,158,8,0.18190164864063263,0.35368067026138306,0.46441763639450073,1.4914721624036686
PCA11,dinov2_b,gaussian_noise_0.1,159,8,0.4148021638393402,0.4572041630744934,0.12799370288848877,1.422428528814548
PCA11,dinov2_b,gaussian_noise_0.1,160,8,0.27052074670791626,0.16052137315273285,0.5689578652381897,1.3968029272765765
PCA11,dinov2_b,gaussian_noise_0.1,161,8,0.5563322305679321,0.158111572265625,0.28555622696876526,1.4077086862909851
PCA11,dinov2_b,gaussian_noise_0.1,162,8,0.9655003547668457,0.0,0.034499671310186386,0.21647823067623947
PCA11,dinov2_b,gaussian_noise_0.1,163,8,0.19827662408351898,0.4429847300052643,0.35873866081237793,1.513793634210728
PCA11,dinov2_b,gaussian_noise_0.1,164,8,0.08825385570526123,0.44262465834617615,0.469121515750885,1.3418049937486871
PCA11,dinov2_b,gaussian_noise_0.1,165,8,0.10041308403015137,0.3348110616207123,0.564775824546814,1.3270105435001625
PCA11,dinov2_b,gaussian_noise_0.1,166,8,0.45307034254074097,0.17938482761383057,0.3675447404384613,1.4929031287859804
PCA11,dinov2_b,gaussian_noise_0.1,167,8,0.41196054220199585,0.2817501723766327,0.3062893748283386,1.5648190523277663
PCA11,dinov2_b,gaussian_noise_0.1,168,8,0.46386435627937317,0.29190200567245483,0.2442336529493332,1.5293033790801878
PCA11,dinov2_b,gaussian_noise_0.1,169,8,0.37936970591545105,0.17904889583587646,0.4415813982486725,1.4955390761791527
PCA11,dinov2_b,gaussian_noise_0.1,170,8,0.41396185755729675,0.3696023225784302,0.2164357453584671,1.5353574430190102
PCA11,dinov2_b,gaussian_noise_0.1,171,8,0.34461069107055664,0.39708438515663147,0.25830501317977905,1.5631926143677768
PCA11,dinov2_b,gaussian_noise_0.1,172,8,0.23102392256259918,0.2421943098306656,0.5267817378044128,1.4709574525261768
PCA11,dinov2_b,gaussian_noise_0.1,173,8,0.479986310005188,0.38115325570106506,0.1388605237007141,1.4341859268084636
PCA11,dinov2_b,gaussian_noise_0.1,174,8,0.20672474801540375,0.4281911551952362,0.36508408188819885,1.5248254166824435
PCA11,dinov2_b,gaussian_noise_0.1,175,8,0.34148484468460083,0.5270872712135315,0.1314278244972229,1.4010822049710039
PCA11,dinov2_b,gaussian_noise_0.1,176,8,0.19995099306106567,0.33767932653427124,0.4623696208000183,1.5078035450830745
PCA11,dinov2_b,gaussian_noise_0.1,177,8,0.2556106150150299,0.445540189743042,0.2988491654396057,1.5434503359336298
PCA11,dinov2_b,gaussian_noise_0.1,178,9,0.1385415941476822,0.5074117183685303,0.35404667258262634,1.422064307237512
PCA11,dinov2_b,gaussian_noise_0.1,179,9,0.20121899247169495,0.47098508477211,0.32779595255851746,1.5045243702351137
PCA11,dinov2_b,gaussian_noise_0.1,180,9,0.1957535594701767,0.4034068286418915,0.4008397161960602,1.5175939887772658
PCA11,dinov2_b,gaussian_noise_0.1,181,9,0.09087181836366653,0.3034542500972748,0.6056739091873169,1.2746327105677528
PCA11,dinov2_b,gaussian_noise_0.1,182,9,0.13105905055999756,0.4084688425064087,0.4604721963405609,1.4270300824415214
PCA11,dinov2_b,gaussian_noise_0.1,183,9,0.18790455162525177,0.46673551201820374,0.34536001086235046,1.496027803282185
PCA11,dinov2_b,gaussian_noise_0.1,184,9,0.08791393041610718,0.44849440455436707,0.4635915756225586,1.3413740103159637
PCA11,dinov2_b,gaussian_noise_0.1,185,9,0.11542730033397675,0.4030440151691437,0.48152872920036316,1.3956152215643056
PCA11,dinov2_b,gaussian_noise_0.1,186,9,0.550782322883606,0.15985016524791718,0.2893673777580261,1.4144409734846555
PCA11,dinov2_b,gaussian_noise_0.1,187,9,0.14550741016864777,0.44528529047966003,0.40920719504356384,1.4518759278099178
PCA11,dinov2_b,gaussian_noise_0.1,188,10,0.4075591266155243,0.2485640048980713,0.3438769578933716,1.556532457520225
PCA11,dinov2_b,gaussian_noise_0.1,189,10,0.3494943082332611,0.3985874354839325,0.2519182562828064,1.560060424895138
PCA11,dinov2_b,gaussian_noise_0.1,190,10,0.40080881118774414,0.3515948951244354,0.24759630858898163,1.5575260798080681
PCA11,dinov2_b,gaussian_noise_0.1,191,10,0.24476347863674164,0.297901451587677,0.45733511447906494,1.533646851722427
PCA11,dinov2_b,gaussian_noise_0.1,192,10,0.4139644503593445,0.3358079195022583,0.2502276301383972,1.5555235264160103
PCA11,dinov2_b,gaussian_noise_0.1,193,10,0.4840197265148163,0.16955383121967316,0.346426397562027,1.470608443168886
PCA11,dinov2_b,gaussian_noise_0.1,194,10,0.4487355351448059,0.27826637029647827,0.27299824357032776,1.5436319176985929
PCA11,dinov2_b,gaussian_noise_0.1,195,10,0.3005947470664978,0.39081740379333496,0.30858784914016724,1.574431963216905
PCA11,dinov2_b,gaussian_noise_0.1,196,10,0.28277260065078735,0.40035730600357056,0.3168700337409973,1.5694025445819477
PCA11,dinov2_b,gaussian_noise_0.1,197,10,0.05113062635064125,0.5862014889717102,0.3626677691936493,1.2017044325695516
PCA11,dinov2_b,gaussian_noise_0.1,198,10,0.313871294260025,0.26733964681625366,0.4187890589237213,1.5594064762948099
PCA11,dinov2_b,gaussian_noise_0.1,199,10,0.3255841135978699,0.31117549538612366,0.36324042081832886,1.5818645234087194
PCA11,dinov2_b,shot_noise_15,0,0,0.2753458321094513,0.29727262258529663,0.4273815155029297,1.5567427744038103
PCA11,dinov2_b,shot_noise_15,1,0,0.3386983275413513,0.28037112951278687,0.3809305429458618,1.5737960310726766
PCA11,dinov2_b,shot_noise_15,2,0,0.22113870084285736,0.40399158000946045,0.37486976385116577,1.5403169463374982
PCA11,dinov2_b,shot_noise_15,3,0,0.35393622517585754,0.40463197231292725,0.24143172800540924,1.5535356046678142
PCA11,dinov2_b,shot_noise_15,4,0,0.09658768028020859,0.35120275616645813,0.5522095561027527,1.3289640698282827
PCA11,dinov2_b,shot_noise_15,5,0,0.38023248314857483,0.4057501256465912,0.2140173763036728,1.534476875954471
PCA11,dinov2_b,shot_noise_15,6,0,0.23782940208911896,0.5066736340522766,0.2554970383644104,1.4927413734998909
PCA11,dinov2_b,shot_noise_15,7,0,0.23680028319358826,0.31581100821495056,0.4473887085914612,1.5364330246211013
PCA11,dinov2_b,shot_noise_15,8,0,0.13863790035247803,0.5609515309333801,0.30041050910949707,1.3842748865479748
PCA11,dinov2_b,shot_noise_15,9,0,0.34161582589149475,0.23235875368118286,0.4260253608226776,1.5430329429344125
PCA11,dinov2_b,shot_noise_15,10,1,0.048839762806892395,0.5858443379402161,0.3653159439563751,1.1953877769327739
PCA11,dinov2_b,shot_noise_15,11,1,0.05978481099009514,0.4636349678039551,0.47658029198646545,1.2666767076165586
PCA11,dinov2_b,shot_noise_15,12,1,0.060577087104320526,0.46220582723617554,0.47721704840660095,1.2689813772191423
PCA11,dinov2_b,shot_noise_15,13,1,0.25670817494392395,0.46412187814712524,0.27916985750198364,1.5314813614709157
PCA11,dinov2_b,shot_noise_15,14,1,0.5231825113296509,0.2665276825428009,0.21028979122638702,1.4704704236863244
PCA11,dinov2_b,shot_noise_15,15,1,0.3960341513156891,0.5822088122367859,0.021756980568170547,1.1037227332435138
PCA11,dinov2_b,shot_noise_15,16,1,0.3192501962184906,0.31385669112205505,0.3668930232524872,1.5813303906843008
PCA11,dinov2_b,shot_noise_15,17,1,0.5168339014053345,0.4142839312553406,0.06888223439455032,1.2846924092458982
PCA11,dinov2_b,shot_noise_15,18,1,0.2995159327983856,0.2276982069015503,0.4727858304977417,1.5179971495519355
PCA11,dinov2_b,shot_noise_15,19,1,0.374480664730072,0.37956488132476807,0.24595442414283752,1.5588236959963435
PCA11,dinov2_b,shot_noise_15,20,1,0.1531490832567215,0.3526845872402191,0.49416622519493103,1.4473852960494429
PCA11,dinov2_b,shot_noise_15,21,1,0.05968286469578743,0.4661106467247009,0.47420650720596313,1.2664515732942596
PCA11,dinov2_b,shot_noise_15,22,1,0.1370842158794403,0.4568127393722534,0.4061030447483063,1.437316343063723
PCA11,dinov2_b,shot_noise_15,23,1,0.4490875005722046,0.32229605317115784,0.22861643135547638,1.5318734688233435
PCA11,dinov2_b,shot_noise_15,24,1,0.5344530940055847,0.2714102268218994,0.19413678348064423,1.4528241701099083
PCA11,dinov2_b,shot_noise_15,25,1,0.02593243308365345,0.6898741126060486,0.2841934859752655,1.021960361746169
PCA11,dinov2_b,shot_noise_15,26,1,0.4382213354110718,0.24136264622211456,0.32041600346565247,1.5426868461057957
PCA11,dinov2_b,shot_noise_15,27,1,0.40542322397232056,0.4968912899494171,0.09768550843000412,1.3572301286067703
PCA11,dinov2_b,shot_noise_15,28,1,0.023923547938466072,0.4740433692932129,0.5020331144332886,1.1384340635434143
PCA11,dinov2_b,shot_noise_15,29,1,0.013658374547958374,0.5424842834472656,0.44385722279548645,1.0833864207878263
PCA11,dinov2_b,shot_noise_15,30,1,0.09227120876312256,0.43415969610214233,0.47356900572776794,1.3504999429467994
PCA11,dinov2_b,shot_noise_15,31,1,0.03664439544081688,0.6462727189064026,0.31708288192749023,1.1072442202639112
PCA11,dinov2_b,shot_noise_15,32,1,0.031745389103889465,0.40022575855255127,0.5680288672447205,1.1502415200896463
PCA11,dinov2_b,shot_noise_15,33,1,0.5898353457450867,0.24271737039089203,0.1674472540616989,1.3767308314506095
PCA11,dinov2_b,shot_noise_15,34,2,0.16550195217132568,0.3830248713493347,0.4514732360839844,1.4777545513363313
PCA11,dinov2_b,shot_noise_15,35,2,0.1340693235397339,0.32203346490859985,0.5438973903656006,1.3929586249048838
PCA11,dinov2_b,shot_noise_15,36,2,0.12300479412078857,0.48465675115585327,0.39233851432800293,1.407908936623126
PCA11,dinov2_b,shot_noise_15,37,2,0.16544902324676514,0.44595497846603394,0.3885959982872009,1.4788923889231929
PCA11,dinov2_b,shot_noise_15,38,2,0.3256653845310211,0.475106805562973,0.19922776520252228,1.5009170805906098
PCA11,dinov2_b,shot_noise_15,39,2,0.12698234617710114,0.610812783241272,0.26220494508743286,1.3188521952324281
PCA11,dinov2_b,shot_noise_15,40,2,0.05071757733821869,0.5533918142318726,0.39589059352874756,1.2197821187338533
PCA11,dinov2_b,shot_noise_15,41,2,0.05917331576347351,0.6610310077667236,0.2797955572605133,1.1502767240630782
PCA11,dinov2_b,shot_noise_15,42,2,0.19731830060482025,0.5255782008171082,0.27710360288619995,1.462808249843655
PCA11,dinov2_b,shot_noise_15,43,2,0.15903477370738983,0.543076753616333,0.2978886067867279,1.4206377953810496
PCA11,dinov2_b,shot_noise_15,44,2,0.11465053260326385,0.3248908817768097,0.5604587197303772,1.3533733681026758
PCA11,dinov2_b,shot_noise_15,45,2,0.08852845430374146,0.4660535752773285,0.44541800022125244,1.3426733294443285
PCA11,dinov2_b,shot_noise_15,46,2,0.1530006229877472,0.3716939091682434,0.4753054678440094,1.4551323675280807
PCA11,dinov2_b,shot_noise_15,47,2,0.36359310150146484,0.42736563086509705,0.2090412676334381,1.5268918504452276
PCA11,dinov2_b,shot_noise_15,48,2,0.10226499289274216,0.5408691167831421,0.3568659722805023,1.3464709610522068
PCA11,dinov2_b,shot_noise_15,49,2,0.10850060731172562,0.23156726360321045,0.6599321365356445,1.2320845077075222
PCA11,dinov2_b,shot_noise_15,50,3,0.6001834273338318,0.19809432327747345,0.20172230899333954,1.3706360769610937
PCA11,dinov2_b,shot_noise_15,51,3,0.3771122395992279,0.28059056401252747,0.34229719638824463,1.5744478565920366
PCA11,dinov2_b,shot_noise_15,52,3,0.4748690724372864,0.22397205233573914,0.3011588454246521,1.5150941636184698
PCA11,dinov2_b,shot_noise_15,53,3,0.3394477367401123,0.2658945918083191,0.39465761184692383,1.5666191791483022
PCA11,dinov2_b,shot_noise_15,54,3,0.4270985424518585,0.27769485116004944,0.29520657658576965,1.5571257111252816
PCA11,dinov2_b,shot_noise_15,55,3,0.3300812244415283,0.3051401972770691,0.36477863788604736,1.5810932489347467
PCA11,dinov2_b,shot_noise_15,56,3,0.23379023373126984,0.4614648222923279,0.30474501848220825,1.527482986087448
PCA11,dinov2_b,shot_noise_15,57,3,0.4052002727985382,0.2144206166267395,0.3803790509700775,1.5348616308503644
PCA11,dinov2_b,shot_noise_15,58,3,0.3555928170681,0.19601888954639435,0.4483882188796997,1.510131992834471
PCA11,dinov2_b,shot_noise_15,59,3,0.2537465989589691,0.3760111331939697,0.37024232745170593,1.5633837424949433
PCA11,dinov2_b,shot_noise_15,60,3,0.4077526926994324,0.22444385290145874,0.3678034245967865,1.5422703334100167
PCA11,dinov2_b,shot_noise_15,61,3,0.3962271213531494,0.3256106972694397,0.2781620919704437,1.5697810747167722
PCA11,dinov2_b,shot_noise_15,62,3,0.13380935788154602,0.5960653424263,0.2701253890991211,1.3432961584858512
PCA11,dinov2_b,shot_noise_15,63,3,0.328212171792984,0.3042454421520233,0.3675423860549927,1.5805686856302787
PCA11,dinov2_b,shot_noise_15,64,3,0.46863678097724915,0.3606123924255371,0.17075084149837494,1.4784888898429462
PCA11,dinov2_b,shot_noise_15,65,3,0.4008878767490387,0.25763869285583496,0.3414735198020935,1.562089664796519
PCA11,dinov2_b,shot_noise_15,66,3,0.2537679970264435,0.3693115711212158,0.3769204616546631,1.563371851414824
PCA11,dinov2_b,shot_noise_15,67,4,0.3836045265197754,0.23034489154815674,0.38605058193206787,1.5482615434365168
PCA11,dinov2_b,shot_noise_15,68,4,0.143440842628479,0.48423612117767334,0.37232306599617004,1.439161072422153
PCA11,dinov2_b,shot_noise_15,69,4,0.29216039180755615,0.3690251111984253,0.33881455659866333,1.5784048662845627
PCA11,dinov2_b,shot_noise_15,70,4,0.32451117038726807,0.3337049186229706,0.34178391098976135,1.584639017965101
PCA11,dinov2_b,shot_noise_15,71,4,0.2886834442615509,0.43767398595809937,0.27364251017570496,1.5507981586568942
PCA11,dinov2_b,shot_noise_15,72,4,0.3155929744243622,0.3557818531990051,0.32862526178359985,1.5831539721269634
PCA11,dinov2_b,shot_noise_15,73,4,0.34523385763168335,0.3526791036128998,0.30208709836006165,1.5816828132811849
PCA11,dinov2_b,shot_noise_15,74,4,0.37092024087905884,0.38809582591056824,0.2409839630126953,1.555408398062451
PCA11,dinov2_b,shot_noise_15,75,4,0.30459633469581604,0.31335172057151794,0.38205206394195557,1.5773369104654003
PCA11,dinov2_b,shot_noise_15,76,4,0.40333423018455505,0.22833189368247986,0.3683338761329651,1.5456146391765362
PCA11,dinov2_b,shot_noise_15,77,4,0.3735775351524353,0.28063979744911194,0.34578269720077515,1.574906434887903
PCA11,dinov2_b,shot_noise_15,78,4,0.3353946805000305,0.3282318413257599,0.3363734483718872,1.5848767748496144
PCA11,dinov2_b,shot_noise_15,79,4,0.2734074294567108,0.36516931653022766,0.361423134803772,1.572890353616509
PCA11,dinov2_b,shot_noise_15,80,4,0.41547852754592896,0.30518120527267456,0.27934029698371887,1.5629849599677645
PCA11,dinov2_b,shot_noise_15,81,4,0.5010070204734802,0.13213104009628296,0.36686190962791443,1.4161057239282144
PCA11,dinov2_b,shot_noise_15,82,4,0.22222301363945007,0.3661316931247711,0.41164520382881165,1.5400606517714412
PCA11,dinov2_b,shot_noise_15,83,4,0.1420665830373764,0.4283285140991211,0.4296048581600189,1.4475575810131107
PCA11,dinov2_b,shot_noise_15,84,4,0.30247020721435547,0.3562776744365692,0.34125199913978577,1.581585836482785
PCA11,dinov2_b,shot_noise_15,85,4,0.27487239241600037,0.34688088297843933,0.3782466948032379,1.5725182736986172
PCA11,dinov2_b,shot_noise_15,86,4,0.2799229919910431,0.36097076535224915,0.35910627245903015,1.5754193830396142
PCA11,dinov2_b,shot_noise_15,87,5,0.033588748425245285,0.3546651005744934,0.6117461919784546,1.1285626232566721
PCA11,dinov2_b,shot_noise_15,88,5,0.06581295281648636,0.5607098937034607,0.37347710132598877,1.257034168017184
PCA11,dinov2_b,shot_noise_15,89,5,0.06571269780397415,0.5089874267578125,0.4252999424934387,1.2785893178059509
PCA11,dinov2_b,shot_noise_15,90,5,0.08086922019720078,0.5102912783622742,0.40883952379226685,1.3162711791646993
PCA11,dinov2_b,shot_noise_15,91,5,0.14479754865169525,0.36591407656669617,0.48928841948509216,1.4389852654538573
PCA11,dinov2_b,shot_noise_15,92,5,0.035389237105846405,0.2327825278043747,0.7318282127380371,0.989756649128143
PCA11,dinov2_b,shot_noise_15,93,5,0.0900418758392334,0.41287776827812195,0.49708038568496704,1.3409391554868892
PCA11,dinov2_b,shot_noise_15,94,5,0.17699368298053741,0.48871099948883057,0.3342953026294708,1.4754389844032039
PCA11,dinov2_b,shot_noise_15,95,5,0.016791390255093575,0.48799821734428406,0.4952104091644287,1.1061950642376082
PCA11,dinov2_b,shot_noise_15,96,5,0.14666880667209625,0.3767806887626648,0.47655054926872253,1.4463382825802387
PCA11,dinov2_b,shot_noise_15,97,5,0.08273765444755554,0.33546990156173706,0.581792414188385,1.2807089560441205
PCA11,dinov2_b,shot_noise_15,98,5,0.04892371594905853,0.54372239112854,0.4073539078235626,1.2187303354587715
PCA11,dinov2_b,shot_noise_15,99,5,0.08906469494104385,0.5362990498542786,0.3746362626552582,1.3234698803483873
PCA11,dinov2_b,shot_noise_15,100,5,0.048375483602285385,0.42786112427711487,0.5237633585929871,1.2240966433083196
PCA11,dinov2_b,shot_noise_15,101,5,0.129929319024086,0.23659074306488037,0.63347989320755,1.2917650365332143
PCA11,dinov2_b,shot_noise_15,102,5,0.05385642498731613,0.3898452818393707,0.5562983155250549,1.227467707404213
PCA11,dinov2_b,shot_noise_15,103,5,0.08619615435600281,0.44604501128196716,0.4677588641643524,1.3370755965789487
PCA11,dinov2_b,shot_noise_15,104,5,0.0592615082859993,0.2915817201137543,0.6491567492485046,1.1646945385038983
PCA11,dinov2_b,shot_noise_15,105,5,0.05954320728778839,0.5138633251190186,0.4265936017036438,1.260235691066402
PCA11,dinov2_b,shot_noise_15,106,5,0.27308890223503113,0.12176571786403656,0.6051454544067383,1.3197933173065197
PCA11,dinov2_b,shot_noise_15,107,5,0.0794961079955101,0.3771701157093048,0.5433337092399597,1.299149357620149
PCA11,dinov2_b,shot_noise_15,108,5,0.19855403900146484,0.40523210167884827,0.3962138891220093,1.520399483000889
PCA11,dinov2_b,shot_noise_15,109,6,0.09504540264606476,0.48023033142089844,0.42472416162490845,1.3555874124035416
PCA11,dinov2_b,shot_noise_15,110,6,0.04039287194609642,0.3923138678073883,0.5672932267189026,1.1805527337142387
PCA11,dinov2_b,shot_noise_15,111,6,0.38433605432510376,0.25152793526649475,0.3641360402107239,1.5617696346117254
PCA11,dinov2_b,shot_noise_15,112,6,0.5438781976699829,0.030506504699587822,0.4256153106689453,1.155986853845783
PCA11,dinov2_b,shot_noise_15,113,6,0.3857269883155823,0.49451708793640137,0.11975587159395218,1.3991791661083832
PCA11,dinov2_b,shot_noise_15,114,6,0.515707790851593,0.4489034116268158,0.03538873419165611,1.1820058917659153
PCA11,dinov2_b,shot_noise_15,115,6,0.40999990701675415,0.5536854863166809,0.036314599215984344,1.1733055613940993
PCA11,dinov2_b,shot_noise_15,116,6,0.01972774788737297,0.227655291557312,0.7526169419288635,0.9063744785261538
PCA11,dinov2_b,shot_noise_15,117,6,0.31271567940711975,0.3035559058189392,0.38372841477394104,1.5768061517705356
PCA11,dinov2_b,shot_noise_15,118,6,0.37827160954475403,0.05159280076622963,0.5701354742050171,1.213339366105727
PCA11,dinov2_b,shot_noise_15,119,6,0.502171516418457,0.43212851881980896,0.06569992005825043,1.2801764305777128
PCA11,dinov2_b,shot_noise_15,120,6,0.599589467048645,0.047430384904146194,0.3529801070690155,1.1813663801570509
PCA11,dinov2_b,shot_noise_15,121,6,0.3781507909297943,0.4776100814342499,0.1442391574382782,1.442637572477354
PCA11,dinov2_b,shot_noise_15,122,6,0.011376278474926949,0.6340100765228271,0.35461366176605225,1.0206669831148067
PCA11,dinov2_b,shot_noise_15,123,6,0.3871779143810272,0.26539668440818787,0.34742555022239685,1.5678321385769924
PCA11,dinov2_b,shot_noise_15,124,6,0.45546984672546387,0.46139803528785706,0.08313214778900146,1.329960676940576
PCA11,dinov2_b,shot_noise_15,125,6,0.0750998929142952,0.5479555726051331,0.37694457173347473,1.2866332768621782
PCA11,dinov2_b,shot_noise_15,126,7,0.028511185199022293,0.6167706251144409,0.35471823811531067,1.1067316508325884
PCA11,dinov2_b,shot_noise_15,127,7,0.053292278200387955,0.5199019312858582,0.4268058240413666,1.2403142910509422
PCA11,dinov2_b,shot_noise_15,128,7,0.00966793205589056,0.34743404388427734,0.6428979635238647,1.0043494281374503
PCA11,dinov2_b,shot_noise_15,129,7,0.09733658283948898,0.44971081614494324,0.45295250415802,1.3631504898483364
PCA11,dinov2_b,shot_noise_15,130,7,0.03902429714798927,0.5166653990745544,0.4443102478981018,1.1948427870502072
PCA11,dinov2_b,shot_noise_15,131,7,0.40332409739494324,0.5633386373519897,0.033337146043777466,1.1583286380640538
PCA11,dinov2_b,shot_noise_15,132,7,0.3024771511554718,0.4070984423160553,0.2904244661331177,1.5676765817316691
PCA11,dinov2_b,shot_noise_15,133,7,0.003822214435786009,0.633155107498169,0.36302274465560913,0.9788719905361707
PCA11,dinov2_b,shot_noise_15,134,7,0.4199574589729309,0.40657687187194824,0.1734655648469925,1.4919496483539008
PCA11,dinov2_b,shot_noise_15,135,7,0.050152890384197235,0.48382431268692017,0.4660227298736572,1.2366525138340125
PCA11,dinov2_b,shot_noise_15,136,7,0.04405197128653526,0.689073920249939,0.2668740749359131,1.0772572930716575
PCA11,dinov2_b,shot_noise_15,137,7,0.5298249125480652,0.464398056268692,0.005776997655630112,1.0423799480471738
PCA11,dinov2_b,shot_noise_15,138,7,0.133152037858963,0.37542450428009033,0.49142345786094666,1.421636818019539
PCA11,dinov2_b,shot_noise_15,139,7,0.5069559812545776,0.17732393741607666,0.3157201111316681,1.4645018125804032
PCA11,dinov2_b,shot_noise_15,140,7,0.2548028230667114,0.3439750075340271,0.401222288608551,1.560823719126124
PCA11,dinov2_b,shot_noise_15,141,7,0.17239288985729218,0.30040520429611206,0.5272018313407898,1.4453453927003053
PCA11,dinov2_b,shot_noise_15,142,7,0.007169657852500677,0.42473942041397095,0.5680909156799316,1.0392297840654914
PCA11,dinov2_b,shot_noise_15,143,7,0.255602091550827,0.42113110423088074,0.32326677441596985,1.555127215051057
PCA11,dinov2_b,shot_noise_15,144,7,0.38304397463798523,0.3957412838935852,0.22121475636959076,1.5410153207396493
PCA11,dinov2_b,shot_noise_15,145,7,0.3841973841190338,0.2677517533302307,0.3480508029460907,1.5691806179774324
PCA11,dinov2_b,shot_noise_15,146,7,0.02900216169655323,0.3756902515888214,0.5953075289726257,1.1242176849858971
PCA11,dinov2_b,shot_noise_15,147,7,0.0006546891527250409,0.4660491645336151,0.5332962274551392,1.0039474423972312
PCA11,dinov2_b,shot_noise_15,148,7,0.04892156273126602,0.5762121081352234,0.37486642599105835,1.2018948688593083
PCA11,dinov2_b,shot_noise_15,149,7,0.0035293595865368843,0.4113706350326538,0.585099995136261,1.0083441325287068
PCA11,dinov2_b,shot_noise_15,150,7,0.0040651727467775345,0.4790080189704895,0.5169268250465393,1.033033532797412
PCA11,dinov2_b,shot_noise_15,151,8,0.0846555158495903,0.4729744791984558,0.4423699676990509,1.3329806484910196
PCA11,dinov2_b,shot_noise_15,152,8,0.3587173819541931,0.25931793451309204,0.3819645941257477,1.5658710464668406
PCA11,dinov2_b,shot_noise_15,153,8,0.29370060563087463,0.10200421512126923,0.6042951941490173,1.2941962605021247
PCA11,dinov2_b,shot_noise_15,154,8,0.3486768901348114,0.24465253949165344,0.4066706597805023,1.5548244549931787
PCA11,dinov2_b,shot_noise_15,155,8,0.1770046502351761,0.41697195172309875,0.40602338314056396,1.4963705817769635
PCA11,dinov2_b,shot_noise_15,156,8,0.07012306898832321,0.4123283624649048,0.5175485014915466,1.287652782774909
PCA11,dinov2_b,shot_noise_15,157,8,0.20511457324028015,0.45074260234832764,0.3441428244113922,1.516582111274439
PCA11,dinov2_b,shot_noise_15,158,8,0.16574837267398834,0.47330859303474426,0.360943078994751,1.4711869326002986
PCA11,dinov2_b,shot_noise_15,159,8,0.087996706366539,0.46614259481430054,0.44586077332496643,1.3414253911515013
PCA11,dinov2_b,shot_noise_15,160,8,0.12420586496591568,0.34660792350769043,0.5291863679885864,1.389466280483119
PCA11,dinov2_b,shot_noise_15,161,8,0.5059587359428406,0.42405471205711365,0.06998656690120697,1.2906770593777064
PCA11,dinov2_b,shot_noise_15,162,8,0.43136176466941833,0.2520240843296051,0.31661415100097656,1.5496978597779192
PCA11,dinov2_b,shot_noise_15,163,8,0.20436207950115204,0.48307159543037415,0.3125663101673126,1.4996417777735411
PCA11,dinov2_b,shot_noise_15,164,8,0.21991822123527527,0.37184587121009827,0.40823596715927124,1.5388749389139873
PCA11,dinov2_b,shot_noise_15,165,8,0.1920948475599289,0.30908137559890747,0.49882373213768005,1.4812911888570928
PCA11,dinov2_b,shot_noise_15,166,8,0.3480279743671417,0.16436606645584106,0.48760589957237244,1.4633903400107784
PCA11,dinov2_b,shot_noise_15,167,8,0.2641085982322693,0.3295800983905792,0.40631136298179626,1.5629927952714207
PCA11,dinov2_b,shot_noise_15,168,8,0.3738994896411896,0.17428801953792572,0.4518125653266907,1.4878214553999487
PCA11,dinov2_b,shot_noise_15,169,8,0.5308472514152527,0.0,0.46915262937545776,0.9972526463493593
PCA11,dinov2_b,shot_noise_15,170,8,0.49834030866622925,0.42909255623817444,0.07256704568862915,1.2991309564824092
PCA11,dinov2_b,shot_noise_15,171,8,0.12171994894742966,0.5026998519897461,0.3755800724029541,1.3992459817609473
PCA11,dinov2_b,shot_noise_15,172,8,0.1612362563610077,0.3224862813949585,0.5162774324417114,1.4434311802853517
PCA11,dinov2_b,shot_noise_15,173,8,0.23802755773067474,0.07434425503015518,0.6876282095909119,1.1431962492037526
PCA11,dinov2_b,shot_noise_15,174,8,0.2380732297897339,0.09418266266584396,0.6677441000938416,1.2029973039519941
PCA11,dinov2_b,shot_noise_15,175,8,0.34651118516921997,0.2773053050041199,0.3761836290359497,1.5735686893730314
PCA11,dinov2_b,shot_noise_15,176,8,0.19885069131851196,0.3494971990585327,0.45165207982063293,1.5113510622560347
PCA11,dinov2_b,shot_noise_15,177,8,0.10188013315200806,0.4877157211303711,0.41040411591529846,1.3682405801288717
PCA11,dinov2_b,shot_noise_15,178,9,0.17050227522850037,0.32974973320961,0.4997479021549225,1.463039808184527
PCA11,dinov2_b,shot_noise_15,179,9,0.2713862955570221,0.4008147716522217,0.32779884338378906,1.5667735423018085
PCA11,dinov2_b,shot_noise_15,180,9,0.07654593884944916,0.39442744851112366,0.5290265679359436,1.2991417543003116
PCA11,dinov2_b,shot_noise_15,181,9,0.08795996755361557,0.3487873375415802,0.5632527470588684,1.304942140106978
PCA11,dinov2_b,shot_noise_15,182,9,0.13530193269252777,0.429634690284729,0.43506333231925964,1.4364749913446424
PCA11,dinov2_b,shot_noise_15,183,9,0.09916792809963226,0.328230619430542,0.5726015567779541,1.3187610937143894
PCA11,dinov2_b,shot_noise_15,184,9,0.14016443490982056,0.4073866307735443,0.4524489939212799,1.4428005024581991
PCA11,dinov2_b,shot_noise_15,185,9,0.08434521406888962,0.37760642170906067,0.5380483269691467,1.3125783890970597
PCA11,dinov2_b,shot_noise_15,186,9,0.04163745418190956,0.5596292018890381,0.39873331785202026,1.1885349123892104
PCA11,dinov2_b,shot_noise_15,187,9,0.10689861327409744,0.4552713632583618,0.43783003091812134,1.383345446299912
PCA11,dinov2_b,shot_noise_15,188,10,0.39286574721336365,0.3071170747280121,0.30001717805862427,1.5736983962329294
PCA11,dinov2_b,shot_noise_15,189,10,0.2510882019996643,0.3820887506008148,0.3668230175971985,1.561685653903494
PCA11,dinov2_b,shot_noise_15,190,10,0.36412402987480164,0.4508068263530731,0.18506911396980286,1.499308954733373
PCA11,dinov2_b,shot_noise_15,191,10,0.4366534352302551,0.2720350921154022,0.29131147265434265,1.551261045106571
PCA11,dinov2_b,shot_noise_15,192,10,0.2822243869304657,0.39479342103004456,0.3229821026325226,1.571048430390016
PCA11,dinov2_b,shot_noise_15,193,10,0.562017023563385,0.15985070168972015,0.27813228964805603,1.403526159737718
PCA11,dinov2_b,shot_noise_15,194,10,0.32819995284080505,0.2807018458843231,0.3910982310771942,1.5717309777661366
PCA11,dinov2_b,shot_noise_15,195,10,0.2955094575881958,0.3614307940006256,0.34305980801582336,1.5798771585197078
PCA11,dinov2_b,shot_noise_15,196,10,0.30637335777282715,0.25549226999282837,0.4381343722343445,1.5474655799970658
PCA11,dinov2_b,shot_noise_15,197,10,0.11533019691705704,0.5176393985748291,0.36703044176101685,1.3818709460521128
PCA11,dinov2_b,shot_noise_15,198,10,0.3269682824611664,0.3776107728481293,0.29542097449302673,1.5775723575514766
PCA11,dinov2_b,shot_noise_15,199,10,0.3708341717720032,0.256204217672348,0.3729616105556488,1.56475568762903
PCA11,dinov2_b,impulse_noise_0.05,0,0,0.1289157271385193,0.35929593443870544,0.5117883086204529,1.4061850971077083
PCA11,dinov2_b,impulse_noise_0.05,1,0,0.2492816150188446,0.3058057427406311,0.4449125826358795,1.5421543814119278
PCA11,dinov2_b,impulse_noise_0.05,2,0,0.22496210038661957,0.3460550606250763,0.42898276448249817,1.5377502393465794
PCA11,dinov2_b,impulse_noise_0.05,3,0,0.2716720998287201,0.3981209993362427,0.3302069306373596,1.5676069132965842
PCA11,dinov2_b,impulse_noise_0.05,4,0,0.3768833875656128,0.14478804171085358,0.47832849621772766,1.443153434507738
PCA11,dinov2_b,impulse_noise_0.05,5,0,0.4515264332294464,0.4728527069091797,0.07562088221311569,1.310582094741915
PCA11,dinov2_b,impulse_noise_0.05,6,0,0.2712479829788208,0.2780621349811554,0.45068982243537903,1.5422219573553206
PCA11,dinov2_b,impulse_noise_0.05,7,0,0.08787209540605545,0.5795544981956482,0.3325733542442322,1.292606384189994
PCA11,dinov2_b,impulse_noise_0.05,8,0,0.15841788053512573,0.12351666390895844,0.7180653810501099,1.1368834015692055
PCA11,dinov2_b,impulse_noise_0.05,9,0,0.2775398790836334,0.4145229160785675,0.3079372048377991,1.5631526210835285
PCA11,dinov2_b,impulse_noise_0.05,10,1,0.1420385241508484,0.39007240533828735,0.46788904070854187,1.4424159871205164
PCA11,dinov2_b,impulse_noise_0.05,11,1,0.4865766167640686,0.2670353949069977,0.24638792872428894,1.5123042555880122
PCA11,dinov2_b,impulse_noise_0.05,12,1,0.05694360285997391,0.5297603011131287,0.413296103477478,1.2478455121467533
PCA11,dinov2_b,impulse_noise_0.05,13,1,0.20005205273628235,0.5544156432151794,0.2455323487520218,1.4336692015558168
PCA11,dinov2_b,impulse_noise_0.05,14,1,0.2692829370498657,0.33152028918266296,0.3991967737674713,1.566623011267744
PCA11,dinov2_b,impulse_noise_0.05,15,1,0.0006514799315482378,0.27010634541511536,0.729242205619812,0.8491559776172006
PCA11,dinov2_b,impulse_noise_0.05,16,1,0.38071033358573914,0.0800890177488327,0.5392006039619446,1.30260796386578
PCA11,dinov2_b,impulse_noise_0.05,17,1,0.2712763845920563,0.29599395394325256,0.4327296316623688,1.5533962699961184
PCA11,dinov2_b,impulse_noise_0.05,18,1,0.3435449004173279,0.47799021005630493,0.178464874625206,1.482299537818916
PCA11,dinov2_b,impulse_noise_0.05,19,1,0.30021461844444275,0.3403920531272888,0.3593934178352356,1.5809662421801094
PCA11,dinov2_b,impulse_noise_0.05,20,1,0.29061105847358704,0.12230054289102554,0.5870884656906128,1.3399558817851052
PCA11,dinov2_b,impulse_noise_0.05,21,1,0.46285954117774963,0.187336266040802,0.349804162979126,1.497147312037724
PCA11,dinov2_b,impulse_noise_0.05,22,1,0.07098925113677979,0.5384511947631836,0.390559583902359,1.281559959569837
PCA11,dinov2_b,impulse_noise_0.05,23,1,0.22401757538318634,0.42953354120254517,0.3464488685131073,1.5369889936584942
PCA11,dinov2_b,impulse_noise_0.05,24,1,0.3082640469074249,0.16073012351989746,0.5310057401657104,1.4321651843984138
PCA11,dinov2_b,impulse_noise_0.05,25,1,0.00858816597610712,0.49550992250442505,0.495901882648468,1.06269278322739
PCA11,dinov2_b,impulse_noise_0.05,26,1,0.3076125681400299,0.42619821429252625,0.26618921756744385,1.5558693600360127
PCA11,dinov2_b,impulse_noise_0.05,27,1,0.3484266996383667,0.1982414275407791,0.45333194732666016,1.5102257166902726
PCA11,dinov2_b,impulse_noise_0.05,28,1,0.41985511779785156,0.46133914589881897,0.11880563944578171,1.4057030491622589
PCA11,dinov2_b,impulse_noise_0.05,29,1,0.33919551968574524,0.37137526273727417,0.28942927718162537,1.5775019813777895
PCA11,dinov2_b,impulse_noise_0.05,30,1,0.06393157690763474,0.4225025773048401,0.5135658383369446,1.2725260039508401
PCA11,dinov2_b,impulse_noise_0.05,31,1,0.6569258570671082,0.22647987306118011,0.11659424751996994,1.2449626877680569
PCA11,dinov2_b,impulse_noise_0.05,32,1,0.47118160128593445,0.42300671339035034,0.1058116927742958,1.3794672192157733
PCA11,dinov2_b,impulse_noise_0.05,33,1,0.5766267776489258,0.20351670682430267,0.21985659003257751,1.4059092803516682
PCA11,dinov2_b,impulse_noise_0.05,34,2,0.17760634422302246,0.47574228048324585,0.34665143489837646,1.4825286267921614
PCA11,dinov2_b,impulse_noise_0.05,35,2,0.07725102454423904,0.6020769476890564,0.32067200541496277,1.2522651777359544
PCA11,dinov2_b,impulse_noise_0.05,36,2,0.08686847239732742,0.510028064250946,0.4031035304069519,1.330009030625908
PCA11,dinov2_b,impulse_noise_0.05,37,2,0.2055632621049881,0.4874584674835205,0.3069782853126526,1.4975166354246316
PCA11,dinov2_b,impulse_noise_0.05,38,2,0.38381707668304443,0.33825358748435974,0.27792930603027344,1.5726093456347914
PCA11,dinov2_b,impulse_noise_0.05,39,2,0.31718918681144714,0.33641722798347473,0.34639352560043335,1.5840042389383149
PCA11,dinov2_b,impulse_noise_0.05,40,2,0.05323134735226631,0.6062321066856384,0.3405364751815796,1.1922214592226807
PCA11,dinov2_b,impulse_noise_0.05,41,2,0.36026522517204285,0.276088684797287,0.36364611983299255,1.5739663949927836
PCA11,dinov2_b,impulse_noise_0.05,42,2,0.22932910919189453,0.31199705600738525,0.4586738049983978,1.527250326111604
PCA11,dinov2_b,impulse_noise_0.05,43,2,0.15122520923614502,0.26279494166374207,0.5859797596931458,1.3706252280959892
PCA11,dinov2_b,impulse_noise_0.05,44,2,0.11274705827236176,0.44436705112457275,0.4428858757019043,1.3953978740622173
PCA11,dinov2_b,impulse_noise_0.05,45,2,0.10408114641904831,0.7022822499275208,0.1936367154121399,1.1564645690086013
PCA11,dinov2_b,impulse_noise_0.05,46,2,0.32943812012672424,0.51935875415802,0.15120312571525574,1.4307249301932554
PCA11,dinov2_b,impulse_noise_0.05,47,2,0.32513874769210815,0.2510378062725067,0.4238235354423523,1.5524741046818185
PCA11,dinov2_b,impulse_noise_0.05,48,2,0.10507557541131973,0.33398130536079407,0.5609431266784668,1.3378281943564432
PCA11,dinov2_b,impulse_noise_0.05,49,2,0.21214613318443298,0.3356595039367676,0.45219433307647705,1.5209391625662834
PCA11,dinov2_b,impulse_noise_0.05,50,3,0.4027095437049866,0.4199966788291931,0.1772938370704651,1.4965651431199187
PCA11,dinov2_b,impulse_noise_0.05,51,3,0.22639316320419312,0.3898337483406067,0.38377314805984497,1.5452431692344386
PCA11,dinov2_b,impulse_noise_0.05,52,3,0.5342602133750916,0.23002101480960846,0.23571878671646118,1.462300096024071
PCA11,dinov2_b,impulse_noise_0.05,53,3,0.5643497109413147,0.06997936964035034,0.3656708896160126,1.2650135897481585
PCA11,dinov2_b,impulse_noise_0.05,54,3,0.19390404224395752,0.3431341350078583,0.4629617929458618,1.5027664857567675
PCA11,dinov2_b,impulse_noise_0.05,55,3,0.5155825018882751,0.37876901030540466,0.10564851015806198,1.3658443087588474
PCA11,dinov2_b,impulse_noise_0.05,56,3,0.4906087815761566,0.31415557861328125,0.19523562490940094,1.4889243379608699
PCA11,dinov2_b,impulse_noise_0.05,57,3,0.529742956161499,0.39083442091941833,0.07942260056734085,1.3055412487453792
PCA11,dinov2_b,impulse_noise_0.05,58,3,0.3679908215999603,0.3648641109466553,0.2671450674533844,1.5701834009790412
PCA11,dinov2_b,impulse_noise_0.05,59,3,0.42167964577674866,0.3080848455429077,0.27023544907569885,1.5587598819976969
PCA11,dinov2_b,impulse_noise_0.05,60,3,0.5541635155677795,0.17867256700992584,0.26716384291648865,1.4246006322971905
PCA11,dinov2_b,impulse_noise_0.05,61,3,0.49456071853637695,0.4147149920463562,0.0907243937253952,1.3430945117303654
PCA11,dinov2_b,impulse_noise_0.05,62,3,0.0745701938867569,0.3352392017841339,0.5901905298233032,1.2568545309324861
PCA11,dinov2_b,impulse_noise_0.05,63,3,0.28245243430137634,0.3322584331035614,0.38528910279273987,1.573488786216744
PCA11,dinov2_b,impulse_noise_0.05,64,3,0.5156329274177551,0.33470678329467773,0.14966019988059998,1.4313470641279793
PCA11,dinov2_b,impulse_noise_0.05,65,3,0.30863869190216064,0.42452991008758545,0.26683127880096436,1.5567798045525612
PCA11,dinov2_b,impulse_noise_0.05,66,3,0.6161574721336365,0.2612863779067993,0.12255623936653137,1.307552927620807
PCA11,dinov2_b,impulse_noise_0.05,67,4,0.30849677324295044,0.1987125277519226,0.49279072880744934,1.4897818534401928
PCA11,dinov2_b,impulse_noise_0.05,68,4,0.17018066346645355,0.5315403938293457,0.29827889800071716,1.4399953041897124
PCA11,dinov2_b,impulse_noise_0.05,69,4,0.343666136264801,0.4069933593273163,0.2493404597043991,1.5570323254772458
PCA11,dinov2_b,impulse_noise_0.05,70,4,0.5244247317314148,0.2973978519439697,0.17817749083042145,1.4520627430248811
PCA11,dinov2_b,impulse_noise_0.05,71,4,0.3086061179637909,0.36659327149391174,0.32480064034461975,1.5811283788448744
PCA11,dinov2_b,impulse_noise_0.05,72,4,0.30825570225715637,0.4120509624481201,0.27969345450401306,1.5645126436639412
PCA11,dinov2_b,impulse_noise_0.05,73,4,0.2847464084625244,0.25208327174186707,0.4631703197956085,1.531477845052088
PCA11,dinov2_b,impulse_noise_0.05,74,4,0.07838273793458939,0.5206437110900879,0.4009736180305481,1.3068314539516406
PCA11,dinov2_b,impulse_noise_0.05,75,4,0.42642727494239807,0.35442695021629333,0.2191457897424698,1.534663083159115
PCA11,dinov2_b,impulse_noise_0.05,76,4,0.5399254560470581,0.18965837359428406,0.2704160809516907,1.445191485755537
PCA11,dinov2_b,impulse_noise_0.05,77,4,0.4627394378185272,0.24458162486553192,0.29267892241477966,1.5301407523366115
PCA11,dinov2_b,impulse_noise_0.05,78,4,0.3630922734737396,0.3221126198768616,0.3147951066493988,1.582067187903386
PCA11,dinov2_b,impulse_noise_0.05,79,4,0.35565614700317383,0.16930346190929413,0.47504037618637085,1.4743860430076512
PCA11,dinov2_b,impulse_noise_0.05,80,4,0.3810311555862427,0.4155324101448059,0.20343638956546783,1.5242332053374323
PCA11,dinov2_b,impulse_noise_0.05,81,4,0.3069709539413452,0.38604527711868286,0.30698373913764954,1.576154665135728
PCA11,dinov2_b,impulse_noise_0.05,82,4,0.30077964067459106,0.4036199748516083,0.29560038447380066,1.5693763760629178
PCA11,dinov2_b,impulse_noise_0.05,83,4,0.25566503405570984,0.38841670751571655,0.3559182286262512,1.5634452491022501
PCA11,dinov2_b,impulse_noise_0.05,84,4,0.3782651722431183,0.47292765974998474,0.14880704879760742,1.4504300883175518
PCA11,dinov2_b,impulse_noise_0.05,85,4,0.25573819875717163,0.4430824816226959,0.30117934942245483,1.5448721775753544
PCA11,dinov2_b,impulse_noise_0.05,86,4,0.3335200250148773,0.5291529297828674,0.13732707500457764,1.4075860734275016
PCA11,dinov2_b,impulse_noise_0.05,87,5,0.023505408316850662,0.4928259253501892,0.48366856575012207,1.1371266380771665
PCA11,dinov2_b,impulse_noise_0.05,88,5,0.05545641854405403,0.49064531922340393,0.45389822125434875,1.2526501420915523
PCA11,dinov2_b,impulse_noise_0.05,89,5,0.17177006602287292,0.3778451383113861,0.4503847062587738,1.485379108591764
PCA11,dinov2_b,impulse_noise_0.05,90,5,0.08140119165182114,0.34675145149230957,0.5718474984169006,1.2854997460336723
PCA11,dinov2_b,impulse_noise_0.05,91,5,0.0987057313323021,0.41570183634757996,0.4855923652648926,1.3622602958356285
PCA11,dinov2_b,impulse_noise_0.05,92,5,0.0383785180747509,0.5378634929656982,0.4237579107284546,1.1866393119584973
PCA11,dinov2_b,impulse_noise_0.05,93,5,0.057938601821660995,0.39972856640815735,0.5423329472541809,1.245636836066498
PCA11,dinov2_b,impulse_noise_0.05,94,5,0.09731365740299225,0.5119228959083557,0.390763521194458,1.3513419928133632
PCA11,dinov2_b,impulse_noise_0.05,95,5,0.02450212463736534,0.6035696864128113,0.37192827463150024,1.1014603097308684
PCA11,dinov2_b,impulse_noise_0.05,96,5,0.4636744558811188,0.498333215713501,0.03799237310886383,1.194117036224863
PCA11,dinov2_b,impulse_noise_0.05,97,5,0.27182069420814514,0.5019745230674744,0.22620472311973572,1.494996082310875
PCA11,dinov2_b,impulse_noise_0.05,98,5,0.10700082033872604,0.5412111878395081,0.3517880439758301,1.3545964372975339
PCA11,dinov2_b,impulse_noise_0.05,99,5,0.06322410702705383,0.17873777449131012,0.7580381035804749,0.9988010738530224
PCA11,dinov2_b,impulse_noise_0.05,100,5,0.052785474807024,0.23821915686130524,0.7089953422546387,1.0688035066548072
PCA11,dinov2_b,impulse_noise_0.05,101,5,0.2317211776971817,0.46565356850624084,0.30262523889541626,1.5241330750973923
PCA11,dinov2_b,impulse_noise_0.05,102,5,0.03236793354153633,0.3847113251686096,0.5829207897186279,1.1442675253374657
PCA11,dinov2_b,impulse_noise_0.05,103,5,0.2514728009700775,0.46684959530830383,0.28167757391929626,1.528742135797225
PCA11,dinov2_b,impulse_noise_0.05,104,5,0.1258724182844162,0.2506618797779083,0.6234656572341919,1.3016872542544042
PCA11,dinov2_b,impulse_noise_0.05,105,5,0.0638248547911644,0.7232707142829895,0.21290448307991028,1.0665627342358133
PCA11,dinov2_b,impulse_noise_0.05,106,5,0.3561985492706299,0.11015394330024719,0.5336474776268005,1.36452863023144
PCA11,dinov2_b,impulse_noise_0.05,107,5,0.08998718857765198,0.4801778793334961,0.42983493208885193,1.3444298642310941
PCA11,dinov2_b,impulse_noise_0.05,108,5,0.09579533338546753,0.4763537049293518,0.42785099148750305,1.3578506077549322
PCA11,dinov2_b,impulse_noise_0.05,109,6,0.2907068133354187,0.23956133425235748,0.46973180770874023,1.5240590592255834
PCA11,dinov2_b,impulse_noise_0.05,110,6,0.02377011999487877,0.2889227271080017,0.6873070597648621,1.0175787903880347
PCA11,dinov2_b,impulse_noise_0.05,111,6,0.39169707894325256,0.3899642825126648,0.2183384895324707,1.5387807748395383
PCA11,dinov2_b,impulse_noise_0.05,112,6,0.4617854654788971,0.42841652035713196,0.10979803651571274,1.3886059425789266
PCA11,dinov2_b,impulse_noise_0.05,113,6,0.5038543343544006,0.08129347860813141,0.41485220193862915,1.3191975898516466
PCA11,dinov2_b,impulse_noise_0.05,114,6,0.23295913636684418,0.4490927457809448,0.3179480731487274,1.533920944847348
PCA11,dinov2_b,impulse_noise_0.05,115,6,0.6307628750801086,0.3268032670021057,0.042433902621269226,1.1400900798084825
PCA11,dinov2_b,impulse_noise_0.05,116,6,0.20246121287345886,0.6092244386672974,0.18831436336040497,1.3557042838015017
PCA11,dinov2_b,impulse_noise_0.05,117,6,0.2567692995071411,0.5612684488296509,0.1819622665643692,1.4186270358437516
PCA11,dinov2_b,impulse_noise_0.05,118,6,0.35320183634757996,0.5045129656791687,0.14228518307209015,1.428551043457552
PCA11,dinov2_b,impulse_noise_0.05,119,6,0.6130118370056152,0.10971871018409729,0.27726951241493225,1.295716489284744
PCA11,dinov2_b,impulse_noise_0.05,120,6,0.21628645062446594,0.06007372587919235,0.7236398458480835,1.0591909826739245
PCA11,dinov2_b,impulse_noise_0.05,121,6,0.31462883949279785,0.6017323136329651,0.08363884687423706,1.265241879615411
PCA11,dinov2_b,impulse_noise_0.05,122,6,0.010638794861733913,0.6419824361801147,0.3473788797855377,1.010110160720648
PCA11,dinov2_b,impulse_noise_0.05,123,6,0.4884699583053589,0.20964008569717407,0.3018898665904999,1.4990798331206752
PCA11,dinov2_b,impulse_noise_0.05,124,6,0.012174015864729881,0.714328944683075,0.27349695563316345,0.9356689967991849
PCA11,dinov2_b,impulse_noise_0.05,125,6,0.10521300137042999,0.6559338569641113,0.23885317146778107,1.2342759680979531
PCA11,dinov2_b,impulse_noise_0.05,126,7,0.017300209030508995,0.4448472261428833,0.5378524661064148,1.1023418499577093
PCA11,dinov2_b,impulse_noise_0.05,127,7,0.44404202699661255,0.3685443103313446,0.1874135434627533,1.5035485952237224
PCA11,dinov2_b,impulse_noise_0.05,128,7,0.03025592863559723,0.6291357278823853,0.34060826897621155,1.1025457866921418
PCA11,dinov2_b,impulse_noise_0.05,129,7,0.12466776371002197,0.2429119348526001,0.6324203610420227,1.2884432719897378
PCA11,dinov2_b,impulse_noise_0.05,130,7,0.4184723198413849,0.1288404017686844,0.45268723368644714,1.4244393998279183
PCA11,dinov2_b,impulse_noise_0.05,131,7,0.17740492522716522,0.34477686882019043,0.477818101644516,1.4813722589776661
PCA11,dinov2_b,impulse_noise_0.05,132,7,0.2401074916124344,0.36930641531944275,0.39058613777160645,1.5546815763174897
PCA11,dinov2_b,impulse_noise_0.05,133,7,0.34582677483558655,0.4643186032772064,0.1898546814918518,1.4987663229272103
PCA11,dinov2_b,impulse_noise_0.05,134,7,0.5384840965270996,0.23076467216014862,0.23075121641159058,1.4572383272454177
PCA11,dinov2_b,impulse_noise_0.05,135,7,0.08772295713424683,0.523810088634491,0.3884669244289398,1.3265627042962513
PCA11,dinov2_b,impulse_noise_0.05,136,7,0.04712948948144913,0.5247114896774292,0.42815902829170227,1.2198768708798595
PCA11,dinov2_b,impulse_noise_0.05,137,7,0.4607534408569336,0.11955292522907257,0.41969361901283264,1.4071397129092933
PCA11,dinov2_b,impulse_noise_0.05,138,7,0.5039525628089905,0.2795637249946594,0.2164836972951889,1.4902002989542702
PCA11,dinov2_b,impulse_noise_0.05,139,7,0.44773656129837036,0.29568034410476685,0.25658300518989563,1.542369369148834
PCA11,dinov2_b,impulse_noise_0.05,140,7,0.26825833320617676,0.32733309268951416,0.4044085443019867,1.564828889295375
PCA11,dinov2_b,impulse_noise_0.05,141,7,0.31849026679992676,0.3600046634674072,0.32150503993034363,1.5826721507101964
PCA11,dinov2_b,impulse_noise_0.05,142,7,0.003962671384215355,0.8272468447685242,0.16879047453403473,0.6911961642827309
PCA11,dinov2_b,impulse_noise_0.05,143,7,0.24814744293689728,0.3582158386707306,0.39363667368888855,1.5589770526184203
PCA11,dinov2_b,impulse_noise_0.05,144,7,0.5118842124938965,0.39747631549835205,0.09063946455717087,1.3375507009144174
PCA11,dinov2_b,impulse_noise_0.05,145,7,0.4784488081932068,0.34495484828948975,0.17659637331962585,1.480296910295263
PCA11,dinov2_b,impulse_noise_0.05,146,7,0.10599147528409958,0.5683572292327881,0.3256514370441437,1.3335826186746003
PCA11,dinov2_b,impulse_noise_0.05,147,7,0.36884912848472595,0.33277544379234314,0.29837530851364136,1.579582030687125
PCA11,dinov2_b,impulse_noise_0.05,148,7,0.07493671029806137,0.5505943298339844,0.3744688928127289,1.2848081447492532
PCA11,dinov2_b,impulse_noise_0.05,149,7,0.3391191065311432,0.31239527463912964,0.34848564863204956,1.5834317540912655
PCA11,dinov2_b,impulse_noise_0.05,150,7,0.4564747214317322,0.3537105619907379,0.1898147016763687,1.5018410904944353
PCA11,dinov2_b,impulse_noise_0.05,151,8,0.031193919479846954,0.43414074182510376,0.5346652865409851,1.1616128877083411
PCA11,dinov2_b,impulse_noise_0.05,152,8,0.21485072374343872,0.45700088143348694,0.3281483054161072,1.5204792366149706
PCA11,dinov2_b,impulse_noise_0.05,153,8,0.39880916476249695,0.44661056995391846,0.15458044409751892,1.464653987668225
PCA11,dinov2_b,impulse_noise_0.05,154,8,0.4215505123138428,0.33200517296791077,0.2464442253112793,1.551455528274309
PCA11,dinov2_b,impulse_noise_0.05,155,8,0.28560593724250793,0.33495068550109863,0.37944331765174866,1.575371209500321
PCA11,dinov2_b,impulse_noise_0.05,156,8,0.5049813389778137,0.26739072799682617,0.2276279479265213,1.4926406182666103
PCA11,dinov2_b,impulse_noise_0.05,157,8,0.2898794412612915,0.2560887038707733,0.454031765460968,1.538352971101764
PCA11,dinov2_b,impulse_noise_0.05,158,8,0.2290657013654709,0.14204929769039154,0.62888503074646,1.3077837961235292
PCA11,dinov2_b,impulse_noise_0.05,159,8,0.5110598206520081,0.38651686906814575,0.10242325067520142,1.3617012905937094
PCA11,dinov2_b,impulse_noise_0.05,160,8,0.6142351031303406,0.15284933149814606,0.2329155057668686,1.335702020117479
PCA11,dinov2_b,impulse_noise_0.05,161,8,0.4936102628707886,0.24727138876914978,0.25911834836006165,1.5060719809110996
PCA11,dinov2_b,impulse_noise_0.05,162,8,0.3962774872779846,0.2895856499671936,0.31413689255714417,1.5717334885644045
PCA11,dinov2_b,impulse_noise_0.05,163,8,0.17988641560077667,0.3768290579319,0.4432845115661621,1.4960533574168342
PCA11,dinov2_b,impulse_noise_0.05,164,8,0.13492938876152039,0.6726132035255432,0.1924574226140976,1.2322910574626162
PCA11,dinov2_b,impulse_noise_0.05,165,8,0.11362985521554947,0.5376291871070862,0.3487410247325897,1.3678786661308193
PCA11,dinov2_b,impulse_noise_0.05,166,8,0.434021532535553,0.17877742648124695,0.38720107078552246,1.4966911647581316
PCA11,dinov2_b,impulse_noise_0.05,167,8,0.4474537968635559,0.31778573989868164,0.23476040363311768,1.535531357790226
PCA11,dinov2_b,impulse_noise_0.05,168,8,0.059744756668806076,0.5324158668518066,0.40783941745758057,1.2547448890200503
PCA11,dinov2_b,impulse_noise_0.05,169,8,0.15326060354709625,0.2941437363624573,0.5525956749916077,1.406855761168749
PCA11,dinov2_b,impulse_noise_0.05,170,8,0.4040383994579315,0.384221613407135,0.21173998713493347,1.5326961293022467
PCA11,dinov2_b,impulse_noise_0.05,171,8,0.15860992670059204,0.39565590023994446,0.4457342326641083,1.4702124100408833
PCA11,dinov2_b,impulse_noise_0.05,172,8,0.40870189666748047,0.26089611649513245,0.3304019570350647,1.5612046689205905
PCA11,dinov2_b,impulse_noise_0.05,173,8,0.4919261336326599,0.07098288834095001,0.4370909333229065,1.2962619549502574
PCA11,dinov2_b,impulse_noise_0.05,174,8,0.13155430555343628,0.403890460729599,0.4645552337169647,1.427071864665663
PCA11,dinov2_b,impulse_noise_0.05,175,8,0.25853824615478516,0.579064667224884,0.1623970866203308,1.3868417818300893
PCA11,dinov2_b,impulse_noise_0.05,176,8,0.11998933553695679,0.7364252209663391,0.1435854434967041,1.0941419528386966
PCA11,dinov2_b,impulse_noise_0.05,177,8,0.5859397649765015,0.10561498999595642,0.30844536423683167,1.3177889294164218
PCA11,dinov2_b,impulse_noise_0.05,178,9,0.08535882085561752,0.633358359336853,0.28128284215927124,1.235095771135923
PCA11,dinov2_b,impulse_noise_0.05,179,9,0.19842270016670227,0.5523236393928528,0.24925363063812256,1.4355900617630653
PCA11,dinov2_b,impulse_noise_0.05,180,9,0.08967644721269608,0.4618103802204132,0.4485131800174713,1.3455723532247907
PCA11,dinov2_b,impulse_noise_0.05,181,9,0.09174849838018417,0.4058980941772461,0.502353310585022,1.3431278021733042
PCA11,dinov2_b,impulse_noise_0.05,182,9,0.2626684606075287,0.400848925113678,0.33648261427879333,1.5640196448414956
PCA11,dinov2_b,impulse_noise_0.05,183,9,0.04712393507361412,0.47632744908332825,0.4765487313270569,1.226927684546925
PCA11,dinov2_b,impulse_noise_0.05,184,9,0.07506997138261795,0.4863228499889374,0.43860718607902527,1.307718691618558
PCA11,dinov2_b,impulse_noise_0.05,185,9,0.38704758882522583,0.551100492477417,0.06185188516974449,1.2521002714318599
PCA11,dinov2_b,impulse_noise_0.05,186,9,0.538260281085968,0.33400121331214905,0.12773843109607697,1.3886388644168979
PCA11,dinov2_b,impulse_noise_0.05,187,9,0.12494179606437683,0.3793422281742096,0.4957159757614136,1.4072621387339916
PCA11,dinov2_b,impulse_noise_0.05,188,10,0.20311306416988373,0.3615627586841583,0.43532416224479675,1.5200655822965101
PCA11,dinov2_b,impulse_noise_0.05,189,10,0.29832497239112854,0.4984559118747711,0.2032189965248108,1.4884488236473852
PCA11,dinov2_b,impulse_noise_0.05,190,10,0.18803100287914276,0.5404306054115295,0.27153828740119934,1.4438409029915646
PCA11,dinov2_b,impulse_noise_0.05,191,10,0.4170876741409302,0.43752411007881165,0.1453881710767746,1.452437120883186
PCA11,dinov2_b,impulse_noise_0.05,192,10,0.3453250229358673,0.29877591133117676,0.35589906573295593,1.580898496786766
PCA11,dinov2_b,impulse_noise_0.05,193,10,0.3606173098087311,0.5554912686347961,0.083891361951828,1.3017209892315402
PCA11,dinov2_b,impulse_noise_0.05,194,10,0.480561226606369,0.4527192711830139,0.06671945005655289,1.2862415937686658
PCA11,dinov2_b,impulse_noise_0.05,195,10,0.38544291257858276,0.35563087463378906,0.2589262127876282,1.5653301396669925
PCA11,dinov2_b,impulse_noise_0.05,196,10,0.38216909766197205,0.3274155259132385,0.2904154062271118,1.5757911582757254
PCA11,dinov2_b,impulse_noise_0.05,197,10,0.4930846393108368,0.40213844180107117,0.10477686673402786,1.3725044469395082
PCA11,dinov2_b,impulse_noise_0.05,198,10,0.38378098607063293,0.42086923122406006,0.195349782705307,1.5159462410130164
PCA11,dinov2_b,impulse_noise_0.05,199,10,0.40881484746932983,0.36563974618911743,0.22554540634155273,1.542882183006816
PCA11,dinov2_b,motion_blur_15,0,0,0.4340926706790924,0.28729164600372314,0.27861568331718445,1.553241339767221
PCA11,dinov2_b,motion_blur_15,1,0,0.2974090874195099,0.3737759292125702,0.3288149833679199,1.5786147314614671
PCA11,dinov2_b,motion_blur_15,2,0,0.39297914505004883,0.34299641847610474,0.26402443647384644,1.5662838407076942
PCA11,dinov2_b,motion_blur_15,3,0,0.43112701177597046,0.29095807671546936,0.2779148519039154,1.5549268007757258
PCA11,dinov2_b,motion_blur_15,4,0,0.05081063508987427,0.4182203710079193,0.530968964099884,1.2293362501506535
PCA11,dinov2_b,motion_blur_15,5,0,0.2554715573787689,0.2615474760532379,0.48298099637031555,1.5161316043913304
PCA11,dinov2_b,motion_blur_15,6,0,0.34000200033187866,0.3483864367008209,0.3116116225719452,1.5833397572497396
PCA11,dinov2_b,motion_blur_15,7,0,0.4280695617198944,0.33689454197883606,0.2350359410047531,1.5437937892597746
PCA11,dinov2_b,motion_blur_15,8,0,0.13911870121955872,0.18233977258205414,0.6785416007041931,1.2232142519855964
PCA11,dinov2_b,motion_blur_15,9,0,0.3454987704753876,0.24308736622333527,0.41141390800476074,1.5529035972466585
PCA11,dinov2_b,motion_blur_15,10,1,0.09386824071407318,0.4400235116481781,0.4661082327365875,1.354841403190686
PCA11,dinov2_b,motion_blur_15,11,1,0.6620264053344727,0.17475764453411102,0.16321589052677155,1.2605555044316654
PCA11,dinov2_b,motion_blur_15,12,1,0.15214170515537262,0.4017322361469269,0.4461260735988617,1.4613548535889453
PCA11,dinov2_b,motion_blur_15,13,1,0.1986168920993805,0.46560510993003845,0.33577799797058105,1.5052975449107602
PCA11,dinov2_b,motion_blur_15,14,1,0.42350664734840393,0.4407240152359009,0.1357692927122116,1.4370340884718704
PCA11,dinov2_b,motion_blur_15,15,1,0.44084432721138,0.44612881541252136,0.11302687227725983,1.3959293595779112
PCA11,dinov2_b,motion_blur_15,16,1,0.5252887010574341,0.33554863929748535,0.13916268944740295,1.412462273267816
PCA11,dinov2_b,motion_blur_15,17,1,0.37617218494415283,0.49932071566581726,0.1245071068406105,1.405135063477482
PCA11,dinov2_b,motion_blur_15,18,1,0.27023646235466003,0.2691148519515991,0.46064868569374084,1.5348769063025016
PCA11,dinov2_b,motion_blur_15,19,1,0.150641530752182,0.3178333640098572,0.531525194644928,1.4216000769671941
PCA11,dinov2_b,motion_blur_15,20,1,0.3855098485946655,0.2754195034503937,0.33907070755958557,1.5715662847686567
PCA11,dinov2_b,motion_blur_15,21,1,0.09684688597917557,0.3864351809024811,0.5167178511619568,1.3484689552655582
PCA11,dinov2_b,motion_blur_15,22,1,0.3675394654273987,0.1874179095029831,0.44504258036613464,1.5032802398746152
PCA11,dinov2_b,motion_blur_15,23,1,0.38955655694007874,0.3797627389431,0.23068079352378845,1.5484254441539733
PCA11,dinov2_b,motion_blur_15,24,1,0.3065012991428375,0.3590826690196991,0.3344159424304962,1.58195913384843
PCA11,dinov2_b,motion_blur_15,25,1,0.6662315726280212,0.12827423214912415,0.20549419522285461,1.239494041753683
PCA11,dinov2_b,motion_blur_15,26,1,0.39099398255348206,0.31758272647857666,0.29142332077026367,1.5736332298419269
PCA11,dinov2_b,motion_blur_15,27,1,0.3595261871814728,0.36780303716659546,0.2726706862449646,1.5725322325566031
PCA11,dinov2_b,motion_blur_15,28,1,0.3873702585697174,0.30221471190452576,0.31041496992111206,1.5756320517447828
PCA11,dinov2_b,motion_blur_15,29,1,0.28865939378738403,0.3724066913127899,0.3389340043067932,1.5771871910303012
PCA11,dinov2_b,motion_blur_15,30,1,0.11510005593299866,0.4067966341972351,0.478103369474411,1.395860709521553
PCA11,dinov2_b,motion_blur_15,31,1,0.6899096369743347,0.07611218094825745,0.23397819697856903,1.1425870542191532
PCA11,dinov2_b,motion_blur_15,32,1,0.1307191550731659,0.362274169921875,0.5070067644119263,1.4112240938201417
PCA11,dinov2_b,motion_blur_15,33,1,0.3545731008052826,0.46056482195854187,0.18486203253269196,1.4957667764505502
PCA11,dinov2_b,motion_blur_15,34,2,0.17546376585960388,0.2259584218263626,0.5985778570175171,1.3686046660804225
PCA11,dinov2_b,motion_blur_15,35,2,0.14437361061573029,0.2884875535964966,0.5671388506889343,1.384535474108444
PCA11,dinov2_b,motion_blur_15,36,2,0.14558909833431244,0.416888564825058,0.4375223219394684,1.4527424678049763
PCA11,dinov2_b,motion_blur_15,37,2,0.19991378486156464,0.5754355192184448,0.22465075552463531,1.4070420482687787
PCA11,dinov2_b,motion_blur_15,38,2,0.4126996695995331,0.43634679913520813,0.1509535163640976,1.460792686859275
PCA11,dinov2_b,motion_blur_15,39,2,0.16886012256145477,0.5264306664466858,0.30470916628837585,1.443043005989698
PCA11,dinov2_b,motion_blur_15,40,2,0.12054097652435303,0.37152040004730225,0.5079385638237,1.395046940471843
PCA11,dinov2_b,motion_blur_15,41,2,0.32660412788391113,0.28849491477012634,0.38490092754364014,1.5748247765675019
PCA11,dinov2_b,motion_blur_15,42,2,0.27614349126815796,0.47152572870254517,0.2523307800292969,1.5253593191272803
PCA11,dinov2_b,motion_blur_15,43,2,0.21941974759101868,0.3794046938419342,0.4011755585670471,1.5392487542241227
PCA11,dinov2_b,motion_blur_15,44,2,0.08390283584594727,0.3716880977153778,0.5444089770317078,1.3082494158759612
PCA11,dinov2_b,motion_blur_15,45,2,0.1372108906507492,0.482413113117218,0.38037601113319397,1.4309514712965916
PCA11,dinov2_b,motion_blur_15,46,2,0.4502294361591339,0.22824536263942719,0.3215251863002777,1.53113921966889
PCA11,dinov2_b,motion_blur_15,47,2,0.36785346269607544,0.4794570505619049,0.15268947184085846,1.453205921304968
PCA11,dinov2_b,motion_blur_15,48,2,0.16235066950321198,0.5301113128662109,0.30753806233406067,1.434375429750804
PCA11,dinov2_b,motion_blur_15,49,2,0.13560518622398376,0.21041329205036163,0.6539815068244934,1.264721172710135
PCA11,dinov2_b,motion_blur_15,50,3,0.24616217613220215,0.2674173414707184,0.486420601606369,1.5124125891423006
PCA11,dinov2_b,motion_blur_15,51,3,0.359933465719223,0.2808350920677185,0.35923153162002563,1.5757505930102795
PCA11,dinov2_b,motion_blur_15,52,3,0.4517064094543457,0.20639267563819885,0.34190091490745544,1.517143330413523
PCA11,dinov2_b,motion_blur_15,53,3,0.22436757385730743,0.30432647466659546,0.4713059663772583,1.5175603344227502
PCA11,dinov2_b,motion_blur_15,54,3,0.3338823914527893,0.4126998782157898,0.2534177601337433,1.5572191569311569
PCA11,dinov2_b,motion_blur_15,55,3,0.43672510981559753,0.3749235272407532,0.1883513480424881,1.5062607079835644
PCA11,dinov2_b,motion_blur_15,56,3,0.20796149969100952,0.45984235405921936,0.3321961760520935,1.5147023755279423
PCA11,dinov2_b,motion_blur_15,57,3,0.4098702073097229,0.2681161165237427,0.32201358675956726,1.5630062251319305
PCA11,dinov2_b,motion_blur_15,58,3,0.28113043308258057,0.34711548686027527,0.371753990650177,1.5752468441917318
PCA11,dinov2_b,motion_blur_15,59,3,0.2644948959350586,0.35835230350494385,0.37715283036231995,1.5686121691869852
PCA11,dinov2_b,motion_blur_15,60,3,0.3461463749408722,0.2502715289592743,0.40358200669288635,1.558259601748908
PCA11,dinov2_b,motion_blur_15,61,3,0.3612978458404541,0.24636346101760864,0.39233872294425964,1.5581773234449152
PCA11,dinov2_b,motion_blur_15,62,3,0.1657165288925171,0.3893446624279022,0.4449388086795807,1.4794207405582733
PCA11,dinov2_b,motion_blur_15,63,3,0.2804257273674011,0.35932445526123047,0.3602498173713684,1.5756036598500414
PCA11,dinov2_b,motion_blur_15,64,3,0.22947785258293152,0.3496416211128235,0.4208805561065674,1.5428642220064301
PCA11,dinov2_b,motion_blur_15,65,3,0.31269460916519165,0.34820178151130676,0.3391036093235016,1.5834779856419892
PCA11,dinov2_b,motion_blur_15,66,3,0.23249240219593048,0.40965747833251953,0.357850044965744,1.5473139861712661
PCA11,dinov2_b,motion_blur_15,67,4,0.3642497658729553,0.4217802584171295,0.2139698565006256,1.5319928145959543
PCA11,dinov2_b,motion_blur_15,68,4,0.2380477488040924,0.34244340658187866,0.4195089042186737,1.548098675313124
PCA11,dinov2_b,motion_blur_15,69,4,0.3182738125324249,0.43639105558395386,0.24533504247665405,1.545074513198617
PCA11,dinov2_b,motion_blur_15,70,4,0.49999508261680603,0.24955806136131287,0.2504468560218811,1.5000037776585018
PCA11,dinov2_b,motion_blur_15,71,4,0.5153743624687195,0.3035464882850647,0.1810791790485382,1.4613753021000253
PCA11,dinov2_b,motion_blur_15,72,4,0.46434810757637024,0.3396131098270416,0.1960388422012329,1.5038792562993355
PCA11,dinov2_b,motion_blur_15,73,4,0.3868117928504944,0.45320576429367065,0.1599825918674469,1.4704959167343643
PCA11,dinov2_b,motion_blur_15,74,4,0.3531573414802551,0.27412277460098267,0.3727198541164398,1.5728154280942035
PCA11,dinov2_b,motion_blur_15,75,4,0.401904821395874,0.3869083821773529,0.2111867368221283,1.5323526322972774
PCA11,dinov2_b,motion_blur_15,76,4,0.20673340559005737,0.5068579912185669,0.28640857338905334,1.4836796727789348
PCA11,dinov2_b,motion_blur_15,77,4,0.2689161002635956,0.33668720722198486,0.3943966329097748,1.5676994655508114
PCA11,dinov2_b,motion_blur_15,78,4,0.6006901860237122,0.08609896153211594,0.3132108151912689,1.2708614098348583
PCA11,dinov2_b,motion_blur_15,79,4,0.27891024947166443,0.31226134300231934,0.40882837772369385,1.565694838694645
PCA11,dinov2_b,motion_blur_15,80,4,0.5569955110549927,0.2564126253128052,0.18659186363220215,1.4256398346098538
PCA11,dinov2_b,motion_blur_15,81,4,0.3474828600883484,0.3577919900417328,0.2947251498699188,1.579913209400538
PCA11,dinov2_b,motion_blur_15,82,4,0.3489466905593872,0.2746385335922241,0.37641477584838867,1.5726531432564652
PCA11,dinov2_b,motion_blur_15,83,4,0.3140740394592285,0.4415246546268463,0.24440129101276398,1.542300171048139
PCA11,dinov2_b,motion_blur_15,84,4,0.44262978434562683,0.08423620462417603,0.4731341302394867,1.3319632674222517
PCA11,dinov2_b,motion_blur_15,85,4,0.24989581108093262,0.36137115955352783,0.3887329399585724,1.560497023815834
PCA11,dinov2_b,motion_blur_15,86,4,0.3315628468990326,0.25590309500694275,0.41253411769866943,1.558229336986685
PCA11,dinov2_b,motion_blur_15,87,5,0.11515522003173828,0.4414494037628174,0.44339531660079956,1.400114163228595
PCA11,dinov2_b,motion_blur_15,88,5,0.32666394114494324,0.34733983874320984,0.3259963393211365,1.5843295140508822
PCA11,dinov2_b,motion_blur_15,89,5,0.20238342881202698,0.26185721158981323,0.5357593297958374,1.4550366585421288
PCA11,dinov2_b,motion_blur_15,90,5,0.16498546302318573,0.4710615873336792,0.3639529347419739,1.4711806577581166
PCA11,dinov2_b,motion_blur_15,91,5,0.17214348912239075,0.48926594853401184,0.33859047293663025,1.470548396146049
PCA11,dinov2_b,motion_blur_15,92,5,0.07708660513162613,0.38158711791038513,0.5413262844085693,1.2946984076281487
PCA11,dinov2_b,motion_blur_15,93,5,0.15967896580696106,0.2833104133605957,0.5570105910301208,1.4083681440507028
PCA11,dinov2_b,motion_blur_15,94,5,0.13447032868862152,0.41623035073280334,0.4492993950843811,1.434189882654108
PCA11,dinov2_b,motion_blur_15,95,5,0.413692444562912,0.3356015086174011,0.2507060468196869,1.5558077948096738
PCA11,dinov2_b,motion_blur_15,96,5,0.3122188150882721,0.4832966923713684,0.2044844925403595,1.4995750388628981
PCA11,dinov2_b,motion_blur_15,97,5,0.13415923714637756,0.4508381485939026,0.4150026738643646,1.4335061286745825
PCA11,dinov2_b,motion_blur_15,98,5,0.1582731008529663,0.5545967221260071,0.287130206823349,1.409506025117806
PCA11,dinov2_b,motion_blur_15,99,5,0.15611281991004944,0.4225951135158539,0.42129212617874146,1.468814264140221
PCA11,dinov2_b,motion_blur_15,100,5,0.07454811036586761,0.5794166922569275,0.3460351824760437,1.265207114966785
PCA11,dinov2_b,motion_blur_15,101,5,0.21492032706737518,0.45327723026275635,0.3318023383617401,1.522249902600195
PCA11,dinov2_b,motion_blur_15,102,5,0.1486634463071823,0.34453511238098145,0.5068015456199646,1.4353748411908525
PCA11,dinov2_b,motion_blur_15,103,5,0.2617586553096771,0.4132860600948334,0.3249553143978119,1.5599879009907638
PCA11,dinov2_b,motion_blur_15,104,5,0.14487925171852112,0.2283312976360321,0.6267894506454468,1.3127408450281075
PCA11,dinov2_b,motion_blur_15,105,5,0.13054201006889343,0.4844125211238861,0.38504546880722046,1.420171014957284
PCA11,dinov2_b,motion_blur_15,106,5,0.3402121961116791,0.3574673533439636,0.3023204207420349,1.5814806046498822
PCA11,dinov2_b,motion_blur_15,107,5,0.132582426071167,0.45233628153800964,0.41508129239082336,1.4307412090978924
PCA11,dinov2_b,motion_blur_15,108,5,0.2084229439496994,0.45174458622932434,0.3398323655128479,1.5185829938890332
PCA11,dinov2_b,motion_blur_15,109,6,0.2814808189868927,0.38779062032699585,0.33072859048843384,1.5727075336560432
PCA11,dinov2_b,motion_blur_15,110,6,0.32493072748184204,0.39976081252098083,0.2753084599971771,1.56808712046192
PCA11,dinov2_b,motion_blur_15,111,6,0.37631332874298096,0.4740270674228668,0.14965952932834625,1.4512105980149623
PCA11,dinov2_b,motion_blur_15,112,6,0.4688494801521301,0.1538613736629486,0.3772890865802765,1.458397340769512
PCA11,dinov2_b,motion_blur_15,113,6,0.2634376287460327,0.4603598415851593,0.27620241045951843,1.5348835944782744
PCA11,dinov2_b,motion_blur_15,114,6,0.19705340266227722,0.499333918094635,0.30361276865005493,1.4841791813367697
PCA11,dinov2_b,motion_blur_15,115,6,0.3213851749897003,0.4357517659664154,0.2428630292415619,1.5443967703597357
PCA11,dinov2_b,motion_blur_15,116,6,0.27803656458854675,0.2666972279548645,0.45526623725891113,1.538781782258086
PCA11,dinov2_b,motion_blur_15,117,6,0.39373499155044556,0.41179630160331726,0.19446870684623718,1.5159657533816502
PCA11,dinov2_b,motion_blur_15,118,6,0.29893526434898376,0.31475314497947693,0.3863116502761841,1.5757722564910597
PCA11,dinov2_b,motion_blur_15,119,6,0.4153822064399719,0.35355132818222046,0.23106649518013,1.5452089764198416
PCA11,dinov2_b,motion_blur_15,120,6,0.2462398260831833,0.3969433903694153,0.35681676864624023,1.5574823513983267
PCA11,dinov2_b,motion_blur_15,121,6,0.3471105694770813,0.5186053514480591,0.13428397476673126,1.410118308700701
PCA11,dinov2_b,motion_blur_15,122,6,0.4982345402240753,0.3334972560405731,0.168268084526062,1.4617664236994035
PCA11,dinov2_b,motion_blur_15,123,6,0.259740948677063,0.4137688875198364,0.326490193605423,1.5591739995419442
PCA11,dinov2_b,motion_blur_15,124,6,0.42168691754341125,0.35135313868522644,0.22695988416671753,1.5410916235600647
PCA11,dinov2_b,motion_blur_15,125,6,0.4658968448638916,0.2830829620361328,0.251020222902298,1.5293555238755572
PCA11,dinov2_b,motion_blur_15,126,7,0.5128809809684753,0.17286351323127747,0.3142554759979248,1.4566052402097678
PCA11,dinov2_b,motion_blur_15,127,7,0.08576884865760803,0.4093942642211914,0.5048370361328125,1.3292173875072906
PCA11,dinov2_b,motion_blur_15,128,7,0.09031858295202255,0.4921025335788727,0.41757890582084656,1.3428048273591535
PCA11,dinov2_b,motion_blur_15,129,7,0.21993817389011383,0.4221222400665283,0.35793957114219666,1.5363027615029567
PCA11,dinov2_b,motion_blur_15,130,7,0.4172171652317047,0.5203861594200134,0.0623965784907341,1.2662838448018894
PCA11,dinov2_b,motion_blur_15,131,7,0.37176835536956787,0.5538012385368347,0.07443036139011383,1.2818193542575766
PCA11,dinov2_b,motion_blur_15,132,7,0.22577621042728424,0.4116201400756836,0.36260363459587097,1.5425590739277848
PCA11,dinov2_b,motion_blur_15,133,7,0.21189938485622406,0.4901680648326874,0.29793262481689453,1.4990302621425124
PCA11,dinov2_b,motion_blur_15,134,7,0.5922034978866577,0.26130181550979614,0.14649470150470734,1.3594920969474775
PCA11,dinov2_b,motion_blur_15,135,7,0.3189402222633362,0.2215758115053177,0.45948395133018494,1.5230536744650607
PCA11,dinov2_b,motion_blur_15,136,7,0.2115010768175125,0.18533647060394287,0.6031624674797058,1.3646628264083096
PCA11,dinov2_b,motion_blur_15,137,7,0.4144361913204193,0.5242796540260315,0.06128422170877457,1.2619446486583208
PCA11,dinov2_b,motion_blur_15,138,7,0.2729460299015045,0.4195045232772827,0.30754944682121277,1.5602291027782857
PCA11,dinov2_b,motion_blur_15,139,7,0.19203700125217438,0.4540494680404663,0.3539135158061981,1.5047009850820368
PCA11,dinov2_b,motion_blur_15,140,7,0.11183135211467743,0.5282789468765259,0.3598897457122803,1.3704147977491696
PCA11,dinov2_b,motion_blur_15,141,7,0.34486329555511475,0.29781466722488403,0.35732215642929077,1.5806289946024887
PCA11,dinov2_b,motion_blur_15,142,7,0.05964324250817299,0.2600092887878418,0.6803473830223083,1.1259311088490296
PCA11,dinov2_b,motion_blur_15,143,7,0.504440188407898,0.3905968964099884,0.10496294498443604,1.3690966346803173
PCA11,dinov2_b,motion_blur_15,144,7,0.4279332756996155,0.1959652155637741,0.37610143423080444,1.5154076290262881
PCA11,dinov2_b,motion_blur_15,145,7,0.20036430656909943,0.3840459883213043,0.41558969020843506,1.5213939840330473
PCA11,dinov2_b,motion_blur_15,146,7,0.14728567004203796,0.324009507894516,0.528704822063446,1.4199264665479396
PCA11,dinov2_b,motion_blur_15,147,7,0.7532949447631836,0.08017449080944061,0.1665305346250534,1.0304454179534668
PCA11,dinov2_b,motion_blur_15,148,7,0.36278411746025085,0.30668118596076965,0.3305346369743347,1.5815415919194682
PCA11,dinov2_b,motion_blur_15,149,7,0.2441292256116867,0.5869213938713074,0.16894946992397308,1.3812423205905071
PCA11,dinov2_b,motion_blur_15,150,7,0.2597559094429016,0.6373623013496399,0.10288172960281372,1.2568820048030909
PCA11,dinov2_b,motion_blur_15,151,8,0.12412939965724945,0.4665098488330841,0.40936079621315,1.4142942123791586
PCA11,dinov2_b,motion_blur_15,152,8,0.13809999823570251,0.3726694881916046,0.48923051357269287,1.4297353644938782
PCA11,dinov2_b,motion_blur_15,153,8,0.33563169836997986,0.4156588613986969,0.24870939552783966,1.5543559800601805
PCA11,dinov2_b,motion_blur_15,154,8,0.3413163721561432,0.3987320363521576,0.25995156168937683,1.5635052253836386
PCA11,dinov2_b,motion_blur_15,155,8,0.2988627851009369,0.2681264877319336,0.43301066756248474,1.5527994042674855
PCA11,dinov2_b,motion_blur_15,156,8,0.21500961482524872,0.5227671265602112,0.2622232139110565,1.4723618246293506
PCA11,dinov2_b,motion_blur_15,157,8,0.32772499322891235,0.438407301902771,0.23386770486831665,1.5392502640573686
PCA11,dinov2_b,motion_blur_15,158,8,0.4093876779079437,0.3794120252132416,0.2112003117799759,1.5317486201909032
PCA11,dinov2_b,motion_blur_15,159,8,0.5619302988052368,0.3231794834136963,0.11489023268222809,1.3525662540468628
PCA11,dinov2_b,motion_blur_15,160,8,0.2548355758190155,0.2928527593612671,0.45231175422668457,1.5392113155295446
PCA11,dinov2_b,motion_blur_15,161,8,0.42440176010131836,0.43624287843704224,0.1393553465604782,1.44307516400929
PCA11,dinov2_b,motion_blur_15,162,8,0.4303077459335327,0.2839847505092621,0.2857074737548828,1.555628384347783
PCA11,dinov2_b,motion_blur_15,163,8,0.258502334356308,0.419988214969635,0.321509450674057,1.5565131645525616
PCA11,dinov2_b,motion_blur_15,164,8,0.44868043065071106,0.28380927443504333,0.2675102651119232,1.5433592762991846
PCA11,dinov2_b,motion_blur_15,165,8,0.2980557978153229,0.29504793882369995,0.40689632296562195,1.5679346929074272
PCA11,dinov2_b,motion_blur_15,166,8,0.4598998427391052,0.17009401321411133,0.37000614404678345,1.4807881505823757
PCA11,dinov2_b,motion_blur_15,167,8,0.23540279269218445,0.4397893249988556,0.32480794191360474,1.5393882070642901
PCA11,dinov2_b,motion_blur_15,168,8,0.3620797097682953,0.2191300094127655,0.4187903106212616,1.5364721662886098
PCA11,dinov2_b,motion_blur_15,169,8,0.21496522426605225,0.38455936312675476,0.4004754424095154,1.5356689848051341
PCA11,dinov2_b,motion_blur_15,170,8,0.49178552627563477,0.36473456025123596,0.1434798687696457,1.436155573148668
PCA11,dinov2_b,motion_blur_15,171,8,0.2675625681877136,0.4700155556201935,0.26242193579673767,1.5273527832780927
PCA11,dinov2_b,motion_blur_15,172,8,0.308594286441803,0.27708902955055237,0.41431668400764465,1.5631718424631356
PCA11,dinov2_b,motion_blur_15,173,8,0.2734968960285187,0.4564783275127411,0.2700248062610626,1.5380334394082738
PCA11,dinov2_b,motion_blur_15,174,8,0.3965279459953308,0.21492107212543488,0.3885510265827179,1.5358049403991871
PCA11,dinov2_b,motion_blur_15,175,8,0.40749236941337585,0.45640671253204346,0.1361008882522583,1.4358358262669135
PCA11,dinov2_b,motion_blur_15,176,8,0.2864362597465515,0.29083308577537537,0.42273062467575073,1.5599485920116611
PCA11,dinov2_b,motion_blur_15,177,8,0.18058690428733826,0.3655892014503479,0.45382386445999146,1.4939054651935422
PCA11,dinov2_b,motion_blur_15,178,9,0.23856769502162933,0.3033967912197113,0.45803549885749817,1.5312699822428213
PCA11,dinov2_b,motion_blur_15,179,9,0.3841305375099182,0.30712196230888367,0.30874738097190857,1.5767734803762157
PCA11,dinov2_b,motion_blur_15,180,9,0.13504092395305634,0.35916268825531006,0.5057964324951172,1.4180432814633472
PCA11,dinov2_b,motion_blur_15,181,9,0.1821238100528717,0.4108216166496277,0.4070546329021454,1.5025648350842742
PCA11,dinov2_b,motion_blur_15,182,9,0.2847655415534973,0.3765183389186859,0.33871620893478394,1.5756557773804063
PCA11,dinov2_b,motion_blur_15,183,9,0.1332571655511856,0.27399906516075134,0.5927436947822571,1.34647434056905
PCA11,dinov2_b,motion_blur_15,184,9,0.25436338782310486,0.2906306982040405,0.455005943775177,1.5374025595820995
PCA11,dinov2_b,motion_blur_15,185,9,0.4055940806865692,0.433014452457428,0.161391481757164,1.4755897092821046
PCA11,dinov2_b,motion_blur_15,186,9,0.049689359962940216,0.34006330370903015,0.6102473735809326,1.1792034915869407
PCA11,dinov2_b,motion_blur_15,187,9,0.4257028102874756,0.23675698041915894,0.33754023909568787,1.545486133093935
PCA11,dinov2_b,motion_blur_15,188,10,0.24891188740730286,0.3642345070838928,0.38685357570648193,1.560145626296855
PCA11,dinov2_b,motion_blur_15,189,10,0.18373170495033264,0.4255562424659729,0.39071208238601685,1.503367962500347
PCA11,dinov2_b,motion_blur_15,190,10,0.5108969211578369,0.2645341455936432,0.22456903755664825,1.4864022363643374
PCA11,dinov2_b,motion_blur_15,191,10,0.6390906572341919,0.30772414803504944,0.053185250610113144,1.1611380115235757
PCA11,dinov2_b,motion_blur_15,192,10,0.4302913248538971,0.4838152527809143,0.08589334040880203,1.3344563794706803
PCA11,dinov2_b,motion_blur_15,193,10,0.26889780163764954,0.3693869113922119,0.36171525716781616,1.5709227328538362
PCA11,dinov2_b,motion_blur_15,194,10,0.29469168186187744,0.409145325422287,0.29616302251815796,1.5669015454105648
PCA11,dinov2_b,motion_blur_15,195,10,0.2944909334182739,0.3971569538116455,0.3083520829677582,1.5718763268803357
PCA11,dinov2_b,motion_blur_15,196,10,0.39721354842185974,0.5092787146568298,0.09350764006376266,1.3445439137092268
PCA11,dinov2_b,motion_blur_15,197,10,0.40119966864585876,0.18940801918506622,0.4093922972679138,1.5107636914436542
PCA11,dinov2_b,motion_blur_15,198,10,0.46491020917892456,0.3467786908149719,0.1883111447095871,1.4971679454531137
PCA11,dinov2_b,motion_blur_15,199,10,0.3424314260482788,0.37544700503349304,0.28212153911590576,1.5751082575941808
PCA11,dinov2_b,zoom_blur_1.2,0,0,0.4294017255306244,0.3490527272224426,0.22154569625854492,1.535441126246269
PCA11,dinov2_b,zoom_blur_1.2,1,0,0.32478442788124084,0.3438044488430023,0.3314112424850464,1.5845601357369494
PCA11,dinov2_b,zoom_blur_1.2,2,0,0.2124355286359787,0.29703280329704285,0.49053171277046204,1.4990294871948227
PCA11,dinov2_b,zoom_blur_1.2,3,0,0.24879898130893707,0.39823055267333984,0.35297057032585144,1.5586017536279804
PCA11,dinov2_b,zoom_blur_1.2,4,0,0.314754456281662,0.30494967103004456,0.38029584288597107,1.577842946363185
PCA11,dinov2_b,zoom_blur_1.2,5,0,0.23130322992801666,0.3921564519405365,0.3765404522418976,1.5487441105142525
PCA11,dinov2_b,zoom_blur_1.2,6,0,0.29981231689453125,0.24030254781246185,0.45988503098487854,1.5307274059113953
PCA11,dinov2_b,zoom_blur_1.2,7,0,0.4105057120323181,0.1501632034778595,0.4393310546875,1.4593799645688554
PCA11,dinov2_b,zoom_blur_1.2,8,0,0.10544443875551224,0.42319729924201965,0.4713582992553711,1.378704482739841
PCA11,dinov2_b,zoom_blur_1.2,9,0,0.3154786229133606,0.39832043647766113,0.28620100021362305,1.5706111341002424
PCA11,dinov2_b,zoom_blur_1.2,10,1,0.30750250816345215,0.3586607575416565,0.3338368237018585,1.582124916472095
PCA11,dinov2_b,zoom_blur_1.2,11,1,0.28255343437194824,0.3591800332069397,0.35826635360717773,1.5763525012119586
PCA11,dinov2_b,zoom_blur_1.2,12,1,0.33168596029281616,0.24316947162151337,0.4251445531845093,1.5487556305600452
PCA11,dinov2_b,zoom_blur_1.2,13,1,0.29896214604377747,0.3752104640007019,0.3258274793624878,1.5785449711653001
PCA11,dinov2_b,zoom_blur_1.2,14,1,0.3215481638908386,0.37660232186317444,0.3018494248390198,1.5785555454505542
PCA11,dinov2_b,zoom_blur_1.2,15,1,0.5233888030052185,0.3335873782634735,0.1430238038301468,1.4185035467723095
PCA11,dinov2_b,zoom_blur_1.2,16,1,0.34877169132232666,0.3016710579395294,0.3495572507381439,1.5816523105667661
PCA11,dinov2_b,zoom_blur_1.2,17,1,0.24030940234661102,0.34856343269348145,0.4111271798610687,1.5515241449951156
PCA11,dinov2_b,zoom_blur_1.2,18,1,0.3125268220901489,0.35129600763320923,0.3361770808696747,1.5833020576750338
PCA11,dinov2_b,zoom_blur_1.2,19,1,0.2751409113407135,0.4842018485069275,0.240657240152359,1.5134136522391493
PCA11,dinov2_b,zoom_blur_1.2,20,1,0.35780054330825806,0.40283143520355225,0.23936808109283447,1.5526955726085843
PCA11,dinov2_b,zoom_blur_1.2,21,1,0.2241808921098709,0.3253694772720337,0.45044955611228943,1.5289374144798127
PCA11,dinov2_b,zoom_blur_1.2,22,1,0.21463879942893982,0.41294771432876587,0.3724135458469391,1.5341079907847934
PCA11,dinov2_b,zoom_blur_1.2,23,1,0.3183441758155823,0.3492181897163391,0.33243757486343384,1.583929523567675
PCA11,dinov2_b,zoom_blur_1.2,24,1,0.34058910608291626,0.3127344250679016,0.3466765582561493,1.5835313832593174
PCA11,dinov2_b,zoom_blur_1.2,25,1,0.3554459512233734,0.2980613708496094,0.3464927077293396,1.5807644558203446
PCA11,dinov2_b,zoom_blur_1.2,26,1,0.31942063570022583,0.3803236484527588,0.30025574564933777,1.5775190158086563
PCA11,dinov2_b,zoom_blur_1.2,27,1,0.35341838002204895,0.47342538833618164,0.1731562465429306,1.4791093330804168
PCA11,dinov2_b,zoom_blur_1.2,28,1,0.30876079201698303,0.22809894382953644,0.4631402790546417,1.5241605862006438
PCA11,dinov2_b,zoom_blur_1.2,29,1,0.3454333543777466,0.262780100107193,0.3917866051197052,1.566028811835995
PCA11,dinov2_b,zoom_blur_1.2,30,1,0.2249058336019516,0.3478318452835083,0.4272622764110565,1.538236926169243
PCA11,dinov2_b,zoom_blur_1.2,31,1,0.4400111138820648,0.2773498594760895,0.2826390266418457,1.5495442369602723
PCA11,dinov2_b,zoom_blur_1.2,32,1,0.34474608302116394,0.3668103814125061,0.2884434759616852,1.5777650023842904
PCA11,dinov2_b,zoom_blur_1.2,33,1,0.4130305051803589,0.31320348381996155,0.27376607060432434,1.5631210854390434
PCA11,dinov2_b,zoom_blur_1.2,34,2,0.262320339679718,0.4041402339935303,0.3335394859313965,1.5630257246797772
PCA11,dinov2_b,zoom_blur_1.2,35,2,0.12553174793720245,0.33004188537597656,0.5444263219833374,1.3812215265922727
PCA11,dinov2_b,zoom_blur_1.2,36,2,0.1572546511888504,0.4632420539855957,0.3795033097267151,1.4644345274811452
PCA11,dinov2_b,zoom_blur_1.2,37,2,0.3174681067466736,0.33513420820236206,0.3473976254463196,1.5839797796782826
PCA11,dinov2_b,zoom_blur_1.2,38,2,0.2747063934803009,0.3489663600921631,0.37632712721824646,1.5726861472312264
PCA11,dinov2_b,zoom_blur_1.2,39,2,0.40051332116127014,0.34838101267814636,0.25110557675361633,1.5593002331996182
PCA11,dinov2_b,zoom_blur_1.2,40,2,0.25826123356819153,0.23646745085716248,0.5052711963653564,1.4939558072751595
PCA11,dinov2_b,zoom_blur_1.2,41,2,0.43286755681037903,0.3307998478412628,0.23633264005184174,1.5426855587096209
PCA11,dinov2_b,zoom_blur_1.2,42,2,0.2934127449989319,0.39313334226608276,0.3134538531303406,1.5731810122635885
PCA11,dinov2_b,zoom_blur_1.2,43,2,0.13496677577495575,0.38744914531707764,0.4775840640068054,1.4291500133045867
PCA11,dinov2_b,zoom_blur_1.2,44,2,0.2882571220397949,0.32358062267303467,0.3881622850894928,1.573969182999085
PCA11,dinov2_b,zoom_blur_1.2,45,2,0.17910923063755035,0.35393673181533813,0.4669540226459503,1.487755500608034
PCA11,dinov2_b,zoom_blur_1.2,46,2,0.23468703031539917,0.4583897888660431,0.3069233000278473,1.5296381918061543
PCA11,dinov2_b,zoom_blur_1.2,47,2,0.3132682144641876,0.330338716506958,0.35639309883117676,1.5829286634890534
PCA11,dinov2_b,zoom_blur_1.2,48,2,0.09539765864610672,0.38176506757736206,0.5228373408317566,1.3429019927769938
PCA11,dinov2_b,zoom_blur_1.2,49,2,0.18515124917030334,0.400034636259079,0.4148140847682953,1.5058727043113032
PCA11,dinov2_b,zoom_blur_1.2,50,3,0.252662718296051,0.251026451587677,0.4963108003139496,1.5036460797912645
PCA11,dinov2_b,zoom_blur_1.2,51,3,0.31692859530448914,0.3168904483318329,0.3661808967590332,1.5815135799172197
PCA11,dinov2_b,zoom_blur_1.2,52,3,0.26716575026512146,0.33050456643104553,0.40232959389686584,1.5651163272566502
PCA11,dinov2_b,zoom_blur_1.2,53,3,0.2764141261577606,0.4919412136077881,0.23164471983909607,1.5050219964984424
PCA11,dinov2_b,zoom_blur_1.2,54,3,0.27335092425346375,0.3884015679359436,0.3382475674152374,1.5703820245875133
PCA11,dinov2_b,zoom_blur_1.2,55,3,0.3216079771518707,0.3435530364513397,0.3348389267921448,1.5844327875898352
PCA11,dinov2_b,zoom_blur_1.2,56,3,0.2129264622926712,0.447695255279541,0.33937832713127136,1.5233259742092171
PCA11,dinov2_b,zoom_blur_1.2,57,3,0.3352593779563904,0.3451525568962097,0.3195880651473999,1.584241098984255
PCA11,dinov2_b,zoom_blur_1.2,58,3,0.26056796312332153,0.3923128545284271,0.3471192419528961,1.565040505189317
PCA11,dinov2_b,zoom_blur_1.2,59,3,0.3747806251049042,0.3460821807384491,0.27913719415664673,1.5743109452844177
PCA11,dinov2_b,zoom_blur_1.2,60,3,0.4169660806655884,0.2324121743440628,0.35062170028686523,1.5456388691272598
PCA11,dinov2_b,zoom_blur_1.2,61,3,0.3289414048194885,0.30762678384780884,0.363431841135025,1.581548297336448
PCA11,dinov2_b,zoom_blur_1.2,62,3,0.31903019547462463,0.32486778497695923,0.3561021387577057,1.5832597188174335
PCA11,dinov2_b,zoom_blur_1.2,63,3,0.25786325335502625,0.3552780747413635,0.38685864210128784,1.564671907905363
PCA11,dinov2_b,zoom_blur_1.2,64,3,0.3331734836101532,0.3751269280910492,0.2916995882987976,1.577413457876062
PCA11,dinov2_b,zoom_blur_1.2,65,3,0.27549174427986145,0.4109910726547241,0.31351715326309204,1.564254829221872
PCA11,dinov2_b,zoom_blur_1.2,66,3,0.30677205324172974,0.3504890203475952,0.3427388370037079,1.5825775906539814
PCA11,dinov2_b,zoom_blur_1.2,67,4,0.20303502678871155,0.40985560417175293,0.38710927963256836,1.52445339918835
PCA11,dinov2_b,zoom_blur_1.2,68,4,0.32641467452049255,0.3856353163719177,0.2879500687122345,1.574551412990225
PCA11,dinov2_b,zoom_blur_1.2,69,4,0.33205273747444153,0.3721577823162079,0.29578933119773865,1.5786449762468984
PCA11,dinov2_b,zoom_blur_1.2,70,4,0.3563668727874756,0.3446654677391052,0.2989676892757416,1.5809167588515047
PCA11,dinov2_b,zoom_blur_1.2,71,4,0.36554718017578125,0.31019076704978943,0.32426202297210693,1.5814193192215242
PCA11,dinov2_b,zoom_blur_1.2,72,4,0.2887042164802551,0.35197746753692627,0.359318345785141,1.5782826394477434
PCA11,dinov2_b,zoom_blur_1.2,73,4,0.2956423759460449,0.3744051158428192,0.329952597618103,1.578231345740515
PCA11,dinov2_b,zoom_blur_1.2,74,4,0.24632540345191956,0.36857080459594727,0.3851037919521332,1.5588148684731113
PCA11,dinov2_b,zoom_blur_1.2,75,4,0.3208433985710144,0.30775031447410583,0.3714062571525574,1.580142739201054
PCA11,dinov2_b,zoom_blur_1.2,76,4,0.3298838138580322,0.3305625021457672,0.3395536243915558,1.5848367852527596
PCA11,dinov2_b,zoom_blur_1.2,77,4,0.3179827034473419,0.2938343584537506,0.38818296790122986,1.5747462551845823
PCA11,dinov2_b,zoom_blur_1.2,78,4,0.3456040024757385,0.36148133873939514,0.29291462898254395,1.5792847396403897
PCA11,dinov2_b,zoom_blur_1.2,79,4,0.2966878414154053,0.3308889865875244,0.3724231719970703,1.5787461815913821
PCA11,dinov2_b,zoom_blur_1.2,80,4,0.3129991292953491,0.32664304971694946,0.36035779118537903,1.5824120376120252
PCA11,dinov2_b,zoom_blur_1.2,81,4,0.34973958134651184,0.39630457758903503,0.2539559304714203,1.5614343026252495
PCA11,dinov2_b,zoom_blur_1.2,82,4,0.2772176265716553,0.38922590017318726,0.33355647325515747,1.5713182503277041
PCA11,dinov2_b,zoom_blur_1.2,83,4,0.24325108528137207,0.34842953085899353,0.4083194136619568,1.5537313764875107
PCA11,dinov2_b,zoom_blur_1.2,84,4,0.2637048661708832,0.2916684150695801,0.4446267783641815,1.545491821088835
PCA11,dinov2_b,zoom_blur_1.2,85,4,0.35029080510139465,0.363883912563324,0.28582534193992615,1.577255346320091
PCA11,dinov2_b,zoom_blur_1.2,86,4,0.35800832509994507,0.26803886890411377,0.3739527761936188,1.5703470148775276
PCA11,dinov2_b,zoom_blur_1.2,87,5,0.33652910590171814,0.2794731557369232,0.3839977979660034,1.5730013154189684
PCA11,dinov2_b,zoom_blur_1.2,88,5,0.370206743478775,0.3484465181827545,0.28134679794311523,1.575457274180192
PCA11,dinov2_b,zoom_blur_1.2,89,5,0.3159347474575043,0.26727575063705444,0.41678959131240845,1.5602069018866698
PCA11,dinov2_b,zoom_blur_1.2,90,5,0.3028624355792999,0.41850364208221436,0.27863389253616333,1.5615184010981382
PCA11,dinov2_b,zoom_blur_1.2,91,5,0.1008041501045227,0.3329158425331116,0.5662800073623657,1.3265435994960686
PCA11,dinov2_b,zoom_blur_1.2,92,5,0.3419828712940216,0.34264352917671204,0.31537356972694397,1.5839052211891191
PCA11,dinov2_b,zoom_blur_1.2,93,5,0.18089616298675537,0.38690102100372314,0.4322028160095215,1.4993291851052517
PCA11,dinov2_b,zoom_blur_1.2,94,5,0.12336347997188568,0.343657523393631,0.5329790115356445,1.3858618907391294
PCA11,dinov2_b,zoom_blur_1.2,95,5,0.3325042724609375,0.31712937355041504,0.35036641359329224,1.5837659497133219
PCA11,dinov2_b,zoom_blur_1.2,96,5,0.37662920355796814,0.32726573944091797,0.29610493779182434,1.5778732114255067
PCA11,dinov2_b,zoom_blur_1.2,97,5,0.29296860098838806,0.36653509736061096,0.3404962718486786,1.5788646682537304
PCA11,dinov2_b,zoom_blur_1.2,98,5,0.33843180537223816,0.261455774307251,0.40011242032051086,1.563759201558475
PCA11,dinov2_b,zoom_blur_1.2,99,5,0.32927989959716797,0.3560812473297119,0.31463882327079773,1.5830607675283868
PCA11,dinov2_b,zoom_blur_1.2,100,5,0.33200541138648987,0.40765219926834106,0.26034241914749146,1.5613296768200737
PCA11,dinov2_b,zoom_blur_1.2,101,5,0.3062804937362671,0.42828169465065,0.2654377818107605,1.554719435446806
PCA11,dinov2_b,zoom_blur_1.2,102,5,0.28593340516090393,0.29127150774002075,0.4227951169013977,1.55990163648839
PCA11,dinov2_b,zoom_blur_1.2,103,5,0.2903430759906769,0.35359451174736023,0.3560624122619629,1.5788147411566178
PCA11,dinov2_b,zoom_blur_1.2,104,5,0.230653777718544,0.45490798354148865,0.3144383728504181,1.5298905923649606
PCA11,dinov2_b,zoom_blur_1.2,105,5,0.17479275166988373,0.3617684841156006,0.4634387195110321,1.4847004015299796
PCA11,dinov2_b,zoom_blur_1.2,106,5,0.3407103419303894,0.2753491699695587,0.3839404881000519,1.5718254673123853
PCA11,dinov2_b,zoom_blur_1.2,107,5,0.13874177634716034,0.46009278297424316,0.4011653959751129,1.4392817462677066
PCA11,dinov2_b,zoom_blur_1.2,108,5,0.3233218789100647,0.35448673367500305,0.3221915364265442,1.5835232294449233
PCA11,dinov2_b,zoom_blur_1.2,109,6,0.27572718262672424,0.2554875314235687,0.46878528594970703,1.5278450829266803
PCA11,dinov2_b,zoom_blur_1.2,110,6,0.2623473107814789,0.3946895897388458,0.3429630994796753,1.565301932303813
PCA11,dinov2_b,zoom_blur_1.2,111,6,0.37328481674194336,0.2523775100708008,0.37433764338493347,1.5626461127423545
PCA11,dinov2_b,zoom_blur_1.2,112,6,0.24358715116977692,0.4007803797721863,0.35563236474990845,1.5554227275268846
PCA11,dinov2_b,zoom_blur_1.2,113,6,0.32190635800361633,0.3593038320541382,0.3187898099422455,1.5827890322217704
PCA11,dinov2_b,zoom_blur_1.2,114,6,0.30421265959739685,0.2757755219936371,0.4200117588043213,1.5604414281820653
PCA11,dinov2_b,zoom_blur_1.2,115,6,0.34847164154052734,0.3026641011238098,0.34886434674263,1.5818588714711317
PCA11,dinov2_b,zoom_blur_1.2,116,6,0.3417067527770996,0.41883695125579834,0.23945632576942444,1.5490264860873877
PCA11,dinov2_b,zoom_blur_1.2,117,6,0.3746775686740875,0.26451751589775085,0.360804945230484,1.5687808546093778
PCA11,dinov2_b,zoom_blur_1.2,118,6,0.33479273319244385,0.37346965074539185,0.2917376160621643,1.5776933596097176
PCA11,dinov2_b,zoom_blur_1.2,119,6,0.2481640726327896,0.3172309398651123,0.4346049726009369,1.5469189730513382
PCA11,dinov2_b,zoom_blur_1.2,120,6,0.470859169960022,0.22367079555988312,0.3054700493812561,1.5175309063974007
PCA11,dinov2_b,zoom_blur_1.2,121,6,0.37330466508865356,0.4981553554534912,0.12853990495204926,1.4119331829591868
PCA11,dinov2_b,zoom_blur_1.2,122,6,0.4687592387199402,0.46072959899902344,0.07051121443510056,1.29726725140419
PCA11,dinov2_b,zoom_blur_1.2,123,6,0.47343236207962036,0.2476862072944641,0.2788814306259155,1.5231961638139104
PCA11,dinov2_b,zoom_blur_1.2,124,6,0.47634631395339966,0.3139684796333313,0.20968514680862427,1.506957431404429
PCA11,dinov2_b,zoom_blur_1.2,125,6,0.3142654597759247,0.20434747636318207,0.48138710856437683,1.5006799260836736
PCA11,dinov2_b,zoom_blur_1.2,126,7,0.3720771372318268,0.5271859169006348,0.10073692351579666,1.3511946626876172
PCA11,dinov2_b,zoom_blur_1.2,127,7,0.2667351961135864,0.3567449450492859,0.37651994824409485,1.5696207897851466
PCA11,dinov2_b,zoom_blur_1.2,128,7,0.3899092972278595,0.11555132269859314,0.49453943967819214,1.3919356968359056
PCA11,dinov2_b,zoom_blur_1.2,129,7,0.39210203289985657,0.27903589606285095,0.3288620412349701,1.571091359445702
PCA11,dinov2_b,zoom_blur_1.2,130,7,0.30291956663131714,0.3739776909351349,0.32310259342193604,1.579230208800268
PCA11,dinov2_b,zoom_blur_1.2,131,7,0.41712629795074463,0.30632755160331726,0.2765462100505829,1.561866847452029
PCA11,dinov2_b,zoom_blur_1.2,132,7,0.35276955366134644,0.27703043818473816,0.37020009756088257,1.5740393337892247
PCA11,dinov2_b,zoom_blur_1.2,133,7,0.3792473375797272,0.23935125768184662,0.3814014196395874,1.5546041177580032
PCA11,dinov2_b,zoom_blur_1.2,134,7,0.38234743475914,0.30828821659088135,0.30936431884765625,1.5773342932367664
PCA11,dinov2_b,zoom_blur_1.2,135,7,0.5348386764526367,0.14022235572338104,0.32493898272514343,1.4072580016474743
PCA11,dinov2_b,zoom_blur_1.2,136,7,0.4672282934188843,0.25104033946990967,0.28173133730888367,1.5283945630368612
PCA11,dinov2_b,zoom_blur_1.2,137,7,0.3288367688655853,0.32987985014915466,0.3412834405899048,1.5847569465353764
PCA11,dinov2_b,zoom_blur_1.2,138,7,0.2449169009923935,0.2959868013858795,0.45909637212753296,1.5325873027507035
PCA11,dinov2_b,zoom_blur_1.2,139,7,0.34981608390808105,0.3369039297103882,0.31328004598617554,1.583468306095687
PCA11,dinov2_b,zoom_blur_1.2,140,7,0.3063298165798187,0.3389124572277069,0.3547576665878296,1.5823004119197646
PCA11,dinov2_b,zoom_blur_1.2,141,7,0.34276846051216125,0.2770976722240448,0.38013386726379395,1.5729745172762986
PCA11,dinov2_b,zoom_blur_1.2,142,7,0.3118833303451538,0.2696157693862915,0.41850095987319946,1.5600300832894738
PCA11,dinov2_b,zoom_blur_1.2,143,7,0.3160320520401001,0.38584965467453003,0.29811832308769226,1.5758422695563956
PCA11,dinov2_b,zoom_blur_1.2,144,7,0.3205150067806244,0.41783007979393005,0.2616548538208008,1.5582992861495062
PCA11,dinov2_b,zoom_blur_1.2,145,7,0.34041833877563477,0.30875474214553833,0.3508269786834717,1.5828629817654387
PCA11,dinov2_b,zoom_blur_1.2,146,7,0.2515930235385895,0.4078846275806427,0.34052228927612305,1.5578206977642015
PCA11,dinov2_b,zoom_blur_1.2,147,7,0.3861759603023529,0.25968825817108154,0.3541359007358551,1.565586730776845
PCA11,dinov2_b,zoom_blur_1.2,148,7,0.30796703696250916,0.3660908341407776,0.3259420692920685,1.5811646148922163
PCA11,dinov2_b,zoom_blur_1.2,149,7,0.39251309633255005,0.32979729771614075,0.2776896357536316,1.5706610285480798
PCA11,dinov2_b,zoom_blur_1.2,150,7,0.2939545214176178,0.3713225722312927,0.3347229063510895,1.5784512202254877
PCA11,dinov2_b,zoom_blur_1.2,151,8,0.3074250817298889,0.30199146270751953,0.39058342576026917,1.574556644428652
PCA11,dinov2_b,zoom_blur_1.2,152,8,0.33633121848106384,0.33257168531417847,0.3310970664024353,1.5849310070760976
PCA11,dinov2_b,zoom_blur_1.2,153,8,0.23303280770778656,0.3739241361618042,0.39304298162460327,1.5498841998014772
PCA11,dinov2_b,zoom_blur_1.2,154,8,0.3589923083782196,0.3124932050704956,0.3285145163536072,1.5825623590917939
PCA11,dinov2_b,zoom_blur_1.2,155,8,0.41530415415763855,0.2323748618364334,0.35232090950012207,1.546021521873449
PCA11,dinov2_b,zoom_blur_1.2,156,8,0.31922900676727295,0.3424065411090851,0.3383643627166748,1.5842947425316294
PCA11,dinov2_b,zoom_blur_1.2,157,8,0.3915967047214508,0.250365674495697,0.3580375909805298,1.5604074406557749
PCA11,dinov2_b,zoom_blur_1.2,158,8,0.20897583663463593,0.30652883648872375,0.4844953417778015,1.501413686138672
PCA11,dinov2_b,zoom_blur_1.2,159,8,0.2504435181617737,0.3772766590118408,0.3722797930240631,1.5615127846436354
PCA11,dinov2_b,zoom_blur_1.2,160,8,0.22812196612358093,0.37873202562332153,0.3931460976600647,1.546406918197201
PCA11,dinov2_b,zoom_blur_1.2,161,8,0.3897377550601959,0.27235403656959534,0.33790817856788635,1.5698029443064119
PCA11,dinov2_b,zoom_blur_1.2,162,8,0.2257809340953827,0.3542283773422241,0.419990599155426,1.540768590716198
PCA11,dinov2_b,zoom_blur_1.2,163,8,0.30764007568359375,0.3338088393211365,0.35855117440223694,1.5821524934793776
PCA11,dinov2_b,zoom_blur_1.2,164,8,0.21676108241081238,0.3566552400588989,0.4265836477279663,1.532938423043975
PCA11,dinov2_b,zoom_blur_1.2,165,8,0.36760005354881287,0.19625486433506012,0.43614518642425537,1.513897512963546
PCA11,dinov2_b,zoom_blur_1.2,166,8,0.34317633509635925,0.30369699001312256,0.3531266450881958,1.5819636710819656
PCA11,dinov2_b,zoom_blur_1.2,167,8,0.33169347047805786,0.2861718535423279,0.38213473558425903,1.5749795751472804
PCA11,dinov2_b,zoom_blur_1.2,168,8,0.28126394748687744,0.31920167803764343,0.3995344340801239,1.5694130116831613
PCA11,dinov2_b,zoom_blur_1.2,169,8,0.2927478551864624,0.3708658814430237,0.3363863229751587,1.5782835548576606
PCA11,dinov2_b,zoom_blur_1.2,170,8,0.3194933533668518,0.38573354482650757,0.2947731614112854,1.5755396428124704
PCA11,dinov2_b,zoom_blur_1.2,171,8,0.33287176489830017,0.3384465277194977,0.32868173718452454,1.5848587047241705
PCA11,dinov2_b,zoom_blur_1.2,172,8,0.3504891097545624,0.31585395336151123,0.33365684747695923,1.583662958824729
PCA11,dinov2_b,zoom_blur_1.2,173,8,0.2775730788707733,0.2847172021865845,0.4377097189426422,1.551000120526268
PCA11,dinov2_b,zoom_blur_1.2,174,8,0.33060553669929504,0.40587297081947327,0.2635214328765869,1.5629339852962225
PCA11,dinov2_b,zoom_blur_1.2,175,8,0.27004462480545044,0.3652925491333008,0.36466288566589355,1.571483639105768
PCA11,dinov2_b,zoom_blur_1.2,176,8,0.3482478857040405,0.35177478194236755,0.29997727274894714,1.5812730290848402
PCA11,dinov2_b,zoom_blur_1.2,177,8,0.289578914642334,0.3610602617263794,0.34936076402664185,1.5784587818423739
PCA11,dinov2_b,zoom_blur_1.2,178,9,0.3786722421646118,0.32435959577560425,0.2969682216644287,1.5775552834906592
PCA11,dinov2_b,zoom_blur_1.2,179,9,0.36199936270713806,0.3289721608161926,0.30902859568595886,1.581881170608431
PCA11,dinov2_b,zoom_blur_1.2,180,9,0.2736235558986664,0.36257094144821167,0.3638055622577667,1.572991215096851
PCA11,dinov2_b,zoom_blur_1.2,181,9,0.45103710889816284,0.34116998314857483,0.20779292285442352,1.5184232207654793
PCA11,dinov2_b,zoom_blur_1.2,182,9,0.35686543583869934,0.24908822774887085,0.39404624700546265,1.5594130551992487
PCA11,dinov2_b,zoom_blur_1.2,183,9,0.4685766398906708,0.31108930706977844,0.22033408284187317,1.5173372532956884
PCA11,dinov2_b,zoom_blur_1.2,184,9,0.45456305146217346,0.24039646983146667,0.30504053831100464,1.5339322058128402
PCA11,dinov2_b,zoom_blur_1.2,185,9,0.3135480582714081,0.32255586981773376,0.36389610171318054,1.581881678214566
PCA11,dinov2_b,zoom_blur_1.2,186,9,0.23474456369876862,0.41055193543434143,0.3547035753726959,1.5485036216803234
PCA11,dinov2_b,zoom_blur_1.2,187,9,0.2693037986755371,0.3688964247703552,0.3617997467517853,1.5711103418575596
PCA11,dinov2_b,zoom_blur_1.2,188,10,0.34228408336639404,0.2949140965938568,0.36280184984207153,1.5796399409348876
PCA11,dinov2_b,zoom_blur_1.2,189,10,0.274673730134964,0.35288363695144653,0.3724425733089447,1.5730372652719706
PCA11,dinov2_b,zoom_blur_1.2,190,10,0.22169798612594604,0.3726480007171631,0.40565401315689087,1.5405479121138648
PCA11,dinov2_b,zoom_blur_1.2,191,10,0.39065322279930115,0.2541119456291199,0.35523489117622375,1.5624049956400068
PCA11,dinov2_b,zoom_blur_1.2,192,10,0.3798322081565857,0.3210132420063019,0.29915452003479004,1.5775353463301447
PCA11,dinov2_b,zoom_blur_1.2,193,10,0.29647189378738403,0.31462588906288147,0.3889022469520569,1.57479614891999
PCA11,dinov2_b,zoom_blur_1.2,194,10,0.24805982410907745,0.3712368607521057,0.38070327043533325,1.5600427246894446
PCA11,dinov2_b,zoom_blur_1.2,195,10,0.3890923857688904,0.3498981297016144,0.2610095143318176,1.5657561896915388
PCA11,dinov2_b,zoom_blur_1.2,196,10,0.27235323190689087,0.3133026659488678,0.4143441319465637,1.5623141367236981
PCA11,dinov2_b,zoom_blur_1.2,197,10,0.22237318754196167,0.4425283372402191,0.33509841561317444,1.5313638472644873
PCA11,dinov2_b,zoom_blur_1.2,198,10,0.1904241144657135,0.5025445222854614,0.3070312440395355,1.4775350880697957
PCA11,dinov2_b,zoom_blur_1.2,199,10,0.34732747077941895,0.2795599102973938,0.3731127679347992,1.574624677771407
PCA11,dinov2_b,contrast_0.5,0,0,0.09674090892076492,0.47627297043800354,0.42698609828948975,1.3598967142171088
PCA11,dinov2_b,contrast_0.5,1,0,0.1381157636642456,0.38506561517715454,0.47681862115859985,1.4341077865879
PCA11,dinov2_b,contrast_0.5,2,0,0.3424651026725769,0.38518276810646057,0.2723521590232849,1.5706574229927908
PCA11,dinov2_b,contrast_0.5,3,0,0.2846803367137909,0.5422247052192688,0.17309507727622986,1.4328054388524751
PCA11,dinov2_b,contrast_0.5,4,0,0.11842894554138184,0.32419252395629883,0.5573786497116089,1.3613720078662381
PCA11,dinov2_b,contrast_0.5,5,0,0.07685303688049316,0.6774722933769226,0.245674729347229,1.1626072600812676
PCA11,dinov2_b,contrast_0.5,6,0,0.23308934271335602,0.3098539113998413,0.45705679059028625,1.5297602678977689
PCA11,dinov2_b,contrast_0.5,7,0,0.15997722744941711,0.3237662613391876,0.51625657081604,1.4421754831988085
PCA11,dinov2_b,contrast_0.5,8,0,0.17522673308849335,0.1465836614370346,0.6781895160675049,1.2263083503142553
PCA11,dinov2_b,contrast_0.5,9,0,0.2505261301994324,0.6154274344444275,0.13404642045497894,1.3199272223404255
PCA11,dinov2_b,contrast_0.5,10,1,0.716525137424469,0.08237475156784058,0.201100155711174,1.1066185818282086
PCA11,dinov2_b,contrast_0.5,11,1,0.500404417514801,0.4057977497577667,0.09379773586988449,1.3480853547546534
PCA11,dinov2_b,contrast_0.5,12,1,0.1684354543685913,0.3533867597579956,0.4781777858734131,1.472117841951953
PCA11,dinov2_b,contrast_0.5,13,1,0.38928014039993286,0.3060368597507477,0.3046829402446747,1.5750511125428086
PCA11,dinov2_b,contrast_0.5,14,1,0.11282733082771301,0.6266873478889465,0.2604854106903076,1.2831913423607717
PCA11,dinov2_b,contrast_0.5,15,1,0.37230822443962097,0.5385451316833496,0.08914671838283539,1.322460144479628
PCA11,dinov2_b,contrast_0.5,16,1,0.5102114081382751,0.08047757297754288,0.4093110263347626,1.3153793283316682
PCA11,dinov2_b,contrast_0.5,17,1,0.44811177253723145,0.4293648898601532,0.12252341210842133,1.4137587353429804
PCA11,dinov2_b,contrast_0.5,18,1,0.35277074575424194,0.43222808837890625,0.2150012105703354,1.530121531188448
PCA11,dinov2_b,contrast_0.5,19,1,0.10695000737905502,0.3993825614452362,0.4936673641204834,1.376503303261577
PCA11,dinov2_b,contrast_0.5,20,1,0.4122902750968933,0.30091890692710876,0.2867908775806427,1.565152164152183
PCA11,dinov2_b,contrast_0.5,21,1,0.06554879248142242,0.5066640973091125,0.42778706550598145,1.2787313844460422
PCA11,dinov2_b,contrast_0.5,22,1,0.14721901714801788,0.41401466727256775,0.4387662708759308,1.4550996146490456
PCA11,dinov2_b,contrast_0.5,23,1,0.598175585269928,0.31958261132240295,0.0822417363524437,1.2658105300502682
PCA11,dinov2_b,contrast_0.5,24,1,0.4634964168071747,0.26463693380355835,0.2718665897846222,1.5325850447092448
PCA11,dinov2_b,contrast_0.5,25,1,0.0495898462831974,0.6714802384376526,0.2789299190044403,1.1145302733435045
PCA11,dinov2_b,contrast_0.5,26,1,0.4938962757587433,0.42703837156295776,0.07906536012887955,1.316307657966373
PCA11,dinov2_b,contrast_0.5,27,1,0.4007335603237152,0.4951165020465851,0.10415001213550568,1.370678163688741
PCA11,dinov2_b,contrast_0.5,28,1,0.05410010367631912,0.5046911835670471,0.4412086308002472,1.2463892339996137
PCA11,dinov2_b,contrast_0.5,29,1,0.18925239145755768,0.3795180916786194,0.43122944235801697,1.5082717080091697
PCA11,dinov2_b,contrast_0.5,30,1,0.06505026668310165,0.4648013412952423,0.47014838457107544,1.282102282323191
PCA11,dinov2_b,contrast_0.5,31,1,0.662889838218689,0.062422189861536026,0.2746879756450653,1.1550552796206548
PCA11,dinov2_b,contrast_0.5,32,1,0.04103721305727959,0.5269920825958252,0.4319707453250885,1.1991875489609753
PCA11,dinov2_b,contrast_0.5,33,1,0.4780748784542084,0.4111022651195526,0.11082278192043304,1.3879277879733694
PCA11,dinov2_b,contrast_0.5,34,2,0.4001489579677582,0.30834874510765076,0.29150229692459106,1.570547374255169
PCA11,dinov2_b,contrast_0.5,35,2,0.10913453996181488,0.3796897530555725,0.5111756920814514,1.37411532030121
PCA11,dinov2_b,contrast_0.5,36,2,0.15563584864139557,0.4333021640777588,0.41106197237968445,1.4677076763956074
PCA11,dinov2_b,contrast_0.5,37,2,0.19113048911094666,0.6087314486503601,0.20013807713985443,1.3567322802285164
PCA11,dinov2_b,contrast_0.5,38,2,0.3955248296260834,0.398429811000824,0.20604535937309265,1.5278022456670666
PCA11,dinov2_b,contrast_0.5,39,2,0.18653684854507446,0.5927475690841675,0.2207155078649521,1.3802159993517489
PCA11,dinov2_b,contrast_0.5,40,2,0.09434810280799866,0.5228325128555298,0.38281941413879395,1.3407939190092422
PCA11,dinov2_b,contrast_0.5,41,2,0.316915363073349,0.29419538378715515,0.38888925313949585,1.574580295686569
PCA11,dinov2_b,contrast_0.5,42,2,0.34992384910583496,0.31263267993927,0.33744359016418457,1.5833929466181342
PCA11,dinov2_b,contrast_0.5,43,2,0.1792604625225067,0.4462035000324249,0.37453609704971313,1.4946760909111232
PCA11,dinov2_b,contrast_0.5,44,2,0.23188194632530212,0.4674534499645233,0.3006645441055298,1.5230616783516113
PCA11,dinov2_b,contrast_0.5,45,2,0.11168017983436584,0.46093153953552246,0.4273882210254669,1.3923691297867808
PCA11,dinov2_b,contrast_0.5,46,2,0.29164114594459534,0.38810446858406067,0.32025429606437683,1.574495403295952
PCA11,dinov2_b,contrast_0.5,47,2,0.4086262285709381,0.4604257643222809,0.13094796240329742,1.4268558274822118
PCA11,dinov2_b,contrast_0.5,48,2,0.15297414362430573,0.536877453327179,0.31014835834503174,1.4199421534842878
PCA11,dinov2_b,contrast_0.5,49,2,0.20055820047855377,0.13251730799674988,0.6669244766235352,1.2410160602255715
PCA11,dinov2_b,contrast_0.5,50,3,0.4820641279220581,0.2769679129123688,0.2409680187702179,1.515201051584536
PCA11,dinov2_b,contrast_0.5,51,3,0.4885525703430176,0.22827693819999695,0.28317058086395264,1.5068111414674927
PCA11,dinov2_b,contrast_0.5,52,3,0.5250232815742493,0.4405488967895508,0.03442787379026413,1.1763672999251555
PCA11,dinov2_b,contrast_0.5,53,3,0.25420883297920227,0.42134061455726624,0.32445070147514343,1.5545665318946709
PCA11,dinov2_b,contrast_0.5,54,3,0.46134519577026367,0.3716920018196106,0.16696277260780334,1.4767731993809448
PCA11,dinov2_b,contrast_0.5,55,3,0.35813918709754944,0.30120888352394104,0.34065189957618713,1.5812390222930697
PCA11,dinov2_b,contrast_0.5,56,3,0.25102490186691284,0.41397497057914734,0.33500024676322937,1.5558554780658236
PCA11,dinov2_b,contrast_0.5,57,3,0.320777028799057,0.4371205270290375,0.24210244417190552,1.5434825617306078
PCA11,dinov2_b,contrast_0.5,58,3,0.23526139557361603,0.3630047142505646,0.4017338454723358,1.5503941071792249
PCA11,dinov2_b,contrast_0.5,59,3,0.7177935242652893,0.2506103515625,0.031596049666404724,1.0011804220640692
PCA11,dinov2_b,contrast_0.5,60,3,0.45090529322624207,0.15693961083889008,0.3921549916267395,1.4670423285207743
PCA11,dinov2_b,contrast_0.5,61,3,0.2220652997493744,0.6230149865150452,0.15491969883441925,1.3241966494075288
PCA11,dinov2_b,contrast_0.5,62,3,0.06633248180150986,0.7700312733650208,0.16363631188869476,0.9772706198328653
PCA11,dinov2_b,contrast_0.5,63,3,0.5490875840187073,0.32286879420280457,0.1280435472726822,1.3811806252110779
PCA11,dinov2_b,contrast_0.5,64,3,0.5458236932754517,0.2941264510154724,0.16004984080791473,1.4191278288273674
PCA11,dinov2_b,contrast_0.5,65,3,0.32197800278663635,0.3779852092266083,0.30003684759140015,1.5780629885806439
PCA11,dinov2_b,contrast_0.5,66,3,0.4019811749458313,0.40185466408729553,0.19616414606571198,1.518025572295923
PCA11,dinov2_b,contrast_0.5,67,4,0.35598093271255493,0.17212890088558197,0.47189009189605713,1.4786780365243861
PCA11,dinov2_b,contrast_0.5,68,4,0.2535090744495392,0.16719822585582733,0.5792926549911499,1.3896248909536104
PCA11,dinov2_b,contrast_0.5,69,4,0.3733253479003906,0.5035922527313232,0.12308233231306076,1.4010634040104737
PCA11,dinov2_b,contrast_0.5,70,4,0.6104823350906372,0.3289393186569214,0.060578349977731705,1.2073467582405355
PCA11,dinov2_b,contrast_0.5,71,4,0.531374454498291,0.204748272895813,0.2638773024082184,1.4603873668619443
PCA11,dinov2_b,contrast_0.5,72,4,0.4248356223106384,0.2568483352661133,0.3183160722255707,1.554053254807327
PCA11,dinov2_b,contrast_0.5,73,4,0.4646509289741516,0.12270733714103699,0.4126417338848114,1.412160502682323
PCA11,dinov2_b,contrast_0.5,74,4,0.3681091368198395,0.26466307044029236,0.3672277629375458,1.5690379698631642
PCA11,dinov2_b,contrast_0.5,75,4,0.4109157919883728,0.27563828229904175,0.31344595551490784,1.5643114942284284
PCA11,dinov2_b,contrast_0.5,76,4,0.3816327154636383,0.23201575875282288,0.38635149598121643,1.5494720387407304
PCA11,dinov2_b,contrast_0.5,77,4,0.4172814190387726,0.24485597014427185,0.33786261081695557,1.552130570272518
PCA11,dinov2_b,contrast_0.5,78,4,0.26339221000671387,0.45940420031547546,0.2772035002708435,1.5355807938911685
PCA11,dinov2_b,contrast_0.5,79,4,0.39640095829963684,0.5061339735984802,0.09746505320072174,1.3537952144150656
PCA11,dinov2_b,contrast_0.5,80,4,0.541171669960022,0.1511172205209732,0.3077111840248108,1.414594398868918
PCA11,dinov2_b,contrast_0.5,81,4,0.2905234396457672,0.3832820951938629,0.3261944651603699,1.5755558968283165
PCA11,dinov2_b,contrast_0.5,82,4,0.18555200099945068,0.38998404145240784,0.4244638681411743,1.505468040747213
PCA11,dinov2_b,contrast_0.5,83,4,0.3281676173210144,0.43939921259880066,0.23243311047554016,1.538127109240433
PCA11,dinov2_b,contrast_0.5,84,4,0.33108487725257874,0.20267657935619354,0.46623852849006653,1.5079665027253115
PCA11,dinov2_b,contrast_0.5,85,4,0.27671584486961365,0.3740208148956299,0.3492632806301117,1.573609981449962
PCA11,dinov2_b,contrast_0.5,86,4,0.39293813705444336,0.2560971975326538,0.3509647250175476,1.562993232564923
PCA11,dinov2_b,contrast_0.5,87,5,0.038904741406440735,0.4950012266635895,0.4660940170288086,1.1977157238191085
PCA11,dinov2_b,contrast_0.5,88,5,0.11175302416086197,0.2889854609966278,0.5992615222930908,1.3135728910988802
PCA11,dinov2_b,contrast_0.5,89,5,0.1663874387741089,0.5834162831306458,0.25019627809524536,1.3841663120099863
PCA11,dinov2_b,contrast_0.5,90,5,0.17899282276630402,0.2788870632648468,0.542120099067688,1.4369069218425068
PCA11,dinov2_b,contrast_0.5,91,5,0.0948316901922226,0.19461971521377563,0.7105485796928406,1.132130755062616
PCA11,dinov2_b,contrast_0.5,92,5,0.034790586680173874,0.5587238669395447,0.40648558735847473,1.165690681609517
PCA11,dinov2_b,contrast_0.5,93,5,0.06806235760450363,0.5723993182182312,0.35953834652900696,1.255205807686849
PCA11,dinov2_b,contrast_0.5,94,5,0.115867018699646,0.3513318598270416,0.53280109167099,1.3744361106032745
PCA11,dinov2_b,contrast_0.5,95,5,0.03573231399059296,0.42978841066360474,0.5344793200492859,1.1784229675372113
PCA11,dinov2_b,contrast_0.5,96,5,0.13485436141490936,0.49561482667922974,0.3695308268070221,1.4224460029571022
PCA11,dinov2_b,contrast_0.5,97,5,0.10253242403268814,0.3597731292247772,0.53769451379776,1.3488265825589547
PCA11,dinov2_b,contrast_0.5,98,5,0.09780515730381012,0.4911274313926697,0.411067396402359,1.3590625543908421
PCA11,dinov2_b,contrast_0.5,99,5,0.06319431960582733,0.5445177555084229,0.3922879099845886,1.2588789928063022
PCA11,dinov2_b,contrast_0.5,100,5,0.09126701951026917,0.5413719415664673,0.36736100912094116,1.3252328295609006
PCA11,dinov2_b,contrast_0.5,101,5,0.18879488110542297,0.3125115633010864,0.4986935257911682,1.4790482610085987
PCA11,dinov2_b,contrast_0.5,102,5,0.04987001791596413,0.37780022621154785,0.5723296999931335,1.2070405898358203
PCA11,dinov2_b,contrast_0.5,103,5,0.07882793992757797,0.6032095551490784,0.31796249747276306,1.2544328056834058
PCA11,dinov2_b,contrast_0.5,104,5,0.1371632218360901,0.21254126727581024,0.650295615196228,1.2716956512637876
PCA11,dinov2_b,contrast_0.5,105,5,0.07749275863170624,0.31109532713890076,0.6114119291305542,1.243964687849689
PCA11,dinov2_b,contrast_0.5,106,5,0.30784282088279724,0.44023361802101135,0.2519236207008362,1.5453987347004672
PCA11,dinov2_b,contrast_0.5,107,5,0.054210226982831955,0.42758262157440186,0.5182071328163147,1.243535681029444
PCA11,dinov2_b,contrast_0.5,108,5,0.102473184466362,0.33123350143432617,0.5662932991981506,1.3293841930605206
PCA11,dinov2_b,contrast_0.5,109,6,0.20661158859729767,0.23708999156951904,0.5562984347343445,1.433025467873985
PCA11,dinov2_b,contrast_0.5,110,6,0.3622191846370697,0.4696880877017975,0.16809266805648804,1.4751876210945416
PCA11,dinov2_b,contrast_0.5,111,6,0.48429742455482483,0.42422816157341003,0.09147429466247559,1.3470304926257721
PCA11,dinov2_b,contrast_0.5,112,6,0.6046404838562012,0.3477669954299927,0.04759252443909645,1.1778881447067167
PCA11,dinov2_b,contrast_0.5,113,6,0.4367434084415436,0.06323377043008804,0.500022828578949,1.2738306420743624
PCA11,dinov2_b,contrast_0.5,114,6,0.5731945633888245,0.3864360749721527,0.040369391441345215,1.177227727879511
PCA11,dinov2_b,contrast_0.5,115,6,0.34714290499687195,0.5311498641967773,0.12170730531215668,1.3845259697488315
PCA11,dinov2_b,contrast_0.5,116,6,0.17451561987400055,0.49264657497406006,0.3328377604484558,1.4709568688538905
PCA11,dinov2_b,contrast_0.5,117,6,0.37171921133995056,0.5169649720191956,0.11131587624549866,1.3753554195255526
PCA11,dinov2_b,contrast_0.5,118,6,0.5048362016677856,0.3673001825809479,0.1278635859489441,1.4079751016621838
PCA11,dinov2_b,contrast_0.5,119,6,0.533617377281189,0.3899247646331787,0.07645783573389053,1.2969228354531133
PCA11,dinov2_b,contrast_0.5,120,6,0.4745839238166809,0.1856282353401184,0.3397878408432007,1.490438950190506
PCA11,dinov2_b,contrast_0.5,121,6,0.2916555106639862,0.6392058730125427,0.06913860887289047,1.1976521760576415
PCA11,dinov2_b,contrast_0.5,122,6,0.4018785059452057,0.14550600945949554,0.45261552929878235,1.4507984490479098
PCA11,dinov2_b,contrast_0.5,123,6,0.2852155268192291,0.37523153424263,0.33955299854278564,1.5759596534162172
PCA11,dinov2_b,contrast_0.5,124,6,0.4939790666103363,0.38004162907600403,0.12597933411598206,1.4095834754978682
PCA11,dinov2_b,contrast_0.5,125,6,0.07672436535358429,0.5020810961723328,0.42119452357292175,1.3086881590531159
PCA11,dinov2_b,contrast_0.5,126,7,0.5345624089241028,0.05644804239273071,0.40898969769477844,1.244641578212724
PCA11,dinov2_b,contrast_0.5,127,7,0.1353691816329956,0.4399917721748352,0.4246390759944916,1.4364155860333052
PCA11,dinov2_b,contrast_0.5,128,7,0.4525913894176483,0.38919439911842346,0.1582140475511551,1.4683584080451086
PCA11,dinov2_b,contrast_0.5,129,7,0.13150393962860107,0.43415567278862,0.43434038758277893,1.430044398317758
PCA11,dinov2_b,contrast_0.5,130,7,0.6001387238502502,0.15036697685718536,0.249494269490242,1.3528180039412088
PCA11,dinov2_b,contrast_0.5,131,7,0.02095681056380272,0.6064225435256958,0.3726205825805664,1.085155631820352
PCA11,dinov2_b,contrast_0.5,132,7,0.5164922475814819,0.0222970899194479,0.46121057868003845,1.1295976866330957
PCA11,dinov2_b,contrast_0.5,133,7,0.46641501784324646,0.22979794442653656,0.3037870526313782,1.522903293046156
PCA11,dinov2_b,contrast_0.5,134,7,0.32804495096206665,0.4307565987110138,0.24119842052459717,1.5457693127341576
PCA11,dinov2_b,contrast_0.5,135,7,0.4659593403339386,0.11220875382423401,0.4218318462371826,1.3927509290816782
PCA11,dinov2_b,contrast_0.5,136,7,0.11591823399066925,0.5125483870506287,0.37153351306915283,1.3853003472260528
PCA11,dinov2_b,contrast_0.5,137,7,0.49580058455467224,0.4347713887691498,0.06942793726921082,1.2914680424518905
PCA11,dinov2_b,contrast_0.5,138,7,0.35678625106811523,0.38039645552635193,0.26281726360321045,1.5676051530091573
PCA11,dinov2_b,contrast_0.5,139,7,0.430835485458374,0.1950775682926178,0.37408706545829773,1.5140073107207495
PCA11,dinov2_b,contrast_0.5,140,7,0.1771429479122162,0.4696553647518158,0.353201687335968,1.4847153812624563
PCA11,dinov2_b,contrast_0.5,141,7,0.2121964991092682,0.41558510065078735,0.37221845984458923,1.5317409420494543
PCA11,dinov2_b,contrast_0.5,142,7,0.03354939445853233,0.373807430267334,0.5926430821418762,1.1422857807348592
PCA11,dinov2_b,contrast_0.5,143,7,0.7206984162330627,0.0391325019299984,0.24016901850700378,1.0177554642348885
PCA11,dinov2_b,contrast_0.5,144,7,0.3502620458602905,0.3322845697402954,0.31745341420173645,1.5837955949497027
PCA11,dinov2_b,contrast_0.5,145,7,0.4847806990146637,0.4051942527294159,0.11002494394779205,1.3848255348029537
PCA11,dinov2_b,contrast_0.5,146,7,0.1645273119211197,0.44391995668411255,0.3915526568889618,1.478134559884916
PCA11,dinov2_b,contrast_0.5,147,7,0.5015730857849121,0.40407490730285645,0.09435193985700607,1.34889352551991
PCA11,dinov2_b,contrast_0.5,148,7,0.49747347831726074,0.3606993556022644,0.1418270617723465,1.4313849684075481
PCA11,dinov2_b,contrast_0.5,149,7,0.5667022466659546,0.019572943449020386,0.4137248992919922,1.1021744504130893
PCA11,dinov2_b,contrast_0.5,150,7,0.5204989314079285,0.35286471247673035,0.1266363263130188,1.3981496403189246
PCA11,dinov2_b,contrast_0.5,151,8,0.35173994302749634,0.4253462255001068,0.22291378676891327,1.5375018158490956
PCA11,dinov2_b,contrast_0.5,152,8,0.4254232943058014,0.23993168771266937,0.33464503288269043,1.5471553894017278
PCA11,dinov2_b,contrast_0.5,153,8,0.45587146282196045,0.13196492195129395,0.412163645029068,1.4292493276378386
PCA11,dinov2_b,contrast_0.5,154,8,0.398647278547287,0.42544078826904297,0.17591185867786407,1.4945112052971141
PCA11,dinov2_b,contrast_0.5,155,8,0.16956950724124908,0.30944573879241943,0.5209848284721375,1.447847123995962
PCA11,dinov2_b,contrast_0.5,156,8,0.22576066851615906,0.5135512351989746,0.2606881856918335,1.4841083129988357
PCA11,dinov2_b,contrast_0.5,157,8,0.2453107386827469,0.3786063492298126,0.3760829567909241,1.5584440364439296
PCA11,dinov2_b,contrast_0.5,158,8,0.18178106844425201,0.3929796814918518,0.425239235162735,1.5012591228793855
PCA11,dinov2_b,contrast_0.5,159,8,0.5378182530403137,0.3359835147857666,0.12619829177856445,1.3867853732858961
PCA11,dinov2_b,contrast_0.5,160,8,0.25580018758773804,0.30979251861572266,0.43440714478492737,1.5494191630088663
PCA11,dinov2_b,contrast_0.5,161,8,0.503395140171051,0.2932155728340149,0.20338930189609528,1.4847865028724774
PCA11,dinov2_b,contrast_0.5,162,8,0.46445581316947937,0.4152299463748932,0.12031418830156326,1.407961074263482
PCA11,dinov2_b,contrast_0.5,163,8,0.24083839356899261,0.40070879459381104,0.3584529459476471,1.5538958119740909
PCA11,dinov2_b,contrast_0.5,164,8,0.06308480352163315,0.4919007122516632,0.44501447677612305,1.2747925979617571
PCA11,dinov2_b,contrast_0.5,165,8,0.09742133319377899,0.34134188294410706,0.5612367987632751,1.3243100058116295
PCA11,dinov2_b,contrast_0.5,166,8,0.4869250953197479,0.1454675793647766,0.3676072955131531,1.4408559440406092
PCA11,dinov2_b,contrast_0.5,167,8,0.28858932852745056,0.32559898495674133,0.3858116865158081,1.5746220692513058
PCA11,dinov2_b,contrast_0.5,168,8,0.38547390699386597,0.423014372587204,0.19151179492473602,1.5118536740422188
PCA11,dinov2_b,contrast_0.5,169,8,0.2680493891239166,0.4189043343067169,0.3130462169647217,1.5595198672617476
PCA11,dinov2_b,contrast_0.5,170,8,0.47291243076324463,0.4068925976753235,0.12019497901201248,1.4061491165763058
PCA11,dinov2_b,contrast_0.5,171,8,0.29266229271888733,0.24441207945346832,0.46292564272880554,1.5299736479740549
PCA11,dinov2_b,contrast_0.5,172,8,0.3198593258857727,0.275695264339447,0.40444549918174744,1.5666816247711708
PCA11,dinov2_b,contrast_0.5,173,8,0.2072170078754425,0.6004927754402161,0.19229015707969666,1.3697663775431699
PCA11,dinov2_b,contrast_0.5,174,8,0.12113702297210693,0.4230031967163086,0.45585981011390686,1.4105970874346223
PCA11,dinov2_b,contrast_0.5,175,8,0.44674983620643616,0.3822443187236786,0.17100578546524048,1.4853703391435
PCA11,dinov2_b,contrast_0.5,176,8,0.21460433304309845,0.31757619976997375,0.46781957149505615,1.5147271188946476
PCA11,dinov2_b,contrast_0.5,177,8,0.2971327602863312,0.32292044162750244,0.3799467384815216,1.577283785990268
PCA11,dinov2_b,contrast_0.5,178,9,0.1705424189567566,0.495994508266449,0.3334631025791168,1.4652789743412453
PCA11,dinov2_b,contrast_0.5,179,9,0.08551519364118576,0.5967068076133728,0.31777796149253845,1.273446378190723
PCA11,dinov2_b,contrast_0.5,180,9,0.10478591918945312,0.35882559418678284,0.5363885164260864,1.3536251996470021
PCA11,dinov2_b,contrast_0.5,181,9,0.1662047803401947,0.3745281994342804,0.4592669904232025,1.4765210726186804
PCA11,dinov2_b,contrast_0.5,182,9,0.088127501308918,0.4905568063259125,0.4213157892227173,1.3382648075588652
PCA11,dinov2_b,contrast_0.5,183,9,0.16106374561786652,0.405341774225235,0.43359458446502686,1.4750980716455118
PCA11,dinov2_b,contrast_0.5,184,9,0.24044115841388702,0.33390170335769653,0.4256572723388672,1.547316859665532
PCA11,dinov2_b,contrast_0.5,185,9,0.13391783833503723,0.4149417281150818,0.45114046335220337,1.4330762634243432
PCA11,dinov2_b,contrast_0.5,186,9,0.49827831983566284,0.24815896153450012,0.2535627484321594,1.5016711577707107
PCA11,dinov2_b,contrast_0.5,187,9,0.1519090235233307,0.3337111175060272,0.5143799185752869,1.4347110293145362
PCA11,dinov2_b,contrast_0.5,188,10,0.39393150806427,0.28648635745048523,0.3195821940898895,1.5720540544294601
PCA11,dinov2_b,contrast_0.5,189,10,0.5418429970741272,0.13451096415519714,0.32364606857299805,1.3950578324230407
PCA11,dinov2_b,contrast_0.5,190,10,0.4865892827510834,0.30450233817100525,0.20890839397907257,1.4999772273249719
PCA11,dinov2_b,contrast_0.5,191,10,0.3857834041118622,0.2868621051311493,0.3273545801639557,1.5743140353648881
PCA11,dinov2_b,contrast_0.5,192,10,0.5345450639724731,0.3338821530342102,0.13157282769680023,1.3964128585829125
PCA11,dinov2_b,contrast_0.5,193,10,0.5087822079658508,0.1462254822254181,0.3449922502040863,1.4312807604442845
PCA11,dinov2_b,contrast_0.5,194,10,0.42069241404533386,0.11740277707576752,0.4619047939777374,1.4030574275064183
PCA11,dinov2_b,contrast_0.5,195,10,0.5353043079376221,0.2292364537715912,0.23545919358730316,1.4610362248694704
PCA11,dinov2_b,contrast_0.5,196,10,0.3230437934398651,0.3748858571052551,0.3020703196525574,1.5789562830118746
PCA11,dinov2_b,contrast_0.5,197,10,0.04316424950957298,0.5000495910644531,0.4567861557006836,1.2120408401593266
PCA11,dinov2_b,contrast_0.5,198,10,0.3825438320636749,0.3372095823287964,0.2802465558052063,1.5734788796901733
PCA11,dinov2_b,contrast_0.5,199,10,0.4121852219104767,0.1933911144733429,0.3944237232208252,1.5148384774540866
PCA11,dinov2_b,contrast_1.5,0,0,0.17022676765918732,0.4106561243534088,0.4191170334815979,1.487934279107706
PCA11,dinov2_b,contrast_1.5,1,0,0.1744876503944397,0.38578957319259644,0.43972286581993103,1.4908371340248259
PCA11,dinov2_b,contrast_1.5,2,0,0.3309413492679596,0.43923357129096985,0.22982501983642578,1.5368609311155956
PCA11,dinov2_b,contrast_1.5,3,0,0.40766656398773193,0.20622766017913818,0.3861057758331299,1.5275597357368789
PCA11,dinov2_b,contrast_1.5,4,0,0.12201855331659317,0.2691729962825775,0.6088084578514099,1.3158260570472577
PCA11,dinov2_b,contrast_1.5,5,0,0.06675253063440323,0.64571613073349,0.287531316280365,1.1851772499883189
PCA11,dinov2_b,contrast_1.5,6,0,0.21146421134471893,0.2828117609024048,0.5057238936424255,1.486726434911542
PCA11,dinov2_b,contrast_1.5,7,0,0.24301248788833618,0.2699046730995178,0.4870828688144684,1.5114181238403135
PCA11,dinov2_b,contrast_1.5,8,0,0.2302038073539734,0.13787545263767242,0.6319206953048706,1.3003793720647083
PCA11,dinov2_b,contrast_1.5,9,0,0.42525386810302734,0.13291208446025848,0.44183409214019775,1.4322300342295335
PCA11,dinov2_b,contrast_1.5,10,1,0.678240954875946,0.09916405379772186,0.22259505093097687,1.1929963052878085
PCA11,dinov2_b,contrast_1.5,11,1,0.4862186312675476,0.4237711727619171,0.09001019597053528,1.3433999477556207
PCA11,dinov2_b,contrast_1.5,12,1,0.1330982744693756,0.36595797538757324,0.500943660736084,1.4175524947798932
PCA11,dinov2_b,contrast_1.5,13,1,0.46647515892982483,0.3464565873146057,0.18706822395324707,1.4954012408242752
PCA11,dinov2_b,contrast_1.5,14,1,0.22955672442913055,0.5599101185798645,0.21053318679332733,1.4291153095666882
PCA11,dinov2_b,contrast_1.5,15,1,0.5455301403999329,0.39642640948295593,0.058043476194143295,1.2444883445520503
PCA11,dinov2_b,contrast_1.5,16,1,0.3805776536464691,0.1823284775018692,0.4370938241481781,1.4999959547954962
PCA11,dinov2_b,contrast_1.5,17,1,0.5067532658576965,0.11132066696882248,0.3819259703159332,1.3798762065528876
PCA11,dinov2_b,contrast_1.5,18,1,0.3936970829963684,0.38404905796051025,0.22225387394428253,1.5419214950631086
PCA11,dinov2_b,contrast_1.5,19,1,0.07862497121095657,0.36180010437965393,0.5595747828483582,1.2878278815906785
PCA11,dinov2_b,contrast_1.5,20,1,0.5092342495918274,0.2823724150657654,0.20839329063892365,1.4824446167967
PCA11,dinov2_b,contrast_1.5,21,1,0.041822709143161774,0.5310080647468567,0.42716920375823975,1.2006316219579667
PCA11,dinov2_b,contrast_1.5,22,1,0.1359146535396576,0.4344395101070404,0.4296458959579468,1.4375049863631495
PCA11,dinov2_b,contrast_1.5,23,1,0.5600640773773193,0.3318819999694824,0.10805398970842361,1.3433839568871857
PCA11,dinov2_b,contrast_1.5,24,1,0.3843986392021179,0.3344348967075348,0.28116634488105774,1.5733617133096454
PCA11,dinov2_b,contrast_1.5,25,1,0.05054240673780441,0.6740825772285461,0.27537500858306885,1.113552325429623
PCA11,dinov2_b,contrast_1.5,26,1,0.47559183835983276,0.42793944478034973,0.09646867960691452,1.3594181591144785
PCA11,dinov2_b,contrast_1.5,27,1,0.3835916519165039,0.16413839161396027,0.45226985216140747,1.4759051504266192
PCA11,dinov2_b,contrast_1.5,28,1,0.06700409948825836,0.5155288577079773,0.4174670875072479,1.2801901731815049
PCA11,dinov2_b,contrast_1.5,29,1,0.15523938834667206,0.3939678370952606,0.4507928788661957,1.4647991950176298
PCA11,dinov2_b,contrast_1.5,30,1,0.13483388721942902,0.3964972496032715,0.4686688780784607,1.4313658267503935
PCA11,dinov2_b,contrast_1.5,31,1,0.6811947226524353,0.06890086829662323,0.24990449845790863,1.1431453214187186
PCA11,dinov2_b,contrast_1.5,32,1,0.05219867080450058,0.4922504425048828,0.45555078983306885,1.242440360535244
PCA11,dinov2_b,contrast_1.5,33,1,0.38988426327705383,0.4709520637989044,0.13916365802288055,1.437365414171915
PCA11,dinov2_b,contrast_1.5,34,2,0.3661354184150696,0.3279471695423126,0.3059174120426178,1.5809706596319608
PCA11,dinov2_b,contrast_1.5,35,2,0.0832873210310936,0.6095467209815979,0.3071659803390503,1.2570571617043345
PCA11,dinov2_b,contrast_1.5,36,2,0.15181486308574677,0.45407989621162415,0.39410510659217834,1.4594869553094623
PCA11,dinov2_b,contrast_1.5,37,2,0.1991620808839798,0.6299928426742554,0.17084509134292603,1.3191199820359631
PCA11,dinov2_b,contrast_1.5,38,2,0.4030899107456207,0.3488888442516327,0.24802130460739136,1.5572850301480647
PCA11,dinov2_b,contrast_1.5,39,2,0.2251206636428833,0.5651147961616516,0.20976467430591583,1.4222254046228051
PCA11,dinov2_b,contrast_1.5,40,2,0.11566070467233658,0.5274311304092407,0.3569081127643585,1.377229056399086
PCA11,dinov2_b,contrast_1.5,41,2,0.317574679851532,0.28252196311950684,0.3999033272266388,1.5695128900537556
PCA11,dinov2_b,contrast_1.5,42,2,0.39274972677230835,0.19068780541419983,0.4165624976158142,1.5117147804472153
PCA11,dinov2_b,contrast_1.5,43,2,0.2099938839673996,0.42697733640670776,0.36302879452705383,1.5277390648005946
PCA11,dinov2_b,contrast_1.5,44,2,0.2256653606891632,0.4905175566673279,0.2838171124458313,1.504424692566035
PCA11,dinov2_b,contrast_1.5,45,2,0.10598920285701752,0.45858049392700195,0.43543028831481934,1.3812766947494626
PCA11,dinov2_b,contrast_1.5,46,2,0.2500304877758026,0.4004502594470978,0.34951940178871155,1.5587990567698995
PCA11,dinov2_b,contrast_1.5,47,2,0.3779711425304413,0.4761095643043518,0.14591939747333527,1.4454618923852698
PCA11,dinov2_b,contrast_1.5,48,2,0.17438942193984985,0.5161663293838501,0.3094443082809448,1.4555211047673486
PCA11,dinov2_b,contrast_1.5,49,2,0.22054196894168854,0.14342792332172394,0.6360301375389099,1.298023865519414
PCA11,dinov2_b,contrast_1.5,50,3,0.6446771025657654,0.19889546930789948,0.15642736852169037,1.2903848829662419
PCA11,dinov2_b,contrast_1.5,51,3,0.29925423860549927,0.3600504398345947,0.340695321559906,1.5807374528301656
PCA11,dinov2_b,contrast_1.5,52,3,0.5493980646133423,0.16597305238246918,0.2846289277076721,1.420742891046568
PCA11,dinov2_b,contrast_1.5,53,3,0.38305962085723877,0.3737865686416626,0.24315376579761505,1.557009946409633
PCA11,dinov2_b,contrast_1.5,54,3,0.4615135192871094,0.35261499881744385,0.1858714371919632,1.4963440920596134
PCA11,dinov2_b,contrast_1.5,55,3,0.3347511291503906,0.16387364268302917,0.501375138759613,1.4555094538105497
PCA11,dinov2_b,contrast_1.5,56,3,0.36199748516082764,0.31105127930641174,0.3269512951374054,1.5820454228868202
PCA11,dinov2_b,contrast_1.5,57,3,0.38149493932724,0.4175640046596527,0.2009410411119461,1.5216902993750807
PCA11,dinov2_b,contrast_1.5,58,3,0.26904454827308655,0.34423598647117615,0.38671940565109253,1.569263616628294
PCA11,dinov2_b,contrast_1.5,59,3,0.7572622895240784,0.13673925399780273,0.10599838942289352,1.0394851779708585
PCA11,dinov2_b,contrast_1.5,60,3,0.5111221075057983,0.14148055016994476,0.3473973572254181,1.4239612087079605
PCA11,dinov2_b,contrast_1.5,61,3,0.2024017572402954,0.6581037640571594,0.13949450850486755,1.2601209098819055
PCA11,dinov2_b,contrast_1.5,62,3,0.0668673887848854,0.7300031781196594,0.20312954485416412,1.059495623874542
PCA11,dinov2_b,contrast_1.5,63,3,0.49935051798820496,0.3518698215484619,0.14877967536449432,1.4394729584227348
PCA11,dinov2_b,contrast_1.5,64,3,0.40994197130203247,0.38194894790649414,0.20810914039611816,1.5290297464892215
PCA11,dinov2_b,contrast_1.5,65,3,0.37389805912971497,0.3035830557346344,0.32251885533332825,1.5793069356696638
PCA11,dinov2_b,contrast_1.5,66,3,0.3900241255760193,0.3727937340736389,0.23718208074569702,1.5528598489705605
PCA11,dinov2_b,contrast_1.5,67,4,0.14531029760837555,0.44893622398376465,0.4057535231113434,1.451094007296791
PCA11,dinov2_b,contrast_1.5,68,4,0.2700645625591278,0.17062710225582123,0.5593083500862122,1.4141933201820456
PCA11,dinov2_b,contrast_1.5,69,4,0.30439290404319763,0.43044957518577576,0.26515746116638184,1.5535964075946385
PCA11,dinov2_b,contrast_1.5,70,4,0.5752007365226746,0.34918108582496643,0.07561814785003662,1.2706584519955473
PCA11,dinov2_b,contrast_1.5,71,4,0.5356125235557556,0.37161561846733093,0.09277179837226868,1.3313803564823734
PCA11,dinov2_b,contrast_1.5,72,4,0.2747182250022888,0.3666423559188843,0.3586394190788269,1.5733718888506276
PCA11,dinov2_b,contrast_1.5,73,4,0.5306705236434937,0.41514500975608826,0.05418449640274048,1.2395245289706744
PCA11,dinov2_b,contrast_1.5,74,4,0.34034326672554016,0.30948373675346375,0.35017305612564087,1.58299194000588
PCA11,dinov2_b,contrast_1.5,75,4,0.3766116499900818,0.28757429122924805,0.335813969373703,1.5763066486974082
PCA11,dinov2_b,contrast_1.5,76,4,0.44350481033325195,0.21207405626773834,0.3444211781024933,1.5243426610747965
PCA11,dinov2_b,contrast_1.5,77,4,0.3448184132575989,0.35431191325187683,0.3008696436882019,1.5813887134812439
PCA11,dinov2_b,contrast_1.5,78,4,0.29638999700546265,0.4665985703468323,0.23701149225234985,1.5254019171776472
PCA11,dinov2_b,contrast_1.5,79,4,0.4816400110721588,0.41782453656196594,0.10053549706935883,1.3668865599768267
PCA11,dinov2_b,contrast_1.5,80,4,0.5189173817634583,0.29365840554237366,0.18742422759532928,1.4629874447854934
PCA11,dinov2_b,contrast_1.5,81,4,0.24596090614795685,0.4321320652961731,0.32190701365470886,1.5471878504299625
PCA11,dinov2_b,contrast_1.5,82,4,0.27583548426628113,0.29065948724746704,0.43350502848625183,1.5534192568772283
PCA11,dinov2_b,contrast_1.5,83,4,0.4118794798851013,0.3698960244655609,0.2182244211435318,1.5370605113512388
PCA11,dinov2_b,contrast_1.5,84,4,0.36263352632522583,0.17538368701934814,0.46198272705078125,1.4858345518994303
PCA11,dinov2_b,contrast_1.5,85,4,0.31653892993927,0.3109677731990814,0.3724932372570038,1.5800383249639967
PCA11,dinov2_b,contrast_1.5,86,4,0.37559500336647034,0.24967814981937408,0.374726802110672,1.5610887374285678
PCA11,dinov2_b,contrast_1.5,87,5,0.05443352088332176,0.4500640034675598,0.4955025315284729,1.248930524051792
PCA11,dinov2_b,contrast_1.5,88,5,0.14915505051612854,0.3302653431892395,0.5205795168876648,1.4275984903705312
PCA11,dinov2_b,contrast_1.5,89,5,0.18738900125026703,0.5676075220108032,0.24500347673892975,1.4136093120583906
PCA11,dinov2_b,contrast_1.5,90,5,0.11059746146202087,0.40795212984085083,0.48145046830177307,1.3867316996651957
PCA11,dinov2_b,contrast_1.5,91,5,0.09718073904514313,0.27398011088371277,0.6288391947746277,1.2594349633028807
PCA11,dinov2_b,contrast_1.5,92,5,0.08092595636844635,0.21371209621429443,0.7053620219230652,1.1245126454735763
PCA11,dinov2_b,contrast_1.5,93,5,0.06035720929503441,0.5473406314849854,0.39230215549468994,1.2499666823669047
PCA11,dinov2_b,contrast_1.5,94,5,0.11741787940263748,0.30706390738487244,0.5755182504653931,1.3446292539372346
PCA11,dinov2_b,contrast_1.5,95,5,0.04227426275610924,0.4782911539077759,0.47943466901779175,1.2103488927131254
PCA11,dinov2_b,contrast_1.5,96,5,0.11765281111001968,0.464023619890213,0.4183235466480255,1.403215111229751
PCA11,dinov2_b,contrast_1.5,97,5,0.130360409617424,0.35933858156204224,0.5103009939193726,1.4090657422667983
PCA11,dinov2_b,contrast_1.5,98,5,0.09484564512968063,0.4962238371372223,0.40893054008483887,1.3515125743984315
PCA11,dinov2_b,contrast_1.5,99,5,0.07029786705970764,0.5472338199615479,0.38246819376945496,1.27556106420962
PCA11,dinov2_b,contrast_1.5,100,5,0.08586999773979187,0.31904470920562744,0.5950853228569031,1.275584375097706
PCA11,dinov2_b,contrast_1.5,101,5,0.16675645112991333,0.3276291489601135,0.5056142807006836,1.4558373846973165
PCA11,dinov2_b,contrast_1.5,102,5,0.05239598825573921,0.40789487957954407,0.5397090911865234,1.2308236645769661
PCA11,dinov2_b,contrast_1.5,103,5,0.07502011209726334,0.4388423264026642,0.4861375391483307,1.3076191651914555
PCA11,dinov2_b,contrast_1.5,104,5,0.12396273016929626,0.21372747421264648,0.6623098850250244,1.242860455913442
PCA11,dinov2_b,contrast_1.5,105,5,0.08077488839626312,0.48008090257644653,0.43914422392845154,1.3228132963782788
PCA11,dinov2_b,contrast_1.5,106,5,0.3092120289802551,0.28854262828826904,0.40224528312683105,1.569487904083177
PCA11,dinov2_b,contrast_1.5,107,5,0.08398526906967163,0.5308861136436462,0.3851287364959717,1.3152812799065643
PCA11,dinov2_b,contrast_1.5,108,5,0.12307067960500717,0.42400437593460083,0.4529249966144562,1.414364671161
PCA11,dinov2_b,contrast_1.5,109,6,0.30668893456459045,0.22262701392173767,0.4706840515136719,1.5171638133878411
PCA11,dinov2_b,contrast_1.5,110,6,0.3823481798171997,0.4397355020046234,0.17791636288166046,1.4946890676968967
PCA11,dinov2_b,contrast_1.5,111,6,0.4757709801197052,0.4160415232181549,0.10818761587142944,1.383349457735835
PCA11,dinov2_b,contrast_1.5,112,6,0.614196240901947,0.3347412049770355,0.05106262117624283,1.1795768721341595
PCA11,dinov2_b,contrast_1.5,113,6,0.3621136248111725,0.05587508901953697,0.582011342048645,1.217686443863322
PCA11,dinov2_b,contrast_1.5,114,6,0.5308769941329956,0.42557138204574585,0.04355154559016228,1.2064134084953717
PCA11,dinov2_b,contrast_1.5,115,6,0.4522516429424286,0.44382572174072266,0.10392266511917114,1.3773283997841215
PCA11,dinov2_b,contrast_1.5,116,6,0.18403580784797668,0.4675309360027313,0.3484332859516144,1.4922065360688324
PCA11,dinov2_b,contrast_1.5,117,6,0.333364874124527,0.5282455682754517,0.13838957250118256,1.4095433673378714
PCA11,dinov2_b,contrast_1.5,118,6,0.4784645438194275,0.3914963901042938,0.13003911077976227,1.4212244170584705
PCA11,dinov2_b,contrast_1.5,119,6,0.5449838042259216,0.3700123131275177,0.08500389754772186,1.3102809666999133
PCA11,dinov2_b,contrast_1.5,120,6,0.02472958154976368,0.5663976073265076,0.4088727831840515,1.1240658222689601
PCA11,dinov2_b,contrast_1.5,121,6,0.29745593667030334,0.6184152960777283,0.08412887901067734,1.2495506745522353
PCA11,dinov2_b,contrast_1.5,122,6,0.07934287190437317,0.48662999272346497,0.4340271055698395,1.318347436131319
PCA11,dinov2_b,contrast_1.5,123,6,0.3634532690048218,0.32388779520988464,0.31265899538993835,1.5819162223722247
PCA11,dinov2_b,contrast_1.5,124,6,0.46887537837028503,0.4639573395252228,0.06716722995042801,1.2880763352022733
PCA11,dinov2_b,contrast_1.5,125,6,0.05402524396777153,0.5894414782524109,0.3565334379673004,1.20743711862495
PCA11,dinov2_b,contrast_1.5,126,7,0.5056183934211731,0.07896508276462555,0.41541653871536255,1.3131743984002764
PCA11,dinov2_b,contrast_1.5,127,7,0.12904447317123413,0.4692945182323456,0.4016611874103546,1.4219749599956475
PCA11,dinov2_b,contrast_1.5,128,7,0.5364254713058472,0.3281031548976898,0.135471373796463,1.4002138589273827
PCA11,dinov2_b,contrast_1.5,129,7,0.18442994356155396,0.4106561839580536,0.4049138128757477,1.5052137116387736
PCA11,dinov2_b,contrast_1.5,130,7,0.5840728878974915,0.1498808115720749,0.26604631543159485,1.371717538869838
PCA11,dinov2_b,contrast_1.5,131,7,0.62092524766922,0.04599863290786743,0.3330760896205902,1.159513596605862
PCA11,dinov2_b,contrast_1.5,132,7,0.5327913165092468,0.02114727348089218,0.4460614323616028,1.1211367859282464
PCA11,dinov2_b,contrast_1.5,133,7,0.4973233640193939,0.323194682598114,0.17948198318481445,1.4726006143620025
PCA11,dinov2_b,contrast_1.5,134,7,0.35272303223609924,0.4010120928287506,0.24626478552818298,1.5568061574664547
PCA11,dinov2_b,contrast_1.5,135,7,0.5135381817817688,0.12651102244853973,0.3599507510662079,1.401698330727562
PCA11,dinov2_b,contrast_1.5,136,7,0.1271178275346756,0.5195271372795105,0.35335513949394226,1.3994033598356723
PCA11,dinov2_b,contrast_1.5,137,7,0.4944732189178467,0.43025314807891846,0.07527362555265427,1.3068091431586815
PCA11,dinov2_b,contrast_1.5,138,7,0.34557095170021057,0.40190058946609497,0.25252845883369446,1.5596676013296351
PCA11,dinov2_b,contrast_1.5,139,7,0.4127253592014313,0.19433550536632538,0.39293909072875977,1.5157673500844444
PCA11,dinov2_b,contrast_1.5,140,7,0.1802147626876831,0.3685509264469147,0.45123428106307983,1.4943060201921132
PCA11,dinov2_b,contrast_1.5,141,7,0.16868898272514343,0.37465256452560425,0.4566585123538971,1.4801630106080275
PCA11,dinov2_b,contrast_1.5,142,7,0.03589366376399994,0.3602555990219116,0.603850781917572,1.1423611956121844
PCA11,dinov2_b,contrast_1.5,143,7,0.6220125555992126,0.0381137877702713,0.3398735821247101,1.1348791859839382
PCA11,dinov2_b,contrast_1.5,144,7,0.328501433134079,0.3673628270626068,0.3041357100009918,1.5805857239453402
PCA11,dinov2_b,contrast_1.5,145,7,0.45519089698791504,0.42249757051467896,0.1223115473985672,1.4127788231126672
PCA11,dinov2_b,contrast_1.5,146,7,0.10331491380929947,0.555821418762207,0.3408636748790741,1.3385654491642458
PCA11,dinov2_b,contrast_1.5,147,7,0.4309398829936981,0.5019810199737549,0.06707903742790222,1.2839423127501788
PCA11,dinov2_b,contrast_1.5,148,7,0.4878523051738739,0.34999948740005493,0.16214826703071594,1.4608403491757147
PCA11,dinov2_b,contrast_1.5,149,7,0.5681211948394775,0.40973183512687683,0.022146956995129585,1.1125959020765874
PCA11,dinov2_b,contrast_1.5,150,7,0.4335501492023468,0.5125061273574829,0.053943734616041183,1.2442165281256103
PCA11,dinov2_b,contrast_1.5,151,8,0.44230496883392334,0.2632931172847748,0.2944018840789795,1.5468165602156376
PCA11,dinov2_b,contrast_1.5,152,8,0.485795795917511,0.15071116387844086,0.36349308490753174,1.4481570742940661
PCA11,dinov2_b,contrast_1.5,153,8,0.3874468207359314,0.09972856193780899,0.512824535369873,1.355769589379163
PCA11,dinov2_b,contrast_1.5,154,8,0.40050986409187317,0.3983476758003235,0.20114248991012573,1.5230604810146713
PCA11,dinov2_b,contrast_1.5,155,8,0.2424599826335907,0.30642014741897583,0.4511197805404663,1.5365866066312885
PCA11,dinov2_b,contrast_1.5,156,8,0.2495952695608139,0.5021095275878906,0.24829532206058502,1.4978752443761558
PCA11,dinov2_b,contrast_1.5,157,8,0.21354079246520996,0.44898948073387146,0.33746978640556335,1.523210203795231
PCA11,dinov2_b,contrast_1.5,158,8,0.20605435967445374,0.38801300525665283,0.40593263506889343,1.5275266522093995
PCA11,dinov2_b,contrast_1.5,159,8,0.49531179666519165,0.1598956137895584,0.34479254484176636,1.4546053324570885
PCA11,dinov2_b,contrast_1.5,160,8,0.26460081338882446,0.33200597763061523,0.4033932387828827,1.564002538321163
PCA11,dinov2_b,contrast_1.5,161,8,0.4211549460887909,0.27026283740997314,0.30858224630355835,1.5590016161363134
PCA11,dinov2_b,contrast_1.5,162,8,0.4638219177722931,0.5161237120628357,0.020054388791322708,1.119676851731147
PCA11,dinov2_b,contrast_1.5,163,8,0.3653322458267212,0.2813323140144348,0.3533354103565216,1.5757830580302552
PCA11,dinov2_b,contrast_1.5,164,8,0.12112589925527573,0.31649908423423767,0.5623750686645508,1.361175032138453
PCA11,dinov2_b,contrast_1.5,165,8,0.08614078164100647,0.3302144706249237,0.583644688129425,1.285946925970742
PCA11,dinov2_b,contrast_1.5,166,8,0.517114520072937,0.13187633454799652,0.3510091006755829,1.407617251491526
PCA11,dinov2_b,contrast_1.5,167,8,0.2811584770679474,0.31516435742378235,0.40367719531059265,1.5679842165020252
PCA11,dinov2_b,contrast_1.5,168,8,0.30139273405075073,0.4468221366405487,0.25178512930870056,1.5417894951992008
PCA11,dinov2_b,contrast_1.5,169,8,0.26678699254989624,0.4159194231033325,0.31729355454444885,1.5604305872356417
PCA11,dinov2_b,contrast_1.5,170,8,0.4863024950027466,0.3719455301761627,0.1417519748210907,1.4360325175897934
PCA11,dinov2_b,contrast_1.5,171,8,0.27018871903419495,0.24809610843658447,0.4817151129245758,1.5166404340988495
PCA11,dinov2_b,contrast_1.5,172,8,0.2889403998851776,0.2575889825820923,0.45347052812576294,1.538975521490558
PCA11,dinov2_b,contrast_1.5,173,8,0.19151531159877777,0.6359398365020752,0.17254483699798584,1.3093486622414272
PCA11,dinov2_b,contrast_1.5,174,8,0.0877813920378685,0.3924713730812073,0.5197471976280212,1.328387786190358
PCA11,dinov2_b,contrast_1.5,175,8,0.5389502644538879,0.33562302589416504,0.1254267692565918,1.3849217108534833
PCA11,dinov2_b,contrast_1.5,176,8,0.23149831593036652,0.3304002583026886,0.43810132145881653,1.5381920615651223
PCA11,dinov2_b,contrast_1.5,177,8,0.2799067199230194,0.32840871810913086,0.39168453216552734,1.5714009816581398
PCA11,dinov2_b,contrast_1.5,178,9,0.20107416808605194,0.6030746698379517,0.195851132273674,1.3659993122853409
PCA11,dinov2_b,contrast_1.5,179,9,0.10504821687936783,0.5401278138160706,0.35482409596443176,1.3518706916064205
PCA11,dinov2_b,contrast_1.5,180,9,0.3293726146221161,0.21268749237060547,0.45793989300727844,1.5186883293587656
PCA11,dinov2_b,contrast_1.5,181,9,0.13496775925159454,0.40627366304397583,0.4587585926055908,1.4336402743901786
PCA11,dinov2_b,contrast_1.5,182,9,0.11687871813774109,0.29568347334861755,0.5874378085136414,1.3325917885772016
PCA11,dinov2_b,contrast_1.5,183,9,0.12500077486038208,0.4148782789707184,0.46012082695961,1.4168776671575576
PCA11,dinov2_b,contrast_1.5,184,9,0.13228344917297363,0.38845524191856384,0.4792613387107849,1.4245166093024755
PCA11,dinov2_b,contrast_1.5,185,9,0.1868690699338913,0.40882062911987305,0.40431028604507446,1.5079885416117857
PCA11,dinov2_b,contrast_1.5,186,9,0.6254537105560303,0.23233239352703094,0.1422138810157776,1.3128496581245401
PCA11,dinov2_b,contrast_1.5,187,9,0.16104036569595337,0.34261736273765564,0.49634233117103577,1.4553184818150666
PCA11,dinov2_b,contrast_1.5,188,10,0.3951186239719391,0.2723507583141327,0.33253058791160583,1.5685787437844567
PCA11,dinov2_b,contrast_1.5,189,10,0.5364348888397217,0.15082165598869324,0.3127433955669403,1.4180598368234696
PCA11,dinov2_b,contrast_1.5,190,10,0.4519498348236084,0.255524605512619,0.2925255298614502,1.5395746726169786
PCA11,dinov2_b,contrast_1.5,191,10,0.35355111956596375,0.28436678647994995,0.36208218336105347,1.576892690612194
PCA11,dinov2_b,contrast_1.5,192,10,0.6196853518486023,0.3293730914592743,0.050941530615091324,1.1743438702901718
PCA11,dinov2_b,contrast_1.5,193,10,0.5973031520843506,0.17486359179019928,0.22783327102661133,1.3701625905606005
PCA11,dinov2_b,contrast_1.5,194,10,0.4276534914970398,0.45212775468826294,0.12021874636411667,1.4092793885433492
PCA11,dinov2_b,contrast_1.5,195,10,0.2364370971918106,0.4319252371788025,0.33163759112358093,1.5430987744981417
PCA11,dinov2_b,contrast_1.5,196,10,0.2969900667667389,0.2597798705101013,0.44323012232780457,1.5456555073277185
PCA11,dinov2_b,contrast_1.5,197,10,0.039634596556425095,0.5122061371803284,0.44815918803215027,1.1978963447196889
PCA11,dinov2_b,contrast_1.5,198,10,0.39005887508392334,0.32100287079811096,0.2889382839202881,1.5735621724338067
PCA11,dinov2_b,contrast_1.5,199,10,0.47334158420562744,0.1676814705133438,0.35897690057754517,1.4733205281059893
PCA11,dinov2_b,pixelate_0.25,0,0,0.1684017777442932,0.4194086790084839,0.4121895134449005,1.4855886530677611
PCA11,dinov2_b,pixelate_0.25,1,0,0.3266960084438324,0.4523913562297821,0.22091282904148102,1.526225410925064
PCA11,dinov2_b,pixelate_0.25,2,0,0.34664496779441833,0.26231667399406433,0.39103829860687256,1.5659772246674457
PCA11,dinov2_b,pixelate_0.25,3,0,0.3030398488044739,0.3942551016807556,0.3027050495147705,1.5732354513628648
PCA11,dinov2_b,pixelate_0.25,4,0,0.3056921362876892,0.38177138566970825,0.3125365674495697,1.5774574587886312
PCA11,dinov2_b,pixelate_0.25,5,0,0.3783394694328308,0.3213827311992645,0.30027782917022705,1.5780043864979671
PCA11,dinov2_b,pixelate_0.25,6,0,0.2632191777229309,0.4096677899360657,0.32711291313171387,1.5616596605370856
PCA11,dinov2_b,pixelate_0.25,7,0,0.340532511472702,0.3169975280761719,0.3424699604511261,1.5840849543998707
PCA11,dinov2_b,pixelate_0.25,8,0,0.6151577234268188,0.15117131173610687,0.23367099463939667,1.33337552847272
PCA11,dinov2_b,pixelate_0.25,9,0,0.2278013527393341,0.35720813274383545,0.4149906039237976,1.5432356038531543
PCA11,dinov2_b,pixelate_0.25,10,1,0.3760366141796112,0.34792956709861755,0.27603378891944885,1.5731689873207089
PCA11,dinov2_b,pixelate_0.25,11,1,0.3924998342990875,0.5904133319854736,0.017086727544665337,1.07872459004367
PCA11,dinov2_b,pixelate_0.25,12,1,0.1617606282234192,0.5323935747146606,0.30584582686424255,1.4320234717942601
PCA11,dinov2_b,pixelate_0.25,13,1,0.19900302588939667,0.47030699253082275,0.3306898772716522,1.5032820600521792
PCA11,dinov2_b,pixelate_0.25,14,1,0.5194448232650757,0.36444729566574097,0.11610779166221619,1.3822525895803173
PCA11,dinov2_b,pixelate_0.25,15,1,0.007941688410937786,0.5416121482849121,0.45044615864753723,1.052822217271573
PCA11,dinov2_b,pixelate_0.25,16,1,0.33574923872947693,0.35454505681991577,0.30970585346221924,1.582758543287583
PCA11,dinov2_b,pixelate_0.25,17,1,0.2925856411457062,0.34496966004371643,0.36244481801986694,1.5791408307030266
PCA11,dinov2_b,pixelate_0.25,18,1,0.2509711980819702,0.3650204539299011,0.3840082585811615,1.5614953763197177
PCA11,dinov2_b,pixelate_0.25,19,1,0.33084315061569214,0.25048890709877014,0.4186680018901825,1.5541227347724804
PCA11,dinov2_b,pixelate_0.25,20,1,0.416374146938324,0.36981433629989624,0.2138115018606186,1.5329037081802885
PCA11,dinov2_b,pixelate_0.25,21,1,0.36259186267852783,0.2685188055038452,0.3688892722129822,1.5707732698470547
PCA11,dinov2_b,pixelate_0.25,22,1,0.11616251617670059,0.41293296217918396,0.47090455889701843,1.3993212525190595
PCA11,dinov2_b,pixelate_0.25,23,1,0.5380188822746277,0.3897194564342499,0.07226158678531647,1.2848721039952524
PCA11,dinov2_b,pixelate_0.25,24,1,0.28874948620796204,0.5038976073265076,0.20735298097133636,1.4863813917281483
PCA11,dinov2_b,pixelate_0.25,25,1,0.010571109130978584,0.39813175797462463,0.5912971496582031,1.0466061756363416
PCA11,dinov2_b,pixelate_0.25,26,1,0.47090938687324524,0.39794597029685974,0.1311446577310562,1.4249993581861822
PCA11,dinov2_b,pixelate_0.25,27,1,0.1398146152496338,0.4534482955932617,0.4067370593547821,1.442107826206922
PCA11,dinov2_b,pixelate_0.25,28,1,0.30085131525993347,0.3191264569759369,0.38002216815948486,1.5776468577799356
PCA11,dinov2_b,pixelate_0.25,29,1,0.3459545075893402,0.3422291874885559,0.3118163049221039,1.5834281051123724
PCA11,dinov2_b,pixelate_0.25,30,1,0.04550580307841301,0.49328184127807617,0.46121230721473694,1.2207068993905499
PCA11,dinov2_b,pixelate_0.25,31,1,0.3757258951663971,0.3876900374889374,0.23658405244350433,1.5525940718156521
PCA11,dinov2_b,pixelate_0.25,32,1,0.1356934905052185,0.38960540294647217,0.4747011661529541,1.431101505959024
PCA11,dinov2_b,pixelate_0.25,33,1,0.3705635070800781,0.2914113998413086,0.33802512288093567,1.578047880933475
PCA11,dinov2_b,pixelate_0.25,34,2,0.30475351214408875,0.3448718786239624,0.35037466883659363,1.5822392382815336
PCA11,dinov2_b,pixelate_0.25,35,2,0.08084902167320251,0.4812939167022705,0.4378570318222046,1.3228334340030035
PCA11,dinov2_b,pixelate_0.25,36,2,0.1310245394706726,0.47697970271110535,0.39199578762054443,1.4232118747590459
PCA11,dinov2_b,pixelate_0.25,37,2,0.17286179959774017,0.45926564931869507,0.36787259578704834,1.4840485925952334
PCA11,dinov2_b,pixelate_0.25,38,2,0.44220027327537537,0.3926432728767395,0.1651562750339508,1.4792240199141606
PCA11,dinov2_b,pixelate_0.25,39,2,0.22073911130428314,0.5721592307090759,0.20710165798664093,1.4124504625114773
PCA11,dinov2_b,pixelate_0.25,40,2,0.10325011610984802,0.5330338478088379,0.36371609568595886,1.3527642123183146
PCA11,dinov2_b,pixelate_0.25,41,2,0.31682804226875305,0.2769368886947632,0.40623506903648376,1.566311473728795
PCA11,dinov2_b,pixelate_0.25,42,2,0.23446132242679596,0.5121796131134033,0.2533591091632843,1.486864121383194
PCA11,dinov2_b,pixelate_0.25,43,2,0.10356508940458298,0.40704572200775146,0.48938921093940735,1.3711669296078843
PCA11,dinov2_b,pixelate_0.25,44,2,0.06635800004005432,0.45278140902519226,0.4808604419231415,1.285215805343109
PCA11,dinov2_b,pixelate_0.25,45,2,0.0812142863869667,0.48384398221969604,0.4349416494369507,1.3233507197030208
PCA11,dinov2_b,pixelate_0.25,46,2,0.2571161091327667,0.3224751055240631,0.4204087555408478,1.55590706065437
PCA11,dinov2_b,pixelate_0.25,47,2,0.36432358622550964,0.5049775838851929,0.13069894909858704,1.4121641608090436
PCA11,dinov2_b,pixelate_0.25,48,2,0.11903799325227737,0.5390499234199524,0.3419121503829956,1.3754582463700786
PCA11,dinov2_b,pixelate_0.25,49,2,0.16821961104869843,0.18497195839881897,0.6468084454536438,1.2895043165061733
PCA11,dinov2_b,pixelate_0.25,50,3,0.2747679352760315,0.35836517810821533,0.3668668568134308,1.5733836043919922
PCA11,dinov2_b,pixelate_0.25,51,3,0.46413007378578186,0.29845890402793884,0.23741097748279572,1.5271265154609648
PCA11,dinov2_b,pixelate_0.25,52,3,0.4422953426837921,0.352350115776062,0.2053545117378235,1.5197945320494415
PCA11,dinov2_b,pixelate_0.25,53,3,0.32967913150787354,0.29687872529029846,0.3734422028064728,1.5785970928912727
PCA11,dinov2_b,pixelate_0.25,54,3,0.4691981375217438,0.28956571221351624,0.24123609066009521,1.5248839432331116
PCA11,dinov2_b,pixelate_0.25,55,3,0.3098719120025635,0.4144527316093445,0.2756752669811249,1.5628853078643488
PCA11,dinov2_b,pixelate_0.25,56,3,0.23564410209655762,0.35764816403388977,0.4067075848579407,1.5498041815666577
PCA11,dinov2_b,pixelate_0.25,57,3,0.33224377036094666,0.3589075803756714,0.30884867906570435,1.58224909794634
PCA11,dinov2_b,pixelate_0.25,58,3,0.21387550234794617,0.41147541999816895,0.37464919686317444,1.53370520473542
PCA11,dinov2_b,pixelate_0.25,59,3,0.37691041827201843,0.24884524941444397,0.37424445152282715,1.560590660388236
PCA11,dinov2_b,pixelate_0.25,60,3,0.27064767479896545,0.3782716989517212,0.35108059644699097,1.5710133920030305
PCA11,dinov2_b,pixelate_0.25,61,3,0.4865260720252991,0.24272088706493378,0.2707531154155731,1.5118455864295368
PCA11,dinov2_b,pixelate_0.25,62,3,0.06881272792816162,0.5111063718795776,0.42008087038993835,1.2862357968235627
PCA11,dinov2_b,pixelate_0.25,63,3,0.3458908200263977,0.36404940485954285,0.29005974531173706,1.5784035990998984
PCA11,dinov2_b,pixelate_0.25,64,3,0.4352794885635376,0.4601527154445648,0.10456773638725281,1.3782437762462982
PCA11,dinov2_b,pixelate_0.25,65,3,0.4789178669452667,0.3637208938598633,0.15736128389835358,1.4592022421095847
PCA11,dinov2_b,pixelate_0.25,66,3,0.41385355591773987,0.44105666875839233,0.1450897753238678,1.4517005333092072
PCA11,dinov2_b,pixelate_0.25,67,4,0.35519179701805115,0.1737232804298401,0.47108492255210876,1.4806639905200276
PCA11,dinov2_b,pixelate_0.25,68,4,0.19117186963558197,0.38592204451560974,0.4229060709476471,1.5115243228805806
PCA11,dinov2_b,pixelate_0.25,69,4,0.31143563985824585,0.38953107595443726,0.2990332245826721,1.5747834138654793
PCA11,dinov2_b,pixelate_0.25,70,4,0.31073620915412903,0.29868707060813904,0.39057672023773193,1.5744221413241104
PCA11,dinov2_b,pixelate_0.25,71,4,0.3149116635322571,0.35032445192337036,0.33476391434669495,1.5835953757018268
PCA11,dinov2_b,pixelate_0.25,72,4,0.42355743050575256,0.2606685161590576,0.3157740533351898,1.5557098157329001
PCA11,dinov2_b,pixelate_0.25,73,4,0.3111906945705414,0.3762291669845581,0.3125801384449005,1.5791038091677692
PCA11,dinov2_b,pixelate_0.25,74,4,0.38050851225852966,0.39638981223106384,0.2231016755104065,1.542454892566286
PCA11,dinov2_b,pixelate_0.25,75,4,0.336485892534256,0.2789883613586426,0.3845256567001343,1.5727697594039431
PCA11,dinov2_b,pixelate_0.25,76,4,0.4599904417991638,0.2461807131767273,0.29382890462875366,1.5323491144115806
PCA11,dinov2_b,pixelate_0.25,77,4,0.5087510943412781,0.2363191395998001,0.25492969155311584,1.490519182228601
PCA11,dinov2_b,pixelate_0.25,78,4,0.3263217508792877,0.29582783579826355,0.3778504431247711,1.5775806854408252
PCA11,dinov2_b,pixelate_0.25,79,4,0.3422270715236664,0.30976802110671997,0.3480048179626465,1.5831025926771427
PCA11,dinov2_b,pixelate_0.25,80,4,0.32794633507728577,0.4932979643344879,0.178755521774292,1.4744112102860725
PCA11,dinov2_b,pixelate_0.25,81,4,0.3071199059486389,0.3466813564300537,0.3461987376213074,1.5827007147781913
PCA11,dinov2_b,pixelate_0.25,82,4,0.22321952879428864,0.38561269640922546,0.39116770029067993,1.5427546751006755
PCA11,dinov2_b,pixelate_0.25,83,4,0.29983168840408325,0.398702472448349,0.30146586894989014,1.5714808561386602
PCA11,dinov2_b,pixelate_0.25,84,4,0.3106054365634918,0.3334674835205078,0.355927050113678,1.5827377543097012
PCA11,dinov2_b,pixelate_0.25,85,4,0.2789134085178375,0.37626245617866516,0.34482407569885254,1.574063580169733
PCA11,dinov2_b,pixelate_0.25,86,4,0.4132845997810364,0.2530707120895386,0.33364471793174744,1.5569012507095317
PCA11,dinov2_b,pixelate_0.25,87,5,0.07434353977441788,0.5424198508262634,0.38323649764060974,1.2877392032128294
PCA11,dinov2_b,pixelate_0.25,88,5,0.07949895411729813,0.395457923412323,0.5250431299209595,1.3077092407974762
PCA11,dinov2_b,pixelate_0.25,89,5,0.12939900159835815,0.5027347803115845,0.36786627769470215,1.411256605748096
PCA11,dinov2_b,pixelate_0.25,90,5,0.3225945234298706,0.2616685628890991,0.41573694348335266,1.5590866939763857
PCA11,dinov2_b,pixelate_0.25,91,5,0.20721805095672607,0.3376571834087372,0.45512479543685913,1.5163116806838537
PCA11,dinov2_b,pixelate_0.25,92,5,0.04911071062088013,0.3601687550544739,0.5907205939292908,1.192768959201689
PCA11,dinov2_b,pixelate_0.25,93,5,0.04762619361281395,0.5289342403411865,0.4234396815299988,1.2201533672500853
PCA11,dinov2_b,pixelate_0.25,94,5,0.1365259289741516,0.3238627314567566,0.539611279964447,1.399240932318858
PCA11,dinov2_b,pixelate_0.25,95,5,0.030692456290125847,0.5493157505989075,0.4199918508529663,1.154676732993094
PCA11,dinov2_b,pixelate_0.25,96,5,0.29384979605674744,0.3787395656108856,0.32741057872772217,1.5770989604445165
PCA11,dinov2_b,pixelate_0.25,97,5,0.08928155899047852,0.3173985779285431,0.593319833278656,1.2835256067142353
PCA11,dinov2_b,pixelate_0.25,98,5,0.05291331559419632,0.5610504746437073,0.38603612780570984,1.2222686721912661
PCA11,dinov2_b,pixelate_0.25,99,5,0.3819093406200409,0.21803006529808044,0.40006065368652344,1.5382200806747144
PCA11,dinov2_b,pixelate_0.25,100,5,0.07749562710523605,0.385786771774292,0.5367174744606018,1.2979041095111468
PCA11,dinov2_b,pixelate_0.25,101,5,0.16142158210277557,0.5140485167503357,0.3245299458503723,1.4451133341929916
PCA11,dinov2_b,pixelate_0.25,102,5,0.24702532589435577,0.3677518665790558,0.38522279262542725,1.5592114818883767
PCA11,dinov2_b,pixelate_0.25,103,5,0.07864562422037125,0.48683103919029236,0.4345232844352722,1.3165999748337598
PCA11,dinov2_b,pixelate_0.25,104,5,0.05712874233722687,0.19758820533752441,0.7452831268310547,1.0142691741530323
PCA11,dinov2_b,pixelate_0.25,105,5,0.077731654047966,0.47446388006210327,0.4478044807910919,1.3158480383224844
PCA11,dinov2_b,pixelate_0.25,106,5,0.10254387557506561,0.25674763321876526,0.6407085061073303,1.2520587536543037
PCA11,dinov2_b,pixelate_0.25,107,5,0.07438550144433975,0.4779784381389618,0.44763612747192383,1.3069772373465622
PCA11,dinov2_b,pixelate_0.25,108,5,0.15873131155967712,0.3931165039539337,0.44815221428871155,1.4699354564385843
PCA11,dinov2_b,pixelate_0.25,109,6,0.0975026935338974,0.3339768052101135,0.5685204863548279,1.3190485026498784
PCA11,dinov2_b,pixelate_0.25,110,6,0.156672403216362,0.32448431849479675,0.5188433527946472,1.4370128684431802
PCA11,dinov2_b,pixelate_0.25,111,6,0.5311300158500671,0.1454574316740036,0.3234126567840576,1.4161085503347741
PCA11,dinov2_b,pixelate_0.25,112,6,0.01619037240743637,0.6141427755355835,0.3696669340133667,1.0590033942128527
PCA11,dinov2_b,pixelate_0.25,113,6,0.3745502531528473,0.4940204620361328,0.1314292699098587,1.4180242164618295
PCA11,dinov2_b,pixelate_0.25,114,6,0.5439899563789368,0.428394079208374,0.027615956962108612,1.1447392181765381
PCA11,dinov2_b,pixelate_0.25,115,6,0.4551893472671509,0.5015178322792053,0.043292827904224396,1.2122793737582114
PCA11,dinov2_b,pixelate_0.25,116,6,0.20954200625419617,0.4171964228153229,0.37326160073280334,1.5293019657813423
PCA11,dinov2_b,pixelate_0.25,117,6,0.3963121771812439,0.6034249067306519,0.000262822286458686,0.9720660923550595
PCA11,dinov2_b,pixelate_0.25,118,6,0.4505080580711365,0.41924211382865906,0.13024985790252686,1.4270622224744267
PCA11,dinov2_b,pixelate_0.25,119,6,0.262192964553833,0.4228876531124115,0.3149193525314331,1.556406499274328
PCA11,dinov2_b,pixelate_0.25,120,6,0.587234377861023,0.04800933226943016,0.3647562563419342,1.192016628115924
PCA11,dinov2_b,pixelate_0.25,121,6,0.34219375252723694,0.5299673080444336,0.1278388947248459,1.3942509972086927
PCA11,dinov2_b,pixelate_0.25,122,6,0.03218098729848862,0.4732612073421478,0.4945577383041382,1.1726951151104565
PCA11,dinov2_b,pixelate_0.25,123,6,0.3517637252807617,0.37917545437812805,0.269060879945755,1.5703112243230222
PCA11,dinov2_b,pixelate_0.25,124,6,0.6297801733016968,0.28246933221817017,0.08775049448013306,1.243334364355337
PCA11,dinov2_b,pixelate_0.25,125,6,0.4552662968635559,0.0852816253900528,0.4594521224498749,1.335225788090997
PCA11,dinov2_b,pixelate_0.25,126,7,0.035415731370449066,0.486526221036911,0.4780580997467041,1.1853940009439257
PCA11,dinov2_b,pixelate_0.25,127,7,0.06801124662160873,0.3821592628955841,0.5498295426368713,1.268568263664661
PCA11,dinov2_b,pixelate_0.25,128,7,0.016649728640913963,0.5054683089256287,0.4778819978237152,1.1049838960009248
PCA11,dinov2_b,pixelate_0.25,129,7,0.14196351170539856,0.44337189197540283,0.4146645963191986,1.4467015972467268
PCA11,dinov2_b,pixelate_0.25,130,7,0.07051264494657516,0.48871874809265137,0.44076865911483765,1.2955360394005346
PCA11,dinov2_b,pixelate_0.25,131,7,0.3321220278739929,0.4133552610874176,0.2545226514339447,1.5574473927409067
PCA11,dinov2_b,pixelate_0.25,132,7,0.3041611611843109,0.46200379729270935,0.23383498191833496,1.5271761645122908
PCA11,dinov2_b,pixelate_0.25,133,7,0.7033450603485107,0.29593950510025024,0.0007154399063438177,0.8844156047186349
PCA11,dinov2_b,pixelate_0.25,134,7,0.4765370488166809,0.387943834066391,0.13551917672157288,1.4303026263256937
PCA11,dinov2_b,pixelate_0.25,135,7,0.0675203949213028,0.5422011017799377,0.39027851819992065,1.2711465387592915
PCA11,dinov2_b,pixelate_0.25,136,7,0.04543982446193695,0.658431887626648,0.2961282432079315,1.1195357044575736
PCA11,dinov2_b,pixelate_0.25,137,7,0.5093711018562317,0.47858771681785583,0.012041157111525536,1.0813065464718943
PCA11,dinov2_b,pixelate_0.25,138,7,0.30151402950286865,0.4926762282848358,0.20580977201461792,1.4940673272461111
PCA11,dinov2_b,pixelate_0.25,139,7,0.2287036031484604,0.3763958811759949,0.3949005603790283,1.5467206486818703
PCA11,dinov2_b,pixelate_0.25,140,7,0.3288670778274536,0.4016299545764923,0.2695029675960541,1.5660107510315022
PCA11,dinov2_b,pixelate_0.25,141,7,0.3016662001609802,0.3754783272743225,0.32285553216934204,1.5787887899588862
PCA11,dinov2_b,pixelate_0.25,142,7,0.01732633262872696,0.30215221643447876,0.6805214285850525,1.000971400827365
PCA11,dinov2_b,pixelate_0.25,143,7,0.6823441386222839,0.30590179562568665,0.011754022911190987,0.9743587491276275
PCA11,dinov2_b,pixelate_0.25,144,7,0.4621228277683258,0.33612123131752014,0.20175600051879883,1.509263037564445
PCA11,dinov2_b,pixelate_0.25,145,7,0.5033876299858093,0.29303181171417236,0.20358052849769592,1.4848930469236867
PCA11,dinov2_b,pixelate_0.25,146,7,0.0568225122988224,0.5001501441001892,0.4430273473262787,1.2553805433533676
PCA11,dinov2_b,pixelate_0.25,147,7,0.00854489766061306,0.39953815937042236,0.5919169187545776,1.0353411464244457
PCA11,dinov2_b,pixelate_0.25,148,7,0.09127776324748993,0.47984105348587036,0.4288811683654785,1.3473802250624882
PCA11,dinov2_b,pixelate_0.25,149,7,0.024092447012662888,0.5039835572242737,0.4719240665435791,1.1389871780267367
PCA11,dinov2_b,pixelate_0.25,150,7,0.011032920330762863,0.5567381381988525,0.4322288930416107,1.065195051168668
PCA11,dinov2_b,pixelate_0.25,151,8,0.1345463991165161,0.3999389410018921,0.46551480889320374,1.431642113865077
PCA11,dinov2_b,pixelate_0.25,152,8,0.1860431581735611,0.41496211290359497,0.3989948034286499,1.506851139500546
PCA11,dinov2_b,pixelate_0.25,153,8,0.39186936616897583,0.28142285346984863,0.32670772075653076,1.571691192425487
PCA11,dinov2_b,pixelate_0.25,154,8,0.396070271730423,0.3040851354598999,0.2998446822166443,1.5725136490396052
PCA11,dinov2_b,pixelate_0.25,155,8,0.05342886224389076,0.5023152828216553,0.4442558288574219,1.2447883959770318
PCA11,dinov2_b,pixelate_0.25,156,8,0.04221012815833092,0.4459194242954254,0.5118704438209534,1.206846840274647
PCA11,dinov2_b,pixelate_0.25,157,8,0.2915903329849243,0.5291765928268433,0.17923316359519958,1.4488365154089884
PCA11,dinov2_b,pixelate_0.25,158,8,0.17616510391235352,0.3903471827507019,0.4334876835346222,1.4938200280694485
PCA11,dinov2_b,pixelate_0.25,159,8,0.5674270987510681,0.01820320077240467,0.41436973214149475,1.0957439556383721
PCA11,dinov2_b,pixelate_0.25,160,8,0.2965068817138672,0.284839928150177,0.41865313053131104,1.561999280721935
PCA11,dinov2_b,pixelate_0.25,161,8,0.4753570556640625,0.27240508794784546,0.25223779678344727,1.5223306364704228
PCA11,dinov2_b,pixelate_0.25,162,8,0.40407100319862366,0.2601112127304077,0.33581778407096863,1.5622547093613224
PCA11,dinov2_b,pixelate_0.25,163,8,0.175644651055336,0.495085746049881,0.3292696177959442,1.4705869579594801
PCA11,dinov2_b,pixelate_0.25,164,8,0.12648123502731323,0.5276235938072205,0.3458951711654663,1.3937548585567057
PCA11,dinov2_b,pixelate_0.25,165,8,0.3660983741283417,0.015198406763374805,0.6187031269073486,1.0510927428027421
PCA11,dinov2_b,pixelate_0.25,166,8,0.37096723914146423,0.20536522567272186,0.4236675202846527,1.5246413779007417
PCA11,dinov2_b,pixelate_0.25,167,8,0.34766536951065063,0.2920922338962555,0.3602423369884491,1.5791551882851236
PCA11,dinov2_b,pixelate_0.25,168,8,0.44651442766189575,0.048514410853385925,0.5049712061882019,1.2289457272357383
PCA11,dinov2_b,pixelate_0.25,169,8,0.08335492014884949,0.3572436571121216,0.5594013929367065,1.2981100994835542
PCA11,dinov2_b,pixelate_0.25,170,8,0.33203259110450745,0.3382568657398224,0.32971054315567017,1.5848781263360807
PCA11,dinov2_b,pixelate_0.25,171,8,0.08209852129220963,0.4666315019130707,0.45126989483833313,1.3272466777698368
PCA11,dinov2_b,pixelate_0.25,172,8,0.15784934163093567,0.3367255926132202,0.505424976348877,1.4467474631762247
PCA11,dinov2_b,pixelate_0.25,173,8,0.2287660837173462,0.396994948387146,0.37423908710479736,1.5466035925851775
PCA11,dinov2_b,pixelate_0.25,174,8,0.2525365352630615,0.3876555263996124,0.35980796813964844,1.5619886362310478
PCA11,dinov2_b,pixelate_0.25,175,8,0.5522169470787048,0.4441281855106354,0.003654932137578726,1.0227232631811711
PCA11,dinov2_b,pixelate_0.25,176,8,0.1232411116361618,0.4304128587245941,0.4463459253311157,1.4151561698321182
PCA11,dinov2_b,pixelate_0.25,177,8,0.09032344073057175,0.33954158425331116,0.5701350569725037,1.3045965142818345
PCA11,dinov2_b,pixelate_0.25,178,9,0.13552714884281158,0.36466360092163086,0.4998093247413635,1.4215735594533854
PCA11,dinov2_b,pixelate_0.25,179,9,0.067200668156147,0.46508675813674927,0.4677126407623291,1.2881831575644362
PCA11,dinov2_b,pixelate_0.25,180,9,0.1772511750459671,0.40314581990242004,0.41960301995277405,1.4965379130331127
PCA11,dinov2_b,pixelate_0.25,181,9,0.16772541403770447,0.39148181676864624,0.4407927989959717,1.4826408011683456
PCA11,dinov2_b,pixelate_0.25,182,9,0.12222185730934143,0.47739315032958984,0.4003849923610687,1.4086124400601825
PCA11,dinov2_b,pixelate_0.25,183,9,0.06714091449975967,0.6009072661399841,0.33195197582244873,1.2312838769649685
PCA11,dinov2_b,pixelate_0.25,184,9,0.1522255688905716,0.43372416496276855,0.4140503406524658,1.4628269286385405
PCA11,dinov2_b,pixelate_0.25,185,9,0.48587489128112793,0.10938101261854172,0.40474411845207214,1.3833264766785405
PCA11,dinov2_b,pixelate_0.25,186,9,0.6400583982467651,0.04886852204799652,0.31107306480407715,1.1488982031470008
PCA11,dinov2_b,pixelate_0.25,187,9,0.18501417338848114,0.35465186834335327,0.46033400297164917,1.4959966396949298
PCA11,dinov2_b,pixelate_0.25,188,10,0.2652335464954376,0.30573683977127075,0.4290296137332916,1.55431374468136
PCA11,dinov2_b,pixelate_0.25,189,10,0.34846657514572144,0.28478169441223145,0.36675170063972473,1.5767657343210892
PCA11,dinov2_b,pixelate_0.25,190,10,0.40882766246795654,0.40934789180755615,0.1818244457244873,1.5022273433216808
PCA11,dinov2_b,pixelate_0.25,191,10,0.43838489055633545,0.2728116512298584,0.28880348801612854,1.5503045466177188
PCA11,dinov2_b,pixelate_0.25,192,10,0.43513065576553345,0.21454615890979767,0.35032323002815247,1.5289188150126527
PCA11,dinov2_b,pixelate_0.25,193,10,0.19805388152599335,0.3941017687320709,0.40784430503845215,1.5197949838029643
PCA11,dinov2_b,pixelate_0.25,194,10,0.3029988706111908,0.25313428044319153,0.4438669681549072,1.5437927596354095
PCA11,dinov2_b,pixelate_0.25,195,10,0.3267286419868469,0.3894612491130829,0.2838100790977478,1.5728116296076298
PCA11,dinov2_b,pixelate_0.25,196,10,0.2836064398288727,0.2871469259262085,0.4292466640472412,1.5562445422261688
PCA11,dinov2_b,pixelate_0.25,197,10,0.2749039828777313,0.3929155766963959,0.332180380821228,1.569835885827392
PCA11,dinov2_b,pixelate_0.25,198,10,0.29444077610969543,0.3873865008354187,0.3181726932525635,1.575042399336638
PCA11,dinov2_b,pixelate_0.25,199,10,0.38045966625213623,0.24490246176719666,0.3746379315853119,1.5581634414194199
PCA11,dinov2_b,scratch_severe,0,0,0.26988038420677185,0.1255701631307602,0.6045493483543396,1.3247980861538209
PCA11,dinov2_b,scratch_severe,1,0,0.261501282453537,0.1198730394244194,0.6186257600784302,1.301517506965703
PCA11,dinov2_b,scratch_severe,2,0,0.15976931154727936,0.43129420280456543,0.4089365005493164,1.4735588820621053
PCA11,dinov2_b,scratch_severe,3,0,0.19306090474128723,0.12328721582889557,0.6836518049240112,1.2055212274653677
PCA11,dinov2_b,scratch_severe,4,0,0.11418384313583374,0.14783425629138947,0.7379817962646484,1.0886685977729866
PCA11,dinov2_b,scratch_severe,5,0,0.3843670189380646,0.14758825302124023,0.4680447280406952,1.4502486871721814
PCA11,dinov2_b,scratch_severe,6,0,0.24594135582447052,0.05310055613517761,0.7009580135345459,1.0818891205718746
PCA11,dinov2_b,scratch_severe,7,0,0.07652342319488525,0.18722189962863922,0.7362547516822815,1.0615149437792197
PCA11,dinov2_b,scratch_severe,8,0,0.10218013823032379,0.6860498785972595,0.2117699831724167,1.1834465552438167
PCA11,dinov2_b,scratch_severe,9,0,0.3070083558559418,0.16102848947048187,0.5319631695747375,1.43168903468726
PCA11,dinov2_b,scratch_severe,10,1,0.31737518310546875,0.6149876117706299,0.06763727962970734,1.2196657412648237
PCA11,dinov2_b,scratch_severe,11,1,0.8753424286842346,0.11068131029605865,0.013976228423416615,0.6057124711756999
PCA11,dinov2_b,scratch_severe,12,1,0.20699180662631989,0.6286928653717041,0.1643153429031372,1.3194315335833542
PCA11,dinov2_b,scratch_severe,13,1,0.30465444922447205,0.5541713237762451,0.14117425680160522,1.393077405397865
PCA11,dinov2_b,scratch_severe,14,1,0.4232139587402344,0.466073215007782,0.11071290820837021,1.3898590442031225
PCA11,dinov2_b,scratch_severe,15,1,0.8169360160827637,0.1724555790424347,0.010608462616801262,0.7451776395200993
PCA11,dinov2_b,scratch_severe,16,1,0.6788328886032104,0.21482039988040924,0.1063467413187027,1.1998585379326794
PCA11,dinov2_b,scratch_severe,17,1,0.3387262225151062,0.18680383265018463,0.47446995973587036,1.4915114882716938
PCA11,dinov2_b,scratch_severe,18,1,0.3018690049648285,0.5309742093086243,0.16715677082538605,1.4379486391592189
PCA11,dinov2_b,scratch_severe,19,1,0.3824865221977234,0.1638568639755249,0.4536566436290741,1.4752251319841014
PCA11,dinov2_b,scratch_severe,20,1,0.27052831649780273,0.6227027773857117,0.10676894336938858,1.280391867343857
PCA11,dinov2_b,scratch_severe,21,1,0.04905765876173973,0.14159157872200012,0.8093507885932922,0.8596697202736332
PCA11,dinov2_b,scratch_severe,22,1,0.16936156153678894,0.1818961203098297,0.6487423777580261,1.2861211793478236
PCA11,dinov2_b,scratch_severe,23,1,0.34832948446273804,0.1987648606300354,0.4529056251049042,1.510812154018244
PCA11,dinov2_b,scratch_severe,24,1,0.44237926602363586,0.45986640453338623,0.0977543443441391,1.3638374915875766
PCA11,dinov2_b,scratch_severe,25,1,0.04667775332927704,0.7151087522506714,0.23821352422237396,1.0453369515945843
PCA11,dinov2_b,scratch_severe,26,1,0.6112239360809326,0.08590633422136307,0.3028697073459625,1.2602243860704192
PCA11,dinov2_b,scratch_severe,27,1,0.6920843124389648,0.12960320711135864,0.17831243574619293,1.1930867980096445
PCA11,dinov2_b,scratch_severe,28,1,0.3997246026992798,0.4567071199417114,0.1435682773590088,1.4472029010547816
PCA11,dinov2_b,scratch_severe,29,1,0.35783037543296814,0.12080564349889755,0.5213640332221985,1.3887963923254936
PCA11,dinov2_b,scratch_severe,30,1,0.13273391127586365,0.21854987740516663,0.6487162113189697,1.271216562055853
PCA11,dinov2_b,scratch_severe,31,1,0.5751835107803345,0.12298735976219177,0.30182909965515137,1.3524043469090627
PCA11,dinov2_b,scratch_severe,32,1,0.10736184567213058,0.4307938814163208,0.461844265460968,1.383765724160606
PCA11,dinov2_b,scratch_severe,33,1,0.7498794794082642,0.075624480843544,0.17449608445167542,1.0326125113587874
PCA11,dinov2_b,scratch_severe,34,2,0.16243736445903778,0.4931985139846802,0.34436407685279846,1.4584916422155059
PCA11,dinov2_b,scratch_severe,35,2,0.16092003881931305,0.20124563574790955,0.6378343105316162,1.3033862386618926
PCA11,dinov2_b,scratch_severe,36,2,0.2103763222694397,0.1997528374195099,0.5898708701133728,1.386498859662126
PCA11,dinov2_b,scratch_severe,37,2,0.21560759842395782,0.16434454917907715,0.6200478076934814,1.332956020723427
PCA11,dinov2_b,scratch_severe,38,2,0.49012285470962524,0.20960970222949982,0.3002674877643585,1.4979060258972294
PCA11,dinov2_b,scratch_severe,39,2,0.5187026262283325,0.13073128461837769,0.35056614875793457,1.4051012594859862
PCA11,dinov2_b,scratch_severe,40,2,0.12669450044631958,0.496629923582077,0.37667563557624817,1.4096851796724523
PCA11,dinov2_b,scratch_severe,41,2,0.3101244568824768,0.5431308150291443,0.1467447727918625,1.4084020358493423
PCA11,dinov2_b,scratch_severe,42,2,0.29047417640686035,0.353790819644928,0.35573500394821167,1.5788549646574193
PCA11,dinov2_b,scratch_severe,43,2,0.18360909819602966,0.21376784145832062,0.6026229858398438,1.3651198246559435
PCA11,dinov2_b,scratch_severe,44,2,0.17174530029296875,0.11232627183198929,0.7159284353256226,1.1359791280145455
PCA11,dinov2_b,scratch_severe,45,2,0.12110265344381332,0.16912774741649628,0.7097694873809814,1.1534902870114057
PCA11,dinov2_b,scratch_severe,46,2,0.15986864268779755,0.44077935814857483,0.39935198426246643,1.4726524017527733
PCA11,dinov2_b,scratch_severe,47,2,0.3701876997947693,0.42019981145858765,0.20961248874664307,1.5288446270674014
PCA11,dinov2_b,scratch_severe,48,2,0.09912405163049698,0.1979379504919052,0.70293790102005,1.150563935656428
PCA11,dinov2_b,scratch_severe,49,2,0.28969794511795044,0.2554296851158142,0.45487236976623535,1.537688569225515
PCA11,dinov2_b,scratch_severe,50,3,0.8418163061141968,0.1334872543811798,0.0246963482350111,0.7288044140089928
PCA11,dinov2_b,scratch_severe,51,3,0.6309279799461365,0.225851371884346,0.1432206630706787,1.3055702195863415
PCA11,dinov2_b,scratch_severe,52,3,0.7086266875267029,0.17260929942131042,0.11876403540372849,1.1546427963451642
PCA11,dinov2_b,scratch_severe,53,3,0.35803237557411194,0.19152511656284332,0.45044246315956116,1.5054898893998836
PCA11,dinov2_b,scratch_severe,54,3,0.32009321451187134,0.5308160185813904,0.14909082651138306,1.4204320415671776
PCA11,dinov2_b,scratch_severe,55,3,0.15183939039707184,0.3649929165840149,0.48316773772239685,1.4506689098404921
PCA11,dinov2_b,scratch_severe,56,3,0.46714574098587036,0.1995791643857956,0.33327504992485046,1.5052793985422857
PCA11,dinov2_b,scratch_severe,57,3,0.3866008222103119,0.14061206579208374,0.47278717160224915,1.438982002964087
PCA11,dinov2_b,scratch_severe,58,3,0.4021454155445099,0.4341503083705902,0.16370417177677155,1.4785100348873776
PCA11,dinov2_b,scratch_severe,59,3,0.46285906434059143,0.10933616757392883,0.42780473828315735,1.387578760116855
PCA11,dinov2_b,scratch_severe,60,3,0.6114791035652161,0.08915428072214127,0.2993665337562561,1.2657532845405204
PCA11,dinov2_b,scratch_severe,61,3,0.8259371519088745,0.11344044655561447,0.06062239408493042,0.8292323170504777
PCA11,dinov2_b,scratch_severe,62,3,0.05674364045262337,0.13103626668453217,0.8122200965881348,0.8627904572366611
PCA11,dinov2_b,scratch_severe,63,3,0.2193651646375656,0.5907948613166809,0.1898401379585266,1.3837484791815955
PCA11,dinov2_b,scratch_severe,64,3,0.18233156204223633,0.2919524610042572,0.5257160067558289,1.453932230837922
PCA11,dinov2_b,scratch_severe,65,3,0.6143268942832947,0.09300790727138519,0.29266518354415894,1.26931629682682
PCA11,dinov2_b,scratch_severe,66,3,0.4823274612426758,0.16122815012931824,0.3564443290233612,1.4623317206799844
PCA11,dinov2_b,scratch_severe,67,4,0.3634187877178192,0.20171009004116058,0.4348710775375366,1.5190055092840158
PCA11,dinov2_b,scratch_severe,68,4,0.23455113172531128,0.18205015361309052,0.5833987593650818,1.3916529096617067
PCA11,dinov2_b,scratch_severe,69,4,0.3016135096549988,0.15541484951972961,0.5429716110229492,1.417357878589238
PCA11,dinov2_b,scratch_severe,70,4,0.20691466331481934,0.1628674417734146,0.6302177906036377,1.3164930749947814
PCA11,dinov2_b,scratch_severe,71,4,0.2018023431301117,0.4773055613040924,0.3208921253681183,1.5014624340084626
PCA11,dinov2_b,scratch_severe,72,4,0.171065092086792,0.5001932978630066,0.3287416100502014,1.4633043743229706
PCA11,dinov2_b,scratch_severe,73,4,0.2667185068130493,0.6016340255737305,0.1316474974155426,1.334652766469003
PCA11,dinov2_b,scratch_severe,74,4,0.3160870671272278,0.43433117866516113,0.24958179891109467,1.5475366085342248
PCA11,dinov2_b,scratch_severe,75,4,0.18739713728427887,0.6274131536483765,0.18518970906734467,1.3252150659694943
PCA11,dinov2_b,scratch_severe,76,4,0.40572839975357056,0.13057295978069305,0.46369853615760803,1.425644256758411
PCA11,dinov2_b,scratch_severe,77,4,0.2261829972267151,0.42104700207710266,0.35277000069618225,1.5407635272662108
PCA11,dinov2_b,scratch_severe,78,4,0.1253545731306076,0.4170331060886383,0.4576122760772705,1.417845916943235
PCA11,dinov2_b,scratch_severe,79,4,0.31639760732650757,0.5242430567741394,0.15935927629470825,1.4359586706660163
PCA11,dinov2_b,scratch_severe,80,4,0.12528395652770996,0.43365055322647095,0.4410654306411743,1.4190317945084994
PCA11,dinov2_b,scratch_severe,81,4,0.5820363163948059,0.2297597974538803,0.1882038414478302,1.3954717009051287
PCA11,dinov2_b,scratch_severe,82,4,0.4559768736362457,0.17865005135536194,0.3653731048107147,1.491240626257877
PCA11,dinov2_b,scratch_severe,83,4,0.1426471471786499,0.3996518850326538,0.4577009677886963,1.445645222817869
PCA11,dinov2_b,scratch_severe,84,4,0.37916621565818787,0.22779393196105957,0.3930398225784302,1.5461720274209827
PCA11,dinov2_b,scratch_severe,85,4,0.3213878273963928,0.2018190324306488,0.47679316997528076,1.5017661620077216
PCA11,dinov2_b,scratch_severe,86,4,0.13921566307544708,0.08382810652256012,0.7769562602043152,0.9787041647899482
PCA11,dinov2_b,scratch_severe,87,5,0.09814774990081787,0.12753263115882874,0.774319589138031,0.9933175141657051
PCA11,dinov2_b,scratch_severe,88,5,0.1617843359708786,0.14380048215389252,0.6944151520729065,1.1928319266549459
PCA11,dinov2_b,scratch_severe,89,5,0.37742477655410767,0.5150701999664307,0.10750500112771988,1.3694647557960486
PCA11,dinov2_b,scratch_severe,90,5,0.3258095979690552,0.2005401998758316,0.473650187253952,1.5026317245948484
PCA11,dinov2_b,scratch_severe,91,5,0.34300103783607483,0.1713344007730484,0.485664427280426,1.4716082825821193
PCA11,dinov2_b,scratch_severe,92,5,0.07393264025449753,0.09607987850904465,0.8299874663352966,0.8256588690045155
PCA11,dinov2_b,scratch_severe,93,5,0.07271143794059753,0.131679505109787,0.7956089973449707,0.9225662885900341
PCA11,dinov2_b,scratch_severe,94,5,0.10110238194465637,0.22183498740196228,0.6770626902580261,1.1971208366664545
PCA11,dinov2_b,scratch_severe,95,5,0.15984711050987244,0.624765932559967,0.21538706123828888,1.3238886918062067
PCA11,dinov2_b,scratch_severe,96,5,0.1478116661310196,0.1813742220401764,0.6708142161369324,1.2408055721507776
PCA11,dinov2_b,scratch_severe,97,5,0.10099375993013382,0.23170453310012817,0.6673017144203186,1.2122966547408085
PCA11,dinov2_b,scratch_severe,98,5,0.0756550058722496,0.16678644716739655,0.7575585246086121,1.0161906836111958
PCA11,dinov2_b,scratch_severe,99,5,0.20735634863376617,0.6504504084587097,0.14219337701797485,1.2744007564314546
PCA11,dinov2_b,scratch_severe,100,5,0.143234983086586,0.2588702440261841,0.5978947281837463,1.3499444195202628
PCA11,dinov2_b,scratch_severe,101,5,0.26280808448791504,0.19290202856063843,0.5442900061607361,1.4422765812882221
PCA11,dinov2_b,scratch_severe,102,5,0.052323903888463974,0.1296953409910202,0.8179808259010315,0.8419979891396743
PCA11,dinov2_b,scratch_severe,103,5,0.15378513932228088,0.17420075833797455,0.672014057636261,1.2399239872905448
PCA11,dinov2_b,scratch_severe,104,5,0.34408843517303467,0.16739630699157715,0.48851537704467773,1.46615391407717
PCA11,dinov2_b,scratch_severe,105,5,0.0870160460472107,0.15689978003501892,0.756084144115448,1.03076022533366
PCA11,dinov2_b,scratch_severe,106,5,0.3403160274028778,0.09678769111633301,0.5628962516784668,1.3219645755509162
PCA11,dinov2_b,scratch_severe,107,5,0.12313971668481827,0.1679486483335495,0.708911657333374,1.156215884379907
PCA11,dinov2_b,scratch_severe,108,5,0.16374151408672333,0.149457648396492,0.6868007779121399,1.2095610201207272
PCA11,dinov2_b,scratch_severe,109,6,0.15012440085411072,0.6292071342468262,0.2206684947013855,1.3123312467555166
PCA11,dinov2_b,scratch_severe,110,6,0.20354080200195312,0.6585459113121033,0.13791321218013763,1.258501680517072
PCA11,dinov2_b,scratch_severe,111,6,0.18582819402217865,0.354203462600708,0.4599683880805969,1.4968951902286411
PCA11,dinov2_b,scratch_severe,112,6,0.5474483966827393,0.22641129791736603,0.22614040970802307,1.4460457499993435
PCA11,dinov2_b,scratch_severe,113,6,0.7969131469726562,0.049981046468019485,0.15310584008693695,0.8915539270014551
PCA11,dinov2_b,scratch_severe,114,6,0.5796186923980713,0.23256225883960724,0.18781907856464386,1.398570621041129
PCA11,dinov2_b,scratch_severe,115,6,0.6842402219772339,0.23764869570732117,0.07811107486486435,1.1545575069750031
PCA11,dinov2_b,scratch_severe,116,6,0.48391154408454895,0.32101866602897644,0.19506974518299103,1.4929437222643969
PCA11,dinov2_b,scratch_severe,117,6,0.7233876585960388,0.17470933496952057,0.10190300643444061,1.1134185771102705
PCA11,dinov2_b,scratch_severe,118,6,0.6681965589523315,0.19115398824214935,0.14064942300319672,1.2429948263892205
PCA11,dinov2_b,scratch_severe,119,6,0.8294943571090698,0.14020678400993347,0.030298849567770958,0.773954788029082
PCA11,dinov2_b,scratch_severe,120,6,0.17564348876476288,0.07913779467344284,0.7452186346054077,1.046511920294013
PCA11,dinov2_b,scratch_severe,121,6,0.12534184753894806,0.7641152739524841,0.1105429083108902,1.023344090587876
PCA11,dinov2_b,scratch_severe,122,6,0.1024823933839798,0.1931401789188385,0.7043774724006653,1.1511149579581859
PCA11,dinov2_b,scratch_severe,123,6,0.14127124845981598,0.539048969745636,0.31967973709106445,1.4054115660351334
PCA11,dinov2_b,scratch_severe,124,6,0.7773088812828064,0.11698488146066666,0.10570621490478516,0.9873298884958286
PCA11,dinov2_b,scratch_severe,125,6,0.2244720160961151,0.4867556691169739,0.288772314786911,1.5069119018770172
PCA11,dinov2_b,scratch_severe,126,7,0.035461362451314926,0.7827444672584534,0.1817941963672638,0.8945954373086165
PCA11,dinov2_b,scratch_severe,127,7,0.154600590467453,0.19415447115898132,0.6512449383735657,1.2784634381718334
PCA11,dinov2_b,scratch_severe,128,7,0.18024714291095734,0.7444992065429688,0.07525365054607391,1.0433178585529896
PCA11,dinov2_b,scratch_severe,129,7,0.19603340327739716,0.6397004723548889,0.16426610946655273,1.3012080047361843
PCA11,dinov2_b,scratch_severe,130,7,0.12798148393630981,0.5628868341445923,0.3091316521167755,1.369850550206642
PCA11,dinov2_b,scratch_severe,131,7,0.021129664033651352,0.183253213763237,0.7956172227859497,0.8286353838069491
PCA11,dinov2_b,scratch_severe,132,7,0.47765102982521057,0.18932464718818665,0.3330242335796356,1.4920198052707323
PCA11,dinov2_b,scratch_severe,133,7,0.22490544617176056,0.3715363144874573,0.4035581946372986,1.5431640754125113
PCA11,dinov2_b,scratch_severe,134,7,0.5941610336303711,0.23195107281208038,0.17388798296451569,1.3740900350730456
PCA11,dinov2_b,scratch_severe,135,7,0.19891619682312012,0.5011643171310425,0.2999194860458374,1.48397703725198
PCA11,dinov2_b,scratch_severe,136,7,0.07131335884332657,0.1853695958852768,0.7433171272277832,1.0405146508796668
PCA11,dinov2_b,scratch_severe,137,7,0.7209333777427673,0.18611139059066772,0.09295542538166046,1.1103750361566105
PCA11,dinov2_b,scratch_severe,138,7,0.2080070823431015,0.3585917055606842,0.4334012269973755,1.524544086714704
PCA11,dinov2_b,scratch_severe,139,7,0.48741719126701355,0.3700701892375946,0.14251263439655304,1.4366484086610272
PCA11,dinov2_b,scratch_severe,140,7,0.11468043923377991,0.3621121346950531,0.5232073664665222,1.3779303329314159
PCA11,dinov2_b,scratch_severe,141,7,0.2654082477092743,0.19459232687950134,0.5399994254112244,1.4474837040895232
PCA11,dinov2_b,scratch_severe,142,7,0.12226258963346481,0.3500535488128662,0.5276837944984436,1.3874566152310506
PCA11,dinov2_b,scratch_severe,143,7,0.5264195799827576,0.19792455434799194,0.2756557762622833,1.462320402170132
PCA11,dinov2_b,scratch_severe,144,7,0.32015761733055115,0.20417681336402893,0.47566547989845276,1.5039654044411388
PCA11,dinov2_b,scratch_severe,145,7,0.45505839586257935,0.1892855316400528,0.3556559979915619,1.5018751242776376
PCA11,dinov2_b,scratch_severe,146,7,0.02976033464074135,0.18912193179130554,0.7811176776885986,0.8836663402720613
PCA11,dinov2_b,scratch_severe,147,7,0.17348922789096832,0.7760525941848755,0.05045825615525246,0.9396939583809581
PCA11,dinov2_b,scratch_severe,148,7,0.5562662482261658,0.20408208668231964,0.23965175449848175,1.4325206512468358
PCA11,dinov2_b,scratch_severe,149,7,0.030494606122374535,0.7835536003112793,0.18595173954963684,0.8805838453523707
PCA11,dinov2_b,scratch_severe,150,7,0.6846598982810974,0.2511795461177826,0.06416058540344238,1.129062861817872
PCA11,dinov2_b,scratch_severe,151,8,0.2765335738658905,0.19954200088977814,0.5239244103431702,1.4654022244879408
PCA11,dinov2_b,scratch_severe,152,8,0.35609936714172363,0.14316217601299286,0.5007384419441223,1.4316015986305963
PCA11,dinov2_b,scratch_severe,153,8,0.1909118890762329,0.16337651014328003,0.6457115411758423,1.2905829133207567
PCA11,dinov2_b,scratch_severe,154,8,0.3427000939846039,0.10324469208717346,0.5540552139282227,1.3396792320127915
PCA11,dinov2_b,scratch_severe,155,8,0.18920964002609253,0.13585174083709717,0.6749386191368103,1.22851557529417
PCA11,dinov2_b,scratch_severe,156,8,0.11775501817464828,0.6612553596496582,0.2209896445274353,1.2392973559062128
PCA11,dinov2_b,scratch_severe,157,8,0.4060930609703064,0.2021622508764267,0.3917446732521057,1.5238831784775937
PCA11,dinov2_b,scratch_severe,158,8,0.15018251538276672,0.7347226738929749,0.11509483307600021,1.0965257471518406
PCA11,dinov2_b,scratch_severe,159,8,0.5014687776565552,0.14205136895179749,0.35647982358932495,1.4297748409853233
PCA11,dinov2_b,scratch_severe,160,8,0.19761866331100464,0.21567542850971222,0.5867059230804443,1.39092266711679
PCA11,dinov2_b,scratch_severe,161,8,0.1287274956703186,0.7084967494010925,0.16277582943439484,1.1592832478133264
PCA11,dinov2_b,scratch_severe,162,8,0.7625355124473572,0.10138285160064697,0.13608157634735107,1.024592157927743
PCA11,dinov2_b,scratch_severe,163,8,0.37563785910606384,0.4773208200931549,0.14704133570194244,1.446580225827143
PCA11,dinov2_b,scratch_severe,164,8,0.17753005027770996,0.1296578049659729,0.6928120851516724,1.191684945198134
PCA11,dinov2_b,scratch_severe,165,8,0.14181271195411682,0.7009188532829285,0.15726852416992188,1.1786696732213582
PCA11,dinov2_b,scratch_severe,166,8,0.11184960603713989,0.37865743041038513,0.5094929933547974,1.3796664698464638
PCA11,dinov2_b,scratch_severe,167,8,0.25140053033828735,0.12749409675598145,0.6211051940917969,1.306378712349376
PCA11,dinov2_b,scratch_severe,168,8,0.6698286533355713,0.17394816875457764,0.15622328221797943,1.2445861072933477
PCA11,dinov2_b,scratch_severe,169,8,0.15089163184165955,0.7590702176094055,0.09003810584545135,1.0263044530889391
PCA11,dinov2_b,scratch_severe,170,8,0.21038471162319183,0.6580783128738403,0.13153691589832306,1.2553327181080225
PCA11,dinov2_b,scratch_severe,171,8,0.310093492269516,0.48094624280929565,0.20896027982234955,1.5037005379490065
PCA11,dinov2_b,scratch_severe,172,8,0.4725690484046936,0.329277366399765,0.19815364480018616,1.5014955261356648
PCA11,dinov2_b,scratch_severe,173,8,0.581579327583313,0.16522513329982758,0.25319549441337585,1.385690150603828
PCA11,dinov2_b,scratch_severe,174,8,0.13635733723640442,0.6889562606811523,0.17468640208244324,1.2020026103484278
PCA11,dinov2_b,scratch_severe,175,8,0.25457119941711426,0.6866722106933594,0.05875656381249428,1.1151362559177551
PCA11,dinov2_b,scratch_severe,176,8,0.17217186093330383,0.16882644593715668,0.6590017080307007,1.2667454353271197
PCA11,dinov2_b,scratch_severe,177,8,0.2744094133377075,0.5183371305465698,0.20725347101688385,1.4739162492909192
PCA11,dinov2_b,scratch_severe,178,9,0.22183643281459808,0.12589727342128754,0.6522663831710815,1.2604178067605818
PCA11,dinov2_b,scratch_severe,179,9,0.328104704618454,0.10918045043945312,0.5627147555351257,1.3431579049848192
PCA11,dinov2_b,scratch_severe,180,9,0.2954173684120178,0.11669711768627167,0.5878856182098389,1.3319045369732863
PCA11,dinov2_b,scratch_severe,181,9,0.188298299908638,0.14827215671539307,0.6634295582771301,1.2546276535166425
PCA11,dinov2_b,scratch_severe,182,9,0.19529691338539124,0.11822248250246048,0.6864805817604065,1.1969047435514664
PCA11,dinov2_b,scratch_severe,183,9,0.2448134422302246,0.17624737322330475,0.5789391398429871,1.394915288305838
PCA11,dinov2_b,scratch_severe,184,9,0.2261255830526352,0.14524367451667786,0.6286307573318481,1.3102775293343818
PCA11,dinov2_b,scratch_severe,185,9,0.18604841828346252,0.6056134104728699,0.20833808183670044,1.361049400237854
PCA11,dinov2_b,scratch_severe,186,9,0.6120980978012085,0.12720029056072235,0.2607015073299408,1.3175034912322345
PCA11,dinov2_b,scratch_severe,187,9,0.2020234316587448,0.1605035662651062,0.6374730467796326,1.3038500715549841
PCA11,dinov2_b,scratch_severe,188,10,0.373846173286438,0.1780448704957962,0.448108971118927,1.4928898077037474
PCA11,dinov2_b,scratch_severe,189,10,0.3359973430633545,0.514041006565094,0.1499616503715515,1.4326820299375935
PCA11,dinov2_b,scratch_severe,190,10,0.419390469789505,0.11587154865264893,0.46473798155784607,1.3998260889833956
PCA11,dinov2_b,scratch_severe,191,10,0.7452120780944824,0.15655368566513062,0.09823416918516159,1.0638515990706812
PCA11,dinov2_b,scratch_severe,192,10,0.0757666826248169,0.2909228205680847,0.6333104372024536,1.2176053625496395
PCA11,dinov2_b,scratch_severe,193,10,0.1419130265712738,0.5752972364425659,0.28278976678848267,1.3739256961618271
PCA11,dinov2_b,scratch_severe,194,10,0.3820663094520569,0.1800841987133026,0.4378494322299957,1.4974372352285266
PCA11,dinov2_b,scratch_severe,195,10,0.5615631341934204,0.16796661913394928,0.27047014236450195,1.4100254493317834
PCA11,dinov2_b,scratch_severe,196,10,0.47303810715675354,0.15523786842823029,0.371724009513855,1.4587703573083237
PCA11,dinov2_b,scratch_severe,197,10,0.3623511493206024,0.4972935914993286,0.14035530388355255,1.429469896388492
PCA11,dinov2_b,scratch_severe,198,10,0.19635015726089478,0.4224207103252411,0.38122913241386414,1.5166942684010165
PCA11,dinov2_b,scratch_severe,199,10,0.44057053327560425,0.1500072032213211,0.4094223380088806,1.4590275561595387
PCA11,dinov2_b,compound_mild,0,0,0.3279349207878113,0.27089354395866394,0.4011715054512024,1.5665348754588992
PCA11,dinov2_b,compound_mild,1,0,0.33172711730003357,0.256891131401062,0.4113817811012268,1.5589566713805243
PCA11,dinov2_b,compound_mild,2,0,0.21107502281665802,0.35254546999931335,0.43637949228286743,1.526019289763183
PCA11,dinov2_b,compound_mild,3,0,0.39826932549476624,0.27783527970314026,0.3238954246044159,1.569114124867074
PCA11,dinov2_b,compound_mild,4,0,0.36745190620422363,0.19742035865783691,0.43512776494026184,1.5151969961622096
PCA11,dinov2_b,compound_mild,5,0,0.39743170142173767,0.2974737286567688,0.30509451031684875,1.5719271591774127
PCA11,dinov2_b,compound_mild,6,0,0.2162858247756958,0.07754480093717575,0.7061694860458374,1.1182584052279578
PCA11,dinov2_b,compound_mild,7,0,0.237356498837471,0.43875497579574585,0.32388854026794434,1.540732557468529
PCA11,dinov2_b,compound_mild,8,0,0.4862788915634155,0.107492595911026,0.40622857213020325,1.3796275048750122
PCA11,dinov2_b,compound_mild,9,0,0.3154372274875641,0.3268197476863861,0.3577430844306946,1.5829052125748864
PCA11,dinov2_b,compound_mild,10,1,0.07035821676254272,0.31145086884498596,0.6181908845901489,1.2225068903408496
PCA11,dinov2_b,compound_mild,11,1,0.4623158872127533,0.442092627286911,0.09559151530265808,1.3589454298831902
PCA11,dinov2_b,compound_mild,12,1,0.1834092140197754,0.3298487365245819,0.4867419898509979,1.482189148685817
PCA11,dinov2_b,compound_mild,13,1,0.09710873663425446,0.3529878854751587,0.5499032735824585,1.3314247471636738
PCA11,dinov2_b,compound_mild,14,1,0.4021531939506531,0.4780638813972473,0.11978289484977722,1.4042253451195128
PCA11,dinov2_b,compound_mild,15,1,0.5404515862464905,0.39439985156059265,0.06514860689640045,1.2658769502158642
PCA11,dinov2_b,compound_mild,16,1,0.4219610393047333,0.38872724771499634,0.1893116533756256,1.5097345860045108
PCA11,dinov2_b,compound_mild,17,1,0.44310104846954346,0.4497414529323578,0.10715754330158234,1.384089084787863
PCA11,dinov2_b,compound_mild,18,1,0.3337670564651489,0.12735143303871155,0.5388814806938171,1.3876730907806787
PCA11,dinov2_b,compound_mild,19,1,0.3233548700809479,0.35773664712905884,0.3189084827899933,1.5830295311727287
PCA11,dinov2_b,compound_mild,20,1,0.3959009647369385,0.2942483127117157,0.30985066294670105,1.5723105665506905
PCA11,dinov2_b,compound_mild,21,1,0.13148771226406097,0.509334146976471,0.3591780364513397,1.4111956408541224
PCA11,dinov2_b,compound_mild,22,1,0.3704535663127899,0.22220920026302338,0.4073372185230255,1.5407096185279587
PCA11,dinov2_b,compound_mild,23,1,0.4309348464012146,0.3136133551597595,0.2554517984390259,1.5509622563857164
PCA11,dinov2_b,compound_mild,24,1,0.527064859867096,0.42202115058898926,0.050913967192173004,1.230949172648602
PCA11,dinov2_b,compound_mild,25,1,0.08680236339569092,0.33646366000175476,0.5767339468002319,1.2927602748202562
PCA11,dinov2_b,compound_mild,26,1,0.4060850441455841,0.44138243794441223,0.15253262221813202,1.4625486275153712
PCA11,dinov2_b,compound_mild,27,1,0.38563159108161926,0.37962403893470764,0.2347443848848343,1.5514121789660587
PCA11,dinov2_b,compound_mild,28,1,0.10814741998910904,0.48242172598838806,0.4094308018684387,1.3818412457675868
PCA11,dinov2_b,compound_mild,29,1,0.16721801459789276,0.41495001316070557,0.4178318679332733,1.4840758490445998
PCA11,dinov2_b,compound_mild,30,1,0.12284892052412033,0.44570231437683105,0.4314487874507904,1.4144789222372403
PCA11,dinov2_b,compound_mild,31,1,0.071995809674263,0.7224494218826294,0.20555482804775238,1.08130290311058
PCA11,dinov2_b,compound_mild,32,1,0.08833469450473785,0.4519430696964264,0.45972228050231934,1.3425040942904567
PCA11,dinov2_b,compound_mild,33,1,0.4161720871925354,0.34693992137908936,0.23688799142837524,1.5484017056376416
PCA11,dinov2_b,compound_mild,34,2,0.13485784828662872,0.6083788871765137,0.25676316022872925,1.3296255157434123
PCA11,dinov2_b,compound_mild,35,2,0.14195828139781952,0.48559045791625977,0.37245118618011475,1.436593564613121
PCA11,dinov2_b,compound_mild,36,2,0.18377868831157684,0.4264232814311981,0.389798104763031,1.5033094146938182
PCA11,dinov2_b,compound_mild,37,2,0.2228952944278717,0.4437180161476135,0.3333866596221924,1.531185939978248
PCA11,dinov2_b,compound_mild,38,2,0.535317599773407,0.3125227093696594,0.15215960144996643,1.4203269252770203
PCA11,dinov2_b,compound_mild,39,2,0.16282716393470764,0.5856014490127563,0.2515714168548584,1.379335267535681
PCA11,dinov2_b,compound_mild,40,2,0.1508053094148636,0.5297422409057617,0.31945231556892395,1.4230887691516996
PCA11,dinov2_b,compound_mild,41,2,0.09070819616317749,0.5835592746734619,0.325732558965683,1.2946559115846337
PCA11,dinov2_b,compound_mild,42,2,0.5466148853302002,0.18923142552375793,0.2641535699367523,1.438134064355284
PCA11,dinov2_b,compound_mild,43,2,0.1535952240228653,0.2844989597797394,0.5619058609008789,1.3983572862610232
PCA11,dinov2_b,compound_mild,44,2,0.16593284904956818,0.3143572509288788,0.5197097659111023,1.4455345675601903
PCA11,dinov2_b,compound_mild,45,2,0.14167121052742004,0.5327959060668945,0.3255329430103302,1.4104661178650297
PCA11,dinov2_b,compound_mild,46,2,0.2289499193429947,0.3423530161380768,0.4286970794200897,1.5402369861985656
PCA11,dinov2_b,compound_mild,47,2,0.36393043398857117,0.49023497104644775,0.1458345502614975,1.4399610093983348
PCA11,dinov2_b,compound_mild,48,2,0.11433888971805573,0.4513225555419922,0.4343385696411133,1.3982923655172295
PCA11,dinov2_b,compound_mild,49,2,0.17611202597618103,0.17619076371192932,0.6476972699165344,1.2884105822855991
PCA11,dinov2_b,compound_mild,50,3,0.1789347231388092,0.3856258988380432,0.4354393780231476,1.4966249795658992
PCA11,dinov2_b,compound_mild,51,3,0.38752979040145874,0.3992809057235718,0.21318921446800232,1.5342189426828807
PCA11,dinov2_b,compound_mild,52,3,0.49085533618927,0.22069641947746277,0.2884482741355896,1.5023805649224349
PCA11,dinov2_b,compound_mild,53,3,0.250518262386322,0.3752779960632324,0.37420380115509033,1.5615791364025777
PCA11,dinov2_b,compound_mild,54,3,0.26346880197525024,0.36525002121925354,0.37128114700317383,1.5684314352604287
PCA11,dinov2_b,compound_mild,55,3,0.3708879053592682,0.32448163628578186,0.30463048815727234,1.5800115901837373
PCA11,dinov2_b,compound_mild,56,3,0.3336308002471924,0.3450995683670044,0.32126957178115845,1.584347361964793
PCA11,dinov2_b,compound_mild,57,3,0.4042392075061798,0.3025309443473816,0.2932298481464386,1.569032462564037
PCA11,dinov2_b,compound_mild,58,3,0.20023362338542938,0.40708738565444946,0.39267897605895996,1.5219742187090846
PCA11,dinov2_b,compound_mild,59,3,0.2733246684074402,0.4917120933532715,0.23496320843696594,1.5059992460395981
PCA11,dinov2_b,compound_mild,60,3,0.4246019423007965,0.2539633512496948,0.32143470644950867,1.5532120148526682
PCA11,dinov2_b,compound_mild,61,3,0.3350061774253845,0.33088526129722595,0.33410850167274475,1.584942154520073
PCA11,dinov2_b,compound_mild,62,3,0.32253000140190125,0.4430689811706543,0.2344009429216385,1.5374567015840672
PCA11,dinov2_b,compound_mild,63,3,0.39721229672431946,0.3357665538787842,0.2670210599899292,1.5664164116932713
PCA11,dinov2_b,compound_mild,64,3,0.2897857427597046,0.39449992775917053,0.31571435928344727,1.5723411070927544
PCA11,dinov2_b,compound_mild,65,3,0.522918701171875,0.18718887865543365,0.2898924648761749,1.459491040022853
PCA11,dinov2_b,compound_mild,66,3,0.44725680351257324,0.21060141921043396,0.3421417474746704,1.5219026261035529
PCA11,dinov2_b,compound_mild,67,4,0.30339300632476807,0.38255366683006287,0.3140532970428467,1.5771392064083987
PCA11,dinov2_b,compound_mild,68,4,0.11324402689933777,0.32110458612442017,0.565651535987854,1.3470958043412855
PCA11,dinov2_b,compound_mild,69,4,0.28108832240104675,0.4105279743671417,0.3083837032318115,1.565336855594916
PCA11,dinov2_b,compound_mild,70,4,0.35054540634155273,0.34154829382896423,0.3079063594341278,1.582751175078789
PCA11,dinov2_b,compound_mild,71,4,0.22931373119354248,0.520893931388855,0.24979223310947418,1.4772144060681112
PCA11,dinov2_b,compound_mild,72,4,0.2678948640823364,0.4954417943954468,0.23666337132453918,1.5031028762187995
PCA11,dinov2_b,compound_mild,73,4,0.4374784827232361,0.3910261392593384,0.1714952439069748,1.4877389277474158
PCA11,dinov2_b,compound_mild,74,4,0.4915435314178467,0.33927667140960693,0.1691797524690628,1.4664007692867016
PCA11,dinov2_b,compound_mild,75,4,0.27906563878059387,0.25030776858329773,0.470626562833786,1.5257549982711152
PCA11,dinov2_b,compound_mild,76,4,0.13442859053611755,0.6063889265060425,0.25918254256248474,1.3316813286070783
PCA11,dinov2_b,compound_mild,77,4,0.026344602927565575,0.6035526394844055,0.37010279297828674,1.108598168755905
PCA11,dinov2_b,compound_mild,78,4,0.35440507531166077,0.21559599041938782,0.4299989342689514,1.531184768582007
PCA11,dinov2_b,compound_mild,79,4,0.14667050540447235,0.5323622226715088,0.32096731662750244,1.4166023580126552
PCA11,dinov2_b,compound_mild,80,4,0.4310886859893799,0.40222856402397156,0.16668285429477692,1.4826559933139785
PCA11,dinov2_b,compound_mild,81,4,0.22103843092918396,0.39901378750801086,0.37994781136512756,1.540684024358253
PCA11,dinov2_b,compound_mild,82,4,0.34088829159736633,0.23093357682228088,0.4281782805919647,1.5415394008374987
PCA11,dinov2_b,compound_mild,83,4,0.2840494215488434,0.3314637243747711,0.3844867944717407,1.5740252787872806
PCA11,dinov2_b,compound_mild,84,4,0.2577727437019348,0.4066683053970337,0.3355589807033539,1.5606721965518915
PCA11,dinov2_b,compound_mild,85,4,0.3142484426498413,0.36124876141548157,0.3245028853416443,1.5823473634370016
PCA11,dinov2_b,compound_mild,86,4,0.5419261455535889,0.3160346448421478,0.1420392245054245,1.404103435240863
PCA11,dinov2_b,compound_mild,87,5,0.15243753790855408,0.3240929841995239,0.5234693884849548,1.4293186919934167
PCA11,dinov2_b,compound_mild,88,5,0.12719760835170746,0.23416396975517273,0.638638436794281,1.2819833033192685
PCA11,dinov2_b,compound_mild,89,5,0.12725670635700226,0.3500346541404724,0.522708535194397,1.3978023530220267
PCA11,dinov2_b,compound_mild,90,5,0.08977784961462021,0.2828906774520874,0.6273314356803894,1.249545437619029
PCA11,dinov2_b,compound_mild,91,5,0.0827464759349823,0.4824633300304413,0.43479016423225403,1.3272487991871245
PCA11,dinov2_b,compound_mild,92,5,0.10624223947525024,0.32750362157821655,0.566254198551178,1.3356647660852876
PCA11,dinov2_b,compound_mild,93,5,0.17351199686527252,0.42840269207954407,0.3980853259563446,1.49136163087219
PCA11,dinov2_b,compound_mild,94,5,0.14266125857830048,0.3344152271747589,0.5229235291481018,1.418360491326281
PCA11,dinov2_b,compound_mild,95,5,0.09665822982788086,0.4224332273006439,0.48090851306915283,1.3589214224684114
PCA11,dinov2_b,compound_mild,96,5,0.14472179114818573,0.6656922698020935,0.18958577513694763,1.2492184896915863
PCA11,dinov2_b,compound_mild,97,5,0.2087346464395523,0.35890814661979675,0.4323573112487793,1.5253972523742694
PCA11,dinov2_b,compound_mild,98,5,0.09490150958299637,0.3927382230758667,0.5123602151870728,1.3462828932666053
PCA11,dinov2_b,compound_mild,99,5,0.10740259289741516,0.411871075630188,0.48072633147239685,1.380793486069027
PCA11,dinov2_b,compound_mild,100,5,0.12031741440296173,0.33307909965515137,0.5466035008430481,1.3721927122667916
PCA11,dinov2_b,compound_mild,101,5,0.13297271728515625,0.4394068419933319,0.4276205003261566,1.432446561321513
PCA11,dinov2_b,compound_mild,102,5,0.11558815836906433,0.5684301853179932,0.3159816265106201,1.3482467450060998
PCA11,dinov2_b,compound_mild,103,5,0.17234672605991364,0.44237980246543884,0.3852735459804535,1.4878537832142729
PCA11,dinov2_b,compound_mild,104,5,0.08124733716249466,0.16118928790092468,0.7575632929801941,1.0221300654569112
PCA11,dinov2_b,compound_mild,105,5,0.1758870780467987,0.37897536158561707,0.4451375901699066,1.4912735445902006
PCA11,dinov2_b,compound_mild,106,5,0.2775363028049469,0.12820419669151306,0.59425950050354,1.3393564667515658
PCA11,dinov2_b,compound_mild,107,5,0.1018478199839592,0.46556055545806885,0.43259158730506897,1.372104836009058
PCA11,dinov2_b,compound_mild,108,5,0.1447114646434784,0.450813353061676,0.4044751524925232,1.449922636432407
PCA11,dinov2_b,compound_mild,109,6,0.14670152962207794,0.27078065276145935,0.5825178027153015,1.3707373169582415
PCA11,dinov2_b,compound_mild,110,6,0.2478628307580948,0.5118476748466492,0.24028952419757843,1.4876625314374756
PCA11,dinov2_b,compound_mild,111,6,0.3549904227256775,0.15633852779865265,0.4886710047721863,1.4537950031733469
PCA11,dinov2_b,compound_mild,112,6,0.37244194746017456,0.2990987002849579,0.328459233045578,1.5790954534182124
PCA11,dinov2_b,compound_mild,113,6,0.392520546913147,0.473736047744751,0.13374345004558563,1.4283718449989093
PCA11,dinov2_b,compound_mild,114,6,0.34516751766204834,0.42682141065597534,0.22801117599010468,1.5402753423136326
PCA11,dinov2_b,compound_mild,115,6,0.38993555307388306,0.47415876388549805,0.13590556383132935,1.4315779226061887
PCA11,dinov2_b,compound_mild,116,6,0.2141561508178711,0.5153109431266785,0.2705327868461609,1.4792715493663309
PCA11,dinov2_b,compound_mild,117,6,0.3000943660736084,0.463935524225235,0.2359701246023178,1.5267619322481656
PCA11,dinov2_b,compound_mild,118,6,0.4134067893028259,0.40560397505760193,0.18098928034305573,1.501193531509026
PCA11,dinov2_b,compound_mild,119,6,0.30110880732536316,0.29561731219291687,0.40327388048171997,1.569523170267289
PCA11,dinov2_b,compound_mild,120,6,0.07961272448301315,0.5571196675300598,0.36326754093170166,1.2915266831868304
PCA11,dinov2_b,compound_mild,121,6,0.32633543014526367,0.37777936458587646,0.29588523507118225,1.5776038260323784
PCA11,dinov2_b,compound_mild,122,6,0.48367199301719666,0.20063792169094086,0.3156900703907013,1.4969094066124478
PCA11,dinov2_b,compound_mild,123,6,0.1942598968744278,0.3222997188568115,0.4834403991699219,1.492634235615306
PCA11,dinov2_b,compound_mild,124,6,0.4741204082965851,0.2511412799358368,0.2747383415699005,1.5231821938491623
PCA11,dinov2_b,compound_mild,125,6,0.3907104432582855,0.1738796979188919,0.43540990352630615,1.4908781943598342
PCA11,dinov2_b,compound_mild,126,7,0.5143082141876221,0.09843359887599945,0.3872581720352173,1.3526187154935814
PCA11,dinov2_b,compound_mild,127,7,0.06215422600507736,0.5560352206230164,0.38181057572364807,1.2503002201472475
PCA11,dinov2_b,compound_mild,128,7,0.4402577579021454,0.5003450512886047,0.05939721688628197,1.2628794495549134
PCA11,dinov2_b,compound_mild,129,7,0.19963236153125763,0.40426144003868103,0.39610615372657776,1.5214999123931072
PCA11,dinov2_b,compound_mild,130,7,0.5283203125,0.09574839472770691,0.3759312927722931,1.3410092969230338
PCA11,dinov2_b,compound_mild,131,7,0.46985605359077454,0.3474040627479553,0.18273982405662537,1.4900096789153305
PCA11,dinov2_b,compound_mild,132,7,0.3179261386394501,0.42758411169052124,0.2544896900653839,1.5521497334622794
PCA11,dinov2_b,compound_mild,133,7,0.43497297167778015,0.375890851020813,0.18913620710372925,1.5074166667776876
PCA11,dinov2_b,compound_mild,134,7,0.5826630592346191,0.2574528455734253,0.15988413989543915,1.3809222303082864
PCA11,dinov2_b,compound_mild,135,7,0.16295316815376282,0.3332197368144989,0.5038270354270935,1.4531145013331956
PCA11,dinov2_b,compound_mild,136,7,0.15010598301887512,0.5685847401618958,0.2813093364238739,1.3885557728032616
PCA11,dinov2_b,compound_mild,137,7,0.45462414622306824,0.2260746955871582,0.31930121779441833,1.5278746260024016
PCA11,dinov2_b,compound_mild,138,7,0.580086350440979,0.2722300887107849,0.14768347144126892,1.3742750898594351
PCA11,dinov2_b,compound_mild,139,7,0.33865711092948914,0.28036636114120483,0.38097652792930603,1.573786927531886
PCA11,dinov2_b,compound_mild,140,7,0.3430347144603729,0.06447265297174454,0.5924925804138184,1.2319090353614657
PCA11,dinov2_b,compound_mild,141,7,0.22855070233345032,0.3572826683521271,0.4141665995121002,1.5438972052450677
PCA11,dinov2_b,compound_mild,142,7,0.05315043032169342,0.2631477117538452,0.6837018728256226,1.1069159789512513
PCA11,dinov2_b,compound_mild,143,7,0.36432334780693054,0.2831631898880005,0.35251346230506897,1.5764216112229876
PCA11,dinov2_b,compound_mild,144,7,0.38937705755233765,0.37673673033714294,0.233886256814003,1.5506879338723407
PCA11,dinov2_b,compound_mild,145,7,0.5348383784294128,0.1787842959165573,0.28637728095054626,1.4435412928507834
PCA11,dinov2_b,compound_mild,146,7,0.09572762250900269,0.3907255530357361,0.5135468244552612,1.3475058743110757
PCA11,dinov2_b,compound_mild,147,7,0.37182700634002686,0.08904038369655609,0.5391325950622559,1.321926979492843
PCA11,dinov2_b,compound_mild,148,7,0.3249661326408386,0.4536067545413971,0.22142718732357025,1.5259351270886115
PCA11,dinov2_b,compound_mild,149,7,0.3861394226551056,0.3948631286621094,0.2189975380897522,1.5392649620089514
PCA11,dinov2_b,compound_mild,150,7,0.31403249502182007,0.3073306679725647,0.37863680720329285,1.5783845962490193
PCA11,dinov2_b,compound_mild,151,8,0.14701125025749207,0.41534873843193054,0.4376399517059326,1.45487864380217
PCA11,dinov2_b,compound_mild,152,8,0.28125154972076416,0.4976322054862976,0.2211163491010666,1.4971466530983868
PCA11,dinov2_b,compound_mild,153,8,0.28289201855659485,0.39027896523475647,0.32682907581329346,1.5724145106954313
PCA11,dinov2_b,compound_mild,154,8,0.29599741101264954,0.2543436288833618,0.44965896010398865,1.5407400826440665
PCA11,dinov2_b,compound_mild,155,8,0.31660905480384827,0.45813411474227905,0.22525686025619507,1.5256399608257598
PCA11,dinov2_b,compound_mild,156,8,0.3157763183116913,0.31030967831611633,0.37391406297683716,1.5796815849848365
PCA11,dinov2_b,compound_mild,157,8,0.2799258828163147,0.44643741846084595,0.27363675832748413,1.5452171108890826
PCA11,dinov2_b,compound_mild,158,8,0.32668447494506836,0.26661133766174316,0.40670421719551086,1.563638055871605
PCA11,dinov2_b,compound_mild,159,8,0.3862737715244293,0.32806631922721863,0.28565987944602966,1.573963620261333
PCA11,dinov2_b,compound_mild,160,8,0.40629348158836365,0.3172488510608673,0.27645769715309143,1.5661964897740197
PCA11,dinov2_b,compound_mild,161,8,0.3763902187347412,0.28350767493247986,0.34010207653045654,1.5753523585320504
PCA11,dinov2_b,compound_mild,162,8,0.26338106393814087,0.4920285940170288,0.2445904016494751,1.5072865587076116
PCA11,dinov2_b,compound_mild,163,8,0.07972556352615356,0.5882911086082458,0.33198338747024536,1.2693053354540527
PCA11,dinov2_b,compound_mild,164,8,0.18914341926574707,0.3639319837093353,0.44692471623420715,1.5043944683740325
PCA11,dinov2_b,compound_mild,165,8,0.09861323982477188,0.36198392510414124,0.5394027233123779,1.3406154838941053
PCA11,dinov2_b,compound_mild,166,8,0.504687488079071,0.11892205476760864,0.3763904571533203,1.393808225569175
PCA11,dinov2_b,compound_mild,167,8,0.23694951832294464,0.4609271287918091,0.30212336778640747,1.5289654942401296
PCA11,dinov2_b,compound_mild,168,8,0.310091108083725,0.3330407738685608,0.35686808824539185,1.5825937618030634
PCA11,dinov2_b,compound_mild,169,8,0.16807207465171814,0.531179666519165,0.3007483184337616,1.4385550984235136
PCA11,dinov2_b,compound_mild,170,8,0.35666170716285706,0.23263104259967804,0.4107072651386261,1.5471906156916524
PCA11,dinov2_b,compound_mild,171,8,0.33383339643478394,0.2466280609369278,0.4195384383201599,1.5522134396806448
PCA11,dinov2_b,compound_mild,172,8,0.3132578134536743,0.3825053572654724,0.30423685908317566,1.5771918549449548
PCA11,dinov2_b,compound_mild,173,8,0.26165980100631714,0.3798193335533142,0.3585209250450134,1.5671376678286415
PCA11,dinov2_b,compound_mild,174,8,0.2809008061885834,0.37534481287002563,0.34375429153442383,1.5747731195959935
PCA11,dinov2_b,compound_mild,175,8,0.3433077335357666,0.38622865080833435,0.2704637348651886,1.5698429521073414
PCA11,dinov2_b,compound_mild,176,8,0.25897109508514404,0.4835730195045471,0.25745582580566406,1.5156449970775059
PCA11,dinov2_b,compound_mild,177,8,0.45457723736763,0.260498046875,0.28492477536201477,1.5386719693531994
PCA11,dinov2_b,compound_mild,178,9,0.23805956542491913,0.267055481672287,0.4948849380016327,1.5038382185120174
PCA11,dinov2_b,compound_mild,179,9,0.17886149883270264,0.30640193819999695,0.514736533164978,1.4601700113668143
PCA11,dinov2_b,compound_mild,180,9,0.3485752046108246,0.2594444453716278,0.39198023080825806,1.5646262626524945
PCA11,dinov2_b,compound_mild,181,9,0.1446680724620819,0.4906321167945862,0.3646997809410095,1.4382431900536168
PCA11,dinov2_b,compound_mild,182,9,0.44093289971351624,0.21686974167823792,0.34219732880592346,1.5285371162653572
PCA11,dinov2_b,compound_mild,183,9,0.2591536343097687,0.31440234184265137,0.42644402384757996,1.5540429093848882
PCA11,dinov2_b,compound_mild,184,9,0.27563709020614624,0.2410275787115097,0.48333531618118286,1.5141896211377537
PCA11,dinov2_b,compound_mild,185,9,0.32593879103660583,0.37865304946899414,0.29540809988975525,1.5773495232607302
PCA11,dinov2_b,compound_mild,186,9,0.06508273631334305,0.44653838872909546,0.4883787930011749,1.2808655626730179
PCA11,dinov2_b,compound_mild,187,9,0.30497631430625916,0.49385157227516174,0.2011721283197403,1.4905732051499367
PCA11,dinov2_b,compound_mild,188,10,0.45228785276412964,0.25999322533607483,0.28771886229515076,1.5401208391893202
PCA11,dinov2_b,compound_mild,189,10,0.14996741712093353,0.4952177405357361,0.3548147976398468,1.442985773616629
PCA11,dinov2_b,compound_mild,190,10,0.4800894856452942,0.3231218159198761,0.1967887431383133,1.4963994643874765
PCA11,dinov2_b,compound_mild,191,10,0.22380070388317108,0.4369208812713623,0.3392784297466278,1.5343624735976618
PCA11,dinov2_b,compound_mild,192,10,0.4355395436286926,0.44120755791664124,0.1232529804110527,1.4153602979980981
PCA11,dinov2_b,compound_mild,193,10,0.38408413529396057,0.1419513076543808,0.47396454215049744,1.4405711544812583
PCA11,dinov2_b,compound_mild,194,10,0.3006158769130707,0.3021148145198822,0.39726924896240234,1.572058830101022
PCA11,dinov2_b,compound_mild,195,10,0.3578166365623474,0.2699037492275238,0.3722795248031616,1.5712160676282978
PCA11,dinov2_b,compound_mild,196,10,0.09393810480833054,0.5297132134437561,0.37634873390197754,1.3367256658786002
PCA11,dinov2_b,compound_mild,197,10,0.045780573040246964,0.4673800468444824,0.4868394136428833,1.222128387821842
PCA11,dinov2_b,compound_mild,198,10,0.03266941010951996,0.5544396638870239,0.4128909409046173,1.1599427840764687
PCA11,dinov2_b,compound_mild,199,10,0.3140474259853363,0.33410489559173584,0.3518476188182831,1.5834118939178827
PCA11,dinov2_b,compound_severe,0,0,0.27927902340888977,0.31035447120666504,0.4103664457798004,1.5651440801174872
PCA11,dinov2_b,compound_severe,1,0,0.2970882058143616,0.38981667160987854,0.3130951225757599,1.574561531769053
PCA11,dinov2_b,compound_severe,2,0,0.16758370399475098,0.37977591156959534,0.452640563249588,1.4799568734533022
PCA11,dinov2_b,compound_severe,3,0,0.5842483639717102,0.1637020856142044,0.2520495653152466,1.3815274297515712
PCA11,dinov2_b,compound_severe,4,0,0.4220148026943207,0.19731833040714264,0.3806667923927307,1.5176768070712285
PCA11,dinov2_b,compound_severe,5,0,0.13841675221920013,0.519908607006073,0.3416746258735657,1.414870856706251
PCA11,dinov2_b,compound_severe,6,0,0.23609402775764465,0.13310401141643524,0.6308019757270813,1.2982507655516875
PCA11,dinov2_b,compound_severe,7,0,0.1169232726097107,0.4363177418708801,0.4467589855194092,1.4034394322732329
PCA11,dinov2_b,compound_severe,8,0,0.7790317535400391,0.05266052111983299,0.16830767691135406,0.9369892673234339
PCA11,dinov2_b,compound_severe,9,0,0.42457103729248047,0.4765806198120117,0.09884829074144363,1.3643193338817348
PCA11,dinov2_b,compound_severe,10,1,0.31972065567970276,0.39146268367767334,0.2888166904449463,1.5731417165102188
PCA11,dinov2_b,compound_severe,11,1,0.41846758127212524,0.40087559819221497,0.18065683543682098,1.5005825271457378
PCA11,dinov2_b,compound_severe,12,1,0.3747999966144562,0.378338485956192,0.2468615174293518,1.5593922358510561
PCA11,dinov2_b,compound_severe,13,1,0.3413376808166504,0.3855797052383423,0.2730824649333954,1.570827079979474
PCA11,dinov2_b,compound_severe,14,1,0.42029237747192383,0.25900787115097046,0.3206997215747833,1.5565526516586425
PCA11,dinov2_b,compound_severe,15,1,0.13160541653633118,0.5223320126533508,0.3460626006126404,1.4042294164451636
PCA11,dinov2_b,compound_severe,16,1,0.25325512886047363,0.146122008562088,0.6006229519844055,1.34897563716159
PCA11,dinov2_b,compound_severe,17,1,0.2690286338329315,0.5892417430877686,0.14172962307929993,1.3587229004505066
PCA11,dinov2_b,compound_severe,18,1,0.41927382349967957,0.4472314715385437,0.1334947645664215,1.4327996975744282
PCA11,dinov2_b,compound_severe,19,1,0.2742879092693329,0.327266126871109,0.39844605326652527,1.5682183140111547
PCA11,dinov2_b,compound_severe,20,1,0.15516376495361328,0.4122643768787384,0.4325718581676483,1.4670972577399395
PCA11,dinov2_b,compound_severe,21,1,0.2610929608345032,0.37766751646995544,0.36123955249786377,1.5670347397089706
PCA11,dinov2_b,compound_severe,22,1,0.3019917905330658,0.31042778491973877,0.38758033514022827,1.5755561144106418
PCA11,dinov2_b,compound_severe,23,1,0.14311033487319946,0.521612286567688,0.33527737855911255,1.4197531286805023
PCA11,dinov2_b,compound_severe,24,1,0.2824970483779907,0.45588573813438416,0.26161712408065796,1.5379136367723447
PCA11,dinov2_b,compound_severe,25,1,0.3090803325176239,0.3709075450897217,0.32001206278800964,1.5803217971390362
PCA11,dinov2_b,compound_severe,26,1,0.2067493498325348,0.4014118015766144,0.3918388783931732,1.5283904289371892
PCA11,dinov2_b,compound_severe,27,1,0.4015269875526428,0.3753661513328552,0.22310693562030792,1.5420577075267718
PCA11,dinov2_b,compound_severe,28,1,0.35525810718536377,0.31198883056640625,0.3327530026435852,1.58293595487466
PCA11,dinov2_b,compound_severe,29,1,0.3797895312309265,0.31824856996536255,0.3019618093967438,1.5777951483663293
PCA11,dinov2_b,compound_severe,30,1,0.2586946189403534,0.2911390960216522,0.4501662850379944,1.5412744230817093
PCA11,dinov2_b,compound_severe,31,1,0.5460904836654663,0.11295825242996216,0.3409512937068939,1.3612835451736678
PCA11,dinov2_b,compound_severe,32,1,0.6231676936149597,0.12648044526576996,0.2503519058227539,1.3026807602906034
PCA11,dinov2_b,compound_severe,33,1,0.5231097936630249,0.40903159976005554,0.06785871088504791,1.2799265724869697
PCA11,dinov2_b,compound_severe,34,2,0.25558292865753174,0.5563856363296509,0.18803152441978455,1.4269722421636146
PCA11,dinov2_b,compound_severe,35,2,0.11827605217695236,0.38718727231025696,0.4945366382598877,1.396657758201102
PCA11,dinov2_b,compound_severe,36,2,0.18183578550815582,0.4666961133480072,0.3514680564403534,1.4904955218535187
PCA11,dinov2_b,compound_severe,37,2,0.23975308239459991,0.3514649569988251,0.4087820053100586,1.551756225310604
PCA11,dinov2_b,compound_severe,38,2,0.3347480893135071,0.2762396037578583,0.3890122175216675,1.5710991415707716
PCA11,dinov2_b,compound_severe,39,2,0.4423537254333496,0.3269650638103485,0.23068125545978546,1.5359841901205231
PCA11,dinov2_b,compound_severe,40,2,0.4386523962020874,0.3613586723804474,0.19998899102210999,1.516521785191924
PCA11,dinov2_b,compound_severe,41,2,0.06324823945760727,0.506403923034668,0.4303478002548218,1.2724989579654458
PCA11,dinov2_b,compound_severe,42,2,0.15761436522006989,0.46872276067733765,0.3736628293991089,1.463202828606602
PCA11,dinov2_b,compound_severe,43,2,0.2040521800518036,0.443540096282959,0.35240769386291504,1.5183633734993558
PCA11,dinov2_b,compound_severe,44,2,0.3220685124397278,0.35223525762557983,0.3256961405277252,1.5837985870810745
PCA11,dinov2_b,compound_severe,45,2,0.23219694197177887,0.4919964373111725,0.2758065462112427,1.505114876213426
PCA11,dinov2_b,compound_severe,46,2,0.4410196840763092,0.24204765260219574,0.31693267822265625,1.541661109897761
PCA11,dinov2_b,compound_severe,47,2,0.5701988339424133,0.18924757838249207,0.24055369198322296,1.411106875796574
PCA11,dinov2_b,compound_severe,48,2,0.4383673369884491,0.0847577452659607,0.4768748879432678,1.3327986680161978
PCA11,dinov2_b,compound_severe,49,2,0.15594081580638885,0.4060014486312866,0.43805772066116333,1.4676904169843106
PCA11,dinov2_b,compound_severe,50,3,0.3568539023399353,0.34306037425994873,0.3000856935977936,1.5811138331677974
PCA11,dinov2_b,compound_severe,51,3,0.2704109847545624,0.19423852860927582,0.5353506207466125,1.4519921730415086
PCA11,dinov2_b,compound_severe,52,3,0.25999143719673157,0.41403070092201233,0.3259779214859009,1.559166296144309
PCA11,dinov2_b,compound_severe,53,3,0.2995348572731018,0.32804614305496216,0.37241899967193604,1.5791577042242797
PCA11,dinov2_b,compound_severe,54,3,0.4031859338283539,0.2979447841644287,0.29886919260025024,1.5695967831893651
PCA11,dinov2_b,compound_severe,55,3,0.22504989802837372,0.36619138717651367,0.40875864028930664,1.5425444773046135
PCA11,dinov2_b,compound_severe,56,3,0.39407628774642944,0.4016101658344269,0.20431357622146606,1.5261067672113557
PCA11,dinov2_b,compound_severe,57,3,0.368329256772995,0.3700695335865021,0.26160115003585815,1.5675488298104023
PCA11,dinov2_b,compound_severe,58,3,0.29192054271698,0.4689767360687256,0.23910270631313324,1.5244485870442688
PCA11,dinov2_b,compound_severe,59,3,0.4275405704975128,0.31498637795448303,0.25747302174568176,1.5530814504155586
PCA11,dinov2_b,compound_severe,60,3,0.38374683260917664,0.2901177406311035,0.3261353671550751,1.5753791557677443
PCA11,dinov2_b,compound_severe,61,3,0.19300462305545807,0.3092673122882843,0.4977281391620636,1.482667106374878
PCA11,dinov2_b,compound_severe,62,3,0.20364418625831604,0.30671676993370056,0.4896390736103058,1.4949314229606319
PCA11,dinov2_b,compound_severe,63,3,0.3908950090408325,0.3343256115913391,0.27477940917015076,1.570273840642054
PCA11,dinov2_b,compound_severe,64,3,0.09114783257246017,0.5103088617324829,0.3985432982444763,1.3392021799306852
PCA11,dinov2_b,compound_severe,65,3,0.045073382556438446,0.4270910918712616,0.5278355479240417,1.2123338578538978
PCA11,dinov2_b,compound_severe,66,3,0.34234845638275146,0.35700440406799316,0.300647109746933,1.581211807280432
PCA11,dinov2_b,compound_severe,67,4,0.5727450847625732,0.26011672616004944,0.16713811457157135,1.3972183804759544
PCA11,dinov2_b,compound_severe,68,4,0.2532193064689636,0.4692170321941376,0.2775636613368988,1.5272413621870893
PCA11,dinov2_b,compound_severe,69,4,0.23296238481998444,0.4167500436306,0.350287526845932,1.5460180333167886
PCA11,dinov2_b,compound_severe,70,4,0.5326120257377625,0.14543773233890533,0.321950227022171,1.4150173984297045
PCA11,dinov2_b,compound_severe,71,4,0.43339303135871887,0.18015910685062408,0.38644787669181824,1.4983257339372253
PCA11,dinov2_b,compound_severe,72,4,0.1990295946598053,0.1859995424747467,0.6149709224700928,1.3462275899214924
PCA11,dinov2_b,compound_severe,73,4,0.14886781573295593,0.575124204158783,0.27600786089897156,1.3806607523837746
PCA11,dinov2_b,compound_severe,74,4,0.32100504636764526,0.31385523080825806,0.36513978242874146,1.5816691922878916
PCA11,dinov2_b,compound_severe,75,4,0.4181375503540039,0.383348286151886,0.19851401448249817,1.5193425439101471
PCA11,dinov2_b,compound_severe,76,4,0.18235930800437927,0.506074070930481,0.311566561460495,1.4691521821305833
PCA11,dinov2_b,compound_severe,77,4,0.44868993759155273,0.2892932593822479,0.2620169222354889,1.5427264161899001
PCA11,dinov2_b,compound_severe,78,4,0.5146527290344238,0.2592148184776306,0.22613239288330078,1.483099764405474
PCA11,dinov2_b,compound_severe,79,4,0.4292387068271637,0.37950652837753296,0.19125470519065857,1.510626742489546
PCA11,dinov2_b,compound_severe,80,4,0.425385057926178,0.254119336605072,0.3204955756664276,1.5529474533831356
PCA11,dinov2_b,compound_severe,81,4,0.44729548692703247,0.382163405418396,0.17054112255573273,1.484706953109725
PCA11,dinov2_b,compound_severe,82,4,0.4035704433917999,0.19941432774066925,0.39701518416404724,1.5213021652593932
PCA11,dinov2_b,compound_severe,83,4,0.5977157354354858,0.21484483778476715,0.18743941187858582,1.3732075947918634
PCA11,dinov2_b,compound_severe,84,4,0.4717918634414673,0.16904418170452118,0.3591640591621399,1.4754236368442273
PCA11,dinov2_b,compound_severe,85,4,0.5497183799743652,0.1255168467760086,0.324764609336853,1.3772812044794054
PCA11,dinov2_b,compound_severe,86,4,0.23135800659656525,0.4098687171936035,0.3587733507156372,1.5465611882648034
PCA11,dinov2_b,compound_severe,87,5,0.19854436814785004,0.3391630947589874,0.46229252219200134,1.5067632245876552
PCA11,dinov2_b,compound_severe,88,5,0.16795815527439117,0.3033616244792938,0.5286802053451538,1.4404857237564264
PCA11,dinov2_b,compound_severe,89,5,0.4239988327026367,0.3401336073875427,0.2358674854040146,1.5455798116670345
PCA11,dinov2_b,compound_severe,90,5,0.27802401781082153,0.36175310611724854,0.36022284626960754,1.5747180510702101
PCA11,dinov2_b,compound_severe,91,5,0.6229809522628784,0.11342404037714005,0.2635950744152069,1.2885611288105825
PCA11,dinov2_b,compound_severe,92,5,0.4497452974319458,0.36842653155326843,0.18182818591594696,1.4963921423892879
PCA11,dinov2_b,compound_severe,93,5,0.383092999458313,0.4136972427368164,0.203209787607193,1.5242434662282225
PCA11,dinov2_b,compound_severe,94,5,0.4434818923473358,0.17337623238563538,0.3831418454647064,1.4888139190096936
PCA11,dinov2_b,compound_severe,95,5,0.394244521856308,0.12337638437747955,0.48237907886505127,1.4092099245304972
PCA11,dinov2_b,compound_severe,96,5,0.3925326466560364,0.2828945517539978,0.3245728611946106,1.5718175341000693
PCA11,dinov2_b,compound_severe,97,5,0.23390081524848938,0.45661261677742004,0.3094865083694458,1.5303399519222678
PCA11,dinov2_b,compound_severe,98,5,0.2669824957847595,0.46700626611709595,0.2660112679004669,1.529849188420436
PCA11,dinov2_b,compound_severe,99,5,0.49752286076545715,0.23817284405231476,0.26430413126945496,1.5014786312467052
PCA11,dinov2_b,compound_severe,100,5,0.4325641393661499,0.17091313004493713,0.3965226113796234,1.4877457279685566
PCA11,dinov2_b,compound_severe,101,5,0.174265056848526,0.3858715891838074,0.4398634433746338,1.4905555454154729
PCA11,dinov2_b,compound_severe,102,5,0.4768906533718109,0.4186968207359314,0.10441242158412933,1.3756866044731786
PCA11,dinov2_b,compound_severe,103,5,0.48611903190612793,0.34647971391677856,0.16740119457244873,1.4673501793767811
PCA11,dinov2_b,compound_severe,104,5,0.6082130670547485,0.3885622024536133,0.003224635496735573,0.9929058966461228
PCA11,dinov2_b,compound_severe,105,5,0.3326214849948883,0.37146830558776855,0.29591017961502075,1.5787769007041144
PCA11,dinov2_b,compound_severe,106,5,0.27160799503326416,0.19550824165344238,0.5328839421272278,1.4550107483211445
PCA11,dinov2_b,compound_severe,107,5,0.29151904582977295,0.33845728635787964,0.37002381682395935,1.5781414868416261
PCA11,dinov2_b,compound_severe,108,5,0.3259373605251312,0.33011960983276367,0.3439430594444275,1.5845797648359135
PCA11,dinov2_b,compound_severe,109,6,0.30788394808769226,0.268283873796463,0.42383211851119995,1.5573979381509748
PCA11,dinov2_b,compound_severe,110,6,0.5063384771347046,0.071420818567276,0.422240674495697,1.294281209503999
PCA11,dinov2_b,compound_severe,111,6,0.3113040030002594,0.33397647738456726,0.35471948981285095,1.5829182338077707
PCA11,dinov2_b,compound_severe,112,6,0.21108099818229675,0.3507697880268097,0.43814924359321594,1.525467394721899
PCA11,dinov2_b,compound_severe,113,6,0.16659095883369446,0.43679243326187134,0.3966165781021118,1.481858044824132
PCA11,dinov2_b,compound_severe,114,6,0.2614527940750122,0.17661860585212708,0.5619286298751831,1.4150511719022014
PCA11,dinov2_b,compound_severe,115,6,0.14433561265468597,0.4259105622768402,0.4297538101673126,1.451133666111521
PCA11,dinov2_b,compound_severe,116,6,0.2333628088235855,0.4109537601470947,0.3556833863258362,1.5475878844513873
PCA11,dinov2_b,compound_severe,117,6,0.31850001215934753,0.4215395152568817,0.2599605321884155,1.5563435992219894
PCA11,dinov2_b,compound_severe,118,6,0.4905130863189697,0.10780800133943558,0.4016789495944977,1.3790696519028123
PCA11,dinov2_b,compound_severe,119,6,0.44416770339012146,0.1582120954990387,0.3976202607154846,1.4699453900717447
PCA11,dinov2_b,compound_severe,120,6,0.44682878255844116,0.3133885860443115,0.2397826611995697,1.5379122994193453
PCA11,dinov2_b,compound_severe,121,6,0.357496440410614,0.13045743107795715,0.5120460391044617,1.4083134873278664
PCA11,dinov2_b,compound_severe,122,6,0.14412914216518402,0.4789556562900543,0.37691518664360046,1.442025604086266
PCA11,dinov2_b,compound_severe,123,6,0.3283024728298187,0.3925161361694336,0.2791813910007477,1.5710197127765686
PCA11,dinov2_b,compound_severe,124,6,0.19089363515377045,0.40403103828430176,0.405075341463089,1.512442526265187
PCA11,dinov2_b,compound_severe,125,6,0.12145280092954636,0.5301221013069153,0.3484251797199249,1.3847665233975133
PCA11,dinov2_b,compound_severe,126,7,0.4755188822746277,0.25372570753097534,0.27075546979904175,1.5223522231978692
PCA11,dinov2_b,compound_severe,127,7,0.47145694494247437,0.2458677589893341,0.28267529606819153,1.5243405312939533
PCA11,dinov2_b,compound_severe,128,7,0.3390668034553528,0.36212441325187683,0.298808753490448,1.580474064109239
PCA11,dinov2_b,compound_severe,129,7,0.3781431019306183,0.24172714352607727,0.38012975454330444,1.5561697826642324
PCA11,dinov2_b,compound_severe,130,7,0.08999069780111313,0.3274235725402832,0.5825857520103455,1.294139887545342
PCA11,dinov2_b,compound_severe,131,7,0.22202961146831512,0.266182005405426,0.5117883086204529,1.4849263601819978
PCA11,dinov2_b,compound_severe,132,7,0.4251370131969452,0.144727885723114,0.4301351308822632,1.4517390745723253
PCA11,dinov2_b,compound_severe,133,7,0.4895387887954712,0.21393054723739624,0.29653069376945496,1.5004614381472743
PCA11,dinov2_b,compound_severe,134,7,0.18862062692642212,0.37691009044647217,0.4344693124294281,1.5070084337398721
PCA11,dinov2_b,compound_severe,135,7,0.25080329179763794,0.3395140469074249,0.4096827805042267,1.5569979392388662
PCA11,dinov2_b,compound_severe,136,7,0.10475980490446091,0.23243257403373718,0.6628076434135437,1.223543059261195
PCA11,dinov2_b,compound_severe,137,7,0.42036277055740356,0.513325572013855,0.06631171703338623,1.2790069628660217
PCA11,dinov2_b,compound_severe,138,7,0.32437852025032043,0.14852049946784973,0.5271009206771851,1.4224527476073234
PCA11,dinov2_b,compound_severe,139,7,0.4298449158668518,0.21590295433998108,0.3542520999908447,1.5314474422956297
PCA11,dinov2_b,compound_severe,140,7,0.15213529765605927,0.4002162218093872,0.4476484954357147,1.461107785844401
PCA11,dinov2_b,compound_severe,141,7,0.12915490567684174,0.45678627490997314,0.4140588045120239,1.424448207002598
PCA11,dinov2_b,compound_severe,142,7,0.24111516773700714,0.35910549759864807,0.39977940917015076,1.5542013825774896
PCA11,dinov2_b,compound_severe,143,7,0.16013556718826294,0.2813336253166199,0.5585306882858276,1.4072493257297616
PCA11,dinov2_b,compound_severe,144,7,0.14179934561252594,0.40581050515174866,0.4523901343345642,1.4453078920642466
PCA11,dinov2_b,compound_severe,145,7,0.16652412712574005,0.4781225621700287,0.3553532660007477,1.4700750376614702
PCA11,dinov2_b,compound_severe,146,7,0.29240208864212036,0.14763787388801575,0.5599600076675415,1.3946394266830682
PCA11,dinov2_b,compound_severe,147,7,0.29158705472946167,0.4928688406944275,0.21554411947727203,1.498728211394869
PCA11,dinov2_b,compound_severe,148,7,0.43108072876930237,0.42312026023864746,0.14579884707927704,1.4533739595717643
PCA11,dinov2_b,compound_severe,149,7,0.1810259371995926,0.4248332381248474,0.39414089918136597,1.500460404625461
PCA11,dinov2_b,compound_severe,150,7,0.2533857822418213,0.3108208179473877,0.43579337000846863,1.548053853229815
PCA11,dinov2_b,compound_severe,151,8,0.192839115858078,0.4422867000102997,0.3648741543292999,1.5091700937812536
PCA11,dinov2_b,compound_severe,152,8,0.202110156416893,0.3226396143436432,0.47525036334991455,1.5028321050955413
PCA11,dinov2_b,compound_severe,153,8,0.3975291848182678,0.3163376450538635,0.2861332297325134,1.5708649465092548
PCA11,dinov2_b,compound_severe,154,8,0.26819461584091187,0.45480260252952576,0.27700281143188477,1.5391924095350211
PCA11,dinov2_b,compound_severe,155,8,0.33127570152282715,0.332658588886261,0.3360656797885895,1.584936221504289
PCA11,dinov2_b,compound_severe,156,8,0.3310137987136841,0.3808686435222626,0.28811752796173096,1.575638961178198
PCA11,dinov2_b,compound_severe,157,8,0.3759915232658386,0.3305582106113434,0.2934502959251404,1.5775774420285322
PCA11,dinov2_b,compound_severe,158,8,0.261770099401474,0.3336092233657837,0.40462058782577515,1.5627007353130327
PCA11,dinov2_b,compound_severe,159,8,0.2653675675392151,0.3383427858352661,0.39628973603248596,1.5660704317873173
PCA11,dinov2_b,compound_severe,160,8,0.38050052523612976,0.2936721444129944,0.32582736015319824,1.5766897532368187
PCA11,dinov2_b,compound_severe,161,8,0.20255419611930847,0.26924335956573486,0.5282025933265686,1.4626786034535302
PCA11,dinov2_b,compound_severe,162,8,0.09768377244472504,0.4289807081222534,0.4733353853225708,1.3623528819070283
PCA11,dinov2_b,compound_severe,163,8,0.29828450083732605,0.3240411877632141,0.377674400806427,1.5779393753301314
PCA11,dinov2_b,compound_severe,164,8,0.4100080132484436,0.33531033992767334,0.2546815276145935,1.5585233234885294
PCA11,dinov2_b,compound_severe,165,8,0.1695803701877594,0.5302212238311768,0.3001983165740967,1.440596064030999
PCA11,dinov2_b,compound_severe,166,8,0.3427695631980896,0.2611502707004547,0.3960801362991333,1.5645498169472676
PCA11,dinov2_b,compound_severe,167,8,0.25337880849838257,0.4523562490940094,0.2942647635936737,1.5388801833335086
PCA11,dinov2_b,compound_severe,168,8,0.37542206048965454,0.3295968770980835,0.2949809730052948,1.577937805215183
PCA11,dinov2_b,compound_severe,169,8,0.24096673727035522,0.39998891949653625,0.35904431343078613,1.5540835056766542
PCA11,dinov2_b,compound_severe,170,8,0.2604701817035675,0.38099831342697144,0.35853156447410583,1.5664924445815411
PCA11,dinov2_b,compound_severe,171,8,0.3331238627433777,0.40136244893074036,0.26551374793052673,1.5648596641568309
PCA11,dinov2_b,compound_severe,172,8,0.3160501718521118,0.4131350815296173,0.2708146870136261,1.5624646388131427
PCA11,dinov2_b,compound_severe,173,8,0.40698179602622986,0.3863179087638855,0.20670033991336823,1.5280393759267337
PCA11,dinov2_b,compound_severe,174,8,0.3857796788215637,0.21818159520626068,0.39603862166404724,1.5385545374730483
PCA11,dinov2_b,compound_severe,175,8,0.31604671478271484,0.2538861632347107,0.4300670027732849,1.5508750235473534
PCA11,dinov2_b,compound_severe,176,8,0.2622302770614624,0.39174914360046387,0.34602051973342896,1.5658171349991374
PCA11,dinov2_b,compound_severe,177,8,0.5156258940696716,0.2585499882698059,0.2258240282535553,1.4820732483518797
PCA11,dinov2_b,compound_severe,178,9,0.23925596475601196,0.47704583406448364,0.2836981415748596,1.5187056192082538
PCA11,dinov2_b,compound_severe,179,9,0.12328822165727615,0.57075035572052,0.3059613108634949,1.3568522567969716
PCA11,dinov2_b,compound_severe,180,9,0.35602620244026184,0.3209977447986603,0.3229760229587555,1.5833045316761512
PCA11,dinov2_b,compound_severe,181,9,0.5940008759498596,0.2572351098060608,0.148763969540596,1.3591899700607868
PCA11,dinov2_b,compound_severe,182,9,0.29466918110847473,0.3747827410697937,0.33054813742637634,1.5780049658175939
PCA11,dinov2_b,compound_severe,183,9,0.16472451388835907,0.5241455435752869,0.31112995743751526,1.4411458987576267
PCA11,dinov2_b,compound_severe,184,9,0.4244719445705414,0.2533663809299469,0.32216161489486694,1.5530590749256379
PCA11,dinov2_b,compound_severe,185,9,0.15079791843891144,0.3104759156703949,0.5387260317802429,1.4162324231895558
PCA11,dinov2_b,compound_severe,186,9,0.37422993779182434,0.3778427541255951,0.24792729318141937,1.5600365931191678
PCA11,dinov2_b,compound_severe,187,9,0.14552339911460876,0.4631495773792267,0.3913271427154541,1.448639956155577
PCA11,dinov2_b,compound_severe,188,10,0.3391300141811371,0.31198593974113464,0.34888407588005066,1.5833669040464615
PCA11,dinov2_b,compound_severe,189,10,0.40814483165740967,0.3898937404155731,0.2019614726305008,1.5235711377367
PCA11,dinov2_b,compound_severe,190,10,0.3848220407962799,0.34282878041267395,0.27234917879104614,1.5707170908989094
PCA11,dinov2_b,compound_severe,191,10,0.5106900930404663,0.25827690958976746,0.23103299736976624,1.4878853719387501
PCA11,dinov2_b,compound_severe,192,10,0.3447323143482208,0.3529093265533447,0.30235835909843445,1.5817271668288853
PCA11,dinov2_b,compound_severe,193,10,0.3049458861351013,0.48892539739608765,0.20612864196300507,1.4968510385268918
PCA11,dinov2_b,compound_severe,194,10,0.3219047784805298,0.28036537766456604,0.3977297842502594,1.5698089854039914
PCA11,dinov2_b,compound_severe,195,10,0.07776724547147751,0.4098636507987976,0.5123690366744995,1.3082598301510726
PCA11,dinov2_b,compound_severe,196,10,0.3304348886013031,0.37127354741096497,0.2982915937900543,1.5791854814485546
PCA11,dinov2_b,compound_severe,197,10,0.301448255777359,0.6176789402961731,0.08087272942066193,1.2442641666809695
PCA11,dinov2_b,compound_severe,198,10,0.42343831062316895,0.32508522272109985,0.2514764368534088,1.5527842735128643
PCA11,dinov2_b,compound_severe,199,10,0.43284857273101807,0.40501272678375244,0.16213878989219666,1.476595737627679
PCA11,dinov2_b,compound_optical_severe,0,0,0.24473902583122253,0.3753494322299957,0.37991151213645935,1.5580737922711698
PCA11,dinov2_b,compound_optical_severe,1,0,0.35142672061920166,0.43673771619796753,0.2118356078863144,1.5264671597594681
PCA11,dinov2_b,compound_optical_severe,2,0,0.21428050100803375,0.36635076999664307,0.4193687438964844,1.5327224041181329
PCA11,dinov2_b,compound_optical_severe,3,0,0.3431282937526703,0.35399219393730164,0.30287954211235046,1.5817807244140434
PCA11,dinov2_b,compound_optical_severe,4,0,0.318663626909256,0.25625669956207275,0.42507967352867126,1.553767122646108
PCA11,dinov2_b,compound_optical_severe,5,0,0.34359028935432434,0.33435723185539246,0.3220525085926056,1.584456315973393
PCA11,dinov2_b,compound_optical_severe,6,0,0.21928644180297852,0.0925099328160286,0.6882035732269287,1.1687500274347349
PCA11,dinov2_b,compound_optical_severe,7,0,0.24287891387939453,0.3925761282444,0.3645450174808502,1.5561674125187681
PCA11,dinov2_b,compound_optical_severe,8,0,0.7206173539161682,0.11255539208650589,0.1668272316455841,1.126337387178548
PCA11,dinov2_b,compound_optical_severe,9,0,0.37963545322418213,0.39325982332229614,0.22710467875003815,1.5456519393986201
PCA11,dinov2_b,compound_optical_severe,10,1,0.2753520607948303,0.31925874948501587,0.4053891897201538,1.5662858917146183
PCA11,dinov2_b,compound_optical_severe,11,1,0.32172927260398865,0.3023751378059387,0.37589558959007263,1.5787629477305147
PCA11,dinov2_b,compound_optical_severe,12,1,0.46149054169654846,0.13793782889842987,0.4005715250968933,1.437766833762813
PCA11,dinov2_b,compound_optical_severe,13,1,0.15081378817558289,0.46054479479789734,0.3886413276195526,1.456662249755911
PCA11,dinov2_b,compound_optical_severe,14,1,0.3458409607410431,0.40141555666923523,0.2527434229850769,1.559869843088579
PCA11,dinov2_b,compound_optical_severe,15,1,0.35925132036209106,0.34029558300971985,0.3004530966281891,1.581020396348317
PCA11,dinov2_b,compound_optical_severe,16,1,0.4059091806411743,0.20395413041114807,0.39013659954071045,1.5255866528234696
PCA11,dinov2_b,compound_optical_severe,17,1,0.5338349342346191,0.3584064543247223,0.10775857418775558,1.3603158102103343
PCA11,dinov2_b,compound_optical_severe,18,1,0.33241888880729675,0.39456701278686523,0.2730141878128052,1.5689053204311059
PCA11,dinov2_b,compound_optical_severe,19,1,0.26731985807418823,0.35502415895462036,0.3776559829711914,1.5697682417445207
PCA11,dinov2_b,compound_optical_severe,20,1,0.28216034173965454,0.33073869347572327,0.38710102438926697,1.5730218832230014
PCA11,dinov2_b,compound_optical_severe,21,1,0.43862879276275635,0.15044496953487396,0.4109262526035309,1.4598560167326822
PCA11,dinov2_b,compound_optical_severe,22,1,0.18363109230995178,0.32881873846054077,0.48755013942718506,1.4819198847597317
PCA11,dinov2_b,compound_optical_severe,23,1,0.35410866141319275,0.31435057520866394,0.331540584564209,1.5832452815738336
PCA11,dinov2_b,compound_optical_severe,24,1,0.31004610657691956,0.5335310697555542,0.15642283856868744,1.4260370460895615
PCA11,dinov2_b,compound_optical_severe,25,1,0.365770548582077,0.37593984603881836,0.2582896053791046,1.5657641958845585
PCA11,dinov2_b,compound_optical_severe,26,1,0.4482254385948181,0.34954527020454407,0.20222923159599304,1.5153074672276792
PCA11,dinov2_b,compound_optical_severe,27,1,0.45341476798057556,0.1857275515794754,0.36085766553878784,1.4991146274741591
PCA11,dinov2_b,compound_optical_severe,28,1,0.29321596026420593,0.4236232042312622,0.283160924911499,1.5593525232856829
PCA11,dinov2_b,compound_optical_severe,29,1,0.2656443417072296,0.41398751735687256,0.3203681409358978,1.5608677205038721
PCA11,dinov2_b,compound_optical_severe,30,1,0.5396130681037903,0.09129486978054047,0.36909210681915283,1.3262627345755167
PCA11,dinov2_b,compound_optical_severe,31,1,0.47152605652809143,0.24648994207382202,0.28198400139808655,1.52441238830469
PCA11,dinov2_b,compound_optical_severe,32,1,0.4206501543521881,0.19669543206691742,0.3826543986797333,1.517277221737606
PCA11,dinov2_b,compound_optical_severe,33,1,0.2667038142681122,0.3764997124671936,0.3567964732646942,1.5696091991633185
PCA11,dinov2_b,compound_optical_severe,34,2,0.18530161678791046,0.4325631260871887,0.382135272026062,1.5039840311153116
PCA11,dinov2_b,compound_optical_severe,35,2,0.2625071704387665,0.4275323152542114,0.3099604845046997,1.5544206628707173
PCA11,dinov2_b,compound_optical_severe,36,2,0.27524277567863464,0.38286763429641724,0.34188953042030334,1.571972532851364
PCA11,dinov2_b,compound_optical_severe,37,2,0.25126680731773376,0.4266030788421631,0.3221301734447479,1.5514632192411744
PCA11,dinov2_b,compound_optical_severe,38,2,0.3194069266319275,0.3598812222480774,0.3207118511199951,1.5827014094806247
PCA11,dinov2_b,compound_optical_severe,39,2,0.2984980642795563,0.5061360001564026,0.19536590576171875,1.478104907342858
PCA11,dinov2_b,compound_optical_severe,40,2,0.256940096616745,0.49560731649398804,0.2474525421857834,1.504208246705859
PCA11,dinov2_b,compound_optical_severe,41,2,0.6765095591545105,0.03557804599404335,0.28791242837905884,1.0698371256934496
PCA11,dinov2_b,compound_optical_severe,42,2,0.30842557549476624,0.41584882140159607,0.2757255733013153,1.562299820463942
PCA11,dinov2_b,compound_optical_severe,43,2,0.22191257774829865,0.30511781573295593,0.4729697108268738,1.5154056951833776
PCA11,dinov2_b,compound_optical_severe,44,2,0.21989871561527252,0.4136430025100708,0.3664582371711731,1.5380238333229397
PCA11,dinov2_b,compound_optical_severe,45,2,0.3234996497631073,0.4091387987136841,0.2673615515232086,1.563053976211283
PCA11,dinov2_b,compound_optical_severe,46,2,0.2674907445907593,0.2816789150238037,0.4508304297924042,1.5419180109998525
PCA11,dinov2_b,compound_optical_severe,47,2,0.3352205455303192,0.47666850686073303,0.18811097741127014,1.4915246881056452
PCA11,dinov2_b,compound_optical_severe,48,2,0.2831321656703949,0.2572135329246521,0.45965415239334106,1.5347467358889042
PCA11,dinov2_b,compound_optical_severe,49,2,0.24245549738407135,0.18568667769432068,0.5718578100204468,1.4077458927662942
PCA11,dinov2_b,compound_optical_severe,50,3,0.20561707019805908,0.354542076587677,0.4398408830165863,1.5207841981631143
PCA11,dinov2_b,compound_optical_severe,51,3,0.2546125054359436,0.4486927092075348,0.29669490456581116,1.5413789391308534
PCA11,dinov2_b,compound_optical_severe,52,3,0.257079541683197,0.4015362858772278,0.3413841128349304,1.561710706716328
PCA11,dinov2_b,compound_optical_severe,53,3,0.43835195899009705,0.2422637790441513,0.31938430666923523,1.542991329207375
PCA11,dinov2_b,compound_optical_severe,54,3,0.3552185595035553,0.27140966057777405,0.37337177991867065,1.5717441879565262
PCA11,dinov2_b,compound_optical_severe,55,3,0.18374744057655334,0.44957107305526733,0.3666815161705017,1.4983770277685577
PCA11,dinov2_b,compound_optical_severe,56,3,0.22234806418418884,0.5169006586074829,0.2607514262199402,1.480070635790029
PCA11,dinov2_b,compound_optical_severe,57,3,0.3394402861595154,0.40980371832847595,0.25075605511665344,1.556944478510165
PCA11,dinov2_b,compound_optical_severe,58,3,0.3579232394695282,0.24031929671764374,0.40175753831863403,1.5534260432245766
PCA11,dinov2_b,compound_optical_severe,59,3,0.3754577338695526,0.28299832344055176,0.341543972492218,1.575348266576349
PCA11,dinov2_b,compound_optical_severe,60,3,0.2674376368522644,0.3756445348262787,0.3569177985191345,1.5699807362110292
PCA11,dinov2_b,compound_optical_severe,61,3,0.41791313886642456,0.3012545704841614,0.2808321714401245,1.562039089947759
PCA11,dinov2_b,compound_optical_severe,62,3,0.3233656883239746,0.37873831391334534,0.2978960871696472,1.5776543347377092
PCA11,dinov2_b,compound_optical_severe,63,3,0.3373638987541199,0.32782867550849915,0.33480727672576904,1.584856854023472
PCA11,dinov2_b,compound_optical_severe,64,3,0.393633097410202,0.3218367397785187,0.28452998399734497,1.5718142558200001
PCA11,dinov2_b,compound_optical_severe,65,3,0.4230307638645172,0.200289785861969,0.376679390668869,1.5202785017870775
PCA11,dinov2_b,compound_optical_severe,66,3,0.28279778361320496,0.3797559142112732,0.33744633197784424,1.5746357561008177
PCA11,dinov2_b,compound_optical_severe,67,4,0.45500892400741577,0.24080955982208252,0.3041815459728241,1.5338149679898372
PCA11,dinov2_b,compound_optical_severe,68,4,0.08902917057275772,0.6135156154632568,0.2974552512168884,1.2634224697171152
PCA11,dinov2_b,compound_optical_severe,69,4,0.12676705420017242,0.4811444580554962,0.3920884430408478,1.4151747287064784
PCA11,dinov2_b,compound_optical_severe,70,4,0.4125688076019287,0.29707616567611694,0.2903550863265991,1.565205393779192
PCA11,dinov2_b,compound_optical_severe,71,4,0.3678570091724396,0.3064754605293274,0.3256674110889435,1.5807350331426602
PCA11,dinov2_b,compound_optical_severe,72,4,0.37512317299842834,0.35398632287979126,0.27089041471481323,1.571406949105892
PCA11,dinov2_b,compound_optical_severe,73,4,0.39233651757240295,0.3649384677410126,0.24272501468658447,1.556102381576433
PCA11,dinov2_b,compound_optical_severe,74,4,0.39613041281700134,0.25406333804130554,0.3498063087463379,1.5615152040869944
PCA11,dinov2_b,compound_optical_severe,75,4,0.26975980401039124,0.35814201831817627,0.37209826707839966,1.5711675277391448
PCA11,dinov2_b,compound_optical_severe,76,4,0.47095316648483276,0.26087284088134766,0.2681739330291748,1.5265382976844162
PCA11,dinov2_b,compound_optical_severe,77,4,0.4423380494117737,0.2757014334201813,0.28196051716804504,1.5479962601200592
PCA11,dinov2_b,compound_optical_severe,78,4,0.4032531678676605,0.2303970605134964,0.3663497567176819,1.547028808967393
PCA11,dinov2_b,compound_optical_severe,79,4,0.2812846899032593,0.45630472898483276,0.2624105215072632,1.5377064802523037
PCA11,dinov2_b,compound_optical_severe,80,4,0.36583811044692993,0.4092773497104645,0.2248845249414444,1.5423452192885745
PCA11,dinov2_b,compound_optical_severe,81,4,0.4122847020626068,0.32210543751716614,0.26560986042022705,1.5614763538111815
PCA11,dinov2_b,compound_optical_severe,82,4,0.324455201625824,0.34794461727142334,0.32760030031204224,1.5842634607494597
PCA11,dinov2_b,compound_optical_severe,83,4,0.3419835567474365,0.3160746693611145,0.34194180369377136,1.5839869442069348
PCA11,dinov2_b,compound_optical_severe,84,4,0.22804100811481476,0.2921804189682007,0.479778528213501,1.5133223802754334
PCA11,dinov2_b,compound_optical_severe,85,4,0.3736911118030548,0.4395731985569,0.18673579394817352,1.5040029111878819
PCA11,dinov2_b,compound_optical_severe,86,4,0.2528873085975647,0.30249258875846863,0.4446200430393219,1.5433121503221972
PCA11,dinov2_b,compound_optical_severe,87,5,0.4545077979564667,0.2895781993865967,0.25591403245925903,1.5380129410662349
PCA11,dinov2_b,compound_optical_severe,88,5,0.27208858728408813,0.30114638805389404,0.42676496505737305,1.556640814643016
PCA11,dinov2_b,compound_optical_severe,89,5,0.32337528467178345,0.3375638425350189,0.33906081318855286,1.5846365852242554
PCA11,dinov2_b,compound_optical_severe,90,5,0.5500963926315308,0.13741730153560638,0.3124864101409912,1.392187213536965
PCA11,dinov2_b,compound_optical_severe,91,5,0.24010483920574188,0.3084292411804199,0.45146581530570984,1.535571804169035
PCA11,dinov2_b,compound_optical_severe,92,5,0.241922989487648,0.33620914816856384,0.421867698431015,1.549303761493269
PCA11,dinov2_b,compound_optical_severe,93,5,0.27986714243888855,0.36225515604019165,0.357877641916275,1.5753833882109847
PCA11,dinov2_b,compound_optical_severe,94,5,0.30676522850990295,0.3012019395828247,0.39203304052352905,1.5740292830078495
PCA11,dinov2_b,compound_optical_severe,95,5,0.42311349511146545,0.23570981621742249,0.3411766588687897,1.5457743284632746
PCA11,dinov2_b,compound_optical_severe,96,5,0.3921825885772705,0.24416564404964447,0.3636518716812134,1.5569565379765562
PCA11,dinov2_b,compound_optical_severe,97,5,0.25343576073646545,0.3350428640842438,0.41152137517929077,1.557581311103234
PCA11,dinov2_b,compound_optical_severe,98,5,0.20782725512981415,0.5215744376182556,0.27059829235076904,1.4711240974680253
PCA11,dinov2_b,compound_optical_severe,99,5,0.4302835166454315,0.2617206871509552,0.3079957962036133,1.5529322605369287
PCA11,dinov2_b,compound_optical_severe,100,5,0.16181710362434387,0.3954942524433136,0.44268864393234253,1.4749040149299035
PCA11,dinov2_b,compound_optical_severe,101,5,0.19932597875595093,0.3698459267616272,0.43082815408706665,1.5178983754092974
PCA11,dinov2_b,compound_optical_severe,102,5,0.2516094446182251,0.3910479247570038,0.3573426306247711,1.5611142716395352
PCA11,dinov2_b,compound_optical_severe,103,5,0.2781561315059662,0.3980608284473419,0.3237830102443695,1.56924692855076
PCA11,dinov2_b,compound_optical_severe,104,5,0.19143444299697876,0.4760447144508362,0.33252081274986267,1.4945532650226983
PCA11,dinov2_b,compound_optical_severe,105,5,0.34428444504737854,0.3458063304424286,0.30990928411483765,1.583157006704269
PCA11,dinov2_b,compound_optical_severe,106,5,0.20016440749168396,0.12159794569015503,0.6782374978065491,1.2140708862468155
PCA11,dinov2_b,compound_optical_severe,107,5,0.25687268376350403,0.37812694907188416,0.3650003969669342,1.5649504930222924
PCA11,dinov2_b,compound_optical_severe,108,5,0.3319450318813324,0.3620229661464691,0.30603209137916565,1.5815672025218794
PCA11,dinov2_b,compound_optical_severe,109,6,0.13041293621063232,0.3411893844604492,0.5283976793289185,1.3988553491552755
PCA11,dinov2_b,compound_optical_severe,110,6,0.33720314502716064,0.2965850830078125,0.36621180176734924,1.5796281004036836
PCA11,dinov2_b,compound_optical_severe,111,6,0.41497811675071716,0.3309081196784973,0.2541138529777527,1.5567698987855425
PCA11,dinov2_b,compound_optical_severe,112,6,0.30825477838516235,0.28221920132637024,0.4095260202884674,1.5658965361792705
PCA11,dinov2_b,compound_optical_severe,113,6,0.2573656439781189,0.4002535045146942,0.3423808813095093,1.562122830444347
PCA11,dinov2_b,compound_optical_severe,114,6,0.4269467890262604,0.222454234957695,0.3505989909172058,1.5367529626377874
PCA11,dinov2_b,compound_optical_severe,115,6,0.34309500455856323,0.3503824770450592,0.3065224289894104,1.5825406653144856
PCA11,dinov2_b,compound_optical_severe,116,6,0.20664022862911224,0.3946426212787628,0.39871716499328613,1.5283560582620823
PCA11,dinov2_b,compound_optical_severe,117,6,0.3159615993499756,0.23865734040737152,0.4453810751438141,1.5381961627048053
PCA11,dinov2_b,compound_optical_severe,118,6,0.3268491327762604,0.28193607926368713,0.3912147283554077,1.571971920565844
PCA11,dinov2_b,compound_optical_severe,119,6,0.37533047795295715,0.26307904720306396,0.3615904748439789,1.5680933867126372
PCA11,dinov2_b,compound_optical_severe,120,6,0.46444371342658997,0.24680957198143005,0.28874671459198,1.5295340785031875
PCA11,dinov2_b,compound_optical_severe,121,6,0.26580989360809326,0.30465778708457947,0.4295322299003601,1.554182147697809
PCA11,dinov2_b,compound_optical_severe,122,6,0.2891285717487335,0.37336695194244385,0.33750438690185547,1.577158707218843
PCA11,dinov2_b,compound_optical_severe,123,6,0.3137015402317047,0.3022357225418091,0.384062796831131,1.5766442176326243
PCA11,dinov2_b,compound_optical_severe,124,6,0.45382341742515564,0.28465330600738525,0.2615233361721039,1.5393085846804162
PCA11,dinov2_b,compound_optical_severe,125,6,0.29989930987358093,0.23307690024375916,0.4670237600803375,1.5237769549217544
PCA11,dinov2_b,compound_optical_severe,126,7,0.11602135002613068,0.4664260447025299,0.4175526797771454,1.3998436578709064
PCA11,dinov2_b,compound_optical_severe,127,7,0.4660133123397827,0.22039243578910828,0.3135942220687866,1.518856440977067
PCA11,dinov2_b,compound_optical_severe,128,7,0.20989835262298584,0.4290628135204315,0.36103886365890503,1.5271602103123862
PCA11,dinov2_b,compound_optical_severe,129,7,0.35501012206077576,0.29608190059661865,0.3489079475402832,1.5803285222529884
PCA11,dinov2_b,compound_optical_severe,130,7,0.4414701461791992,0.18912433087825775,0.36940547823905945,1.5058856803210063
PCA11,dinov2_b,compound_optical_severe,131,7,0.4047408103942871,0.2533477246761322,0.3419114649295807,1.5593751739375816
PCA11,dinov2_b,compound_optical_severe,132,7,0.343580961227417,0.33461669087409973,0.3218023478984833,1.584442864798218
PCA11,dinov2_b,compound_optical_severe,133,7,0.2187608778476715,0.47801658511161804,0.3032224774360657,1.5106866385437936
PCA11,dinov2_b,compound_optical_severe,134,7,0.38659125566482544,0.5126795172691345,0.10072910785675049,1.3577786223964234
PCA11,dinov2_b,compound_optical_severe,135,7,0.4477839469909668,0.23622219264507294,0.31599390506744385,1.53599295544427
PCA11,dinov2_b,compound_optical_severe,136,7,0.21652542054653168,0.45934346318244934,0.32413116097450256,1.520329451420904
PCA11,dinov2_b,compound_optical_severe,137,7,0.4621158242225647,0.26178500056266785,0.2760991156101227,1.533464227655068
PCA11,dinov2_b,compound_optical_severe,138,7,0.38619711995124817,0.26373544335365295,0.35006749629974365,1.567316186658136
PCA11,dinov2_b,compound_optical_severe,139,7,0.3536088168621063,0.33227699995040894,0.3141140937805176,1.5832727899823298
PCA11,dinov2_b,compound_optical_severe,140,7,0.3242499828338623,0.3433193862438202,0.3324306905269623,1.5845668647166056
PCA11,dinov2_b,compound_optical_severe,141,7,0.4092094600200653,0.3075527250766754,0.2832377851009369,1.5661519621949838
PCA11,dinov2_b,compound_optical_severe,142,7,0.331129789352417,0.30087777972221375,0.36799246072769165,1.580080758408759
PCA11,dinov2_b,compound_optical_severe,143,7,0.41719338297843933,0.23462486267089844,0.3481816351413727,1.546867160163202
PCA11,dinov2_b,compound_optical_severe,144,7,0.3615058362483978,0.36846137046813965,0.2700328230857849,1.5714310958451896
PCA11,dinov2_b,compound_optical_severe,145,7,0.3328244090080261,0.3717098832130432,0.29546576738357544,1.5786627378508122
PCA11,dinov2_b,compound_optical_severe,146,7,0.12620635330677032,0.4057677984237671,0.4680258631706238,1.4175326341636736
PCA11,dinov2_b,compound_optical_severe,147,7,0.40931206941604614,0.39637234807014465,0.19431565701961517,1.515947094333213
PCA11,dinov2_b,compound_optical_severe,148,7,0.6066800951957703,0.2684648931026459,0.12485504150390625,1.3215158637373652
PCA11,dinov2_b,compound_optical_severe,149,7,0.3815452754497528,0.3109397292137146,0.3075149655342102,1.577567135469451
PCA11,dinov2_b,compound_optical_severe,150,7,0.23888695240020752,0.24301759898662567,0.5180954337120056,1.4809340054177045
PCA11,dinov2_b,compound_optical_severe,151,8,0.17043720185756683,0.38410574197769165,0.4454571008682251,1.4849907512418634
PCA11,dinov2_b,compound_optical_severe,152,8,0.2476646453142166,0.4151661992073059,0.33716925978660583,1.554047546233092
PCA11,dinov2_b,compound_optical_severe,153,8,0.38401302695274353,0.29320228099823,0.32278478145599365,1.5757888381774388
PCA11,dinov2_b,compound_optical_severe,154,8,0.34718358516693115,0.38371214270591736,0.2691042125225067,1.5697546403161353
PCA11,dinov2_b,compound_optical_severe,155,8,0.43706509470939636,0.2910095453262329,0.27192527055740356,1.5510092612397792
PCA11,dinov2_b,compound_optical_severe,156,8,0.3389190435409546,0.38776642084121704,0.27331456542015076,1.5704958292063318
PCA11,dinov2_b,compound_optical_severe,157,8,0.36529749631881714,0.35867559909820557,0.2760269343852997,1.5739099554037692
PCA11,dinov2_b,compound_optical_severe,158,8,0.14966009557247162,0.31440651416778564,0.5359333753585815,1.4172149425645282
PCA11,dinov2_b,compound_optical_severe,159,8,0.44946885108947754,0.25201162695884705,0.2985195815563202,1.540313535486146
PCA11,dinov2_b,compound_optical_severe,160,8,0.45867547392845154,0.2640858590602875,0.2772385776042938,1.536160893919256
PCA11,dinov2_b,compound_optical_severe,161,8,0.3951481282711029,0.316539466381073,0.28831249475479126,1.571942901119718
PCA11,dinov2_b,compound_optical_severe,162,8,0.36533892154693604,0.30778491497039795,0.3268761932849884,1.5812726016314054
PCA11,dinov2_b,compound_optical_severe,163,8,0.4166610836982727,0.26732513308525085,0.31601375341415405,1.5602701197177278
PCA11,dinov2_b,compound_optical_severe,164,8,0.37772858142852783,0.3064038157463074,0.3158676028251648,1.5785895726304977
PCA11,dinov2_b,compound_optical_severe,165,8,0.33274319767951965,0.43956321477890015,0.22769348323345184,1.5355834778732604
PCA11,dinov2_b,compound_optical_severe,166,8,0.49044010043144226,0.10913144052028656,0.40042850375175476,1.3815875289069965
PCA11,dinov2_b,compound_optical_severe,167,8,0.41877326369285583,0.21431148052215576,0.3669152855873108,1.532861246760902
PCA11,dinov2_b,compound_optical_severe,168,8,0.18712759017944336,0.32410281896591187,0.48876962065696716,1.4840667110221224
PCA11,dinov2_b,compound_optical_severe,169,8,0.2656539976596832,0.45850425958633423,0.27584177255630493,1.5363834168611192
PCA11,dinov2_b,compound_optical_severe,170,8,0.13508068025112152,0.35629990696907043,0.5086193680763245,1.416677222935169
PCA11,dinov2_b,compound_optical_severe,171,8,0.5869443416595459,0.10891333967447281,0.3041423261165619,1.3218405325242666
PCA11,dinov2_b,compound_optical_severe,172,8,0.40829530358314514,0.2983816862106323,0.29332295060157776,1.5672701655253045
PCA11,dinov2_b,compound_optical_severe,173,8,0.2306353598833084,0.42792877554893494,0.34143587946891785,1.5414529031449065
PCA11,dinov2_b,compound_optical_severe,174,8,0.32197442650794983,0.571153461933136,0.10687213391065598,1.3327167852488229
PCA11,dinov2_b,compound_optical_severe,175,8,0.27879878878593445,0.427054226398468,0.29414692521095276,1.5572408010601277
PCA11,dinov2_b,compound_optical_severe,176,8,0.20864051580429077,0.49205341935157776,0.2993059456348419,1.4960277760245178
PCA11,dinov2_b,compound_optical_severe,177,8,0.26834601163864136,0.43850839138031006,0.2931455671787262,1.5497632710627953
PCA11,dinov2_b,compound_optical_severe,178,9,0.28613564372062683,0.4191913306713104,0.29467302560806274,1.5617935330443982
PCA11,dinov2_b,compound_optical_severe,179,9,0.4707411527633667,0.3045516908168793,0.22470717132091522,1.5180651173745618
PCA11,dinov2_b,compound_optical_severe,180,9,0.2562456727027893,0.44096100330352783,0.30279335379600525,1.5461591882480104
PCA11,dinov2_b,compound_optical_severe,181,9,0.04869671165943146,0.5625726580619812,0.38873055577278137,1.2090928679558037
PCA11,dinov2_b,compound_optical_severe,182,9,0.5056133270263672,0.2327859252691269,0.2616007328033447,1.493083598945271
PCA11,dinov2_b,compound_optical_severe,183,9,0.4710608124732971,0.22868531942367554,0.3002539575099945,1.5195146673055295
PCA11,dinov2_b,compound_optical_severe,184,9,0.35114356875419617,0.24102336168289185,0.4078330397605896,1.5526573877741625
PCA11,dinov2_b,compound_optical_severe,185,9,0.396445631980896,0.40898120403289795,0.19457313418388367,1.5162268018457712
PCA11,dinov2_b,compound_optical_severe,186,9,0.34535953402519226,0.3503274619579315,0.3043130338191986,1.5821607674406108
PCA11,dinov2_b,compound_optical_severe,187,9,0.42542359232902527,0.4258391261100769,0.1487373411655426,1.4579339586920053
PCA11,dinov2_b,compound_optical_severe,188,10,0.5493189692497253,0.06598757207393646,0.3846933841705322,1.2637402777893763
PCA11,dinov2_b,compound_optical_severe,189,10,0.11829344928264618,0.4985400438308716,0.383166640996933,1.3952205933297719
PCA11,dinov2_b,compound_optical_severe,190,10,0.535537838935852,0.22970616817474365,0.23475602269172668,1.4607754312112218
PCA11,dinov2_b,compound_optical_severe,191,10,0.2600034773349762,0.40798839926719666,0.3320080637931824,1.5611106966158872
PCA11,dinov2_b,compound_optical_severe,192,10,0.2898070216178894,0.3722067177295685,0.3379862606525421,1.5774749181608656
PCA11,dinov2_b,compound_optical_severe,193,10,0.1286565661430359,0.23013688623905182,0.6412064433097839,1.2794808922218546
PCA11,dinov2_b,compound_optical_severe,194,10,0.26740843057632446,0.23719733953475952,0.4953942596912384,1.5032390224045662
PCA11,dinov2_b,compound_optical_severe,195,10,0.23055671155452728,0.3452727794647217,0.4241703748703003,1.5425778214363217
PCA11,dinov2_b,compound_optical_severe,196,10,0.20891812443733215,0.3073217272758484,0.4837600886821747,1.5018650844672754
PCA11,dinov2_b,compound_optical_severe,197,10,0.18655608594417572,0.48170509934425354,0.33173879981040955,1.4875969502173272
PCA11,dinov2_b,compound_optical_severe,198,10,0.06368857622146606,0.476633220911026,0.45967814326286316,1.278006361934882
PCA11,dinov2_b,compound_optical_severe,199,10,0.2886328399181366,0.3050459623336792,0.40632128715515137,1.567879782499762
PCA11,dinov2_b,compound_digital_severe,0,0,0.3504074513912201,0.25686824321746826,0.3927243649959564,1.5633762208996882
PCA11,dinov2_b,compound_digital_severe,1,0,0.32751670479774475,0.39910730719566345,0.2733759880065918,1.5677951147166254
PCA11,dinov2_b,compound_digital_severe,2,0,0.3398575484752655,0.4509831368923187,0.2091592401266098,1.5194122248291597
PCA11,dinov2_b,compound_digital_severe,3,0,0.15909038484096527,0.3392331600189209,0.5016764402389526,1.4502597584016605
PCA11,dinov2_b,compound_digital_severe,4,0,0.046220969408750534,0.39578455686569214,0.5579944849014282,1.2039036878306644
PCA11,dinov2_b,compound_digital_severe,5,0,0.20159770548343658,0.3520306348800659,0.44637155532836914,1.5154542766772368
PCA11,dinov2_b,compound_digital_severe,6,0,0.28375470638275146,0.24059143662452698,0.47565385699272156,1.5200692546983845
PCA11,dinov2_b,compound_digital_severe,7,0,0.4925764501094818,0.20988045632839203,0.2975430190563202,1.496284976489651
PCA11,dinov2_b,compound_digital_severe,8,0,0.11806756258010864,0.6055125594139099,0.27641984820365906,1.3149513312940582
PCA11,dinov2_b,compound_digital_severe,9,0,0.32870838046073914,0.31913378834724426,0.3521578907966614,1.5837205180047884
PCA11,dinov2_b,compound_digital_severe,10,1,0.4376249611377716,0.34255120158195496,0.21982379257678986,1.5316435903068641
PCA11,dinov2_b,compound_digital_severe,11,1,0.41174229979515076,0.5599952936172485,0.028262494131922722,1.1409601032115615
PCA11,dinov2_b,compound_digital_severe,12,1,0.11899934709072113,0.47152280807495117,0.4094778299331665,1.4043237420802164
PCA11,dinov2_b,compound_digital_severe,13,1,0.2192809283733368,0.44161495566368103,0.33910417556762695,1.529833972660207
PCA11,dinov2_b,compound_digital_severe,14,1,0.4404204785823822,0.43334290385246277,0.12623658776283264,1.420747991614532
PCA11,dinov2_b,compound_digital_severe,15,1,0.48743736743927,0.5058706402778625,0.0066919224336743355,1.0510215279605826
PCA11,dinov2_b,compound_digital_severe,16,1,0.45292288064956665,0.22276107966899872,0.3243159353733063,1.526994942042416
PCA11,dinov2_b,compound_digital_severe,17,1,0.30946066975593567,0.31617316603660583,0.3743661046028137,1.5795475446283
PCA11,dinov2_b,compound_digital_severe,18,1,0.3595988154411316,0.2301100492477417,0.4102911055088043,1.545683622463347
PCA11,dinov2_b,compound_digital_severe,19,1,0.32503974437713623,0.36518537998199463,0.3097749352455139,1.5814532572763427
PCA11,dinov2_b,compound_digital_severe,20,1,0.4359997808933258,0.37856799364089966,0.1854322850704193,1.5034620965912062
PCA11,dinov2_b,compound_digital_severe,21,1,0.062179870903491974,0.4382789731025696,0.49954113364219666,1.2709694171086765
PCA11,dinov2_b,compound_digital_severe,22,1,0.108222097158432,0.5077616572380066,0.384016215801239,1.373881281373205
PCA11,dinov2_b,compound_digital_severe,23,1,0.4381789267063141,0.3892424404621124,0.17257848381996155,1.4889019598814708
PCA11,dinov2_b,compound_digital_severe,24,1,0.31681326031684875,0.5045914053916931,0.1785954087972641,1.4671582706767217
PCA11,dinov2_b,compound_digital_severe,25,1,0.35389530658721924,0.41809624433517456,0.22800837457180023,1.5426590848113328
PCA11,dinov2_b,compound_digital_severe,26,1,0.4242536723613739,0.32300981879234314,0.2527364492416382,1.5529247920903688
PCA11,dinov2_b,compound_digital_severe,27,1,0.46908271312713623,0.40133529901504517,0.1295819878578186,1.4229011682839494
PCA11,dinov2_b,compound_digital_severe,28,1,0.08108291774988174,0.4812033176422119,0.4377138018608093,1.3234152960403944
PCA11,dinov2_b,compound_digital_severe,29,1,0.2193613350391388,0.40706077218055725,0.37357792258262634,1.5386019941816873
PCA11,dinov2_b,compound_digital_severe,30,1,0.0690096840262413,0.4707932472229004,0.4601970911026001,1.293120385626191
PCA11,dinov2_b,compound_digital_severe,31,1,0.36010393500328064,0.3644751012325287,0.2754209637641907,1.573696290193121
PCA11,dinov2_b,compound_digital_severe,32,1,0.12368372082710266,0.4761519730091095,0.4001643657684326,1.411414995854963
PCA11,dinov2_b,compound_digital_severe,33,1,0.37311986088752747,0.29300329089164734,0.3338768780231476,1.5779938879125275
PCA11,dinov2_b,compound_digital_severe,34,2,0.21716301143169403,0.3568958342075348,0.42594113945961,1.5333917841717848
PCA11,dinov2_b,compound_digital_severe,35,2,0.11052825301885605,0.38345587253570557,0.5060157775878906,1.3787584617389679
PCA11,dinov2_b,compound_digital_severe,36,2,0.15499353408813477,0.48066824674606323,0.3643381595611572,1.455614221141444
PCA11,dinov2_b,compound_digital_severe,37,2,0.21278764307498932,0.44000691175460815,0.34720543026924133,1.5260799637004667
PCA11,dinov2_b,compound_digital_severe,38,2,0.34820666909217834,0.4059975743293762,0.2457958161830902,1.5555531446027264
PCA11,dinov2_b,compound_digital_severe,39,2,0.3706161379814148,0.4515410363674164,0.1778428703546524,1.4917371978589595
PCA11,dinov2_b,compound_digital_severe,40,2,0.35685995221138,0.3270852863788605,0.3160548508167267,1.5830493846426101
PCA11,dinov2_b,compound_digital_severe,41,2,0.07298629730939865,0.6222398281097412,0.3047737777233124,1.2239496439180773
PCA11,dinov2_b,compound_digital_severe,42,2,0.5153430104255676,0.25191789865493774,0.23273904621601105,1.4834300073280615
PCA11,dinov2_b,compound_digital_severe,43,2,0.10466086119413376,0.40884116291999817,0.48649802803993225,1.3740727646625763
PCA11,dinov2_b,compound_digital_severe,44,2,0.19488929212093353,0.38097620010375977,0.4241344928741455,1.5150292194059145
PCA11,dinov2_b,compound_digital_severe,45,2,0.0987490564584732,0.4559996426105499,0.4452512562274933,1.3661760915991161
PCA11,dinov2_b,compound_digital_severe,46,2,0.2744304835796356,0.3962421119213104,0.32932743430137634,1.5688621694933471
PCA11,dinov2_b,compound_digital_severe,47,2,0.36901718378067017,0.4887274503707886,0.14225545525550842,1.4357686686513842
PCA11,dinov2_b,compound_digital_severe,48,2,0.13040675222873688,0.4321090281009674,0.4374842047691345,1.4281219342525096
PCA11,dinov2_b,compound_digital_severe,49,2,0.20701126754283905,0.1611798256635666,0.6318089365959167,1.3133381434896012
PCA11,dinov2_b,compound_digital_severe,50,3,0.08729901164770126,0.29969581961631775,0.6130052804946899,1.2609076165781499
PCA11,dinov2_b,compound_digital_severe,51,3,0.5334821343421936,0.21495971083641052,0.2515581548213959,1.4612075359381862
PCA11,dinov2_b,compound_digital_severe,52,3,0.5855026841163635,0.20521967113018036,0.20927761495113373,1.3932703537589215
PCA11,dinov2_b,compound_digital_severe,53,3,0.07941761612892151,0.5348095893859863,0.38577285408973694,1.3032245495906751
PCA11,dinov2_b,compound_digital_severe,54,3,0.4559977054595947,0.29936549067497253,0.24463677406311035,1.5344299447484016
PCA11,dinov2_b,compound_digital_severe,55,3,0.31519684195518494,0.3967438340187073,0.2880592942237854,1.5713892162330563
PCA11,dinov2_b,compound_digital_severe,56,3,0.33115339279174805,0.43381842970848083,0.2350282222032547,1.5416768453938163
PCA11,dinov2_b,compound_digital_severe,57,3,0.14063316583633423,0.4267101585865021,0.43265673518180847,1.4452317549694436
PCA11,dinov2_b,compound_digital_severe,58,3,0.3326108753681183,0.3485422432422638,0.3188468813896179,1.5840073818983558
PCA11,dinov2_b,compound_digital_severe,59,3,0.28101906180381775,0.25569137930870056,0.4632895886898041,1.5319559174849893
PCA11,dinov2_b,compound_digital_severe,60,3,0.33298131823539734,0.3553469479084015,0.3116717040538788,1.5828977262002653
PCA11,dinov2_b,compound_digital_severe,61,3,0.45885372161865234,0.28144264221191406,0.2597036063671112,1.535625601242637
PCA11,dinov2_b,compound_digital_severe,62,3,0.026962917298078537,0.4896039068698883,0.48343318700790405,1.1519333644270113
PCA11,dinov2_b,compound_digital_severe,63,3,0.42261967062950134,0.3660392165184021,0.21134115755558014,1.5297667062559035
PCA11,dinov2_b,compound_digital_severe,64,3,0.5135127305984497,0.3672172427177429,0.1192699521780014,1.3903780066395393
PCA11,dinov2_b,compound_digital_severe,65,3,0.4234319031238556,0.34035804867744446,0.23621001839637756,1.5459399600699397
PCA11,dinov2_b,compound_digital_severe,66,3,0.4203907549381256,0.39004194736480713,0.18956723809242249,1.5101780541755616
PCA11,dinov2_b,compound_digital_severe,67,4,0.381588339805603,0.19019311666488647,0.4282186031341553,1.509744207089194
PCA11,dinov2_b,compound_digital_severe,68,4,0.09029696136713028,0.5011329054832458,0.4085701107978821,1.3403576515018383
PCA11,dinov2_b,compound_digital_severe,69,4,0.2985808551311493,0.4198034405708313,0.2816157937049866,1.5612009456760543
PCA11,dinov2_b,compound_digital_severe,70,4,0.20976150035858154,0.36467644572257996,0.4255620539188385,1.527877867470178
PCA11,dinov2_b,compound_digital_severe,71,4,0.2860325872898102,0.36201396584510803,0.351953387260437,1.5774061356127236
PCA11,dinov2_b,compound_digital_severe,72,4,0.4834195375442505,0.1967889666557312,0.31979140639305115,1.4944559264077126
PCA11,dinov2_b,compound_digital_severe,73,4,0.4864056408405304,0.2873868942260742,0.22620746493339539,1.5077915851553987
PCA11,dinov2_b,compound_digital_severe,74,4,0.43874672055244446,0.36255544424057007,0.19869782030582428,1.5153844861828687
PCA11,dinov2_b,compound_digital_severe,75,4,0.3152150809764862,0.3222697079181671,0.36251524090766907,1.582179685907296
PCA11,dinov2_b,compound_digital_severe,76,4,0.4268852174282074,0.3691895306110382,0.20392537117004395,1.5227653460269193
PCA11,dinov2_b,compound_digital_severe,77,4,0.557452917098999,0.3000839352607727,0.14246317744255066,1.3916030185931458
PCA11,dinov2_b,compound_digital_severe,78,4,0.16901889443397522,0.34847769141197205,0.4825034439563751,1.4707752706553574
PCA11,dinov2_b,compound_digital_severe,79,4,0.24297671020030975,0.450744092464447,0.3062792718410492,1.5369697340949608
PCA11,dinov2_b,compound_digital_severe,80,4,0.4271523356437683,0.46088966727256775,0.11195795983076096,1.3929109261452801
PCA11,dinov2_b,compound_digital_severe,81,4,0.1838037073612213,0.5012403726577759,0.3149559795856476,1.4735828951466234
PCA11,dinov2_b,compound_digital_severe,82,4,0.24218502640724182,0.3500699996948242,0.40774497389793396,1.5533006392628987
PCA11,dinov2_b,compound_digital_severe,83,4,0.4457383155822754,0.4099110960960388,0.1443505585193634,1.450087114452036
PCA11,dinov2_b,compound_digital_severe,84,4,0.3398120701313019,0.3207137882709503,0.3394741117954254,1.5844420788613516
PCA11,dinov2_b,compound_digital_severe,85,4,0.2914581000804901,0.35195764899253845,0.3565841317176819,1.57911744794611
PCA11,dinov2_b,compound_digital_severe,86,4,0.4000294506549835,0.3107437193393707,0.2892268896102905,1.5703816234737848
PCA11,dinov2_b,compound_digital_severe,87,5,0.08103339374065399,0.4672052562236786,0.4517613649368286,1.3245893633516066
PCA11,dinov2_b,compound_digital_severe,88,5,0.09135127812623978,0.44866302609443665,0.459985613822937,1.3495111587336508
PCA11,dinov2_b,compound_digital_severe,89,5,0.05288907513022423,0.5316932201385498,0.41541773080825806,1.235332706579788
PCA11,dinov2_b,compound_digital_severe,90,5,0.07135426998138428,0.47664162516593933,0.4520040452480316,1.2991314950441408
PCA11,dinov2_b,compound_digital_severe,91,5,0.18925905227661133,0.39396166801452637,0.4167793095111847,1.5101965215037043
PCA11,dinov2_b,compound_digital_severe,92,5,0.03999769687652588,0.5959244966506958,0.36407777667045593,1.1614918194863666
PCA11,dinov2_b,compound_digital_severe,93,5,0.09569716453552246,0.47036924958229065,0.43393367528915405,1.3584491653867028
PCA11,dinov2_b,compound_digital_severe,94,5,0.15726645290851593,0.38249504566192627,0.460238516330719,1.465282459500581
PCA11,dinov2_b,compound_digital_severe,95,5,0.039411112666130066,0.5128477811813354,0.44774115085601807,1.1969889047307447
PCA11,dinov2_b,compound_digital_severe,96,5,0.3147979974746704,0.3245996832847595,0.36060231924057007,1.5824713138909323
PCA11,dinov2_b,compound_digital_severe,97,5,0.12045472860336304,0.3277910351753235,0.5517542362213135,1.3686176581790888
PCA11,dinov2_b,compound_digital_severe,98,5,0.49092745780944824,0.06837590783834457,0.4406965672969818,1.2895029311027115
PCA11,dinov2_b,compound_digital_severe,99,5,0.36170050501823425,0.4400273561477661,0.19827209413051605,1.514657895262907
PCA11,dinov2_b,compound_digital_severe,100,5,0.06503065675497055,0.4075930118560791,0.5273762345314026,1.2709682887786011
PCA11,dinov2_b,compound_digital_severe,101,5,0.1471012830734253,0.44104862213134766,0.41185009479522705,1.4547159913661813
PCA11,dinov2_b,compound_digital_severe,102,5,0.06625144183635712,0.6556251049041748,0.2781234383583069,1.1722196223171761
PCA11,dinov2_b,compound_digital_severe,103,5,0.1478039026260376,0.3665863573551178,0.4856097102165222,1.4444825988881203
PCA11,dinov2_b,compound_digital_severe,104,5,0.05492180213332176,0.22258198261260986,0.7224962115287781,1.051201617393465
PCA11,dinov2_b,compound_digital_severe,105,5,0.051655471324920654,0.456728994846344,0.4916156530380249,1.2408066311265442
PCA11,dinov2_b,compound_digital_severe,106,5,0.315738320350647,0.14906272292137146,0.5351989269256592,1.4171337764563798
PCA11,dinov2_b,compound_digital_severe,107,5,0.06821687519550323,0.3606935739517212,0.571089506149292,1.2564504538319263
PCA11,dinov2_b,compound_digital_severe,108,5,0.13552068173885345,0.4459843039512634,0.4184949994087219,1.43623524758845
PCA11,dinov2_b,compound_digital_severe,109,6,0.1918574422597885,0.2864339351654053,0.5217085480690002,1.4633516906802682
PCA11,dinov2_b,compound_digital_severe,110,6,0.13788065314292908,0.3455960750579834,0.5165233016014099,1.416172483529199
PCA11,dinov2_b,compound_digital_severe,111,6,0.17716756463050842,0.5694077014923096,0.25342467427253723,1.406853729707297
PCA11,dinov2_b,compound_digital_severe,112,6,0.017959263175725937,0.5242149233818054,0.4578258693218231,1.1086245161495332
PCA11,dinov2_b,compound_digital_severe,113,6,0.6067658066749573,0.2798665463924408,0.11336760222911835,1.3075959805337198
PCA11,dinov2_b,compound_digital_severe,114,6,0.5602201223373413,0.41988125443458557,0.019898608326911926,1.1064269522197803
PCA11,dinov2_b,compound_digital_severe,115,6,0.45165199041366577,0.5367189049720764,0.011629135347902775,1.0744924539686336
PCA11,dinov2_b,compound_digital_severe,116,6,0.24347329139709473,0.47687679529190063,0.2796499729156494,1.519773799295165
PCA11,dinov2_b,compound_digital_severe,117,6,0.3375023603439331,0.5430602431297302,0.11943722516298294,1.3733683290268397
PCA11,dinov2_b,compound_digital_severe,118,6,0.4180523753166199,0.41021496057510376,0.17173261940479279,1.4898668663050085
PCA11,dinov2_b,compound_digital_severe,119,6,0.3368694484233856,0.444929301738739,0.21820127964019775,1.5278595764822476
PCA11,dinov2_b,compound_digital_severe,120,6,0.6190794706344604,0.0523998886346817,0.3285207748413086,1.178791614862019
PCA11,dinov2_b,compound_digital_severe,121,6,0.40200376510620117,0.5016985535621643,0.09629768878221512,1.3529011072535178
PCA11,dinov2_b,compound_digital_severe,122,6,0.02434372529387474,0.4256783723831177,0.5499780178070068,1.1293813686966845
PCA11,dinov2_b,compound_digital_severe,123,6,0.41811811923980713,0.33941078186035156,0.2424710988998413,1.5507448148430671
PCA11,dinov2_b,compound_digital_severe,124,6,0.7245657444000244,0.20410773158073425,0.07132650911808014,1.0764357827267417
PCA11,dinov2_b,compound_digital_severe,125,6,0.10369163751602173,0.4104987680912018,0.4858095943927765,1.3723281357793091
PCA11,dinov2_b,compound_digital_severe,126,7,0.6229947209358215,0.0651998296380043,0.31180545687675476,1.2063778020730855
PCA11,dinov2_b,compound_digital_severe,127,7,0.05217543989419937,0.43989092111587524,0.5079335570335388,1.2398651683276223
PCA11,dinov2_b,compound_digital_severe,128,7,0.038093503564596176,0.49603086709976196,0.46587565541267395,1.194706086931292
PCA11,dinov2_b,compound_digital_severe,129,7,0.16419555246829987,0.4072922170162201,0.428512305021286,1.4796685921574269
PCA11,dinov2_b,compound_digital_severe,130,7,0.10398013889789581,0.5176286101341248,0.37839120626449585,1.3618355796222295
PCA11,dinov2_b,compound_digital_severe,131,7,0.41260915994644165,0.29035019874572754,0.29704058170318604,1.5651860852590107
PCA11,dinov2_b,compound_digital_severe,132,7,0.3333980143070221,0.3988863527774811,0.2677156925201416,1.5662216493226684
PCA11,dinov2_b,compound_digital_severe,133,7,0.0036360779777169228,0.5750550627708435,0.42130884528160095,1.0138827889530715
PCA11,dinov2_b,compound_digital_severe,134,7,0.47732195258140564,0.38254159688949585,0.1401364803314209,1.4369081203090774
PCA11,dinov2_b,compound_digital_severe,135,7,0.08883869647979736,0.5336454510688782,0.3775158226490021,1.324349017035825
PCA11,dinov2_b,compound_digital_severe,136,7,0.059541042894124985,0.5699597001075745,0.37049925327301025,1.2353309546400308
PCA11,dinov2_b,compound_digital_severe,137,7,0.4254962205886841,0.16746868193149567,0.40703511238098145,1.4841173002423833
PCA11,dinov2_b,compound_digital_severe,138,7,0.3737124800682068,0.43914979696273804,0.187137633562088,1.50450337414768
PCA11,dinov2_b,compound_digital_severe,139,7,0.21286940574645996,0.5022492408752441,0.28488147258758545,1.490194540927881
PCA11,dinov2_b,compound_digital_severe,140,7,0.34398868680000305,0.2484920471906662,0.40751922130584717,1.5565085011687951
PCA11,dinov2_b,compound_digital_severe,141,7,0.23724134266376495,0.3332621455192566,0.4294964671134949,1.5443995810975761
PCA11,dinov2_b,compound_digital_severe,142,7,0.008334456942975521,0.44929787516593933,0.542367696762085,1.0548928332686098
PCA11,dinov2_b,compound_digital_severe,143,7,0.42137694358825684,0.34921473264694214,0.22940830886363983,1.5426883599042083
PCA11,dinov2_b,compound_digital_severe,144,7,0.35974806547164917,0.39152929186820984,0.24872255325317383,1.559554496917639
PCA11,dinov2_b,compound_digital_severe,145,7,0.48076334595680237,0.25293147563934326,0.266305148601532,1.5179201411346726
PCA11,dinov2_b,compound_digital_severe,146,7,0.08165320754051208,0.39520376920700073,0.5231431126594543,1.3134254195350525
PCA11,dinov2_b,compound_digital_severe,147,7,0.010347080416977406,0.5376456379890442,0.4520072937011719,1.0673859837244897
PCA11,dinov2_b,compound_digital_severe,148,7,0.10092855244874954,0.4579872786998749,0.4410841763019562,1.370774339786545
PCA11,dinov2_b,compound_digital_severe,149,7,0.5921529531478882,0.12011664360761642,0.2877304255962372,1.3320106641060012
PCA11,dinov2_b,compound_digital_severe,150,7,0.0081348130479455,0.4972774088382721,0.49458783864974976,1.0600173414544112
PCA11,dinov2_b,compound_digital_severe,151,8,0.10912316292524338,0.4197766184806824,0.4711001515388489,1.3860082966249376
PCA11,dinov2_b,compound_digital_severe,152,8,0.1845196634531021,0.3097778260707855,0.505702555179596,1.4710556151247052
PCA11,dinov2_b,compound_digital_severe,153,8,0.372074693441391,0.30475935339927673,0.3231658637523651,1.5797878240576213
PCA11,dinov2_b,compound_digital_severe,154,8,0.27390027046203613,0.3292818069458008,0.3968178629875183,1.5685676851641057
PCA11,dinov2_b,compound_digital_severe,155,8,0.19912049174308777,0.4394533634185791,0.3614262342453003,1.5155527343343327
PCA11,dinov2_b,compound_digital_severe,156,8,0.06551311910152435,0.457966148853302,0.4765207767486572,1.2831729636721434
PCA11,dinov2_b,compound_digital_severe,157,8,0.2923024892807007,0.5174731612205505,0.190224289894104,1.4659501727307296
PCA11,dinov2_b,compound_digital_severe,158,8,0.3855270445346832,0.22298377752304077,0.391489177942276,1.5425617105620122
PCA11,dinov2_b,compound_digital_severe,159,8,0.16147156059741974,0.4338328540325165,0.40469563007354736,1.4756163467017074
PCA11,dinov2_b,compound_digital_severe,160,8,0.06576725840568542,0.37836015224456787,0.5558724999427795,1.2596794969372034
PCA11,dinov2_b,compound_digital_severe,161,8,0.4539623260498047,0.308426171541214,0.23761148750782013,1.5332700755281803
PCA11,dinov2_b,compound_digital_severe,162,8,0.4121887981891632,0.29194048047065735,0.29587075114250183,1.5654277599279123
PCA11,dinov2_b,compound_digital_severe,163,8,0.1929136961698532,0.46961233019828796,0.3374740481376648,1.4989372126267253
PCA11,dinov2_b,compound_digital_severe,164,8,0.469066321849823,0.1985199749469757,0.3324136734008789,1.5035488755203454
PCA11,dinov2_b,compound_digital_severe,165,8,0.25844284892082214,0.08776824176311493,0.6537889838218689,1.213422189186351
PCA11,dinov2_b,compound_digital_severe,166,8,0.5105288624763489,0.1290261298418045,0.36044496297836304,1.4069861892042967
PCA11,dinov2_b,compound_digital_severe,167,8,0.346574604511261,0.31885144114494324,0.334573894739151,1.5841241030848892
PCA11,dinov2_b,compound_digital_severe,168,8,0.4730353355407715,0.1263824999332428,0.40058207511901855,1.4167110814384234
PCA11,dinov2_b,compound_digital_severe,169,8,0.3207441568374634,0.428489625453949,0.25076621770858765,1.5505082299642372
PCA11,dinov2_b,compound_digital_severe,170,8,0.30834126472473145,0.3847779333591461,0.30688074231147766,1.5765663020804752
PCA11,dinov2_b,compound_digital_severe,171,8,0.3259090185165405,0.47995176911354065,0.1941392719745636,1.4945394521464141
PCA11,dinov2_b,compound_digital_severe,172,8,0.2622193992137909,0.3032432198524475,0.4345373511314392,1.5509133478327684
PCA11,dinov2_b,compound_digital_severe,173,8,0.21543489396572113,0.3948214650154114,0.38974371552467346,1.5362850944241786
PCA11,dinov2_b,compound_digital_severe,174,8,0.24715663492679596,0.38962695002555847,0.363216370344162,1.5589152119866503
PCA11,dinov2_b,compound_digital_severe,175,8,0.2301105111837387,0.3673732578754425,0.40251612663269043,1.5469358513613833
PCA11,dinov2_b,compound_digital_severe,176,8,0.04509801045060158,0.4441116154193878,0.5107904076576233,1.216737481622392
PCA11,dinov2_b,compound_digital_severe,177,8,0.09232359379529953,0.44507700204849243,0.46259936690330505,1.3516108747410627
PCA11,dinov2_b,compound_digital_severe,178,9,0.17355245351791382,0.33399903774261475,0.4924485683441162,1.4701649279798708
PCA11,dinov2_b,compound_digital_severe,179,9,0.1302259862422943,0.5472869873046875,0.32248690724372864,1.385440816438908
PCA11,dinov2_b,compound_digital_severe,180,9,0.21956263482570648,0.3566172122955322,0.4238201975822449,1.5356259663552927
PCA11,dinov2_b,compound_digital_severe,181,9,0.08993547409772873,0.36401692032814026,0.546047568321228,1.3198769098058223
PCA11,dinov2_b,compound_digital_severe,182,9,0.10833989083766937,0.4399917423725128,0.4516684114933014,1.3864379653587182
PCA11,dinov2_b,compound_digital_severe,183,9,0.08488382399082184,0.573232114315033,0.3418840169906616,1.29162388821087
PCA11,dinov2_b,compound_digital_severe,184,9,0.16137416660785675,0.4750725030899048,0.36355337500572205,1.4654836366333692
PCA11,dinov2_b,compound_digital_severe,185,9,0.10607822239398956,0.5167173743247986,0.3772044777870178,1.3661232447123681
PCA11,dinov2_b,compound_digital_severe,186,9,0.5419209003448486,0.3400823175907135,0.11799687147140503,1.371963138323209
PCA11,dinov2_b,compound_digital_severe,187,9,0.2386658638715744,0.24478736519813538,0.5165467858314514,1.4826071561087564
PCA11,dinov2_b,compound_digital_severe,188,10,0.5324166417121887,0.2195979356765747,0.24798542261123657,1.4633051908871981
PCA11,dinov2_b,compound_digital_severe,189,10,0.37976962327957153,0.4094998240470886,0.21073059737682343,1.5313383134748115
PCA11,dinov2_b,compound_digital_severe,190,10,0.4285663366317749,0.31960320472717285,0.251830518245697,1.5508478994861647
PCA11,dinov2_b,compound_digital_severe,191,10,0.44550198316574097,0.3366825580596924,0.2178153395652771,1.5273868015383218
PCA11,dinov2_b,compound_digital_severe,192,10,0.5232768654823303,0.28302469849586487,0.19369854032993317,1.4630140662576396
PCA11,dinov2_b,compound_digital_severe,193,10,0.23358231782913208,0.4468202590942383,0.31959742307662964,1.535317112450981
PCA11,dinov2_b,compound_digital_severe,194,10,0.08020055294036865,0.4496109187602997,0.4701884388923645,1.3223528183797324
PCA11,dinov2_b,compound_digital_severe,195,10,0.36408308148384094,0.37907546758651733,0.2568415403366089,1.5648829710545393
PCA11,dinov2_b,compound_digital_severe,196,10,0.3464260399341583,0.35440248250961304,0.2991715371608734,1.5810388046260528
PCA11,dinov2_b,compound_digital_severe,197,10,0.11866992712020874,0.5059933066368103,0.37533673644065857,1.39283161363174
PCA11,dinov2_b,compound_digital_severe,198,10,0.41589391231536865,0.36263561248779297,0.22147047519683838,1.5387428303897286
PCA11,dinov2_b,compound_digital_severe,199,10,0.38269278407096863,0.2582700252532959,0.35903722047805786,1.565310250092752
PCA11,dinov2_b,compound_field_severe,0,0,0.3422011137008667,0.30838996171951294,0.3494087755680084,1.5828620563495073
PCA11,dinov2_b,compound_field_severe,1,0,0.2916680574417114,0.4003283977508545,0.30800357460975647,1.5704929443090996
PCA11,dinov2_b,compound_field_severe,2,0,0.2046678513288498,0.46283653378486633,0.33249562978744507,1.5110201559993701
PCA11,dinov2_b,compound_field_severe,3,0,0.19328542053699493,0.36341172456741333,0.44330278038978577,1.5092919896765555
PCA11,dinov2_b,compound_field_severe,4,0,0.4085940420627594,0.17826762795448303,0.41313832998275757,1.497986802097802
PCA11,dinov2_b,compound_field_severe,5,0,0.2946571707725525,0.37258896231651306,0.3327537178993225,1.5783805970550415
PCA11,dinov2_b,compound_field_severe,6,0,0.32587358355522156,0.37418627738952637,0.29994019865989685,1.578870577982819
PCA11,dinov2_b,compound_field_severe,7,0,0.38994476199150085,0.2107492983341217,0.3993059992790222,1.5320831522717813
PCA11,dinov2_b,compound_field_severe,8,0,0.07510848343372345,0.504133939743042,0.4207577109336853,1.3041670089949862
PCA11,dinov2_b,compound_field_severe,9,0,0.21235190331935883,0.4002265930175781,0.38742148876190186,1.5334522556501216
PCA11,dinov2_b,compound_field_severe,10,1,0.3977299630641937,0.3679216206073761,0.23434831202030182,1.550329082250613
PCA11,dinov2_b,compound_field_severe,11,1,0.3368886411190033,0.300882488489151,0.3622289001941681,1.5808217906639903
PCA11,dinov2_b,compound_field_severe,12,1,0.3758034408092499,0.2691889703273773,0.35500749945640564,1.5706825624465504
PCA11,dinov2_b,compound_field_severe,13,1,0.07001052796840668,0.5088064670562744,0.4211830794811249,1.289988213575361
PCA11,dinov2_b,compound_field_severe,14,1,0.35588890314102173,0.40104514360427856,0.2430659681558609,1.5550914642418565
PCA11,dinov2_b,compound_field_severe,15,1,0.27937403321266174,0.3500637710094452,0.37056219577789307,1.574801788181361
PCA11,dinov2_b,compound_field_severe,16,1,0.3721611797809601,0.4272385239601135,0.20060032606124878,1.5197872955889717
PCA11,dinov2_b,compound_field_severe,17,1,0.2562100291252136,0.3937752842903137,0.35001471638679504,1.5629049181009598
PCA11,dinov2_b,compound_field_severe,18,1,0.33366718888282776,0.2842055857181549,0.38212713599205017,1.5745441478024338
PCA11,dinov2_b,compound_field_severe,19,1,0.32672059535980225,0.3378851115703583,0.3353942930698395,1.5848134323479837
PCA11,dinov2_b,compound_field_severe,20,1,0.3433547914028168,0.34680113196372986,0.30984410643577576,1.583136902105529
PCA11,dinov2_b,compound_field_severe,21,1,0.3147212862968445,0.3281518816947937,0.35712674260139465,1.5829431309195456
PCA11,dinov2_b,compound_field_severe,22,1,0.16218823194503784,0.35788729786872864,0.4799245297908783,1.4644621196713707
PCA11,dinov2_b,compound_field_severe,23,1,0.2725633680820465,0.3756992518901825,0.35173729062080383,1.5719860772483356
PCA11,dinov2_b,compound_field_severe,24,1,0.3684608042240143,0.2914412319660187,0.3400980234146118,1.5783152886539198
PCA11,dinov2_b,compound_field_severe,25,1,0.5094591379165649,0.2567923069000244,0.23374855518341064,1.4895015235277902
PCA11,dinov2_b,compound_field_severe,26,1,0.30178380012512207,0.3686738908290863,0.329542338848114,1.5800938459069336
PCA11,dinov2_b,compound_field_severe,27,1,0.3113899230957031,0.19461999833583832,0.4939901530742645,1.4862915444901337
PCA11,dinov2_b,compound_field_severe,28,1,0.22434604167938232,0.3224530518054962,0.45320093631744385,1.5277038926979922
PCA11,dinov2_b,compound_field_severe,29,1,0.417724072933197,0.310668021440506,0.2716078460216522,1.5607631291597013
PCA11,dinov2_b,compound_field_severe,30,1,0.12907816469669342,0.44887638092041016,0.42204549908638,1.4252300888813072
PCA11,dinov2_b,compound_field_severe,31,1,0.3319861888885498,0.322181761264801,0.34583207964897156,1.5843524848665138
PCA11,dinov2_b,compound_field_severe,32,1,0.28032928705215454,0.3508070409297943,0.36886364221572876,1.575242980487268
PCA11,dinov2_b,compound_field_severe,33,1,0.2737739384174347,0.3950914144515991,0.3311346769332886,1.5689858311487836
PCA11,dinov2_b,compound_field_severe,34,2,0.28654730319976807,0.33852261304855347,0.37493014335632324,1.5763312399388392
PCA11,dinov2_b,compound_field_severe,35,2,0.13750609755516052,0.504179060459137,0.3583148121833801,1.4222836363274822
PCA11,dinov2_b,compound_field_severe,36,2,0.15679645538330078,0.47863900661468506,0.36456459760665894,1.4586272056303726
PCA11,dinov2_b,compound_field_severe,37,2,0.2699909508228302,0.37013182044029236,0.3598771393299103,1.5713567963634927
PCA11,dinov2_b,compound_field_severe,38,2,0.37377646565437317,0.3919364809989929,0.23428703844547272,1.550812295264575
PCA11,dinov2_b,compound_field_severe,39,2,0.3940752148628235,0.30196887254714966,0.30395594239234924,1.5732992233359753
PCA11,dinov2_b,compound_field_severe,40,2,0.2883159816265106,0.3666374087333679,0.3450465798377991,1.5777473965225077
PCA11,dinov2_b,compound_field_severe,41,2,0.3326597809791565,0.37739700078964233,0.28994324803352356,1.5766700831878584
PCA11,dinov2_b,compound_field_severe,42,2,0.26220202445983887,0.4691069722175598,0.2686910331249237,1.5280803139677777
PCA11,dinov2_b,compound_field_severe,43,2,0.10558124631643295,0.3746725618839264,0.5197461843490601,1.3638117496139919
PCA11,dinov2_b,compound_field_severe,44,2,0.31703710556030273,0.22860963642597198,0.4543532431125641,1.5292432606398703
PCA11,dinov2_b,compound_field_severe,45,2,0.19964469969272614,0.3128207325935364,0.4875344932079315,1.4938378541660176
PCA11,dinov2_b,compound_field_severe,46,2,0.33714234828948975,0.29781973361968994,0.3650379180908203,1.5799900588162354
PCA11,dinov2_b,compound_field_severe,47,2,0.36926209926605225,0.23262928426265717,0.3981086015701294,1.5491549731016363
PCA11,dinov2_b,compound_field_severe,48,2,0.24947211146354675,0.40871667861938477,0.34181126952171326,1.556660237484885
PCA11,dinov2_b,compound_field_severe,49,2,0.15009081363677979,0.22808361053466797,0.6218255758285522,1.3232304450986179
PCA11,dinov2_b,compound_field_severe,50,3,0.17730571329593658,0.3373328745365143,0.48536136746406555,1.4775235248509335
PCA11,dinov2_b,compound_field_severe,51,3,0.36643171310424805,0.207914337515831,0.4256539046764374,1.5263657532069979
PCA11,dinov2_b,compound_field_severe,52,3,0.241543710231781,0.3645166754722595,0.3939395546913147,1.5552307476202256
PCA11,dinov2_b,compound_field_severe,53,3,0.26825621724128723,0.39490944147109985,0.3368343114852905,1.5673667580271646
PCA11,dinov2_b,compound_field_severe,54,3,0.3501599431037903,0.3695320188999176,0.28030797839164734,1.5751859549660558
PCA11,dinov2_b,compound_field_severe,55,3,0.3731011748313904,0.3375946879386902,0.28930407762527466,1.5772363687343067
PCA11,dinov2_b,compound_field_severe,56,3,0.2856583595275879,0.4670131504535675,0.24732843041419983,1.5278547401286402
PCA11,dinov2_b,compound_field_severe,57,3,0.32934147119522095,0.4110426604747772,0.25961577892303467,1.5600335369455438
PCA11,dinov2_b,compound_field_severe,58,3,0.23711702227592468,0.4280948042869568,0.33478814363479614,1.544843237072117
PCA11,dinov2_b,compound_field_severe,59,3,0.3835795521736145,0.3976656496524811,0.21875488758087158,1.538949319112311
PCA11,dinov2_b,compound_field_severe,60,3,0.30766478180885315,0.3729371428489685,0.31939801573753357,1.579805115305534
PCA11,dinov2_b,compound_field_severe,61,3,0.417258620262146,0.40692657232284546,0.17581488192081451,1.4949271123699206
PCA11,dinov2_b,compound_field_severe,62,3,0.3101882338523865,0.4517963230609894,0.23801545798778534,1.5346147588887555
PCA11,dinov2_b,compound_field_severe,63,3,0.3819842040538788,0.3253714442253113,0.2926443815231323,1.5761964309297771
PCA11,dinov2_b,compound_field_severe,64,3,0.3053300082683563,0.3902689516544342,0.3044010102748871,1.5747029163182755
PCA11,dinov2_b,compound_field_severe,65,3,0.5470492243766785,0.15776735544204712,0.2951834499835968,1.416002530693134
PCA11,dinov2_b,compound_field_severe,66,3,0.2318933755159378,0.5416074395179749,0.22649917006492615,1.4533458525430123
PCA11,dinov2_b,compound_field_severe,67,4,0.39244571328163147,0.2615087330341339,0.3460456430912018,1.5654014312355464
PCA11,dinov2_b,compound_field_severe,68,4,0.5274398326873779,0.3040144443511963,0.1685456484556198,1.441976188514131
PCA11,dinov2_b,compound_field_severe,69,4,0.4317886233329773,0.36321595311164856,0.20499539375305176,1.5225398263527754
PCA11,dinov2_b,compound_field_severe,70,4,0.22139768302440643,0.320109486579895,0.45849287509918213,1.5234773711620808
PCA11,dinov2_b,compound_field_severe,71,4,0.3204197585582733,0.33994171023368835,0.3396385610103607,1.584417488682734
PCA11,dinov2_b,compound_field_severe,72,4,0.28253355622291565,0.3063183128833771,0.41114816069602966,1.5652580800693228
PCA11,dinov2_b,compound_field_severe,73,4,0.2568121552467346,0.42804646492004395,0.3151414096355438,1.5526645368125866
PCA11,dinov2_b,compound_field_severe,74,4,0.2023981362581253,0.4630221724510193,0.3345797061920166,1.509314978068935
PCA11,dinov2_b,compound_field_severe,75,4,0.2633729875087738,0.3831087648868561,0.3535182774066925,1.5675630636368996
PCA11,dinov2_b,compound_field_severe,76,4,0.2808431088924408,0.303676575422287,0.4154803454875946,1.563164791747428
PCA11,dinov2_b,compound_field_severe,77,4,0.2687138319015503,0.3561927378177643,0.3750934898853302,1.5705467441727126
PCA11,dinov2_b,compound_field_severe,78,4,0.4070329964160919,0.24159768223762512,0.35136935114860535,1.553139696490168
PCA11,dinov2_b,compound_field_severe,79,4,0.3467269539833069,0.277739554643631,0.3755335509777069,1.5737839305479482
PCA11,dinov2_b,compound_field_severe,80,4,0.3851134479045868,0.2406027466058731,0.3742838501930237,1.5553270286544136
PCA11,dinov2_b,compound_field_severe,81,4,0.2854889929294586,0.3635520040988922,0.350958913564682,1.5771734719799104
PCA11,dinov2_b,compound_field_severe,82,4,0.34693291783332825,0.3781808316707611,0.27488625049591064,1.5725311352643794
PCA11,dinov2_b,compound_field_severe,83,4,0.3254241347312927,0.12877638638019562,0.5457993745803833,1.3846457109823422
PCA11,dinov2_b,compound_field_severe,84,4,0.36104702949523926,0.26968398690223694,0.3692690432071686,1.5712600450548573
PCA11,dinov2_b,compound_field_severe,85,4,0.2975011467933655,0.42065027356147766,0.28184860944747925,1.5608000963011635
PCA11,dinov2_b,compound_field_severe,86,4,0.3172605335712433,0.30948197841644287,0.3732576370239258,1.579813328138532
PCA11,dinov2_b,compound_field_severe,87,5,0.3094845712184906,0.39148786664009094,0.29902756214141846,1.5741355132925514
PCA11,dinov2_b,compound_field_severe,88,5,0.3691425919532776,0.26700758934020996,0.36384984850883484,1.570102705345995
PCA11,dinov2_b,compound_field_severe,89,5,0.2241159826517105,0.4147578775882721,0.3611260950565338,1.5408199681105463
PCA11,dinov2_b,compound_field_severe,90,5,0.35022932291030884,0.38145899772644043,0.26831158995628357,1.5697580467651098
PCA11,dinov2_b,compound_field_severe,91,5,0.3769778907299042,0.3408566415309906,0.2821655571460724,1.5749075306363416
PCA11,dinov2_b,compound_field_severe,92,5,0.3757447600364685,0.37987643480300903,0.2443787157535553,1.5578514190533133
PCA11,dinov2_b,compound_field_severe,93,5,0.3257485330104828,0.39536094665527344,0.27889055013656616,1.5701891015432166
PCA11,dinov2_b,compound_field_severe,94,5,0.3354587256908417,0.4211193323135376,0.24342194199562073,1.5502516703248923
PCA11,dinov2_b,compound_field_severe,95,5,0.37604033946990967,0.38772717118263245,0.2362324744462967,1.5523572053597539
PCA11,dinov2_b,compound_field_severe,96,5,0.3758181929588318,0.25537756085395813,0.3688042163848877,1.5642654128405202
PCA11,dinov2_b,compound_field_severe,97,5,0.19343501329421997,0.23935142159461975,0.5672135353088379,1.4161910235844104
PCA11,dinov2_b,compound_field_severe,98,5,0.2935909032821655,0.27134281396865845,0.435066282749176,1.552101177982477
PCA11,dinov2_b,compound_field_severe,99,5,0.3751794695854187,0.43684181571006775,0.18797865509986877,1.505864193398301
PCA11,dinov2_b,compound_field_severe,100,5,0.37028583884239197,0.3324946165084839,0.29721957445144653,1.5791793339046236
PCA11,dinov2_b,compound_field_severe,101,5,0.3289669156074524,0.3141755759716034,0.3568574786186218,1.5829408133416178
PCA11,dinov2_b,compound_field_severe,102,5,0.20095913112163544,0.3902525305747986,0.40878841280937195,1.5225728692775933
PCA11,dinov2_b,compound_field_severe,103,5,0.2887134253978729,0.3521975874900818,0.3590890169143677,1.5782918964036239
PCA11,dinov2_b,compound_field_severe,104,5,0.2544548809528351,0.48193925619125366,0.26360592246055603,1.5170027702724207
PCA11,dinov2_b,compound_field_severe,105,5,0.14013098180294037,0.5615498423576355,0.2983192205429077,1.3853790377222674
PCA11,dinov2_b,compound_field_severe,106,5,0.2767772376537323,0.278439462184906,0.4447833001613617,1.5463979216860233
PCA11,dinov2_b,compound_field_severe,107,5,0.2289578765630722,0.37873297929763794,0.39230918884277344,1.547059892782348
PCA11,dinov2_b,compound_field_severe,108,5,0.24994921684265137,0.37767770886421204,0.3723730146884918,1.5612213538704323
PCA11,dinov2_b,compound_field_severe,109,6,0.39178937673568726,0.2878512144088745,0.3203594386577606,1.572901259650803
PCA11,dinov2_b,compound_field_severe,110,6,0.268047958612442,0.36052370071411133,0.3714282512664795,1.5704844741819162
PCA11,dinov2_b,compound_field_severe,111,6,0.46073877811431885,0.20427750051021576,0.3349837064743042,1.5117270656562583
PCA11,dinov2_b,compound_field_severe,112,6,0.25810739398002625,0.3908658027648926,0.351026713848114,1.5642256284064322
PCA11,dinov2_b,compound_field_severe,113,6,0.3499986529350281,0.2579343914985657,0.39206698536872864,1.5639576642561086
PCA11,dinov2_b,compound_field_severe,114,6,0.32540974020957947,0.3758513927459717,0.29873883724212646,1.5783854597273548
PCA11,dinov2_b,compound_field_severe,115,6,0.26631051301956177,0.36271703243255615,0.37097248435020447,1.5697429678830377
PCA11,dinov2_b,compound_field_severe,116,6,0.19766338169574738,0.433438241481781,0.36889833211898804,1.5158178107167781
PCA11,dinov2_b,compound_field_severe,117,6,0.40327438712120056,0.18220007419586182,0.4145255982875824,1.5025546566878112
PCA11,dinov2_b,compound_field_severe,118,6,0.3490743935108185,0.35394051671028137,0.29698508977890015,1.5805648260902534
PCA11,dinov2_b,compound_field_severe,119,6,0.27480268478393555,0.2610134184360504,0.46418383717536926,1.5318555864587
PCA11,dinov2_b,compound_field_severe,120,6,0.3364734649658203,0.2667091190814972,0.3968173861503601,1.566407441788604
PCA11,dinov2_b,compound_field_severe,121,6,0.3872239887714386,0.27028021216392517,0.34249579906463623,1.5696073259088723
PCA11,dinov2_b,compound_field_severe,122,6,0.39759737253189087,0.4958840310573578,0.10651864856481552,1.3749913792322634
PCA11,dinov2_b,compound_field_severe,123,6,0.3456725776195526,0.2987630367279053,0.3555643856525421,1.5809098906810164
PCA11,dinov2_b,compound_field_severe,124,6,0.3492817282676697,0.27095919847488403,0.37975916266441345,1.5709591124046836
PCA11,dinov2_b,compound_field_severe,125,6,0.29834213852882385,0.3849242925643921,0.31673362851142883,1.5761247428523455
PCA11,dinov2_b,compound_field_severe,126,7,0.25225892663002014,0.3854737877845764,0.36226728558540344,1.5620603039259815
PCA11,dinov2_b,compound_field_severe,127,7,0.3044986128807068,0.29420948028564453,0.40129193663597107,1.5702818243032632
PCA11,dinov2_b,compound_field_severe,128,7,0.23028349876403809,0.4134252965450287,0.3562912046909332,1.5451596885454735
PCA11,dinov2_b,compound_field_severe,129,7,0.4285401403903961,0.23792293667793274,0.33353686332702637,1.5450806606463585
PCA11,dinov2_b,compound_field_severe,130,7,0.3693889379501343,0.2851775288581848,0.34543347358703613,1.576653261392015
PCA11,dinov2_b,compound_field_severe,131,7,0.4488238990306854,0.20374953746795654,0.3474265933036804,1.5162749531691717
PCA11,dinov2_b,compound_field_severe,132,7,0.35921457409858704,0.33467695116996765,0.3061084449291229,1.5818956439083154
PCA11,dinov2_b,compound_field_severe,133,7,0.2819872796535492,0.34094861149787903,0.37706419825553894,1.5748462728784156
PCA11,dinov2_b,compound_field_severe,134,7,0.23771370947360992,0.5295051336288452,0.23278117179870605,1.4679442284788968
PCA11,dinov2_b,compound_field_severe,135,7,0.38597479462623596,0.30425891280174255,0.3097662627696991,1.5761423216225592
PCA11,dinov2_b,compound_field_severe,136,7,0.3097836971282959,0.26673778891563416,0.42347851395606995,1.5572388120177916
PCA11,dinov2_b,compound_field_severe,137,7,0.3837915062904358,0.32110100984573364,0.29510748386383057,1.5760931989335005
PCA11,dinov2_b,compound_field_severe,138,7,0.211811825633049,0.42611709237098694,0.36207112669944763,1.529361724974008
PCA11,dinov2_b,compound_field_severe,139,7,0.27916890382766724,0.34013473987579346,0.38069647550582886,1.5734996920999027
PCA11,dinov2_b,compound_field_severe,140,7,0.3458315432071686,0.33475786447525024,0.3194105327129364,1.5841987749648243
PCA11,dinov2_b,compound_field_severe,141,7,0.21018381416797638,0.31239840388298035,0.47741779685020447,1.5065952195809782
PCA11,dinov2_b,compound_field_severe,142,7,0.30191925168037415,0.32880699634552,0.369273841381073,1.5800119894802402
PCA11,dinov2_b,compound_field_severe,143,7,0.3000144958496094,0.3335002660751343,0.3664851784706116,1.5801725028318265
PCA11,dinov2_b,compound_field_severe,144,7,0.20692893862724304,0.4408351480960846,0.35223588347435,1.5214875934959928
PCA11,dinov2_b,compound_field_severe,145,7,0.2703130543231964,0.3661666214466095,0.3635202646255493,1.5715935203377116
PCA11,dinov2_b,compound_field_severe,146,7,0.29857391119003296,0.3972126245498657,0.30421343445777893,1.572046024597153
PCA11,dinov2_b,compound_field_severe,147,7,0.384378045797348,0.2532728910446167,0.36234912276268005,1.5626826951208077
PCA11,dinov2_b,compound_field_severe,148,7,0.37125280499458313,0.4144369959831238,0.2143101543188095,1.5336179029566854
PCA11,dinov2_b,compound_field_severe,149,7,0.24780111014842987,0.2865998148918152,0.46559903025627136,1.5289498729981064
PCA11,dinov2_b,compound_field_severe,150,7,0.37511682510375977,0.23941737413406372,0.3854658007621765,1.554551096074298
PCA11,dinov2_b,compound_field_severe,151,8,0.3513275384902954,0.2393421083688736,0.4093303978443146,1.5514088366357446
PCA11,dinov2_b,compound_field_severe,152,8,0.2915850877761841,0.3726731836795807,0.33574166893959045,1.5777854669341869
PCA11,dinov2_b,compound_field_severe,153,8,0.1774527132511139,0.3274349868297577,0.4951122999191284,1.4721897698881896
PCA11,dinov2_b,compound_field_severe,154,8,0.34773826599121094,0.35796836018562317,0.29429328441619873,1.5798025213591116
PCA11,dinov2_b,compound_field_severe,155,8,0.30641329288482666,0.41399478912353516,0.2795919179916382,1.5636699230738653
PCA11,dinov2_b,compound_field_severe,156,8,0.222137913107872,0.36235666275024414,0.41550543904304504,1.5392925818112815
PCA11,dinov2_b,compound_field_severe,157,8,0.3584514260292053,0.3587578535079956,0.2827907204627991,1.5764347373144108
PCA11,dinov2_b,compound_field_severe,158,8,0.36567825078964233,0.3392186760902405,0.29510316252708435,1.5794026301834183
PCA11,dinov2_b,compound_field_severe,159,8,0.37227579951286316,0.33301180601119995,0.29471245408058167,1.5784410411346965
PCA11,dinov2_b,compound_field_severe,160,8,0.17490006983280182,0.4300498366355896,0.3950500786304474,1.492820902171955
PCA11,dinov2_b,compound_field_severe,161,8,0.31880953907966614,0.29920434951782227,0.38198617100715637,1.5769978533457392
PCA11,dinov2_b,compound_field_severe,162,8,0.27777761220932007,0.2654207646846771,0.4568016231060028,1.5376044460289102
PCA11,dinov2_b,compound_field_severe,163,8,0.37398552894592285,0.32860758900642395,0.2974068522453308,1.5785754733175381
PCA11,dinov2_b,compound_field_severe,164,8,0.1587643176317215,0.39441946148872375,0.44681617617607117,1.4702252108884446
PCA11,dinov2_b,compound_field_severe,165,8,0.2696179449558258,0.46393924951553345,0.2664426863193512,1.5322917829294087
PCA11,dinov2_b,compound_field_severe,166,8,0.36948907375335693,0.3066537380218506,0.3238571882247925,1.5804512692409394
PCA11,dinov2_b,compound_field_severe,167,8,0.3709028661251068,0.2759400010108948,0.3531571328639984,1.5736058577140428
PCA11,dinov2_b,compound_field_severe,168,8,0.2649478316307068,0.3543296158313751,0.38072240352630615,1.5684897547911267
PCA11,dinov2_b,compound_field_severe,169,8,0.2965852618217468,0.3669089674949646,0.3365056812763214,1.57954313198
PCA11,dinov2_b,compound_field_severe,170,8,0.30298590660095215,0.3828721046447754,0.3141419589519501,1.5770276764324167
PCA11,dinov2_b,compound_field_severe,171,8,0.41876667737960815,0.34768790006637573,0.23354533314704895,1.5458335811098793
PCA11,dinov2_b,compound_field_severe,172,8,0.35669493675231934,0.31047847867012024,0.3328266143798828,1.582650416706544
PCA11,dinov2_b,compound_field_severe,173,8,0.3175814151763916,0.3998522162437439,0.28256624937057495,1.569537342384852
PCA11,dinov2_b,compound_field_severe,174,8,0.298768550157547,0.37554284930229187,0.32568854093551636,1.5784529148114208
PCA11,dinov2_b,compound_field_severe,175,8,0.3919057548046112,0.21636733412742615,0.39172685146331787,1.537111315545689
PCA11,dinov2_b,compound_field_severe,176,8,0.44168543815612793,0.2941601276397705,0.2641544044017792,1.5473163508670467
PCA11,dinov2_b,compound_field_severe,177,8,0.2633066773414612,0.3622622489929199,0.3744310140609741,1.5682436407236067
PCA11,dinov2_b,compound_field_severe,178,9,0.19168977439403534,0.3659363389015198,0.44237396121025085,1.5080812784008961
PCA11,dinov2_b,compound_field_severe,179,9,0.3240932524204254,0.3696463406085968,0.30626043677330017,1.580389854779297
PCA11,dinov2_b,compound_field_severe,180,9,0.2622377276420593,0.35524889826774597,0.3825133740901947,1.5671396892272553
PCA11,dinov2_b,compound_field_severe,181,9,0.3606889247894287,0.4467201232910156,0.19259099662303925,1.507644234594838
PCA11,dinov2_b,compound_field_severe,182,9,0.42532843351364136,0.17778535187244415,0.3968862295150757,1.496712959794802
PCA11,dinov2_b,compound_field_severe,183,9,0.26502716541290283,0.37286412715911865,0.36210864782333374,1.5690973760504376
PCA11,dinov2_b,compound_field_severe,184,9,0.42553624510765076,0.16746267676353455,0.4070011079311371,1.4841070370460119
PCA11,dinov2_b,compound_field_severe,185,9,0.3683198392391205,0.3233821988105774,0.3082979917526245,1.5807935860587052
PCA11,dinov2_b,compound_field_severe,186,9,0.22250370681285858,0.416913777589798,0.36058247089385986,1.5392625835939728
PCA11,dinov2_b,compound_field_severe,187,9,0.3880574107170105,0.3862559497356415,0.22568660974502563,1.544726350496981
PCA11,dinov2_b,compound_field_severe,188,10,0.44429290294647217,0.2981509566307068,0.25755611062049866,1.5445932427012197
PCA11,dinov2_b,compound_field_severe,189,10,0.2678186297416687,0.3708895146846771,0.3612918555736542,1.570407678358964
PCA11,dinov2_b,compound_field_severe,190,10,0.20889891684055328,0.3791505992412567,0.4119504392147064,1.5294926212865905
PCA11,dinov2_b,compound_field_severe,191,10,0.35976919531822205,0.2970091998577118,0.3432215750217438,1.5803139859049902
PCA11,dinov2_b,compound_field_severe,192,10,0.43609604239463806,0.29958444833755493,0.2643195390701294,1.5504966893015228
PCA11,dinov2_b,compound_field_severe,193,10,0.34224092960357666,0.3420245051383972,0.31573453545570374,1.583947882535698
PCA11,dinov2_b,compound_field_severe,194,10,0.38548731803894043,0.23097006976604462,0.38354262709617615,1.5487249042047453
PCA11,dinov2_b,compound_field_severe,195,10,0.37951892614364624,0.27681487798690796,0.3436661660671234,1.5729769191281553
PCA11,dinov2_b,compound_field_severe,196,10,0.2768571674823761,0.2753954529762268,0.44774743914604187,1.5443573183759853
PCA11,dinov2_b,compound_field_severe,197,10,0.36033621430397034,0.3159896731376648,0.32367417216300964,1.5825591139971737
PCA11,dinov2_b,compound_field_severe,198,10,0.33204346895217896,0.22796116769313812,0.4399954080581665,1.5355548027172516
PCA11,dinov2_b,compound_field_severe,199,10,0.19440211355686188,0.403487890958786,0.40210995078086853,1.5161862362087928
