dataset,backbone,condition,image_idx,label,cam_pct_c0,cam_pct_c1,cam_pct_c2,entropy
WRD25,mobilenetv3,clean,0,0,0.6384835839271545,0.13588199019432068,0.22563436627388,1.289208323142907
WRD25,mobilenetv3,clean,1,0,0.26918134093284607,0.1858891248703003,0.5449296236038208,1.4381786696240801
WRD25,mobilenetv3,clean,2,0,0.3498481512069702,0.14007437229156494,0.5100774765014648,1.4226966698913954
WRD25,mobilenetv3,clean,3,0,0.4031158983707428,0.07683922350406647,0.5200448036193848,1.3033914832383804
WRD25,mobilenetv3,clean,4,0,0.29641133546829224,0.27694785594940186,0.4266408383846283,1.557298358342174
WRD25,mobilenetv3,clean,5,0,0.4084584712982178,0.1221512034535408,0.46939030289649963,1.4103085336007881
WRD25,mobilenetv3,clean,6,0,0.43214958906173706,0.1652655005455017,0.40258491039276123,1.4807377964986008
WRD25,mobilenetv3,clean,7,0,0.34788206219673157,0.21837952733039856,0.4337383508682251,1.5320013649641495
WRD25,mobilenetv3,clean,8,0,0.39247992634773254,0.16290420293807983,0.44461601972579956,1.4759642081603577
WRD25,mobilenetv3,clean,9,0,0.37136995792388916,0.20352114737033844,0.425108939409256,1.5227761253603456
WRD25,mobilenetv3,clean,10,0,0.39636218547821045,0.3080412447452545,0.29559651017189026,1.5722355140292956
WRD25,mobilenetv3,clean,11,0,0.391741544008255,0.10089191794395447,0.507366418838501,1.3601689554877021
WRD25,mobilenetv3,clean,12,0,0.3993113934993744,0.15569080412387848,0.4449979066848755,1.4664252153842832
WRD25,mobilenetv3,clean,13,0,0.3975330591201782,0.09870078414678574,0.5037661790847778,1.3571095372256141
WRD25,mobilenetv3,clean,14,0,0.4165797233581543,0.09007760882377625,0.49334269762039185,1.341974275796871
WRD25,mobilenetv3,clean,15,0,0.43664678931236267,0.03454161435365677,0.5288116335868835,1.1757818977868442
WRD25,mobilenetv3,clean,16,0,0.4230683743953705,0.06852737069129944,0.5084043145179749,1.286229131698831
WRD25,mobilenetv3,clean,17,0,0.4105055630207062,0.08148039877414703,0.5080139636993408,1.3184127368206686
WRD25,mobilenetv3,clean,18,1,0.8148176074028015,0.13883593678474426,0.04634646698832512,0.8415989182372667
WRD25,mobilenetv3,clean,19,1,0.18500901758670807,0.4529482126235962,0.3620428144931793,1.4985746214361093
WRD25,mobilenetv3,clean,20,1,0.20856039226055145,0.7182714939117432,0.07316810637712479,1.0905905772373756
WRD25,mobilenetv3,clean,21,1,0.03042157180607319,0.647018551826477,0.3225599527359009,1.0862272323181585
WRD25,mobilenetv3,clean,22,1,0.05136267840862274,0.5421315431594849,0.40650585293769836,1.2267597055593182
WRD25,mobilenetv3,clean,23,1,0.030622683465480804,0.5475689768791199,0.42180848121643066,1.1550800852719818
WRD25,mobilenetv3,clean,24,1,0.021725382655858994,0.5625872015953064,0.4156874418258667,1.1133236913510562
WRD25,mobilenetv3,clean,25,2,0.006499189883470535,0.4629214406013489,0.5305793285369873,1.0467404398009053
WRD25,mobilenetv3,clean,26,2,0.038292884826660156,0.6445953845977783,0.31711164116859436,1.1140434859295754
WRD25,mobilenetv3,clean,27,2,0.06656190752983093,0.6795231103897095,0.25391486287117004,1.1411087546447802
WRD25,mobilenetv3,clean,28,2,0.3838983476161957,0.5520662069320679,0.06403554230928421,1.257310368936242
WRD25,mobilenetv3,clean,29,2,0.25214895606040955,0.706712543964386,0.041138533502817154,1.044484947125496
WRD25,mobilenetv3,clean,30,2,0.31620946526527405,0.6494436860084534,0.03434690088033676,1.096715129427198
WRD25,mobilenetv3,clean,31,2,0.05960072949528694,0.9112746715545654,0.02912461943924427,0.5132189961921596
WRD25,mobilenetv3,clean,32,2,0.058402951806783676,0.8024923801422119,0.13910475373268127,0.8899262760979727
WRD25,mobilenetv3,clean,33,2,0.05991680920124054,0.8469125628471375,0.09317058324813843,0.7653479327500086
WRD25,mobilenetv3,clean,34,2,0.30882182717323303,0.6421135067939758,0.049064625054597855,1.1472654704335974
WRD25,mobilenetv3,clean,35,2,0.6982257962226868,0.26700952649116516,0.034764621406793594,1.0389851948038096
WRD25,mobilenetv3,clean,36,3,0.0033153581898659468,0.02964412420988083,0.9670406579971313,0.22454226327625906
WRD25,mobilenetv3,clean,37,3,0.0445738360285759,0.9470303058624268,0.008395753800868988,0.3322886791792383
WRD25,mobilenetv3,clean,38,3,0.0025398454163223505,0.03857715055346489,0.9588831663131714,0.26114131690302844
WRD25,mobilenetv3,clean,39,3,0.7226439714431763,0.06006576493382454,0.2172902375459671,1.0609070094244109
WRD25,mobilenetv3,clean,40,3,0.6641712784767151,0.02497577853500843,0.31085294485092163,1.0490663741415576
WRD25,mobilenetv3,clean,41,4,0.6930955052375793,0.004667649976909161,0.3022368848323822,0.9244381163363233
WRD25,mobilenetv3,clean,42,4,0.031486283987760544,0.9020889401435852,0.06642471998929977,0.5510548449409923
WRD25,mobilenetv3,clean,43,4,0.019344190135598183,0.6424849629402161,0.3381709158420563,1.0491408931101804
WRD25,mobilenetv3,clean,44,4,0.4550853371620178,0.40706875920295715,0.13784576952457428,1.4387933707039693
WRD25,mobilenetv3,clean,45,4,0.4667845368385315,0.13498671352863312,0.39822879433631897,1.4320472096276018
WRD25,mobilenetv3,clean,46,5,0.04941006377339363,0.00533767556771636,0.9452522397041321,0.3314715874878793
WRD25,mobilenetv3,clean,47,5,0.021728284657001495,0.562664270401001,0.41560739278793335,1.1133023706985918
WRD25,mobilenetv3,clean,48,5,0.008344002068042755,0.46405738592147827,0.5275986194610596,1.0583202426059253
WRD25,mobilenetv3,clean,49,5,0.012365415692329407,0.5787281394004822,0.40890637040138245,1.0625609819294866
WRD25,mobilenetv3,clean,50,6,0.14039963483810425,0.756301760673523,0.1032985970377922,1.0407443531074525
WRD25,mobilenetv3,clean,51,6,0.037964582443237305,0.9031466245651245,0.058888792991638184,0.5525076152477312
WRD25,mobilenetv3,clean,52,6,0.01487691979855299,0.20127448439598083,0.7838485240936279,0.8312225045496612
WRD25,mobilenetv3,clean,53,7,0.18232998251914978,0.6420454382896423,0.1756245642900467,1.2988361426532247
WRD25,mobilenetv3,clean,54,7,0.025281013920903206,0.6754183769226074,0.2993006110191345,1.037404602612333
WRD25,mobilenetv3,clean,55,7,0.021464943885803223,0.7657449841499329,0.21278996765613556,0.8888700111944878
WRD25,mobilenetv3,clean,56,7,0.6588228344917297,0.020235849544405937,0.3209414780139923,1.0367234823317366
WRD25,mobilenetv3,clean,57,7,0.4111476242542267,0.4927707314491272,0.09608164429664612,1.3550445978393184
WRD25,mobilenetv3,clean,58,7,0.2964073717594147,0.5246275067329407,0.17896516621112823,1.4524740025023866
WRD25,mobilenetv3,clean,59,7,0.11877995729446411,0.7352011203765869,0.14601893723011017,1.0966760701719769
WRD25,mobilenetv3,clean,60,7,0.45856356620788574,0.3686654567718506,0.1727709174156189,1.4841722847348704
WRD25,mobilenetv3,clean,61,7,0.49973517656326294,0.4370448589324951,0.06322003155946732,1.273848213538264
WRD25,mobilenetv3,clean,62,7,0.21159811317920685,0.7070594429969788,0.08134232461452484,1.1221520010058232
WRD25,mobilenetv3,clean,63,7,0.15543662011623383,0.7130376100540161,0.13152574002742767,1.1502884658527914
WRD25,mobilenetv3,clean,64,7,0.2651335597038269,0.6645721197128296,0.07029435783624649,1.1688117797094457
WRD25,mobilenetv3,clean,65,7,0.4646146297454834,0.22236309945583344,0.313022255897522,1.5206420157120004
WRD25,mobilenetv3,clean,66,7,0.6447321176528931,0.06111768260598183,0.2941502332687378,1.1739908115628002
WRD25,mobilenetv3,clean,67,7,0.40022122859954834,0.2969519793987274,0.30282676219940186,1.5708171150605126
WRD25,mobilenetv3,clean,68,7,0.32395249605178833,0.40902218222618103,0.26702526211738586,1.5630002285470628
WRD25,mobilenetv3,clean,69,8,0.15181097388267517,0.6321688890457153,0.2160201519727707,1.3086965594188922
WRD25,mobilenetv3,clean,70,8,0.3146493136882782,0.48413893580436707,0.20121169090270996,1.4969931972314428
WRD25,mobilenetv3,clean,71,8,0.34003323316574097,0.450042724609375,0.20992404222488403,1.520328167412699
WRD25,mobilenetv3,clean,72,8,0.1624564528465271,0.6995643973350525,0.13797906041145325,1.1808180476088768
WRD25,mobilenetv3,clean,73,8,0.3080655336380005,0.5547470450401306,0.13718748092651367,1.3880464955204204
WRD25,mobilenetv3,clean,74,8,0.2413712441921234,0.6082221269607544,0.15040653944015503,1.3423398637753468
WRD25,mobilenetv3,clean,75,8,0.22488823533058167,0.6640735268592834,0.11103823035955429,1.228401287041946
WRD25,mobilenetv3,clean,76,8,0.5375725626945496,0.3552364706993103,0.10719101876020432,1.3571421412572287
WRD25,mobilenetv3,clean,77,8,0.42165032029151917,0.4478530287742615,0.13049663603305817,1.4277323265837534
WRD25,mobilenetv3,clean,78,8,0.37963154911994934,0.3707789480686188,0.24958941340446472,1.5609619758907116
WRD25,mobilenetv3,clean,79,8,0.32594576478004456,0.3948713541030884,0.27918294072151184,1.5703906690749996
WRD25,mobilenetv3,clean,80,8,0.2481033205986023,0.6117556691169739,0.14014101028442383,1.3299571449455432
WRD25,mobilenetv3,clean,81,8,0.46148115396499634,0.4219795763492584,0.11653927713632584,1.4015168706313448
WRD25,mobilenetv3,clean,82,8,0.43617790937423706,0.24347978830337524,0.3203423321247101,1.5444550090637366
WRD25,mobilenetv3,clean,83,8,0.5282226204872131,0.3435239791870117,0.12825347483158112,1.3959321337626867
WRD25,mobilenetv3,clean,84,8,0.36456313729286194,0.4248725175857544,0.2105642557144165,1.5286689170452643
WRD25,mobilenetv3,clean,85,8,0.5660067796707153,0.31901732087135315,0.1149759590625763,1.3493807581771262
WRD25,mobilenetv3,clean,86,9,0.531722366809845,0.1324232965707779,0.33585432171821594,1.3994488527470783
WRD25,mobilenetv3,clean,87,9,0.034535329788923264,0.5805805325508118,0.3848841190338135,1.1533013514869985
WRD25,mobilenetv3,clean,88,9,0.5073018670082092,0.09556619077920914,0.39713194966316223,1.3495103834246462
WRD25,mobilenetv3,clean,89,9,0.09982181340456009,0.3993515074253082,0.5008266568183899,1.360339577746383
WRD25,mobilenetv3,clean,90,9,0.03752051293849945,0.529869794845581,0.4326097071170807,1.1861837445955292
WRD25,mobilenetv3,clean,91,9,0.03564974293112755,0.4118677079677582,0.552482545375824,1.1714851146898075
WRD25,mobilenetv3,clean,92,9,0.024975605309009552,0.4824874997138977,0.4925369620323181,1.1434816481354617
WRD25,mobilenetv3,clean,93,9,0.07372739166021347,0.5358651280403137,0.39040741324424744,1.289409238286353
WRD25,mobilenetv3,clean,94,9,0.06848358362913132,0.5302870869636536,0.4012293815612793,1.2788158691779938
WRD25,mobilenetv3,clean,95,9,0.42886999249458313,0.13632334768772125,0.4348067045211792,1.4381756060633188
WRD25,mobilenetv3,clean,96,9,0.062391702085733414,0.5530277490615845,0.38458052277565,1.2525262872895249
WRD25,mobilenetv3,clean,97,10,0.9032952785491943,0.06952100247144699,0.027183715254068375,0.5413325798028459
WRD25,mobilenetv3,clean,98,10,0.8919882774353027,0.005737829487770796,0.10227397084236145,0.5262407737892474
WRD25,mobilenetv3,clean,99,10,0.37426498532295227,0.5352939367294312,0.09044111520051956,1.3268259060112575
WRD25,mobilenetv3,clean,100,10,0.6201084852218628,0.3316008150577545,0.04829076677560806,1.166707769805231
WRD25,mobilenetv3,clean,101,10,0.6189624667167664,0.24649180471897125,0.1345457285642624,1.315731025586442
WRD25,mobilenetv3,clean,102,10,0.3429773151874542,0.5224524736404419,0.13457028567790985,1.4082255724930384
WRD25,mobilenetv3,clean,103,10,0.8813890218734741,0.032911915332078934,0.08569896966218948,0.6264101974732627
WRD25,mobilenetv3,clean,104,10,0.38493868708610535,0.5556473135948181,0.059413980692625046,1.2432269772641014
WRD25,mobilenetv3,clean,105,10,0.37597522139549255,0.5292332768440247,0.09479159861803055,1.3386651275898274
WRD25,mobilenetv3,clean,106,10,0.4771907329559326,0.45441970229148865,0.06838954240083694,1.2910937254592214
WRD25,mobilenetv3,clean,107,11,0.23307085037231445,0.020940670743584633,0.7459885478019714,0.9219016968642572
WRD25,mobilenetv3,clean,108,11,0.03280679136514664,0.6839402318000793,0.28325292468070984,1.0520459500788255
WRD25,mobilenetv3,clean,109,11,0.02686562016606331,0.647446870803833,0.325687438249588,1.0733497652187167
WRD25,mobilenetv3,clean,110,11,0.03364548832178116,0.6618968844413757,0.3044576644897461,1.081037712695995
WRD25,mobilenetv3,clean,111,11,0.03164806216955185,0.5819450616836548,0.3864068388938904,1.1422635197130626
WRD25,mobilenetv3,clean,112,11,0.05258289724588394,0.8577238917350769,0.08969318121671677,0.7253810984488853
WRD25,mobilenetv3,clean,113,11,0.5589765310287476,0.02401779592037201,0.41700562834739685,1.1244728008240632
WRD25,mobilenetv3,clean,114,12,0.5018590092658997,0.42647451162338257,0.07166638225317001,1.2960247357649626
WRD25,mobilenetv3,clean,115,13,0.5199159979820251,0.33395543694496155,0.14612862467765808,1.4244885276227803
WRD25,mobilenetv3,clean,116,13,0.7696248292922974,0.1599772870540619,0.07039797306060791,0.9832391666396856
WRD25,mobilenetv3,clean,117,13,0.5677924156188965,0.18711328506469727,0.24509431421756744,1.4132782151266217
WRD25,mobilenetv3,clean,118,13,0.03923463821411133,0.413936972618103,0.5468283891677856,1.1862354032606661
WRD25,mobilenetv3,clean,119,13,0.011575274169445038,0.42703986167907715,0.561384916305542,1.0662761923663362
WRD25,mobilenetv3,clean,120,13,0.4095425605773926,0.24402563273906708,0.3464318513870239,1.553840327845755
WRD25,mobilenetv3,clean,121,14,0.27890512347221375,0.10846693813800812,0.6126279234886169,1.2944642049845148
WRD25,mobilenetv3,clean,122,14,0.3974553644657135,0.39277660846710205,0.2097681760787964,1.5312511959802033
WRD25,mobilenetv3,clean,123,14,0.4461025297641754,0.4615127444267273,0.09238480776548386,1.3518067234965894
WRD25,mobilenetv3,clean,124,14,0.5197454690933228,0.20890182256698608,0.271352618932724,1.4732546012258556
WRD25,mobilenetv3,clean,125,14,0.6705895662307739,0.07986945658922195,0.24954113364219666,1.177558282485007
WRD25,mobilenetv3,clean,126,15,0.3715129494667053,0.2409847229719162,0.3875023126602173,1.5554462972932388
WRD25,mobilenetv3,clean,127,15,0.3624400496482849,0.24792185425758362,0.38963809609413147,1.5593361792391809
WRD25,mobilenetv3,clean,128,15,0.3764549195766449,0.2687779366970062,0.35476717352867126,1.570463566577514
WRD25,mobilenetv3,clean,129,15,0.43777570128440857,0.11603639274835587,0.4461878836154938,1.401765109943563
WRD25,mobilenetv3,clean,130,15,0.3236435651779175,0.34458911418914795,0.33176741003990173,1.5844808692962977
WRD25,mobilenetv3,clean,131,15,0.38307639956474304,0.14426776766777039,0.4726558029651642,1.444263028628101
WRD25,mobilenetv3,clean,132,15,0.39370450377464294,0.29438045620918274,0.3119150996208191,1.5730782761104876
WRD25,mobilenetv3,clean,133,15,0.47438931465148926,0.21897397935390472,0.30663666129112244,1.5131213059773359
WRD25,mobilenetv3,clean,134,15,0.37384870648384094,0.21888819336891174,0.40726304054260254,1.5382125860066413
WRD25,mobilenetv3,clean,135,15,0.49238714575767517,0.12843802571296692,0.3791748285293579,1.4140627874579472
WRD25,mobilenetv3,clean,136,15,0.5066542029380798,0.2219398319721222,0.27140602469444275,1.4896342950326573
WRD25,mobilenetv3,clean,137,15,0.4217852056026459,0.21042782068252563,0.3677869141101837,1.5292059496963695
WRD25,mobilenetv3,clean,138,15,0.5691391825675964,0.08132417500019073,0.34953662753105164,1.2872679379669956
WRD25,mobilenetv3,clean,139,15,0.4767540991306305,0.12683060765266418,0.3964153826236725,1.4165113538845473
WRD25,mobilenetv3,clean,140,15,0.4434150755405426,0.32932835817337036,0.22725653648376465,1.5337469401989638
WRD25,mobilenetv3,clean,141,16,0.03505760803818703,0.25812771916389465,0.7068146467208862,1.0276427154658785
WRD25,mobilenetv3,clean,142,16,0.008346852846443653,0.5572831630706787,0.43436992168426514,1.0502580758739786
WRD25,mobilenetv3,clean,143,16,0.0450025238096714,0.29025590419769287,0.664741575717926,1.1109482195376517
WRD25,mobilenetv3,clean,144,16,0.0632416382431984,0.6502571702003479,0.2865012288093567,1.1723189887264787
WRD25,mobilenetv3,clean,145,16,0.0315668024122715,0.6748165488243103,0.2936165928840637,1.059400185547624
WRD25,mobilenetv3,clean,146,16,0.08589299023151398,0.5397270917892456,0.37437987327575684,1.3150237786183376
WRD25,mobilenetv3,clean,147,16,0.13229653239250183,0.22284656763076782,0.644856870174408,1.2768814164888236
WRD25,mobilenetv3,clean,148,17,0.033586885780096054,0.5320520401000977,0.4343611001968384,1.1713500984852294
WRD25,mobilenetv3,clean,149,17,0.6931101679801941,0.2955464720726013,0.011343387886881828,0.9595789921163488
WRD25,mobilenetv3,clean,150,17,0.009683291427791119,0.6089980602264404,0.3813188076019287,1.0309042889695923
WRD25,mobilenetv3,clean,151,17,0.24508771300315857,0.3525923788547516,0.40231993794441223,1.5559467761343626
WRD25,mobilenetv3,clean,152,18,0.0760168582201004,0.6942904591560364,0.22969265282154083,1.1355212630800187
WRD25,mobilenetv3,clean,153,18,0.029456157237291336,0.187677264213562,0.7828665971755981,0.8792632192233008
WRD25,mobilenetv3,clean,154,18,0.016025856137275696,0.42961016297340393,0.554364025592804,1.0910374479745928
WRD25,mobilenetv3,clean,155,18,0.016176166012883186,0.41088196635246277,0.572941780090332,1.0838747341175232
WRD25,mobilenetv3,clean,156,18,0.3409651517868042,0.45863327383995056,0.20040152966976166,1.509792628212937
WRD25,mobilenetv3,clean,157,18,0.26097097992897034,0.5607692003250122,0.1782599240541458,1.417246538217731
WRD25,mobilenetv3,clean,158,18,0.5107420086860657,0.16595858335494995,0.3232994079589844,1.4517685994974503
WRD25,mobilenetv3,clean,159,18,0.49425703287124634,0.11537899076938629,0.39036399126052856,1.3917294902859707
WRD25,mobilenetv3,clean,160,18,0.5511206984519958,0.18117474019527435,0.2677046060562134,1.4292177740809877
WRD25,mobilenetv3,clean,161,18,0.08851990848779678,0.49307167530059814,0.4184083640575409,1.3385734689083875
WRD25,mobilenetv3,clean,162,18,0.45585864782333374,0.13390736281871796,0.41023388504981995,1.4324157119226757
WRD25,mobilenetv3,clean,163,18,0.2248680591583252,0.5070374011993408,0.268094539642334,1.490081980083111
WRD25,mobilenetv3,clean,164,18,0.4425366520881653,0.09162777662277222,0.4658355712890625,1.3498210132688415
WRD25,mobilenetv3,clean,165,18,0.08371516317129135,0.5234641432762146,0.3928206264972687,1.3179387269921357
WRD25,mobilenetv3,clean,166,18,0.18629319965839386,0.3556205928325653,0.458086222410202,1.4980269366623253
WRD25,mobilenetv3,clean,167,18,0.093905009329319,0.09065131843090057,0.8154436945915222,0.8744587270309625
WRD25,mobilenetv3,clean,168,18,0.3074946701526642,0.5355366468429565,0.1569686084985733,1.4249831773602804
WRD25,mobilenetv3,clean,169,18,0.5041447281837463,0.36886391043663025,0.12699146568775177,1.4069549377392305
WRD25,mobilenetv3,clean,170,19,0.021155163645744324,0.4550001621246338,0.5238445997238159,1.1232274414036372
WRD25,mobilenetv3,clean,171,19,0.0017118749674409628,0.4983181059360504,0.49997007846832275,1.0164862358808469
WRD25,mobilenetv3,clean,172,19,0.015377698466181755,0.5224542617797852,0.4621679186820984,1.0965920037295835
WRD25,mobilenetv3,clean,173,19,0.5578784346580505,0.3491191267967224,0.09300252050161362,1.3184378585036691
WRD25,mobilenetv3,clean,174,20,0.43221813440322876,0.13940228521823883,0.4283795952796936,1.443256668610963
WRD25,mobilenetv3,clean,175,20,0.06482913345098495,0.45929694175720215,0.4758739471435547,1.281282596402786
WRD25,mobilenetv3,clean,176,20,0.08941870182752609,0.5761401057243347,0.3344411551952362,1.2982704183513256
WRD25,mobilenetv3,clean,177,20,0.12554867565631866,0.4444854259490967,0.42996588349342346,1.4193802011775687
WRD25,mobilenetv3,clean,178,21,0.017668429762125015,0.7515913248062134,0.23074030876159668,0.9006856316501178
WRD25,mobilenetv3,clean,179,21,0.0036278360057622194,0.7619630694389343,0.23440903425216675,0.8188515638917842
WRD25,mobilenetv3,clean,180,21,0.1002856120467186,0.7077440023422241,0.1919703632593155,1.1427711939727292
WRD25,mobilenetv3,clean,181,21,0.09183496236801147,0.631696343421936,0.2764686346054077,1.2477748418212993
WRD25,mobilenetv3,clean,182,21,0.3973875939846039,0.1664307862520218,0.43618157505989075,1.4817408265487857
WRD25,mobilenetv3,clean,183,21,0.573128879070282,0.05323829501867294,0.37363287806510925,1.2162071219181265
WRD25,mobilenetv3,clean,184,21,0.44683969020843506,0.11698886752128601,0.4361715018749237,1.4035612123964025
WRD25,mobilenetv3,clean,185,22,0.04559718072414398,0.6310227513313293,0.3233800232410431,1.1489677157110094
WRD25,mobilenetv3,clean,186,22,0.5825594067573547,0.3228403627872467,0.09460023045539856,1.3025367932005365
WRD25,mobilenetv3,clean,187,22,0.07458934932947159,0.7329760789871216,0.1924346536397934,1.0653455252848385
WRD25,mobilenetv3,clean,188,22,0.10356692224740982,0.7070949673652649,0.18933811783790588,1.1469635677348942
WRD25,mobilenetv3,clean,189,22,0.08813735097646713,0.6173279285430908,0.294534832239151,1.2578444987157882
WRD25,mobilenetv3,clean,190,23,0.10825661569833755,0.2154410183429718,0.6763022541999817,1.2059636491058852
WRD25,mobilenetv3,clean,191,23,0.062404781579971313,0.3169807195663452,0.6206145286560059,1.202288328595209
WRD25,mobilenetv3,clean,192,23,0.649771511554718,0.10479126870632172,0.24543720483779907,1.242585420497634
WRD25,mobilenetv3,clean,193,23,0.2481713891029358,0.4899945557117462,0.2618340849876404,1.509452530459684
WRD25,mobilenetv3,clean,194,24,0.6692157983779907,0.16397292912006378,0.16681122779846191,1.2464921554771138
WRD25,mobilenetv3,clean,195,24,0.4481697082519531,0.45668816566467285,0.09514206647872925,1.3582044652383274
WRD25,mobilenetv3,clean,196,24,0.0136362724006176,0.5814526677131653,0.40491098165512085,1.0674815495798922
WRD25,mobilenetv3,clean,197,24,0.36469215154647827,0.4371017515659332,0.19820605218410492,1.5153960917724492
WRD25,mobilenetv3,clean,198,24,0.13427512347698212,0.3789482116699219,0.4867767095565796,1.4250589428891574
WRD25,mobilenetv3,clean,199,24,0.10926525294780731,0.49584680795669556,0.3948879539966583,1.380158342909847
WRD25,mobilenetv3,gaussian_blur_4,0,0,0.49267664551734924,0.24297365546226501,0.2643495500087738,1.5065186449730965
WRD25,mobilenetv3,gaussian_blur_4,1,0,0.5698403716087341,0.016218846663832664,0.4139408767223358,1.0855329875308333
WRD25,mobilenetv3,gaussian_blur_4,2,0,0.35859474539756775,0.1767224669456482,0.4646826982498169,1.4862431373683944
WRD25,mobilenetv3,gaussian_blur_4,3,0,0.35170307755470276,0.1752309650182724,0.47306594252586365,1.4813723729196517
WRD25,mobilenetv3,gaussian_blur_4,4,0,0.4208434820175171,0.10403436422348022,0.4751221239566803,1.3752475099104897
WRD25,mobilenetv3,gaussian_blur_4,5,0,0.421449214220047,0.09256602823734283,0.485984742641449,1.349097802057008
WRD25,mobilenetv3,gaussian_blur_4,6,0,0.4312826097011566,0.14754854142665863,0.42116889357566833,1.4560362652124714
WRD25,mobilenetv3,gaussian_blur_4,7,0,0.4877515435218811,0.016102420166134834,0.496146023273468,1.1028040820503584
WRD25,mobilenetv3,gaussian_blur_4,8,0,0.38198593258857727,0.15301445126533508,0.464999794960022,1.4584398416659954
WRD25,mobilenetv3,gaussian_blur_4,9,0,0.35576581954956055,0.18742339313030243,0.45681092143058777,1.4995394393935109
WRD25,mobilenetv3,gaussian_blur_4,10,0,0.32767048478126526,0.4112221300601959,0.2611073851585388,1.5604757393348592
WRD25,mobilenetv3,gaussian_blur_4,11,0,0.3755793869495392,0.14107245206832886,0.4833480715751648,1.4361886181489025
WRD25,mobilenetv3,gaussian_blur_4,12,0,0.36810213327407837,0.17243589460849762,0.45946192741394043,1.4835207812348594
WRD25,mobilenetv3,gaussian_blur_4,13,0,0.43552955985069275,0.09823533147573471,0.4662351608276367,1.3643869474960733
WRD25,mobilenetv3,gaussian_blur_4,14,0,0.3800331652164459,0.09405640512704849,0.5259104371070862,1.3387920580483161
WRD25,mobilenetv3,gaussian_blur_4,15,0,0.4683009684085846,0.049421168863773346,0.48227787017822266,1.2343635978245766
WRD25,mobilenetv3,gaussian_blur_4,16,0,0.4202781915664673,0.09189674258232117,0.487824946641922,1.3472450894355927
WRD25,mobilenetv3,gaussian_blur_4,17,0,0.41045278310775757,0.12561525404453278,0.4639319181442261,1.417313019561349
WRD25,mobilenetv3,gaussian_blur_4,18,1,0.6269300580024719,0.2879258096218109,0.08514419198036194,1.2420941857105228
WRD25,mobilenetv3,gaussian_blur_4,19,1,0.26163017749786377,0.48130080103874207,0.2570689916610718,1.5176611124569868
WRD25,mobilenetv3,gaussian_blur_4,20,1,0.9063023328781128,0.034228090196847916,0.05946946144104004,0.53742424187737
WRD25,mobilenetv3,gaussian_blur_4,21,1,0.567974328994751,0.21770569682121277,0.21431991457939148,1.4186331374547172
WRD25,mobilenetv3,gaussian_blur_4,22,1,0.10072308033704758,0.4302230477333069,0.46905386447906494,1.369350572319234
WRD25,mobilenetv3,gaussian_blur_4,23,1,0.3787152171134949,0.3031950891017914,0.31808969378471375,1.578156742440627
WRD25,mobilenetv3,gaussian_blur_4,24,1,0.46835169196128845,0.0994088351726532,0.43223950266838074,1.3666651791943192
WRD25,mobilenetv3,gaussian_blur_4,25,2,0.24283450841903687,0.49713313579559326,0.2600323557853699,1.5024187991276439
WRD25,mobilenetv3,gaussian_blur_4,26,2,0.03293637931346893,0.551258385181427,0.4158053398132324,1.162243169610906
WRD25,mobilenetv3,gaussian_blur_4,27,2,0.8504552841186523,0.02544255368411541,0.12410222738981247,0.7071018348574649
WRD25,mobilenetv3,gaussian_blur_4,28,2,0.8604198694229126,0.07915876060724258,0.06042135879397392,0.7208983329860682
WRD25,mobilenetv3,gaussian_blur_4,29,2,0.47396430373191833,0.36657819151878357,0.15945741534233093,1.4636289546790469
WRD25,mobilenetv3,gaussian_blur_4,30,2,0.22059237957000732,0.6765386462211609,0.10286905616521835,1.199939827935324
WRD25,mobilenetv3,gaussian_blur_4,31,2,0.050128526985645294,0.9199047088623047,0.0299666877835989,0.4789091735342302
WRD25,mobilenetv3,gaussian_blur_4,32,2,0.022566910833120346,0.887885570526123,0.08954744040966034,0.5874865041159243
WRD25,mobilenetv3,gaussian_blur_4,33,2,0.05511505529284477,0.716111421585083,0.2287735641002655,1.062272953046809
WRD25,mobilenetv3,gaussian_blur_4,34,2,0.5421946048736572,0.14309045672416687,0.31471502780914307,1.4050978195125174
WRD25,mobilenetv3,gaussian_blur_4,35,2,0.47072815895080566,0.15695348381996155,0.3723183274269104,1.461712370433641
WRD25,mobilenetv3,gaussian_blur_4,36,3,0.011523361317813396,0.44293302297592163,0.5455436110496521,1.0715100776891457
WRD25,mobilenetv3,gaussian_blur_4,37,3,0.04824534431099892,0.5125292539596558,0.439225435256958,1.2265740291800173
WRD25,mobilenetv3,gaussian_blur_4,38,3,0.03600914403796196,0.4366292953491211,0.5273615717887878,1.181506553290793
WRD25,mobilenetv3,gaussian_blur_4,39,3,0.9383098483085632,0.027617421001195908,0.03407272696495056,0.39531995038228573
WRD25,mobilenetv3,gaussian_blur_4,40,3,0.8732392191886902,0.021107494831085205,0.1056533008813858,0.6308397698040001
WRD25,mobilenetv3,gaussian_blur_4,41,4,0.7537228465080261,0.16162265837192535,0.08465448021888733,1.0339553282226233
WRD25,mobilenetv3,gaussian_blur_4,42,4,0.036446742713451385,0.35060611367225647,0.6129471659660339,1.1371304431716438
WRD25,mobilenetv3,gaussian_blur_4,43,4,0.03157166764140129,0.7412013411521912,0.22722692787647247,0.9634016670663331
WRD25,mobilenetv3,gaussian_blur_4,44,4,0.2084270864725113,0.6560078263282776,0.1355651468038559,1.2613626613736768
WRD25,mobilenetv3,gaussian_blur_4,45,4,0.3941137492656708,0.22602228820323944,0.3798639476299286,1.5448010045937575
WRD25,mobilenetv3,gaussian_blur_4,46,5,0.03857475891709328,0.3588421642780304,0.6025830507278442,1.1520795224426201
WRD25,mobilenetv3,gaussian_blur_4,47,5,0.043019045144319534,0.4903884828090668,0.4665924608707428,1.2125212448599556
WRD25,mobilenetv3,gaussian_blur_4,48,5,0.04696478694677353,0.5499076247215271,0.4031274914741516,1.2100242076035932
WRD25,mobilenetv3,gaussian_blur_4,49,5,0.027578080072999,0.6624091267585754,0.3100126385688782,1.0602684705517849
WRD25,mobilenetv3,gaussian_blur_4,50,6,0.8859496712684631,0.08982502669095993,0.0242252666503191,0.5971018257808369
WRD25,mobilenetv3,gaussian_blur_4,51,6,0.02771086059510708,0.7678048014640808,0.20448431372642517,0.9042942368165484
WRD25,mobilenetv3,gaussian_blur_4,52,6,0.02054530754685402,0.4993502199649811,0.4801044166088104,1.1236733261440022
WRD25,mobilenetv3,gaussian_blur_4,53,7,0.3509294390678406,0.40605276823043823,0.2430177927017212,1.5541069509650058
WRD25,mobilenetv3,gaussian_blur_4,54,7,0.051521703600883484,0.4571497142314911,0.49132853746414185,1.240415876223808
WRD25,mobilenetv3,gaussian_blur_4,55,7,0.05209475755691528,0.7386216521263123,0.20928357541561127,1.0171531686782003
WRD25,mobilenetv3,gaussian_blur_4,56,7,0.44529590010643005,0.08589243143796921,0.46881160140037537,1.336279755258357
WRD25,mobilenetv3,gaussian_blur_4,57,7,0.28930288553237915,0.483559787273407,0.22713731229305267,1.5102491943207756
WRD25,mobilenetv3,gaussian_blur_4,58,7,0.6639100909233093,0.14021238684654236,0.1958775669336319,1.2504364712489757
WRD25,mobilenetv3,gaussian_blur_4,59,7,0.44498544931411743,0.3445248305797577,0.21048974990844727,1.522682026564667
WRD25,mobilenetv3,gaussian_blur_4,60,7,0.29255202412605286,0.27363768219947815,0.4338105022907257,1.5530554594371133
WRD25,mobilenetv3,gaussian_blur_4,61,7,0.5850312113761902,0.13756857812404633,0.2774002254009247,1.3593413124956524
WRD25,mobilenetv3,gaussian_blur_4,62,7,0.7114108800888062,0.12473851442337036,0.16385048627853394,1.151645167205147
WRD25,mobilenetv3,gaussian_blur_4,63,7,0.5033192038536072,0.3191376030445099,0.17754323780536652,1.4671233796886005
WRD25,mobilenetv3,gaussian_blur_4,64,7,0.22316882014274597,0.5807857513427734,0.1960453987121582,1.3990336147512612
WRD25,mobilenetv3,gaussian_blur_4,65,7,0.7545928359031677,0.050064221024513245,0.19534285366535187,0.9830312875353344
WRD25,mobilenetv3,gaussian_blur_4,66,7,0.5912065505981445,0.0968218520283699,0.3119715452194214,1.29871084741431
WRD25,mobilenetv3,gaussian_blur_4,67,7,0.3638462722301483,0.29054176807403564,0.3456119894981384,1.5785401872957445
WRD25,mobilenetv3,gaussian_blur_4,68,7,0.37088891863822937,0.20400036871433258,0.42511066794395447,1.523190343748445
WRD25,mobilenetv3,gaussian_blur_4,69,8,0.7564159631729126,0.03771240636706352,0.2058716118335724,0.952405278658101
WRD25,mobilenetv3,gaussian_blur_4,70,8,0.30349788069725037,0.4336342215538025,0.26286792755126953,1.5515154183673578
WRD25,mobilenetv3,gaussian_blur_4,71,8,0.6810792684555054,0.2386212944984436,0.0802994892001152,1.1628358153417284
WRD25,mobilenetv3,gaussian_blur_4,72,8,0.4902348518371582,0.054842058569192886,0.45492297410964966,1.2508260889730494
WRD25,mobilenetv3,gaussian_blur_4,73,8,0.6483326554298401,0.14658446609973907,0.20508289337158203,1.28016353979968
WRD25,mobilenetv3,gaussian_blur_4,74,8,0.40414494276046753,0.41568294167518616,0.18017207086086273,1.5001641287781302
WRD25,mobilenetv3,gaussian_blur_4,75,8,0.5899989008903503,0.20350618660449982,0.20649489760398865,1.3864864159787595
WRD25,mobilenetv3,gaussian_blur_4,76,8,0.8787658214569092,0.03716761991381645,0.08406661450862885,0.6406975957072671
WRD25,mobilenetv3,gaussian_blur_4,77,8,0.6827912330627441,0.1467062383890152,0.17050251364707947,1.2172400553514837
WRD25,mobilenetv3,gaussian_blur_4,78,8,0.6495746374130249,0.14565855264663696,0.20476680994033813,1.2776463037089176
WRD25,mobilenetv3,gaussian_blur_4,79,8,0.6821211576461792,0.12109226733446121,0.1967865228652954,1.2068109026252345
WRD25,mobilenetv3,gaussian_blur_4,80,8,0.7536279559135437,0.05430233106017113,0.19206978380680084,0.9929445723417456
WRD25,mobilenetv3,gaussian_blur_4,81,8,0.3936189115047455,0.40918898582458496,0.19719205796718597,1.518866647388082
WRD25,mobilenetv3,gaussian_blur_4,82,8,0.3681933581829071,0.38544151186943054,0.24636511504650116,1.558816080971347
WRD25,mobilenetv3,gaussian_blur_4,83,8,0.4061810374259949,0.350395530462265,0.24342329800128937,1.5542938206926988
WRD25,mobilenetv3,gaussian_blur_4,84,8,0.7864993810653687,0.09933049976825714,0.11417015641927719,0.9608770458413003
WRD25,mobilenetv3,gaussian_blur_4,85,8,0.7954023480415344,0.11092673242092133,0.09367090463638306,0.9345751859846188
WRD25,mobilenetv3,gaussian_blur_4,86,9,0.5408915877342224,0.33961355686187744,0.11949487775564194,1.3749271483904844
WRD25,mobilenetv3,gaussian_blur_4,87,9,0.08562922477722168,0.5586039423942566,0.3557668924331665,1.3033515160843687
WRD25,mobilenetv3,gaussian_blur_4,88,9,0.27993011474609375,0.2714948058128357,0.44857507944107056,1.5436878473656996
WRD25,mobilenetv3,gaussian_blur_4,89,9,0.276901513338089,0.3648450970649719,0.35825344920158386,1.5742496103780108
WRD25,mobilenetv3,gaussian_blur_4,90,9,0.2947900593280792,0.11664785444736481,0.5885621309280396,1.3311653327161144
WRD25,mobilenetv3,gaussian_blur_4,91,9,0.47153639793395996,0.15031279623508453,0.3781508207321167,1.4528911108436005
WRD25,mobilenetv3,gaussian_blur_4,92,9,0.1945585459470749,0.44346490502357483,0.36197659373283386,1.510394987021304
WRD25,mobilenetv3,gaussian_blur_4,93,9,0.35628172755241394,0.4735584557056427,0.17015984654426575,1.4759146718726424
WRD25,mobilenetv3,gaussian_blur_4,94,9,0.05361621454358101,0.5257688760757446,0.4206148684024811,1.2395024399953645
WRD25,mobilenetv3,gaussian_blur_4,95,9,0.36741921305656433,0.2841516435146332,0.3484291732311249,1.5765311466357477
WRD25,mobilenetv3,gaussian_blur_4,96,9,0.042345013469457626,0.3899548053741455,0.567700207233429,1.1866614497607264
WRD25,mobilenetv3,gaussian_blur_4,97,10,0.6310031414031982,0.19073393940925598,0.17826281487941742,1.3185913809920922
WRD25,mobilenetv3,gaussian_blur_4,98,10,0.8945380449295044,0.031069688498973846,0.07439228147268295,0.57831095101391
WRD25,mobilenetv3,gaussian_blur_4,99,10,0.6069460511207581,0.1682170331478119,0.22483693063259125,1.353892131989582
WRD25,mobilenetv3,gaussian_blur_4,100,10,0.35804280638694763,0.13602641224861145,0.5059307813644409,1.419359960200552
WRD25,mobilenetv3,gaussian_blur_4,101,10,0.3453086018562317,0.5554774403572083,0.09921393543481827,1.3315848158232535
WRD25,mobilenetv3,gaussian_blur_4,102,10,0.41440752148628235,0.44302502274513245,0.1425674855709076,1.4476669283479395
WRD25,mobilenetv3,gaussian_blur_4,103,10,0.26213428378105164,0.5599475502967834,0.17791816592216492,1.417960177253909
WRD25,mobilenetv3,gaussian_blur_4,104,10,0.530711829662323,0.22925807535648346,0.24003008008003235,1.4663865237222231
WRD25,mobilenetv3,gaussian_blur_4,105,10,0.7176321744918823,0.19499991834163666,0.08736775815486908,1.1106681155681244
WRD25,mobilenetv3,gaussian_blur_4,106,10,0.9019322991371155,0.06331875920295715,0.03474884107708931,0.5548156712846981
WRD25,mobilenetv3,gaussian_blur_4,107,11,0.1276957243680954,0.33789730072021484,0.5344069004058838,1.3911798933765647
WRD25,mobilenetv3,gaussian_blur_4,108,11,0.023147674277424812,0.5207298398017883,0.456122487783432,1.1325343090541704
WRD25,mobilenetv3,gaussian_blur_4,109,11,0.021721577271819115,0.6869518160820007,0.2913266122341156,1.010495474536826
WRD25,mobilenetv3,gaussian_blur_4,110,11,0.021357960999011993,0.41631388664245605,0.5623281598091125,1.1118670076005892
WRD25,mobilenetv3,gaussian_blur_4,111,11,0.0238630510866642,0.3095167577266693,0.6666202545166016,1.0422893436634437
WRD25,mobilenetv3,gaussian_blur_4,112,11,0.019736073911190033,0.4803524613380432,0.49991148710250854,1.119938493388358
WRD25,mobilenetv3,gaussian_blur_4,113,11,0.3509584963321686,0.25054487586021423,0.3984966278076172,1.5594191343380643
WRD25,mobilenetv3,gaussian_blur_4,114,12,0.6931758522987366,0.26298728585243225,0.04383693262934685,1.0710256567686465
WRD25,mobilenetv3,gaussian_blur_4,115,13,0.46249517798423767,0.15367738902568817,0.3838272988796234,1.460007219155664
WRD25,mobilenetv3,gaussian_blur_4,116,13,0.6632200479507446,0.0820789709687233,0.2547009587287903,1.1915209021465691
WRD25,mobilenetv3,gaussian_blur_4,117,13,0.5272538065910339,0.3182302415370941,0.15451595187187195,1.4288457399861545
WRD25,mobilenetv3,gaussian_blur_4,118,13,0.6690452694892883,0.12749814987182617,0.20345661044120789,1.2341652292437046
WRD25,mobilenetv3,gaussian_blur_4,119,13,0.4628385305404663,0.10038378089666367,0.43677765130996704,1.3692825373911224
WRD25,mobilenetv3,gaussian_blur_4,120,13,0.4087454676628113,0.35026073455810547,0.24099378287792206,1.5524412433933295
WRD25,mobilenetv3,gaussian_blur_4,121,14,0.46891874074935913,0.1753627508878708,0.3557185232639313,1.4832192012845886
WRD25,mobilenetv3,gaussian_blur_4,122,14,0.6286150217056274,0.20242024958133698,0.1689646691083908,1.320937555886473
WRD25,mobilenetv3,gaussian_blur_4,123,14,0.6683363318443298,0.21041825413703918,0.1212453544139862,1.2307713825982332
WRD25,mobilenetv3,gaussian_blur_4,124,14,0.571001410484314,0.26278144121170044,0.16621710360050201,1.3985891384988938
WRD25,mobilenetv3,gaussian_blur_4,125,14,0.504810094833374,0.21346133947372437,0.28172850608825684,1.4883125884544484
WRD25,mobilenetv3,gaussian_blur_4,126,15,0.41870254278182983,0.17504258453845978,0.4062547981739044,1.4939330297252431
WRD25,mobilenetv3,gaussian_blur_4,127,15,0.4553026556968689,0.27661335468292236,0.26808401942253113,1.5388287209970186
WRD25,mobilenetv3,gaussian_blur_4,128,15,0.3411497473716736,0.21133378148078918,0.44751641154289246,1.522310975495532
WRD25,mobilenetv3,gaussian_blur_4,129,15,0.3841465413570404,0.09825030714273453,0.5176030993461609,1.3508742727231748
WRD25,mobilenetv3,gaussian_blur_4,130,15,0.49584606289863586,0.10738557577133179,0.39676839113235474,1.3766444917980318
WRD25,mobilenetv3,gaussian_blur_4,131,15,0.4685649871826172,0.1002093032002449,0.4312257766723633,1.3683313587846446
WRD25,mobilenetv3,gaussian_blur_4,132,15,0.4015701413154602,0.2678898274898529,0.3305400609970093,1.5655515865229264
WRD25,mobilenetv3,gaussian_blur_4,133,15,0.3888748586177826,0.22133806347846985,0.3897870182991028,1.5412644286450325
WRD25,mobilenetv3,gaussian_blur_4,134,15,0.4584686756134033,0.05301760882139206,0.48851361870765686,1.2453744903863444
WRD25,mobilenetv3,gaussian_blur_4,135,15,0.41618582606315613,0.14307747781276703,0.44073668122291565,1.4486571230422896
WRD25,mobilenetv3,gaussian_blur_4,136,15,0.34809449315071106,0.24658289551734924,0.4053226113319397,1.5560955116047204
WRD25,mobilenetv3,gaussian_blur_4,137,15,0.35276472568511963,0.29214224219322205,0.3550930321216583,1.5793247012677425
WRD25,mobilenetv3,gaussian_blur_4,138,15,0.4572567045688629,0.10040822625160217,0.4423350691795349,1.369701533164883
WRD25,mobilenetv3,gaussian_blur_4,139,15,0.40657922625541687,0.09466978907585144,0.49875104427337646,1.3504171243181737
WRD25,mobilenetv3,gaussian_blur_4,140,15,0.44263261556625366,0.14104416966438293,0.41632312536239624,1.4453413410673723
WRD25,mobilenetv3,gaussian_blur_4,141,16,0.08257986605167389,0.3489856719970703,0.568434476852417,1.2903900015483638
WRD25,mobilenetv3,gaussian_blur_4,142,16,0.04214448481798172,0.2729038596153259,0.684951663017273,1.0777654780476986
WRD25,mobilenetv3,gaussian_blur_4,143,16,0.06534477323293686,0.34492889046669006,0.5897263884544373,1.2361679189780679
WRD25,mobilenetv3,gaussian_blur_4,144,16,0.0731569454073906,0.44615668058395386,0.4806864559650421,1.3035106919000916
WRD25,mobilenetv3,gaussian_blur_4,145,16,0.04770829156041145,0.5612627267837524,0.3910290002822876,1.2068027005782183
WRD25,mobilenetv3,gaussian_blur_4,146,16,0.052426256239414215,0.06950461119413376,0.8780691027641296,0.6550853964899035
WRD25,mobilenetv3,gaussian_blur_4,147,16,0.06509680300951004,0.5349001884460449,0.4000030755996704,1.2681670614211096
WRD25,mobilenetv3,gaussian_blur_4,148,17,0.07208054512739182,0.5515671968460083,0.37635231018066406,1.2775500534126287
WRD25,mobilenetv3,gaussian_blur_4,149,17,0.10842618346214294,0.5129278898239136,0.3786458671092987,1.372079775808535
WRD25,mobilenetv3,gaussian_blur_4,150,17,0.01472229603677988,0.3648797273635864,0.6203979849815369,1.0476071377184515
WRD25,mobilenetv3,gaussian_blur_4,151,17,0.4405697286128998,0.3288249969482422,0.23060530424118042,1.5367110718044177
WRD25,mobilenetv3,gaussian_blur_4,152,18,0.08816070109605789,0.2706160247325897,0.6412232518196106,1.2302749934272494
WRD25,mobilenetv3,gaussian_blur_4,153,18,0.130812406539917,0.35507848858833313,0.5141090750694275,1.4077418791371406
WRD25,mobilenetv3,gaussian_blur_4,154,18,0.5202990770339966,0.35285767912864685,0.12684324383735657,1.398567330373013
WRD25,mobilenetv3,gaussian_blur_4,155,18,0.1115272119641304,0.3484254479408264,0.5400472283363342,1.3629307134122497
WRD25,mobilenetv3,gaussian_blur_4,156,18,0.5823878049850464,0.21656912565231323,0.2010429948568344,1.3975207357983424
WRD25,mobilenetv3,gaussian_blur_4,157,18,0.16637961566448212,0.5570432543754578,0.27657702565193176,1.4135626816111624
WRD25,mobilenetv3,gaussian_blur_4,158,18,0.3595486879348755,0.40895429253578186,0.23149707913398743,1.546822124876966
WRD25,mobilenetv3,gaussian_blur_4,159,18,0.5629072189331055,0.17305447161197662,0.2640382945537567,1.4118821099150747
WRD25,mobilenetv3,gaussian_blur_4,160,18,0.43729686737060547,0.28575849533081055,0.27694466710090637,1.5512291892758039
WRD25,mobilenetv3,gaussian_blur_4,161,18,0.5705437064170837,0.2554505467414856,0.17400577664375305,1.4038399214546555
WRD25,mobilenetv3,gaussian_blur_4,162,18,0.5791441798210144,0.2077045738697052,0.2131512612104416,1.40265523396341
WRD25,mobilenetv3,gaussian_blur_4,163,18,0.6553741693496704,0.2476041167974472,0.09702169895172119,1.22470157771269
WRD25,mobilenetv3,gaussian_blur_4,164,18,0.4686567187309265,0.17023636400699615,0.36110690236091614,1.4779248513530545
WRD25,mobilenetv3,gaussian_blur_4,165,18,0.12701310217380524,0.4499388635158539,0.4230480492115021,1.421578620560743
WRD25,mobilenetv3,gaussian_blur_4,166,18,0.33819854259490967,0.16115880012512207,0.500642716884613,1.4530797512244602
WRD25,mobilenetv3,gaussian_blur_4,167,18,0.120257169008255,0.22392012178897858,0.6558226943016052,1.250061759981056
WRD25,mobilenetv3,gaussian_blur_4,168,18,0.5628235936164856,0.16780409216880798,0.2693723142147064,1.4085799259895444
WRD25,mobilenetv3,gaussian_blur_4,169,18,0.46572357416152954,0.2736658453941345,0.26061055064201355,1.5306536449357984
WRD25,mobilenetv3,gaussian_blur_4,170,19,0.04089207574725151,0.3110663890838623,0.6480414271354675,1.1182225018012564
WRD25,mobilenetv3,gaussian_blur_4,171,19,0.03780321031808853,0.02880057319998741,0.9333962798118591,0.4188431625173742
WRD25,mobilenetv3,gaussian_blur_4,172,19,0.05451870709657669,0.028233030810952187,0.9172481298446655,0.4884249376526097
WRD25,mobilenetv3,gaussian_blur_4,173,19,0.6768251657485962,0.1746872365474701,0.14848767220973969,1.2294417440473795
WRD25,mobilenetv3,gaussian_blur_4,174,20,0.10681318491697311,0.8501896858215332,0.04299718141555786,0.7389257802843753
WRD25,mobilenetv3,gaussian_blur_4,175,20,0.14356836676597595,0.01794031634926796,0.8384913802146912,0.7191718997625791
WRD25,mobilenetv3,gaussian_blur_4,176,20,0.1014324203133583,0.020678425207734108,0.8778892755508423,0.6155267421690442
WRD25,mobilenetv3,gaussian_blur_4,177,20,0.15935765206813812,0.02882523462176323,0.8118171095848083,0.8139015126758913
WRD25,mobilenetv3,gaussian_blur_4,178,21,0.035275835543870926,0.6007118225097656,0.36401230096817017,1.142596912340958
WRD25,mobilenetv3,gaussian_blur_4,179,21,0.5682735443115234,0.20332758128643036,0.22839891910552979,1.4171839428127897
WRD25,mobilenetv3,gaussian_blur_4,180,21,0.11876390874385834,0.7315372228622437,0.14969879388809204,1.1051357536160524
WRD25,mobilenetv3,gaussian_blur_4,181,21,0.12577252089977264,0.5667895674705505,0.307437926530838,1.3636118936335728
WRD25,mobilenetv3,gaussian_blur_4,182,21,0.5389180183410645,0.14157873392105103,0.31950315833091736,1.4058719562405662
WRD25,mobilenetv3,gaussian_blur_4,183,21,0.45333701372146606,0.3393838107585907,0.20727914571762085,1.5171132728226164
WRD25,mobilenetv3,gaussian_blur_4,184,21,0.13886846601963043,0.3503253757953644,0.510806143283844,1.4206991101092914
WRD25,mobilenetv3,gaussian_blur_4,185,22,0.04683729633688927,0.8196231722831726,0.13353951275348663,0.8299349181775271
WRD25,mobilenetv3,gaussian_blur_4,186,22,0.02112630009651184,0.8302721381187439,0.1486015021800995,0.7490876907226435
WRD25,mobilenetv3,gaussian_blur_4,187,22,0.07593383640050888,0.24442803859710693,0.679638147354126,1.1578790584480072
WRD25,mobilenetv3,gaussian_blur_4,188,22,0.0827450081706047,0.7970287799835205,0.12022624164819717,0.9257806750636989
WRD25,mobilenetv3,gaussian_blur_4,189,22,0.09974027425050735,0.6704521179199219,0.22980758547782898,1.205954029689398
WRD25,mobilenetv3,gaussian_blur_4,190,23,0.10072742402553558,0.6725934743881226,0.22667916119098663,1.2037922252361013
WRD25,mobilenetv3,gaussian_blur_4,191,23,0.06375809758901596,0.6174212694168091,0.318820595741272,1.2085160271147468
WRD25,mobilenetv3,gaussian_blur_4,192,23,0.5438374876976013,0.33385154604911804,0.12231087684631348,1.3770627014586534
WRD25,mobilenetv3,gaussian_blur_4,193,23,0.6062901020050049,0.11496493220329285,0.27874502539634705,1.3101899262769199
WRD25,mobilenetv3,gaussian_blur_4,194,24,0.8485013246536255,0.04695899412035942,0.1045396700501442,0.7488861760863852
WRD25,mobilenetv3,gaussian_blur_4,195,24,0.9446151852607727,0.0039295912720263,0.05145522207021713,0.3293076822552719
WRD25,mobilenetv3,gaussian_blur_4,196,24,0.8699463605880737,0.09585647284984589,0.03419720008969307,0.665680849891865
WRD25,mobilenetv3,gaussian_blur_4,197,24,0.7269787192344666,0.08720231056213379,0.18581894040107727,1.0925027832831538
WRD25,mobilenetv3,gaussian_blur_4,198,24,0.14296555519104004,0.7051979303359985,0.15183661878108978,1.1694535176864236
WRD25,mobilenetv3,gaussian_blur_4,199,24,0.5710033178329468,0.17233704030513763,0.25665968656539917,1.4023668076130908
WRD25,mobilenetv3,gaussian_blur_8,0,0,0.4456307590007782,0.43037256598472595,0.12399665266275406,1.4165526690030033
WRD25,mobilenetv3,gaussian_blur_8,1,0,0.4882461726665497,0.20026692748069763,0.3114868104457855,1.4937791437422168
WRD25,mobilenetv3,gaussian_blur_8,2,0,0.3646615445613861,0.15049013495445251,0.484848290681839,1.4482685180926076
WRD25,mobilenetv3,gaussian_blur_8,3,0,0.4467955231666565,0.08255450427532196,0.47064998745918274,1.3281148346062315
WRD25,mobilenetv3,gaussian_blur_8,4,0,0.45395517349243164,0.18813347816467285,0.35791143774986267,1.5012018250089958
WRD25,mobilenetv3,gaussian_blur_8,5,0,0.4704444408416748,0.1610100269317627,0.3685455620288849,1.466760849146933
WRD25,mobilenetv3,gaussian_blur_8,6,0,0.4625512361526489,0.08217048645019531,0.4552781581878662,1.3275692012565794
WRD25,mobilenetv3,gaussian_blur_8,7,0,0.411655455827713,0.2880040407180786,0.3003404438495636,1.5655194927390874
WRD25,mobilenetv3,gaussian_blur_8,8,0,0.333389014005661,0.22873824834823608,0.4378727376461029,1.5368252476357207
WRD25,mobilenetv3,gaussian_blur_8,9,0,0.45420902967453003,0.19205912947654724,0.35373181104660034,1.5046630381071386
WRD25,mobilenetv3,gaussian_blur_8,10,0,0.30151182413101196,0.31350088119506836,0.38498732447624207,1.5763324642020937
WRD25,mobilenetv3,gaussian_blur_8,11,0,0.3318687081336975,0.4885246753692627,0.17960649728775024,1.4778976394916146
WRD25,mobilenetv3,gaussian_blur_8,12,0,0.3987405300140381,0.14556169509887695,0.4556977450847626,1.450318551895879
WRD25,mobilenetv3,gaussian_blur_8,13,0,0.37608224153518677,0.18783393502235413,0.4360838830471039,1.505883688591748
WRD25,mobilenetv3,gaussian_blur_8,14,0,0.37480539083480835,0.2509267330169678,0.37426790595054626,1.5618166446246102
WRD25,mobilenetv3,gaussian_blur_8,15,0,0.3857848048210144,0.12908245623111725,0.48513272404670715,1.4176412128246278
WRD25,mobilenetv3,gaussian_blur_8,16,0,0.410763144493103,0.11644802242517471,0.47278887033462524,1.39947235669983
WRD25,mobilenetv3,gaussian_blur_8,17,0,0.36852705478668213,0.3034713566303253,0.3280014991760254,1.5803198043663795
WRD25,mobilenetv3,gaussian_blur_8,18,1,0.5728270411491394,0.40477949380874634,0.02239340730011463,1.1113410672657975
WRD25,mobilenetv3,gaussian_blur_8,19,1,0.6626863479614258,0.016021883115172386,0.32129183411598206,1.0152134975754379
WRD25,mobilenetv3,gaussian_blur_8,20,1,0.01683957874774933,0.7821004986763,0.20105986297130585,0.8418447794412456
WRD25,mobilenetv3,gaussian_blur_8,21,1,0.665714681148529,0.17181015014648438,0.16247522830963135,1.2533422134088925
WRD25,mobilenetv3,gaussian_blur_8,22,1,0.33245590329170227,0.31090104579925537,0.35664308071136475,1.5826972540731479
WRD25,mobilenetv3,gaussian_blur_8,23,1,0.030681313946843147,0.5608119368553162,0.4085066616535187,1.1497814759261678
WRD25,mobilenetv3,gaussian_blur_8,24,1,0.5721644759178162,0.016666710376739502,0.41116878390312195,1.0865253255299505
WRD25,mobilenetv3,gaussian_blur_8,25,2,0.022716637700796127,0.6348183155059814,0.3424650728702545,1.0696533791031682
WRD25,mobilenetv3,gaussian_blur_8,26,2,0.006829777732491493,0.005234095733612776,0.9879361391067505,0.10609529245215699
WRD25,mobilenetv3,gaussian_blur_8,27,2,0.009280137717723846,0.9842231869697571,0.006496792193502188,0.1324429739730253
WRD25,mobilenetv3,gaussian_blur_8,28,2,0.4081505835056305,0.5678931474685669,0.02395627833902836,1.1202114631540154
WRD25,mobilenetv3,gaussian_blur_8,29,2,0.540306031703949,0.4338896870613098,0.02580423653125763,1.1386864823662293
WRD25,mobilenetv3,gaussian_blur_8,30,2,0.565610408782959,0.020170873031020164,0.41421863436698914,1.1052869699496242
WRD25,mobilenetv3,gaussian_blur_8,31,2,0.02783326432108879,0.9546172618865967,0.01754944585263729,0.31013642427327237
WRD25,mobilenetv3,gaussian_blur_8,32,2,0.9197548031806946,0.016341501846909523,0.06390364468097687,0.46155379447633754
WRD25,mobilenetv3,gaussian_blur_8,33,2,0.047626953572034836,0.9314005970954895,0.020972466096282005,0.42160339576059325
WRD25,mobilenetv3,gaussian_blur_8,34,2,0.48630955815315247,0.020242175087332726,0.49344831705093384,1.1225184345736627
WRD25,mobilenetv3,gaussian_blur_8,35,2,0.457709938287735,0.01971290074288845,0.5225770473480225,1.1170140801783925
WRD25,mobilenetv3,gaussian_blur_8,36,3,0.028339702636003494,0.42184874415397644,0.5498115420341492,1.1454646825326953
WRD25,mobilenetv3,gaussian_blur_8,37,3,0.02120649255812168,0.4584297239780426,0.5203638672828674,1.1241267897345375
WRD25,mobilenetv3,gaussian_blur_8,38,3,0.0182176623493433,0.6856698393821716,0.29611241817474365,0.9984685214273586
WRD25,mobilenetv3,gaussian_blur_8,39,3,0.9497236013412476,0.024014882743358612,0.026261519640684128,0.3377738955732435
WRD25,mobilenetv3,gaussian_blur_8,40,3,0.017101522535085678,0.5054762959480286,0.4774223566055298,1.1071622355524844
WRD25,mobilenetv3,gaussian_blur_8,41,4,0.7110013365745544,0.023190509527921677,0.26580819487571716,0.9839021774484675
WRD25,mobilenetv3,gaussian_blur_8,42,4,0.02490992285311222,0.6980056762695312,0.2770843207836151,1.0077967616309933
WRD25,mobilenetv3,gaussian_blur_8,43,4,0.14648102223873138,0.3242986798286438,0.5292204022407532,1.4186433215297307
WRD25,mobilenetv3,gaussian_blur_8,44,4,0.6828731298446655,0.017348013818264008,0.2997788190841675,0.9982867490648846
WRD25,mobilenetv3,gaussian_blur_8,45,4,0.2607087790966034,0.6769798398017883,0.06231138855218887,1.1361736050339792
WRD25,mobilenetv3,gaussian_blur_8,46,5,0.0207236148416996,0.6660423874855042,0.3132341206073761,1.0309776006859588
WRD25,mobilenetv3,gaussian_blur_8,47,5,0.010746946558356285,0.5032258629798889,0.48602724075317383,1.0747425768953356
WRD25,mobilenetv3,gaussian_blur_8,48,5,0.01318074855953455,0.7033030986785889,0.28351619839668274,0.9550170379670044
WRD25,mobilenetv3,gaussian_blur_8,49,5,0.01924041099846363,0.4228229224681854,0.5579367280006409,1.1044438792243236
WRD25,mobilenetv3,gaussian_blur_8,50,6,0.5594317317008972,0.42251574993133545,0.018052497878670692,1.098493188485285
WRD25,mobilenetv3,gaussian_blur_8,51,6,0.01525026373565197,0.6783774495124817,0.3063722848892212,0.9946863288111336
WRD25,mobilenetv3,gaussian_blur_8,52,6,0.021724605932831764,0.5125124454498291,0.46576300263404846,1.127680449783464
WRD25,mobilenetv3,gaussian_blur_8,53,7,0.34238991141319275,0.2042936235666275,0.4533163905143738,1.514947834409535
WRD25,mobilenetv3,gaussian_blur_8,54,7,0.02208690531551838,0.5063904523849487,0.47152256965637207,1.130018929783028
WRD25,mobilenetv3,gaussian_blur_8,55,7,0.02004874125123024,0.6576746106147766,0.32227668166160583,1.0371620201186844
WRD25,mobilenetv3,gaussian_blur_8,56,7,0.03863520547747612,0.6139166355133057,0.34744808077812195,1.1433819607397437
WRD25,mobilenetv3,gaussian_blur_8,57,7,0.6149839162826538,0.014107458293437958,0.37090861797332764,1.0487811210299751
WRD25,mobilenetv3,gaussian_blur_8,58,7,0.6852158904075623,0.285054087638855,0.029730023816227913,1.0406298758839718
WRD25,mobilenetv3,gaussian_blur_8,59,7,0.4683654308319092,0.5124014616012573,0.019233068451285362,1.1164527281611036
WRD25,mobilenetv3,gaussian_blur_8,60,7,0.24398115277290344,0.44011643528938293,0.315902441740036,1.5428287045919773
WRD25,mobilenetv3,gaussian_blur_8,61,7,0.7040925025939941,0.2656444311141968,0.03026306815445423,1.0171289243256212
WRD25,mobilenetv3,gaussian_blur_8,62,7,0.018789442256093025,0.6760014295578003,0.3052091598510742,1.0121695653699445
WRD25,mobilenetv3,gaussian_blur_8,63,7,0.02465575747191906,0.393282413482666,0.5820618271827698,1.1156581148654503
WRD25,mobilenetv3,gaussian_blur_8,64,7,0.6674412488937378,0.3076387643814087,0.024920033290982246,1.0452462075745872
WRD25,mobilenetv3,gaussian_blur_8,65,7,0.02544194459915161,0.732346773147583,0.24221128225326538,0.9593569140285083
WRD25,mobilenetv3,gaussian_blur_8,66,7,0.5527828931808472,0.1596696972846985,0.2875475287437439,1.4124152099989797
WRD25,mobilenetv3,gaussian_blur_8,67,7,0.6249832510948181,0.20080913603305817,0.17420752346515656,1.3281006910675799
WRD25,mobilenetv3,gaussian_blur_8,68,7,0.5242529511451721,0.44660818576812744,0.02913879230618477,1.1564314974781589
WRD25,mobilenetv3,gaussian_blur_8,69,8,0.6144056916236877,0.024209897965192795,0.3613843619823456,1.0923849390771991
WRD25,mobilenetv3,gaussian_blur_8,70,8,0.6051596403121948,0.36052608489990234,0.034314364194869995,1.1360781422339123
WRD25,mobilenetv3,gaussian_blur_8,71,8,0.36148780584335327,0.3565777838230133,0.28193435072898865,1.5761145659144224
WRD25,mobilenetv3,gaussian_blur_8,72,8,0.46787112951278687,0.5061764121055603,0.025952428579330444,1.1466290448207037
WRD25,mobilenetv3,gaussian_blur_8,73,8,0.6918995976448059,0.2730754315853119,0.03502493351697922,1.048382493851238
WRD25,mobilenetv3,gaussian_blur_8,74,8,0.7220101952552795,0.13441988825798035,0.14356985688209534,1.1304697142681681
WRD25,mobilenetv3,gaussian_blur_8,75,8,0.3412325084209442,0.26977023482322693,0.38899725675582886,1.569109179500047
WRD25,mobilenetv3,gaussian_blur_8,76,8,0.7323100566864014,0.02774578146636486,0.23994411528110504,0.9667437158194653
WRD25,mobilenetv3,gaussian_blur_8,77,8,0.413567453622818,0.3150857985019684,0.27134668827056885,1.5624128950217757
WRD25,mobilenetv3,gaussian_blur_8,78,8,0.5771489143371582,0.26210471987724304,0.16074639558792114,1.387911065646812
WRD25,mobilenetv3,gaussian_blur_8,79,8,0.4702647030353546,0.2872413098812103,0.24249398708343506,1.5244527227867142
WRD25,mobilenetv3,gaussian_blur_8,80,8,0.2766375243663788,0.321419358253479,0.40194299817085266,1.5677117178374829
WRD25,mobilenetv3,gaussian_blur_8,81,8,0.39778459072113037,0.25523465871810913,0.34698083996772766,1.561733449101467
WRD25,mobilenetv3,gaussian_blur_8,82,8,0.4890548586845398,0.3477599024772644,0.1631852090358734,1.4613979879840426
WRD25,mobilenetv3,gaussian_blur_8,83,8,0.25347819924354553,0.3616524636745453,0.38486939668655396,1.5627453993103266
WRD25,mobilenetv3,gaussian_blur_8,84,8,0.49116772413253784,0.2387171983718872,0.2701150178909302,1.5072087063412467
WRD25,mobilenetv3,gaussian_blur_8,85,8,0.5420722961425781,0.3100399374961853,0.14788775146007538,1.4104837595078494
WRD25,mobilenetv3,gaussian_blur_8,86,9,0.2782003581523895,0.40645432472229004,0.3153453767299652,1.5664688943820653
WRD25,mobilenetv3,gaussian_blur_8,87,9,0.22922369837760925,0.42385709285736084,0.3469192683696747,1.5418828102649833
WRD25,mobilenetv3,gaussian_blur_8,88,9,0.26094958186149597,0.35966429114341736,0.37938612699508667,1.566846665483923
WRD25,mobilenetv3,gaussian_blur_8,89,9,0.26230016350746155,0.3556346297264099,0.38206517696380615,1.5672141575013043
WRD25,mobilenetv3,gaussian_blur_8,90,9,0.3707354664802551,0.47805511951446533,0.15120935440063477,1.451834675747581
WRD25,mobilenetv3,gaussian_blur_8,91,9,0.30040112137794495,0.1858115792274475,0.5137873291969299,1.4659987981938145
WRD25,mobilenetv3,gaussian_blur_8,92,9,0.34557288885116577,0.2985496520996094,0.35587742924690247,1.580851923247453
WRD25,mobilenetv3,gaussian_blur_8,93,9,0.21593986451625824,0.4248994290828705,0.35916075110435486,1.5327637507054575
WRD25,mobilenetv3,gaussian_blur_8,94,9,0.19778485596179962,0.4342169463634491,0.36799824237823486,1.5157433751219034
WRD25,mobilenetv3,gaussian_blur_8,95,9,0.3067038655281067,0.2733950614929199,0.41990116238594055,1.5601263162828114
WRD25,mobilenetv3,gaussian_blur_8,96,9,0.1770165115594864,0.4414025843143463,0.3815808594226837,1.4933506368111282
WRD25,mobilenetv3,gaussian_blur_8,97,10,0.5059257745742798,0.47843459248542786,0.01563975401222706,1.1000095875859426
WRD25,mobilenetv3,gaussian_blur_8,98,10,0.8443347215652466,0.1298171877861023,0.025848159566521645,0.7248006655926179
WRD25,mobilenetv3,gaussian_blur_8,99,10,0.6114722490310669,0.37406808137893677,0.01445966586470604,1.052963887868895
WRD25,mobilenetv3,gaussian_blur_8,100,10,0.641684353351593,0.33869025111198425,0.019625341519713402,1.051038425129324
WRD25,mobilenetv3,gaussian_blur_8,101,10,0.6075000166893005,0.37017783522605896,0.022322097793221474,1.089991786747812
WRD25,mobilenetv3,gaussian_blur_8,102,10,0.5831648707389832,0.3968570828437805,0.019977925345301628,1.095633691235796
WRD25,mobilenetv3,gaussian_blur_8,103,10,0.5509759187698364,0.430263489484787,0.018760571256279945,1.1049239645827789
WRD25,mobilenetv3,gaussian_blur_8,104,10,0.4879225790500641,0.49431145191192627,0.01776592619717121,1.1109101766613216
WRD25,mobilenetv3,gaussian_blur_8,105,10,0.7243866324424744,0.2604076862335205,0.01520568784326315,0.9342844433702787
WRD25,mobilenetv3,gaussian_blur_8,106,10,0.7896742820739746,0.19419357180595398,0.016132285818457603,0.8242264551593051
WRD25,mobilenetv3,gaussian_blur_8,107,11,0.012318739667534828,0.4505073130130768,0.5371740460395813,1.0779885382691767
WRD25,mobilenetv3,gaussian_blur_8,108,11,0.013030110858380795,0.4206627607345581,0.5663070678710938,1.071679813659562
WRD25,mobilenetv3,gaussian_blur_8,109,11,0.01301670353859663,0.6899446845054626,0.2970384955406189,0.9711560844672352
WRD25,mobilenetv3,gaussian_blur_8,110,11,0.003034737193956971,0.00259869615547359,0.994366466999054,0.05580517602624545
WRD25,mobilenetv3,gaussian_blur_8,111,11,0.005285794846713543,0.0019475314766168594,0.9927667379379272,0.0679134642509876
WRD25,mobilenetv3,gaussian_blur_8,112,11,0.005115802399814129,0.0031460183672606945,0.9917382001876831,0.07695589698873326
WRD25,mobilenetv3,gaussian_blur_8,113,11,0.710125744342804,0.27093422412872314,0.018939973786473274,0.9695167733221788
WRD25,mobilenetv3,gaussian_blur_8,114,12,0.14720939099788666,0.7670314311981201,0.08575917780399323,1.004287328348883
WRD25,mobilenetv3,gaussian_blur_8,115,13,0.471017986536026,0.2344190627336502,0.2945629060268402,1.521613634844627
WRD25,mobilenetv3,gaussian_blur_8,116,13,0.5581178665161133,0.20372892916202545,0.23815329372882843,1.430177725591624
WRD25,mobilenetv3,gaussian_blur_8,117,13,0.5452075004577637,0.22508801519870758,0.22970445454120636,1.4488536914665953
WRD25,mobilenetv3,gaussian_blur_8,118,13,0.5904995203018188,0.030500806868076324,0.3789997100830078,1.1328446516597088
WRD25,mobilenetv3,gaussian_blur_8,119,13,0.0314781591296196,0.6587406396865845,0.30978113412857056,1.0775059734468573
WRD25,mobilenetv3,gaussian_blur_8,120,13,0.20778760313987732,0.5841135382652283,0.208098903298378,1.3953745499052037
WRD25,mobilenetv3,gaussian_blur_8,121,14,0.44702714681625366,0.020273633301258087,0.5326991677284241,1.1172896032146467
WRD25,mobilenetv3,gaussian_blur_8,122,14,0.7617459297180176,0.029479200020432472,0.20877483487129211,0.920779246529627
WRD25,mobilenetv3,gaussian_blur_8,123,14,0.6934208273887634,0.028733868151903152,0.27784523367881775,1.026771647989043
WRD25,mobilenetv3,gaussian_blur_8,124,14,0.7199685573577881,0.019498728215694427,0.2605326473712921,0.9575771473515096
WRD25,mobilenetv3,gaussian_blur_8,125,14,0.4961605668067932,0.010700481943786144,0.4931389391422272,1.074694788300942
WRD25,mobilenetv3,gaussian_blur_8,126,15,0.43045976758003235,0.26072555780410767,0.3088146150112152,1.5526091399537894
WRD25,mobilenetv3,gaussian_blur_8,127,15,0.3799084722995758,0.21278221905231476,0.40730923414230347,1.5332969778576233
WRD25,mobilenetv3,gaussian_blur_8,128,15,0.3767346739768982,0.15079297125339508,0.4724724590778351,1.4532258923995738
WRD25,mobilenetv3,gaussian_blur_8,129,15,0.34592708945274353,0.19668547809123993,0.4573874771595001,1.5073719728591592
WRD25,mobilenetv3,gaussian_blur_8,130,15,0.21047531068325043,0.41299012303352356,0.3765345513820648,1.5307003114539408
WRD25,mobilenetv3,gaussian_blur_8,131,15,0.38128188252449036,0.2877699136734009,0.330948144197464,1.5754850805967449
WRD25,mobilenetv3,gaussian_blur_8,132,15,0.3400346636772156,0.4407244622707367,0.2192409485578537,1.5301450182143759
WRD25,mobilenetv3,gaussian_blur_8,133,15,0.3922032415866852,0.3404630124568939,0.26733362674713135,1.5676409825102477
WRD25,mobilenetv3,gaussian_blur_8,134,15,0.3682652711868286,0.3181072473526001,0.31362733244895935,1.5810426032261575
WRD25,mobilenetv3,gaussian_blur_8,135,15,0.3750198185443878,0.12979772686958313,0.49518245458602905,1.415077984153275
WRD25,mobilenetv3,gaussian_blur_8,136,15,0.4597119688987732,0.308948814868927,0.23133918642997742,1.5275299556667505
WRD25,mobilenetv3,gaussian_blur_8,137,15,0.3567577600479126,0.40706732869148254,0.23617498576641083,1.5500543155280715
WRD25,mobilenetv3,gaussian_blur_8,138,15,0.39513853192329407,0.18841420114040375,0.41644740104675293,1.5093244228520275
WRD25,mobilenetv3,gaussian_blur_8,139,15,0.5042530298233032,0.1568678468465805,0.3388791084289551,1.4463450580428558
WRD25,mobilenetv3,gaussian_blur_8,140,15,0.3913276195526123,0.3095264434814453,0.29914590716362,1.5741956330081601
WRD25,mobilenetv3,gaussian_blur_8,141,16,0.12927241623401642,0.340842068195343,0.5298854112625122,1.396323552553877
WRD25,mobilenetv3,gaussian_blur_8,142,16,0.294355571269989,0.39366841316223145,0.31197601556777954,1.5730883050186693
WRD25,mobilenetv3,gaussian_blur_8,143,16,0.7176516056060791,0.24598811566829681,0.03636039420962334,1.0150742801175454
WRD25,mobilenetv3,gaussian_blur_8,144,16,0.6921684145927429,0.020331071689724922,0.2875005304813385,0.9987009841248977
WRD25,mobilenetv3,gaussian_blur_8,145,16,0.03332013264298439,0.45334383845329285,0.5133360624313354,1.1747706396147268
WRD25,mobilenetv3,gaussian_blur_8,146,16,0.5805720686912537,0.3950962722301483,0.024331742897629738,1.1151942662298593
WRD25,mobilenetv3,gaussian_blur_8,147,16,0.2501445412635803,0.31311875581741333,0.4367367923259735,1.5465948126720162
WRD25,mobilenetv3,gaussian_blur_8,148,17,0.019515514373779297,0.5851075649261475,0.39537695050239563,1.09254456735734
WRD25,mobilenetv3,gaussian_blur_8,149,17,0.02318536676466465,0.4612494707107544,0.5155650973320007,1.133604924396937
WRD25,mobilenetv3,gaussian_blur_8,150,17,0.021183913573622704,0.45896467566490173,0.5198514461517334,1.1241195210452084
WRD25,mobilenetv3,gaussian_blur_8,151,17,0.5598753094673157,0.33823224902153015,0.10189235955476761,1.3332056982142366
WRD25,mobilenetv3,gaussian_blur_8,152,18,0.02072947844862938,0.5218580961227417,0.45741239190101624,1.1217259547332799
WRD25,mobilenetv3,gaussian_blur_8,153,18,0.6552197337150574,0.01865304261445999,0.3261270523071289,1.0339845362425057
WRD25,mobilenetv3,gaussian_blur_8,154,18,0.47380468249320984,0.015197967179119587,0.5109973549842834,1.0973425065026476
WRD25,mobilenetv3,gaussian_blur_8,155,18,0.3037461042404175,0.017172368243336678,0.6790816187858582,1.0020137971931447
WRD25,mobilenetv3,gaussian_blur_8,156,18,0.02135084755718708,0.5771685242652893,0.4014805555343628,1.1047337284331358
WRD25,mobilenetv3,gaussian_blur_8,157,18,0.2876613736152649,0.014850225299596786,0.6974883675575256,0.9698043263555476
WRD25,mobilenetv3,gaussian_blur_8,158,18,0.43604663014411926,0.213515505194664,0.35043781995773315,1.5278982572393391
WRD25,mobilenetv3,gaussian_blur_8,159,18,0.4799201786518097,0.21309487521648407,0.30698490142822266,1.50662198698653
WRD25,mobilenetv3,gaussian_blur_8,160,18,0.49171337485313416,0.2549957036972046,0.25329092144966125,1.5080843571279718
WRD25,mobilenetv3,gaussian_blur_8,161,18,0.5329967737197876,0.24995458126068115,0.2170485556125641,1.4621853863660323
WRD25,mobilenetv3,gaussian_blur_8,162,18,0.541191041469574,0.21447227895259857,0.24433669447898865,1.45250454252572
WRD25,mobilenetv3,gaussian_blur_8,163,18,0.5721515417098999,0.21801580488681793,0.20983268320560455,1.412662112436156
WRD25,mobilenetv3,gaussian_blur_8,164,18,0.41998037695884705,0.3322010636329651,0.2478184700012207,1.5525774638978451
WRD25,mobilenetv3,gaussian_blur_8,165,18,0.13106068968772888,0.7481414079666138,0.1207980066537857,1.0657677103216772
WRD25,mobilenetv3,gaussian_blur_8,166,18,0.3805079162120819,0.013184772804379463,0.6063072681427002,1.0504477966922328
WRD25,mobilenetv3,gaussian_blur_8,167,18,0.017524590715765953,0.46625202894210815,0.5162233710289001,1.1079477810964002
WRD25,mobilenetv3,gaussian_blur_8,168,18,0.542407214641571,0.16618242859840393,0.2914103865623474,1.4273582457635112
WRD25,mobilenetv3,gaussian_blur_8,169,18,0.3039260506629944,0.33397191762924194,0.36210212111473083,1.5812909392641008
WRD25,mobilenetv3,gaussian_blur_8,170,19,0.01601729914546013,0.4476220905780792,0.5363606810569763,1.0966549019070746
WRD25,mobilenetv3,gaussian_blur_8,171,19,0.010441085323691368,0.6579542756080627,0.33160459995269775,0.9941526904300452
WRD25,mobilenetv3,gaussian_blur_8,172,19,0.4962436556816101,0.00837833620607853,0.4953779876232147,1.0614608768057563
WRD25,mobilenetv3,gaussian_blur_8,173,19,0.7321473956108093,0.018595928326249123,0.24925659596920013,0.9358051110306853
WRD25,mobilenetv3,gaussian_blur_8,174,20,0.11081906408071518,0.023477783426642418,0.8657031655311584,0.6588982672174055
WRD25,mobilenetv3,gaussian_blur_8,175,20,0.014962714165449142,0.31856414675712585,0.6664732694625854,1.0065926079719771
WRD25,mobilenetv3,gaussian_blur_8,176,20,0.121481753885746,0.01856900192797184,0.8599493503570557,0.6634292586622965
WRD25,mobilenetv3,gaussian_blur_8,177,20,0.2920249104499817,0.017242038622498512,0.6907329559326172,0.9883043573829132
WRD25,mobilenetv3,gaussian_blur_8,178,21,0.7049480080604553,0.014761004596948624,0.2802910804748535,0.9596959008939424
WRD25,mobilenetv3,gaussian_blur_8,179,21,0.014671636745333672,0.6651049256324768,0.3202233612537384,1.0067530739444326
WRD25,mobilenetv3,gaussian_blur_8,180,21,0.01128325518220663,0.7693566679954529,0.2193601131439209,0.844125223147772
WRD25,mobilenetv3,gaussian_blur_8,181,21,0.021100815385580063,0.6895744800567627,0.28932464122772217,1.0048945820897508
WRD25,mobilenetv3,gaussian_blur_8,182,21,0.056887492537498474,0.801098644733429,0.14201393723487854,0.8914786671150416
WRD25,mobilenetv3,gaussian_blur_8,183,21,0.03224067762494087,0.7975619435310364,0.17019738256931305,0.8548278580154632
WRD25,mobilenetv3,gaussian_blur_8,184,21,0.2992570400238037,0.027960533276200294,0.6727825403213501,1.0498479654410258
WRD25,mobilenetv3,gaussian_blur_8,185,22,0.32465389370918274,0.039278049021959305,0.6360679864883423,1.1255468071733723
WRD25,mobilenetv3,gaussian_blur_8,186,22,0.024771684780716896,0.5903121829032898,0.3849160671234131,1.111241180662458
WRD25,mobilenetv3,gaussian_blur_8,187,22,0.5039882659912109,0.031156597658991814,0.46485522389411926,1.1678622717241263
WRD25,mobilenetv3,gaussian_blur_8,188,22,0.03172191604971886,0.8252889513969421,0.14298918843269348,0.787783265197795
WRD25,mobilenetv3,gaussian_blur_8,189,22,0.10541589558124542,0.7487493753433228,0.1458348035812378,1.0597942701505616
WRD25,mobilenetv3,gaussian_blur_8,190,23,0.8503163456916809,0.01851162686944008,0.13117200136184692,0.6898508034448649
WRD25,mobilenetv3,gaussian_blur_8,191,23,0.7362097501754761,0.23570583760738373,0.02808438614010811,0.9614477959685412
WRD25,mobilenetv3,gaussian_blur_8,192,23,0.6311123967170715,0.22730572521686554,0.14158190786838531,1.3041996681513692
WRD25,mobilenetv3,gaussian_blur_8,193,23,0.5998308062553406,0.20144347846508026,0.19872571527957916,1.3712053595796319
WRD25,mobilenetv3,gaussian_blur_8,194,24,0.5150904655456543,0.0310949869453907,0.45381462574005127,1.1659615365693619
WRD25,mobilenetv3,gaussian_blur_8,195,24,0.7995524406433105,0.02475046180188656,0.1756972074508667,0.8309179806817244
WRD25,mobilenetv3,gaussian_blur_8,196,24,0.03402802348136902,0.5158423185348511,0.45012959837913513,1.1769512293587812
WRD25,mobilenetv3,gaussian_blur_8,197,24,0.6077040433883667,0.02229345217347145,0.3700026571750641,1.0897298471691617
WRD25,mobilenetv3,gaussian_blur_8,198,24,0.9812731742858887,0.01213766448199749,0.006589225959032774,0.15175453867449668
WRD25,mobilenetv3,gaussian_blur_8,199,24,0.5157601237297058,0.18919020891189575,0.29504966735839844,1.4666941649169278
WRD25,mobilenetv3,gaussian_blur_12,0,0,0.4540712237358093,0.49915021657943726,0.04677848890423775,1.224234442798244
WRD25,mobilenetv3,gaussian_blur_12,1,0,0.01789666712284088,0.406171053647995,0.5759323239326477,1.0902915992416258
WRD25,mobilenetv3,gaussian_blur_12,2,0,0.5599287152290344,0.4337040185928345,0.006367348600178957,1.0376419193459867
WRD25,mobilenetv3,gaussian_blur_12,3,0,0.6613753437995911,0.1512298732995987,0.18739473819732666,1.259329668748662
WRD25,mobilenetv3,gaussian_blur_12,4,0,0.303482323884964,0.6050750017166138,0.09144265204668045,1.2762198557189397
WRD25,mobilenetv3,gaussian_blur_12,5,0,0.02179175615310669,0.7117531895637512,0.2664549946784973,0.9778491218882303
WRD25,mobilenetv3,gaussian_blur_12,6,0,0.18969514966011047,0.6305391192436218,0.1797657161951065,1.3195255864500486
WRD25,mobilenetv3,gaussian_blur_12,7,0,0.5075310468673706,0.4610072076320648,0.031461697071790695,1.1685956846916286
WRD25,mobilenetv3,gaussian_blur_12,8,0,0.24536029994487762,0.7248677611351013,0.029771868139505386,0.9847833830284127
WRD25,mobilenetv3,gaussian_blur_12,9,0,0.2053305208683014,0.5662645101547241,0.22840498387813568,1.420142538370129
WRD25,mobilenetv3,gaussian_blur_12,10,0,0.419461727142334,0.2981572449207306,0.28238096833229065,1.5614313450940638
WRD25,mobilenetv3,gaussian_blur_12,11,0,0.017248431220650673,0.38154128193855286,0.6012102961540222,1.0727305783443437
WRD25,mobilenetv3,gaussian_blur_12,12,0,0.1370851695537567,0.6913058757781982,0.17160890996456146,1.197563344389085
WRD25,mobilenetv3,gaussian_blur_12,13,0,0.7099407911300659,0.26123902201652527,0.028820181265473366,1.004244467927424
WRD25,mobilenetv3,gaussian_blur_12,14,0,0.018863467499613762,0.5726809501647949,0.4084554612636566,1.0962248987307364
WRD25,mobilenetv3,gaussian_blur_12,15,0,0.03004101663827896,0.2538410723209381,0.7161179780960083,0.9989895113316627
WRD25,mobilenetv3,gaussian_blur_12,16,0,0.026498878374695778,0.45923298597335815,0.514268159866333,1.1477734587555055
WRD25,mobilenetv3,gaussian_blur_12,17,0,0.03320777788758278,0.7036023139953613,0.2631899118423462,1.0268296397200802
WRD25,mobilenetv3,gaussian_blur_12,18,1,0.9918391108512878,0.004878778476268053,0.0032820820342749357,0.07627191815246626
WRD25,mobilenetv3,gaussian_blur_12,19,1,0.0037498062010854483,0.00399927468970418,0.992250919342041,0.07321410747210078
WRD25,mobilenetv3,gaussian_blur_12,20,1,0.009572360664606094,0.4018150269985199,0.5886125564575195,1.0428059604975572
WRD25,mobilenetv3,gaussian_blur_12,21,1,0.02326931245625019,0.5091665387153625,0.467564195394516,1.1348749221603893
WRD25,mobilenetv3,gaussian_blur_12,22,1,0.02252134494483471,0.5319067239761353,0.4455718994140625,1.1273431564725351
WRD25,mobilenetv3,gaussian_blur_12,23,1,0.0129648232832551,0.3170202374458313,0.6700149774551392,0.993785208433916
WRD25,mobilenetv3,gaussian_blur_12,24,1,0.01318364031612873,0.3129446804523468,0.6738717555999756,0.9905739570780239
WRD25,mobilenetv3,gaussian_blur_12,25,2,0.018732557073235512,0.49237602949142456,0.48889148235321045,1.115522344037665
WRD25,mobilenetv3,gaussian_blur_12,26,2,0.007227648980915546,0.004026793409138918,0.9887454509735107,0.09958771164987738
WRD25,mobilenetv3,gaussian_blur_12,27,2,0.3476570248603821,0.6383374929428101,0.014005426317453384,1.0295573568830045
WRD25,mobilenetv3,gaussian_blur_12,28,2,0.4919005036354065,0.49688267707824707,0.011216851882636547,1.0775213139326227
WRD25,mobilenetv3,gaussian_blur_12,29,2,0.732365608215332,0.25072965025901794,0.016904639080166817,0.9290119194174218
WRD25,mobilenetv3,gaussian_blur_12,30,2,0.751136302947998,0.23262450098991394,0.016239261254668236,0.8960658814171536
WRD25,mobilenetv3,gaussian_blur_12,31,2,0.004541898611932993,0.5384222865104675,0.4570358395576477,1.032537857024911
WRD25,mobilenetv3,gaussian_blur_12,32,2,0.00959885586053133,0.660601794719696,0.3297993242740631,0.9872684225304219
WRD25,mobilenetv3,gaussian_blur_12,33,2,0.007593161426484585,0.42530155181884766,0.5671052932739258,1.0421176411383024
WRD25,mobilenetv3,gaussian_blur_12,34,2,0.45556941628456116,0.5294091701507568,0.015021374449133873,1.0934716170488108
WRD25,mobilenetv3,gaussian_blur_12,35,2,0.017186766490340233,0.4031456708908081,0.5796676278114319,1.0851577703368527
WRD25,mobilenetv3,gaussian_blur_12,36,3,0.024486083537340164,0.5698287487030029,0.405685156583786,1.121432437510431
WRD25,mobilenetv3,gaussian_blur_12,37,3,0.010494893416762352,0.006736389361321926,0.9827689528465271,0.14223426138400308
WRD25,mobilenetv3,gaussian_blur_12,38,3,0.013211376033723354,0.7085413336753845,0.27824729681015015,0.9481875551818029
WRD25,mobilenetv3,gaussian_blur_12,39,3,0.0050872392021119595,0.446504145860672,0.5484085083007812,1.0334502155797602
WRD25,mobilenetv3,gaussian_blur_12,40,3,0.9867745041847229,0.003953087609261274,0.009272399358451366,0.11312538085304472
WRD25,mobilenetv3,gaussian_blur_12,41,4,0.9920920729637146,0.0031816307455301285,0.00472635542973876,0.07426980563293092
WRD25,mobilenetv3,gaussian_blur_12,42,4,0.022242547944188118,0.7071583867073059,0.27059900760650635,0.9859160908598912
WRD25,mobilenetv3,gaussian_blur_12,43,4,0.47415629029273987,0.5120636820793152,0.013780040666460991,1.0900896828331768
WRD25,mobilenetv3,gaussian_blur_12,44,4,0.9896898865699768,0.006721097510308027,0.0035889523569494486,0.09245433522367452
WRD25,mobilenetv3,gaussian_blur_12,45,4,0.9119340181350708,0.0779307410120964,0.010135333053767681,0.47534199604641714
WRD25,mobilenetv3,gaussian_blur_12,46,5,0.019676079973578453,0.661074697971344,0.3192492723464966,1.0321316753811445
WRD25,mobilenetv3,gaussian_blur_12,47,5,0.002577509731054306,0.9949499368667603,0.0024725382681936026,0.05084500272689756
WRD25,mobilenetv3,gaussian_blur_12,48,5,0.009841188788414001,0.7022648453712463,0.2878938913345337,0.9408745525626386
WRD25,mobilenetv3,gaussian_blur_12,49,5,0.0028701575938612223,0.0009809057228267193,0.996148943901062,0.03958546398678679
WRD25,mobilenetv3,gaussian_blur_12,50,6,0.3981756567955017,0.5836731791496277,0.018151123076677322,1.0873462014697888
WRD25,mobilenetv3,gaussian_blur_12,51,6,0.0059376792050898075,0.003072773339226842,0.9909895062446594,0.08250110255065338
WRD25,mobilenetv3,gaussian_blur_12,52,6,0.018880926072597504,0.7097663879394531,0.2713525891304016,0.9697889095752241
WRD25,mobilenetv3,gaussian_blur_12,53,7,0.4601976275444031,0.00761338509619236,0.5321889519691467,1.0531351991768063
WRD25,mobilenetv3,gaussian_blur_12,54,7,0.015646180137991905,0.36901193857192993,0.6153420209884644,1.0556533311969567
WRD25,mobilenetv3,gaussian_blur_12,55,7,0.016438504680991173,0.6042318940162659,0.3793295919895172,1.0670820495686681
WRD25,mobilenetv3,gaussian_blur_12,56,7,0.014324829913675785,0.6439827084541321,0.3416922986507416,1.0259730217732612
WRD25,mobilenetv3,gaussian_blur_12,57,7,0.009202892892062664,0.691489040851593,0.2993081510066986,0.951156033376097
WRD25,mobilenetv3,gaussian_blur_12,58,7,0.6773378252983093,0.30545297265052795,0.01720915362238884,1.0041800204679971
WRD25,mobilenetv3,gaussian_blur_12,59,7,0.5698708295822144,0.41666483879089355,0.013464310206472874,1.072273818190301
WRD25,mobilenetv3,gaussian_blur_12,60,7,0.49825558066368103,0.012072691693902016,0.48967185616493225,1.082113656379831
WRD25,mobilenetv3,gaussian_blur_12,61,7,0.6177901029586792,0.35498055815696716,0.02722931280732155,1.1012121865123743
WRD25,mobilenetv3,gaussian_blur_12,62,7,0.010233025997877121,0.6392894983291626,0.3504773676395416,1.0104160559880009
WRD25,mobilenetv3,gaussian_blur_12,63,7,0.010158141143620014,0.20169697701931,0.7881448268890381,0.8038285539439718
WRD25,mobilenetv3,gaussian_blur_12,64,7,0.3525945246219635,0.6359614133834839,0.011444054543972015,1.019354635944063
WRD25,mobilenetv3,gaussian_blur_12,65,7,0.0108622582629323,0.012046942487359047,0.9770907163619995,0.18034218198508906
WRD25,mobilenetv3,gaussian_blur_12,66,7,0.35260018706321716,0.6290827393531799,0.0183169674128294,1.0566288287624728
WRD25,mobilenetv3,gaussian_blur_12,67,7,0.2628556787967682,0.5353761315345764,0.2017681896686554,1.4551994729625848
WRD25,mobilenetv3,gaussian_blur_12,68,7,0.5870320796966553,0.3921003043651581,0.0208676066249609,1.0972348321133394
WRD25,mobilenetv3,gaussian_blur_12,69,8,0.6604300737380981,0.021971959620714188,0.317597895860672,1.0418456009929034
WRD25,mobilenetv3,gaussian_blur_12,70,8,0.41791343688964844,0.5212748050689697,0.060811880975961685,1.2616252780778685
WRD25,mobilenetv3,gaussian_blur_12,71,8,0.4110417664051056,0.5515957474708557,0.03736245632171631,1.177846491862637
WRD25,mobilenetv3,gaussian_blur_12,72,8,0.9863556027412415,0.009854163974523544,0.0037902442272752523,0.11571511907891638
WRD25,mobilenetv3,gaussian_blur_12,73,8,0.9819592833518982,0.008005594834685326,0.010035140439867973,0.1481694929430294
WRD25,mobilenetv3,gaussian_blur_12,74,8,0.8386064171791077,0.1463666707277298,0.01502684410661459,0.7097364345068724
WRD25,mobilenetv3,gaussian_blur_12,75,8,0.48622286319732666,0.5055429935455322,0.008234025910496712,1.0603385477188383
WRD25,mobilenetv3,gaussian_blur_12,76,8,0.40486040711402893,0.5690332651138306,0.02610640414059162,1.1283074967805493
WRD25,mobilenetv3,gaussian_blur_12,77,8,0.6406614780426025,0.3435513377189636,0.01578722521662712,1.035578024306569
WRD25,mobilenetv3,gaussian_blur_12,78,8,0.4995126724243164,0.4749186038970947,0.025568827986717224,1.1456412547615358
WRD25,mobilenetv3,gaussian_blur_12,79,8,0.4271140992641449,0.35662493109703064,0.21626099944114685,1.5324408233500082
WRD25,mobilenetv3,gaussian_blur_12,80,8,0.2823353409767151,0.4067126214504242,0.31095197796821594,1.5670333512090615
WRD25,mobilenetv3,gaussian_blur_12,81,8,0.5159421563148499,0.4315268099308014,0.05253100395202637,1.2390892300186431
WRD25,mobilenetv3,gaussian_blur_12,82,8,0.42596232891082764,0.39019539952278137,0.18384233117103577,1.5034375070595465
WRD25,mobilenetv3,gaussian_blur_12,83,8,0.4118827283382416,0.36121657490730286,0.22690069675445557,1.5432716400166824
WRD25,mobilenetv3,gaussian_blur_12,84,8,0.2083413451910019,0.19026093184947968,0.6013978123664856,1.3681375311774562
WRD25,mobilenetv3,gaussian_blur_12,85,8,0.6309770941734314,0.022064508870244026,0.34695836901664734,1.0704482288911277
WRD25,mobilenetv3,gaussian_blur_12,86,9,0.5685847401618958,0.41551685333251953,0.015898440033197403,1.0846035944963741
WRD25,mobilenetv3,gaussian_blur_12,87,9,0.022598544135689735,0.5245327353477478,0.4528687596321106,1.129399759135747
WRD25,mobilenetv3,gaussian_blur_12,88,9,0.5123758316040039,0.22504042088985443,0.26258385181427,1.4850950847529951
WRD25,mobilenetv3,gaussian_blur_12,89,9,0.336469441652298,0.3474932014942169,0.3160373866558075,1.5838545358844507
WRD25,mobilenetv3,gaussian_blur_12,90,9,0.4323675334453583,0.2653980851173401,0.302234411239624,1.5526681411356702
WRD25,mobilenetv3,gaussian_blur_12,91,9,0.1760053038597107,0.292750746011734,0.5312438607215881,1.444741377005522
WRD25,mobilenetv3,gaussian_blur_12,92,9,0.03314133733510971,0.628912627696991,0.3379461467266083,1.1126140201826957
WRD25,mobilenetv3,gaussian_blur_12,93,9,0.4190708100795746,0.5512311458587646,0.029698044061660767,1.1501518633526508
WRD25,mobilenetv3,gaussian_blur_12,94,9,0.6451725959777832,0.333678275346756,0.02114897593855858,1.053932835161557
WRD25,mobilenetv3,gaussian_blur_12,95,9,0.18274161219596863,0.3575293719768524,0.4597289562225342,1.4940533093030424
WRD25,mobilenetv3,gaussian_blur_12,96,9,0.17984645068645477,0.4180380403995514,0.4021155834197998,1.4996715593938332
WRD25,mobilenetv3,gaussian_blur_12,97,10,0.5437890887260437,0.44964808225631714,0.006562825758010149,1.0440194462300263
WRD25,mobilenetv3,gaussian_blur_12,98,10,0.9934728741645813,0.001184155698865652,0.0053429133258759975,0.06122720036216819
WRD25,mobilenetv3,gaussian_blur_12,99,10,0.4089522957801819,0.5833674073219299,0.007680204231292009,1.0350790207246585
WRD25,mobilenetv3,gaussian_blur_12,100,10,0.6249794960021973,0.3608715236186981,0.014148935675621033,1.0413707434873725
WRD25,mobilenetv3,gaussian_blur_12,101,10,0.9913216829299927,0.004287280607968569,0.00439094752073288,0.08057473054093019
WRD25,mobilenetv3,gaussian_blur_12,102,10,0.995116651058197,0.0018121643224731088,0.0030710799619555473,0.0491675495403926
WRD25,mobilenetv3,gaussian_blur_12,103,10,0.9872152805328369,0.00800349935889244,0.004781271796673536,0.11092761845599
WRD25,mobilenetv3,gaussian_blur_12,104,10,0.987231969833374,0.003697518724948168,0.00907045602798462,0.10971479218143687
WRD25,mobilenetv3,gaussian_blur_12,105,10,0.714061975479126,0.27167966961860657,0.014258265495300293,0.9451436537015492
WRD25,mobilenetv3,gaussian_blur_12,106,10,0.6623368859291077,0.32492977380752563,0.012733252719044685,1.0007986576477264
WRD25,mobilenetv3,gaussian_blur_12,107,11,0.010045995004475117,0.514083206653595,0.4758707582950592,1.0699876478756623
WRD25,mobilenetv3,gaussian_blur_12,108,11,0.009412892162799835,0.0015695459442213178,0.9890176057815552,0.09373754061798494
WRD25,mobilenetv3,gaussian_blur_12,109,11,0.012931662611663342,0.6979847550392151,0.28908365964889526,0.9607743603681247
WRD25,mobilenetv3,gaussian_blur_12,110,11,0.003691556164994836,0.002404589904472232,0.9939038753509521,0.05952144771333553
WRD25,mobilenetv3,gaussian_blur_12,111,11,0.005482512526214123,0.0021216338500380516,0.9923958778381348,0.07094890742338512
WRD25,mobilenetv3,gaussian_blur_12,112,11,0.004864368122071028,0.0011108845937997103,0.9940248727798462,0.056872487822448414
WRD25,mobilenetv3,gaussian_blur_12,113,11,0.0038097023498266935,0.3890154957771301,0.6071747541427612,0.9975476190879096
WRD25,mobilenetv3,gaussian_blur_12,114,12,0.026255639269948006,0.5888565182685852,0.3848877549171448,1.1179469151152501
WRD25,mobilenetv3,gaussian_blur_12,115,13,0.7013329863548279,0.024318046867847443,0.2743489146232605,1.0012634905899147
WRD25,mobilenetv3,gaussian_blur_12,116,13,0.49591362476348877,0.4752352833747864,0.02885119989514351,1.1594287116334114
WRD25,mobilenetv3,gaussian_blur_12,117,13,0.7045755982398987,0.022358743473887444,0.2730656564235687,0.9898910048257221
WRD25,mobilenetv3,gaussian_blur_12,118,13,0.6836301684379578,0.024910539388656616,0.2914592921733856,1.0262163489772989
WRD25,mobilenetv3,gaussian_blur_12,119,13,0.02108909748494625,0.530767023563385,0.44814392924308777,1.1213870988113852
WRD25,mobilenetv3,gaussian_blur_12,120,13,0.21759574115276337,0.5338083505630493,0.24859587848186493,1.461403013331161
WRD25,mobilenetv3,gaussian_blur_12,121,14,0.4624268114566803,0.5144823789596558,0.023090729489922523,1.1333664409859878
WRD25,mobilenetv3,gaussian_blur_12,122,14,0.4484270513057709,0.5343405604362488,0.017232470214366913,1.1029489617911414
WRD25,mobilenetv3,gaussian_blur_12,123,14,0.8100970387458801,0.01660955511033535,0.17329347133636475,0.7825366982654529
WRD25,mobilenetv3,gaussian_blur_12,124,14,0.5285941958427429,0.004370174370706081,0.4670356512069702,1.0334274285049267
WRD25,mobilenetv3,gaussian_blur_12,125,14,0.022700803354382515,0.63759446144104,0.33970487117767334,1.0670947664638637
WRD25,mobilenetv3,gaussian_blur_12,126,15,0.019032249227166176,0.477103054523468,0.5038647651672363,1.1164129114748622
WRD25,mobilenetv3,gaussian_blur_12,127,15,0.6226499080657959,0.023174375295639038,0.35417574644088745,1.081818045026758
WRD25,mobilenetv3,gaussian_blur_12,128,15,0.5112387537956238,0.4691220223903656,0.01963922008872032,1.1184652550513912
WRD25,mobilenetv3,gaussian_blur_12,129,15,0.45154356956481934,0.20273049175739288,0.3457259237766266,1.5144640577408
WRD25,mobilenetv3,gaussian_blur_12,130,15,0.25927215814590454,0.2499658763408661,0.490761935710907,1.5088691044614606
WRD25,mobilenetv3,gaussian_blur_12,131,15,0.5205137729644775,0.017050299793481827,0.46243593096733093,1.1050148657813368
WRD25,mobilenetv3,gaussian_blur_12,132,15,0.194853737950325,0.20667743682861328,0.5984687805175781,1.3731192480451657
WRD25,mobilenetv3,gaussian_blur_12,133,15,0.4844808578491211,0.013248998671770096,0.5022702217102051,1.0881536131168241
WRD25,mobilenetv3,gaussian_blur_12,134,15,0.29926618933677673,0.027789168059825897,0.6729447841644287,1.0490715183784904
WRD25,mobilenetv3,gaussian_blur_12,135,15,0.626200258731842,0.01845504902303219,0.3553445339202881,1.0595998065127543
WRD25,mobilenetv3,gaussian_blur_12,136,15,0.021598082035779953,0.5695912837982178,0.4088105261325836,1.1095780900617918
WRD25,mobilenetv3,gaussian_blur_12,137,15,0.028567872941493988,0.3333151936531067,0.6381169557571411,1.0884243048500992
WRD25,mobilenetv3,gaussian_blur_12,138,15,0.4607507586479187,0.5105789303779602,0.028670337051153183,1.1571641871704175
WRD25,mobilenetv3,gaussian_blur_12,139,15,0.8095855116844177,0.02197195775806904,0.16844245791435242,0.8005844756197102
WRD25,mobilenetv3,gaussian_blur_12,140,15,0.435357928276062,0.23338870704174042,0.3312533497810364,1.540253827267816
WRD25,mobilenetv3,gaussian_blur_12,141,16,0.38580846786499023,0.588491678237915,0.025699792429804802,1.1160072382457915
WRD25,mobilenetv3,gaussian_blur_12,142,16,0.7008919715881348,0.2794819176197052,0.019626209512352943,0.984689926029802
WRD25,mobilenetv3,gaussian_blur_12,143,16,0.6976237893104553,0.2785005569458008,0.023875635117292404,1.0046743555744078
WRD25,mobilenetv3,gaussian_blur_12,144,16,0.01980879344046116,0.6294467449188232,0.350744366645813,1.0625975371326377
WRD25,mobilenetv3,gaussian_blur_12,145,16,0.015299556776881218,0.4556836485862732,0.5290167927742004,1.0949221030188294
WRD25,mobilenetv3,gaussian_blur_12,146,16,0.23409730195999146,0.746324360370636,0.019578367471694946,0.9165334040990483
WRD25,mobilenetv3,gaussian_blur_12,147,16,0.008897940628230572,0.3858272433280945,0.6052748560905457,1.02915519838137
WRD25,mobilenetv3,gaussian_blur_12,148,17,0.016979876905679703,0.5583867430686951,0.4246334731578827,1.093981348360355
WRD25,mobilenetv3,gaussian_blur_12,149,17,0.019495153799653053,0.5259562134742737,0.45454859733581543,1.1153467273578648
WRD25,mobilenetv3,gaussian_blur_12,150,17,0.018395528197288513,0.6097410321235657,0.371863454580307,1.0719392393947675
WRD25,mobilenetv3,gaussian_blur_12,151,17,0.013791986741125584,0.6564124822616577,0.3297954797744751,1.011681130483902
WRD25,mobilenetv3,gaussian_blur_12,152,18,0.006459365598857403,0.9904014468193054,0.003139134729281068,0.08687221192804265
WRD25,mobilenetv3,gaussian_blur_12,153,18,0.0027835520450025797,0.00638379342854023,0.9908325672149658,0.08334065946290378
WRD25,mobilenetv3,gaussian_blur_12,154,18,0.5325950980186462,0.4597338140010834,0.00767100602388382,1.0533901347009278
WRD25,mobilenetv3,gaussian_blur_12,155,18,0.003691392485052347,0.9942234754562378,0.0020851087756454945,0.056711315878776015
WRD25,mobilenetv3,gaussian_blur_12,156,18,0.011578774079680443,0.5908206701278687,0.39760059118270874,1.0520852774844163
WRD25,mobilenetv3,gaussian_blur_12,157,18,0.013689922168850899,0.539145827293396,0.44716429710388184,1.0844786770469057
WRD25,mobilenetv3,gaussian_blur_12,158,18,0.380054771900177,0.3380216360092163,0.2819235920906067,1.5743591783491786
WRD25,mobilenetv3,gaussian_blur_12,159,18,0.6816736459732056,0.3015439808368683,0.016782330349087715,0.9973633820341097
WRD25,mobilenetv3,gaussian_blur_12,160,18,0.3526897430419922,0.4329007565975189,0.21440955996513367,1.5294997866975995
WRD25,mobilenetv3,gaussian_blur_12,161,18,0.7615642547607422,0.09769156575202942,0.14074422419071198,1.0252267002185214
WRD25,mobilenetv3,gaussian_blur_12,162,18,0.4936078190803528,0.33743610978126526,0.16895607113838196,1.465058446077241
WRD25,mobilenetv3,gaussian_blur_12,163,18,0.6285260915756226,0.2554911971092224,0.1159827709197998,1.2845348849050682
WRD25,mobilenetv3,gaussian_blur_12,164,18,0.6600944399833679,0.31888049840927124,0.02102513238787651,1.0385179010338679
WRD25,mobilenetv3,gaussian_blur_12,165,18,0.14907240867614746,0.7176695466041565,0.13325800001621246,1.1402978720250405
WRD25,mobilenetv3,gaussian_blur_12,166,18,0.39730069041252136,0.00857903715223074,0.5941203236579895,1.0342660154024839
WRD25,mobilenetv3,gaussian_blur_12,167,18,0.013859981670975685,0.3706307113170624,0.6155092716217041,1.0472270157241341
WRD25,mobilenetv3,gaussian_blur_12,168,18,0.4124417304992676,0.5679711103439331,0.01958712562918663,1.1016559651121314
WRD25,mobilenetv3,gaussian_blur_12,169,18,0.5215127468109131,0.4662913382053375,0.012195831164717674,1.0805979164067234
WRD25,mobilenetv3,gaussian_blur_12,170,19,0.014780945144593716,0.6758438348770142,0.309375137090683,0.9955219146022648
WRD25,mobilenetv3,gaussian_blur_12,171,19,0.009988638572394848,0.6447552442550659,0.34525617957115173,1.0043363936321028
WRD25,mobilenetv3,gaussian_blur_12,172,19,0.6095260977745056,0.009216462261974812,0.38125741481781006,1.0280568316390413
WRD25,mobilenetv3,gaussian_blur_12,173,19,0.015165379270911217,0.617243766784668,0.36759090423583984,1.0520390342114054
WRD25,mobilenetv3,gaussian_blur_12,174,20,0.15844379365444183,0.8155699968338013,0.025986170396208763,0.7978577961763202
WRD25,mobilenetv3,gaussian_blur_12,175,20,0.015425052493810654,0.4477289617061615,0.5368459224700928,1.0936664576646384
WRD25,mobilenetv3,gaussian_blur_12,176,20,0.012896916829049587,0.9672991037368774,0.019804054871201515,0.23940188281957303
WRD25,mobilenetv3,gaussian_blur_12,177,20,0.2838591933250427,0.016073554754257202,0.7000671625137329,0.9716257744188697
WRD25,mobilenetv3,gaussian_blur_12,178,21,0.011973691172897816,0.0055502173490822315,0.9824760556221008,0.14308785220248527
WRD25,mobilenetv3,gaussian_blur_12,179,21,0.005586903542280197,0.9802073240280151,0.01420562993735075,0.1572665881574698
WRD25,mobilenetv3,gaussian_blur_12,180,21,0.010701673105359077,0.9863558411598206,0.0029424536041915417,0.1143451784449015
WRD25,mobilenetv3,gaussian_blur_12,181,21,0.01292850635945797,0.6449865102767944,0.3420850336551666,1.018562616480652
WRD25,mobilenetv3,gaussian_blur_12,182,21,0.017203088849782944,0.20379939675331116,0.778997540473938,0.8491850744568721
WRD25,mobilenetv3,gaussian_blur_12,183,21,0.02544986456632614,0.6191241145133972,0.355426162481308,1.0934656431981686
WRD25,mobilenetv3,gaussian_blur_12,184,21,0.024075932800769806,0.48869094252586365,0.48723316192626953,1.1396737779968953
WRD25,mobilenetv3,gaussian_blur_12,185,22,0.006474029738456011,0.21823029220104218,0.7752956748008728,0.810998123568294
WRD25,mobilenetv3,gaussian_blur_12,186,22,0.014959177933633327,0.46288973093032837,0.5221511721611023,1.0945816595103897
WRD25,mobilenetv3,gaussian_blur_12,187,22,0.012667772360146046,0.5466975569725037,0.4406346380710602,1.0770981177303292
WRD25,mobilenetv3,gaussian_blur_12,188,22,0.034699518233537674,0.7871149778366089,0.17818541824817657,0.8835120364626264
WRD25,mobilenetv3,gaussian_blur_12,189,22,0.15291038155555725,0.6581953167915344,0.18889422714710236,1.2656020837659927
WRD25,mobilenetv3,gaussian_blur_12,190,23,0.018277032300829887,0.6917921304702759,0.28993070125579834,0.9911577529864554
WRD25,mobilenetv3,gaussian_blur_12,191,23,0.984289824962616,0.007972287945449352,0.0077378107234835625,0.1323309773280211
WRD25,mobilenetv3,gaussian_blur_12,192,23,0.7258846759796143,0.009361369535326958,0.2647540271282196,0.9061883086041725
WRD25,mobilenetv3,gaussian_blur_12,193,23,0.5653443932533264,0.18174080550670624,0.25291475653648376,1.4138549746134195
WRD25,mobilenetv3,gaussian_blur_12,194,24,0.9725736975669861,0.014899251982569695,0.012526998296380043,0.20859373078268148
WRD25,mobilenetv3,gaussian_blur_12,195,24,0.984213650226593,0.004806881304830313,0.010979394428431988,0.13107585330970922
WRD25,mobilenetv3,gaussian_blur_12,196,24,0.012365545146167278,0.4575413763523102,0.5300931930541992,1.0798824103494185
WRD25,mobilenetv3,gaussian_blur_12,197,24,0.9711660742759705,0.01985127665102482,0.008982687257230282,0.21431457977776186
WRD25,mobilenetv3,gaussian_blur_12,198,24,0.6205234527587891,0.006258708890527487,0.3732178509235382,1.0036901100966633
WRD25,mobilenetv3,gaussian_blur_12,199,24,0.42111995816230774,0.25592923164367676,0.3229507505893707,1.555241783963385
WRD25,mobilenetv3,defocus_blur_5,0,0,0.44399285316467285,0.2501622438430786,0.3058449625968933,1.5429079150788292
WRD25,mobilenetv3,defocus_blur_5,1,0,0.5360105633735657,0.005188313778489828,0.45880112051963806,1.037332436818895
WRD25,mobilenetv3,defocus_blur_5,2,0,0.36880722641944885,0.11235638707876205,0.5188363790512085,1.3762465520356422
WRD25,mobilenetv3,defocus_blur_5,3,0,0.34350526332855225,0.16825300455093384,0.4882417321205139,1.4671788328661697
WRD25,mobilenetv3,defocus_blur_5,4,0,0.4375182092189789,0.07658424973487854,0.4858975112438202,1.3116142516987073
WRD25,mobilenetv3,defocus_blur_5,5,0,0.4362472891807556,0.09506244957447052,0.4686902165412903,1.3572439686746476
WRD25,mobilenetv3,defocus_blur_5,6,0,0.43695488572120667,0.2303467094898224,0.33269843459129333,1.5380498967002527
WRD25,mobilenetv3,defocus_blur_5,7,0,0.3735826015472412,0.1634231060743332,0.4629942774772644,1.4721065929412536
WRD25,mobilenetv3,defocus_blur_5,8,0,0.4099372923374176,0.1468905508518219,0.4431721568107605,1.4541791449227583
WRD25,mobilenetv3,defocus_blur_5,9,0,0.3732783794403076,0.1725645661354065,0.4541570544242859,1.4852615748323412
WRD25,mobilenetv3,defocus_blur_5,10,0,0.3777132034301758,0.368684321641922,0.2536024749279022,1.5632568809353018
WRD25,mobilenetv3,defocus_blur_5,11,0,0.42179328203201294,0.07696279883384705,0.5012437701225281,1.309483985212203
WRD25,mobilenetv3,defocus_blur_5,12,0,0.3545211851596832,0.173577681183815,0.47190117835998535,1.4801792056239647
WRD25,mobilenetv3,defocus_blur_5,13,0,0.4328451454639435,0.10499261319637299,0.4621622860431671,1.378939430692026
WRD25,mobilenetv3,defocus_blur_5,14,0,0.41452276706695557,0.06210694834589958,0.5233703255653381,1.2645127171649881
WRD25,mobilenetv3,defocus_blur_5,15,0,0.47439903020858765,0.01980956457555294,0.505791425704956,1.1198350314773837
WRD25,mobilenetv3,defocus_blur_5,16,0,0.435261607170105,0.03945372253656387,0.5252846479415894,1.1942332131174958
WRD25,mobilenetv3,defocus_blur_5,17,0,0.4330410957336426,0.1365988552570343,0.4303601086139679,1.4386568648966356
WRD25,mobilenetv3,defocus_blur_5,18,1,0.6828368306159973,0.14184610545635223,0.17531713843345642,1.2158803129323943
WRD25,mobilenetv3,defocus_blur_5,19,1,0.21499699354171753,0.4946213364601135,0.29038164019584656,1.4971534661052637
WRD25,mobilenetv3,defocus_blur_5,20,1,0.3212432265281677,0.3258073627948761,0.3529493808746338,1.5837019504965941
WRD25,mobilenetv3,defocus_blur_5,21,1,0.5451226234436035,0.216670960187912,0.23820635676383972,1.4482588035708415
WRD25,mobilenetv3,defocus_blur_5,22,1,0.08216356486082077,0.3621259927749634,0.5557104349136353,1.2979188682024683
WRD25,mobilenetv3,defocus_blur_5,23,1,0.04335985332727432,0.44301995635032654,0.5136202573776245,1.2103686605432633
WRD25,mobilenetv3,defocus_blur_5,24,1,0.03789730370044708,0.4698713421821594,0.49223142862319946,1.194294709077495
WRD25,mobilenetv3,defocus_blur_5,25,2,0.04997716844081879,0.7946935892105103,0.15532925724983215,0.8968022971025642
WRD25,mobilenetv3,defocus_blur_5,26,2,0.04094813019037247,0.7495815753936768,0.2094702124595642,0.972874855861187
WRD25,mobilenetv3,defocus_blur_5,27,2,0.720047116279602,0.02780505083501339,0.252147912979126,0.9860792755445666
WRD25,mobilenetv3,defocus_blur_5,28,2,0.3280848562717438,0.5559256672859192,0.11598951369524002,1.358891052037211
WRD25,mobilenetv3,defocus_blur_5,29,2,0.5181708335876465,0.35888370871543884,0.12294546514749527,1.393839011066715
WRD25,mobilenetv3,defocus_blur_5,30,2,0.4834102690219879,0.4159047603607178,0.10068490356206894,1.3668194050390425
WRD25,mobilenetv3,defocus_blur_5,31,2,0.09169880300760269,0.5840482115745544,0.32425305247306824,1.2960587669080978
WRD25,mobilenetv3,defocus_blur_5,32,2,0.949431836605072,0.016544364392757416,0.03402385115623474,0.3349244140943403
WRD25,mobilenetv3,defocus_blur_5,33,2,0.05541573464870453,0.7436205744743347,0.20096378028392792,1.0143053576398957
WRD25,mobilenetv3,defocus_blur_5,34,2,0.48478183150291443,0.20232747495174408,0.3128907382488251,1.49730108324629
WRD25,mobilenetv3,defocus_blur_5,35,2,0.4568275511264801,0.1948656290769577,0.3483067452907562,1.506090723401646
WRD25,mobilenetv3,defocus_blur_5,36,3,0.04433199763298035,0.0486808717250824,0.906987190246582,0.5393133397225319
WRD25,mobilenetv3,defocus_blur_5,37,3,0.0462605319917202,0.08360543102025986,0.8701340556144714,0.6790793535713044
WRD25,mobilenetv3,defocus_blur_5,38,3,0.052074089646339417,0.14709025621414185,0.8008357286453247,0.8853500630783797
WRD25,mobilenetv3,defocus_blur_5,39,3,0.9327540993690491,0.02465963177382946,0.04258633777499199,0.41931767402027764
WRD25,mobilenetv3,defocus_blur_5,40,3,0.9318814277648926,0.027536191046237946,0.040582239627838135,0.4251673933322737
WRD25,mobilenetv3,defocus_blur_5,41,4,0.41517335176467896,0.47410354018211365,0.11072317510843277,1.3885511949954414
WRD25,mobilenetv3,defocus_blur_5,42,4,0.04062855616211891,0.6328867077827454,0.3264847695827484,1.1326966763561974
WRD25,mobilenetv3,defocus_blur_5,43,4,0.08387704193592072,0.5333135724067688,0.38280943036079407,1.313901232465824
WRD25,mobilenetv3,defocus_blur_5,44,4,0.26618000864982605,0.5431060194969177,0.19071395695209503,1.442493040638066
WRD25,mobilenetv3,defocus_blur_5,45,4,0.3920886814594269,0.16482791304588318,0.44308334589004517,1.4786600152398406
WRD25,mobilenetv3,defocus_blur_5,46,5,0.04880419373512268,0.8208914995193481,0.13030430674552917,0.8294707220744626
WRD25,mobilenetv3,defocus_blur_5,47,5,0.05232904478907585,0.026426857337355614,0.9212441444396973,0.47027512336011007
WRD25,mobilenetv3,defocus_blur_5,48,5,0.10161832720041275,0.03455343842506409,0.8638282418251038,0.6853994784414708
WRD25,mobilenetv3,defocus_blur_5,49,5,0.014316406100988388,0.7111111283302307,0.2745724022388458,0.949473677506103
WRD25,mobilenetv3,defocus_blur_5,50,6,0.942820131778717,0.02419680543243885,0.03298310562968254,0.37234910754048844
WRD25,mobilenetv3,defocus_blur_5,51,6,0.04661080986261368,0.5151299238204956,0.4382593333721161,1.2207350436374653
WRD25,mobilenetv3,defocus_blur_5,52,6,0.027673617005348206,0.03489713743329048,0.9374293088912964,0.3995342775780337
WRD25,mobilenetv3,defocus_blur_5,53,7,0.23383063077926636,0.4452049136161804,0.32096439599990845,1.5362017252099855
WRD25,mobilenetv3,defocus_blur_5,54,7,0.049041926860809326,0.533646821975708,0.41731134057044983,1.222979257504504
WRD25,mobilenetv3,defocus_blur_5,55,7,0.12632901966571808,0.44603830575942993,0.42763254046440125,1.4206751414816525
WRD25,mobilenetv3,defocus_blur_5,56,7,0.5157271027565002,0.10203636437654495,0.3822364807128906,1.3590132597422029
WRD25,mobilenetv3,defocus_blur_5,57,7,0.24363480508327484,0.6354362368583679,0.12092892080545425,1.2805882616702424
WRD25,mobilenetv3,defocus_blur_5,58,7,0.38754671812057495,0.41769033670425415,0.19476304948329926,1.515752489543837
WRD25,mobilenetv3,defocus_blur_5,59,7,0.2523888945579529,0.45546528697013855,0.29214587807655334,1.536708715747931
WRD25,mobilenetv3,defocus_blur_5,60,7,0.35141754150390625,0.25489184260368347,0.3936906158924103,1.5623170447512371
WRD25,mobilenetv3,defocus_blur_5,61,7,0.42499759793281555,0.33115729689598083,0.2438451051712036,1.5491088498617334
WRD25,mobilenetv3,defocus_blur_5,62,7,0.36207297444343567,0.5389716625213623,0.09895531088113785,1.3415041705687942
WRD25,mobilenetv3,defocus_blur_5,63,7,0.2797888517379761,0.5391724705696106,0.18103858828544617,1.441011818571512
WRD25,mobilenetv3,defocus_blur_5,64,7,0.4283304512500763,0.4415641725063324,0.13010534644126892,1.4274764568194978
WRD25,mobilenetv3,defocus_blur_5,65,7,0.5500018000602722,0.23670822381973267,0.21328994631767273,1.4418926034327755
WRD25,mobilenetv3,defocus_blur_5,66,7,0.5548579096794128,0.09174156188964844,0.35340049862861633,1.3180120980185035
WRD25,mobilenetv3,defocus_blur_5,67,7,0.37080031633377075,0.2236759513616562,0.40552371740341187,1.5420264519788378
WRD25,mobilenetv3,defocus_blur_5,68,7,0.48540472984313965,0.01970415562391281,0.49489107728004456,1.120005852666921
WRD25,mobilenetv3,defocus_blur_5,69,8,0.4224558174610138,0.32445281744003296,0.25309133529663086,1.5537470829532802
WRD25,mobilenetv3,defocus_blur_5,70,8,0.3722791075706482,0.30909043550491333,0.3186306059360504,1.5800223033466188
WRD25,mobilenetv3,defocus_blur_5,71,8,0.36718112230300903,0.3953012228012085,0.23751769959926605,1.5526219171143614
WRD25,mobilenetv3,defocus_blur_5,72,8,0.36027729511260986,0.5169767141342163,0.12274597585201263,1.3941573577048354
WRD25,mobilenetv3,defocus_blur_5,73,8,0.3969213664531708,0.41792720556259155,0.18515147268772125,1.5056756641177285
WRD25,mobilenetv3,defocus_blur_5,74,8,0.3781351149082184,0.3789331614971161,0.24293173849582672,1.5569494128438781
WRD25,mobilenetv3,defocus_blur_5,75,8,0.387867271900177,0.24884389340877533,0.3632887601852417,1.5600164751800867
WRD25,mobilenetv3,defocus_blur_5,76,8,0.5528911352157593,0.20911970734596252,0.2379891276359558,1.4376763429706207
WRD25,mobilenetv3,defocus_blur_5,77,8,0.5410832762718201,0.2056325078010559,0.25328415632247925,1.450465518739417
WRD25,mobilenetv3,defocus_blur_5,78,8,0.47673508524894714,0.140711709856987,0.3825531303882599,1.437926700932954
WRD25,mobilenetv3,defocus_blur_5,79,8,0.39972102642059326,0.277201384305954,0.32307758927345276,1.5685345750625914
WRD25,mobilenetv3,defocus_blur_5,80,8,0.4507058262825012,0.3528389036655426,0.19645525515079498,1.5097068894102021
WRD25,mobilenetv3,defocus_blur_5,81,8,0.3847053349018097,0.29261332750320435,0.3226812779903412,1.5755318979708708
WRD25,mobilenetv3,defocus_blur_5,82,8,0.33922845125198364,0.36849650740623474,0.29227501153945923,1.5784935588328075
WRD25,mobilenetv3,defocus_blur_5,83,8,0.4388141930103302,0.29444295167922974,0.2667428255081177,1.549369949015273
WRD25,mobilenetv3,defocus_blur_5,84,8,0.6599233746528625,0.11241384595632553,0.2276628166437149,1.2362294274765324
WRD25,mobilenetv3,defocus_blur_5,85,8,0.5424115657806396,0.22869056463241577,0.22889789938926697,1.4523920756893631
WRD25,mobilenetv3,defocus_blur_5,86,9,0.4791746139526367,0.32288658618927,0.1979387253522873,1.4977385584943161
WRD25,mobilenetv3,defocus_blur_5,87,9,0.055601444095373154,0.4529155492782593,0.4914829730987549,1.252993077038682
WRD25,mobilenetv3,defocus_blur_5,88,9,0.31110650300979614,0.20104190707206726,0.4878515899181366,1.4945261505988596
WRD25,mobilenetv3,defocus_blur_5,89,9,0.24998413026332855,0.24875248968601227,0.5012633800506592,1.4987298204635455
WRD25,mobilenetv3,defocus_blur_5,90,9,0.12874871492385864,0.3896200656890869,0.4816312789916992,1.418225273313316
WRD25,mobilenetv3,defocus_blur_5,91,9,0.3877684772014618,0.144073486328125,0.4681580662727356,1.4452803805614158
WRD25,mobilenetv3,defocus_blur_5,92,9,0.47424498200416565,0.1132824644446373,0.41247251629829407,1.3933489860874406
WRD25,mobilenetv3,defocus_blur_5,93,9,0.3641640245914459,0.3452891409397125,0.2905467450618744,1.5785174517108376
WRD25,mobilenetv3,defocus_blur_5,94,9,0.46492624282836914,0.14156748354434967,0.3935062289237976,1.4424705450855932
WRD25,mobilenetv3,defocus_blur_5,95,9,0.4459758996963501,0.2241278439760208,0.3298962712287903,1.5309309540477805
WRD25,mobilenetv3,defocus_blur_5,96,9,0.1673794984817505,0.4980344772338867,0.3345860540866852,1.460999340893515
WRD25,mobilenetv3,defocus_blur_5,97,10,0.5753885507583618,0.35183629393577576,0.07277511060237885,1.264155473602191
WRD25,mobilenetv3,defocus_blur_5,98,10,0.5880479216575623,0.2784665822982788,0.13348545134067535,1.3518598256093473
WRD25,mobilenetv3,defocus_blur_5,99,10,0.8661506772041321,0.03578750416636467,0.0980619490146637,0.6800228439161438
WRD25,mobilenetv3,defocus_blur_5,100,10,0.6958084106445312,0.06047312542796135,0.24371834099292755,1.105226450279154
WRD25,mobilenetv3,defocus_blur_5,101,10,0.4098861813545227,0.4819926917552948,0.1081211268901825,1.3818916384641167
WRD25,mobilenetv3,defocus_blur_5,102,10,0.697790265083313,0.20888888835906982,0.0933208167552948,1.1534791054403235
WRD25,mobilenetv3,defocus_blur_5,103,10,0.5686627626419067,0.2928793132305145,0.13845790922641754,1.3769131052855486
WRD25,mobilenetv3,defocus_blur_5,104,10,0.2897084057331085,0.32925930619239807,0.3810323178768158,1.5759112863884093
WRD25,mobilenetv3,defocus_blur_5,105,10,0.6212892532348633,0.27469944953918457,0.10401133447885513,1.2782929610196851
WRD25,mobilenetv3,defocus_blur_5,106,10,0.816466748714447,0.11554920673370361,0.06798405200242996,0.8622845666231754
WRD25,mobilenetv3,defocus_blur_5,107,11,0.30250003933906555,0.02660125494003296,0.6708987355232239,1.0473234621254937
WRD25,mobilenetv3,defocus_blur_5,108,11,0.037683550268411636,0.6326116323471069,0.32970476150512695,1.123924530216565
WRD25,mobilenetv3,defocus_blur_5,109,11,0.03439825773239136,0.3091397285461426,0.6564619541168213,1.0894228605213385
WRD25,mobilenetv3,defocus_blur_5,110,11,0.03254470229148865,0.3114621341228485,0.6559931039810181,1.0839742815521964
WRD25,mobilenetv3,defocus_blur_5,111,11,0.03484819084405899,0.2665049135684967,0.6986469030380249,1.038646035764552
WRD25,mobilenetv3,defocus_blur_5,112,11,0.03530340641736984,0.6369442939758301,0.3277522623538971,1.1122628230799334
WRD25,mobilenetv3,defocus_blur_5,113,11,0.3682526648044586,0.029343757778406143,0.602403461933136,1.1205970392080509
WRD25,mobilenetv3,defocus_blur_5,114,12,0.4875611364841461,0.4273335039615631,0.08510545641183853,1.3319503838159181
WRD25,mobilenetv3,defocus_blur_5,115,13,0.47368717193603516,0.1805461347103119,0.34576675295829773,1.4862605489168763
WRD25,mobilenetv3,defocus_blur_5,116,13,0.6694591641426086,0.07994172722101212,0.2505992352962494,1.1792845103132543
WRD25,mobilenetv3,defocus_blur_5,117,13,0.44336530566215515,0.2115405946969986,0.34509408473968506,1.5240183872831232
WRD25,mobilenetv3,defocus_blur_5,118,13,0.5011799931526184,0.15193991363048553,0.34688013792037964,1.4423694479439093
WRD25,mobilenetv3,defocus_blur_5,119,13,0.010412747040390968,0.5603275299072266,0.429259717464447,1.0605452630823984
WRD25,mobilenetv3,defocus_blur_5,120,13,0.38119813799858093,0.3461654484272003,0.2726364731788635,1.5713683326349044
WRD25,mobilenetv3,defocus_blur_5,121,14,0.4857006371021271,0.14415223896503448,0.37014713883399963,1.4395698213078054
WRD25,mobilenetv3,defocus_blur_5,122,14,0.43644359707832336,0.3390321731567383,0.22452421486377716,1.5349687355574102
WRD25,mobilenetv3,defocus_blur_5,123,14,0.43686720728874207,0.3823277950286865,0.1808050125837326,1.4984087381716173
WRD25,mobilenetv3,defocus_blur_5,124,14,0.45306873321533203,0.29095402359962463,0.25597724318504333,1.5389520931379437
WRD25,mobilenetv3,defocus_blur_5,125,14,0.4410426914691925,0.22471021115779877,0.33424705266952515,1.5333196360971102
WRD25,mobilenetv3,defocus_blur_5,126,15,0.41307467222213745,0.1834099441766739,0.40351539850234985,1.503989511374988
WRD25,mobilenetv3,defocus_blur_5,127,15,0.4759686589241028,0.10358358919620514,0.42044785618782043,1.3741877071092046
WRD25,mobilenetv3,defocus_blur_5,128,15,0.3570140302181244,0.18574519455432892,0.45724087953567505,1.497818340522503
WRD25,mobilenetv3,defocus_blur_5,129,15,0.08524244278669357,0.4418776035308838,0.47287994623184204,1.3343865891376954
WRD25,mobilenetv3,defocus_blur_5,130,15,0.39880290627479553,0.15976698696613312,0.44143012166023254,1.4724241829533777
WRD25,mobilenetv3,defocus_blur_5,131,15,0.4247528314590454,0.1336214691400528,0.441625714302063,1.4334285578684538
WRD25,mobilenetv3,defocus_blur_5,132,15,0.4287908375263214,0.1323215812444687,0.4388875365257263,1.4313646033014107
WRD25,mobilenetv3,defocus_blur_5,133,15,0.39251983165740967,0.21235507726669312,0.3951251208782196,1.5335990342294075
WRD25,mobilenetv3,defocus_blur_5,134,15,0.4749784767627716,0.042485419660806656,0.4825360178947449,1.211045501549589
WRD25,mobilenetv3,defocus_blur_5,135,15,0.4154426157474518,0.14273931086063385,0.4418182075023651,1.4480432944854802
WRD25,mobilenetv3,defocus_blur_5,136,15,0.38614141941070557,0.2084702104330063,0.4053882658481598,1.5297405904118158
WRD25,mobilenetv3,defocus_blur_5,137,15,0.4069744050502777,0.25070920586586,0.34231650829315186,1.5576612884042358
WRD25,mobilenetv3,defocus_blur_5,138,15,0.47771644592285156,0.12659665942192078,0.39568689465522766,1.415867838598952
WRD25,mobilenetv3,defocus_blur_5,139,15,0.4354783594608307,0.09267472475767136,0.47184693813323975,1.3516086709006507
WRD25,mobilenetv3,defocus_blur_5,140,15,0.22191661596298218,0.34543025493621826,0.43265318870544434,1.5346672094106624
WRD25,mobilenetv3,defocus_blur_5,141,16,0.0514616034924984,0.43791308999061584,0.5106253027915955,1.2370873209366522
WRD25,mobilenetv3,defocus_blur_5,142,16,0.028152110055088997,0.5145366191864014,0.45731133222579956,1.154454225756812
WRD25,mobilenetv3,defocus_blur_5,143,16,0.03071373701095581,0.590796172618866,0.37849006056785583,1.1334272419600124
WRD25,mobilenetv3,defocus_blur_5,144,16,0.03859579190611839,0.6860999464988708,0.27530428767204285,1.0664389369238032
WRD25,mobilenetv3,defocus_blur_5,145,16,0.046827446669340134,0.5536080002784729,0.3995645344257355,1.207899653880039
WRD25,mobilenetv3,defocus_blur_5,146,16,0.09790023416280746,0.5521513819694519,0.34994834661483765,1.3314304896272637
WRD25,mobilenetv3,defocus_blur_5,147,16,0.03888224810361862,0.48923638463020325,0.4718814194202423,1.198035333142657
WRD25,mobilenetv3,defocus_blur_5,148,17,0.10533297061920166,0.44479742646217346,0.44986963272094727,1.380322547082908
WRD25,mobilenetv3,defocus_blur_5,149,17,0.16566891968250275,0.47574350237846375,0.3585876226425171,1.4701254912599844
WRD25,mobilenetv3,defocus_blur_5,150,17,0.033764295279979706,0.5677976012229919,0.39843815565109253,1.1576433140475766
WRD25,mobilenetv3,defocus_blur_5,151,17,0.2982273995876312,0.37177032232284546,0.3300022780895233,1.5790915890643218
WRD25,mobilenetv3,defocus_blur_5,152,18,0.07483145594596863,0.33187174797058105,0.5932967662811279,1.254849525441484
WRD25,mobilenetv3,defocus_blur_5,153,18,0.11019615083932877,0.3966759741306305,0.4931279122829437,1.3827545766283977
WRD25,mobilenetv3,defocus_blur_5,154,18,0.18108323216438293,0.6099176406860352,0.2089991420507431,1.353492726699561
WRD25,mobilenetv3,defocus_blur_5,155,18,0.17198823392391205,0.4037918746471405,0.4242198169231415,1.4898810701523855
WRD25,mobilenetv3,defocus_blur_5,156,18,0.31380367279052734,0.37654298543930054,0.30965331196784973,1.5790008878338073
WRD25,mobilenetv3,defocus_blur_5,157,18,0.3400050401687622,0.4491991698741913,0.2107958346605301,1.5212721403773977
WRD25,mobilenetv3,defocus_blur_5,158,18,0.3827916085720062,0.39615315198898315,0.22105519473552704,1.5408690578063997
WRD25,mobilenetv3,defocus_blur_5,159,18,0.5027927160263062,0.24388204514980316,0.25332537293434143,1.497055463696622
WRD25,mobilenetv3,defocus_blur_5,160,18,0.4347364008426666,0.23188111186027527,0.3333824872970581,1.539719707322969
WRD25,mobilenetv3,defocus_blur_5,161,18,0.4218614399433136,0.2936224341392517,0.28451603651046753,1.5603455107754454
WRD25,mobilenetv3,defocus_blur_5,162,18,0.4503236711025238,0.12903812527656555,0.4206381142139435,1.425026226405068
WRD25,mobilenetv3,defocus_blur_5,163,18,0.3876061737537384,0.2823432683944702,0.3300505578517914,1.5729475318780493
WRD25,mobilenetv3,defocus_blur_5,164,18,0.29533079266548157,0.2519674301147461,0.45270171761512756,1.5383526442747715
WRD25,mobilenetv3,defocus_blur_5,165,18,0.11576566100120544,0.47345036268234253,0.410783976316452,1.398093636706936
WRD25,mobilenetv3,defocus_blur_5,166,18,0.11383815854787827,0.4233139753341675,0.46284788846969604,1.3962747136045928
WRD25,mobilenetv3,defocus_blur_5,167,18,0.4541819095611572,0.16650165617465973,0.3793164789676666,1.4782802505471029
WRD25,mobilenetv3,defocus_blur_5,168,18,0.2293175309896469,0.5206766128540039,0.250005841255188,1.47744513902186
WRD25,mobilenetv3,defocus_blur_5,169,18,0.4439316987991333,0.10273685306310654,0.45333144068717957,1.3748037725139697
WRD25,mobilenetv3,defocus_blur_5,170,19,0.12235714495182037,0.04977924004197121,0.8278636336326599,0.811925541113223
WRD25,mobilenetv3,defocus_blur_5,171,19,0.042876362800598145,0.08677752315998077,0.8703461289405823,0.6752042930598496
WRD25,mobilenetv3,defocus_blur_5,172,19,0.08549784123897552,0.034068912267684937,0.880433201789856,0.6311915542697529
WRD25,mobilenetv3,defocus_blur_5,173,19,0.5244012475013733,0.17102977633476257,0.30456897616386414,1.4464658106463764
WRD25,mobilenetv3,defocus_blur_5,174,20,0.0719703957438469,0.3568601906299591,0.5711694359779358,1.265239764877105
WRD25,mobilenetv3,defocus_blur_5,175,20,0.10672194510698318,0.5959601998329163,0.29731789231300354,1.3097998069842287
WRD25,mobilenetv3,defocus_blur_5,176,20,0.08071151375770569,0.5565252900123596,0.36276325583457947,1.2942878626115617
WRD25,mobilenetv3,defocus_blur_5,177,20,0.09556999802589417,0.5317007303237915,0.37272927165031433,1.338962159538259
WRD25,mobilenetv3,defocus_blur_5,178,21,0.0312091875821352,0.6999912261962891,0.2687995433807373,1.0257960831865014
WRD25,mobilenetv3,defocus_blur_5,179,21,0.5746961236000061,0.21119387447834015,0.21411007642745972,1.4091300241784737
WRD25,mobilenetv3,defocus_blur_5,180,21,0.09909133613109589,0.7364227175712585,0.16448602080345154,1.0838473436438685
WRD25,mobilenetv3,defocus_blur_5,181,21,0.10093218833208084,0.5825510025024414,0.3165168762207031,1.3133682138187739
WRD25,mobilenetv3,defocus_blur_5,182,21,0.48590582609176636,0.16784512996673584,0.346248984336853,1.4679192048176772
WRD25,mobilenetv3,defocus_blur_5,183,21,0.45305129885673523,0.14748027920722961,0.39946845173835754,1.4535873685238778
WRD25,mobilenetv3,defocus_blur_5,184,21,0.3983099162578583,0.1475060135126114,0.45418408513069153,1.453414188460894
WRD25,mobilenetv3,defocus_blur_5,185,22,0.03875237703323364,0.6808576583862305,0.2803899645805359,1.0736921251523177
WRD25,mobilenetv3,defocus_blur_5,186,22,0.4701494574546814,0.39246106147766113,0.13738934695720673,1.434917434000451
WRD25,mobilenetv3,defocus_blur_5,187,22,0.07170061022043228,0.6149163842201233,0.31338298320770264,1.2285870737428557
WRD25,mobilenetv3,defocus_blur_5,188,22,0.22132529318332672,0.6267057061195374,0.1519690304994583,1.3171127680251442
WRD25,mobilenetv3,defocus_blur_5,189,22,0.08242572844028473,0.6264488101005554,0.29112541675567627,1.237766983916803
WRD25,mobilenetv3,defocus_blur_5,190,23,0.09120313078165054,0.6321215033531189,0.27667537331581116,1.246259969547272
WRD25,mobilenetv3,defocus_blur_5,191,23,0.07179486751556396,0.5385899543762207,0.38961517810821533,1.2834691409351735
WRD25,mobilenetv3,defocus_blur_5,192,23,0.5827320218086243,0.09260713309049606,0.3246607780456543,1.2988222546157582
WRD25,mobilenetv3,defocus_blur_5,193,23,0.25992223620414734,0.541668176651001,0.19840966165065765,1.4473431864806914
WRD25,mobilenetv3,defocus_blur_5,194,24,0.8351798057556152,0.032613180577754974,0.132206991314888,0.7640004729490799
WRD25,mobilenetv3,defocus_blur_5,195,24,0.05655558407306671,0.5423592329025269,0.4010851979255676,1.2417442606065197
WRD25,mobilenetv3,defocus_blur_5,196,24,0.8234215378761292,0.0130044836550951,0.1635740101337433,0.7395264241416082
WRD25,mobilenetv3,defocus_blur_5,197,24,0.3813977837562561,0.3030465841293335,0.3155556321144104,1.5774429920271598
WRD25,mobilenetv3,defocus_blur_5,198,24,0.09737931191921234,0.64410400390625,0.25851669907569885,1.2405279747810172
WRD25,mobilenetv3,defocus_blur_5,199,24,0.5418200492858887,0.15167713165283203,0.3065028190612793,1.4146352020809565
WRD25,mobilenetv3,defocus_blur_11,0,0,0.4595472514629364,0.3286649286746979,0.21178790926933289,1.5173486033488972
WRD25,mobilenetv3,defocus_blur_11,1,0,0.3747848868370056,0.33207592368125916,0.29313918948173523,1.5777401317519857
WRD25,mobilenetv3,defocus_blur_11,2,0,0.34883034229278564,0.13948646187782288,0.5116832256317139,1.42103924534525
WRD25,mobilenetv3,defocus_blur_11,3,0,0.4752528965473175,0.05103250592947006,0.47371459007263184,1.2397325788674656
WRD25,mobilenetv3,defocus_blur_11,4,0,0.49634334444999695,0.02298961579799652,0.4806670546531677,1.1347413143678082
WRD25,mobilenetv3,defocus_blur_11,5,0,0.42946967482566833,0.09701807796955109,0.4735122323036194,1.36090295955854
WRD25,mobilenetv3,defocus_blur_11,6,0,0.3730618357658386,0.16128434240818024,0.4656538963317871,1.468700304971688
WRD25,mobilenetv3,defocus_blur_11,7,0,0.4768696129322052,0.056678883731365204,0.4664514362812042,1.2573558801277667
WRD25,mobilenetv3,defocus_blur_11,8,0,0.3714101016521454,0.11805438250303268,0.510535478591919,1.3897903128060225
WRD25,mobilenetv3,defocus_blur_11,9,0,0.3778274953365326,0.15235286951065063,0.46981972455978394,1.4561284371672567
WRD25,mobilenetv3,defocus_blur_11,10,0,0.2530730068683624,0.4091256856918335,0.33780136704444885,1.558119042679107
WRD25,mobilenetv3,defocus_blur_11,11,0,0.4794166088104248,0.054556265473365784,0.466027170419693,1.2507520002834425
WRD25,mobilenetv3,defocus_blur_11,12,0,0.45647186040878296,0.019773202016949654,0.5237549543380737,1.11705798940892
WRD25,mobilenetv3,defocus_blur_11,13,0,0.3513069152832031,0.18101176619529724,0.46768125891685486,1.4893048159183575
WRD25,mobilenetv3,defocus_blur_11,14,0,0.3802862763404846,0.18058940768241882,0.43912437558174133,1.4977250932251105
WRD25,mobilenetv3,defocus_blur_11,15,0,0.4727431535720825,0.02518812008202076,0.5020687580108643,1.1438295758857342
WRD25,mobilenetv3,defocus_blur_11,16,0,0.3623827397823334,0.12345387786626816,0.5141634345054626,1.3966998743952996
WRD25,mobilenetv3,defocus_blur_11,17,0,0.40042728185653687,0.20014196634292603,0.3994307219982147,1.5220690806882775
WRD25,mobilenetv3,defocus_blur_11,18,1,0.579326331615448,0.021042875945568085,0.3996307849884033,1.1022849572339113
WRD25,mobilenetv3,defocus_blur_11,19,1,0.4452173411846161,0.022650837898254395,0.5321317315101624,1.127842487829564
WRD25,mobilenetv3,defocus_blur_11,20,1,0.7622917294502258,0.030782438814640045,0.20692583918571472,0.9233875868769784
WRD25,mobilenetv3,defocus_blur_11,21,1,0.6631015539169312,0.17979803681373596,0.15710040926933289,1.2576142936593278
WRD25,mobilenetv3,defocus_blur_11,22,1,0.3822428286075592,0.3071954548358917,0.3105617165565491,1.5773546117243122
WRD25,mobilenetv3,defocus_blur_11,23,1,0.4459569454193115,0.179970383644104,0.3740726113319397,1.495490521461369
WRD25,mobilenetv3,defocus_blur_11,24,1,0.3882189393043518,0.25856244564056396,0.35321858525276184,1.5648146098751852
WRD25,mobilenetv3,defocus_blur_11,25,2,0.03158612549304962,0.33794423937797546,0.6304696202278137,1.1059524290674239
WRD25,mobilenetv3,defocus_blur_11,26,2,0.02150971069931984,0.5182145237922668,0.4602757394313812,1.1258493590624097
WRD25,mobilenetv3,defocus_blur_11,27,2,0.31691595911979675,0.022286461666226387,0.6607975959777832,1.0426649625116373
WRD25,mobilenetv3,defocus_blur_11,28,2,0.18135124444961548,0.5123112797737122,0.3063375651836395,1.4638854641041141
WRD25,mobilenetv3,defocus_blur_11,29,2,0.5290645360946655,0.41776043176651,0.05317501723766327,1.2370988383874302
WRD25,mobilenetv3,defocus_blur_11,30,2,0.432431697845459,0.02957463450729847,0.5379937887191772,1.154379900451626
WRD25,mobilenetv3,defocus_blur_11,31,2,0.036516185849905014,0.9527367353439331,0.010747065767645836,0.3112104571644404
WRD25,mobilenetv3,defocus_blur_11,32,2,0.9039579629898071,0.017294496297836304,0.07874755561351776,0.5216532753854766
WRD25,mobilenetv3,defocus_blur_11,33,2,0.10708406567573547,0.01637052185833454,0.8765454888343811,0.6089045869996256
WRD25,mobilenetv3,defocus_blur_11,34,2,0.455842524766922,0.037143077701330185,0.5070143342018127,1.189930607652245
WRD25,mobilenetv3,defocus_blur_11,35,2,0.39446741342544556,0.037005744874477386,0.5685269236564636,1.1685657937224798
WRD25,mobilenetv3,defocus_blur_11,36,3,0.052563998848199844,0.43986693024635315,0.5075690150260925,1.2411336273041802
WRD25,mobilenetv3,defocus_blur_11,37,3,0.025086447596549988,0.5001657605171204,0.47474777698516846,1.143553084698497
WRD25,mobilenetv3,defocus_blur_11,38,3,0.03095162846148014,0.3713465929031372,0.5977017879486084,1.1296958048638397
WRD25,mobilenetv3,defocus_blur_11,39,3,0.9364987015724182,0.034992530941963196,0.028508879244327545,0.4042131945196037
WRD25,mobilenetv3,defocus_blur_11,40,3,0.7416597604751587,0.01278944406658411,0.24555078148841858,0.8976764125216881
WRD25,mobilenetv3,defocus_blur_11,41,4,0.18140393495559692,0.760038435459137,0.05855764076113701,0.9873479973576194
WRD25,mobilenetv3,defocus_blur_11,42,4,0.02940443716943264,0.6965042948722839,0.2740912437438965,1.0248404543102723
WRD25,mobilenetv3,defocus_blur_11,43,4,0.055600013583898544,0.8065897226333618,0.13781021535396576,0.8759347839775341
WRD25,mobilenetv3,defocus_blur_11,44,4,0.7444128394126892,0.21896237134933472,0.03662475198507309,0.9715279801699043
WRD25,mobilenetv3,defocus_blur_11,45,4,0.2772088348865509,0.24670977890491486,0.47608137130737305,1.520985816103669
WRD25,mobilenetv3,defocus_blur_11,46,5,0.02837638556957245,0.6602407693862915,0.31138283014297485,1.065404440372515
WRD25,mobilenetv3,defocus_blur_11,47,5,0.024365060031414032,0.6771909594535828,0.29844391345977783,1.032028050351564
WRD25,mobilenetv3,defocus_blur_11,48,5,0.02882451005280018,0.7912917733192444,0.17988380789756775,0.8599038710793061
WRD25,mobilenetv3,defocus_blur_11,49,5,0.03832360729575157,0.7069455981254578,0.25473085045814514,1.0366141266882916
WRD25,mobilenetv3,defocus_blur_11,50,6,0.3269489109516144,0.027706613764166832,0.6453443765640259,1.0784339390459836
WRD25,mobilenetv3,defocus_blur_11,51,6,0.01993846893310547,0.7731669545173645,0.206894651055336,0.869856097787056
WRD25,mobilenetv3,defocus_blur_11,52,6,0.030886339023709297,0.6275708675384521,0.3415427505970001,1.1061189506997828
WRD25,mobilenetv3,defocus_blur_11,53,7,0.4843806326389313,0.09868354350328445,0.4169357717037201,1.3624811095523064
WRD25,mobilenetv3,defocus_blur_11,54,7,0.022759728133678436,0.7351234555244446,0.2421167641878128,0.9459855409712247
WRD25,mobilenetv3,defocus_blur_11,55,7,0.06408669054508209,0.7605922222137451,0.17532114684581757,0.9947085178143882
WRD25,mobilenetv3,defocus_blur_11,56,7,0.041949670761823654,0.7323057651519775,0.2257445901632309,1.0058132879438673
WRD25,mobilenetv3,defocus_blur_11,57,7,0.38654187321662903,0.02794688753783703,0.585511326789856,1.1264548118474562
WRD25,mobilenetv3,defocus_blur_11,58,7,0.8166612386703491,0.14403805136680603,0.03930078446865082,0.82478286812345
WRD25,mobilenetv3,defocus_blur_11,59,7,0.5179722309112549,0.45031532645225525,0.031712427735328674,1.1677829257951018
WRD25,mobilenetv3,defocus_blur_11,60,7,0.25632694363594055,0.3746262788772583,0.3690468370914459,1.5647957949164393
WRD25,mobilenetv3,defocus_blur_11,61,7,0.6707638502120972,0.2907405197620392,0.03849569708108902,1.0854965865471446
WRD25,mobilenetv3,defocus_blur_11,62,7,0.030068418011069298,0.5666608214378357,0.4032707214355469,1.144717140430347
WRD25,mobilenetv3,defocus_blur_11,63,7,0.6465833783149719,0.03242050111293793,0.3209960460662842,1.0933748978441384
WRD25,mobilenetv3,defocus_blur_11,64,7,0.5157759785652161,0.03593190386891365,0.4482921063899994,1.1839763923838005
WRD25,mobilenetv3,defocus_blur_11,65,7,0.23407822847366333,0.46959879994392395,0.29632309079170227,1.5224514391090502
WRD25,mobilenetv3,defocus_blur_11,66,7,0.22226561605930328,0.06298748403787613,0.7147470116615295,1.079772705139635
WRD25,mobilenetv3,defocus_blur_11,67,7,0.22414863109588623,0.15919485688209534,0.6166566014289856,1.3357352451452293
WRD25,mobilenetv3,defocus_blur_11,68,7,0.35866880416870117,0.6040406227111816,0.037290576845407486,1.1468237456723456
WRD25,mobilenetv3,defocus_blur_11,69,8,0.5044124722480774,0.16976004838943481,0.3258274793624878,1.45946815642392
WRD25,mobilenetv3,defocus_blur_11,70,8,0.39688363671302795,0.532627284526825,0.07048911601305008,1.2829061301022837
WRD25,mobilenetv3,defocus_blur_11,71,8,0.34596478939056396,0.35404589772224426,0.29998934268951416,1.5812212304190865
WRD25,mobilenetv3,defocus_blur_11,72,8,0.3624812364578247,0.576330840587616,0.06118790805339813,1.2355058021287246
WRD25,mobilenetv3,defocus_blur_11,73,8,0.4060465693473816,0.5482044816017151,0.04574897140264511,1.2069742705563493
WRD25,mobilenetv3,defocus_blur_11,74,8,0.2729587256908417,0.5254307389259338,0.20161059498786926,1.4649353617506777
WRD25,mobilenetv3,defocus_blur_11,75,8,0.3633278012275696,0.20012101531028748,0.4365513026714325,1.5172069698208046
WRD25,mobilenetv3,defocus_blur_11,76,8,0.4181385338306427,0.4836943447589874,0.09816718101501465,1.3615509103164567
WRD25,mobilenetv3,defocus_blur_11,77,8,0.483651727437973,0.23405596613883972,0.2822921872138977,1.512321684144256
WRD25,mobilenetv3,defocus_blur_11,78,8,0.598342776298523,0.20287661254405975,0.19878068566322327,1.3735389211675866
WRD25,mobilenetv3,defocus_blur_11,79,8,0.5763044953346252,0.2258635014295578,0.1978318989276886,1.4054910029854724
WRD25,mobilenetv3,defocus_blur_11,80,8,0.49607744812965393,0.24984805285930634,0.2540745139122009,1.5038525923155426
WRD25,mobilenetv3,defocus_blur_11,81,8,0.40219804644584656,0.40789857506752014,0.18990343809127808,1.5113370294820245
WRD25,mobilenetv3,defocus_blur_11,82,8,0.37059080600738525,0.3939149081707001,0.23549428582191467,1.55145913118393
WRD25,mobilenetv3,defocus_blur_11,83,8,0.29959678649902344,0.44015979766845703,0.26024341583251953,1.5474861335254393
WRD25,mobilenetv3,defocus_blur_11,84,8,0.3501739501953125,0.3423817455768585,0.3074442744255066,1.5826937346312409
WRD25,mobilenetv3,defocus_blur_11,85,8,0.5945076942443848,0.26211461424827576,0.14337760210037231,1.3541133826830127
WRD25,mobilenetv3,defocus_blur_11,86,9,0.3086949586868286,0.3771694004535675,0.3141356408596039,1.5788146186370917
WRD25,mobilenetv3,defocus_blur_11,87,9,0.22500157356262207,0.4260382354259491,0.3489602506160736,1.5386551645590067
WRD25,mobilenetv3,defocus_blur_11,88,9,0.3111723065376282,0.33062559366226196,0.3582020401954651,1.5825531745415402
WRD25,mobilenetv3,defocus_blur_11,89,9,0.3316349983215332,0.31852084398269653,0.3498441278934479,1.58389381651384
WRD25,mobilenetv3,defocus_blur_11,90,9,0.405056893825531,0.3746200203895569,0.22032307088375092,1.5395765993331214
WRD25,mobilenetv3,defocus_blur_11,91,9,0.3286973237991333,0.24279694259166718,0.42850571870803833,1.5473460247426905
WRD25,mobilenetv3,defocus_blur_11,92,9,0.3440548777580261,0.2748766839504242,0.3810684084892273,1.5721355187485457
WRD25,mobilenetv3,defocus_blur_11,93,9,0.24894793331623077,0.28779080510139465,0.4632611572742462,1.53081128238974
WRD25,mobilenetv3,defocus_blur_11,94,9,0.3271111845970154,0.28069382905960083,0.3921950161457062,1.571446906235984
WRD25,mobilenetv3,defocus_blur_11,95,9,0.3504607677459717,0.4038805663585663,0.24565860629081726,1.5559346428671246
WRD25,mobilenetv3,defocus_blur_11,96,9,0.1661601960659027,0.39151227474212646,0.4423275291919708,1.4804496891411023
WRD25,mobilenetv3,defocus_blur_11,97,10,0.5164037346839905,0.45429059863090515,0.02930571883916855,1.158723340193008
WRD25,mobilenetv3,defocus_blur_11,98,10,0.7347073554992676,0.02732309140264988,0.2379695475101471,0.9615470538114319
WRD25,mobilenetv3,defocus_blur_11,99,10,0.5777078866958618,0.39378947019577026,0.02850263938307762,1.1330551455641082
WRD25,mobilenetv3,defocus_blur_11,100,10,0.5535265803337097,0.40474069118499756,0.041732754558324814,1.191716718652717
WRD25,mobilenetv3,defocus_blur_11,101,10,0.21608181297779083,0.7362930178642273,0.047625280916690826,1.0119753308142103
WRD25,mobilenetv3,defocus_blur_11,102,10,0.6350244879722595,0.3116495907306671,0.05332578346133232,1.1657261746755647
WRD25,mobilenetv3,defocus_blur_11,103,10,0.5516626238822937,0.4012002944946289,0.04713708907365799,1.2097613224990997
WRD25,mobilenetv3,defocus_blur_11,104,10,0.4617159962654114,0.5077819228172302,0.030502207577228546,1.1648224583186468
WRD25,mobilenetv3,defocus_blur_11,105,10,0.62900710105896,0.34026864171028137,0.030724255368113518,1.1042900043629118
WRD25,mobilenetv3,defocus_blur_11,106,10,0.5902285575866699,0.369935005903244,0.039836421608924866,1.164919626227257
WRD25,mobilenetv3,defocus_blur_11,107,11,0.0234582107514143,0.43868252635002136,0.537859320640564,1.129703756178005
WRD25,mobilenetv3,defocus_blur_11,108,11,0.017950285226106644,0.48725080490112305,0.49479883909225464,1.1117797801981577
WRD25,mobilenetv3,defocus_blur_11,109,11,0.01904195547103882,0.7170190215110779,0.2639390528202057,0.9601458156786705
WRD25,mobilenetv3,defocus_blur_11,110,11,0.020700575783848763,0.3530219495296478,0.6262775659561157,1.0689181475866487
WRD25,mobilenetv3,defocus_blur_11,111,11,0.018471771851181984,0.3968775272369385,0.5846507549285889,1.0882271207624687
WRD25,mobilenetv3,defocus_blur_11,112,11,0.018119940534234047,0.3629523813724518,0.6189275979995728,1.0639323558333111
WRD25,mobilenetv3,defocus_blur_11,113,11,0.025966571643948555,0.649466872215271,0.3245665431022644,1.0680818814407878
WRD25,mobilenetv3,defocus_blur_11,114,12,0.8453100323677063,0.10299414396286011,0.05169576033949852,0.7636366207903162
WRD25,mobilenetv3,defocus_blur_11,115,13,0.49256816506385803,0.21062710881233215,0.2968047559261322,1.4966637540309136
WRD25,mobilenetv3,defocus_blur_11,116,13,0.7460058927536011,0.09789948165416718,0.1560945361852646,1.061837254885742
WRD25,mobilenetv3,defocus_blur_11,117,13,0.5027640461921692,0.303389310836792,0.19384662806987762,1.4796622867842082
WRD25,mobilenetv3,defocus_blur_11,118,13,0.42420634627342224,0.3125893771648407,0.2632043659687042,1.5560948105479464
WRD25,mobilenetv3,defocus_blur_11,119,13,0.585939347743988,0.1823040246963501,0.2317567765712738,1.3883736488893546
WRD25,mobilenetv3,defocus_blur_11,120,13,0.13511115312576294,0.6972383856773376,0.1676504760980606,1.1848746107817865
WRD25,mobilenetv3,defocus_blur_11,121,14,0.23513203859329224,0.22638855874538422,0.5384793877601624,1.4571245894996483
WRD25,mobilenetv3,defocus_blur_11,122,14,0.33179596066474915,0.07696229219436646,0.5912418961524963,1.261102291396364
WRD25,mobilenetv3,defocus_blur_11,123,14,0.30929362773895264,0.549055814743042,0.14165063202381134,1.3979355170224128
WRD25,mobilenetv3,defocus_blur_11,124,14,0.30699965357780457,0.033995918929576874,0.6590045094490051,1.0853648176912691
WRD25,mobilenetv3,defocus_blur_11,125,14,0.18977011740207672,0.612359881401062,0.19786995649337769,1.3507777131450385
WRD25,mobilenetv3,defocus_blur_11,126,15,0.467462420463562,0.15329784154891968,0.3792397379875183,1.458091168920154
WRD25,mobilenetv3,defocus_blur_11,127,15,0.3564678132534027,0.19146257638931274,0.45206961035728455,1.504885256666927
WRD25,mobilenetv3,defocus_blur_11,128,15,0.42649221420288086,0.23176144063472748,0.34174636006355286,1.5425505885809139
WRD25,mobilenetv3,defocus_blur_11,129,15,0.3984191417694092,0.14257970452308655,0.4590011239051819,1.4452851661637323
WRD25,mobilenetv3,defocus_blur_11,130,15,0.38725724816322327,0.3163045644760132,0.2964382767677307,1.5752847852865464
WRD25,mobilenetv3,defocus_blur_11,131,15,0.371023565530777,0.16897685825824738,0.45999956130981445,1.479496953323883
WRD25,mobilenetv3,defocus_blur_11,132,15,0.4338078796863556,0.29126882553100586,0.2749232351779938,1.5531724363067272
WRD25,mobilenetv3,defocus_blur_11,133,15,0.4707928001880646,0.19068798422813416,0.33851924538612366,1.4965556695301165
WRD25,mobilenetv3,defocus_blur_11,134,15,0.3901694118976593,0.12920990586280823,0.4806206226348877,1.4192678783132289
WRD25,mobilenetv3,defocus_blur_11,135,15,0.39834776520729065,0.08148463070392609,0.5201675891876221,1.3142153483605625
WRD25,mobilenetv3,defocus_blur_11,136,15,0.4552190601825714,0.2345607727766037,0.3102200925350189,1.5313828091932467
WRD25,mobilenetv3,defocus_blur_11,137,15,0.37882155179977417,0.48471441864967346,0.1364639848470688,1.4290483321216867
WRD25,mobilenetv3,defocus_blur_11,138,15,0.44003188610076904,0.104840487241745,0.4551275074481964,1.3791303100402148
WRD25,mobilenetv3,defocus_blur_11,139,15,0.4598664939403534,0.08360965549945831,0.4565238952636719,1.331153588024165
WRD25,mobilenetv3,defocus_blur_11,140,15,0.4154096841812134,0.19377362728118896,0.3908166289329529,1.5149843418514946
WRD25,mobilenetv3,defocus_blur_11,141,16,0.1233072578907013,0.30628353357315063,0.5704091191291809,1.3571837790918575
WRD25,mobilenetv3,defocus_blur_11,142,16,0.33913928270339966,0.36620935797691345,0.2946512699127197,1.5792531856409382
WRD25,mobilenetv3,defocus_blur_11,143,16,0.0905967727303505,0.697601854801178,0.21180135011672974,1.1505532348106178
WRD25,mobilenetv3,defocus_blur_11,144,16,0.4040510356426239,0.22630731761455536,0.36964163184165955,1.5441067971487616
WRD25,mobilenetv3,defocus_blur_11,145,16,0.14800575375556946,0.5669070482254028,0.2850871980190277,1.3882944861434159
WRD25,mobilenetv3,defocus_blur_11,146,16,0.6835572123527527,0.03092864155769348,0.2855142056941986,1.0465998337706122
WRD25,mobilenetv3,defocus_blur_11,147,16,0.5377980470657349,0.025706958025693893,0.43649497628211975,1.1390641108458937
WRD25,mobilenetv3,defocus_blur_11,148,17,0.5643669366836548,0.2883712351322174,0.1472618132829666,1.3900718409003792
WRD25,mobilenetv3,defocus_blur_11,149,17,0.036102063953876495,0.7572523355484009,0.2066456824541092,0.9468389522406999
WRD25,mobilenetv3,defocus_blur_11,150,17,0.04959823191165924,0.7801467180252075,0.17025503516197205,0.9292429034276558
WRD25,mobilenetv3,defocus_blur_11,151,17,0.29940512776374817,0.5853205919265747,0.11527419835329056,1.3324849670618544
WRD25,mobilenetv3,defocus_blur_11,152,18,0.03300492465496063,0.2053564488887787,0.7616387009620667,0.930603569154527
WRD25,mobilenetv3,defocus_blur_11,153,18,0.34752944111824036,0.1920916587114334,0.4603789150714874,1.5023271194824792
WRD25,mobilenetv3,defocus_blur_11,154,18,0.46655282378196716,0.025427231565117836,0.5080199837684631,1.1442132926772606
WRD25,mobilenetv3,defocus_blur_11,155,18,0.35448479652404785,0.02478177659213543,0.620733380317688,1.0896181985737234
WRD25,mobilenetv3,defocus_blur_11,156,18,0.5462756156921387,0.19455403089523315,0.2591703534126282,1.4408760476709315
WRD25,mobilenetv3,defocus_blur_11,157,18,0.48017165064811707,0.1354721486568451,0.384356290102005,1.4291087689698148
WRD25,mobilenetv3,defocus_blur_11,158,18,0.3089652359485626,0.5525658130645752,0.13846898078918457,1.391376390963081
WRD25,mobilenetv3,defocus_blur_11,159,18,0.5778589248657227,0.027565592899918556,0.3945755660533905,1.1293982507889253
WRD25,mobilenetv3,defocus_blur_11,160,18,0.27271518111228943,0.4582586884498596,0.2690262198448181,1.5366900443610172
WRD25,mobilenetv3,defocus_blur_11,161,18,0.46334221959114075,0.3613371253013611,0.175320565700531,1.485287248070515
WRD25,mobilenetv3,defocus_blur_11,162,18,0.5795992612838745,0.22136421501636505,0.19903653860092163,1.4011849799518497
WRD25,mobilenetv3,defocus_blur_11,163,18,0.5621402859687805,0.3046082854270935,0.13325148820877075,1.3769978898159725
WRD25,mobilenetv3,defocus_blur_11,164,18,0.4011005461215973,0.14844225347042084,0.4504571855068207,1.4554212869706213
WRD25,mobilenetv3,defocus_blur_11,165,18,0.15781880915164948,0.7256562113761902,0.11652499437332153,1.1174720822912412
WRD25,mobilenetv3,defocus_blur_11,166,18,0.6305209398269653,0.027814170345664024,0.34166496992111206,1.092640261846414
WRD25,mobilenetv3,defocus_blur_11,167,18,0.03640708327293396,0.09747213125228882,0.8661208152770996,0.6810071838458324
WRD25,mobilenetv3,defocus_blur_11,168,18,0.2689230442047119,0.3457372486591339,0.3853397071361542,1.5694437396962835
WRD25,mobilenetv3,defocus_blur_11,169,18,0.5175635814666748,0.19969449937343597,0.28274187445640564,1.4711822637284122
WRD25,mobilenetv3,defocus_blur_11,170,19,0.02506048046052456,0.733724057674408,0.24121543765068054,0.95590927666673
WRD25,mobilenetv3,defocus_blur_11,171,19,0.024307481944561005,0.7374780178070068,0.23821450769901276,0.9473672392567816
WRD25,mobilenetv3,defocus_blur_11,172,19,0.025180136784911156,0.8306670188903809,0.14415279030799866,0.7588909181592782
WRD25,mobilenetv3,defocus_blur_11,173,19,0.741095781326294,0.034127891063690186,0.22477635741233826,0.9706959388034273
WRD25,mobilenetv3,defocus_blur_11,174,20,0.08077550679445267,0.0263014268130064,0.8929229974746704,0.5771555087465361
WRD25,mobilenetv3,defocus_blur_11,175,20,0.17733748257160187,0.018688254058361053,0.8039743304252625,0.8029101855603131
WRD25,mobilenetv3,defocus_blur_11,176,20,0.10671572387218475,0.014722956344485283,0.8785614371299744,0.5981978613390289
WRD25,mobilenetv3,defocus_blur_11,177,20,0.19266833364963531,0.019125275313854218,0.7882063388824463,0.8375516976806656
WRD25,mobilenetv3,defocus_blur_11,178,21,0.036284688860177994,0.760653018951416,0.20306216180324554,0.940870013016635
WRD25,mobilenetv3,defocus_blur_11,179,21,0.03648413345217705,0.7441686391830444,0.2193472683429718,0.9715954894655295
WRD25,mobilenetv3,defocus_blur_11,180,21,0.026650873944163322,0.7166799306869507,0.25666919350624084,0.9874006865633378
WRD25,mobilenetv3,defocus_blur_11,181,21,0.03035593219101429,0.6607730984687805,0.30887097120285034,1.0715560724660265
WRD25,mobilenetv3,defocus_blur_11,182,21,0.33026227355003357,0.20165102183818817,0.46808671951293945,1.506317124501819
WRD25,mobilenetv3,defocus_blur_11,183,21,0.3603985607624054,0.12232751399278641,0.517274022102356,1.3933512365822158
WRD25,mobilenetv3,defocus_blur_11,184,21,0.4489983022212982,0.03765413165092468,0.5133475661277771,1.1906708014470173
WRD25,mobilenetv3,defocus_blur_11,185,22,0.08898536115884781,0.6515218615531921,0.2594928443431854,1.2183333069792217
WRD25,mobilenetv3,defocus_blur_11,186,22,0.16584771871566772,0.6428244709968567,0.1913277953863144,1.2961768717811784
WRD25,mobilenetv3,defocus_blur_11,187,22,0.1800762116909027,0.39764541387557983,0.42227840423583984,1.4996336088461797
WRD25,mobilenetv3,defocus_blur_11,188,22,0.07990892231464386,0.7582075595855713,0.16188351809978485,1.019350419463652
WRD25,mobilenetv3,defocus_blur_11,189,22,0.1199648380279541,0.7825891375541687,0.0974460244178772,0.9711368982617683
WRD25,mobilenetv3,defocus_blur_11,190,23,0.3679972290992737,0.03339547663927078,0.5986072421073914,1.1376759480765706
WRD25,mobilenetv3,defocus_blur_11,191,23,0.6854809522628784,0.026021579280495644,0.2884974777698517,1.0278219026494027
WRD25,mobilenetv3,defocus_blur_11,192,23,0.43642058968544006,0.4009819030761719,0.16259750723838806,1.476807884631921
WRD25,mobilenetv3,defocus_blur_11,193,23,0.5278093218803406,0.18728795647621155,0.2849027216434479,1.455296049468972
WRD25,mobilenetv3,defocus_blur_11,194,24,0.7452207207679749,0.03156879544258118,0.22321049869060516,0.9564703873671828
WRD25,mobilenetv3,defocus_blur_11,195,24,0.6752065420150757,0.2590646743774414,0.06572870165109634,1.1455274651577705
WRD25,mobilenetv3,defocus_blur_11,196,24,0.7984378337860107,0.025021705776453018,0.17654035985469818,0.8341150592180766
WRD25,mobilenetv3,defocus_blur_11,197,24,0.4397304058074951,0.41109174489974976,0.1491779088973999,1.4579057760562542
WRD25,mobilenetv3,defocus_blur_11,198,24,0.19626636803150177,0.021696247160434723,0.7820374965667725,0.8583358536748094
WRD25,mobilenetv3,defocus_blur_11,199,24,0.5214954614639282,0.1728065311908722,0.305698037147522,1.4501949365322964
WRD25,mobilenetv3,resize_2.0,0,0,0.5807326436042786,0.30329540371894836,0.11597193032503128,1.3378175676232533
WRD25,mobilenetv3,resize_2.0,1,0,0.3123283088207245,0.07712963968515396,0.6105419993400574,1.244078877854929
WRD25,mobilenetv3,resize_2.0,2,0,0.1615234911441803,0.30731281638145447,0.53116375207901,1.4327816700612728
WRD25,mobilenetv3,resize_2.0,3,0,0.6142935156822205,0.319557249546051,0.06614924967288971,1.216974234673544
WRD25,mobilenetv3,resize_2.0,4,0,0.08514752238988876,0.20901116728782654,0.7058413028717041,1.1293697475477118
WRD25,mobilenetv3,resize_2.0,5,0,0.16375142335891724,0.2753628194332123,0.5608857870101929,1.4077013368613136
WRD25,mobilenetv3,resize_2.0,6,0,0.2164592295885086,0.29144084453582764,0.49209991097450256,1.4997057149476598
WRD25,mobilenetv3,resize_2.0,7,0,0.541118323802948,0.1139264702796936,0.344955176115036,1.3661330982555704
WRD25,mobilenetv3,resize_2.0,8,0,0.544980525970459,0.40599584579467773,0.04902371019124985,1.218506452152427
WRD25,mobilenetv3,resize_2.0,9,0,0.16144156455993652,0.33568480610847473,0.5028735399246216,1.452098643545265
WRD25,mobilenetv3,resize_2.0,10,0,0.5301653742790222,0.38243237137794495,0.08740220963954926,1.3230091853668604
WRD25,mobilenetv3,resize_2.0,11,0,0.54426109790802,0.17182952165603638,0.28390929102897644,1.4299903378598577
WRD25,mobilenetv3,resize_2.0,12,0,0.16319534182548523,0.2165699601173401,0.6202347278594971,1.3322121538371092
WRD25,mobilenetv3,resize_2.0,13,0,0.6346871256828308,0.27910804748535156,0.08620492368936539,1.2349752725507526
WRD25,mobilenetv3,resize_2.0,14,0,0.4489416778087616,0.3826962411403656,0.16836203634738922,1.4817715297728158
WRD25,mobilenetv3,resize_2.0,15,0,0.21172958612442017,0.1450658142566681,0.6432046890258789,1.2877485295464077
WRD25,mobilenetv3,resize_2.0,16,0,0.8027712106704712,0.08726523816585541,0.10996366292238235,0.9116914420915425
WRD25,mobilenetv3,resize_2.0,17,0,0.5681624412536621,0.3142666220664978,0.11757088452577591,1.3513189760397024
WRD25,mobilenetv3,resize_2.0,18,1,0.31327176094055176,0.6683903336524963,0.018337875604629517,1.018862830436758
WRD25,mobilenetv3,resize_2.0,19,1,0.6586809158325195,0.33586636185646057,0.005452757701277733,0.9664209117323881
WRD25,mobilenetv3,resize_2.0,20,1,0.37046587467193604,0.23537810146808624,0.39415591955184937,1.551361742558483
WRD25,mobilenetv3,resize_2.0,21,1,0.07895393669605255,0.6249900460243225,0.2960560619831085,1.2328901197468234
WRD25,mobilenetv3,resize_2.0,22,1,0.05992491915822029,0.6854532361030579,0.2546217143535614,1.1193343356093681
WRD25,mobilenetv3,resize_2.0,23,1,0.5308889150619507,0.10317622125148773,0.3659348487854004,1.3537966924132254
WRD25,mobilenetv3,resize_2.0,24,1,0.6496617794036865,0.19107675552368164,0.1592615246772766,1.2826210311478026
WRD25,mobilenetv3,resize_2.0,25,2,0.06024382635951042,0.3419230282306671,0.5978332161903381,1.217258242561599
WRD25,mobilenetv3,resize_2.0,26,2,0.03593721613287926,0.6798746585845947,0.2841881215572357,1.066723578523718
WRD25,mobilenetv3,resize_2.0,27,2,0.4240074157714844,0.25540590286254883,0.320586621761322,1.5539329782428415
WRD25,mobilenetv3,resize_2.0,28,2,0.42236030101776123,0.07772893458604813,0.49991074204444885,1.31168760637045
WRD25,mobilenetv3,resize_2.0,29,2,0.46708276867866516,0.21365495026111603,0.3192622661590576,1.514591743146116
WRD25,mobilenetv3,resize_2.0,30,2,0.7001215815544128,0.2760527729988098,0.02382563427090645,1.0011660738030164
WRD25,mobilenetv3,resize_2.0,31,2,0.0938568264245987,0.09194308519363403,0.8142001032829285,0.8783877281569489
WRD25,mobilenetv3,resize_2.0,32,2,0.09058234095573425,0.20504851639270782,0.7043691873550415,1.1386937103681631
WRD25,mobilenetv3,resize_2.0,33,2,0.0463547445833683,0.15192168951034546,0.8017236590385437,0.8740266982023011
WRD25,mobilenetv3,resize_2.0,34,2,0.13142536580562592,0.26427173614501953,0.6043029427528381,1.331269307778187
WRD25,mobilenetv3,resize_2.0,35,2,0.28018149733543396,0.541387140750885,0.17843130230903625,1.4372441970324652
WRD25,mobilenetv3,resize_2.0,36,3,0.016697444021701813,0.37000909447669983,0.613293468952179,1.061901363390898
WRD25,mobilenetv3,resize_2.0,37,3,0.019428415223956108,0.1713377684354782,0.8092339038848877,0.7936499628491559
WRD25,mobilenetv3,resize_2.0,38,3,0.043014202266931534,0.05788065865635872,0.8991051912307739,0.5711347843435814
WRD25,mobilenetv3,resize_2.0,39,3,0.913095235824585,0.04365710914134979,0.043247759342193604,0.5129568462885538
WRD25,mobilenetv3,resize_2.0,40,3,0.6192137598991394,0.33945783972740173,0.04132840782403946,1.1472671643747872
WRD25,mobilenetv3,resize_2.0,41,4,0.32710209488868713,0.44672781229019165,0.2261701077222824,1.5317114413509656
WRD25,mobilenetv3,resize_2.0,42,4,0.02723536640405655,0.5572089552879333,0.41555559635162354,1.1381640055735254
WRD25,mobilenetv3,resize_2.0,43,4,0.3170623481273651,0.21541622281074524,0.46752145886421204,1.5153498201419098
WRD25,mobilenetv3,resize_2.0,44,4,0.4227374196052551,0.4446072578430176,0.13265541195869446,1.4316226924521613
WRD25,mobilenetv3,resize_2.0,45,4,0.4784253239631653,0.19384273886680603,0.3277319371700287,1.4951590465778137
WRD25,mobilenetv3,resize_2.0,46,5,0.0,0.6878582835197449,0.3121417760848999,0.8956303027926333
WRD25,mobilenetv3,resize_2.0,47,5,0.09049224108457565,0.26860252022743225,0.6409051418304443,1.2343883427876063
WRD25,mobilenetv3,resize_2.0,48,5,0.02344135008752346,0.44860124588012695,0.5279573202133179,1.1322513218258123
WRD25,mobilenetv3,resize_2.0,49,5,0.7487722635269165,0.2373848706483841,0.013842915184795856,0.8905167744797966
WRD25,mobilenetv3,resize_2.0,50,6,0.2922254800796509,0.07210315763950348,0.6356713771820068,1.207704438323778
WRD25,mobilenetv3,resize_2.0,51,6,0.06635206192731857,0.5431700944900513,0.3904777765274048,1.267713747518275
WRD25,mobilenetv3,resize_2.0,52,6,0.00020265330385882407,0.13895681500434875,0.8608404994010925,0.5842351662136318
WRD25,mobilenetv3,resize_2.0,53,7,0.46295449137687683,0.3070467412471771,0.22999879717826843,1.5250808661314847
WRD25,mobilenetv3,resize_2.0,54,7,0.22151871025562286,0.20322857797145844,0.5752525329589844,1.407776958457152
WRD25,mobilenetv3,resize_2.0,55,7,0.24500344693660736,0.34896430373191833,0.40603217482566833,1.5551442967196003
WRD25,mobilenetv3,resize_2.0,56,7,0.12752801179885864,0.3834720551967621,0.48899999260902405,1.4138617478461661
WRD25,mobilenetv3,resize_2.0,57,7,0.016492314636707306,0.11485698074102402,0.8686507344245911,0.6327303460654347
WRD25,mobilenetv3,resize_2.0,58,7,0.4949381947517395,0.28423574566841125,0.22082605957984924,1.4992300575558222
WRD25,mobilenetv3,resize_2.0,59,7,0.4227181673049927,0.3649531900882721,0.21232855319976807,1.5305230633552374
WRD25,mobilenetv3,resize_2.0,60,7,0.11531616747379303,0.46986737847328186,0.4148165285587311,1.397956908021618
WRD25,mobilenetv3,resize_2.0,61,7,0.3276473879814148,0.3894153833389282,0.28293725848197937,1.5726421214093427
WRD25,mobilenetv3,resize_2.0,62,7,0.993657648563385,0.005147768650203943,0.0011945528676733375,0.05985174646116166
WRD25,mobilenetv3,resize_2.0,63,7,0.11401766538619995,0.4400315582752228,0.4459508955478668,1.397870540759894
WRD25,mobilenetv3,resize_2.0,64,7,0.4459812045097351,0.27694401144981384,0.27707481384277344,1.5455826705965385
WRD25,mobilenetv3,resize_2.0,65,7,0.3451206088066101,0.3487744927406311,0.30610495805740356,1.5825071790791196
WRD25,mobilenetv3,resize_2.0,66,7,0.18144720792770386,0.4714885950088501,0.34706413745880127,1.4880895716475715
WRD25,mobilenetv3,resize_2.0,67,7,0.29395294189453125,0.2662540376186371,0.4397929906845093,1.5487340515289276
WRD25,mobilenetv3,resize_2.0,68,7,0.44456249475479126,0.4182907044887543,0.13714684545993805,1.438993645468587
WRD25,mobilenetv3,resize_2.0,69,8,0.21695375442504883,0.447775661945343,0.33527061343193054,1.525911729397728
WRD25,mobilenetv3,resize_2.0,70,8,0.3676062226295471,0.20314662158489227,0.4292471408843994,1.521587244562959
WRD25,mobilenetv3,resize_2.0,71,8,0.4086371064186096,0.4111105799674988,0.1802522838115692,1.5003709765365385
WRD25,mobilenetv3,resize_2.0,72,8,0.29505282640457153,0.538529634475708,0.1664174646139145,1.4309712348302752
WRD25,mobilenetv3,resize_2.0,73,8,0.337178111076355,0.4595531225204468,0.20326872169971466,1.5115363230969407
WRD25,mobilenetv3,resize_2.0,74,8,0.5319172739982605,0.3491230607032776,0.11895965039730072,1.3798462972723764
WRD25,mobilenetv3,resize_2.0,75,8,0.2698289453983307,0.4976222813129425,0.23254886269569397,1.5003640404701004
WRD25,mobilenetv3,resize_2.0,76,8,0.21970397233963013,0.25997811555862427,0.520317792892456,1.4760486309935348
WRD25,mobilenetv3,resize_2.0,77,8,0.17036975920200348,0.44403281807899475,0.3855973482131958,1.4852087099284041
WRD25,mobilenetv3,resize_2.0,78,8,0.2333592027425766,0.38692063093185425,0.3797202706336975,1.5504133390066102
WRD25,mobilenetv3,resize_2.0,79,8,0.2795597314834595,0.3301519453525543,0.39028820395469666,1.5716653594735766
WRD25,mobilenetv3,resize_2.0,80,8,0.45193397998809814,0.1845088005065918,0.36355718970298767,1.4984107379585094
WRD25,mobilenetv3,resize_2.0,81,8,0.4018157124519348,0.11569444835186005,0.48248979449272156,1.3958459296571653
WRD25,mobilenetv3,resize_2.0,82,8,0.22701944410800934,0.4436424970626831,0.329338014125824,1.5335221896902373
WRD25,mobilenetv3,resize_2.0,83,8,0.15988560020923615,0.3794839382171631,0.46063053607940674,1.4684874813977353
WRD25,mobilenetv3,resize_2.0,84,8,0.25443947315216064,0.40529292821884155,0.3402676582336426,1.5597033450118514
WRD25,mobilenetv3,resize_2.0,85,8,0.2890418469905853,0.3944784700870514,0.3164796531200409,1.5722533114162076
WRD25,mobilenetv3,resize_2.0,86,9,0.4503353238105774,0.39913713932037354,0.1505274623632431,1.458404018224295
WRD25,mobilenetv3,resize_2.0,87,9,0.11157646775245667,0.3658396303653717,0.5225839018821716,1.3730231666325117
WRD25,mobilenetv3,resize_2.0,88,9,0.25344640016555786,0.43587765097618103,0.3106759488582611,1.5480305612680767
WRD25,mobilenetv3,resize_2.0,89,9,0.13657645881175995,0.43614867329597473,0.42727476358413696,1.438559934329649
WRD25,mobilenetv3,resize_2.0,90,9,0.24179965257644653,0.20310132205486298,0.5550990104675293,1.4336922383178896
WRD25,mobilenetv3,resize_2.0,91,9,0.2898528575897217,0.47713911533355713,0.23300807178020477,1.5168855955232758
WRD25,mobilenetv3,resize_2.0,92,9,0.43837112188339233,0.24441324174404144,0.3172155022621155,1.5438152150492748
WRD25,mobilenetv3,resize_2.0,93,9,0.2919793426990509,0.2770801782608032,0.43094050884246826,1.5549729443720932
WRD25,mobilenetv3,resize_2.0,94,9,0.40971121191978455,0.2832121253013611,0.3070766031742096,1.5659412073479695
WRD25,mobilenetv3,resize_2.0,95,9,0.2641226351261139,0.3397597372531891,0.396117627620697,1.5656647959140986
WRD25,mobilenetv3,resize_2.0,96,9,0.43455415964126587,0.25699591636657715,0.3084498941898346,1.5496695709034811
WRD25,mobilenetv3,resize_2.0,97,10,0.22885644435882568,0.7058230042457581,0.06532056629657745,1.098773195858494
WRD25,mobilenetv3,resize_2.0,98,10,0.5995648503303528,0.2414427101612091,0.15899240970611572,1.359305587529285
WRD25,mobilenetv3,resize_2.0,99,10,0.684259295463562,0.26038897037506104,0.05535164475440979,1.1111416986957372
WRD25,mobilenetv3,resize_2.0,100,10,0.851926326751709,0.09432750195264816,0.05374614894390106,0.7449459473638601
WRD25,mobilenetv3,resize_2.0,101,10,0.4486444592475891,0.3152328431606293,0.2361227124929428,1.5355158922251517
WRD25,mobilenetv3,resize_2.0,102,10,0.6945496797561646,0.2763611674308777,0.02908916026353836,1.0264350727116498
WRD25,mobilenetv3,resize_2.0,103,10,0.17608773708343506,0.6537249088287354,0.17018742859363556,1.2768999877213985
WRD25,mobilenetv3,resize_2.0,104,10,0.8533243536949158,0.10887116938829422,0.03780451789498329,0.7222193409414704
WRD25,mobilenetv3,resize_2.0,105,10,0.4747489392757416,0.3441281318664551,0.18112300336360931,1.486310484134489
WRD25,mobilenetv3,resize_2.0,106,10,0.16660811007022858,0.474618136882782,0.35877370834350586,1.4716249346408499
WRD25,mobilenetv3,resize_2.0,107,11,0.4634861648082733,0.22417283058166504,0.31234103441238403,1.5221641695487342
WRD25,mobilenetv3,resize_2.0,108,11,0.032257501035928726,0.6009231209754944,0.3668193221092224,1.132073286677268
WRD25,mobilenetv3,resize_2.0,109,11,0.03527820482850075,0.5673342347145081,0.3973875641822815,1.1632202807731957
WRD25,mobilenetv3,resize_2.0,110,11,0.03780822083353996,0.8163329362869263,0.14585889875888824,0.8227498246399343
WRD25,mobilenetv3,resize_2.0,111,11,0.011863929219543934,0.6540942788124084,0.33404189348220825,1.0049040384323085
WRD25,mobilenetv3,resize_2.0,112,11,0.023475350812077522,0.12804795801639557,0.848476767539978,0.7078926398276761
WRD25,mobilenetv3,resize_2.0,113,11,0.5528793931007385,0.396394282579422,0.05072642117738724,1.2200551458224975
WRD25,mobilenetv3,resize_2.0,114,12,0.19005770981311798,0.06627573072910309,0.7436664700508118,1.0325239177430614
WRD25,mobilenetv3,resize_2.0,115,13,0.16709093749523163,0.6287174224853516,0.2041916698217392,1.3202556759267048
WRD25,mobilenetv3,resize_2.0,116,13,0.6274759769439697,0.27410244941711426,0.09842148423194885,1.2629106329288144
WRD25,mobilenetv3,resize_2.0,117,13,0.30571216344833374,0.5873734951019287,0.10691425949335098,1.3184389928136633
WRD25,mobilenetv3,resize_2.0,118,13,0.24716585874557495,0.5228714346885681,0.22996267676353455,1.4751711373517475
WRD25,mobilenetv3,resize_2.0,119,13,0.4066973924636841,0.531143069267273,0.06215958669781685,1.2618521402911722
WRD25,mobilenetv3,resize_2.0,120,13,0.047594811767339706,0.8215190768241882,0.1308860182762146,0.8260666379382711
WRD25,mobilenetv3,resize_2.0,121,14,0.43477919697761536,0.4353671967983246,0.12985369563102722,1.427182805676782
WRD25,mobilenetv3,resize_2.0,122,14,0.11427682638168335,0.46629416942596436,0.41942888498306274,1.3966165015126566
WRD25,mobilenetv3,resize_2.0,123,14,0.6069828867912292,0.3117181956768036,0.08129893243312836,1.2557574968525247
WRD25,mobilenetv3,resize_2.0,124,14,0.5154838562011719,0.38381367921829224,0.10070249438285828,1.3565594432198422
WRD25,mobilenetv3,resize_2.0,125,14,0.3348305821418762,0.252204567193985,0.4129648506641388,1.5566492452344716
WRD25,mobilenetv3,resize_2.0,126,15,0.69068843126297,0.10624857246875763,0.2030629813671112,1.1794581416309264
WRD25,mobilenetv3,resize_2.0,127,15,0.578257143497467,0.3023233115673065,0.11941957473754883,1.344836123595798
WRD25,mobilenetv3,resize_2.0,128,15,0.6188576221466064,0.27491676807403564,0.10622569173574448,1.2842178158913935
WRD25,mobilenetv3,resize_2.0,129,15,0.16410885751247406,0.25423699617385864,0.5816541314125061,1.3849044555053611
WRD25,mobilenetv3,resize_2.0,130,15,0.3067716658115387,0.5386346578598022,0.1545936018228531,1.4201593124081056
WRD25,mobilenetv3,resize_2.0,131,15,0.12373173981904984,0.2146584391593933,0.6616098880767822,1.2438173497829486
WRD25,mobilenetv3,resize_2.0,132,15,0.7632781267166138,0.09997205436229706,0.13674980401992798,1.0221296357589174
WRD25,mobilenetv3,resize_2.0,133,15,0.1882278025150299,0.190779447555542,0.6209927201271057,1.336332732824538
WRD25,mobilenetv3,resize_2.0,134,15,0.15141823887825012,0.2568040192127228,0.5917777419090271,1.363930706380242
WRD25,mobilenetv3,resize_2.0,135,15,0.3225013315677643,0.36928457021713257,0.3082142174243927,1.5806031489043835
WRD25,mobilenetv3,resize_2.0,136,15,0.1841851770877838,0.6714687347412109,0.14434605836868286,1.2384564875838877
WRD25,mobilenetv3,resize_2.0,137,15,0.23170572519302368,0.5334300994873047,0.23486414551734924,1.4633274217861076
WRD25,mobilenetv3,resize_2.0,138,15,0.5782830119132996,0.21264934539794922,0.20906764268875122,1.403939751845376
WRD25,mobilenetv3,resize_2.0,139,15,0.2405247986316681,0.22652646899223328,0.5329487323760986,1.4636138728224721
WRD25,mobilenetv3,resize_2.0,140,15,0.6260105967521667,0.30709296464920044,0.06689641624689102,1.2071028829172694
WRD25,mobilenetv3,resize_2.0,141,16,0.15870821475982666,0.23721076548099518,0.6040809750556946,1.353129403933181
WRD25,mobilenetv3,resize_2.0,142,16,0.3240130841732025,0.46444427967071533,0.211542546749115,1.5147394117598436
WRD25,mobilenetv3,resize_2.0,143,16,0.6545531153678894,0.2872972786426544,0.05814957618713379,1.1558144439512081
WRD25,mobilenetv3,resize_2.0,144,16,0.4702683985233307,0.4171295762062073,0.11260201781988144,1.3928161380011075
WRD25,mobilenetv3,resize_2.0,145,16,0.41350722312927246,0.18029411137104034,0.406198650598526,1.5003789145067628
WRD25,mobilenetv3,resize_2.0,146,16,0.12467891722917557,0.4658336937427521,0.40948742628097534,1.4153652140754083
WRD25,mobilenetv3,resize_2.0,147,16,0.09698359668254852,0.47681427001953125,0.42620202898979187,1.3603293299111268
WRD25,mobilenetv3,resize_2.0,148,17,0.2894948124885559,0.010008162818849087,0.700497031211853,0.9439504783398526
WRD25,mobilenetv3,resize_2.0,149,17,0.10178165882825851,0.3252151310443878,0.5730031728744507,1.3228824132163632
WRD25,mobilenetv3,resize_2.0,150,17,0.10271567851305008,0.32858073711395264,0.5687036514282227,1.327906599186262
WRD25,mobilenetv3,resize_2.0,151,17,0.4385208785533905,0.38567081093788147,0.17580831050872803,1.492566210548448
WRD25,mobilenetv3,resize_2.0,152,18,0.4024829566478729,0.2019096165895462,0.3956075608730316,1.523778557247482
WRD25,mobilenetv3,resize_2.0,153,18,0.03846469894051552,0.5737451910972595,0.3877902030944824,1.1706376821150046
WRD25,mobilenetv3,resize_2.0,154,18,0.18273591995239258,0.621799886226654,0.1954641491174698,1.3346519012101636
WRD25,mobilenetv3,resize_2.0,155,18,0.4164843261241913,0.2290969043970108,0.3544187545776367,1.543728363674082
WRD25,mobilenetv3,resize_2.0,156,18,0.4484720230102539,0.3694528341293335,0.18207503855228424,1.4970050989369537
WRD25,mobilenetv3,resize_2.0,157,18,0.83375483751297,0.095154769718647,0.07109043002128601,0.8127664969530686
WRD25,mobilenetv3,resize_2.0,158,18,0.5806736946105957,0.16069388389587402,0.2586323916912079,1.383811133658849
WRD25,mobilenetv3,resize_2.0,159,18,0.23374535143375397,0.2518754005432129,0.5143792629241943,1.4845357037531786
WRD25,mobilenetv3,resize_2.0,160,18,0.29449987411499023,0.44940412044525146,0.25609591603279114,1.5412629377294045
WRD25,mobilenetv3,resize_2.0,161,18,0.22539246082305908,0.30175745487213135,0.4728500545024872,1.5170139327143488
WRD25,mobilenetv3,resize_2.0,162,18,0.2531600594520569,0.2654731571674347,0.48136669397354126,1.5174203360898135
WRD25,mobilenetv3,resize_2.0,163,18,0.4373859763145447,0.31877458095550537,0.24383936822414398,1.5440510322425958
WRD25,mobilenetv3,resize_2.0,164,18,0.17805300652980804,0.3545469045639038,0.4673999845981598,1.4865337409380195
WRD25,mobilenetv3,resize_2.0,165,18,0.788687527179718,0.12170867621898651,0.0896037220954895,0.9517640945944362
WRD25,mobilenetv3,resize_2.0,166,18,0.3866499066352844,0.0568297915160656,0.5565203428268433,1.2357095936313418
WRD25,mobilenetv3,resize_2.0,167,18,0.6982104182243347,0.15348342061042786,0.14830619096755981,1.185193039494214
WRD25,mobilenetv3,resize_2.0,168,18,0.0967741385102272,0.7705064415931702,0.13271944224834442,1.002543015305939
WRD25,mobilenetv3,resize_2.0,169,18,0.23927095532417297,0.2060011923313141,0.5547279119491577,1.4348178026861176
WRD25,mobilenetv3,resize_2.0,170,19,0.7458065152168274,0.18202424049377441,0.07216933369636536,1.03664945746317
WRD25,mobilenetv3,resize_2.0,171,19,0.05832213908433914,0.17271052300930023,0.76896733045578,0.9681274675907972
WRD25,mobilenetv3,resize_2.0,172,19,0.05922119691967964,0.470625638961792,0.4701531231403351,1.2651242119558115
WRD25,mobilenetv3,resize_2.0,173,19,0.28016331791877747,0.3914840817451477,0.328352689743042,1.571510847449396
WRD25,mobilenetv3,resize_2.0,174,20,0.4035385847091675,0.5354397296905518,0.06102168187499046,1.2570558183687204
WRD25,mobilenetv3,resize_2.0,175,20,0.055423080921173096,0.705595076084137,0.23898181319236755,1.0797810666698893
WRD25,mobilenetv3,resize_2.0,176,20,0.08006538450717926,0.850924551486969,0.06900996714830399,0.7560049751716662
WRD25,mobilenetv3,resize_2.0,177,20,0.15575222671031952,0.17233070731163025,0.6719171404838562,1.2404340438151902
WRD25,mobilenetv3,resize_2.0,178,21,0.6432484984397888,0.30334752798080444,0.053404007107019424,1.1572428176834164
WRD25,mobilenetv3,resize_2.0,179,21,0.04936622455716133,0.1727920025587082,0.7778416872024536,0.9338590913853964
WRD25,mobilenetv3,resize_2.0,180,21,0.4749217927455902,0.18529020249843597,0.33978796005249023,1.4899806284338557
WRD25,mobilenetv3,resize_2.0,181,21,0.3044548034667969,0.4927960932254791,0.20274898409843445,1.492242504299501
WRD25,mobilenetv3,resize_2.0,182,21,0.5802503228187561,0.20422297716140747,0.21552671492099762,1.4008672237814686
WRD25,mobilenetv3,resize_2.0,183,21,0.29254311323165894,0.04112629219889641,0.6663305163383484,1.098360716293941
WRD25,mobilenetv3,resize_2.0,184,21,0.3033844232559204,0.45487499237060547,0.24174050986766815,1.5342023961468607
WRD25,mobilenetv3,resize_2.0,185,22,0.1793491095304489,0.623732328414917,0.19691863656044006,1.3310390362252296
WRD25,mobilenetv3,resize_2.0,186,22,0.716854453086853,0.15490315854549408,0.12824231386184692,1.1410334009672538
WRD25,mobilenetv3,resize_2.0,187,22,0.3073003590106964,0.576697587966919,0.11600204557180405,1.3415825379944262
WRD25,mobilenetv3,resize_2.0,188,22,0.10199429839849472,0.1401195377111435,0.7578862309455872,1.036302975349929
WRD25,mobilenetv3,resize_2.0,189,22,0.16895902156829834,0.6864725351333618,0.14456841349601746,1.2093607535142752
WRD25,mobilenetv3,resize_2.0,190,23,0.49898895621299744,0.3263910412788391,0.17462004721164703,1.4673166965850073
WRD25,mobilenetv3,resize_2.0,191,23,0.3532906770706177,0.3827967047691345,0.2639125883579254,1.5678273272661776
WRD25,mobilenetv3,resize_2.0,192,23,0.2578474283218384,0.08865746855735779,0.6534950733184814,1.2151935713316009
WRD25,mobilenetv3,resize_2.0,193,23,0.6502112150192261,0.2586587071418762,0.09112997353076935,1.2233444486613365
WRD25,mobilenetv3,resize_2.0,194,24,0.3461642265319824,0.11802072823047638,0.5358150005340576,1.3759761099892058
WRD25,mobilenetv3,resize_2.0,195,24,0.3275473713874817,0.4799848794937134,0.19246776401996613,1.4932553661859127
WRD25,mobilenetv3,resize_2.0,196,24,0.19990885257720947,0.5147814750671387,0.28530967235565186,1.47368876808244
WRD25,mobilenetv3,resize_2.0,197,24,0.6300402879714966,0.23606017231941223,0.13389956951141357,1.2999844005808159
WRD25,mobilenetv3,resize_2.0,198,24,0.16173085570335388,0.25096413493156433,0.5873050689697266,1.3765606177804302
WRD25,mobilenetv3,resize_2.0,199,24,0.3807555139064789,0.22423700988292694,0.39500755071640015,1.5434031310130243
WRD25,mobilenetv3,jpeg_10,0,0,0.38188570737838745,0.2967059016227722,0.32140833139419556,1.5767649309350327
WRD25,mobilenetv3,jpeg_10,1,0,0.33058932423591614,0.1615993082523346,0.5078113675117493,1.449295006701549
WRD25,mobilenetv3,jpeg_10,2,0,0.3873414993286133,0.15390938520431519,0.4587491452693939,1.461275843659871
WRD25,mobilenetv3,jpeg_10,3,0,0.31580501794815063,0.2617184817790985,0.42247650027275085,1.5564532281688823
WRD25,mobilenetv3,jpeg_10,4,0,0.2555602788925171,0.29232609272003174,0.452113538980484,1.5394787333492048
WRD25,mobilenetv3,jpeg_10,5,0,0.27471253275871277,0.350989431142807,0.3742980360984802,1.57289287653713
WRD25,mobilenetv3,jpeg_10,6,0,0.46270260214805603,0.19116796553134918,0.3461294174194336,1.5005786290533787
WRD25,mobilenetv3,jpeg_10,7,0,0.4032708406448364,0.2219580113887787,0.37477120757102966,1.5410154583802544
WRD25,mobilenetv3,jpeg_10,8,0,0.36784255504608154,0.2535140812397003,0.37864333391189575,1.5631736413312018
WRD25,mobilenetv3,jpeg_10,9,0,0.3205161392688751,0.32549354434013367,0.3539903163909912,1.5835633667734141
WRD25,mobilenetv3,jpeg_10,10,0,0.3796893060207367,0.345169335603714,0.27514132857322693,1.5724181307592353
WRD25,mobilenetv3,jpeg_10,11,0,0.3776160478591919,0.27175578474998474,0.35062819719314575,1.5714954100012557
WRD25,mobilenetv3,jpeg_10,12,0,0.24510270357131958,0.3738396167755127,0.3810576796531677,1.558270928639498
WRD25,mobilenetv3,jpeg_10,13,0,0.39549368619918823,0.11356709152460098,0.4909391701221466,1.3895877669186127
WRD25,mobilenetv3,jpeg_10,14,0,0.28672370314598083,0.2148035168647766,0.49847277998924255,1.4940551444126142
WRD25,mobilenetv3,jpeg_10,15,0,0.38984277844429016,0.15591193735599518,0.4542452096939087,1.4649793668492366
WRD25,mobilenetv3,jpeg_10,16,0,0.42163124680519104,0.2029184103012085,0.37545040249824524,1.522877116249032
WRD25,mobilenetv3,jpeg_10,17,0,0.3343384861946106,0.2900022864341736,0.3756592571735382,1.5769862302558155
WRD25,mobilenetv3,jpeg_10,18,1,0.44480064511299133,0.16355210542678833,0.3916472792625427,1.476749740666252
WRD25,mobilenetv3,jpeg_10,19,1,0.04531531035900116,0.6765097379684448,0.2781749665737152,1.0972021020271012
WRD25,mobilenetv3,jpeg_10,20,1,0.1556413769721985,0.6556727290153503,0.18868590891361237,1.270935741432902
WRD25,mobilenetv3,jpeg_10,21,1,0.025061016902327538,0.6155275702476501,0.359411358833313,1.0948146148596898
WRD25,mobilenetv3,jpeg_10,22,1,0.09571311622858047,0.47427284717559814,0.4300139844417572,1.3579809895137838
WRD25,mobilenetv3,jpeg_10,23,1,0.05911882221698761,0.4986492693424225,0.44223180413246155,1.2623764625445382
WRD25,mobilenetv3,jpeg_10,24,1,0.04506593570113182,0.4507152736186981,0.5042187571525574,1.2178261131290014
WRD25,mobilenetv3,jpeg_10,25,2,0.38814088702201843,0.3921316862106323,0.21972745656967163,1.5399273485401097
WRD25,mobilenetv3,jpeg_10,26,2,0.305835098028183,0.37533849477767944,0.3188263177871704,1.579149697022309
WRD25,mobilenetv3,jpeg_10,27,2,0.11607754230499268,0.45326361060142517,0.43065884709358215,1.4014851950545704
WRD25,mobilenetv3,jpeg_10,28,2,0.6379416584968567,0.24741601943969727,0.1146424189209938,1.2704812396365073
WRD25,mobilenetv3,jpeg_10,29,2,0.2049144208431244,0.6636140942573547,0.13147155940532684,1.246043915948747
WRD25,mobilenetv3,jpeg_10,30,2,0.4700130522251129,0.44413211941719055,0.08585482835769653,1.336096840736917
WRD25,mobilenetv3,jpeg_10,31,2,0.06842642277479172,0.43188172578811646,0.499691903591156,1.288033606090816
WRD25,mobilenetv3,jpeg_10,32,2,0.643682599067688,0.07928288727998734,0.2770344614982605,1.2120660243357926
WRD25,mobilenetv3,jpeg_10,33,2,0.06993331015110016,0.385336697101593,0.544730007648468,1.2759390713231602
WRD25,mobilenetv3,jpeg_10,34,2,0.37210455536842346,0.5626658201217651,0.06522960960865021,1.2544142146402522
WRD25,mobilenetv3,jpeg_10,35,2,0.8783509135246277,0.08259626477956772,0.03905287757515907,0.6442356438702386
WRD25,mobilenetv3,jpeg_10,36,3,0.012088212184607983,0.25089138746261597,0.7370203733444214,0.90195322606289
WRD25,mobilenetv3,jpeg_10,37,3,0.3130711019039154,0.3967229425907135,0.2902059555053711,1.5716531014101314
WRD25,mobilenetv3,jpeg_10,38,3,0.4320333003997803,0.30816856026649475,0.25979816913604736,1.5516212355683996
WRD25,mobilenetv3,jpeg_10,39,3,0.9564764499664307,0.016711125150322914,0.02681242860853672,0.3000375252492801
WRD25,mobilenetv3,jpeg_10,40,3,0.31653571128845215,0.3804488480091095,0.30301544070243835,1.5776967153295787
WRD25,mobilenetv3,jpeg_10,41,4,0.002716444432735443,0.7641311883926392,0.23315222561359406,0.8094928909188981
WRD25,mobilenetv3,jpeg_10,42,4,0.3744226396083832,0.3940724730491638,0.2315048724412918,1.5487580871528104
WRD25,mobilenetv3,jpeg_10,43,4,0.5775364637374878,0.19767004251480103,0.22479362785816193,1.4037897238468209
WRD25,mobilenetv3,jpeg_10,44,4,0.42949074506759644,0.42664599418640137,0.1438632607460022,1.4503975246390868
WRD25,mobilenetv3,jpeg_10,45,4,0.2810923457145691,0.33675116300582886,0.3821564316749573,1.5737725891707144
WRD25,mobilenetv3,jpeg_10,46,5,0.04598532244563103,0.34669896960258484,0.6073155999183655,1.1710914184277859
WRD25,mobilenetv3,jpeg_10,47,5,0.08784859627485275,0.6031175255775452,0.3090337812900543,1.2717677130208584
WRD25,mobilenetv3,jpeg_10,48,5,0.006179540418088436,0.3733896017074585,0.6204308271408081,1.0032903010825984
WRD25,mobilenetv3,jpeg_10,49,5,0.05020328238606453,0.4787377715110779,0.4710589349269867,1.2370117960233777
WRD25,mobilenetv3,jpeg_10,50,6,0.3718250095844269,0.3809562623500824,0.24721881747245789,1.5595414915683639
WRD25,mobilenetv3,jpeg_10,51,6,0.012059665285050869,0.1029735654592514,0.8849666714668274,0.5706058939264897
WRD25,mobilenetv3,jpeg_10,52,6,0.0072013335302472115,0.21907702088356018,0.7737216949462891,0.8175064175321851
WRD25,mobilenetv3,jpeg_10,53,7,0.4117426574230194,0.44223153591156006,0.14602583646774292,1.4529937292997435
WRD25,mobilenetv3,jpeg_10,54,7,0.560295820236206,0.3202500641345978,0.11945416033267975,1.3605286831401244
WRD25,mobilenetv3,jpeg_10,55,7,0.5730834603309631,0.12608729302883148,0.3008292317390442,1.358309286477839
WRD25,mobilenetv3,jpeg_10,56,7,0.5791779160499573,0.04615554213523865,0.37466663122177124,1.1918032250449024
WRD25,mobilenetv3,jpeg_10,57,7,0.23075146973133087,0.334670752286911,0.43457773327827454,1.5391811660449681
WRD25,mobilenetv3,jpeg_10,58,7,0.20336805284023285,0.5942046642303467,0.20242728292942047,1.3800336245022462
WRD25,mobilenetv3,jpeg_10,59,7,0.20742912590503693,0.6169408559799194,0.17563001811504364,1.3413267451801107
WRD25,mobilenetv3,jpeg_10,60,7,0.24364334344863892,0.46779903769493103,0.2885577082633972,1.5264695462865565
WRD25,mobilenetv3,jpeg_10,61,7,0.3297979235649109,0.4126080274581909,0.25759410858154297,1.5588231029752593
WRD25,mobilenetv3,jpeg_10,62,7,0.3553342819213867,0.5252904891967773,0.11937525123357773,1.3843772967527705
WRD25,mobilenetv3,jpeg_10,63,7,0.08424314111471176,0.6232112050056458,0.2925456762313843,1.2446091494511322
WRD25,mobilenetv3,jpeg_10,64,7,0.3441755175590515,0.5320886969566345,0.12373576313257217,1.3869733590365927
WRD25,mobilenetv3,jpeg_10,65,7,0.4959879219532013,0.13997620344161987,0.36403584480285645,1.4295386246094277
WRD25,mobilenetv3,jpeg_10,66,7,0.3777347505092621,0.32067325711250305,0.30159202218055725,1.5782695430934344
WRD25,mobilenetv3,jpeg_10,67,7,0.36447080969810486,0.25150224566459656,0.3840269446372986,1.561779599247455
WRD25,mobilenetv3,jpeg_10,68,7,0.3265438973903656,0.40043532848358154,0.27302080392837524,1.5673181598602068
WRD25,mobilenetv3,jpeg_10,69,8,0.23814140260219574,0.6265089511871338,0.1353495866060257,1.3061330567332006
WRD25,mobilenetv3,jpeg_10,70,8,0.11081694811582565,0.5146196484565735,0.37456342577934265,1.3755785742983826
WRD25,mobilenetv3,jpeg_10,71,8,0.2958812415599823,0.3305349051952362,0.3735838532447815,1.5784167511771492
WRD25,mobilenetv3,jpeg_10,72,8,0.4287434220314026,0.523219645023346,0.048036981374025345,1.2231873327017686
WRD25,mobilenetv3,jpeg_10,73,8,0.24305273592472076,0.5714098811149597,0.18553735315799713,1.4082415231880363
WRD25,mobilenetv3,jpeg_10,74,8,0.289065420627594,0.5564545392990112,0.15448009967803955,1.4044023490494872
WRD25,mobilenetv3,jpeg_10,75,8,0.15081296861171722,0.33942747116088867,0.5097595453262329,1.436244783118813
WRD25,mobilenetv3,jpeg_10,76,8,0.28986576199531555,0.424631267786026,0.28550294041633606,1.558891918889977
WRD25,mobilenetv3,jpeg_10,77,8,0.36435601115226746,0.42934650182724,0.20629753172397614,1.5242051818840991
WRD25,mobilenetv3,jpeg_10,78,8,0.27912771701812744,0.33097508549690247,0.3898971974849701,1.5716538397498898
WRD25,mobilenetv3,jpeg_10,79,8,0.3418566584587097,0.4149181544780731,0.24322515726089478,1.5520414133501972
WRD25,mobilenetv3,jpeg_10,80,8,0.12980957329273224,0.5521026253700256,0.3180878460407257,1.3811465670647785
WRD25,mobilenetv3,jpeg_10,81,8,0.5529496669769287,0.31715327501296997,0.12989698350429535,1.3805827654220444
WRD25,mobilenetv3,jpeg_10,82,8,0.4571777582168579,0.3084685802459717,0.2343536913394928,1.530202267291767
WRD25,mobilenetv3,jpeg_10,83,8,0.3504558205604553,0.2408752590417862,0.40866902470588684,1.552394201775988
WRD25,mobilenetv3,jpeg_10,84,8,0.2849513590335846,0.4177808463573456,0.2972678244113922,1.5624371274058297
WRD25,mobilenetv3,jpeg_10,85,8,0.19384247064590454,0.48685333132743835,0.3193042278289795,1.4902948674759404
WRD25,mobilenetv3,jpeg_10,86,9,0.28755494952201843,0.3225324749946594,0.38991260528564453,1.5733831912240537
WRD25,mobilenetv3,jpeg_10,87,9,0.0556899793446064,0.4932326376438141,0.4510773718357086,1.253044723936255
WRD25,mobilenetv3,jpeg_10,88,9,0.35224011540412903,0.3170916438102722,0.330668181180954,1.5836073777361583
WRD25,mobilenetv3,jpeg_10,89,9,0.5180927515029907,0.27029886841773987,0.21160836517810822,1.4757936399583298
WRD25,mobilenetv3,jpeg_10,90,9,0.07340621948242188,0.4385989010334015,0.4879949390888214,1.3032016835639353
WRD25,mobilenetv3,jpeg_10,91,9,0.19384436309337616,0.4467110335826874,0.35944461822509766,1.5087726355172904
WRD25,mobilenetv3,jpeg_10,92,9,0.20643015205860138,0.28532448410987854,0.5082452893257141,1.4823885663891943
WRD25,mobilenetv3,jpeg_10,93,9,0.28040748834609985,0.3673694431781769,0.3522230386734009,1.5753679726044936
WRD25,mobilenetv3,jpeg_10,94,9,0.08421826362609863,0.45267656445503235,0.46310511231422424,1.3325669173060835
WRD25,mobilenetv3,jpeg_10,95,9,0.4306846261024475,0.4154450297355652,0.15387046337127686,1.4653734830485468
WRD25,mobilenetv3,jpeg_10,96,9,0.0963958129286766,0.4270682632923126,0.4765359163284302,1.3591150743733795
WRD25,mobilenetv3,jpeg_10,97,10,0.27149122953414917,0.3840920329093933,0.34441667795181274,1.5705456732444225
WRD25,mobilenetv3,jpeg_10,98,10,0.19515495002269745,0.33744239807128906,0.4674026072025299,1.5017726314714237
WRD25,mobilenetv3,jpeg_10,99,10,0.24492546916007996,0.20832233130931854,0.5467522740364075,1.4447971316660246
WRD25,mobilenetv3,jpeg_10,100,10,0.08345824480056763,0.3706532120704651,0.5458886027336121,1.3064734024765747
WRD25,mobilenetv3,jpeg_10,101,10,0.44727855920791626,0.14134548604488373,0.4113759994506836,1.445323017758537
WRD25,mobilenetv3,jpeg_10,102,10,0.14947238564491272,0.20968282222747803,0.6408447623252869,1.2938191952756206
WRD25,mobilenetv3,jpeg_10,103,10,0.6126921772956848,0.19917987287044525,0.18812792003154755,1.3501204664890745
WRD25,mobilenetv3,jpeg_10,104,10,0.466382771730423,0.310935914516449,0.22268131375312805,1.5197763459592895
WRD25,mobilenetv3,jpeg_10,105,10,0.1575496941804886,0.76023930311203,0.08221101015806198,1.0170334247591755
WRD25,mobilenetv3,jpeg_10,106,10,0.8541384935379028,0.13235554099082947,0.01350588072091341,0.6643043307028599
WRD25,mobilenetv3,jpeg_10,107,11,0.5663198828697205,0.36280596256256104,0.07087414711713791,1.2658853042266933
WRD25,mobilenetv3,jpeg_10,108,11,0.3295916020870209,0.32350364327430725,0.34690478444099426,1.584327626088235
WRD25,mobilenetv3,jpeg_10,109,11,0.5615363121032715,0.1062941700220108,0.33216944336891174,1.339399739352114
WRD25,mobilenetv3,jpeg_10,110,11,0.3236808478832245,0.3500541150569916,0.3262650668621063,1.5840548496291307
WRD25,mobilenetv3,jpeg_10,111,11,0.361522376537323,0.2146781086921692,0.4237994849681854,1.5320857918409012
WRD25,mobilenetv3,jpeg_10,112,11,0.5333369374275208,0.2567524313926697,0.20991061627864838,1.4600566415522849
WRD25,mobilenetv3,jpeg_10,113,11,0.22556723654270172,0.3221612572669983,0.4522714912891388,1.5287930787037427
WRD25,mobilenetv3,jpeg_10,114,12,0.4946795701980591,0.4396000802516937,0.06572014093399048,1.2816813552048067
WRD25,mobilenetv3,jpeg_10,115,13,0.44587528705596924,0.5288552641868591,0.025269383564591408,1.1397113099882168
WRD25,mobilenetv3,jpeg_10,116,13,0.6543030738830566,0.023122942075133324,0.3225739896297455,1.0526124531658798
WRD25,mobilenetv3,jpeg_10,117,13,0.06794080138206482,0.49267327785491943,0.43938595056533813,1.2880521009269406
WRD25,mobilenetv3,jpeg_10,118,13,0.10327731817960739,0.3170992434024811,0.5796235203742981,1.3197611701047536
WRD25,mobilenetv3,jpeg_10,119,13,0.01239254791289568,0.5021218657493591,0.4854855537414551,1.0836718694244962
WRD25,mobilenetv3,jpeg_10,120,13,0.2786657214164734,0.43704989552497864,0.2842843532562256,1.5514452639100496
WRD25,mobilenetv3,jpeg_10,121,14,0.3151709735393524,0.11059539020061493,0.5742335915565491,1.3358847327333097
WRD25,mobilenetv3,jpeg_10,122,14,0.504319965839386,0.345750629901886,0.14992931485176086,1.4382718615405854
WRD25,mobilenetv3,jpeg_10,123,14,0.460478812456131,0.47017213702201843,0.06934899836778641,1.2940677123882904
WRD25,mobilenetv3,jpeg_10,124,14,0.5204156637191772,0.3250439465045929,0.15454034507274628,1.4336834922660504
WRD25,mobilenetv3,jpeg_10,125,14,0.2630758583545685,0.30729755759239197,0.42962655425071716,1.5535605463612416
WRD25,mobilenetv3,jpeg_10,126,15,0.3478359878063202,0.3388524055480957,0.3133115768432617,1.5835628374446888
WRD25,mobilenetv3,jpeg_10,127,15,0.38784536719322205,0.3739323914051056,0.23822228610515594,1.5536658831844354
WRD25,mobilenetv3,jpeg_10,128,15,0.2785363495349884,0.4270845055580139,0.29437917470932007,1.5572039311199082
WRD25,mobilenetv3,jpeg_10,129,15,0.35703980922698975,0.28826460242271423,0.35469555854797363,1.5781987856690813
WRD25,mobilenetv3,jpeg_10,130,15,0.27358490228652954,0.4371395707130432,0.28927549719810486,1.551113209793435
WRD25,mobilenetv3,jpeg_10,131,15,0.21407829225063324,0.4480995535850525,0.33782219886779785,1.5239291535559043
WRD25,mobilenetv3,jpeg_10,132,15,0.43116578459739685,0.30933159589767456,0.2595026195049286,1.551966613660762
WRD25,mobilenetv3,jpeg_10,133,15,0.4523046612739563,0.28428685665130615,0.2634084224700928,1.5405472547141983
WRD25,mobilenetv3,jpeg_10,134,15,0.326711505651474,0.3927018642425537,0.2805866301059723,1.5712896951774526
WRD25,mobilenetv3,jpeg_10,135,15,0.679604709148407,0.08126159012317657,0.23913361132144928,1.1665671743907773
WRD25,mobilenetv3,jpeg_10,136,15,0.3768158555030823,0.2878401279449463,0.3353440463542938,1.5763316130757463
WRD25,mobilenetv3,jpeg_10,137,15,0.33962056040763855,0.3573983311653137,0.3029809594154358,1.5815962688329226
WRD25,mobilenetv3,jpeg_10,138,15,0.45988377928733826,0.3191401958465576,0.22097602486610413,1.5225263827748055
WRD25,mobilenetv3,jpeg_10,139,15,0.42801332473754883,0.2169015109539032,0.35508519411087036,1.5326615131497858
WRD25,mobilenetv3,jpeg_10,140,15,0.43662115931510925,0.40010809898376465,0.1632707715034485,1.477656670916591
WRD25,mobilenetv3,jpeg_10,141,16,0.08626049757003784,0.24043898284435272,0.6733005046844482,1.1835862134747328
WRD25,mobilenetv3,jpeg_10,142,16,0.0494597852230072,0.12231868505477905,0.8282214999198914,0.8105222436523767
WRD25,mobilenetv3,jpeg_10,143,16,0.06769891828298569,0.3485221266746521,0.5837789177894592,1.2462892639385506
WRD25,mobilenetv3,jpeg_10,144,16,0.08312082290649414,0.6105939149856567,0.30628523230552673,1.2557049068323334
WRD25,mobilenetv3,jpeg_10,145,16,0.04314861074090004,0.6175867915153503,0.3392646312713623,1.154147752708503
WRD25,mobilenetv3,jpeg_10,146,16,0.17892584204673767,0.5320934653282166,0.2889806628227234,1.4460839032558683
WRD25,mobilenetv3,jpeg_10,147,16,0.23135630786418915,0.20024487376213074,0.5683987736701965,1.4164406647112453
WRD25,mobilenetv3,jpeg_10,148,17,0.04504009336233139,0.5341241359710693,0.4208357036113739,1.2101841513645075
WRD25,mobilenetv3,jpeg_10,149,17,0.593941330909729,0.37781134247779846,0.02824733406305313,1.1223104796721386
WRD25,mobilenetv3,jpeg_10,150,17,0.06338892132043839,0.5279977917671204,0.4086133539676666,1.2663575241026512
WRD25,mobilenetv3,jpeg_10,151,17,0.30286842584609985,0.3083459436893463,0.3887856900691986,1.575190347041262
WRD25,mobilenetv3,jpeg_10,152,18,0.3397687077522278,0.13013340532779694,0.5300979018211365,1.3973859308632388
WRD25,mobilenetv3,jpeg_10,153,18,0.25672394037246704,0.08601769059896469,0.6572584509849548,1.2060022822348908
WRD25,mobilenetv3,jpeg_10,154,18,0.12076833099126816,0.5673231482505798,0.31190845370292664,1.3564955793702387
WRD25,mobilenetv3,jpeg_10,155,18,0.012930254451930523,0.3870263397693634,0.600043535232544,1.0532926869547719
WRD25,mobilenetv3,jpeg_10,156,18,0.31806328892707825,0.544274091720581,0.1376626342535019,1.397112028675945
WRD25,mobilenetv3,jpeg_10,157,18,0.25808799266815186,0.4318351149559021,0.3100769519805908,1.5512798634967657
WRD25,mobilenetv3,jpeg_10,158,18,0.43557778000831604,0.28037792444229126,0.2840442955493927,1.5523966750006173
WRD25,mobilenetv3,jpeg_10,159,18,0.3839753270149231,0.3536170721054077,0.2624075412750244,1.567048583118378
WRD25,mobilenetv3,jpeg_10,160,18,0.20047084987163544,0.33292093873023987,0.4666082262992859,1.5061972976055165
WRD25,mobilenetv3,jpeg_10,161,18,0.40024664998054504,0.1685061901807785,0.43124720454216003,1.4849360184249756
WRD25,mobilenetv3,jpeg_10,162,18,0.38173821568489075,0.34447452425956726,0.2737872302532196,1.57167962075169
WRD25,mobilenetv3,jpeg_10,163,18,0.4956030249595642,0.2910008132457733,0.21339619159698486,1.495694041906099
WRD25,mobilenetv3,jpeg_10,164,18,0.1884574294090271,0.3302505612373352,0.48129206895828247,1.489379149091035
WRD25,mobilenetv3,jpeg_10,165,18,0.2609559893608093,0.4499582052230835,0.2890858054161072,1.5417659651310804
WRD25,mobilenetv3,jpeg_10,166,18,0.1473744958639145,0.18416722118854523,0.6684583425521851,1.2450840859542323
WRD25,mobilenetv3,jpeg_10,167,18,0.1766444593667984,0.20350980758666992,0.6198456883430481,1.3369345330266047
WRD25,mobilenetv3,jpeg_10,168,18,0.2239319235086441,0.08973753452301025,0.6863305568695068,1.1682538788870334
WRD25,mobilenetv3,jpeg_10,169,18,0.1748240441083908,0.25654059648513794,0.5686354041099548,1.4064947263844938
WRD25,mobilenetv3,jpeg_10,170,19,0.2204625904560089,0.4344114065170288,0.34512609243392944,1.5331556674618514
WRD25,mobilenetv3,jpeg_10,171,19,0.59100341796875,0.05385119467973709,0.3551454544067383,1.2058230896469748
WRD25,mobilenetv3,jpeg_10,172,19,0.6302691698074341,0.1953924298286438,0.1743384748697281,1.3193308172054952
WRD25,mobilenetv3,jpeg_10,173,19,0.35321369767189026,0.2828206717967987,0.3639657199382782,1.5763288008023286
WRD25,mobilenetv3,jpeg_10,174,20,0.10950665920972824,0.38216209411621094,0.508331298828125,1.3759809570207988
WRD25,mobilenetv3,jpeg_10,175,20,0.08482199162244797,0.6133485436439514,0.30182945728302,1.2560831573203284
WRD25,mobilenetv3,jpeg_10,176,20,0.07408684492111206,0.5077804327011108,0.4181327819824219,1.3006353229408392
WRD25,mobilenetv3,jpeg_10,177,20,0.06958457827568054,0.44676390290260315,0.4836514890193939,1.293731672686276
WRD25,mobilenetv3,jpeg_10,178,21,0.024747952818870544,0.14069455862045288,0.8345575332641602,0.7478943216449454
WRD25,mobilenetv3,jpeg_10,179,21,0.4201854169368744,0.4400552213191986,0.1397593915462494,1.443517841189178
WRD25,mobilenetv3,jpeg_10,180,21,0.09050700813531876,0.7523415684700012,0.157151460647583,1.0421067790233198
WRD25,mobilenetv3,jpeg_10,181,21,0.15208321809768677,0.6072589159011841,0.2406580001115799,1.3447524012104253
WRD25,mobilenetv3,jpeg_10,182,21,0.46106866002082825,0.11528453230857849,0.4236467778682709,1.3992260830730072
WRD25,mobilenetv3,jpeg_10,183,21,0.2986946105957031,0.2884119749069214,0.4128934442996979,1.5649714897199032
WRD25,mobilenetv3,jpeg_10,184,21,0.3253113627433777,0.22269168496131897,0.45199692249298096,1.5273999477105036
WRD25,mobilenetv3,jpeg_10,185,22,0.04949352890253067,0.11500819772481918,0.8354982137680054,0.7901194537980732
WRD25,mobilenetv3,jpeg_10,186,22,0.16858497262001038,0.7820958495140076,0.049319203943014145,0.9244495988522259
WRD25,mobilenetv3,jpeg_10,187,22,0.026019368320703506,0.21535317599773407,0.7586275339126587,0.916369099293294
WRD25,mobilenetv3,jpeg_10,188,22,0.7876952886581421,0.093221515417099,0.11908312886953354,0.9558915217423163
WRD25,mobilenetv3,jpeg_10,189,22,0.0948677808046341,0.6830387711524963,0.222093403339386,1.1801110737050378
WRD25,mobilenetv3,jpeg_10,190,23,0.4156135618686676,0.17931146919727325,0.4050750136375427,1.4991593789931112
WRD25,mobilenetv3,jpeg_10,191,23,0.44669216871261597,0.17814727127552032,0.3751606047153473,1.4933631472099986
WRD25,mobilenetv3,jpeg_10,192,23,0.2733428180217743,0.46235784888267517,0.2642993628978729,1.5334401571039393
WRD25,mobilenetv3,jpeg_10,193,23,0.25554704666137695,0.3612365126609802,0.38321632146835327,1.563936968698155
WRD25,mobilenetv3,jpeg_10,194,24,0.22681258618831635,0.4281615912914276,0.3450259268283844,1.539140182904779
WRD25,mobilenetv3,jpeg_10,195,24,0.34643855690956116,0.31751129031181335,0.33605021238327026,1.5840291590721582
WRD25,mobilenetv3,jpeg_10,196,24,0.14070828258991241,0.6499636173248291,0.20932811498641968,1.274370268096079
WRD25,mobilenetv3,jpeg_10,197,24,0.2356654405593872,0.47148481011390686,0.2928498089313507,1.5216958819042963
WRD25,mobilenetv3,jpeg_10,198,24,0.35224395990371704,0.38525477051734924,0.26250115036964417,1.5669298966727068
WRD25,mobilenetv3,jpeg_10,199,24,0.22347845137119293,0.4489355981349945,0.32758602499961853,1.529254273952072
WRD25,mobilenetv3,jpeg_50,0,0,0.5589796304702759,0.18208318948745728,0.25893712043762207,1.4212493955355032
WRD25,mobilenetv3,jpeg_50,1,0,0.30104154348373413,0.2572583258152008,0.44170013070106506,1.5459910928471237
WRD25,mobilenetv3,jpeg_50,2,0,0.3227744400501251,0.20828647911548615,0.46893903613090515,1.510330742664729
WRD25,mobilenetv3,jpeg_50,3,0,0.3545163571834564,0.1277218610048294,0.517761766910553,1.4012668070254228
WRD25,mobilenetv3,jpeg_50,4,0,0.26266270875930786,0.3770982623100281,0.36023902893066406,1.5677971100059156
WRD25,mobilenetv3,jpeg_50,5,0,0.3179081976413727,0.28683653473854065,0.3952552080154419,1.5716999892521963
WRD25,mobilenetv3,jpeg_50,6,0,0.42242130637168884,0.22958102822303772,0.3479975759983063,1.542505021424733
WRD25,mobilenetv3,jpeg_50,7,0,0.3651900887489319,0.21545013785362244,0.4193597733974457,1.5336218793537413
WRD25,mobilenetv3,jpeg_50,8,0,0.3743174076080322,0.22849148511886597,0.3971910774707794,1.54639160083439
WRD25,mobilenetv3,jpeg_50,9,0,0.3661021292209625,0.22502340376377106,0.4088745415210724,1.54250742555496
WRD25,mobilenetv3,jpeg_50,10,0,0.3777858018875122,0.3451938033103943,0.2770204544067383,1.573278475810306
WRD25,mobilenetv3,jpeg_50,11,0,0.3956910967826843,0.09971963614225388,0.5045892596244812,1.3588614449668515
WRD25,mobilenetv3,jpeg_50,12,0,0.3706490397453308,0.19319258630275726,0.43615829944610596,1.511068837086487
WRD25,mobilenetv3,jpeg_50,13,0,0.3804047107696533,0.15052634477615356,0.4690689742565155,1.4539417679116795
WRD25,mobilenetv3,jpeg_50,14,0,0.4275766611099243,0.08135297149419785,0.49107035994529724,1.3224075165784217
WRD25,mobilenetv3,jpeg_50,15,0,0.42830130457878113,0.06280709058046341,0.5088917016983032,1.2706764018249572
WRD25,mobilenetv3,jpeg_50,16,0,0.4393744468688965,0.07205486297607422,0.4885706305503845,1.2996084752658055
WRD25,mobilenetv3,jpeg_50,17,0,0.36742252111434937,0.1452469527721405,0.4873303771018982,1.4403959551785581
WRD25,mobilenetv3,jpeg_50,18,1,0.6383062601089478,0.08687975257635117,0.2748139798641205,1.2317629940440709
WRD25,mobilenetv3,jpeg_50,19,1,0.23897449672222137,0.4879474639892578,0.2730780243873596,1.509993700120043
WRD25,mobilenetv3,jpeg_50,20,1,0.21111814677715302,0.7394013404846191,0.049480486661195755,1.0103813104077404
WRD25,mobilenetv3,jpeg_50,21,1,0.027969952672719955,0.5635721683502197,0.40845787525177,1.138204932288807
WRD25,mobilenetv3,jpeg_50,22,1,0.05635828152298927,0.5629333257675171,0.38070833683013916,1.230913680626827
WRD25,mobilenetv3,jpeg_50,23,1,0.035883039236068726,0.5238772034645081,0.4402397871017456,1.181963224850943
WRD25,mobilenetv3,jpeg_50,24,1,0.019918721169233322,0.590471625328064,0.3896096348762512,1.0911591415156439
WRD25,mobilenetv3,jpeg_50,25,2,0.013564408756792545,0.43715229630470276,0.5492833256721497,1.0808111772490339
WRD25,mobilenetv3,jpeg_50,26,2,0.03196978196501732,0.5133972764015198,0.454632967710495,1.1696313880526317
WRD25,mobilenetv3,jpeg_50,27,2,0.6354789733886719,0.3213467299938202,0.043174248188734055,1.137695681242427
WRD25,mobilenetv3,jpeg_50,28,2,0.49399664998054504,0.41050460934638977,0.09549872577190399,1.3534962662619718
WRD25,mobilenetv3,jpeg_50,29,2,0.21680690348148346,0.7131097912788391,0.07008326053619385,1.094783433839838
WRD25,mobilenetv3,jpeg_50,30,2,0.40066462755203247,0.5638116598129272,0.03552372008562088,1.1658509357261073
WRD25,mobilenetv3,jpeg_50,31,2,0.087889164686203,0.3296010494232178,0.5825097560882568,1.2902411287097022
WRD25,mobilenetv3,jpeg_50,32,2,0.6579011082649231,0.0862516388297081,0.2558472454547882,1.2054965977559073
WRD25,mobilenetv3,jpeg_50,33,2,0.05416727438569069,0.8384072184562683,0.1074255108833313,0.7867975721457616
WRD25,mobilenetv3,jpeg_50,34,2,0.42355015873908997,0.5267865061759949,0.04966335371136665,1.2271961422195856
WRD25,mobilenetv3,jpeg_50,35,2,0.6041050553321838,0.3497651517391205,0.046129725873470306,1.17407676258414
WRD25,mobilenetv3,jpeg_50,36,3,0.0063997190445661545,0.039777979254722595,0.9538222551345825,0.2967402709936945
WRD25,mobilenetv3,jpeg_50,37,3,0.0480327382683754,0.9254599213600159,0.026507271453738213,0.45263369982732204
WRD25,mobilenetv3,jpeg_50,38,3,0.012537740170955658,0.04603272303938866,0.9414294362068176,0.36562350984979897
WRD25,mobilenetv3,jpeg_50,39,3,0.8153108358383179,0.10095172375440598,0.08373745530843735,0.8737585750546398
WRD25,mobilenetv3,jpeg_50,40,3,0.7376685738563538,0.02945413812994957,0.23287735879421234,0.9631807472214169
WRD25,mobilenetv3,jpeg_50,41,4,0.8323452472686768,0.006936273537576199,0.16071850061416626,0.693982158683123
WRD25,mobilenetv3,jpeg_50,42,4,0.035976070910692215,0.9248878359794617,0.039135947823524475,0.4597335749792701
WRD25,mobilenetv3,jpeg_50,43,4,0.020108642056584358,0.4633752703666687,0.5165161490440369,1.119861580422548
WRD25,mobilenetv3,jpeg_50,44,4,0.574420690536499,0.3459334373474121,0.07964587211608887,1.2799353429931306
WRD25,mobilenetv3,jpeg_50,45,4,0.5351992845535278,0.08677162975072861,0.3780291676521301,1.319219857819383
WRD25,mobilenetv3,jpeg_50,46,5,0.01170741394162178,0.1801367849111557,0.8081557750701904,0.7689104034652813
WRD25,mobilenetv3,jpeg_50,47,5,0.022562263533473015,0.6232998967170715,0.3541377782821655,1.0788687220734432
WRD25,mobilenetv3,jpeg_50,48,5,0.011835922487080097,0.47705259919166565,0.5111114978790283,1.0800492895207774
WRD25,mobilenetv3,jpeg_50,49,5,0.02849489077925682,0.22194086015224457,0.7495644092559814,0.9399949764456687
WRD25,mobilenetv3,jpeg_50,50,6,0.1784590780735016,0.7369377017021179,0.08460310101509094,1.0696987706787775
WRD25,mobilenetv3,jpeg_50,51,6,0.044346973299980164,0.9029549360275269,0.05269810929894447,0.556084158640565
WRD25,mobilenetv3,jpeg_50,52,6,0.007730565033853054,0.08262325823307037,0.9096463322639465,0.47573104315182424
WRD25,mobilenetv3,jpeg_50,53,7,0.2365657240152359,0.5909091234207153,0.17252512276172638,1.3778500309951704
WRD25,mobilenetv3,jpeg_50,54,7,0.48290225863456726,0.008081928826868534,0.5090157985687256,1.0592127933692361
WRD25,mobilenetv3,jpeg_50,55,7,0.02954845502972603,0.6928372979164124,0.2776142656803131,1.0301911787787614
WRD25,mobilenetv3,jpeg_50,56,7,0.6308929920196533,0.3406672477722168,0.02843974530696869,1.094562764470305
WRD25,mobilenetv3,jpeg_50,57,7,0.4703611135482788,0.08166717737913132,0.44797179102897644,1.3259655342796297
WRD25,mobilenetv3,jpeg_50,58,7,0.17508254945278168,0.6848942637443542,0.14002323150634766,1.2112656585456898
WRD25,mobilenetv3,jpeg_50,59,7,0.11024197190999985,0.7247735261917114,0.16498443484306335,1.1161842392382075
WRD25,mobilenetv3,jpeg_50,60,7,0.4370817542076111,0.37210598587989807,0.19081220030784607,1.5085876348303593
WRD25,mobilenetv3,jpeg_50,61,7,0.5139976143836975,0.43126004934310913,0.05474242940545082,1.2462375790363729
WRD25,mobilenetv3,jpeg_50,62,7,0.2041260302066803,0.7039777040481567,0.0918964296579361,1.140922858352819
WRD25,mobilenetv3,jpeg_50,63,7,0.10595091432332993,0.7586038708686829,0.13544517755508423,1.0361443448214769
WRD25,mobilenetv3,jpeg_50,64,7,0.3301081657409668,0.5894776582717896,0.0804140716791153,1.2697291723920148
WRD25,mobilenetv3,jpeg_50,65,7,0.49168553948402405,0.15502150356769562,0.35329291224479675,1.450819593532155
WRD25,mobilenetv3,jpeg_50,66,7,0.19622394442558289,0.49310562014579773,0.31067049503326416,1.4879561511374932
WRD25,mobilenetv3,jpeg_50,67,7,0.4412156045436859,0.28113728761672974,0.27764707803726196,1.548774794427684
WRD25,mobilenetv3,jpeg_50,68,7,0.3209224045276642,0.41737663745880127,0.26170095801353455,1.5584855054927211
WRD25,mobilenetv3,jpeg_50,69,8,0.20140978693962097,0.6412128210067749,0.15737731754779816,1.2965509880621113
WRD25,mobilenetv3,jpeg_50,70,8,0.30914586782455444,0.4879506826400757,0.20290343463420868,1.495613090542279
WRD25,mobilenetv3,jpeg_50,71,8,0.32548120617866516,0.490750789642334,0.18376800417900085,1.480176448316935
WRD25,mobilenetv3,jpeg_50,72,8,0.16324375569820404,0.7308395504951477,0.10591662675142288,1.1005423318043595
WRD25,mobilenetv3,jpeg_50,73,8,0.2761346101760864,0.5791040658950806,0.1447613537311554,1.3726856280463284
WRD25,mobilenetv3,jpeg_50,74,8,0.7702077031135559,0.11063921451568604,0.11915300041437149,1.0072135877428081
WRD25,mobilenetv3,jpeg_50,75,8,0.19801363348960876,0.6879633069038391,0.1140231266617775,1.1910364861048939
WRD25,mobilenetv3,jpeg_50,76,8,0.5029217600822449,0.4018125534057617,0.0952657163143158,1.3503723824689935
WRD25,mobilenetv3,jpeg_50,77,8,0.4578247666358948,0.4066542387008667,0.13552111387252808,1.434680424590517
WRD25,mobilenetv3,jpeg_50,78,8,0.4573260247707367,0.3495629131793976,0.19311101734638214,1.5044104363865833
WRD25,mobilenetv3,jpeg_50,79,8,0.2981984317302704,0.3986136019229889,0.30318793654441833,1.571490356042296
WRD25,mobilenetv3,jpeg_50,80,8,0.28060710430145264,0.5918772220611572,0.1275157630443573,1.3411721819277056
WRD25,mobilenetv3,jpeg_50,81,8,0.4774482846260071,0.4113956093788147,0.1111561506986618,1.3886932244872725
WRD25,mobilenetv3,jpeg_50,82,8,0.47527068853378296,0.18659073114395142,0.3381386399269104,1.490937326099378
WRD25,mobilenetv3,jpeg_50,83,8,0.566305935382843,0.3558747470378876,0.07781930267810822,1.2816843536141063
WRD25,mobilenetv3,jpeg_50,84,8,0.33628320693969727,0.46310174465179443,0.2006150633096695,1.5079670573596857
WRD25,mobilenetv3,jpeg_50,85,8,0.5625574588775635,0.2710981070995331,0.16634438931941986,1.4078488718315008
WRD25,mobilenetv3,jpeg_50,86,9,0.4918375611305237,0.08114085346460342,0.4270215928554535,1.3217446930331405
WRD25,mobilenetv3,jpeg_50,87,9,0.04219304397702217,0.5272502899169922,0.4305567145347595,1.2030119028693573
WRD25,mobilenetv3,jpeg_50,88,9,0.2088385969400406,0.5295464396476746,0.2616148889064789,1.4636533556523563
WRD25,mobilenetv3,jpeg_50,89,9,0.11513553559780121,0.38254934549331665,0.5023150444030762,1.3883498768946745
WRD25,mobilenetv3,jpeg_50,90,9,0.027378860861063004,0.47122082114219666,0.501400351524353,1.1530171663153388
WRD25,mobilenetv3,jpeg_50,91,9,0.04943149909377098,0.4434700012207031,0.5070985555648804,1.2314709630355154
WRD25,mobilenetv3,jpeg_50,92,9,0.02302704006433487,0.4613618552684784,0.5156111717224121,1.1329136552005925
WRD25,mobilenetv3,jpeg_50,93,9,0.13390429317951202,0.4659157693386078,0.4001801311969757,1.4305425294472336
WRD25,mobilenetv3,jpeg_50,94,9,0.06645309925079346,0.5365496277809143,0.39699724316596985,1.270987888944941
WRD25,mobilenetv3,jpeg_50,95,9,0.4614669382572174,0.1329783797264099,0.4055546522140503,1.4299690770679963
WRD25,mobilenetv3,jpeg_50,96,9,0.051345378160476685,0.5350843071937561,0.4135703444480896,1.229480832651059
WRD25,mobilenetv3,jpeg_50,97,10,0.7808158993721008,0.16289930045604706,0.0562848299741745,0.9388152356310885
WRD25,mobilenetv3,jpeg_50,98,10,0.30286911129951477,0.6380386352539062,0.05909223109483719,1.1766934324152203
WRD25,mobilenetv3,jpeg_50,99,10,0.38496702909469604,0.5651698708534241,0.04986310750246048,1.2111484105878743
WRD25,mobilenetv3,jpeg_50,100,10,0.4986521005630493,0.43247488141059875,0.06887315213680267,1.289435539814944
WRD25,mobilenetv3,jpeg_50,101,10,0.6112374067306519,0.18375934660434723,0.2050032615661621,1.3519211603579149
WRD25,mobilenetv3,jpeg_50,102,10,0.35682252049446106,0.6066144704818726,0.036563023924827576,1.142487139099853
WRD25,mobilenetv3,jpeg_50,103,10,0.9392949342727661,0.0352630577981472,0.02544204145669937,0.3897914750201573
WRD25,mobilenetv3,jpeg_50,104,10,0.25356754660606384,0.6864333748817444,0.05999906361103058,1.1180846269211586
WRD25,mobilenetv3,jpeg_50,105,10,0.5072875618934631,0.4204927682876587,0.07221963256597519,1.2960674637346363
WRD25,mobilenetv3,jpeg_50,106,10,0.473982036113739,0.4533338248729706,0.07268418371677399,1.302845718816898
WRD25,mobilenetv3,jpeg_50,107,11,0.43144920468330383,0.02316248044371605,0.5453883409500122,1.126075485940453
WRD25,mobilenetv3,jpeg_50,108,11,0.031610362231731415,0.7193450927734375,0.24904456734657288,0.998858313695383
WRD25,mobilenetv3,jpeg_50,109,11,0.029791664332151413,0.7211255431175232,0.24908266961574554,0.9906374636400216
WRD25,mobilenetv3,jpeg_50,110,11,0.03255476802587509,0.14650411903858185,0.8209410905838013,0.8004940564165526
WRD25,mobilenetv3,jpeg_50,111,11,0.030249301344156265,0.6174421310424805,0.35230863094329834,1.1124301222914141
WRD25,mobilenetv3,jpeg_50,112,11,0.04604235291481018,0.781510591506958,0.1724470853805542,0.9197102921044773
WRD25,mobilenetv3,jpeg_50,113,11,0.5146492123603821,0.02580050751566887,0.4595502018928528,1.144823528910244
WRD25,mobilenetv3,jpeg_50,114,12,0.5865187644958496,0.3388025164604187,0.0746786817908287,1.2600420738050162
WRD25,mobilenetv3,jpeg_50,115,13,0.5103669166564941,0.4604700207710266,0.029162993654608727,1.1591630990939894
WRD25,mobilenetv3,jpeg_50,116,13,0.771761417388916,0.04678410664200783,0.18145444989204407,0.9419473310821893
WRD25,mobilenetv3,jpeg_50,117,13,0.0715891420841217,0.47207680344581604,0.4563339352607727,1.3000445374651268
WRD25,mobilenetv3,jpeg_50,118,13,0.03316454961895943,0.46386152505874634,0.5029739141464233,1.175715498932504
WRD25,mobilenetv3,jpeg_50,119,13,0.013055527582764626,0.39862996339797974,0.5883145332336426,1.0609113035334798
WRD25,mobilenetv3,jpeg_50,120,13,0.4906463027000427,0.29616832733154297,0.2131853848695755,1.499305433549455
WRD25,mobilenetv3,jpeg_50,121,14,0.3213679790496826,0.02670426480472088,0.6519277095794678,1.068262690173822
WRD25,mobilenetv3,jpeg_50,122,14,0.4274217486381531,0.3617843687534332,0.21079377830028534,1.5282611433181295
WRD25,mobilenetv3,jpeg_50,123,14,0.45191314816474915,0.46436572074890137,0.08372118324041367,1.3313138969995095
WRD25,mobilenetv3,jpeg_50,124,14,0.4997037649154663,0.2735911011695862,0.2267051786184311,1.4971217648038062
WRD25,mobilenetv3,jpeg_50,125,14,0.6152521967887878,0.08207710087299347,0.30267074704170227,1.2490385627106844
WRD25,mobilenetv3,jpeg_50,126,15,0.34167519211769104,0.2610418498516083,0.39728301763534546,1.564251222321634
WRD25,mobilenetv3,jpeg_50,127,15,0.3578881323337555,0.29812511801719666,0.34398677945137024,1.5806632265555383
WRD25,mobilenetv3,jpeg_50,128,15,0.39766547083854675,0.2563907206058502,0.34594374895095825,1.562263073234787
WRD25,mobilenetv3,jpeg_50,129,15,0.37582242488861084,0.19746513664722443,0.4267124533653259,1.5170348026979013
WRD25,mobilenetv3,jpeg_50,130,15,0.3783957064151764,0.31026312708854675,0.31134113669395447,1.5785040170261468
WRD25,mobilenetv3,jpeg_50,131,15,0.4368217885494232,0.07985065877437592,0.48332759737968445,1.3201058571424478
WRD25,mobilenetv3,jpeg_50,132,15,0.383395254611969,0.3205738067626953,0.29603102803230286,1.5763046310730342
WRD25,mobilenetv3,jpeg_50,133,15,0.42643558979034424,0.30877685546875,0.2647875249385834,1.5554566076780452
WRD25,mobilenetv3,jpeg_50,134,15,0.34340202808380127,0.29297274351119995,0.3636252284049988,1.5791403759509417
WRD25,mobilenetv3,jpeg_50,135,15,0.470129132270813,0.24305403232574463,0.2868168354034424,1.5246845558895459
WRD25,mobilenetv3,jpeg_50,136,15,0.4665278494358063,0.20341001451015472,0.33006206154823303,1.5083385761491517
WRD25,mobilenetv3,jpeg_50,137,15,0.4056107699871063,0.20606382191181183,0.38832536339759827,1.5275558982119952
WRD25,mobilenetv3,jpeg_50,138,15,0.503914475440979,0.15230636298656464,0.3437791168689728,1.4413227074885628
WRD25,mobilenetv3,jpeg_50,139,15,0.4453478753566742,0.21640625596046448,0.3382458984851837,1.5265519137924715
WRD25,mobilenetv3,jpeg_50,140,15,0.453998863697052,0.30312201380729675,0.24287916719913483,1.5350822400390138
WRD25,mobilenetv3,jpeg_50,141,16,0.046732135117053986,0.20837056636810303,0.7448973059654236,0.9945228152008727
WRD25,mobilenetv3,jpeg_50,142,16,0.05968660116195679,0.17633609473705292,0.7639772295951843,0.980915162812455
WRD25,mobilenetv3,jpeg_50,143,16,0.05800708383321762,0.34499478340148926,0.5969981551170349,1.212247434271558
WRD25,mobilenetv3,jpeg_50,144,16,0.0603707991540432,0.35226523876190186,0.5873639583587646,1.2256585931304744
WRD25,mobilenetv3,jpeg_50,145,16,0.03188076615333557,0.5988984107971191,0.3692208230495453,1.132174346952865
WRD25,mobilenetv3,jpeg_50,146,16,0.09534697234630585,0.5608738660812378,0.3437790870666504,1.3207732409595236
WRD25,mobilenetv3,jpeg_50,147,16,0.08248491585254669,0.23592181503772736,0.6815932989120483,1.1654269762876444
WRD25,mobilenetv3,jpeg_50,148,17,0.052326787263154984,0.5416750311851501,0.40599822998046875,1.229812982643576
WRD25,mobilenetv3,jpeg_50,149,17,0.7056955099105835,0.27983585000038147,0.014468726702034473,0.9574546458296431
WRD25,mobilenetv3,jpeg_50,150,17,0.016749413684010506,0.6002171039581299,0.38303351402282715,1.0711369830398274
WRD25,mobilenetv3,jpeg_50,151,17,0.2653738856315613,0.3569642901420593,0.3776618242263794,1.5689532592155992
WRD25,mobilenetv3,jpeg_50,152,18,0.09437935054302216,0.675283670425415,0.23033687472343445,1.1917974942622165
WRD25,mobilenetv3,jpeg_50,153,18,0.05179937928915024,0.1449415236711502,0.803259015083313,0.8789846877739622
WRD25,mobilenetv3,jpeg_50,154,18,0.020665790885686874,0.4400032162666321,0.5393308401107788,1.1172173605373636
WRD25,mobilenetv3,jpeg_50,155,18,0.020772704854607582,0.36506423354148865,0.6141630411148071,1.078769172716394
WRD25,mobilenetv3,jpeg_50,156,18,0.36450716853141785,0.43623244762420654,0.1992604285478592,1.51654538419738
WRD25,mobilenetv3,jpeg_50,157,18,0.2627592086791992,0.555491030216217,0.18174973130226135,1.4248963597765067
WRD25,mobilenetv3,jpeg_50,158,18,0.5160055160522461,0.15263231098651886,0.33136212825775146,1.4344993371902115
WRD25,mobilenetv3,jpeg_50,159,18,0.24429510533809662,0.3776821494102478,0.3780226707458496,1.557815022415054
WRD25,mobilenetv3,jpeg_50,160,18,0.5206599831581116,0.2053200602531433,0.2740200161933899,1.4709810578166935
WRD25,mobilenetv3,jpeg_50,161,18,0.2345893830060959,0.34045082330703735,0.42495986819267273,1.5445924574742498
WRD25,mobilenetv3,jpeg_50,162,18,0.30517667531967163,0.29198670387268066,0.4028366208076477,1.569538953134797
WRD25,mobilenetv3,jpeg_50,163,18,0.5544402003288269,0.23268738389015198,0.21287240087985992,1.4363554077940184
WRD25,mobilenetv3,jpeg_50,164,18,0.18394657969474792,0.32529619336128235,0.4907573461532593,1.4803196488323511
WRD25,mobilenetv3,jpeg_50,165,18,0.08876252174377441,0.498867928981781,0.41236960887908936,1.337631454855434
WRD25,mobilenetv3,jpeg_50,166,18,0.3138728141784668,0.19262346625328064,0.49350371956825256,1.4852321907813786
WRD25,mobilenetv3,jpeg_50,167,18,0.13427487015724182,0.09849658608436584,0.7672286033630371,1.0116001018994611
WRD25,mobilenetv3,jpeg_50,168,18,0.3140004575252533,0.5085309147834778,0.17746864259243011,1.4635358449238791
WRD25,mobilenetv3,jpeg_50,169,18,0.4666259288787842,0.3968867361545563,0.13648734986782074,1.4344104279577692
WRD25,mobilenetv3,jpeg_50,170,19,0.03689469024538994,0.2056085616350174,0.7574968338012695,0.9483596264833818
WRD25,mobilenetv3,jpeg_50,171,19,0.001219246769323945,0.5005965828895569,0.4981841742992401,1.0123365362531227
WRD25,mobilenetv3,jpeg_50,172,19,0.022012121975421906,0.5290708541870117,0.4489169418811798,1.1258375340841569
WRD25,mobilenetv3,jpeg_50,173,19,0.33868131041526794,0.5083029270172119,0.15301570296287537,1.4396500651382835
WRD25,mobilenetv3,jpeg_50,174,20,0.3580210506916046,0.11167542636394501,0.5303035378456116,1.369018002812313
WRD25,mobilenetv3,jpeg_50,175,20,0.06530052423477173,0.49849429726600647,0.4362051784992218,1.279839114991453
WRD25,mobilenetv3,jpeg_50,176,20,0.08124502003192902,0.5077611804008484,0.41099393367767334,1.3179403419202522
WRD25,mobilenetv3,jpeg_50,177,20,0.09315568953752518,0.4662955701351166,0.44054871797561646,1.3532332365696045
WRD25,mobilenetv3,jpeg_50,178,21,0.025433707982301712,0.13961893320083618,0.8349472880363464,0.7485926725445462
WRD25,mobilenetv3,jpeg_50,179,21,0.7776120901107788,0.028062894940376282,0.1943250149488449,0.8861262231726683
WRD25,mobilenetv3,jpeg_50,180,21,0.08215003460645676,0.7048313617706299,0.2130185067653656,1.1271263464580004
WRD25,mobilenetv3,jpeg_50,181,21,0.0823577344417572,0.6272982358932495,0.29034414887428284,1.2367018193508494
WRD25,mobilenetv3,jpeg_50,182,21,0.42097142338752747,0.18560662865638733,0.39342200756073,1.5059108316865237
WRD25,mobilenetv3,jpeg_50,183,21,0.4984363615512848,0.2746387720108032,0.22692488133907318,1.498277412513669
WRD25,mobilenetv3,jpeg_50,184,21,0.13458971679210663,0.3439163267612457,0.5214938521385193,1.4088307133127969
WRD25,mobilenetv3,jpeg_50,185,22,0.03592733293771744,0.742117702960968,0.22195492684841156,0.9737365439040697
WRD25,mobilenetv3,jpeg_50,186,22,0.327755868434906,0.6256331205368042,0.04661109298467636,1.156939433865307
WRD25,mobilenetv3,jpeg_50,187,22,0.0650106817483902,0.8155946731567383,0.11939471960067749,0.8622822167732385
WRD25,mobilenetv3,jpeg_50,188,22,0.09707238525152206,0.7085648775100708,0.19436271488666534,1.1381187975946891
WRD25,mobilenetv3,jpeg_50,189,22,0.08990024775266647,0.5939616560935974,0.31613805890083313,1.2840712624051447
WRD25,mobilenetv3,jpeg_50,190,23,0.20507419109344482,0.16655918955802917,0.6283665895462036,1.3206668998288043
WRD25,mobilenetv3,jpeg_50,191,23,0.0535053089261055,0.32766813039779663,0.6188266277313232,1.181931881691987
WRD25,mobilenetv3,jpeg_50,192,23,0.35779041051864624,0.23577702045440674,0.4064326286315918,1.5499349373180116
WRD25,mobilenetv3,jpeg_50,193,23,0.37939611077308655,0.2761627435684204,0.34444114565849304,1.5727885812121054
WRD25,mobilenetv3,jpeg_50,194,24,0.6854462027549744,0.14039215445518494,0.17416167259216309,1.2102939162521986
WRD25,mobilenetv3,jpeg_50,195,24,0.5771679878234863,0.36468902230262756,0.05814299359917641,1.2270090031612744
WRD25,mobilenetv3,jpeg_50,196,24,0.336231529712677,0.39213263988494873,0.2716358006000519,1.5690684534502497
WRD25,mobilenetv3,jpeg_50,197,24,0.46574515104293823,0.35110902786254883,0.18314574658870697,1.4921215512188912
WRD25,mobilenetv3,jpeg_50,198,24,0.1738983392715454,0.4846286475658417,0.3414730429649353,1.4746614649151202
WRD25,mobilenetv3,jpeg_50,199,24,0.09984850883483887,0.4996110498905182,0.4005405008792877,1.3607853662233365
WRD25,mobilenetv3,rotation_45,0,0,0.6791091561317444,0.09021994471549988,0.23067088425159454,1.1803572206340138
WRD25,mobilenetv3,rotation_45,1,0,0.10098854452371597,0.717177152633667,0.18183422088623047,1.1251862889188495
WRD25,mobilenetv3,rotation_45,2,0,0.6344822645187378,0.07832259684801102,0.28719523549079895,1.2211536968264425
WRD25,mobilenetv3,rotation_45,3,0,0.7754518985748291,0.0951794683933258,0.1293686032295227,0.9891640535630027
WRD25,mobilenetv3,rotation_45,4,0,0.18405278027057648,0.1035754531621933,0.7123717069625854,1.1368043810000228
WRD25,mobilenetv3,rotation_45,5,0,0.8397956490516663,0.09481503069400787,0.06538932025432587,0.7910815917847251
WRD25,mobilenetv3,rotation_45,6,0,0.09527918696403503,0.8731889128684998,0.03153179585933685,0.651234160762196
WRD25,mobilenetv3,rotation_45,7,0,0.6028913259506226,0.08964753150939941,0.307461142539978,1.2752182054940366
WRD25,mobilenetv3,rotation_45,8,0,0.5748823881149292,0.0788109302520752,0.346306711435318,1.2778215784096842
WRD25,mobilenetv3,rotation_45,9,0,0.8744750618934631,0.09063155204057693,0.034893423318862915,0.6520695026248527
WRD25,mobilenetv3,rotation_45,10,0,0.4592495560646057,0.42863211035728455,0.11211838573217392,1.3933926187785484
WRD25,mobilenetv3,rotation_45,11,0,0.6948272585868835,0.11947479844093323,0.18569792807102203,1.1822460284405434
WRD25,mobilenetv3,rotation_45,12,0,0.8129892349243164,0.09157726913690567,0.09543351829051971,0.8821296185562701
WRD25,mobilenetv3,rotation_45,13,0,0.22285299003124237,0.6920179128646851,0.08512904495000839,1.152772682039292
WRD25,mobilenetv3,rotation_45,14,0,0.08976372331380844,0.4948108494281769,0.4154254198074341,1.340916321886119
WRD25,mobilenetv3,rotation_45,15,0,0.13063956797122955,0.08143574744462967,0.7879247069358826,0.9491959511610629
WRD25,mobilenetv3,rotation_45,16,0,0.1265847533941269,0.08570625633001328,0.7877089977264404,0.9524164475979844
WRD25,mobilenetv3,rotation_45,17,0,0.21503287553787231,0.07554924488067627,0.7094179391860962,1.10970652173233
WRD25,mobilenetv3,rotation_45,18,1,0.5792002081871033,0.11325298994779587,0.3075468838214874,1.3353906463805352
WRD25,mobilenetv3,rotation_45,19,1,0.3332706093788147,0.533429741859436,0.13329972326755524,1.3994714152661207
WRD25,mobilenetv3,rotation_45,20,1,0.2599470019340515,0.6265559196472168,0.11349711567163467,1.2841625698092884
WRD25,mobilenetv3,rotation_45,21,1,0.23909896612167358,0.6595023274421692,0.10139878839254379,1.2244486040869105
WRD25,mobilenetv3,rotation_45,22,1,0.6092618703842163,0.28665998578071594,0.10407797992229462,1.2920079991859466
WRD25,mobilenetv3,rotation_45,23,1,0.09045924246311188,0.40379607677459717,0.5057446956634521,1.339281265013342
WRD25,mobilenetv3,rotation_45,24,1,0.35954928398132324,0.5380347371101379,0.10241597890853882,1.3484181127555244
WRD25,mobilenetv3,rotation_45,25,2,0.08916527777910233,0.07208365947008133,0.8387510180473328,0.7972302777460711
WRD25,mobilenetv3,rotation_45,26,2,0.0912855714559555,0.8779084086418152,0.03080609254539013,0.6348401180286156
WRD25,mobilenetv3,rotation_45,27,2,0.10630097985267639,0.4820931851863861,0.41160592436790466,1.3783413265487399
WRD25,mobilenetv3,rotation_45,28,2,0.16060930490493774,0.7355996966362,0.10379108041524887,1.0888379352600364
WRD25,mobilenetv3,rotation_45,29,2,0.10514005273580551,0.362791508436203,0.5320684909820557,1.3567021505622765
WRD25,mobilenetv3,rotation_45,30,2,0.09972905367612839,0.829638659954071,0.07063223421573639,0.8252894693900037
WRD25,mobilenetv3,rotation_45,31,2,0.8579803109169006,0.04425535351037979,0.09776437282562256,0.7166155516539708
WRD25,mobilenetv3,rotation_45,32,2,0.09316692501306534,0.03668852895498276,0.8701446056365967,0.6685718701190282
WRD25,mobilenetv3,rotation_45,33,2,0.059741243720054626,0.841684877872467,0.09857384860515594,0.7816370097812069
WRD25,mobilenetv3,rotation_45,34,2,0.07296811044216156,0.1031208410859108,0.8239110112190247,0.8437920207914148
WRD25,mobilenetv3,rotation_45,35,2,0.04862033575773239,0.8519127368927002,0.0994669497013092,0.740266695964099
WRD25,mobilenetv3,rotation_45,36,3,0.00048805950791575015,0.09707009047269821,0.9024418592453003,0.4656395944566336
WRD25,mobilenetv3,rotation_45,37,3,0.07813213020563126,0.018564769998192787,0.9033032059669495,0.5266673840392255
WRD25,mobilenetv3,rotation_45,38,3,0.07900901883840561,0.025436026975512505,0.8955549597740173,0.5665765969760779
WRD25,mobilenetv3,rotation_45,39,3,0.08437274396419525,0.8723645806312561,0.043262604624032974,0.668828745829517
WRD25,mobilenetv3,rotation_45,40,3,0.01656859740614891,0.8922425508499146,0.09118905663490295,0.559834808940324
WRD25,mobilenetv3,rotation_45,41,4,0.7554652690887451,0.09901130199432373,0.14552341401576996,1.0406143570210933
WRD25,mobilenetv3,rotation_45,42,4,0.022647874429821968,0.0911656841635704,0.8861865997314453,0.5932476524332966
WRD25,mobilenetv3,rotation_45,43,4,0.08782169222831726,0.8056303858757019,0.10654798150062561,0.9035896929001692
WRD25,mobilenetv3,rotation_45,44,4,0.816053569316864,0.08767735958099365,0.0962691456079483,0.8722917147115015
WRD25,mobilenetv3,rotation_45,45,4,0.5906932950019836,0.0949811041355133,0.31432560086250305,1.2960385072229612
WRD25,mobilenetv3,rotation_45,46,5,0.0005540245329029858,0.08319592475891113,0.9162501692771912,0.42006420684114376
WRD25,mobilenetv3,rotation_45,47,5,0.07611983269453049,0.916243314743042,0.007636867929250002,0.4521656798254427
WRD25,mobilenetv3,rotation_45,48,5,0.0018076024716719985,0.08643683046102524,0.9117556810379028,0.44330303289315465
WRD25,mobilenetv3,rotation_45,49,5,0.07722131162881851,0.016707314178347588,0.9060713052749634,0.5128883351062311
WRD25,mobilenetv3,rotation_45,50,6,0.10540999472141266,0.7490667104721069,0.1455232799053192,1.0590418180956118
WRD25,mobilenetv3,rotation_45,51,6,0.10649943351745605,0.87502521276474,0.018475312739610672,0.6190269367573735
WRD25,mobilenetv3,rotation_45,52,6,0.004288177937269211,0.1062484085559845,0.8894635438919067,0.5277002935332413
WRD25,mobilenetv3,rotation_45,53,7,0.7819771766662598,0.11673732846975327,0.10128545761108398,0.9737728863198752
WRD25,mobilenetv3,rotation_45,54,7,0.05457786098122597,0.09931191056966782,0.8461102247238159,0.7638622685974575
WRD25,mobilenetv3,rotation_45,55,7,0.10467880219221115,0.7438759803771973,0.15144523978233337,1.0707705806101788
WRD25,mobilenetv3,rotation_45,56,7,0.10785079747438431,0.15381655097007751,0.7383325695991516,1.0850645163208772
WRD25,mobilenetv3,rotation_45,57,7,0.8647775053977966,0.0893082246184349,0.045914288610219955,0.6965864201494724
WRD25,mobilenetv3,rotation_45,58,7,0.09434301406145096,0.8459891676902771,0.05966789647936821,0.768117988288604
WRD25,mobilenetv3,rotation_45,59,7,0.11045695096254349,0.09771165996789932,0.7918314933776855,0.9455727905729328
WRD25,mobilenetv3,rotation_45,60,7,0.7583444714546204,0.09472891688346863,0.14692655205726624,1.0312405213088096
WRD25,mobilenetv3,rotation_45,61,7,0.07792899012565613,0.8278785347938538,0.09419253468513489,0.8335463205847473
WRD25,mobilenetv3,rotation_45,62,7,0.11128460615873337,0.09085361659526825,0.7978617548942566,0.9268300541439765
WRD25,mobilenetv3,rotation_45,63,7,0.7700029015541077,0.1392531394958496,0.09074407070875168,1.0005676717314427
WRD25,mobilenetv3,rotation_45,64,7,0.4868163466453552,0.09234200417995453,0.42084166407585144,1.3484349148381969
WRD25,mobilenetv3,rotation_45,65,7,0.5384660363197327,0.11515761911869049,0.34637629985809326,1.3698004292330221
WRD25,mobilenetv3,rotation_45,66,7,0.45191457867622375,0.4208693206310272,0.12721608579158783,1.4217407273866787
WRD25,mobilenetv3,rotation_45,67,7,0.547865629196167,0.34508267045021057,0.10705168545246124,1.350396545691829
WRD25,mobilenetv3,rotation_45,68,7,0.44676128029823303,0.11013878136873245,0.44309988617897034,1.390184785827829
WRD25,mobilenetv3,rotation_45,69,8,0.5166522860527039,0.3793255686759949,0.10402220487594604,1.362352308662088
WRD25,mobilenetv3,rotation_45,70,8,0.31808197498321533,0.5852257609367371,0.0966922715306282,1.3038782162131992
WRD25,mobilenetv3,rotation_45,71,8,0.6133314371109009,0.28255537152290344,0.10411316901445389,1.2875707766988267
WRD25,mobilenetv3,rotation_45,72,8,0.7593681216239929,0.10022914409637451,0.14040270447731018,1.031860512614759
WRD25,mobilenetv3,rotation_45,73,8,0.08704251050949097,0.7125071883201599,0.2004503607749939,1.119789218288406
WRD25,mobilenetv3,rotation_45,74,8,0.08403367549180984,0.80107182264328,0.11489440500736237,0.9152397083255963
WRD25,mobilenetv3,rotation_45,75,8,0.5596431493759155,0.09198880940675735,0.3483680784702301,1.3152967622784209
WRD25,mobilenetv3,rotation_45,76,8,0.480821430683136,0.42663028836250305,0.09254827350378036,1.3500348330200207
WRD25,mobilenetv3,rotation_45,77,8,0.7928375005722046,0.09557686746120453,0.11158565431833267,0.9422931172293653
WRD25,mobilenetv3,rotation_45,78,8,0.7977569699287415,0.09262647479772568,0.10961660742759705,0.927603884960905
WRD25,mobilenetv3,rotation_45,79,8,0.5727433562278748,0.33248043060302734,0.09477634727954865,1.3108820872098423
WRD25,mobilenetv3,rotation_45,80,8,0.15320204198360443,0.7552943825721741,0.0915035605430603,1.0361404720172138
WRD25,mobilenetv3,rotation_45,81,8,0.8060670495033264,0.08904651552438736,0.10488642752170563,0.9026254060453824
WRD25,mobilenetv3,rotation_45,82,8,0.152849480509758,0.7474914193153381,0.0996590256690979,1.0595952341282189
WRD25,mobilenetv3,rotation_45,83,8,0.06489359587430954,0.8208643794059753,0.1142420545220375,0.8473837866891168
WRD25,mobilenetv3,rotation_45,84,8,0.09973220527172089,0.6108168959617615,0.28945091366767883,1.2838093891108502
WRD25,mobilenetv3,rotation_45,85,8,0.5945665836334229,0.31231391429901123,0.09311947971582413,1.289244962589823
WRD25,mobilenetv3,rotation_45,86,9,0.5104650855064392,0.09105745702981949,0.3984775245189667,1.3389539969352495
WRD25,mobilenetv3,rotation_45,87,9,0.09242629259824753,0.17739176750183105,0.730181872844696,1.09138915372646
WRD25,mobilenetv3,rotation_45,88,9,0.6819196939468384,0.08849406242370605,0.22958621382713318,1.1736055037457742
WRD25,mobilenetv3,rotation_45,89,9,0.6211274862289429,0.2863311171531677,0.09254129976034164,1.261114192068953
WRD25,mobilenetv3,rotation_45,90,9,0.24769741296768188,0.0830850824713707,0.6692174673080444,1.1846959877489018
WRD25,mobilenetv3,rotation_45,91,9,0.8104838132858276,0.08539599925279617,0.10412022471427917,0.8886379018644328
WRD25,mobilenetv3,rotation_45,92,9,0.09421844035387039,0.20984184741973877,0.6959397196769714,1.1577297756274345
WRD25,mobilenetv3,rotation_45,93,9,0.3840017020702362,0.08260691165924072,0.5333913564682007,1.3110654509638549
WRD25,mobilenetv3,rotation_45,94,9,0.5634617805480957,0.3125595450401306,0.12397865951061249,1.3641416968160258
WRD25,mobilenetv3,rotation_45,95,9,0.405335932970047,0.09586086869239807,0.49880316853523254,1.3528925667175171
WRD25,mobilenetv3,rotation_45,96,9,0.35587838292121887,0.5458685755729675,0.09825312346220016,1.336087868912661
WRD25,mobilenetv3,rotation_45,97,10,0.89640212059021,0.018446829169988632,0.08515098690986633,0.5503111266548475
WRD25,mobilenetv3,rotation_45,98,10,0.8676556348800659,0.08375392854213715,0.04859042540192604,0.6893560120549616
WRD25,mobilenetv3,rotation_45,99,10,0.8911614418029785,0.08269897848367691,0.026139508932828903,0.5829638987192568
WRD25,mobilenetv3,rotation_45,100,10,0.9025834798812866,0.08269325643777847,0.014723218977451324,0.5204370476668794
WRD25,mobilenetv3,rotation_45,101,10,0.9046697616577148,0.08290001004934311,0.012430228292942047,0.5072584523135045
WRD25,mobilenetv3,rotation_45,102,10,0.009357716888189316,0.9004990458488464,0.09014324843883514,0.5121706224217133
WRD25,mobilenetv3,rotation_45,103,10,0.8949911594390869,0.020527347922325134,0.08448143303394318,0.5595251638510657
WRD25,mobilenetv3,rotation_45,104,10,0.8856249451637268,0.09653688222169876,0.017838090658187866,0.5844068398608913
WRD25,mobilenetv3,rotation_45,105,10,0.86760413646698,0.10294300317764282,0.029452810063958168,0.6652067259911703
WRD25,mobilenetv3,rotation_45,106,10,0.8848561644554138,0.023690296337008476,0.09145357459783554,0.5996706799865684
WRD25,mobilenetv3,rotation_45,107,11,0.8831942081451416,0.09622223675251007,0.020583637058734894,0.5985723132352261
WRD25,mobilenetv3,rotation_45,108,11,0.0757334902882576,0.007496011909097433,0.9167704582214355,0.4498026071534499
WRD25,mobilenetv3,rotation_45,109,11,0.07277169078588486,0.009933842346072197,0.9172943830490112,0.455448764376322
WRD25,mobilenetv3,rotation_45,110,11,0.07420338690280914,0.008895725943148136,0.9169009327888489,0.4538037211626297
WRD25,mobilenetv3,rotation_45,111,11,0.07484819740056992,0.007454941514879465,0.9176969528198242,0.44632454679649497
WRD25,mobilenetv3,rotation_45,112,11,0.07333163917064667,0.010489209555089474,0.9161791205406189,0.4610957437895934
WRD25,mobilenetv3,rotation_45,113,11,0.885180652141571,0.09490761905908585,0.01991182565689087,0.590692212370399
WRD25,mobilenetv3,rotation_45,114,12,0.100138820707798,0.8123930096626282,0.08746811002492905,0.883427608984964
WRD25,mobilenetv3,rotation_45,115,13,0.7211548686027527,0.10708791762590408,0.17175720632076263,1.121799667325634
WRD25,mobilenetv3,rotation_45,116,13,0.1103711798787117,0.47187837958335876,0.41775038838386536,1.3882862641511524
WRD25,mobilenetv3,rotation_45,117,13,0.4047365188598633,0.09683156758546829,0.4984319508075714,1.3550149373803666
WRD25,mobilenetv3,rotation_45,118,13,0.10517299175262451,0.5395675897598267,0.35525938868522644,1.352428475310086
WRD25,mobilenetv3,rotation_45,119,13,0.09959974884986877,0.7120082974433899,0.18839189410209656,1.1340314741177386
WRD25,mobilenetv3,rotation_45,120,13,0.312343567609787,0.566185474395752,0.1214708685874939,1.3584341027565008
WRD25,mobilenetv3,rotation_45,121,14,0.10625562816858292,0.7966737151145935,0.09707063436508179,0.9315578169306887
WRD25,mobilenetv3,rotation_45,122,14,0.6664512753486633,0.10122271627187729,0.23232601583003998,1.2138664064083824
WRD25,mobilenetv3,rotation_45,123,14,0.09349328279495239,0.6973797082901001,0.20912696421146393,1.1543933675266191
WRD25,mobilenetv3,rotation_45,124,14,0.09731132537126541,0.19498872756958008,0.7077000141143799,1.1399695587886314
WRD25,mobilenetv3,rotation_45,125,14,0.2424488514661789,0.09764491021633148,0.659906268119812,1.219076222308379
WRD25,mobilenetv3,rotation_45,126,15,0.6397687792778015,0.07027965784072876,0.2899515926837921,1.1993635352824334
WRD25,mobilenetv3,rotation_45,127,15,0.6684088110923767,0.24714598059654236,0.0844452902674675,1.1879816229913531
WRD25,mobilenetv3,rotation_45,128,15,0.4518444836139679,0.07252946496009827,0.47562605142593384,1.3023236136018752
WRD25,mobilenetv3,rotation_45,129,15,0.07758773118257523,0.5522141456604004,0.37019819021224976,1.2899550297598674
WRD25,mobilenetv3,rotation_45,130,15,0.6583941578865051,0.0781743973493576,0.2634314000606537,1.191429933891925
WRD25,mobilenetv3,rotation_45,131,15,0.5473958253860474,0.3768719732761383,0.07573225349187851,1.2884029249786726
WRD25,mobilenetv3,rotation_45,132,15,0.09164362400770187,0.38569319248199463,0.5226632356643677,1.3353333496148798
WRD25,mobilenetv3,rotation_45,133,15,0.06412391364574432,0.5656528472900391,0.3702232539653778,1.2498227312541732
WRD25,mobilenetv3,rotation_45,134,15,0.3340022563934326,0.5777469873428345,0.08825080096721649,1.2947722403341266
WRD25,mobilenetv3,rotation_45,135,15,0.16528822481632233,0.7452855706214905,0.0894261971116066,1.0568314396547738
WRD25,mobilenetv3,rotation_45,136,15,0.2177623063325882,0.6964171528816223,0.08582055568695068,1.1464326074483826
WRD25,mobilenetv3,rotation_45,137,15,0.15306690335273743,0.7616954445838928,0.08523771911859512,1.0163930981088993
WRD25,mobilenetv3,rotation_45,138,15,0.16771075129508972,0.7442243099212646,0.0880649983882904,1.0578895454755473
WRD25,mobilenetv3,rotation_45,139,15,0.17401094734668732,0.7466706037521362,0.07931838184595108,1.0436789637199748
WRD25,mobilenetv3,rotation_45,140,15,0.6750683784484863,0.23477362096309662,0.09015801548957825,1.1864983934143827
WRD25,mobilenetv3,rotation_45,141,16,0.8859708309173584,0.07862844318151474,0.03540061041712761,0.6138577100959149
WRD25,mobilenetv3,rotation_45,142,16,0.8758999109268188,0.041290074586868286,0.08280998468399048,0.6549164535930049
WRD25,mobilenetv3,rotation_45,143,16,0.07793805748224258,0.8387941122055054,0.08326781541109085,0.7982653447788218
WRD25,mobilenetv3,rotation_45,144,16,0.08428893238306046,0.8630695939064026,0.05264141783118248,0.7077490092433523
WRD25,mobilenetv3,rotation_45,145,16,0.08133310824632645,0.8460826873779297,0.07258423417806625,0.7731156584601511
WRD25,mobilenetv3,rotation_45,146,16,0.032075632363557816,0.8652887344360352,0.10263565182685852,0.6768935538913876
WRD25,mobilenetv3,rotation_45,147,16,0.08612409979104996,0.8610560297966003,0.05281990021467209,0.7145956726035828
WRD25,mobilenetv3,rotation_45,148,17,0.1015964075922966,0.054128482937812805,0.844275176525116,0.7691029546250217
WRD25,mobilenetv3,rotation_45,149,17,0.10327818244695663,0.582831621170044,0.31389012932777405,1.3169345963656789
WRD25,mobilenetv3,rotation_45,150,17,0.043968964368104935,0.08875822275876999,0.8672727942466736,0.686477918999154
WRD25,mobilenetv3,rotation_45,151,17,0.4572908282279968,0.43507668375968933,0.10763239860534668,1.3847016760683166
WRD25,mobilenetv3,rotation_45,152,18,0.09822356700897217,0.8546698689460754,0.04710657149553299,0.7301086698998254
WRD25,mobilenetv3,rotation_45,153,18,0.09776847809553146,0.06280126422643661,0.8394302725791931,0.7907033769252465
WRD25,mobilenetv3,rotation_45,154,18,0.08616240322589874,0.8521921634674072,0.06164552643895149,0.7491881928795211
WRD25,mobilenetv3,rotation_45,155,18,0.08546916395425797,0.10635270923376083,0.8081781268119812,0.8954457339777044
WRD25,mobilenetv3,rotation_45,156,18,0.12030920386314392,0.11300293356180191,0.7666879296302795,1.016887593461587
WRD25,mobilenetv3,rotation_45,157,18,0.10298629850149155,0.7958547472953796,0.10115894675254822,0.9342749643567212
WRD25,mobilenetv3,rotation_45,158,18,0.5619924068450928,0.09221221506595612,0.3457953929901123,1.3140980597347314
WRD25,mobilenetv3,rotation_45,159,18,0.30685746669769287,0.585927426815033,0.10721506178379059,1.3202510151228535
WRD25,mobilenetv3,rotation_45,160,18,0.3072601854801178,0.5885018110275269,0.10423798859119415,1.3132636109539622
WRD25,mobilenetv3,rotation_45,161,18,0.08911705762147903,0.5042325854301453,0.4066503047943115,1.3368433330633733
WRD25,mobilenetv3,rotation_45,162,18,0.09545651078224182,0.4480033218860626,0.45654019713401794,1.3589107016192354
WRD25,mobilenetv3,rotation_45,163,18,0.5643621683120728,0.3308364450931549,0.10480133444070816,1.3347759638675196
WRD25,mobilenetv3,rotation_45,164,18,0.4895854890346527,0.08811787515878677,0.4222966730594635,1.3384532713114141
WRD25,mobilenetv3,rotation_45,165,18,0.31682419776916504,0.09570655971765518,0.587469220161438,1.3001944292815921
WRD25,mobilenetv3,rotation_45,166,18,0.10766710340976715,0.689789891242981,0.2025430053472519,1.1823552650648195
WRD25,mobilenetv3,rotation_45,167,18,0.10461480170488358,0.866499125957489,0.028886057436466217,0.6675533267342743
WRD25,mobilenetv3,rotation_45,168,18,0.732012152671814,0.09480525553226471,0.1731826364994049,1.089770973687677
WRD25,mobilenetv3,rotation_45,169,18,0.09585807472467422,0.43998199701309204,0.46415990591049194,1.35940226463218
WRD25,mobilenetv3,rotation_45,170,19,0.03425779566168785,0.0910545140504837,0.8746876120567322,0.6504889094829167
WRD25,mobilenetv3,rotation_45,171,19,0.0673937052488327,0.08405949175357819,0.8485468626022339,0.7635926258542054
WRD25,mobilenetv3,rotation_45,172,19,0.3521580696105957,0.09337961673736572,0.5544623732566833,1.3214322961006975
WRD25,mobilenetv3,rotation_45,173,19,0.5475993752479553,0.1052420362830162,0.3471587002277374,1.3474870159841736
WRD25,mobilenetv3,rotation_45,174,20,0.04815353825688362,0.8560013175010681,0.09584514051675797,0.7270027796808531
WRD25,mobilenetv3,rotation_45,175,20,0.04303655028343201,0.8665234446525574,0.0904400497674942,0.6879597774640266
WRD25,mobilenetv3,rotation_45,176,20,0.08662380278110504,0.06345275789499283,0.8499234318733215,0.7575174643614153
WRD25,mobilenetv3,rotation_45,177,20,0.03085404261946678,0.08812999725341797,0.881015956401825,0.624679416275254
WRD25,mobilenetv3,rotation_45,178,21,0.08851073682308197,0.014656508341431618,0.8968327641487122,0.5397856170207205
WRD25,mobilenetv3,rotation_45,179,21,0.13669238984584808,0.7701491117477417,0.09315835684537888,1.0016179838501578
WRD25,mobilenetv3,rotation_45,180,21,0.092464879155159,0.17833173274993896,0.7292033433914185,1.0934184224572132
WRD25,mobilenetv3,rotation_45,181,21,0.10313070565462112,0.22523421049118042,0.671635091304779,1.2080595864582264
WRD25,mobilenetv3,rotation_45,182,21,0.31107228994369507,0.5535122752189636,0.1354154795408249,1.3869865590379198
WRD25,mobilenetv3,rotation_45,183,21,0.7140653133392334,0.15641160309314728,0.12952308356761932,1.147519796088035
WRD25,mobilenetv3,rotation_45,184,21,0.5686421990394592,0.30304601788520813,0.12831181287765503,1.3651647065892014
WRD25,mobilenetv3,rotation_45,185,22,0.222233846783638,0.11176352947950363,0.666002631187439,1.2260961064536393
WRD25,mobilenetv3,rotation_45,186,22,0.10249906033277512,0.738479733467102,0.15902118384838104,1.0816700929675984
WRD25,mobilenetv3,rotation_45,187,22,0.08744616061449051,0.11925891786813736,0.7932949662208557,0.9382964061257096
WRD25,mobilenetv3,rotation_45,188,22,0.10724487155675888,0.6820845007896423,0.21067072451114655,1.1952973240542912
WRD25,mobilenetv3,rotation_45,189,22,0.6033859848976135,0.2899828255176544,0.10663127899169922,1.3020180455890593
WRD25,mobilenetv3,rotation_45,190,23,0.0983041450381279,0.8237881660461426,0.07790765166282654,0.846224319331282
WRD25,mobilenetv3,rotation_45,191,23,0.24909256398677826,0.09779386967420578,0.6531134843826294,1.2289033824650129
WRD25,mobilenetv3,rotation_45,192,23,0.5746026039123535,0.31237462162971497,0.11302269995212555,1.3391763547316555
WRD25,mobilenetv3,rotation_45,193,23,0.35032224655151367,0.5377161502838135,0.11196160316467285,1.3651025009629232
WRD25,mobilenetv3,rotation_45,194,24,0.631626307964325,0.09845210611820221,0.26992151141166687,1.257930884836971
WRD25,mobilenetv3,rotation_45,195,24,0.34837764501571655,0.09422440826892853,0.5573979616165161,1.3210816142649748
WRD25,mobilenetv3,rotation_45,196,24,0.7314867973327637,0.17059311270713806,0.0979200154542923,1.093469473649118
WRD25,mobilenetv3,rotation_45,197,24,0.5660909414291382,0.08811179548501968,0.34579721093177795,1.3032524063517434
WRD25,mobilenetv3,rotation_45,198,24,0.5590320825576782,0.09254979342222214,0.34841808676719666,1.3167893993200939
WRD25,mobilenetv3,rotation_45,199,24,0.5858159065246582,0.3147955536842346,0.09938865154981613,1.3079125952809512
WRD25,mobilenetv3,rotation_180,0,0,0.1813105195760727,0.4338777959346771,0.3848116993904114,1.4995025687674053
WRD25,mobilenetv3,rotation_180,1,0,0.6350011229515076,0.32517513632774353,0.03982378914952278,1.1282376103547886
WRD25,mobilenetv3,rotation_180,2,0,0.13382567465305328,0.5405118465423584,0.3256625235080719,1.3951655112343242
WRD25,mobilenetv3,rotation_180,3,0,0.7751830816268921,0.17338216304779053,0.051434725522994995,0.9432985367702881
WRD25,mobilenetv3,rotation_180,4,0,0.03443454951047897,0.8753799200057983,0.0901854857802391,0.6484715560369756
WRD25,mobilenetv3,rotation_180,5,0,0.8638610243797302,0.10183225572109222,0.034306738525629044,0.6849127606016414
WRD25,mobilenetv3,rotation_180,6,0,0.8524059653282166,0.09821732342243195,0.04937678948044777,0.7394997467538407
WRD25,mobilenetv3,rotation_180,7,0,0.6536602973937988,0.11743084341287613,0.22890879213809967,1.250746274156872
WRD25,mobilenetv3,rotation_180,8,0,0.09539738297462463,0.8304643630981445,0.07413824647665024,0.8242489742462151
WRD25,mobilenetv3,rotation_180,9,0,0.1351020336151123,0.7220771312713623,0.142820805311203,1.1303732720340296
WRD25,mobilenetv3,rotation_180,10,0,0.3353731036186218,0.4224562644958496,0.24217063188552856,1.5492263577588898
WRD25,mobilenetv3,rotation_180,11,0,0.19715727865695953,0.6782224774360657,0.12462030351161957,1.2161843401349075
WRD25,mobilenetv3,rotation_180,12,0,0.2186855524778366,0.5725840330123901,0.20873042941093445,1.411993348682124
WRD25,mobilenetv3,rotation_180,13,0,0.6055166721343994,0.10123077780008316,0.293252557516098,1.2917382506985136
WRD25,mobilenetv3,rotation_180,14,0,0.21217647194862366,0.5695227384567261,0.21830077469348907,1.416422830635859
WRD25,mobilenetv3,rotation_180,15,0,0.26957470178604126,0.6475707292556763,0.08285459876060486,1.213506400388283
WRD25,mobilenetv3,rotation_180,16,0,0.11921833455562592,0.5296074748039246,0.3511742055416107,1.3816349040538682
WRD25,mobilenetv3,rotation_180,17,0,0.1432335525751114,0.6152369976043701,0.2415294349193573,1.327782934310951
WRD25,mobilenetv3,rotation_180,18,1,0.20040100812911987,0.7327554821968079,0.06684350222349167,1.0543437613205002
WRD25,mobilenetv3,rotation_180,19,1,0.7082468867301941,0.09065695852041245,0.2010960876941681,1.1318070768484338
WRD25,mobilenetv3,rotation_180,20,1,0.9159544706344604,0.001117913518100977,0.08292751759290695,0.4248447512831337
WRD25,mobilenetv3,rotation_180,21,1,0.011069837026298046,0.687534749507904,0.30139535665512085,0.9650281925568214
WRD25,mobilenetv3,rotation_180,22,1,8.831442391965538e-05,0.690738320350647,0.3091733157634735,0.8934865127321421
WRD25,mobilenetv3,rotation_180,23,1,0.33951786160469055,0.654633104801178,0.005849041044712067,0.9726431274343108
WRD25,mobilenetv3,rotation_180,24,1,0.42597365379333496,0.5562253594398499,0.01780114509165287,1.0986121433297689
WRD25,mobilenetv3,rotation_180,25,2,0.5861338376998901,0.007116538938134909,0.40674957633018494,1.0303802723262054
WRD25,mobilenetv3,rotation_180,26,2,0.03710579499602318,0.3487870395183563,0.6141071319580078,1.1383311023821319
WRD25,mobilenetv3,rotation_180,27,2,0.05249898135662079,0.26503854990005493,0.6824624538421631,1.1071027035670336
WRD25,mobilenetv3,rotation_180,28,2,0.05796326324343681,0.44287464022636414,0.49916210770606995,1.2589154444942894
WRD25,mobilenetv3,rotation_180,29,2,0.5667023658752441,0.20053741335868835,0.23276017606258392,1.4186913988789316
WRD25,mobilenetv3,rotation_180,30,2,0.6544583439826965,0.01227688230574131,0.3332648277282715,1.0065278835252158
WRD25,mobilenetv3,rotation_180,31,2,0.860456109046936,0.05302705243229866,0.08651676028966904,0.71673201101992
WRD25,mobilenetv3,rotation_180,32,2,0.14090237021446228,0.7764841914176941,0.08261340856552124,0.9789584433379273
WRD25,mobilenetv3,rotation_180,33,2,0.04306841641664505,0.04549179598689079,0.9114397764205933,0.5201580225490228
WRD25,mobilenetv3,rotation_180,34,2,0.5822851657867432,0.02537652850151062,0.3923383057117462,1.1183949327873242
WRD25,mobilenetv3,rotation_180,35,2,0.21631476283073425,0.7612703442573547,0.02241489663720131,0.9001898347052589
WRD25,mobilenetv3,rotation_180,36,3,0.0001376490981783718,0.03571359068155289,0.9641488194465637,0.22423845131701203
WRD25,mobilenetv3,rotation_180,37,3,0.04742835834622383,0.9410185217857361,0.011553210206329823,0.36547846866504735
WRD25,mobilenetv3,rotation_180,38,3,0.05521225556731224,0.9320953488349915,0.012692436575889587,0.4052472565285986
WRD25,mobilenetv3,rotation_180,39,3,0.6886846423149109,0.2237471491098404,0.08756820857524872,1.1615440244818924
WRD25,mobilenetv3,rotation_180,40,3,0.3443809449672699,0.6166709065437317,0.03894803300499916,1.1420809939249756
WRD25,mobilenetv3,rotation_180,41,4,0.014060910791158676,0.2857065498828888,0.7002325654029846,0.9628746875143723
WRD25,mobilenetv3,rotation_180,42,4,0.032998375594615936,0.020710768178105354,0.946290910243988,0.35361215324380557
WRD25,mobilenetv3,rotation_180,43,4,0.47584643959999084,0.481353223323822,0.04280027747154236,1.2121641138636425
WRD25,mobilenetv3,rotation_180,44,4,0.4373800754547119,0.12170249223709106,0.440917432308197,1.4125221384526367
WRD25,mobilenetv3,rotation_180,45,4,0.4347514808177948,0.400331974029541,0.16491654515266418,1.4800026280978422
WRD25,mobilenetv3,rotation_180,46,5,0.0006971963448449969,0.03769863396883011,0.961604118347168,0.23991687598190226
WRD25,mobilenetv3,rotation_180,47,5,0.004049993120133877,0.38185274600982666,0.6140972375869751,0.9945419781328073
WRD25,mobilenetv3,rotation_180,48,5,0.002262971829622984,0.38693922758102417,0.6107977628707886,0.9843432331817789
WRD25,mobilenetv3,rotation_180,49,5,0.3656550943851471,0.6236446499824524,0.010700305923819542,1.0256036831573503
WRD25,mobilenetv3,rotation_180,50,6,0.025690633803606033,0.11896169930696487,0.8553476333618164,0.6939063899632686
WRD25,mobilenetv3,rotation_180,51,6,0.03377506881952286,0.052450910210609436,0.9137740135192871,0.5070304162286788
WRD25,mobilenetv3,rotation_180,52,6,0.005848942790180445,0.6298898458480835,0.36426129937171936,0.9941258250350049
WRD25,mobilenetv3,rotation_180,53,7,0.14811259508132935,0.7323547601699829,0.11953261494636536,1.1035049058548458
WRD25,mobilenetv3,rotation_180,54,7,0.3853076994419098,0.009341523982584476,0.6053507924079895,1.0315020113132176
WRD25,mobilenetv3,rotation_180,55,7,0.02280973643064499,0.2302391678094864,0.7469510436058044,0.926640992508208
WRD25,mobilenetv3,rotation_180,56,7,0.009766844101250172,0.31497371196746826,0.6752594709396362,0.9727126991510489
WRD25,mobilenetv3,rotation_180,57,7,0.4507483243942261,0.46625903248786926,0.08299251645803452,1.3294549702061385
WRD25,mobilenetv3,rotation_180,58,7,0.2840579152107239,0.6377987861633301,0.07814338058233261,1.216987548172325
WRD25,mobilenetv3,rotation_180,59,7,0.10208684951066971,0.6622110605239868,0.23570217192173004,1.2212888137548885
WRD25,mobilenetv3,rotation_180,60,7,0.14170698821544647,0.47208651900291443,0.38620638847351074,1.4407758999629654
WRD25,mobilenetv3,rotation_180,61,7,0.073492631316185,0.4077812433242798,0.5187262296676636,1.2957254330220749
WRD25,mobilenetv3,rotation_180,62,7,0.03412559628486633,0.21911002695560455,0.7467643618583679,0.9607979438737277
WRD25,mobilenetv3,rotation_180,63,7,0.12979476153850555,0.06952012330293655,0.8006850481033325,0.9065141177824837
WRD25,mobilenetv3,rotation_180,64,7,0.31778329610824585,0.05792028829455376,0.6242964863777161,1.187949345156893
WRD25,mobilenetv3,rotation_180,65,7,0.7670167088508606,0.1092570573091507,0.12372630834579468,1.0155105335895571
WRD25,mobilenetv3,rotation_180,66,7,0.664050817489624,0.22701247036457062,0.10893670469522476,1.2262537877072406
WRD25,mobilenetv3,rotation_180,67,7,0.48871564865112305,0.32683321833610535,0.1844511181116104,1.4819334819292609
WRD25,mobilenetv3,rotation_180,68,7,0.269878089427948,0.4052361845970154,0.32488563656806946,1.565020007576974
WRD25,mobilenetv3,rotation_180,69,8,0.6765563488006592,0.19778253138065338,0.12566104531288147,1.2198320514687278
WRD25,mobilenetv3,rotation_180,70,8,0.327512264251709,0.5392508506774902,0.13323691487312317,1.3953202793563046
WRD25,mobilenetv3,rotation_180,71,8,0.47561925649642944,0.22336113452911377,0.301019549369812,1.5143381905838944
WRD25,mobilenetv3,rotation_180,72,8,0.2082238793373108,0.6925578117370605,0.09921836107969284,1.169146393752189
WRD25,mobilenetv3,rotation_180,73,8,0.27786847949028015,0.592239499092102,0.12989193201065063,1.343434552524598
WRD25,mobilenetv3,rotation_180,74,8,0.09115241467952728,0.7073385119438171,0.20150905847549438,1.1340231540492165
WRD25,mobilenetv3,rotation_180,75,8,0.7281842827796936,0.0753016248345375,0.1965140700340271,1.075475098984896
WRD25,mobilenetv3,rotation_180,76,8,0.4694412648677826,0.07810601592063904,0.452452689409256,1.3171383553504916
WRD25,mobilenetv3,rotation_180,77,8,0.07562751322984695,0.38261479139328003,0.5417577028274536,1.291091674947194
WRD25,mobilenetv3,rotation_180,78,8,0.5019283890724182,0.11704041063785553,0.38103118538856506,1.3917744751286074
WRD25,mobilenetv3,rotation_180,79,8,0.4920538663864136,0.17523735761642456,0.3327088952064514,1.4719617743325835
WRD25,mobilenetv3,rotation_180,80,8,0.6553468704223633,0.29265448451042175,0.05199868604540825,1.1401364389019597
WRD25,mobilenetv3,rotation_180,81,8,0.46060678362846375,0.4164782464504242,0.12291502952575684,1.4131651089294954
WRD25,mobilenetv3,rotation_180,82,8,0.4327019453048706,0.2617538273334503,0.30554428696632385,1.5517495562172616
WRD25,mobilenetv3,rotation_180,83,8,0.5713530778884888,0.3469286262989044,0.081718310713768,1.2865183151781032
WRD25,mobilenetv3,rotation_180,84,8,0.1726001352071762,0.2944885790348053,0.5329113602638245,1.440749271701473
WRD25,mobilenetv3,rotation_180,85,8,0.35413047671318054,0.5449149012565613,0.100954569876194,1.3416319978348858
WRD25,mobilenetv3,rotation_180,86,9,0.5724948644638062,0.30246222019195557,0.12504291534423828,1.35753329783642
WRD25,mobilenetv3,rotation_180,87,9,0.021883366629481316,0.6061606407165527,0.3719560205936432,1.0891568796398352
WRD25,mobilenetv3,rotation_180,88,9,0.16958624124526978,0.4014163613319397,0.4289974272251129,1.486510225709028
WRD25,mobilenetv3,rotation_180,89,9,0.03788551315665245,0.46134042739868164,0.5007740259170532,1.1934601934350009
WRD25,mobilenetv3,rotation_180,90,9,0.4557131230831146,0.5015166401863098,0.042770303785800934,1.2105009474330377
WRD25,mobilenetv3,rotation_180,91,9,0.6169918179512024,0.3434508144855499,0.03955741226673126,1.1437186782422746
WRD25,mobilenetv3,rotation_180,92,9,0.4195946455001831,0.5333526730537415,0.04705268517136574,1.2168706469663502
WRD25,mobilenetv3,rotation_180,93,9,0.5456534624099731,0.3595280945301056,0.09481849521398544,1.3297285725904957
WRD25,mobilenetv3,rotation_180,94,9,0.5663564801216125,0.36793696880340576,0.06570646911859512,1.253356658433312
WRD25,mobilenetv3,rotation_180,95,9,0.2262537181377411,0.5136436223983765,0.2601027190685272,1.4841185135772452
WRD25,mobilenetv3,rotation_180,96,9,0.4086698591709137,0.5104503631591797,0.08087977021932602,1.3162448838364216
WRD25,mobilenetv3,rotation_180,97,10,0.9496214985847473,0.01805790141224861,0.03232061117887497,0.3354282254522649
WRD25,mobilenetv3,rotation_180,98,10,0.8554030060768127,0.07530305534601212,0.06929396092891693,0.7405693287963462
WRD25,mobilenetv3,rotation_180,99,10,0.2722185254096985,0.3917202949523926,0.3360612094402313,1.5693380231218033
WRD25,mobilenetv3,rotation_180,100,10,0.8065873980522156,0.1558670550584793,0.03754551708698273,0.8458815913866184
WRD25,mobilenetv3,rotation_180,101,10,0.5542917251586914,0.28037822246551514,0.1653299331665039,1.415520266162719
WRD25,mobilenetv3,rotation_180,102,10,0.7819666266441345,0.20649316906929016,0.0115402452647686,0.8216890969256858
WRD25,mobilenetv3,rotation_180,103,10,0.10109709948301315,0.8336175680160522,0.06528528779745102,0.8101403979252624
WRD25,mobilenetv3,rotation_180,104,10,0.7263616323471069,0.23075442016124725,0.04288390651345253,1.0180437690317177
WRD25,mobilenetv3,rotation_180,105,10,0.6979407072067261,0.2858670651912689,0.016192225739359856,0.974871238157967
WRD25,mobilenetv3,rotation_180,106,10,0.6227161288261414,0.3595985174179077,0.017685340717434883,1.0590892852657539
WRD25,mobilenetv3,rotation_180,107,11,0.02279665879905224,0.732219934463501,0.24498344957828522,0.9507311710014434
WRD25,mobilenetv3,rotation_180,108,11,0.03361348807811737,0.04670057073235512,0.919685959815979,0.4820537099670704
WRD25,mobilenetv3,rotation_180,109,11,0.02807675115764141,0.48676028847694397,0.48516297340393066,1.1565745618519427
WRD25,mobilenetv3,rotation_180,110,11,0.029614895582199097,0.7003791928291321,0.27000588178634644,1.02024390878509
WRD25,mobilenetv3,rotation_180,111,11,0.031939826905727386,0.5776296854019165,0.39043039083480835,1.1458109265023992
WRD25,mobilenetv3,rotation_180,112,11,0.044415999203920364,0.09034185111522675,0.8652421832084656,0.6935818584946736
WRD25,mobilenetv3,rotation_180,113,11,0.6649426817893982,0.3007224500179291,0.034334905445575714,1.0797627004974315
WRD25,mobilenetv3,rotation_180,114,12,0.4678361415863037,0.48232728242874146,0.049836572259664536,1.2357063209091654
WRD25,mobilenetv3,rotation_180,115,13,0.6664646863937378,0.3247743844985962,0.008760923519730568,0.9769697652815619
WRD25,mobilenetv3,rotation_180,116,13,0.7506290674209595,0.09776612371206284,0.15160484611988068,1.0511994626605525
WRD25,mobilenetv3,rotation_180,117,13,0.0891062468290329,0.5181259512901306,0.39276787638664246,1.3318890707128717
WRD25,mobilenetv3,rotation_180,118,13,0.3425047695636749,0.6091305017471313,0.04836471006274223,1.176430230198426
WRD25,mobilenetv3,rotation_180,119,13,0.7478497624397278,0.24401457607746124,0.008135837502777576,0.8665184337035641
WRD25,mobilenetv3,rotation_180,120,13,0.3765900433063507,0.23253989219665527,0.39087000489234924,1.5496811393735295
WRD25,mobilenetv3,rotation_180,121,14,0.14805588126182556,0.7341861724853516,0.11775800585746765,1.0987108097532192
WRD25,mobilenetv3,rotation_180,122,14,0.2690199315547943,0.5381240248680115,0.19285601377487183,1.4485768423709473
WRD25,mobilenetv3,rotation_180,123,14,0.07091647386550903,0.5888128876686096,0.34027066826820374,1.2498677193927075
WRD25,mobilenetv3,rotation_180,124,14,0.3097691535949707,0.4586699604988098,0.2315608561038971,1.5282164917164724
WRD25,mobilenetv3,rotation_180,125,14,0.2890506982803345,0.5812129974365234,0.1297363042831421,1.354832865743186
WRD25,mobilenetv3,rotation_180,126,15,0.269174724817276,0.3564052879810333,0.3744199573993683,1.570782850650226
WRD25,mobilenetv3,rotation_180,127,15,0.7490843534469604,0.01972804218530655,0.231187641620636,0.9124182166615469
WRD25,mobilenetv3,rotation_180,128,15,0.3799395263195038,0.5662338733673096,0.053826697170734406,1.2219759285475351
WRD25,mobilenetv3,rotation_180,129,15,0.28893575072288513,0.5631572604179382,0.1479070484638214,1.391864570932818
WRD25,mobilenetv3,rotation_180,130,15,0.07186118513345718,0.28550875186920166,0.6426301002502441,1.1992462432420423
WRD25,mobilenetv3,rotation_180,131,15,0.2098153829574585,0.31447935104370117,0.47570517659187317,1.5074175693396126
WRD25,mobilenetv3,rotation_180,132,15,0.28411293029785156,0.6617905497550964,0.054096587002277374,1.1375839936053087
WRD25,mobilenetv3,rotation_180,133,15,0.026659831404685974,0.5449237823486328,0.4284164011478424,1.140610243857545
WRD25,mobilenetv3,rotation_180,134,15,0.7346331477165222,0.03548037260770798,0.22988645732402802,0.9853350883309748
WRD25,mobilenetv3,rotation_180,135,15,0.3377915918827057,0.5445882678031921,0.1176203042268753,1.3695736052079701
WRD25,mobilenetv3,rotation_180,136,15,0.6020641922950745,0.3542444109916687,0.04369152709841728,1.1684191236547965
WRD25,mobilenetv3,rotation_180,137,15,0.11541517823934555,0.47940513491630554,0.40517958998680115,1.3961235450036673
WRD25,mobilenetv3,rotation_180,138,15,0.6613767147064209,0.3132210671901703,0.02540222741663456,1.0536518953284877
WRD25,mobilenetv3,rotation_180,139,15,0.5527780055999756,0.40113115310668945,0.04609089717268944,1.2059982487088932
WRD25,mobilenetv3,rotation_180,140,15,0.07111578434705734,0.6912370324134827,0.23764720559120178,1.1321361685331335
WRD25,mobilenetv3,rotation_180,141,16,0.018060142174363136,0.6872121691703796,0.2947276830673218,0.9959584208490775
WRD25,mobilenetv3,rotation_180,142,16,0.0019445137586444616,0.9341064691543579,0.06394898891448975,0.3630555042522518
WRD25,mobilenetv3,rotation_180,143,16,0.020833631977438927,0.7936013340950012,0.18556492030620575,0.8319549410678839
WRD25,mobilenetv3,rotation_180,144,16,0.3951171338558197,0.02073310688138008,0.5841497182846069,1.0983162420255033
WRD25,mobilenetv3,rotation_180,145,16,0.6033016443252563,0.39197373390197754,0.0047246417962014675,1.0059603970323183
WRD25,mobilenetv3,rotation_180,146,16,0.37182918190956116,0.537695050239563,0.0904759094119072,1.3256383559824612
WRD25,mobilenetv3,rotation_180,147,16,0.05263521522283554,0.3424108326435089,0.6049540042877197,1.1916746348446747
WRD25,mobilenetv3,rotation_180,148,17,0.009654674679040909,0.47057846188545227,0.5197667479515076,1.067077361684624
WRD25,mobilenetv3,rotation_180,149,17,0.3062170147895813,0.008319571614265442,0.6854634284973145,0.9537827286786993
WRD25,mobilenetv3,rotation_180,150,17,0.3820246160030365,0.6115074753761292,0.006467985454946756,1.0112886917135668
WRD25,mobilenetv3,rotation_180,151,17,0.34490275382995605,0.43039557337760925,0.2247016429901123,1.5371442155098667
WRD25,mobilenetv3,rotation_180,152,18,0.08104615658521652,0.24849103391170502,0.6704628467559814,1.1796572308198547
WRD25,mobilenetv3,rotation_180,153,18,0.02213452383875847,0.19593681395053864,0.7819285988807678,0.8599385613835849
WRD25,mobilenetv3,rotation_180,154,18,0.0257987380027771,0.4888785779476166,0.48532265424728394,1.147055798207397
WRD25,mobilenetv3,rotation_180,155,18,0.018391909077763557,0.42572709918022156,0.5558809638023376,1.1014365588090789
WRD25,mobilenetv3,rotation_180,156,18,0.09026069194078445,0.4743728041648865,0.4353664815425873,1.3458719001002644
WRD25,mobilenetv3,rotation_180,157,18,0.15036211907863617,0.6806380152702332,0.16899989545345306,1.222263269014067
WRD25,mobilenetv3,rotation_180,158,18,0.24070964753627777,0.454327255487442,0.3049631118774414,1.5341751001877482
WRD25,mobilenetv3,rotation_180,159,18,0.4967380464076996,0.3203830420970917,0.18287882208824158,1.4757826951338155
WRD25,mobilenetv3,rotation_180,160,18,0.5036827921867371,0.17393270134925842,0.3223845362663269,1.4637525833391098
WRD25,mobilenetv3,rotation_180,161,18,0.2083224207162857,0.28612956404685974,0.5055479407310486,1.4854943845286877
WRD25,mobilenetv3,rotation_180,162,18,0.19602039456367493,0.39019230008125305,0.41378727555274963,1.5173771600943307
WRD25,mobilenetv3,rotation_180,163,18,0.6669115424156189,0.2686308026313782,0.06445762515068054,1.1541328495390637
WRD25,mobilenetv3,rotation_180,164,18,0.19497619569301605,0.46515312790870667,0.3398706018924713,1.502668206151409
WRD25,mobilenetv3,rotation_180,165,18,0.34496310353279114,0.01971522904932499,0.6353216767311096,1.0571443058378218
WRD25,mobilenetv3,rotation_180,166,18,0.4063584804534912,0.07657428085803986,0.5170671939849854,1.303820282216031
WRD25,mobilenetv3,rotation_180,167,18,0.7378543615341187,0.07061731815338135,0.19152827560901642,1.0503203326048542
WRD25,mobilenetv3,rotation_180,168,18,0.21665476262569427,0.6053057312965393,0.17803946137428284,1.3597268374147262
WRD25,mobilenetv3,rotation_180,169,18,0.4993468225002289,0.3672807216644287,0.1333724707365036,1.4186683944445453
WRD25,mobilenetv3,rotation_180,170,19,0.49960651993751526,0.49463731050491333,0.005756061524152756,1.0453354626365676
WRD25,mobilenetv3,rotation_180,171,19,0.005649575497955084,0.46655917167663574,0.5277913212776184,1.041945284381684
WRD25,mobilenetv3,rotation_180,172,19,0.48198261857032776,0.5079625248908997,0.010054944083094597,1.070610332084486
WRD25,mobilenetv3,rotation_180,173,19,0.46665722131729126,0.48172345757484436,0.05161932110786438,1.2414443148639749
WRD25,mobilenetv3,rotation_180,174,20,0.5050345063209534,0.34246042370796204,0.1525050699710846,1.4409325418919445
WRD25,mobilenetv3,rotation_180,175,20,0.45331525802612305,0.15574365854263306,0.3909410536289215,1.4649582629804496
WRD25,mobilenetv3,rotation_180,176,20,0.0983915701508522,0.46648260951042175,0.43512579798698425,1.3646977668537694
WRD25,mobilenetv3,rotation_180,177,20,0.4078032374382019,0.3919120728969574,0.20028480887413025,1.5219847167871738
WRD25,mobilenetv3,rotation_180,178,21,0.3563663065433502,0.006052358075976372,0.6375812888145447,0.9890641885608733
WRD25,mobilenetv3,rotation_180,179,21,0.7823246121406555,0.21499474346637726,0.0026807289104908705,0.7767486994854664
WRD25,mobilenetv3,rotation_180,180,21,0.0033819698728621006,0.5299792289733887,0.4666387736797333,1.026342026932544
WRD25,mobilenetv3,rotation_180,181,21,0.34541773796081543,0.6454283595085144,0.009153962135314941,0.9994112944132663
WRD25,mobilenetv3,rotation_180,182,21,0.24967558681964874,0.20623324811458588,0.5440912246704102,1.447301664581448
WRD25,mobilenetv3,rotation_180,183,21,0.3492020070552826,0.430785596370697,0.22001251578330994,1.5340110582157354
WRD25,mobilenetv3,rotation_180,184,21,0.4675304889678955,0.16651105880737305,0.36595842242240906,1.474198896735883
WRD25,mobilenetv3,rotation_180,185,22,0.03062836080789566,0.584973931312561,0.3843976557254791,1.136750262302173
WRD25,mobilenetv3,rotation_180,186,22,0.49069470167160034,0.43632185459136963,0.07298337668180466,1.301674493651731
WRD25,mobilenetv3,rotation_180,187,22,0.5836318135261536,0.39836207032203674,0.01800616644322872,1.0867223233201102
WRD25,mobilenetv3,rotation_180,188,22,0.19052711129188538,0.730690062046051,0.07878276705741882,1.0753039551737236
WRD25,mobilenetv3,rotation_180,189,22,0.02435917779803276,0.37870123982429504,0.5969396829605103,1.1053886492672211
WRD25,mobilenetv3,rotation_180,190,23,0.9233677387237549,0.07407255470752716,0.002559721004217863,0.40638330963709174
WRD25,mobilenetv3,rotation_180,191,23,0.010274176485836506,0.7989227771759033,0.19080302119255066,0.7825974231257271
WRD25,mobilenetv3,rotation_180,192,23,0.35849180817604065,0.4003716707229614,0.2411365509033203,1.5541206036979414
WRD25,mobilenetv3,rotation_180,193,23,0.24123170971870422,0.5114691853523254,0.24729909002780914,1.4880968642923769
WRD25,mobilenetv3,rotation_180,194,24,0.6641135215759277,0.1973510980606079,0.13853542506694794,1.2492468126618281
WRD25,mobilenetv3,rotation_180,195,24,0.06764927506446838,0.3485832214355469,0.5837674736976624,1.246180389367704
WRD25,mobilenetv3,rotation_180,196,24,0.6291323304176331,0.3105262517929077,0.060341473668813705,1.1889650834955623
WRD25,mobilenetv3,rotation_180,197,24,0.11206530779600143,0.6729522943496704,0.21498245000839233,1.2151656790254357
WRD25,mobilenetv3,rotation_180,198,24,0.04980884864926338,0.6179110407829285,0.33228006958961487,1.1728711839393962
WRD25,mobilenetv3,rotation_180,199,24,0.5652147531509399,0.027022048830986023,0.40776312351226807,1.133747623731505
WRD25,mobilenetv3,red_channel_shift_-45,0,0,0.853199303150177,0.004429113585501909,0.1423715502023697,0.630438316237452
WRD25,mobilenetv3,red_channel_shift_-45,1,0,0.27818524837493896,0.24916048347949982,0.4726542830467224,1.5240340470545002
WRD25,mobilenetv3,red_channel_shift_-45,2,0,0.37775009870529175,0.15096856653690338,0.4712812900543213,1.4538427016491557
WRD25,mobilenetv3,red_channel_shift_-45,3,0,0.3886846601963043,0.10160106420516968,0.5097143054008484,1.3606520967302767
WRD25,mobilenetv3,red_channel_shift_-45,4,0,0.274471640586853,0.36497074365615845,0.36055758595466614,1.5733172299909741
WRD25,mobilenetv3,red_channel_shift_-45,5,0,0.4409986734390259,0.10983739048242569,0.4491640329360962,1.389533842302146
WRD25,mobilenetv3,red_channel_shift_-45,6,0,0.4747987687587738,0.22403459250926971,0.3011665940284729,1.5151670475621564
WRD25,mobilenetv3,red_channel_shift_-45,7,0,0.36012154817581177,0.25338655710220337,0.3864918351173401,1.5625431517633799
WRD25,mobilenetv3,red_channel_shift_-45,8,0,0.3960924744606018,0.20388104021549225,0.40002650022506714,1.52572752714525
WRD25,mobilenetv3,red_channel_shift_-45,9,0,0.41949760913848877,0.17539969086647034,0.40510261058807373,1.4943282113978298
WRD25,mobilenetv3,red_channel_shift_-45,10,0,0.41941893100738525,0.34285154938697815,0.23772959411144257,1.5479574425330966
WRD25,mobilenetv3,red_channel_shift_-45,11,0,0.4326750636100769,0.11418428272008896,0.45314064621925354,1.3978840339203056
WRD25,mobilenetv3,red_channel_shift_-45,12,0,0.4318874776363373,0.13893632590770721,0.4291762709617615,1.4425038514152568
WRD25,mobilenetv3,red_channel_shift_-45,13,0,0.47534123063087463,0.06680002063512802,0.4578586518764496,1.286830583622275
WRD25,mobilenetv3,red_channel_shift_-45,14,0,0.43740537762641907,0.12399701029062271,0.4385976493358612,1.4167438559081265
WRD25,mobilenetv3,red_channel_shift_-45,15,0,0.45499399304389954,0.05646038427948952,0.48854562640190125,1.2559094972787441
WRD25,mobilenetv3,red_channel_shift_-45,16,0,0.43811121582984924,0.07376889884471893,0.48812001943588257,1.3041160361364508
WRD25,mobilenetv3,red_channel_shift_-45,17,0,0.4676695168018341,0.07894860208034515,0.45338186621665955,1.319355165411125
WRD25,mobilenetv3,red_channel_shift_-45,18,1,0.6652891039848328,0.1661265641450882,0.16858434677124023,1.2543651380960794
WRD25,mobilenetv3,red_channel_shift_-45,19,1,0.16282527148723602,0.4655996561050415,0.37157511711120605,1.4705670132805708
WRD25,mobilenetv3,red_channel_shift_-45,20,1,0.1642715036869049,0.7501732110977173,0.0855552926659584,1.0426308591086655
WRD25,mobilenetv3,red_channel_shift_-45,21,1,0.03531281650066376,0.6314392685890198,0.33324795961380005,1.1174694929391384
WRD25,mobilenetv3,red_channel_shift_-45,22,1,0.04574983939528465,0.5599936842918396,0.39425647258758545,1.2014405076354417
WRD25,mobilenetv3,red_channel_shift_-45,23,1,0.023409539833664894,0.5864193439483643,0.3901711106300354,1.108126626019529
WRD25,mobilenetv3,red_channel_shift_-45,24,1,0.020279645919799805,0.5533447265625,0.4263756275177002,1.1108250452276551
WRD25,mobilenetv3,red_channel_shift_-45,25,2,0.4326031506061554,0.028389500454068184,0.539007306098938,1.149437847867226
WRD25,mobilenetv3,red_channel_shift_-45,26,2,0.031995631754398346,0.5965651869773865,0.371439129114151,1.1341919637058915
WRD25,mobilenetv3,red_channel_shift_-45,27,2,0.05084887519478798,0.6724048256874084,0.27674639225006104,1.116459562211923
WRD25,mobilenetv3,red_channel_shift_-45,28,2,0.4220569133758545,0.5000808835029602,0.0778622031211853,1.311971298517915
WRD25,mobilenetv3,red_channel_shift_-45,29,2,0.239646315574646,0.7146600484848022,0.04569369554519653,1.0437131453814672
WRD25,mobilenetv3,red_channel_shift_-45,30,2,0.34944742918014526,0.6218462586402893,0.02870628982782364,1.103302783899215
WRD25,mobilenetv3,red_channel_shift_-45,31,2,0.055111657828092575,0.8101621270179749,0.1347261518239975,0.866123975249262
WRD25,mobilenetv3,red_channel_shift_-45,32,2,0.042380139231681824,0.7765859961509705,0.18103396892547607,0.9229278267752723
WRD25,mobilenetv3,red_channel_shift_-45,33,2,0.04099098965525627,0.8909245729446411,0.06808439642190933,0.6012904334553235
WRD25,mobilenetv3,red_channel_shift_-45,34,2,0.4030300974845886,0.5626458525657654,0.034324001520872116,1.1621904370886444
WRD25,mobilenetv3,red_channel_shift_-45,35,2,0.4961041808128357,0.4848170280456543,0.019078785553574562,1.117064003012248
WRD25,mobilenetv3,red_channel_shift_-45,36,3,0.0042398106306791306,0.025779854506254196,0.9699804782867432,0.21212587418154702
WRD25,mobilenetv3,red_channel_shift_-45,37,3,0.04227319359779358,0.9491032361984253,0.00862362701445818,0.323603468452278
WRD25,mobilenetv3,red_channel_shift_-45,38,3,0.003721154760569334,0.03534490242600441,0.9609341025352478,0.25572034101456925
WRD25,mobilenetv3,red_channel_shift_-45,39,3,0.6542181968688965,0.05324988067150116,0.2925320565700531,1.1445450196497484
WRD25,mobilenetv3,red_channel_shift_-45,40,3,0.030077319592237473,0.7109047770500183,0.2590177655220032,1.0067983363762116
WRD25,mobilenetv3,red_channel_shift_-45,41,4,0.7100949287414551,0.004507238045334816,0.2853977382183075,0.9021261095245394
WRD25,mobilenetv3,red_channel_shift_-45,42,4,0.030740167945623398,0.9006794095039368,0.06858047097921371,0.5554919922315309
WRD25,mobilenetv3,red_channel_shift_-45,43,4,0.02351992577314377,0.5639784932136536,0.4125014841556549,1.120233275797836
WRD25,mobilenetv3,red_channel_shift_-45,44,4,0.4578239619731903,0.42453792691230774,0.11763814091682434,1.40398930972766
WRD25,mobilenetv3,red_channel_shift_-45,45,4,0.5686795711517334,0.3467239439487457,0.08459656685590744,1.29436493699572
WRD25,mobilenetv3,red_channel_shift_-45,46,5,0.005555839743465185,0.03875207528471947,0.955691933631897,0.2858394917416999
WRD25,mobilenetv3,red_channel_shift_-45,47,5,0.018737001344561577,0.017372267320752144,0.9638908505439758,0.2602317022766619
WRD25,mobilenetv3,red_channel_shift_-45,48,5,0.009579949080944061,0.5205132365226746,0.4699067175388336,1.0665494193619987
WRD25,mobilenetv3,red_channel_shift_-45,49,5,0.030056023970246315,0.037668369710445404,0.932275652885437,0.4244794275888365
WRD25,mobilenetv3,red_channel_shift_-45,50,6,0.9224918484687805,0.04076649248600006,0.036741744726896286,0.47069525405550694
WRD25,mobilenetv3,red_channel_shift_-45,51,6,0.03823612257838249,0.9165063500404358,0.0452575720846653,0.4974386051766001
WRD25,mobilenetv3,red_channel_shift_-45,52,6,0.027966074645519257,0.030411791056394577,0.9416220784187317,0.3792756595748695
WRD25,mobilenetv3,red_channel_shift_-45,53,7,0.21179458498954773,0.5929377675056458,0.1952676624059677,1.381510206442575
WRD25,mobilenetv3,red_channel_shift_-45,54,7,0.0071702804416418076,0.5252548456192017,0.46757492423057556,1.0517977915211891
WRD25,mobilenetv3,red_channel_shift_-45,55,7,0.023229457437992096,0.7333230376243591,0.24344749748706818,0.9504572910703388
WRD25,mobilenetv3,red_channel_shift_-45,56,7,0.6615263223648071,0.024228230118751526,0.31424543261528015,1.049193617826419
WRD25,mobilenetv3,red_channel_shift_-45,57,7,0.4879782795906067,0.4330296516418457,0.07899223268032074,1.317259794792872
WRD25,mobilenetv3,red_channel_shift_-45,58,7,0.2038220912218094,0.6382858753204346,0.15789198875427246,1.3015925281299343
WRD25,mobilenetv3,red_channel_shift_-45,59,7,0.30393946170806885,0.5546744465827942,0.14138616621494293,1.392876530291282
WRD25,mobilenetv3,red_channel_shift_-45,60,7,0.24142418801784515,0.572391927242279,0.1861838698387146,1.4072715456865212
WRD25,mobilenetv3,red_channel_shift_-45,61,7,0.46747878193855286,0.44119951128959656,0.09132172912359238,1.3489962192261293
WRD25,mobilenetv3,red_channel_shift_-45,62,7,0.290628045797348,0.6213635206222534,0.08800838887691498,1.2532548809411446
WRD25,mobilenetv3,red_channel_shift_-45,63,7,0.13434964418411255,0.7296010255813599,0.136049285531044,1.1124277455963127
WRD25,mobilenetv3,red_channel_shift_-45,64,7,0.2598154842853546,0.664309561252594,0.07587504386901855,1.1794592393776138
WRD25,mobilenetv3,red_channel_shift_-45,65,7,0.6699740886688232,0.012502864003181458,0.3175230324268341,0.9916862132342907
WRD25,mobilenetv3,red_channel_shift_-45,66,7,0.7456291317939758,0.05397676303982735,0.20039404928684235,1.007807060314435
WRD25,mobilenetv3,red_channel_shift_-45,67,7,0.49071627855300903,0.25467604398727417,0.25460758805274963,1.5090349744845497
WRD25,mobilenetv3,red_channel_shift_-45,68,7,0.30974525213241577,0.3929681181907654,0.29728659987449646,1.5735357072395435
WRD25,mobilenetv3,red_channel_shift_-45,69,8,0.15697404742240906,0.6616695523262024,0.18135643005371094,1.2602739551809063
WRD25,mobilenetv3,red_channel_shift_-45,70,8,0.23569899797439575,0.5074993968009949,0.25680166482925415,1.4916859044164532
WRD25,mobilenetv3,red_channel_shift_-45,71,8,0.3469432294368744,0.4778161942958832,0.17524053156375885,1.479269411190164
WRD25,mobilenetv3,red_channel_shift_-45,72,8,0.16919617354869843,0.7349858283996582,0.09581796079874039,1.0843839930978618
WRD25,mobilenetv3,red_channel_shift_-45,73,8,0.2991349995136261,0.6039094924926758,0.09695549309253693,1.2866392284934938
WRD25,mobilenetv3,red_channel_shift_-45,74,8,0.268104612827301,0.5880533456802368,0.14384198188781738,1.361993570588948
WRD25,mobilenetv3,red_channel_shift_-45,75,8,0.21823492646217346,0.6803681254386902,0.10139711946249008,1.1920793692447162
WRD25,mobilenetv3,red_channel_shift_-45,76,8,0.47698774933815,0.43588265776634216,0.08712959289550781,1.3383503133441403
WRD25,mobilenetv3,red_channel_shift_-45,77,8,0.42381682991981506,0.44889479875564575,0.12728828191757202,1.422145947863578
WRD25,mobilenetv3,red_channel_shift_-45,78,8,0.43553513288497925,0.3392820358276367,0.22518283128738403,1.5356884468688605
WRD25,mobilenetv3,red_channel_shift_-45,79,8,0.26872915029525757,0.4163680672645569,0.31490275263786316,1.5607176390549788
WRD25,mobilenetv3,red_channel_shift_-45,80,8,0.1523287445306778,0.6792385578155518,0.16843266785144806,1.2253855202013106
WRD25,mobilenetv3,red_channel_shift_-45,81,8,0.4083315432071686,0.43673428893089294,0.1549341082572937,1.4664285611346848
WRD25,mobilenetv3,red_channel_shift_-45,82,8,0.48858436942100525,0.24603508412837982,0.26538053154945374,1.5105115794690103
WRD25,mobilenetv3,red_channel_shift_-45,83,8,0.6515277028083801,0.25522035360336304,0.09325196593999863,1.2247170996669459
WRD25,mobilenetv3,red_channel_shift_-45,84,8,0.39870762825012207,0.423556923866272,0.1777353733778,1.4968205979712992
WRD25,mobilenetv3,red_channel_shift_-45,85,8,0.5091238021850586,0.35564178228378296,0.13523440062999725,1.4166319331510668
WRD25,mobilenetv3,red_channel_shift_-45,86,9,0.5568214654922485,0.11357812583446503,0.32960042357444763,1.3545497419461978
WRD25,mobilenetv3,red_channel_shift_-45,87,9,0.029274849221110344,0.5526933073997498,0.4180317521095276,1.1479485191427252
WRD25,mobilenetv3,red_channel_shift_-45,88,9,0.641241192817688,0.2095148265361786,0.14924396574497223,1.293068186155514
WRD25,mobilenetv3,red_channel_shift_-45,89,9,0.0993204265832901,0.4406021237373352,0.4600774943828583,1.367213457390207
WRD25,mobilenetv3,red_channel_shift_-45,90,9,0.02080327831208706,0.5080384612083435,0.47115814685821533,1.1241217790725195
WRD25,mobilenetv3,red_channel_shift_-45,91,9,0.03649877384305,0.48646196722984314,0.4770394265651703,1.1894369148316555
WRD25,mobilenetv3,red_channel_shift_-45,92,9,0.017366262152791023,0.5236179828643799,0.459015816450119,1.105953632273751
WRD25,mobilenetv3,red_channel_shift_-45,93,9,0.6237715482711792,0.05941275879740715,0.3168155550956726,1.1920960467059265
WRD25,mobilenetv3,red_channel_shift_-45,94,9,0.05158952251076698,0.5639403462409973,0.3844701945781708,1.2168751551197146
WRD25,mobilenetv3,red_channel_shift_-45,95,9,0.3749019205570221,0.47492143511772156,0.15017659962177277,1.4515942469004666
WRD25,mobilenetv3,red_channel_shift_-45,96,9,0.05786904692649841,0.5705347061157227,0.37159621715545654,1.230526784521004
WRD25,mobilenetv3,red_channel_shift_-45,97,10,0.9124465584754944,0.02077426016330719,0.06677933037281036,0.4974600840072624
WRD25,mobilenetv3,red_channel_shift_-45,98,10,0.8844670057296753,0.02970951981842518,0.08582331985235214,0.611398755098516
WRD25,mobilenetv3,red_channel_shift_-45,99,10,0.6653432846069336,0.3037424683570862,0.030914217233657837,1.0683185454211506
WRD25,mobilenetv3,red_channel_shift_-45,100,10,0.8330486416816711,0.13571494817733765,0.03123645670711994,0.7667750142849508
WRD25,mobilenetv3,red_channel_shift_-45,101,10,0.7472584247589111,0.23272788524627686,0.020013606175780296,0.9165153618069715
WRD25,mobilenetv3,red_channel_shift_-45,102,10,0.8078456521034241,0.17209531366825104,0.020059095695614815,0.7987211779142624
WRD25,mobilenetv3,red_channel_shift_-45,103,10,0.8993462920188904,0.024567916989326477,0.07608579099178314,0.5517650437697219
WRD25,mobilenetv3,red_channel_shift_-45,104,10,0.40653952956199646,0.5408033132553101,0.05265716090798378,1.231149075394955
WRD25,mobilenetv3,red_channel_shift_-45,105,10,0.38140878081321716,0.5398842692375183,0.07870696485042572,1.2991375683130653
WRD25,mobilenetv3,red_channel_shift_-45,106,10,0.439866304397583,0.4907764494419098,0.0693572461605072,1.2921532244848224
WRD25,mobilenetv3,red_channel_shift_-45,107,11,0.2934627830982208,0.023199068382382393,0.6833381652832031,1.0204055713588367
WRD25,mobilenetv3,red_channel_shift_-45,108,11,0.03460273519158363,0.7462232708930969,0.2191740721464157,0.9630301949279358
WRD25,mobilenetv3,red_channel_shift_-45,109,11,0.02522934600710869,0.6974086761474609,0.27736207842826843,1.009699317817268
WRD25,mobilenetv3,red_channel_shift_-45,110,11,0.029205556958913803,0.24521377682685852,0.7255805730819702,0.9819377596549479
WRD25,mobilenetv3,red_channel_shift_-45,111,11,0.029591862112283707,0.625981867313385,0.3444262444972992,1.10296554904924
WRD25,mobilenetv3,red_channel_shift_-45,112,11,0.04278482869267464,0.8623086214065552,0.09490664303302765,0.7012589604608722
WRD25,mobilenetv3,red_channel_shift_-45,113,11,0.4224953055381775,0.5269128084182739,0.050591953098773956,1.2300135199522932
WRD25,mobilenetv3,red_channel_shift_-45,114,12,0.46875134110450745,0.4569907486438751,0.07425779104232788,1.3072501248899844
WRD25,mobilenetv3,red_channel_shift_-45,115,13,0.6054789423942566,0.1427837312221527,0.25173741579055786,1.3401868087300786
WRD25,mobilenetv3,red_channel_shift_-45,116,13,0.7768216133117676,0.18282169103622437,0.04035676270723343,0.9181106303905902
WRD25,mobilenetv3,red_channel_shift_-45,117,13,0.5682002305984497,0.1229374036192894,0.30886226892471313,1.358657363591239
WRD25,mobilenetv3,red_channel_shift_-45,118,13,0.048608846962451935,0.43714141845703125,0.5142497420310974,1.2273359493625369
WRD25,mobilenetv3,red_channel_shift_-45,119,13,0.012839146889746189,0.40220585465431213,0.5849549770355225,1.0616910133603268
WRD25,mobilenetv3,red_channel_shift_-45,120,13,0.44353237748146057,0.236700177192688,0.31976738572120667,1.5382694326024295
WRD25,mobilenetv3,red_channel_shift_-45,121,14,0.2663406729698181,0.0253982525318861,0.7082610726356506,0.9954049973591379
WRD25,mobilenetv3,red_channel_shift_-45,122,14,0.4265916049480438,0.33239492774009705,0.24101336300373077,1.5472532875954732
WRD25,mobilenetv3,red_channel_shift_-45,123,14,0.42319509387016296,0.48287084698677063,0.0939340889453888,1.352695399668836
WRD25,mobilenetv3,red_channel_shift_-45,124,14,0.5217260718345642,0.18401972949504852,0.29425424337387085,1.4584182509640642
WRD25,mobilenetv3,red_channel_shift_-45,125,14,0.6918990612030029,0.07357468456029892,0.23452630639076233,1.1353055608022085
WRD25,mobilenetv3,red_channel_shift_-45,126,15,0.38229504227638245,0.2179461568593979,0.39975887537002563,1.5381719686838986
WRD25,mobilenetv3,red_channel_shift_-45,127,15,0.35352885723114014,0.33326056599617004,0.3132106065750122,1.58320271024931
WRD25,mobilenetv3,red_channel_shift_-45,128,15,0.38710060715675354,0.2726181745529175,0.3402811884880066,1.5704029675850526
WRD25,mobilenetv3,red_channel_shift_-45,129,15,0.37296396493911743,0.3140932321548462,0.3129428029060364,1.5799552597397337
WRD25,mobilenetv3,red_channel_shift_-45,130,15,0.364918977022171,0.33700352907180786,0.29807746410369873,1.5800495830437395
WRD25,mobilenetv3,red_channel_shift_-45,131,15,0.24914878606796265,0.3780408799648285,0.3728102743625641,1.560751130955584
WRD25,mobilenetv3,red_channel_shift_-45,132,15,0.42256027460098267,0.3175337016582489,0.25990599393844604,1.5559109352684148
WRD25,mobilenetv3,red_channel_shift_-45,133,15,0.4594677984714508,0.2751985490322113,0.2653335928916931,1.5356568064453389
WRD25,mobilenetv3,red_channel_shift_-45,134,15,0.34607994556427,0.3355357348918915,0.3183843791484833,1.584113822532236
WRD25,mobilenetv3,red_channel_shift_-45,135,15,0.5249554514884949,0.07766194641590118,0.39738261699676514,1.3034556939087163
WRD25,mobilenetv3,red_channel_shift_-45,136,15,0.4858197271823883,0.23351067304611206,0.28066959977149963,1.5104755943724242
WRD25,mobilenetv3,red_channel_shift_-45,137,15,0.4386937916278839,0.23131680488586426,0.3299895226955414,1.5378567073556768
WRD25,mobilenetv3,red_channel_shift_-45,138,15,0.5581365823745728,0.11576305329799652,0.3261004090309143,1.356853902129075
WRD25,mobilenetv3,red_channel_shift_-45,139,15,0.4906582832336426,0.17245499789714813,0.3368867337703705,1.4701035224605716
WRD25,mobilenetv3,red_channel_shift_-45,140,15,0.44342297315597534,0.40720728039741516,0.14936980605125427,1.4577786020347037
WRD25,mobilenetv3,red_channel_shift_-45,141,16,0.04797569662332535,0.26802727580070496,0.6839969754219055,1.0941267972564617
WRD25,mobilenetv3,red_channel_shift_-45,142,16,0.05706927552819252,0.08593118190765381,0.8569995760917664,0.730812546325605
WRD25,mobilenetv3,red_channel_shift_-45,143,16,0.05764811858534813,0.1651155799627304,0.7772364020347595,0.948941609833016
WRD25,mobilenetv3,red_channel_shift_-45,144,16,0.04823913425207138,0.615693986415863,0.3360668420791626,1.1704848634137521
WRD25,mobilenetv3,red_channel_shift_-45,145,16,0.02764163352549076,0.6257513761520386,0.34660711884498596,1.0961538531475603
WRD25,mobilenetv3,red_channel_shift_-45,146,16,0.07660389691591263,0.5312358140945435,0.39216020703315735,1.298326954914642
WRD25,mobilenetv3,red_channel_shift_-45,147,16,0.10317327082157135,0.22405655682086945,0.6727702021598816,1.2063125109740431
WRD25,mobilenetv3,red_channel_shift_-45,148,17,0.03173372521996498,0.5646751523017883,0.4035910367965698,1.1518583181209183
WRD25,mobilenetv3,red_channel_shift_-45,149,17,0.6877024173736572,0.3087520897388458,0.0035455666948109865,0.9238009859960037
WRD25,mobilenetv3,red_channel_shift_-45,150,17,0.009123989380896091,0.5898957252502441,0.4009801745414734,1.03966313286457
WRD25,mobilenetv3,red_channel_shift_-45,151,17,0.26996374130249023,0.3371136486530304,0.3929227292537689,1.568368259815527
WRD25,mobilenetv3,red_channel_shift_-45,152,18,0.07593367248773575,0.6929824352264404,0.23108386993408203,1.1374680425072632
WRD25,mobilenetv3,red_channel_shift_-45,153,18,0.028506329283118248,0.18720819056034088,0.7842854857444763,0.8737769541174327
WRD25,mobilenetv3,red_channel_shift_-45,154,18,0.015663154423236847,0.4462330639362335,0.5381038188934326,1.0944856754248553
WRD25,mobilenetv3,red_channel_shift_-45,155,18,0.024414990097284317,0.34637781977653503,0.629207193851471,1.0811396212347026
WRD25,mobilenetv3,red_channel_shift_-45,156,18,0.3347415030002594,0.4099745452404022,0.2552839517593384,1.5587703544743188
WRD25,mobilenetv3,red_channel_shift_-45,157,18,0.26950803399086,0.568176805973053,0.16231517493724823,1.3989734600555968
WRD25,mobilenetv3,red_channel_shift_-45,158,18,0.5307816863059998,0.15473420917987823,0.3144841194152832,1.4264542868037415
WRD25,mobilenetv3,red_channel_shift_-45,159,18,0.5600649118423462,0.053525250405073166,0.38640978932380676,1.224548126330884
WRD25,mobilenetv3,red_channel_shift_-45,160,18,0.6273133754730225,0.11688847094774246,0.2557980418205261,1.2871345991688212
WRD25,mobilenetv3,red_channel_shift_-45,161,18,0.07107791304588318,0.4570871591567993,0.47183486819267273,1.298686594369319
WRD25,mobilenetv3,red_channel_shift_-45,162,18,0.4578169584274292,0.16200758516788483,0.38017547130584717,1.4718866371905113
WRD25,mobilenetv3,red_channel_shift_-45,163,18,0.15950709581375122,0.529284656047821,0.3112082779407501,1.4323354658319563
WRD25,mobilenetv3,red_channel_shift_-45,164,18,0.3634589910507202,0.16698819398880005,0.46955281496047974,1.4740066717216789
WRD25,mobilenetv3,red_channel_shift_-45,165,18,0.07666273415088654,0.564367949962616,0.35896918177604675,1.2804100347953606
WRD25,mobilenetv3,red_channel_shift_-45,166,18,0.1337217390537262,0.4179675579071045,0.4483107328414917,1.433068857988291
WRD25,mobilenetv3,red_channel_shift_-45,167,18,0.13337233662605286,0.046823859214782715,0.8198038339614868,0.8294416084193695
WRD25,mobilenetv3,red_channel_shift_-45,168,18,0.2947123944759369,0.5316282510757446,0.17365942895412445,1.442656654824424
WRD25,mobilenetv3,red_channel_shift_-45,169,18,0.49375200271606445,0.3737563490867615,0.13249167799949646,1.4197291071994487
WRD25,mobilenetv3,red_channel_shift_-45,170,19,0.0510852113366127,0.03404166176915169,0.9148731231689453,0.5026399687800838
WRD25,mobilenetv3,red_channel_shift_-45,171,19,0.005640729796141386,0.5007861852645874,0.4935731887817383,1.0445720826839224
WRD25,mobilenetv3,red_channel_shift_-45,172,19,0.013517861254513264,0.5383012294769287,0.44818079471588135,1.0838370088773654
WRD25,mobilenetv3,red_channel_shift_-45,173,19,0.6775054335594177,0.24991032481193542,0.07258416712284088,1.1551748849555206
WRD25,mobilenetv3,red_channel_shift_-45,174,20,0.4237616956233978,0.14291037619113922,0.43332791328430176,1.44882297447556
WRD25,mobilenetv3,red_channel_shift_-45,175,20,0.06706978380680084,0.47165486216545105,0.46127545833587646,1.2877391604865793
WRD25,mobilenetv3,red_channel_shift_-45,176,20,0.10420279949903488,0.5374808311462402,0.3583163619041443,1.351951661074236
WRD25,mobilenetv3,red_channel_shift_-45,177,20,0.09515559673309326,0.4996577501296997,0.4051865041255951,1.3511648646476955
WRD25,mobilenetv3,red_channel_shift_-45,178,21,0.017355840653181076,0.7736697196960449,0.2089744508266449,0.8599150122363902
WRD25,mobilenetv3,red_channel_shift_-45,179,21,0.0039173210971057415,0.761552631855011,0.2345300167798996,0.8212740876928144
WRD25,mobilenetv3,red_channel_shift_-45,180,21,0.1353113204240799,0.7295292615890503,0.13515934348106384,1.1126098501508446
WRD25,mobilenetv3,red_channel_shift_-45,181,21,0.07974030077457428,0.6437276601791382,0.27653205394744873,1.2128343242814834
WRD25,mobilenetv3,red_channel_shift_-45,182,21,0.4642047882080078,0.14612741768360138,0.3896677494049072,1.4492368344014988
WRD25,mobilenetv3,red_channel_shift_-45,183,21,0.580487847328186,0.05169493332505226,0.3678171634674072,1.2071602414405087
WRD25,mobilenetv3,red_channel_shift_-45,184,21,0.4884937107563019,0.10548482835292816,0.40602147579193115,1.3751672091671667
WRD25,mobilenetv3,red_channel_shift_-45,185,22,0.04879698529839516,0.6024729013442993,0.3487301468849182,1.1830444285815818
WRD25,mobilenetv3,red_channel_shift_-45,186,22,0.5598423480987549,0.37295767664909363,0.06719993054866791,1.2609941179294832
WRD25,mobilenetv3,red_channel_shift_-45,187,22,0.07166612893342972,0.773909330368042,0.15442447364330292,0.9748565968533495
WRD25,mobilenetv3,red_channel_shift_-45,188,22,0.08739179372787476,0.7375974655151367,0.17501071095466614,1.071237554300517
WRD25,mobilenetv3,red_channel_shift_-45,189,22,0.09385831654071808,0.6257725358009338,0.28036922216415405,1.257942285710522
WRD25,mobilenetv3,red_channel_shift_-45,190,23,0.09920705854892731,0.2537081837654114,0.6470847129821777,1.2390772911499566
WRD25,mobilenetv3,red_channel_shift_-45,191,23,0.051496416330337524,0.3405868113040924,0.6079167127609253,1.1861299388888131
WRD25,mobilenetv3,red_channel_shift_-45,192,23,0.10467527061700821,0.5513923168182373,0.3439324200153351,1.3439743280911522
WRD25,mobilenetv3,red_channel_shift_-45,193,23,0.22740498185157776,0.5105060935020447,0.26208892464637756,1.4874011357834083
WRD25,mobilenetv3,red_channel_shift_-45,194,24,0.47926467657089233,0.06347814202308655,0.4572572112083435,1.2772486072173876
WRD25,mobilenetv3,red_channel_shift_-45,195,24,0.41957756876945496,0.49258852005004883,0.08783390372991562,1.3371441512791802
WRD25,mobilenetv3,red_channel_shift_-45,196,24,0.5846399068832397,0.38715121150016785,0.02820884808897972,1.1279662267283896
WRD25,mobilenetv3,red_channel_shift_-45,197,24,0.32707831263542175,0.44511058926582336,0.2278110831975937,1.5332993792029228
WRD25,mobilenetv3,red_channel_shift_-45,198,24,0.08510154485702515,0.33120474219322205,0.5836937427520752,1.2838807219054384
WRD25,mobilenetv3,red_channel_shift_-45,199,24,0.14739598333835602,0.4621056616306305,0.3904983103275299,1.451545887423718
WRD25,mobilenetv3,red_channel_shift_45,0,0,0.8212791085243225,0.010942882858216763,0.16777807474136353,0.7366606083528129
WRD25,mobilenetv3,red_channel_shift_45,1,0,0.22043275833129883,0.20871056616306305,0.5708566308021545,1.4143768815821898
WRD25,mobilenetv3,red_channel_shift_45,2,0,0.3747157156467438,0.13385924696922302,0.49142494797706604,1.4226901640601384
WRD25,mobilenetv3,red_channel_shift_45,3,0,0.3437800407409668,0.1272154450416565,0.5290045142173767,1.3939642561242749
WRD25,mobilenetv3,red_channel_shift_45,4,0,0.2264285534620285,0.387401282787323,0.3861702084541321,1.5453033519374095
WRD25,mobilenetv3,red_channel_shift_45,5,0,0.4338531494140625,0.0814434140920639,0.4847034811973572,1.3237697706595073
WRD25,mobilenetv3,red_channel_shift_45,6,0,0.41995200514793396,0.25472357869148254,0.3253244459629059,1.5552654431230402
WRD25,mobilenetv3,red_channel_shift_45,7,0,0.33089014887809753,0.2584936022758484,0.4106162488460541,1.5597756601850015
WRD25,mobilenetv3,red_channel_shift_45,8,0,0.35834288597106934,0.22111962735652924,0.4205375015735626,1.5375007561108731
WRD25,mobilenetv3,red_channel_shift_45,9,0,0.35273826122283936,0.24401743710041046,0.4032443165779114,1.5552043010141339
WRD25,mobilenetv3,red_channel_shift_45,10,0,0.39566031098365784,0.33136096596717834,0.2729787528514862,1.5686202993456053
WRD25,mobilenetv3,red_channel_shift_45,11,0,0.413800448179245,0.11903011798858643,0.4671694338321686,1.405202805839325
WRD25,mobilenetv3,red_channel_shift_45,12,0,0.3957613408565521,0.1589212566614151,0.4453173577785492,1.4706939286827136
WRD25,mobilenetv3,red_channel_shift_45,13,0,0.4037380814552307,0.11873877793550491,0.4775230884552002,1.402524317032873
WRD25,mobilenetv3,red_channel_shift_45,14,0,0.44332894682884216,0.12288651615381241,0.43378448486328125,1.4146401161100817
WRD25,mobilenetv3,red_channel_shift_45,15,0,0.4585007429122925,0.03316592425107956,0.5083332657814026,1.1750089081530306
WRD25,mobilenetv3,red_channel_shift_45,16,0,0.42979806661605835,0.09075560420751572,0.47944629192352295,1.3462747789648404
WRD25,mobilenetv3,red_channel_shift_45,17,0,0.46525874733924866,0.07422851771116257,0.46051278710365295,1.3072630269162242
WRD25,mobilenetv3,red_channel_shift_45,18,1,0.8212992548942566,0.1457294225692749,0.03297114372253418,0.8004998680657837
WRD25,mobilenetv3,red_channel_shift_45,19,1,0.17849871516227722,0.43886181712150574,0.38263949751853943,1.4955052828825308
WRD25,mobilenetv3,red_channel_shift_45,20,1,0.229305237531662,0.6839051842689514,0.08678950369358063,1.1681144440436515
WRD25,mobilenetv3,red_channel_shift_45,21,1,0.03570197895169258,0.6269798278808594,0.33731815218925476,1.1227799396593143
WRD25,mobilenetv3,red_channel_shift_45,22,1,0.048073865473270416,0.5920523405075073,0.3598737418651581,1.1888196046776316
WRD25,mobilenetv3,red_channel_shift_45,23,1,0.03055441565811634,0.5767987966537476,0.39264678955078125,1.141222952887454
WRD25,mobilenetv3,red_channel_shift_45,24,1,0.01931079290807247,0.5823643803596497,0.3983248174190521,1.0931804925859852
WRD25,mobilenetv3,red_channel_shift_45,25,2,0.05168739706277847,0.009493221528828144,0.9388193488121033,0.37020618765461233
WRD25,mobilenetv3,red_channel_shift_45,26,2,0.03554699197411537,0.6362496018409729,0.328203409910202,1.1137096054047615
WRD25,mobilenetv3,red_channel_shift_45,27,2,0.06750442832708359,0.6803178191184998,0.25217771530151367,1.1417819014307562
WRD25,mobilenetv3,red_channel_shift_45,28,2,0.40746185183525085,0.5389143228530884,0.053623951971530914,1.2347585674457766
WRD25,mobilenetv3,red_channel_shift_45,29,2,0.25530365109443665,0.6936567425727844,0.05103972554206848,1.0879966739848301
WRD25,mobilenetv3,red_channel_shift_45,30,2,0.32663631439208984,0.6412994861602783,0.03206424415111542,1.0974296885050778
WRD25,mobilenetv3,red_channel_shift_45,31,2,0.059770409017801285,0.7763479948043823,0.1638815999031067,0.9540857633267987
WRD25,mobilenetv3,red_channel_shift_45,32,2,0.05119527876377106,0.7075507640838623,0.24125385284423828,1.067554442198809
WRD25,mobilenetv3,red_channel_shift_45,33,2,0.049644023180007935,0.8566846251487732,0.09367139637470245,0.7262554291438431
WRD25,mobilenetv3,red_channel_shift_45,34,2,0.4896145761013031,0.46509048342704773,0.045294880867004395,1.220313920289608
WRD25,mobilenetv3,red_channel_shift_45,35,2,0.03153363615274429,0.9553777575492859,0.013088710606098175,0.30205223886946586
WRD25,mobilenetv3,red_channel_shift_45,36,3,0.0034572312142699957,0.03242134675383568,0.964121401309967,0.2394744260123309
WRD25,mobilenetv3,red_channel_shift_45,37,3,0.04464785009622574,0.9441015720367432,0.011250616051256657,0.3514395534888102
WRD25,mobilenetv3,red_channel_shift_45,38,3,0.003710661781951785,0.03562264144420624,0.9606667757034302,0.25695802475763724
WRD25,mobilenetv3,red_channel_shift_45,39,3,0.8255791068077087,0.05668273940682411,0.11773809045553207,0.8263912455581565
WRD25,mobilenetv3,red_channel_shift_45,40,3,0.8565644025802612,0.02640470117330551,0.1170310229063034,0.6919846028253582
WRD25,mobilenetv3,red_channel_shift_45,41,4,0.6413699388504028,0.026323512196540833,0.33230656385421753,1.0772767073819243
WRD25,mobilenetv3,red_channel_shift_45,42,4,0.03317832201719284,0.895721971988678,0.07109981775283813,0.5765107540605174
WRD25,mobilenetv3,red_channel_shift_45,43,4,0.026594238355755806,0.4910982549190521,0.4823075532913208,1.1503619066037127
WRD25,mobilenetv3,red_channel_shift_45,44,4,0.4248204529285431,0.44300585985183716,0.13217368721961975,1.4309209401490235
WRD25,mobilenetv3,red_channel_shift_45,45,4,0.513832688331604,0.3971198499202728,0.08904750645160675,1.333418643141504
WRD25,mobilenetv3,red_channel_shift_45,46,5,0.007778427097946405,0.0409400649368763,0.9512814879417419,0.31179109060652266
WRD25,mobilenetv3,red_channel_shift_45,47,5,0.017434148117899895,0.568985104560852,0.41358068585395813,1.0915420229413826
WRD25,mobilenetv3,red_channel_shift_45,48,5,0.009440257214009762,0.4533044099807739,0.5372553467750549,1.0624803843412107
WRD25,mobilenetv3,red_channel_shift_45,49,5,0.03336438909173012,0.041249435395002365,0.9253862500190735,0.4569218943440323
WRD25,mobilenetv3,red_channel_shift_45,50,6,0.14542323350906372,0.800225555896759,0.05435114726424217,0.8901679204204483
WRD25,mobilenetv3,red_channel_shift_45,51,6,0.03968723863363266,0.9246438145637512,0.03566879406571388,0.4608021016114615
WRD25,mobilenetv3,red_channel_shift_45,52,6,0.021841995418071747,0.027384759858250618,0.9507731795310974,0.3318787706206856
WRD25,mobilenetv3,red_channel_shift_45,53,7,0.7170679569244385,0.20823976397514343,0.07469236850738525,1.0950167498405519
WRD25,mobilenetv3,red_channel_shift_45,54,7,0.017290597781538963,0.47591328620910645,0.5067960619926453,1.10795423731881
WRD25,mobilenetv3,red_channel_shift_45,55,7,0.020096100866794586,0.7773135304450989,0.2025902271270752,0.8624195776321465
WRD25,mobilenetv3,red_channel_shift_45,56,7,0.6749411821365356,0.30576130747795105,0.019297480583190918,1.0154173576407484
WRD25,mobilenetv3,red_channel_shift_45,57,7,0.41968807578086853,0.06390586495399475,0.5164059400558472,1.271631346049171
WRD25,mobilenetv3,red_channel_shift_45,58,7,0.2970711588859558,0.5383860468864441,0.16454283893108368,1.429521908511666
WRD25,mobilenetv3,red_channel_shift_45,59,7,0.04627545177936554,0.8081012964248657,0.14562325179576874,0.8583582087605082
WRD25,mobilenetv3,red_channel_shift_45,60,7,0.5058627724647522,0.32929375767707825,0.16484351456165314,1.4537959774383324
WRD25,mobilenetv3,red_channel_shift_45,61,7,0.4756019115447998,0.4376828670501709,0.0867152065038681,1.3375583071996608
WRD25,mobilenetv3,red_channel_shift_45,62,7,0.2724786102771759,0.6333726048469543,0.09414888918399811,1.2493691352784637
WRD25,mobilenetv3,red_channel_shift_45,63,7,0.14899295568466187,0.7157246470451355,0.13528235256671906,1.1450091700961313
WRD25,mobilenetv3,red_channel_shift_45,64,7,0.3013654947280884,0.6228992342948914,0.07573521137237549,1.2288371607355284
WRD25,mobilenetv3,red_channel_shift_45,65,7,0.5970466732978821,0.015734300017356873,0.38721901178359985,1.0685176436820978
WRD25,mobilenetv3,red_channel_shift_45,66,7,0.7232796549797058,0.05097680911421776,0.22574353218078613,1.0416639909561052
WRD25,mobilenetv3,red_channel_shift_45,67,7,0.38405221700668335,0.31212326884269714,0.30382460355758667,1.5767209089491647
WRD25,mobilenetv3,red_channel_shift_45,68,7,0.3219529390335083,0.41828465461730957,0.25976237654685974,1.5575565230217463
WRD25,mobilenetv3,red_channel_shift_45,69,8,0.18066637217998505,0.6660416126251221,0.15329213440418243,1.2512577617008458
WRD25,mobilenetv3,red_channel_shift_45,70,8,0.2940630316734314,0.5125629901885986,0.193373903632164,1.471869502843106
WRD25,mobilenetv3,red_channel_shift_45,71,8,0.32181042432785034,0.523130476474762,0.15505914390087128,1.432361827199568
WRD25,mobilenetv3,red_channel_shift_45,72,8,0.1445242315530777,0.7519736886024475,0.1035020500421524,1.0512443507424334
WRD25,mobilenetv3,red_channel_shift_45,73,8,0.27294284105300903,0.623491644859314,0.10356539487838745,1.2750598104331274
WRD25,mobilenetv3,red_channel_shift_45,74,8,0.23927432298660278,0.620991051197052,0.1397346407175064,1.317267383384158
WRD25,mobilenetv3,red_channel_shift_45,75,8,0.20122107863426208,0.6842179894447327,0.11456096917390823,1.1981402139479789
WRD25,mobilenetv3,red_channel_shift_45,76,8,0.4523046910762787,0.45590364933013916,0.09179167449474335,1.3506201216465894
WRD25,mobilenetv3,red_channel_shift_45,77,8,0.4036065638065338,0.4530385434627533,0.14335490763187408,1.4475443756206525
WRD25,mobilenetv3,red_channel_shift_45,78,8,0.36682388186454773,0.4566137492656708,0.1765623688697815,1.4888596526303426
WRD25,mobilenetv3,red_channel_shift_45,79,8,0.5049649477005005,0.3484012484550476,0.1466337889432907,1.4338801616994483
WRD25,mobilenetv3,red_channel_shift_45,80,8,0.17369849979877472,0.6897424459457397,0.13655903935432434,1.2005134065117677
WRD25,mobilenetv3,red_channel_shift_45,81,8,0.8585526347160339,0.0327129140496254,0.10873451083898544,0.6983774975298658
WRD25,mobilenetv3,red_channel_shift_45,82,8,0.480575293302536,0.2921484708786011,0.22727620601654053,1.5124760153063868
WRD25,mobilenetv3,red_channel_shift_45,83,8,0.8186019659042358,0.13059808313846588,0.0507998950779438,0.838314374363401
WRD25,mobilenetv3,red_channel_shift_45,84,8,0.39172130823135376,0.42561349272727966,0.18266521394252777,1.5021936692729019
WRD25,mobilenetv3,red_channel_shift_45,85,8,0.5532546043395996,0.3505576252937317,0.09618774056434631,1.3275334192630528
WRD25,mobilenetv3,red_channel_shift_45,86,9,0.5563488602638245,0.14478768408298492,0.29886338114738464,1.3950553902241303
WRD25,mobilenetv3,red_channel_shift_45,87,9,0.04104958474636078,0.5143853425979614,0.4445651173591614,1.2023641353517178
WRD25,mobilenetv3,red_channel_shift_45,88,9,0.6407757997512817,0.2357850819826126,0.12343917042016983,1.2754862947432861
WRD25,mobilenetv3,red_channel_shift_45,89,9,0.42325782775878906,0.12133150547742844,0.4554106295108795,1.4109957721133832
WRD25,mobilenetv3,red_channel_shift_45,90,9,0.027148179709911346,0.4722670912742615,0.5005847811698914,1.1521391612559502
WRD25,mobilenetv3,red_channel_shift_45,91,9,0.04169902950525284,0.4590822458267212,0.49921876192092896,1.2071166672898173
WRD25,mobilenetv3,red_channel_shift_45,92,9,0.021090704947710037,0.47598594427108765,0.502923309803009,1.1258960394440982
WRD25,mobilenetv3,red_channel_shift_45,93,9,0.6197785139083862,0.04786790534853935,0.33235350251197815,1.1658262614931392
WRD25,mobilenetv3,red_channel_shift_45,94,9,0.0588081032037735,0.5478531718254089,0.3933385908603668,1.2455060031948464
WRD25,mobilenetv3,red_channel_shift_45,95,9,0.56565922498703,0.05590302497148514,0.37843775749206543,1.2280988912077908
WRD25,mobilenetv3,red_channel_shift_45,96,9,0.06560321897268295,0.5469375252723694,0.3874591886997223,1.2639632201888151
WRD25,mobilenetv3,red_channel_shift_45,97,10,0.8929888010025024,0.036257192492485046,0.07075406610965729,0.5896789900204498
WRD25,mobilenetv3,red_channel_shift_45,98,10,0.8700875043869019,0.029461881145834923,0.10045059025287628,0.6575373294272653
WRD25,mobilenetv3,red_channel_shift_45,99,10,0.7447217106819153,0.220062717795372,0.03521556034684181,0.9673036050126624
WRD25,mobilenetv3,red_channel_shift_45,100,10,0.8231371641159058,0.14046710729599,0.03639574348926544,0.8028679187327252
WRD25,mobilenetv3,red_channel_shift_45,101,10,0.8061835765838623,0.14960095286369324,0.0442153662443161,0.859543842246578
WRD25,mobilenetv3,red_channel_shift_45,102,10,0.9137377142906189,0.06751827150583267,0.018744079396128654,0.4890139492854175
WRD25,mobilenetv3,red_channel_shift_45,103,10,0.8004472851753235,0.028721099719405174,0.17083165049552917,0.8396533160390444
WRD25,mobilenetv3,red_channel_shift_45,104,10,0.2637556493282318,0.6770238876342773,0.05922052636742592,1.1295927187203045
WRD25,mobilenetv3,red_channel_shift_45,105,10,0.4400463402271271,0.4601972997188568,0.0997563824057579,1.3681410848096136
WRD25,mobilenetv3,red_channel_shift_45,106,10,0.47897931933403015,0.45632609724998474,0.06469454616308212,1.2807149092413224
WRD25,mobilenetv3,red_channel_shift_45,107,11,0.18095314502716064,0.020813552662730217,0.7982332706451416,0.8220780638139004
WRD25,mobilenetv3,red_channel_shift_45,108,11,0.03435205668210983,0.7437688112258911,0.22187919914722443,0.9666697971010896
WRD25,mobilenetv3,red_channel_shift_45,109,11,0.02912847325205803,0.7110844254493713,0.25978705286979675,1.0035658371025287
WRD25,mobilenetv3,red_channel_shift_45,110,11,0.03219832479953766,0.6504318118095398,0.31736987829208374,1.0887048307321106
WRD25,mobilenetv3,red_channel_shift_45,111,11,0.03372613340616226,0.5745694041252136,0.39170435070991516,1.153906247847133
WRD25,mobilenetv3,red_channel_shift_45,112,11,0.05294313654303551,0.8656384944915771,0.08141841739416122,0.6992547430985478
WRD25,mobilenetv3,red_channel_shift_45,113,11,0.8041335344314575,0.023774433881044388,0.1720919907093048,0.8180424438507132
WRD25,mobilenetv3,red_channel_shift_45,114,12,0.2386474609375,0.7032873034477234,0.05806509405374527,1.088860598875878
WRD25,mobilenetv3,red_channel_shift_45,115,13,0.6354474425315857,0.1453828513622284,0.21916966140270233,1.3001019676623982
WRD25,mobilenetv3,red_channel_shift_45,116,13,0.7767028212547302,0.1734657883644104,0.04983140155673027,0.9371656179596286
WRD25,mobilenetv3,red_channel_shift_45,117,13,0.583536684513092,0.21339569985866547,0.20306751132011414,1.3960483643242094
WRD25,mobilenetv3,red_channel_shift_45,118,13,0.03553354740142822,0.4495651125907898,0.514901340007782,1.1826960065943741
WRD25,mobilenetv3,red_channel_shift_45,119,13,0.008841955102980137,0.4361376166343689,0.5550203323364258,1.0538617808696493
WRD25,mobilenetv3,red_channel_shift_45,120,13,0.4644606113433838,0.3112349808216095,0.22430439293384552,1.5216679014824952
WRD25,mobilenetv3,red_channel_shift_45,121,14,0.2905368208885193,0.0857708528637886,0.6236922740936279,1.246797946589738
WRD25,mobilenetv3,red_channel_shift_45,122,14,0.4428286850452423,0.3515975773334503,0.20557385683059692,1.5197886468230155
WRD25,mobilenetv3,red_channel_shift_45,123,14,0.44051092863082886,0.48258233070373535,0.07690677046775818,1.3128946856546693
WRD25,mobilenetv3,red_channel_shift_45,124,14,0.5338351726531982,0.24071790277957916,0.2254469245672226,1.4624981279332934
WRD25,mobilenetv3,red_channel_shift_45,125,14,0.696094274520874,0.07840938866138458,0.2254962921142578,1.1363467158025928
WRD25,mobilenetv3,red_channel_shift_45,126,15,0.3289478123188019,0.3151112198829651,0.3559410274028778,1.583106803715344
WRD25,mobilenetv3,red_channel_shift_45,127,15,0.34601154923439026,0.30756673216819763,0.3464216887950897,1.5827777670290128
WRD25,mobilenetv3,red_channel_shift_45,128,15,0.36553531885147095,0.2917194664478302,0.34274518489837646,1.5786835211741195
WRD25,mobilenetv3,red_channel_shift_45,129,15,0.4185609221458435,0.14611533284187317,0.43532368540763855,1.453680220857465
WRD25,mobilenetv3,red_channel_shift_45,130,15,0.27808550000190735,0.3964160084724426,0.3254983723163605,1.5697100727674589
WRD25,mobilenetv3,red_channel_shift_45,131,15,0.28873732686042786,0.2871374785900116,0.4241252541542053,1.5591960815538508
WRD25,mobilenetv3,red_channel_shift_45,132,15,0.4175306260585785,0.32597967982292175,0.256489634513855,1.5567608105981041
WRD25,mobilenetv3,red_channel_shift_45,133,15,0.41978076100349426,0.31462332606315613,0.2655958831310272,1.558578980706577
WRD25,mobilenetv3,red_channel_shift_45,134,15,0.3381185531616211,0.282586932182312,0.3792945444583893,1.5746591535317762
WRD25,mobilenetv3,red_channel_shift_45,135,15,0.5284155011177063,0.12213367223739624,0.34945082664489746,1.3868261589330657
WRD25,mobilenetv3,red_channel_shift_45,136,15,0.45857948064804077,0.30522677302360535,0.2361937314271927,1.5300979023644172
WRD25,mobilenetv3,red_channel_shift_45,137,15,0.4499504566192627,0.2654851973056793,0.284564346075058,1.5423321751506625
WRD25,mobilenetv3,red_channel_shift_45,138,15,0.5020619630813599,0.22495488822460175,0.27298304438591003,1.4945788633928943
WRD25,mobilenetv3,red_channel_shift_45,139,15,0.47749683260917664,0.14927361905574799,0.3732295632362366,1.449504410339412
WRD25,mobilenetv3,red_channel_shift_45,140,15,0.4251968562602997,0.42416608333587646,0.15063713490962982,1.4607943870076308
WRD25,mobilenetv3,red_channel_shift_45,141,16,0.038490280508995056,0.25983336567878723,0.7016763687133789,1.044726988807768
WRD25,mobilenetv3,red_channel_shift_45,142,16,0.05268889293074608,0.08413337916135788,0.8631775975227356,0.7074183238883328
WRD25,mobilenetv3,red_channel_shift_45,143,16,0.05203771963715553,0.29527369141578674,0.6526885628700256,1.1433007965988202
WRD25,mobilenetv3,red_channel_shift_45,144,16,0.06536025553941727,0.6655102968215942,0.2691293954849243,1.1578179163548836
WRD25,mobilenetv3,red_channel_shift_45,145,16,0.02946111187338829,0.6929565072059631,0.27758240699768066,1.0297514054259267
WRD25,mobilenetv3,red_channel_shift_45,146,16,0.10992668569087982,0.5531318783760071,0.33694133162498474,1.3515081395139217
WRD25,mobilenetv3,red_channel_shift_45,147,16,0.12556631863117218,0.2148216962814331,0.6596119999885559,1.2484959469529644
WRD25,mobilenetv3,red_channel_shift_45,148,17,0.027652127668261528,0.5249614119529724,0.44738635420799255,1.150355845339746
WRD25,mobilenetv3,red_channel_shift_45,149,17,0.6844446659088135,0.30538198351860046,0.010173376649618149,0.964329632099314
WRD25,mobilenetv3,red_channel_shift_45,150,17,0.010496268048882484,0.6094042062759399,0.3800995945930481,1.0348872587712776
WRD25,mobilenetv3,red_channel_shift_45,151,17,0.244022399187088,0.35709771513938904,0.39887988567352295,1.5559766158465762
WRD25,mobilenetv3,red_channel_shift_45,152,18,0.08383453637361526,0.6951048374176025,0.22106070816516876,1.1458946985838667
WRD25,mobilenetv3,red_channel_shift_45,153,18,0.028203481808304787,0.20465263724327087,0.7671438455581665,0.906969487002022
WRD25,mobilenetv3,red_channel_shift_45,154,18,0.43328896164894104,0.02469446323812008,0.5420166850090027,1.1335871164999507
WRD25,mobilenetv3,red_channel_shift_45,155,18,0.018959272652864456,0.39012113213539124,0.5909196138381958,1.0867399427215645
WRD25,mobilenetv3,red_channel_shift_45,156,18,0.4099843502044678,0.4366571605205536,0.15335853397846222,1.4642168105614624
WRD25,mobilenetv3,red_channel_shift_45,157,18,0.2786308825016022,0.5516350269317627,0.16973409056663513,1.4213876961008272
WRD25,mobilenetv3,red_channel_shift_45,158,18,0.6551563143730164,0.06780210137367249,0.2770415246486664,1.1759796965372096
WRD25,mobilenetv3,red_channel_shift_45,159,18,0.5946457386016846,0.03132280707359314,0.37403154373168945,1.1330963913483239
WRD25,mobilenetv3,red_channel_shift_45,160,18,0.5865336656570435,0.13997797667980194,0.273488312959671,1.3600886700639285
WRD25,mobilenetv3,red_channel_shift_45,161,18,0.03145986050367355,0.4769991338253021,0.4915409982204437,1.1700436066849615
WRD25,mobilenetv3,red_channel_shift_45,162,18,0.0754447653889656,0.43342435359954834,0.4911308288574219,1.3078769647546884
WRD25,mobilenetv3,red_channel_shift_45,163,18,0.15405015647411346,0.5236851572990417,0.32226482033729553,1.4309045438106054
WRD25,mobilenetv3,red_channel_shift_45,164,18,0.17313338816165924,0.380016952753067,0.44684967398643494,1.487788434673769
WRD25,mobilenetv3,red_channel_shift_45,165,18,0.07557886838912964,0.5798949599266052,0.34452617168426514,1.2671189615821559
WRD25,mobilenetv3,red_channel_shift_45,166,18,0.448210209608078,0.1782386600971222,0.3735511600971222,1.4930704001885693
WRD25,mobilenetv3,red_channel_shift_45,167,18,0.1025269404053688,0.10454250872135162,0.792930543422699,0.9428989302256873
WRD25,mobilenetv3,red_channel_shift_45,168,18,0.319256067276001,0.5061608552932739,0.17458301782608032,1.4627038012401288
WRD25,mobilenetv3,red_channel_shift_45,169,18,0.5301241278648376,0.34777796268463135,0.12209797650575638,1.3857429178296814
WRD25,mobilenetv3,red_channel_shift_45,170,19,0.020080065354704857,0.4570706784725189,0.5228491425514221,1.1186223109970024
WRD25,mobilenetv3,red_channel_shift_45,171,19,0.007506141904741526,0.6241528987884521,0.36834093928337097,1.0081554377825652
WRD25,mobilenetv3,red_channel_shift_45,172,19,0.01772294193506241,0.5708357095718384,0.41144129633903503,1.0919938320540692
WRD25,mobilenetv3,red_channel_shift_45,173,19,0.8211556077003479,0.030118480324745178,0.14872579276561737,0.7945146082740111
WRD25,mobilenetv3,red_channel_shift_45,174,20,0.10289552807807922,0.3255784213542938,0.5715259313583374,1.325944463973841
WRD25,mobilenetv3,red_channel_shift_45,175,20,0.09906008094549179,0.47804784774780273,0.4228920042514801,1.3645116847474068
WRD25,mobilenetv3,red_channel_shift_45,176,20,0.5823163986206055,0.36952048540115356,0.04816319793462753,1.195770626823566
WRD25,mobilenetv3,red_channel_shift_45,177,20,0.12902148067951202,0.4490566551685333,0.42192181944847107,1.4251170970945692
WRD25,mobilenetv3,red_channel_shift_45,178,21,0.016242319718003273,0.7885025143623352,0.19525521993637085,0.8269866918979043
WRD25,mobilenetv3,red_channel_shift_45,179,21,0.0022750943899154663,0.7561221718788147,0.24160271883010864,0.8200400482244131
WRD25,mobilenetv3,red_channel_shift_45,180,21,0.10222860425710678,0.7255200743675232,0.17225141823291779,1.1092705572036154
WRD25,mobilenetv3,red_channel_shift_45,181,21,0.08183880150318146,0.6588046550750732,0.2593565285205841,1.1971420242947526
WRD25,mobilenetv3,red_channel_shift_45,182,21,0.4510895013809204,0.16075119376182556,0.38815930485725403,1.4719453706943932
WRD25,mobilenetv3,red_channel_shift_45,183,21,0.5884323716163635,0.0512666292488575,0.36030107736587524,1.2005258983433538
WRD25,mobilenetv3,red_channel_shift_45,184,21,0.4216601550579071,0.13287945091724396,0.4454604983329773,1.4319317751144454
WRD25,mobilenetv3,red_channel_shift_45,185,22,0.04691922664642334,0.6309403777122498,0.3221403956413269,1.152752741274467
WRD25,mobilenetv3,red_channel_shift_45,186,22,0.5812051892280579,0.32463353872299194,0.09416115283966064,1.3029015031986155
WRD25,mobilenetv3,red_channel_shift_45,187,22,0.06857055425643921,0.7513478398323059,0.18008163571357727,1.0203951174666392
WRD25,mobilenetv3,red_channel_shift_45,188,22,0.10877342522144318,0.7232920527458191,0.16793452203273773,1.1184392047224319
WRD25,mobilenetv3,red_channel_shift_45,189,22,0.09127407521009445,0.6254046559333801,0.2833212614059448,1.2542141282833137
WRD25,mobilenetv3,red_channel_shift_45,190,23,0.1174546331167221,0.24592313170433044,0.6366222500801086,1.2753472800973262
WRD25,mobilenetv3,red_channel_shift_45,191,23,0.04795371741056442,0.34737369418144226,0.6046724915504456,1.1788966507926746
WRD25,mobilenetv3,red_channel_shift_45,192,23,0.0882117971777916,0.5174513459205627,0.3943369388580322,1.3302328205000256
WRD25,mobilenetv3,red_channel_shift_45,193,23,0.2380877137184143,0.49472641944885254,0.26718592643737793,1.5039839050158215
WRD25,mobilenetv3,red_channel_shift_45,194,24,0.6430898308753967,0.03822853043675423,0.3186816871166229,1.1153798634250798
WRD25,mobilenetv3,red_channel_shift_45,195,24,0.5250840783119202,0.42775586247444153,0.047160129994153976,1.2198646252366845
WRD25,mobilenetv3,red_channel_shift_45,196,24,0.6544218063354492,0.033338192850351334,0.31224003434181213,1.0882305684927314
WRD25,mobilenetv3,red_channel_shift_45,197,24,0.38596993684768677,0.41399142146110535,0.2000386267900467,1.5212585330178985
WRD25,mobilenetv3,red_channel_shift_45,198,24,0.5180655717849731,0.03802275285124779,0.44391167163848877,1.19100178310836
WRD25,mobilenetv3,red_channel_shift_45,199,24,0.1488630771636963,0.4695360064506531,0.3816009759902954,1.451559594033312
WRD25,mobilenetv3,green_channel_shift_-45,0,0,0.8332114219665527,0.005896650720387697,0.16089189052581787,0.6870937645398629
WRD25,mobilenetv3,green_channel_shift_-45,1,0,0.30508095026016235,0.27539920806884766,0.4195198118686676,1.560614507018601
WRD25,mobilenetv3,green_channel_shift_-45,2,0,0.376070499420166,0.13974785804748535,0.48418164253234863,1.4340035136290603
WRD25,mobilenetv3,green_channel_shift_-45,3,0,0.3344496786594391,0.16766810417175293,0.4978821277618408,1.4613747133756427
WRD25,mobilenetv3,green_channel_shift_-45,4,0,0.4922374188899994,0.07765169441699982,0.4301108419895172,1.3131776876994588
WRD25,mobilenetv3,green_channel_shift_-45,5,0,0.4967632591724396,0.06614816188812256,0.43708860874176025,1.2824813169354516
WRD25,mobilenetv3,green_channel_shift_-45,6,0,0.46227261424064636,0.23892897367477417,0.2987983524799347,1.5287982338241042
WRD25,mobilenetv3,green_channel_shift_-45,7,0,0.47682225704193115,0.09573451429605484,0.42744317650794983,1.3576460742731422
WRD25,mobilenetv3,green_channel_shift_-45,8,0,0.36156269907951355,0.256743848323822,0.38169342279434204,1.5646557425182224
WRD25,mobilenetv3,green_channel_shift_-45,9,0,0.3858160376548767,0.23910817503929138,0.37507572770118713,1.554336529264261
WRD25,mobilenetv3,green_channel_shift_-45,10,0,0.4802943170070648,0.29010674357414246,0.22959883511066437,1.5134916388224258
WRD25,mobilenetv3,green_channel_shift_-45,11,0,0.4296209216117859,0.16412554681301117,0.4062535762786865,1.4794916129073736
WRD25,mobilenetv3,green_channel_shift_-45,12,0,0.42136794328689575,0.17076125741004944,0.4078707993030548,1.4885235192163728
WRD25,mobilenetv3,green_channel_shift_-45,13,0,0.4896843135356903,0.08494547754526138,0.42537012696266174,1.3311606994733864
WRD25,mobilenetv3,green_channel_shift_-45,14,0,0.45133426785469055,0.11613135784864426,0.43253442645072937,1.4017175358877285
WRD25,mobilenetv3,green_channel_shift_-45,15,0,0.45890507102012634,0.07335970550775528,0.467735230922699,1.3049177409090942
WRD25,mobilenetv3,green_channel_shift_-45,16,0,0.4123619496822357,0.12449964135885239,0.4631384611129761,1.4155329698131904
WRD25,mobilenetv3,green_channel_shift_-45,17,0,0.5453471541404724,0.07015160471200943,0.384501188993454,1.276166001362522
WRD25,mobilenetv3,green_channel_shift_-45,18,1,0.8757435083389282,0.09412695467472076,0.030129605904221535,0.6407718657408961
WRD25,mobilenetv3,green_channel_shift_-45,19,1,0.1750950664281845,0.5278811454772949,0.29702380299568176,1.44690061692814
WRD25,mobilenetv3,green_channel_shift_-45,20,1,0.241915762424469,0.7016457319259644,0.05643849074840546,1.08803535923758
WRD25,mobilenetv3,green_channel_shift_-45,21,1,0.0231481920927763,0.6559508442878723,0.32090097665786743,1.0510179154296413
WRD25,mobilenetv3,green_channel_shift_-45,22,1,0.04838057979941368,0.6265018582344055,0.32511746883392334,1.161044118534115
WRD25,mobilenetv3,green_channel_shift_-45,23,1,0.023317743092775345,0.627626895904541,0.3490554690361023,1.0782481042778338
WRD25,mobilenetv3,green_channel_shift_-45,24,1,0.01625172048807144,0.6307570934295654,0.3529912829399109,1.0462403259952062
WRD25,mobilenetv3,green_channel_shift_-45,25,2,0.05113014206290245,0.00786210224032402,0.9410077929496765,0.35684157033227526
WRD25,mobilenetv3,green_channel_shift_-45,26,2,0.03777797520160675,0.7115728259086609,0.25064927339553833,1.0282340792940277
WRD25,mobilenetv3,green_channel_shift_-45,27,2,0.07356161624193192,0.6498603224754333,0.27657803893089294,1.193876946748661
WRD25,mobilenetv3,green_channel_shift_-45,28,2,0.38296347856521606,0.551356852054596,0.06567974388599396,1.2618979079633665
WRD25,mobilenetv3,green_channel_shift_-45,29,2,0.2690966725349426,0.6895642876625061,0.041339170187711716,1.0693994881864464
WRD25,mobilenetv3,green_channel_shift_-45,30,2,0.3519846200942993,0.618699312210083,0.029316039755940437,1.1080839085472052
WRD25,mobilenetv3,green_channel_shift_-45,31,2,0.05980255827307701,0.813807487487793,0.1263900250196457,0.8620668079984091
WRD25,mobilenetv3,green_channel_shift_-45,32,2,0.04642515257000923,0.8166081309318542,0.13696691393852234,0.8371312975059998
WRD25,mobilenetv3,green_channel_shift_-45,33,2,0.0489356704056263,0.8651097416877747,0.08595460653305054,0.6981658002439598
WRD25,mobilenetv3,green_channel_shift_-45,34,2,0.3628544211387634,0.5938213467597961,0.04332413151860237,1.1733831980666696
WRD25,mobilenetv3,green_channel_shift_-45,35,2,0.03389069065451622,0.9522414207458496,0.0138678764924407,0.31831008548874784
WRD25,mobilenetv3,green_channel_shift_-45,36,3,0.0026542095001786947,0.029355620965361595,0.9679901599884033,0.2175732515186291
WRD25,mobilenetv3,green_channel_shift_-45,37,3,0.045254211872816086,0.9434288144111633,0.011317024007439613,0.35452678676913507
WRD25,mobilenetv3,green_channel_shift_-45,38,3,0.04629245027899742,0.0016252993373200297,0.9520822167396545,0.28772393314449657
WRD25,mobilenetv3,green_channel_shift_-45,39,3,0.8791508674621582,0.05770815163850784,0.06314079463481903,0.6524690290307424
WRD25,mobilenetv3,green_channel_shift_-45,40,3,0.8942373991012573,0.026161300018429756,0.07960129529237747,0.5723581269838428
WRD25,mobilenetv3,green_channel_shift_-45,41,4,0.0028330425266176462,0.6453593969345093,0.3518076241016388,0.9619554927555671
WRD25,mobilenetv3,green_channel_shift_-45,42,4,0.0336645245552063,0.9004527926445007,0.06588269025087357,0.5594470010230643
WRD25,mobilenetv3,green_channel_shift_-45,43,4,0.007853694260120392,0.6791598200798035,0.3129865825176239,0.958519154676448
WRD25,mobilenetv3,green_channel_shift_-45,44,4,0.488406240940094,0.3953954875469208,0.11619820445775986,1.3950609581929072
WRD25,mobilenetv3,green_channel_shift_-45,45,4,0.5770800709724426,0.33692052960395813,0.0859995111823082,1.290915957555682
WRD25,mobilenetv3,green_channel_shift_-45,46,5,0.0060617560520768166,0.043544162064790726,0.9503942131996155,0.31129178213604813
WRD25,mobilenetv3,green_channel_shift_-45,47,5,0.017749793827533722,0.6208285689353943,0.3614215552806854,1.060853699834364
WRD25,mobilenetv3,green_channel_shift_-45,48,5,0.006055070087313652,0.4590686857700348,0.5348762273788452,1.0430908948084787
WRD25,mobilenetv3,green_channel_shift_-45,49,5,0.02882450632750988,0.044277291744947433,0.9268983006477356,0.4481213672336515
WRD25,mobilenetv3,green_channel_shift_-45,50,6,0.9455324411392212,0.039027947932481766,0.015439441427588463,0.3519280413921672
WRD25,mobilenetv3,green_channel_shift_-45,51,6,0.04031720012426376,0.009523933753371239,0.9501587748527527,0.3207968134683466
WRD25,mobilenetv3,green_channel_shift_-45,52,6,0.017039021477103233,0.0336606465280056,0.9493003487586975,0.3360568784827596
WRD25,mobilenetv3,green_channel_shift_-45,53,7,0.5036286115646362,0.37867721915245056,0.11769416928291321,1.392194509670156
WRD25,mobilenetv3,green_channel_shift_-45,54,7,0.022352851927280426,0.5207767486572266,0.4568703770637512,1.1290864213972265
WRD25,mobilenetv3,green_channel_shift_-45,55,7,0.027343079447746277,0.7287723422050476,0.24388450384140015,0.9711221812258406
WRD25,mobilenetv3,green_channel_shift_-45,56,7,0.66773521900177,0.01954348012804985,0.3127213716506958,1.024458361772889
WRD25,mobilenetv3,green_channel_shift_-45,57,7,0.41897544264793396,0.058048345148563385,0.5229761600494385,1.25330009373044
WRD25,mobilenetv3,green_channel_shift_-45,58,7,0.3368528187274933,0.4991677701473236,0.1639793962240219,1.4568883322108388
WRD25,mobilenetv3,green_channel_shift_-45,59,7,0.010788911953568459,0.8260781764984131,0.1631329208612442,0.7249425002933434
WRD25,mobilenetv3,green_channel_shift_-45,60,7,0.46590837836265564,0.35803213715553284,0.17605949938297272,1.4851032988627595
WRD25,mobilenetv3,green_channel_shift_-45,61,7,0.46634286642074585,0.43561655282974243,0.09804066270589828,1.3639578101637784
WRD25,mobilenetv3,green_channel_shift_-45,62,7,0.21281477808952332,0.6990041732788086,0.08818107098340988,1.1451296504697568
WRD25,mobilenetv3,green_channel_shift_-45,63,7,0.15176793932914734,0.7138246893882751,0.13440729677677155,1.1491442764692137
WRD25,mobilenetv3,green_channel_shift_-45,64,7,0.36065173149108887,0.563854992389679,0.07549328356981277,1.2781212849380439
WRD25,mobilenetv3,green_channel_shift_-45,65,7,0.6730039119720459,0.024847546592354774,0.30214861035346985,1.0386630542416686
WRD25,mobilenetv3,green_channel_shift_-45,66,7,0.7442198991775513,0.050431832671165466,0.20534823834896088,1.0035086370547395
WRD25,mobilenetv3,green_channel_shift_-45,67,7,0.5884483456611633,0.0554349422454834,0.35611671209335327,1.2119672051170274
WRD25,mobilenetv3,green_channel_shift_-45,68,7,0.33052313327789307,0.40558698773384094,0.26388975977897644,1.5631385923646242
WRD25,mobilenetv3,green_channel_shift_-45,69,8,0.19872573018074036,0.6329164505004883,0.16835784912109375,1.3136757145448599
WRD25,mobilenetv3,green_channel_shift_-45,70,8,0.4266969859600067,0.4399735927581787,0.13332942128181458,1.4330228035021677
WRD25,mobilenetv3,green_channel_shift_-45,71,8,0.3165588676929474,0.5351389050483704,0.14830221235752106,1.4163516437604935
WRD25,mobilenetv3,green_channel_shift_-45,72,8,0.20713183283805847,0.7291978001594543,0.06367047876119614,1.0556880150589738
WRD25,mobilenetv3,green_channel_shift_-45,73,8,0.2744395434856415,0.5976296663284302,0.12793081998825073,1.3353108304097647
WRD25,mobilenetv3,green_channel_shift_-45,74,8,0.2562796175479889,0.5959053635597229,0.14781494438648224,1.3561293875559808
WRD25,mobilenetv3,green_channel_shift_-45,75,8,0.24905766546726227,0.6586666703224182,0.09227565675973892,1.2134746370929679
WRD25,mobilenetv3,green_channel_shift_-45,76,8,0.5209588408470154,0.41081738471984863,0.06822377443313599,1.2816226301581848
WRD25,mobilenetv3,green_channel_shift_-45,77,8,0.41132238507270813,0.44050726294517517,0.1481703817844391,1.4563508660157063
WRD25,mobilenetv3,green_channel_shift_-45,78,8,0.42601478099823,0.3932858109474182,0.1806994080543518,1.4999619245420195
WRD25,mobilenetv3,green_channel_shift_-45,79,8,0.2709403336048126,0.4630361795425415,0.26602351665496826,1.5329853777770743
WRD25,mobilenetv3,green_channel_shift_-45,80,8,0.21411122381687164,0.6558306217193604,0.13005825877189636,1.2579640511122536
WRD25,mobilenetv3,green_channel_shift_-45,81,8,0.28341731429100037,0.5671551823616028,0.14942756295204163,1.389376141455022
WRD25,mobilenetv3,green_channel_shift_-45,82,8,0.47002455592155457,0.27762147784233093,0.2523539066314697,1.5265119423605351
WRD25,mobilenetv3,green_channel_shift_-45,83,8,0.5692561268806458,0.25916218757629395,0.1715817004442215,1.4039245922087473
WRD25,mobilenetv3,green_channel_shift_-45,84,8,0.44681811332702637,0.4137258529663086,0.13945601880550385,1.4424381960489099
WRD25,mobilenetv3,green_channel_shift_-45,85,8,0.5600281357765198,0.3532613515853882,0.08671055734157562,1.3046212062065405
WRD25,mobilenetv3,green_channel_shift_-45,86,9,0.5294607877731323,0.1284155696630478,0.34212377667427063,1.3953876099426386
WRD25,mobilenetv3,green_channel_shift_-45,87,9,0.024538347497582436,0.5534629821777344,0.42199867963790894,1.1288566811809977
WRD25,mobilenetv3,green_channel_shift_-45,88,9,0.6253631114959717,0.23075035214424133,0.143886536359787,1.314141630291584
WRD25,mobilenetv3,green_channel_shift_-45,89,9,0.11334715038537979,0.44884011149406433,0.4378127157688141,1.396484067521142
WRD25,mobilenetv3,green_channel_shift_-45,90,9,0.011767372488975525,0.5059993267059326,0.48223328590393066,1.0801145953715316
WRD25,mobilenetv3,green_channel_shift_-45,91,9,0.02867083251476288,0.5116293430328369,0.4596998393535614,1.1570072684615904
WRD25,mobilenetv3,green_channel_shift_-45,92,9,0.011582769453525543,0.4997643530368805,0.4886528253555298,1.0794393143834116
WRD25,mobilenetv3,green_channel_shift_-45,93,9,0.6157669425010681,0.049928218126297,0.33430489897727966,1.1751025554869647
WRD25,mobilenetv3,green_channel_shift_-45,94,9,0.036500707268714905,0.5532840490341187,0.4102153182029724,1.1741294125975232
WRD25,mobilenetv3,green_channel_shift_-45,95,9,0.6022109389305115,0.057098325341939926,0.3406907320022583,1.2057037891329672
WRD25,mobilenetv3,green_channel_shift_-45,96,9,0.04851427674293518,0.473742812871933,0.477742999792099,1.231525449096343
WRD25,mobilenetv3,green_channel_shift_-45,97,10,0.921239972114563,0.013686878606677055,0.06507313996553421,0.4502709785823724
WRD25,mobilenetv3,green_channel_shift_-45,98,10,0.8987780809402466,0.031185833737254143,0.07003607600927353,0.5630417799888834
WRD25,mobilenetv3,green_channel_shift_-45,99,10,0.6810651421546936,0.30192047357559204,0.017014315351843834,0.9990431272824295
WRD25,mobilenetv3,green_channel_shift_-45,100,10,0.8716129064559937,0.09262461960315704,0.03576245531439781,0.6625726154903313
WRD25,mobilenetv3,green_channel_shift_-45,101,10,0.8431296348571777,0.13529542088508606,0.021574892103672028,0.7174001095976379
WRD25,mobilenetv3,green_channel_shift_-45,102,10,0.8369495272636414,0.13907688856124878,0.023973610252141953,0.7397730861046798
WRD25,mobilenetv3,green_channel_shift_-45,103,10,0.8739966750144958,0.02573164738714695,0.10027171671390533,0.6383918831352772
WRD25,mobilenetv3,green_channel_shift_-45,104,10,0.23235167562961578,0.7113046050071716,0.05634374916553497,1.072626130693612
WRD25,mobilenetv3,green_channel_shift_-45,105,10,0.37920820713043213,0.5250909328460693,0.09570079296827316,1.3424659806196293
WRD25,mobilenetv3,green_channel_shift_-45,106,10,0.49557819962501526,0.44227614998817444,0.06214570999145508,1.271572218633957
WRD25,mobilenetv3,green_channel_shift_-45,107,11,0.1500658243894577,0.02287224866449833,0.8270619511604309,0.7618489953708918
WRD25,mobilenetv3,green_channel_shift_-45,108,11,0.042068567126989365,0.7617923617362976,0.1961388885974884,0.9522633521653439
WRD25,mobilenetv3,green_channel_shift_-45,109,11,0.031755443662405014,0.6899070739746094,0.2783375382423401,1.0410639113870324
WRD25,mobilenetv3,green_channel_shift_-45,110,11,0.03268592059612274,0.288034051656723,0.6792801022529602,1.0575156246063875
WRD25,mobilenetv3,green_channel_shift_-45,111,11,0.03297236189246178,0.35376229882240295,0.6132652759552002,1.125259308900823
WRD25,mobilenetv3,green_channel_shift_-45,112,11,0.0505022369325161,0.8662984371185303,0.08319934457540512,0.695377731261098
WRD25,mobilenetv3,green_channel_shift_-45,113,11,0.7875946760177612,0.17417296767234802,0.03823242709040642,0.8905062809027526
WRD25,mobilenetv3,green_channel_shift_-45,114,12,0.2150622308254242,0.7187113165855408,0.06622648239135742,1.078680171269685
WRD25,mobilenetv3,green_channel_shift_-45,115,13,0.5904671549797058,0.39035844802856445,0.019174322485923767,1.087947102311462
WRD25,mobilenetv3,green_channel_shift_-45,116,13,0.7965318560600281,0.16156762838363647,0.041900523006916046,0.8780815197829156
WRD25,mobilenetv3,green_channel_shift_-45,117,13,0.614986002445221,0.12140966951847076,0.2636043131351471,1.307726322906364
WRD25,mobilenetv3,green_channel_shift_-45,118,13,0.03379686921834946,0.5067004561424255,0.4595026969909668,1.1776287241011105
WRD25,mobilenetv3,green_channel_shift_-45,119,13,0.007405562791973352,0.48991939425468445,0.5026751160621643,1.055530959139265
WRD25,mobilenetv3,green_channel_shift_-45,120,13,0.48486679792404175,0.2994392216205597,0.21569398045539856,1.504607820190499
WRD25,mobilenetv3,green_channel_shift_-45,121,14,0.36208009719848633,0.015292183496057987,0.6226276755332947,1.0485020060547636
WRD25,mobilenetv3,green_channel_shift_-45,122,14,0.5379781723022461,0.2951507866382599,0.1668710708618164,1.4318233995648564
WRD25,mobilenetv3,green_channel_shift_-45,123,14,0.4831852316856384,0.45154017210006714,0.06527459621429443,1.2819890630146424
WRD25,mobilenetv3,green_channel_shift_-45,124,14,0.6081545352935791,0.22200137376785278,0.16984403133392334,1.3528027239609635
WRD25,mobilenetv3,green_channel_shift_-45,125,14,0.7093608975410461,0.07986552268266678,0.21077357232570648,1.1160823789276422
WRD25,mobilenetv3,green_channel_shift_-45,126,15,0.2738279700279236,0.35185176134109497,0.37432029843330383,1.5725745276546241
WRD25,mobilenetv3,green_channel_shift_-45,127,15,0.3436438739299774,0.2843652665615082,0.371990829706192,1.5761553834464719
WRD25,mobilenetv3,green_channel_shift_-45,128,15,0.3427713215351105,0.30669891834259033,0.3505297005176544,1.5825645616110933
WRD25,mobilenetv3,green_channel_shift_-45,129,15,0.27563923597335815,0.36674728989601135,0.35761353373527527,1.5737183805639963
WRD25,mobilenetv3,green_channel_shift_-45,130,15,0.2229398638010025,0.4716251790523529,0.3054349720478058,1.5167214213297702
WRD25,mobilenetv3,green_channel_shift_-45,131,15,0.25522056221961975,0.38513991236686707,0.35963955521583557,1.5635976490524253
WRD25,mobilenetv3,green_channel_shift_-45,132,15,0.3887328803539276,0.33593112230300903,0.27533602714538574,1.5709039631396162
WRD25,mobilenetv3,green_channel_shift_-45,133,15,0.35446786880493164,0.31156957149505615,0.3339625895023346,1.5829667497163453
WRD25,mobilenetv3,green_channel_shift_-45,134,15,0.3111281991004944,0.31037288904190063,0.378498911857605,1.5784753740482984
WRD25,mobilenetv3,green_channel_shift_-45,135,15,0.5283437371253967,0.10454710572957993,0.3671092689037323,1.3576422894972788
WRD25,mobilenetv3,green_channel_shift_-45,136,15,0.4396878182888031,0.2714788019657135,0.2888334393501282,1.5494030129724856
WRD25,mobilenetv3,green_channel_shift_-45,137,15,0.4035526216030121,0.2919318974018097,0.3045154809951782,1.5692467064563913
WRD25,mobilenetv3,green_channel_shift_-45,138,15,0.500689685344696,0.1617058962583542,0.3376043438911438,1.4536361192588139
WRD25,mobilenetv3,green_channel_shift_-45,139,15,0.44132331013679504,0.1917155236005783,0.3669610917568207,1.5083889700143223
WRD25,mobilenetv3,green_channel_shift_-45,140,15,0.4238477647304535,0.380361407995224,0.1957908719778061,1.5159416129342462
WRD25,mobilenetv3,green_channel_shift_-45,141,16,0.039800677448511124,0.21697819232940674,0.74322110414505,0.981617593963534
WRD25,mobilenetv3,green_channel_shift_-45,142,16,0.025429492816329002,0.06487248092889786,0.9096980094909668,0.5149225263924126
WRD25,mobilenetv3,green_channel_shift_-45,143,16,0.05788331851363182,0.24342365562915802,0.6986929774284363,1.0955630450759357
WRD25,mobilenetv3,green_channel_shift_-45,144,16,0.06347769498825073,0.6146336793899536,0.32188868522644043,1.2104917397689194
WRD25,mobilenetv3,green_channel_shift_-45,145,16,0.032341282814741135,0.6580262780189514,0.3096323311328888,1.0811132702217456
WRD25,mobilenetv3,green_channel_shift_-45,146,16,0.12353204190731049,0.5242050886154175,0.35226285457611084,1.391406776793963
WRD25,mobilenetv3,green_channel_shift_-45,147,16,0.12961816787719727,0.24945689737796783,0.6209248900413513,1.3086584321459152
WRD25,mobilenetv3,green_channel_shift_-45,148,17,0.03150639310479164,0.5156430602073669,0.45285049080848694,1.1674458045418552
WRD25,mobilenetv3,green_channel_shift_-45,149,17,0.6814895272254944,0.010091010481119156,0.308419406414032,0.9673346428034043
WRD25,mobilenetv3,green_channel_shift_-45,150,17,0.009866945445537567,0.5935167670249939,0.39661628007888794,1.041608459965344
WRD25,mobilenetv3,green_channel_shift_-45,151,17,0.3122234642505646,0.3399703800678253,0.3478061258792877,1.583435555145924
WRD25,mobilenetv3,green_channel_shift_-45,152,18,0.08444841206073761,0.6889607310295105,0.22659093141555786,1.1567667994073143
WRD25,mobilenetv3,green_channel_shift_-45,153,18,0.06106678023934364,0.15332913398742676,0.7856041193008423,0.9346005823327255
WRD25,mobilenetv3,green_channel_shift_-45,154,18,0.010742852464318275,0.46032071113586426,0.528936505317688,1.0714998210861657
WRD25,mobilenetv3,green_channel_shift_-45,155,18,0.017588747665286064,0.4311271011829376,0.5512841939926147,1.0994626893117938
WRD25,mobilenetv3,green_channel_shift_-45,156,18,0.41466453671455383,0.4461556077003479,0.13917981088161469,1.442075775662548
WRD25,mobilenetv3,green_channel_shift_-45,157,18,0.293099969625473,0.5293933153152466,0.17750661075115204,1.4474201619731146
WRD25,mobilenetv3,green_channel_shift_-45,158,18,0.6417125463485718,0.06556560099124908,0.29272186756134033,1.1872490819592174
WRD25,mobilenetv3,green_channel_shift_-45,159,18,0.6628233790397644,0.0350014865398407,0.30217504501342773,1.084256439580793
WRD25,mobilenetv3,green_channel_shift_-45,160,18,0.6524275541305542,0.09505268186330795,0.2525198459625244,1.226069573192687
WRD25,mobilenetv3,green_channel_shift_-45,161,18,0.035965193063020706,0.5230167508125305,0.44101807475090027,1.1824741420139464
WRD25,mobilenetv3,green_channel_shift_-45,162,18,0.09123864024877548,0.4910498261451721,0.4177115559577942,1.3450781947193937
WRD25,mobilenetv3,green_channel_shift_-45,163,18,0.11092203855514526,0.5581900477409363,0.33088791370391846,1.3493807094488397
WRD25,mobilenetv3,green_channel_shift_-45,164,18,0.4177238941192627,0.13270166516304016,0.44957444071769714,1.4312556334489404
WRD25,mobilenetv3,green_channel_shift_-45,165,18,0.07124660909175873,0.6131529211997986,0.31560054421424866,1.229318942608586
WRD25,mobilenetv3,green_channel_shift_-45,166,18,0.0977383479475975,0.4623314142227173,0.4399302899837494,1.363645459303413
WRD25,mobilenetv3,green_channel_shift_-45,167,18,0.14631666243076324,0.06891001760959625,0.7847734093666077,0.9460429808703044
WRD25,mobilenetv3,green_channel_shift_-45,168,18,0.3245585560798645,0.5137195587158203,0.16172188520431519,1.4456336116465276
WRD25,mobilenetv3,green_channel_shift_-45,169,18,0.5142660140991211,0.3634226620197296,0.12231138348579407,1.394863372756238
WRD25,mobilenetv3,green_channel_shift_-45,170,19,0.0495508573949337,0.039493367075920105,0.9109557271003723,0.5214945415426022
WRD25,mobilenetv3,green_channel_shift_-45,171,19,0.0028146232943981886,0.4634152948856354,0.5337700247764587,1.021504588465722
WRD25,mobilenetv3,green_channel_shift_-45,172,19,0.017219871282577515,0.553803026676178,0.42897728085517883,1.096845155586329
WRD25,mobilenetv3,green_channel_shift_-45,173,19,0.4877581000328064,0.3963676691055298,0.1158742606639862,1.3946831865700444
WRD25,mobilenetv3,green_channel_shift_-45,174,20,0.3337082266807556,0.09688476473093033,0.5694069862365723,1.3172665740572649
WRD25,mobilenetv3,green_channel_shift_-45,175,20,0.07018738985061646,0.47787749767303467,0.45193514227867126,1.2959129839099583
WRD25,mobilenetv3,green_channel_shift_-45,176,20,0.48779046535491943,0.4505428075790405,0.061666734516620636,1.2712924296205104
WRD25,mobilenetv3,green_channel_shift_-45,177,20,0.1515725702047348,0.4091927111148834,0.4392347037792206,1.4614216446744475
WRD25,mobilenetv3,green_channel_shift_-45,178,21,0.015981703996658325,0.7975258827209473,0.186492457985878,0.8075156098176781
WRD25,mobilenetv3,green_channel_shift_-45,179,21,0.002188126789405942,0.7789632081985474,0.21884866058826447,0.779766782054782
WRD25,mobilenetv3,green_channel_shift_-45,180,21,0.09429333359003067,0.7134281992912292,0.1922784447669983,1.1261614160788431
WRD25,mobilenetv3,green_channel_shift_-45,181,21,0.07116658985614777,0.6760627627372742,0.2527706027030945,1.1546763026752487
WRD25,mobilenetv3,green_channel_shift_-45,182,21,0.5004279613494873,0.14551644027233124,0.35405564308166504,1.4348128831318818
WRD25,mobilenetv3,green_channel_shift_-45,183,21,0.6266036629676819,0.05481318011879921,0.31858310103416443,1.17794086945444
WRD25,mobilenetv3,green_channel_shift_-45,184,21,0.5243996381759644,0.10061516612768173,0.3749851584434509,1.3523387384205534
WRD25,mobilenetv3,green_channel_shift_-45,185,22,0.03640859201550484,0.6817610859870911,0.2818302810192108,1.0657335181496634
WRD25,mobilenetv3,green_channel_shift_-45,186,22,0.3590276539325714,0.606598973274231,0.034373290836811066,1.1351955094924782
WRD25,mobilenetv3,green_channel_shift_-45,187,22,0.06223062053322792,0.8267539143562317,0.1110154539346695,0.8282781259243646
WRD25,mobilenetv3,green_channel_shift_-45,188,22,0.09966165572404861,0.7468925714492798,0.153445765376091,1.0609662745134503
WRD25,mobilenetv3,green_channel_shift_-45,189,22,0.08607947081327438,0.6331589221954346,0.28076159954071045,1.2365639883829274
WRD25,mobilenetv3,green_channel_shift_-45,190,23,0.08959640562534332,0.28601211309432983,0.624391496181488,1.2525879985125274
WRD25,mobilenetv3,green_channel_shift_-45,191,23,0.036467552185058594,0.4042067229747772,0.5593257546424866,1.171294610356069
WRD25,mobilenetv3,green_channel_shift_-45,192,23,0.10001785308122635,0.5558128952980042,0.34416913986206055,1.3327936473070139
WRD25,mobilenetv3,green_channel_shift_-45,193,23,0.2733282148838043,0.488371878862381,0.2382998913526535,1.509506651015485
WRD25,mobilenetv3,green_channel_shift_-45,194,24,0.6609995365142822,0.04672041907906532,0.29228007793426514,1.1199694772750832
WRD25,mobilenetv3,green_channel_shift_-45,195,24,0.5198431015014648,0.4346240162849426,0.04553290829062462,1.2160803065096941
WRD25,mobilenetv3,green_channel_shift_-45,196,24,0.82170170545578,0.03802211582660675,0.14027617871761322,0.8096447548302094
WRD25,mobilenetv3,green_channel_shift_-45,197,24,0.42477065324783325,0.39830705523490906,0.17692221701145172,1.4957614308154044
WRD25,mobilenetv3,green_channel_shift_-45,198,24,0.6971574425697327,0.04105435311794281,0.26178818941116333,1.0581154615972204
WRD25,mobilenetv3,green_channel_shift_-45,199,24,0.17724503576755524,0.47848764061927795,0.344267338514328,1.4809024509525894
WRD25,mobilenetv3,green_channel_shift_45,0,0,0.7681456208229065,0.03939243406057358,0.19246183335781097,0.9336693027102881
WRD25,mobilenetv3,green_channel_shift_45,1,0,0.30238786339759827,0.1421748250722885,0.5554373264312744,1.3930755848626668
WRD25,mobilenetv3,green_channel_shift_45,2,0,0.34095847606658936,0.17123371362686157,0.48780784010887146,1.4704163679459417
WRD25,mobilenetv3,green_channel_shift_45,3,0,0.3234620690345764,0.1442772001028061,0.5322606563568115,1.4139301119726309
WRD25,mobilenetv3,green_channel_shift_45,4,0,0.19652961194515228,0.41462576389312744,0.3888446092605591,1.5178063399201163
WRD25,mobilenetv3,green_channel_shift_45,5,0,0.2813630700111389,0.2570686638355255,0.46156826615333557,1.5333748163280223
WRD25,mobilenetv3,green_channel_shift_45,6,0,0.42452535033226013,0.2558421492576599,0.31963253021240234,1.553864075348796
WRD25,mobilenetv3,green_channel_shift_45,7,0,0.30777639150619507,0.24275994300842285,0.44946378469467163,1.5376030208277405
WRD25,mobilenetv3,green_channel_shift_45,8,0,0.30347856879234314,0.24071533977985382,0.4558062255382538,1.5333178225737056
WRD25,mobilenetv3,green_channel_shift_45,9,0,0.3567202091217041,0.21789078414440155,0.4253890812397003,1.53405191470365
WRD25,mobilenetv3,green_channel_shift_45,10,0,0.38314908742904663,0.34643906354904175,0.27041175961494446,1.5703101484155009
WRD25,mobilenetv3,green_channel_shift_45,11,0,0.38415634632110596,0.13969920575618744,0.4761444628238678,1.4366426392188574
WRD25,mobilenetv3,green_channel_shift_45,12,0,0.3670268952846527,0.17430181801319122,0.45867130160331726,1.4857972955595034
WRD25,mobilenetv3,green_channel_shift_45,13,0,0.3911532163619995,0.13146640360355377,0.47738030552864075,1.4237944398016826
WRD25,mobilenetv3,green_channel_shift_45,14,0,0.3537450432777405,0.13514748215675354,0.5111075639724731,1.415470995592318
WRD25,mobilenetv3,green_channel_shift_45,15,0,0.37991902232170105,0.07892973721027374,0.541151225566864,1.2990028271629768
WRD25,mobilenetv3,green_channel_shift_45,16,0,0.39299872517585754,0.09481672197580338,0.5121846199035645,1.3461762921796818
WRD25,mobilenetv3,green_channel_shift_45,17,0,0.3021394610404968,0.20734938979148865,0.4905111789703369,1.4964331806081361
WRD25,mobilenetv3,green_channel_shift_45,18,1,0.8154846429824829,0.13763849437236786,0.04687689244747162,0.8407233058920334
WRD25,mobilenetv3,green_channel_shift_45,19,1,0.16351234912872314,0.5607737898826599,0.27571380138397217,1.4076363924615265
WRD25,mobilenetv3,green_channel_shift_45,20,1,0.2105163186788559,0.7065942883491516,0.08288941532373428,1.1250702764759397
WRD25,mobilenetv3,green_channel_shift_45,21,1,0.029504816979169846,0.5158495903015137,0.4546455144882202,1.1596114987474408
WRD25,mobilenetv3,green_channel_shift_45,22,1,0.03815910220146179,0.6003272533416748,0.36151349544525146,1.1524053151616842
WRD25,mobilenetv3,green_channel_shift_45,23,1,0.02168075181543827,0.5637832283973694,0.41453611850738525,1.1126073025101522
WRD25,mobilenetv3,green_channel_shift_45,24,1,0.01650809496641159,0.5553458333015442,0.4281461536884308,1.0929491262067916
WRD25,mobilenetv3,green_channel_shift_45,25,2,0.42365673184394836,0.021162666380405426,0.555180549621582,1.1139704187768373
WRD25,mobilenetv3,green_channel_shift_45,26,2,0.03660646080970764,0.6525519490242004,0.31084170937538147,1.1005425467079868
WRD25,mobilenetv3,green_channel_shift_45,27,2,0.06648010015487671,0.6532037854194641,0.2803161144256592,1.1756689478645814
WRD25,mobilenetv3,green_channel_shift_45,28,2,0.3193812966346741,0.6266793608665466,0.05393931642174721,1.1756366543099568
WRD25,mobilenetv3,green_channel_shift_45,29,2,0.23781506717205048,0.7006653547286987,0.06151951849460602,1.099838410490117
WRD25,mobilenetv3,green_channel_shift_45,30,2,0.34270286560058594,0.6250447034835815,0.0322524830698967,1.1130195497834232
WRD25,mobilenetv3,green_channel_shift_45,31,2,0.04447714239358902,0.8390301465988159,0.11649265885353088,0.77350857226301
WRD25,mobilenetv3,green_channel_shift_45,32,2,0.033755943179130554,0.925115168094635,0.041128892451524734,0.4582543385747902
WRD25,mobilenetv3,green_channel_shift_45,33,2,0.03900044783949852,0.8712316155433655,0.0897679477930069,0.6679817695131055
WRD25,mobilenetv3,green_channel_shift_45,34,2,0.4982686936855316,0.45719191431999207,0.044539306312799454,1.216917396265494
WRD25,mobilenetv3,green_channel_shift_45,35,2,0.3483852446079254,0.6309064626693726,0.020708410069346428,1.0650531701399613
WRD25,mobilenetv3,green_channel_shift_45,36,3,0.0031260550022125244,0.030469248071312904,0.9664046168327332,0.22711609350913065
WRD25,mobilenetv3,green_channel_shift_45,37,3,0.04701443761587143,0.9419119358062744,0.011073672212660313,0.36063249228195177
WRD25,mobilenetv3,green_channel_shift_45,38,3,0.002564073773100972,0.0343976728618145,0.9630383849143982,0.2416223625727962
WRD25,mobilenetv3,green_channel_shift_45,39,3,0.9456584453582764,0.035911187529563904,0.018430205062031746,0.35477213872649344
WRD25,mobilenetv3,green_channel_shift_45,40,3,0.868556022644043,0.025499293580651283,0.10594471544027328,0.6546776774083044
WRD25,mobilenetv3,green_channel_shift_45,41,4,0.7225999236106873,0.010259414091706276,0.267140656709671,0.9152115555227088
WRD25,mobilenetv3,green_channel_shift_45,42,4,0.03358825296163559,0.8995448350906372,0.06686695665121078,0.5627873367264229
WRD25,mobilenetv3,green_channel_shift_45,43,4,0.017459869384765625,0.5452364087104797,0.43730372190475464,1.1009006602481124
WRD25,mobilenetv3,green_channel_shift_45,44,4,0.4640558063983917,0.40731894969940186,0.1286252737045288,1.4223639028700803
WRD25,mobilenetv3,green_channel_shift_45,45,4,0.5473853945732117,0.36660146713256836,0.08601323515176773,1.3110421540083133
WRD25,mobilenetv3,green_channel_shift_45,46,5,0.007452456746250391,0.03792254999279976,0.9546248912811279,0.2956534117062484
WRD25,mobilenetv3,green_channel_shift_45,47,5,0.018210694193840027,0.015615291893482208,0.9661740660667419,0.24691237553911483
WRD25,mobilenetv3,green_channel_shift_45,48,5,0.009433308616280556,0.514326274394989,0.47624045610427856,1.0665226156047292
WRD25,mobilenetv3,green_channel_shift_45,49,5,0.0357460081577301,0.04008223116397858,0.9241718053817749,0.462955637679934
WRD25,mobilenetv3,green_channel_shift_45,50,6,0.17926213145256042,0.7548105716705322,0.0659271702170372,1.0094879216606039
WRD25,mobilenetv3,green_channel_shift_45,51,6,0.033204782754182816,0.9212672710418701,0.045527923852205276,0.47503362705681973
WRD25,mobilenetv3,green_channel_shift_45,52,6,0.00542609253898263,0.23153284192085266,0.7630410194396973,0.8272488069485697
WRD25,mobilenetv3,green_channel_shift_45,53,7,0.22836391627788544,0.554650068283081,0.21698592603206635,1.436505321844739
WRD25,mobilenetv3,green_channel_shift_45,54,7,0.004640073981136084,0.5021275281906128,0.4932323396205902,1.0379494083765959
WRD25,mobilenetv3,green_channel_shift_45,55,7,0.022284826263785362,0.7713258266448975,0.20638936758041382,0.8810813714498138
WRD25,mobilenetv3,green_channel_shift_45,56,7,0.6547548770904541,0.015551689080893993,0.32969340682029724,1.0212275324533888
WRD25,mobilenetv3,green_channel_shift_45,57,7,0.39076539874076843,0.504510760307312,0.10472388565540314,1.3686169319175059
WRD25,mobilenetv3,green_channel_shift_45,58,7,0.21787679195404053,0.5690079927444458,0.21311518549919128,1.4171695520151584
WRD25,mobilenetv3,green_channel_shift_45,59,7,0.15534938871860504,0.7033475041389465,0.14130310714244843,1.1733329230805116
WRD25,mobilenetv3,green_channel_shift_45,60,7,0.44588950276374817,0.35476115345954895,0.19934934377670288,1.5137774490289022
WRD25,mobilenetv3,green_channel_shift_45,61,7,0.4772917330265045,0.4429212808609009,0.07978693395853043,1.320714821161761
WRD25,mobilenetv3,green_channel_shift_45,62,7,0.25048941373825073,0.6548183560371399,0.09469223022460938,1.222268297282803
WRD25,mobilenetv3,green_channel_shift_45,63,7,0.12136301398277283,0.7304670810699463,0.14816994965076447,1.10840020963845
WRD25,mobilenetv3,green_channel_shift_45,64,7,0.26505157351493835,0.6532002687454224,0.08174821734428406,1.2044046430440027
WRD25,mobilenetv3,green_channel_shift_45,65,7,0.6386952996253967,0.0135147450491786,0.34778985381126404,1.026957307633826
WRD25,mobilenetv3,green_channel_shift_45,66,7,0.7325546741485596,0.05566645413637161,0.2117789089679718,1.0351268987299544
WRD25,mobilenetv3,green_channel_shift_45,67,7,0.4375188946723938,0.2957945466041565,0.2666865289211273,1.5501002889179616
WRD25,mobilenetv3,green_channel_shift_45,68,7,0.30728355050086975,0.3764532506465912,0.3162631392478943,1.578951962020846
WRD25,mobilenetv3,green_channel_shift_45,69,8,0.15766257047653198,0.653596818447113,0.1887405812740326,1.2752038787579343
WRD25,mobilenetv3,green_channel_shift_45,70,8,0.2163897454738617,0.5138832926750183,0.2697269320487976,1.4813304860028156
WRD25,mobilenetv3,green_channel_shift_45,71,8,0.3256396949291229,0.500752329826355,0.17360803484916687,1.4653135981429453
WRD25,mobilenetv3,green_channel_shift_45,72,8,0.21272365748882294,0.7259844541549683,0.061291955411434174,1.0572916674239319
WRD25,mobilenetv3,green_channel_shift_45,73,8,0.29247498512268066,0.5698316097259521,0.13769343495368958,1.3749627503860236
WRD25,mobilenetv3,green_channel_shift_45,74,8,0.2664950489997864,0.5904163122177124,0.1430886685848236,1.3586226357391717
WRD25,mobilenetv3,green_channel_shift_45,75,8,0.22518384456634521,0.6560841798782349,0.11873195320367813,1.248269235954133
WRD25,mobilenetv3,green_channel_shift_45,76,8,0.43765780329704285,0.4813559055328369,0.08098629117012024,1.3231592794191467
WRD25,mobilenetv3,green_channel_shift_45,77,8,0.43171364068984985,0.4367313086986542,0.13155512511730194,1.4301116943544607
WRD25,mobilenetv3,green_channel_shift_45,78,8,0.38078686594963074,0.39117223024368286,0.22804084420204163,1.5464387685121794
WRD25,mobilenetv3,green_channel_shift_45,79,8,0.4076519012451172,0.3405941426753998,0.2517539858818054,1.5579514065194684
WRD25,mobilenetv3,green_channel_shift_45,80,8,0.18829019367694855,0.6703680157661438,0.14134174585342407,1.2393419634224023
WRD25,mobilenetv3,green_channel_shift_45,81,8,0.857278048992157,0.033819567412137985,0.1089024469256401,0.7040666062976839
WRD25,mobilenetv3,green_channel_shift_45,82,8,0.5687705874443054,0.20343783497810364,0.22779154777526855,1.4165472354567596
WRD25,mobilenetv3,green_channel_shift_45,83,8,0.34782204031944275,0.5420688390731812,0.1101091057062149,1.3593027327216545
WRD25,mobilenetv3,green_channel_shift_45,84,8,0.40477606654167175,0.4039503037929535,0.19127362966537476,1.5128539663786806
WRD25,mobilenetv3,green_channel_shift_45,85,8,0.518095076084137,0.34413042664527893,0.1377745419740677,1.4151125907539928
WRD25,mobilenetv3,green_channel_shift_45,86,9,0.5737331509590149,0.08482559770345688,0.34144127368927,1.2911325362217783
WRD25,mobilenetv3,green_channel_shift_45,87,9,0.034833572804927826,0.5190645456314087,0.4461019039154053,1.179264668583199
WRD25,mobilenetv3,green_channel_shift_45,88,9,0.614064633846283,0.26465073227882385,0.12128467112779617,1.3087085417902156
WRD25,mobilenetv3,green_channel_shift_45,89,9,0.04629336670041084,0.4315403401851654,0.5221661925315857,1.2179229560812763
WRD25,mobilenetv3,green_channel_shift_45,90,9,0.029773298650979996,0.45226261019706726,0.5179640650749207,1.160268550537145
WRD25,mobilenetv3,green_channel_shift_45,91,9,0.03479643166065216,0.4574735462665558,0.5077299475669861,1.1812178754150364
WRD25,mobilenetv3,green_channel_shift_45,92,9,0.0166691392660141,0.4716755449771881,0.5116552710533142,1.1044641517786027
WRD25,mobilenetv3,green_channel_shift_45,93,9,0.6019244194030762,0.053584985435009,0.3444906771183014,1.1966958083308539
WRD25,mobilenetv3,green_channel_shift_45,94,9,0.05028863996267319,0.5644480586051941,0.3852632939815521,1.2127995773210367
WRD25,mobilenetv3,green_channel_shift_45,95,9,0.3890135884284973,0.4653755724430084,0.14561083912849426,1.4482059801301501
WRD25,mobilenetv3,green_channel_shift_45,96,9,0.04994332417845726,0.542125940322876,0.4079306125640869,1.2224938231641183
WRD25,mobilenetv3,green_channel_shift_45,97,10,0.9627007842063904,0.023500656709074974,0.013798578642308712,0.2652268996918891
WRD25,mobilenetv3,green_channel_shift_45,98,10,0.8994230031967163,0.0257793627679348,0.0747976005077362,0.553409063999904
WRD25,mobilenetv3,green_channel_shift_45,99,10,0.735646665096283,0.22595210373401642,0.03840133920311928,0.9912921520859693
WRD25,mobilenetv3,green_channel_shift_45,100,10,0.8207030296325684,0.1330917328596115,0.04620535299181938,0.8261449664676701
WRD25,mobilenetv3,green_channel_shift_45,101,10,0.795156717300415,0.17594893276691437,0.02889423258602619,0.8517515120063048
WRD25,mobilenetv3,green_channel_shift_45,102,10,0.9050609469413757,0.07696866244077682,0.01797041855752468,0.5191989651125838
WRD25,mobilenetv3,green_channel_shift_45,103,10,0.9581927061080933,0.02841034159064293,0.013396882452070713,0.2883476180462542
WRD25,mobilenetv3,green_channel_shift_45,104,10,0.3093360662460327,0.6450082063674927,0.0456557460129261,1.134976353280302
WRD25,mobilenetv3,green_channel_shift_45,105,10,0.3893210291862488,0.5454846620559692,0.065194271504879,1.2636268981865004
WRD25,mobilenetv3,green_channel_shift_45,106,10,0.4462045133113861,0.4867677390575409,0.06702785193920135,1.286432556019721
WRD25,mobilenetv3,green_channel_shift_45,107,11,0.17906373739242554,0.02583290822803974,0.7951034307479858,0.8436068074578221
WRD25,mobilenetv3,green_channel_shift_45,108,11,0.033254433423280716,0.7481677532196045,0.21857786178588867,0.9559593170607922
WRD25,mobilenetv3,green_channel_shift_45,109,11,0.024958644062280655,0.6555733680725098,0.3194679021835327,1.0581701794390743
WRD25,mobilenetv3,green_channel_shift_45,110,11,0.03227999806404114,0.6664847135543823,0.3012353479862213,1.071470387372723
WRD25,mobilenetv3,green_channel_shift_45,111,11,0.02896725945174694,0.6135061979293823,0.35752663016319275,1.1109619348533057
WRD25,mobilenetv3,green_channel_shift_45,112,11,0.0472458153963089,0.856573760509491,0.09618041664361954,0.7242795473881072
WRD25,mobilenetv3,green_channel_shift_45,113,11,0.7713703513145447,0.034416314214468,0.19421325623989105,0.9153468801193427
WRD25,mobilenetv3,green_channel_shift_45,114,12,0.3684367835521698,0.539254903793335,0.09230824559926987,1.328492213303687
WRD25,mobilenetv3,green_channel_shift_45,115,13,0.6262707114219666,0.1184261217713356,0.25530314445495605,1.2902049361540924
WRD25,mobilenetv3,green_channel_shift_45,116,13,0.7787618637084961,0.1723124384880066,0.048925723880529404,0.9310613137934561
WRD25,mobilenetv3,green_channel_shift_45,117,13,0.5790592432022095,0.17284023761749268,0.24810048937797546,1.393071370080984
WRD25,mobilenetv3,green_channel_shift_45,118,13,0.037531908601522446,0.4313073456287384,0.5311607718467712,1.1858411368237338
WRD25,mobilenetv3,green_channel_shift_45,119,13,0.009633631445467472,0.40917256474494934,0.5811938047409058,1.0470578583887407
WRD25,mobilenetv3,green_channel_shift_45,120,13,0.5315377116203308,0.19837506115436554,0.27008721232414246,1.4576405365578984
WRD25,mobilenetv3,green_channel_shift_45,121,14,0.2465764433145523,0.016559306532144547,0.7368643283843994,0.9206366663799839
WRD25,mobilenetv3,green_channel_shift_45,122,14,0.440909743309021,0.34334471821784973,0.21574550867080688,1.527798856054464
WRD25,mobilenetv3,green_channel_shift_45,123,14,0.419133722782135,0.5073330998420715,0.07353316992521286,1.2993733395679687
WRD25,mobilenetv3,green_channel_shift_45,124,14,0.5214876532554626,0.24318762123584747,0.2353246808052063,1.477086464655212
WRD25,mobilenetv3,green_channel_shift_45,125,14,0.6791520118713379,0.06247057020664215,0.25837746262550354,1.1334915542035553
WRD25,mobilenetv3,green_channel_shift_45,126,15,0.2593776285648346,0.3810356557369232,0.3595866560935974,1.5659799827256613
WRD25,mobilenetv3,green_channel_shift_45,127,15,0.33017441630363464,0.336839497089386,0.332986056804657,1.5849140664616677
WRD25,mobilenetv3,green_channel_shift_45,128,15,0.37890568375587463,0.24960850179195404,0.37148594856262207,1.5609955806339755
WRD25,mobilenetv3,green_channel_shift_45,129,15,0.3340698480606079,0.30351096391677856,0.3624192178249359,1.5811968590324312
WRD25,mobilenetv3,green_channel_shift_45,130,15,0.28869467973709106,0.39783453941345215,0.31347084045410156,1.5710996868655507
WRD25,mobilenetv3,green_channel_shift_45,131,15,0.20770491659641266,0.39246827363967896,0.3998267650604248,1.529318600080635
WRD25,mobilenetv3,green_channel_shift_45,132,15,0.3910614848136902,0.36655715107917786,0.24238131940364838,1.556024827224396
WRD25,mobilenetv3,green_channel_shift_45,133,15,0.4044722616672516,0.3611581325531006,0.23436962068080902,1.5494129357501079
WRD25,mobilenetv3,green_channel_shift_45,134,15,0.3097996413707733,0.35066157579421997,0.3395387828350067,1.5830130968435774
WRD25,mobilenetv3,green_channel_shift_45,135,15,0.5185449123382568,0.1557753086090088,0.3256796896457672,1.4362656117570545
WRD25,mobilenetv3,green_channel_shift_45,136,15,0.48711660504341125,0.25739234685897827,0.2554910182952881,1.5123993216627043
WRD25,mobilenetv3,green_channel_shift_45,137,15,0.4314837157726288,0.2940301299095154,0.2744861841201782,1.5544434252211496
WRD25,mobilenetv3,green_channel_shift_45,138,15,0.5269896984100342,0.20896291732788086,0.2640472650527954,1.4662695156412604
WRD25,mobilenetv3,green_channel_shift_45,139,15,0.44569826126098633,0.21341945230960846,0.3408823013305664,1.5244435135675285
WRD25,mobilenetv3,green_channel_shift_45,140,15,0.4345419108867645,0.4400117099285126,0.1254463791847229,1.419345218393776
WRD25,mobilenetv3,green_channel_shift_45,141,16,0.03623221814632416,0.2560783624649048,0.7076893448829651,1.0297141055032197
WRD25,mobilenetv3,green_channel_shift_45,142,16,0.05515741929411888,0.07924946397542953,0.8655931949615479,0.7006762425628005
WRD25,mobilenetv3,green_channel_shift_45,143,16,0.05220120772719383,0.21124574542045593,0.7365529537200928,1.0211128096112732
WRD25,mobilenetv3,green_channel_shift_45,144,16,0.06653954833745956,0.6530222296714783,0.2804381847381592,1.1760138131284616
WRD25,mobilenetv3,green_channel_shift_45,145,16,0.02618451416492462,0.6130958795547485,0.3607195317745209,1.10097249539814
WRD25,mobilenetv3,green_channel_shift_45,146,16,0.08339172601699829,0.5520001649856567,0.3646079897880554,1.30279604743191
WRD25,mobilenetv3,green_channel_shift_45,147,16,0.12419375032186508,0.21838019788265228,0.657426118850708,1.2509121012346176
WRD25,mobilenetv3,green_channel_shift_45,148,17,0.031974222511053085,0.552300214767456,0.4157255291938782,1.1582776936754855
WRD25,mobilenetv3,green_channel_shift_45,149,17,0.67097008228302,0.32150599360466003,0.007523966953158379,0.9656719201116345
WRD25,mobilenetv3,green_channel_shift_45,150,17,0.010324236005544662,0.5941736698150635,0.39550212025642395,1.0436455099850492
WRD25,mobilenetv3,green_channel_shift_45,151,17,0.24956455826759338,0.3469822108745575,0.4034532904624939,1.557954396249317
WRD25,mobilenetv3,green_channel_shift_45,152,18,0.08790627866983414,0.6859290599822998,0.22616471350193024,1.1664434210521946
WRD25,mobilenetv3,green_channel_shift_45,153,18,0.025696799159049988,0.14298667013645172,0.8313164710998535,0.7585357332649196
WRD25,mobilenetv3,green_channel_shift_45,154,18,0.4544972777366638,0.015790967270731926,0.5297117829322815,1.0971645092675049
WRD25,mobilenetv3,green_channel_shift_45,155,18,0.043357912451028824,0.3450334370136261,0.611608624458313,1.1598239528823515
WRD25,mobilenetv3,green_channel_shift_45,156,18,0.3377586603164673,0.45271092653274536,0.20953035354614258,1.518952327675548
WRD25,mobilenetv3,green_channel_shift_45,157,18,0.2581128776073456,0.5738484263420105,0.1680387705564499,1.3965205833806578
WRD25,mobilenetv3,green_channel_shift_45,158,18,0.5406595468521118,0.08824021369218826,0.3711002767086029,1.3194491507866137
WRD25,mobilenetv3,green_channel_shift_45,159,18,0.5045269727706909,0.11314478516578674,0.38232818245887756,1.3840000226974847
WRD25,mobilenetv3,green_channel_shift_45,160,18,0.5859718918800354,0.14267182350158691,0.2713562250137329,1.3632604667411719
WRD25,mobilenetv3,green_channel_shift_45,161,18,0.08049305528402328,0.4380001425743103,0.4815067648887634,1.32193560999754
WRD25,mobilenetv3,green_channel_shift_45,162,18,0.44780370593070984,0.1657061129808426,0.386490136384964,1.4788278359152467
WRD25,mobilenetv3,green_channel_shift_45,163,18,0.16519272327423096,0.4649229347705841,0.36988434195518494,1.4735743128799759
WRD25,mobilenetv3,green_channel_shift_45,164,18,0.18177662789821625,0.3477465808391571,0.47047674655914307,1.488842086660331
WRD25,mobilenetv3,green_channel_shift_45,165,18,0.06670886278152466,0.5652472376823425,0.36804381012916565,1.2565256199664365
WRD25,mobilenetv3,green_channel_shift_45,166,18,0.43104949593544006,0.16375423967838287,0.40519630908966064,1.4788848204281568
WRD25,mobilenetv3,green_channel_shift_45,167,18,0.11424628645181656,0.04109844192862511,0.8446552157402039,0.7525436718037463
WRD25,mobilenetv3,green_channel_shift_45,168,18,0.2769269645214081,0.5490971207618713,0.173975870013237,1.4268298277653395
WRD25,mobilenetv3,green_channel_shift_45,169,18,0.4550929367542267,0.3960384130477905,0.1488686501979828,1.4551751598636453
WRD25,mobilenetv3,green_channel_shift_45,170,19,0.05273502320051193,0.03598954528570175,0.9112755060195923,0.5186292175741762
WRD25,mobilenetv3,green_channel_shift_45,171,19,0.002969493390992284,0.5108915567398071,0.4861389696598053,1.0257954699243033
WRD25,mobilenetv3,green_channel_shift_45,172,19,0.014567583799362183,0.5390632152557373,0.4463692307472229,1.0888744967826165
WRD25,mobilenetv3,green_channel_shift_45,173,19,0.7123165130615234,0.2297387272119522,0.05794477462768555,1.0742103801173384
WRD25,mobilenetv3,green_channel_shift_45,174,20,0.30351749062538147,0.09789717197418213,0.598585307598114,1.293479454163272
WRD25,mobilenetv3,green_channel_shift_45,175,20,0.05143145099282265,0.45623770356178284,0.4923308789730072,1.2400244582992295
WRD25,mobilenetv3,green_channel_shift_45,176,20,0.08598953485488892,0.4911666810512543,0.42284372448921204,1.3332627849289507
WRD25,mobilenetv3,green_channel_shift_45,177,20,0.07818581908941269,0.4817653298377991,0.44004881381988525,1.3162062397071712
WRD25,mobilenetv3,green_channel_shift_45,178,21,0.023255489766597748,0.1596304029226303,0.8171140551567078,0.7868626831217642
WRD25,mobilenetv3,green_channel_shift_45,179,21,0.1766180694103241,0.7267126441001892,0.0966692864894867,1.1023090991867357
WRD25,mobilenetv3,green_channel_shift_45,180,21,0.07294939458370209,0.7536416053771973,0.17340905964374542,1.021384597295802
WRD25,mobilenetv3,green_channel_shift_45,181,21,0.05487869307398796,0.6501121520996094,0.29500919580459595,1.1532467154729815
WRD25,mobilenetv3,green_channel_shift_45,182,21,0.5034531950950623,0.12437548488378525,0.3721712827682495,1.4031811740362692
WRD25,mobilenetv3,green_channel_shift_45,183,21,0.5680902600288391,0.046381790190935135,0.38552793860435486,1.1990743190428363
WRD25,mobilenetv3,green_channel_shift_45,184,21,0.48971593379974365,0.06677552312612534,0.443508505821228,1.2853470889786307
WRD25,mobilenetv3,green_channel_shift_45,185,22,0.04103163629770279,0.6311264634132385,0.32784193754196167,1.1355789571807595
WRD25,mobilenetv3,green_channel_shift_45,186,22,0.38482245802879333,0.5434761643409729,0.0717013031244278,1.2808836257647558
WRD25,mobilenetv3,green_channel_shift_45,187,22,0.06622093915939331,0.756855845451355,0.17692317068576813,1.0056429524789443
WRD25,mobilenetv3,green_channel_shift_45,188,22,0.07383289933204651,0.7395406365394592,0.18662644922733307,1.0514698567018592
WRD25,mobilenetv3,green_channel_shift_45,189,22,0.10137370973825455,0.6175609827041626,0.28106531500816345,1.2788166042401152
WRD25,mobilenetv3,green_channel_shift_45,190,23,0.09128350019454956,0.22576606273651123,0.6829503774642944,1.175713264648513
WRD25,mobilenetv3,green_channel_shift_45,191,23,0.034411702305078506,0.3256916105747223,0.6398966908454895,1.106530597652688
WRD25,mobilenetv3,green_channel_shift_45,192,23,0.17207203805446625,0.48831504583358765,0.3396129608154297,1.470980099759712
WRD25,mobilenetv3,green_channel_shift_45,193,23,0.24010075628757477,0.5128045678138733,0.24709461629390717,1.4866498425777477
WRD25,mobilenetv3,green_channel_shift_45,194,24,0.5502081513404846,0.04632449895143509,0.4034673571586609,1.2078970380299376
WRD25,mobilenetv3,green_channel_shift_45,195,24,0.46140480041503906,0.4743325710296631,0.06426258385181427,1.2797469572734648
WRD25,mobilenetv3,green_channel_shift_45,196,24,0.6051701307296753,0.03878960758447647,0.35604023933410645,1.1508114938194027
WRD25,mobilenetv3,green_channel_shift_45,197,24,0.3614228069782257,0.4181008040904999,0.22047637403011322,1.537584745099807
WRD25,mobilenetv3,green_channel_shift_45,198,24,0.47702667117118835,0.042645879089832306,0.4803274869918823,1.2116405332782993
WRD25,mobilenetv3,green_channel_shift_45,199,24,0.13941696286201477,0.46668511629104614,0.3938978910446167,1.4388467757761234
WRD25,mobilenetv3,blue_channel_shift_-45,0,0,0.15825040638446808,0.549961507320404,0.29178810119628906,1.413806499689422
WRD25,mobilenetv3,blue_channel_shift_-45,1,0,0.3578766882419586,0.06112140789628029,0.5810019969940186,1.232140526738183
WRD25,mobilenetv3,blue_channel_shift_-45,2,0,0.32726219296455383,0.18104101717472076,0.4916967451572418,1.477329459910234
WRD25,mobilenetv3,blue_channel_shift_-45,3,0,0.27398908138275146,0.2561553716659546,0.46985548734664917,1.527088140684027
WRD25,mobilenetv3,blue_channel_shift_-45,4,0,0.1838596612215042,0.45555582642555237,0.360584557056427,1.496598439638453
WRD25,mobilenetv3,blue_channel_shift_-45,5,0,0.24333041906356812,0.3456754982471466,0.41099411249160767,1.5531320764594039
WRD25,mobilenetv3,blue_channel_shift_-45,6,0,0.43615949153900146,0.2754738926887512,0.28836652636528015,1.55183592389036
WRD25,mobilenetv3,blue_channel_shift_-45,7,0,0.3235577642917633,0.2619668245315552,0.41447556018829346,1.559633292733453
WRD25,mobilenetv3,blue_channel_shift_-45,8,0,0.2955034375190735,0.24357813596725464,0.46091848611831665,1.5310565472188185
WRD25,mobilenetv3,blue_channel_shift_-45,9,0,0.39969518780708313,0.21921083331108093,0.3810940086841583,1.539193356076641
WRD25,mobilenetv3,blue_channel_shift_-45,10,0,0.40449270606040955,0.3336530923843384,0.2618541419506073,1.5627656898275653
WRD25,mobilenetv3,blue_channel_shift_-45,11,0,0.3770647644996643,0.18498927354812622,0.4379459321498871,1.5025980449848038
WRD25,mobilenetv3,blue_channel_shift_-45,12,0,0.3867926299571991,0.18081656098365784,0.43239083886146545,1.4992117318759655
WRD25,mobilenetv3,blue_channel_shift_-45,13,0,0.4560020864009857,0.08299817889928818,0.4609997570514679,1.329638513258713
WRD25,mobilenetv3,blue_channel_shift_-45,14,0,0.18571186065673828,0.3013542890548706,0.5129337906837463,1.4665873016455508
WRD25,mobilenetv3,blue_channel_shift_-45,15,0,0.3952040374279022,0.11741994321346283,0.48737597465515137,1.3975225538132325
WRD25,mobilenetv3,blue_channel_shift_-45,16,0,0.408585786819458,0.08745689690113068,0.5039572715759277,1.3332637934129323
WRD25,mobilenetv3,blue_channel_shift_-45,17,0,0.2614242136478424,0.216506227850914,0.5220694541931152,1.4734749358622208
WRD25,mobilenetv3,blue_channel_shift_-45,18,1,0.8641024231910706,0.08813966065645218,0.04775796830654144,0.7005032159280419
WRD25,mobilenetv3,blue_channel_shift_-45,19,1,0.16568411886692047,0.5339563488960266,0.3003595471382141,1.4342363813414196
WRD25,mobilenetv3,blue_channel_shift_-45,20,1,0.18255427479743958,0.7331879138946533,0.08425775915384293,1.0769167933601143
WRD25,mobilenetv3,blue_channel_shift_-45,21,1,0.024183489382267,0.6050460934638977,0.3707703649997711,1.0991704530197746
WRD25,mobilenetv3,blue_channel_shift_-45,22,1,0.040039654821157455,0.5791680216789246,0.3807922899723053,1.1726490168563766
WRD25,mobilenetv3,blue_channel_shift_-45,23,1,0.018232721835374832,0.5920745730400085,0.38969266414642334,1.0828558448240426
WRD25,mobilenetv3,blue_channel_shift_-45,24,1,0.016699139028787613,0.6013892292976379,0.38191166520118713,1.0701462942030195
WRD25,mobilenetv3,blue_channel_shift_-45,25,2,0.0083615742623806,0.4552791118621826,0.5363593101501465,1.056575253114668
WRD25,mobilenetv3,blue_channel_shift_-45,26,2,0.039891842752695084,0.706126868724823,0.25398141145706177,1.0420573891892748
WRD25,mobilenetv3,blue_channel_shift_-45,27,2,0.06727571785449982,0.6659206748008728,0.2668035328388214,1.1611380722131162
WRD25,mobilenetv3,blue_channel_shift_-45,28,2,0.36761707067489624,0.5644961595535278,0.06788679957389832,1.2598769195252133
WRD25,mobilenetv3,blue_channel_shift_-45,29,2,0.24345941841602325,0.6961531043052673,0.060387492179870605,1.1045322886679776
WRD25,mobilenetv3,blue_channel_shift_-45,30,2,0.34720149636268616,0.6215326189994812,0.031265854835510254,1.11262193860159
WRD25,mobilenetv3,blue_channel_shift_-45,31,2,0.03956790640950203,0.04546353220939636,0.9149686098098755,0.5044005837076407
WRD25,mobilenetv3,blue_channel_shift_-45,32,2,0.05117976292967796,0.8045535087585449,0.1442667692899704,0.874858072940883
WRD25,mobilenetv3,blue_channel_shift_-45,33,2,0.0508367121219635,0.9074824452400208,0.041680801659822464,0.5366804319412246
WRD25,mobilenetv3,blue_channel_shift_-45,34,2,0.24550402164459229,0.7119158506393433,0.042580101639032364,1.0403280667723267
WRD25,mobilenetv3,blue_channel_shift_-45,35,2,0.5378122925758362,0.4384179711341858,0.023769715800881386,1.131030604123867
WRD25,mobilenetv3,blue_channel_shift_-45,36,3,0.003661553841084242,0.03084692917764187,0.9654915928840637,0.23336268712995129
WRD25,mobilenetv3,blue_channel_shift_-45,37,3,0.04518373683094978,0.9428609609603882,0.011955378577113152,0.3582657101039245
WRD25,mobilenetv3,blue_channel_shift_-45,38,3,0.003515510354191065,0.037267159670591354,0.9592173099517822,0.26314728736691934
WRD25,mobilenetv3,blue_channel_shift_-45,39,3,0.8993118405342102,0.056535862386226654,0.044152192771434784,0.5707595370303631
WRD25,mobilenetv3,blue_channel_shift_-45,40,3,0.0356413908302784,0.6110417246818542,0.35331690311431885,1.1360034986724061
WRD25,mobilenetv3,blue_channel_shift_-45,41,4,0.7203073501586914,0.0024051829241216183,0.2772873640060425,0.874989856280463
WRD25,mobilenetv3,blue_channel_shift_-45,42,4,0.03235273063182831,0.9352843165397644,0.032362934201955795,0.41060231439198414
WRD25,mobilenetv3,blue_channel_shift_-45,43,4,0.02035888470709324,0.5390094518661499,0.4406317174434662,1.115953531888144
WRD25,mobilenetv3,blue_channel_shift_-45,44,4,0.4751303791999817,0.42833057045936584,0.09653905779123306,1.3596390854031153
WRD25,mobilenetv3,blue_channel_shift_-45,45,4,0.5513486862182617,0.029348691925406456,0.41930267214775085,1.1487682090958344
WRD25,mobilenetv3,blue_channel_shift_-45,46,5,0.006472693756222725,0.0428459495306015,0.9506812691688538,0.31115518770889
WRD25,mobilenetv3,blue_channel_shift_-45,47,5,0.02071635238826275,0.6356679201126099,0.3436158001422882,1.0609329757909423
WRD25,mobilenetv3,blue_channel_shift_-45,48,5,0.0072266156785190105,0.5105079412460327,0.4822654724121094,1.0539808276517255
WRD25,mobilenetv3,blue_channel_shift_-45,49,5,0.011052393354475498,0.5750181078910828,0.4139295518398285,1.0576269730301044
WRD25,mobilenetv3,blue_channel_shift_-45,50,6,0.9338613152503967,0.03953249379992485,0.026606319472193718,0.41565102724626274
WRD25,mobilenetv3,blue_channel_shift_-45,51,6,0.03627666085958481,0.9374740719795227,0.026249246671795845,0.3987521538246248
WRD25,mobilenetv3,blue_channel_shift_-45,52,6,0.02033364027738571,0.03254014626145363,0.9471262097358704,0.34930395994578267
WRD25,mobilenetv3,blue_channel_shift_-45,53,7,0.3215492367744446,0.481720894575119,0.19672991335391998,1.4954159370213558
WRD25,mobilenetv3,blue_channel_shift_-45,54,7,0.00831560231745243,0.48779410123825073,0.503890335559845,1.060903294718384
WRD25,mobilenetv3,blue_channel_shift_-45,55,7,0.025596052408218384,0.7559341788291931,0.21846970915794373,0.9199269148909925
WRD25,mobilenetv3,blue_channel_shift_-45,56,7,0.6664049029350281,0.017767325043678284,0.31582769751548767,1.018665096186919
WRD25,mobilenetv3,blue_channel_shift_-45,57,7,0.38138455152511597,0.5197121500968933,0.0989033654332161,1.3512279564071061
WRD25,mobilenetv3,blue_channel_shift_-45,58,7,0.18772467970848083,0.6533418893814087,0.1589333415031433,1.2759790985060029
WRD25,mobilenetv3,blue_channel_shift_-45,59,7,0.12540896236896515,0.7396307587623596,0.13496041297912598,1.0874197334552662
WRD25,mobilenetv3,blue_channel_shift_-45,60,7,0.4665728211402893,0.34655651450157166,0.18687069416046143,1.4951835217138392
WRD25,mobilenetv3,blue_channel_shift_-45,61,7,0.5064672827720642,0.42675837874412537,0.06677426397800446,1.2820776047247386
WRD25,mobilenetv3,blue_channel_shift_-45,62,7,0.28168168663978577,0.6270603537559509,0.0912579670548439,1.252286406510281
WRD25,mobilenetv3,blue_channel_shift_-45,63,7,0.1540420651435852,0.7101803421974182,0.1357775777578354,1.1574769618784304
WRD25,mobilenetv3,blue_channel_shift_-45,64,7,0.278232604265213,0.645427942276001,0.07633940875530243,1.2045432975200663
WRD25,mobilenetv3,blue_channel_shift_-45,65,7,0.5805075764656067,0.036084722727537155,0.3834078013896942,1.1586803617009076
WRD25,mobilenetv3,blue_channel_shift_-45,66,7,0.6872529983520508,0.06613397598266602,0.2466130405664444,1.1290863505664697
WRD25,mobilenetv3,blue_channel_shift_-45,67,7,0.38885262608528137,0.3046582043170929,0.3064892292022705,1.5751985394642378
WRD25,mobilenetv3,blue_channel_shift_-45,68,7,0.3091510534286499,0.39400142431259155,0.2968475818634033,1.5731517017083778
WRD25,mobilenetv3,blue_channel_shift_-45,69,8,0.14722414314746857,0.6587423086166382,0.19403357803821564,1.2626286664416044
WRD25,mobilenetv3,blue_channel_shift_-45,70,8,0.2864767909049988,0.5079692006111145,0.2055540233850479,1.4822033009508755
WRD25,mobilenetv3,blue_channel_shift_-45,71,8,0.30803024768829346,0.5190756320953369,0.17289406061172485,1.4521105926140314
WRD25,mobilenetv3,blue_channel_shift_-45,72,8,0.19793890416622162,0.7425985932350159,0.05946245789527893,1.0235132357430727
WRD25,mobilenetv3,blue_channel_shift_-45,73,8,0.2990323603153229,0.5904571413993835,0.11051052808761597,1.3207808421384488
WRD25,mobilenetv3,blue_channel_shift_-45,74,8,0.26907116174697876,0.5866532325744629,0.14427559077739716,1.3639637908853182
WRD25,mobilenetv3,blue_channel_shift_-45,75,8,0.2277124673128128,0.6751317977905273,0.09715573489665985,1.1955270046942181
WRD25,mobilenetv3,blue_channel_shift_-45,76,8,0.5626611709594727,0.3500191271305084,0.08731973171234131,1.3040717961242305
WRD25,mobilenetv3,blue_channel_shift_-45,77,8,0.3819237947463989,0.4677791893482208,0.15029692649841309,1.4540175974981688
WRD25,mobilenetv3,blue_channel_shift_-45,78,8,0.3644201159477234,0.4097237288951874,0.22585611045360565,1.5429476940993034
WRD25,mobilenetv3,blue_channel_shift_-45,79,8,0.35937270522117615,0.38328754901885986,0.25733956694602966,1.564810001458338
WRD25,mobilenetv3,blue_channel_shift_-45,80,8,0.17924505472183228,0.6769136190414429,0.14384125173091888,1.22798840320008
WRD25,mobilenetv3,blue_channel_shift_-45,81,8,0.44539836049079895,0.40552783012390137,0.1490737497806549,1.4570956845491256
WRD25,mobilenetv3,blue_channel_shift_-45,82,8,0.46393969655036926,0.28901800513267517,0.24704226851463318,1.5299316219031462
WRD25,mobilenetv3,blue_channel_shift_-45,83,8,0.5439145565032959,0.3152739405632019,0.1408115178346634,1.4011256498384013
WRD25,mobilenetv3,blue_channel_shift_-45,84,8,0.36782893538475037,0.45800939202308655,0.1741616427898407,1.4858575267795726
WRD25,mobilenetv3,blue_channel_shift_-45,85,8,0.5276483297348022,0.3517417907714844,0.12060991674661636,1.3849474895687435
WRD25,mobilenetv3,blue_channel_shift_-45,86,9,0.5710091590881348,0.13981392979621887,0.28917691111564636,1.3760822222501727
WRD25,mobilenetv3,blue_channel_shift_-45,87,9,0.04293176531791687,0.49871042370796204,0.4583578109741211,1.2114169951399307
WRD25,mobilenetv3,blue_channel_shift_-45,88,9,0.6412226557731628,0.25945958495140076,0.09931772202253342,1.2470137244152384
WRD25,mobilenetv3,blue_channel_shift_-45,89,9,0.0930519625544548,0.41795673966407776,0.48899126052856445,1.3495062901040984
WRD25,mobilenetv3,blue_channel_shift_-45,90,9,0.023762645199894905,0.4729194641113281,0.5033178329467773,1.1376294136825942
WRD25,mobilenetv3,blue_channel_shift_-45,91,9,0.038240257650613785,0.48953285813331604,0.4722268283367157,1.1956999340886107
WRD25,mobilenetv3,blue_channel_shift_-45,92,9,0.015760963782668114,0.4872835874557495,0.4969554543495178,1.1010973800354678
WRD25,mobilenetv3,blue_channel_shift_-45,93,9,0.644137442111969,0.05818049982190132,0.297681987285614,1.1678713794338678
WRD25,mobilenetv3,blue_channel_shift_-45,94,9,0.04999705031514168,0.5740751028060913,0.3759278357028961,1.2063550491923136
WRD25,mobilenetv3,blue_channel_shift_-45,95,9,0.3536512851715088,0.5214267373085022,0.12492198497056961,1.3950755529130803
WRD25,mobilenetv3,blue_channel_shift_-45,96,9,0.06243261322379112,0.5257784724235535,0.41178885102272034,1.2645722904561634
WRD25,mobilenetv3,blue_channel_shift_-45,97,10,0.9164688587188721,0.02716570533812046,0.05636539310216904,0.49051098019961903
WRD25,mobilenetv3,blue_channel_shift_-45,98,10,0.8916131258010864,0.032430630177259445,0.07595627754926682,0.5904468355201069
WRD25,mobilenetv3,blue_channel_shift_-45,99,10,0.7401235699653625,0.22436700761318207,0.035509441047906876,0.9760850781257449
WRD25,mobilenetv3,blue_channel_shift_-45,100,10,0.8460100293159485,0.12128246575593948,0.03270754590630531,0.7346195165983671
WRD25,mobilenetv3,blue_channel_shift_-45,101,10,0.677505612373352,0.23998726904392242,0.08250699192285538,1.1716489546763438
WRD25,mobilenetv3,blue_channel_shift_-45,102,10,0.8485050201416016,0.13242605328559875,0.019069021567702293,0.6962866080910493
WRD25,mobilenetv3,blue_channel_shift_-45,103,10,0.8707139492034912,0.030951296910643578,0.09833476692438126,0.6581357512903794
WRD25,mobilenetv3,blue_channel_shift_-45,104,10,0.39139676094055176,0.5527827739715576,0.05582045018672943,1.2348081569566256
WRD25,mobilenetv3,blue_channel_shift_-45,105,10,0.387274831533432,0.5395651459693909,0.07315998524427414,1.2863145695741918
WRD25,mobilenetv3,blue_channel_shift_-45,106,10,0.49141770601272583,0.4409986734390259,0.06758366525173187,1.2872896992009268
WRD25,mobilenetv3,blue_channel_shift_-45,107,11,0.21632206439971924,0.021895945072174072,0.7617819905281067,0.897554783329353
WRD25,mobilenetv3,blue_channel_shift_-45,108,11,0.037331484258174896,0.7520043253898621,0.21066415309906006,0.9596538357755903
WRD25,mobilenetv3,blue_channel_shift_-45,109,11,0.027924809604883194,0.7271380424499512,0.24493710696697235,0.9755249279827765
WRD25,mobilenetv3,blue_channel_shift_-45,110,11,0.03222670033574104,0.6857562065124512,0.28201717138290405,1.047917621302281
WRD25,mobilenetv3,blue_channel_shift_-45,111,11,0.035567957907915115,0.7208101749420166,0.24362196028232574,1.0079705412010183
WRD25,mobilenetv3,blue_channel_shift_-45,112,11,0.054539844393730164,0.8667073249816895,0.07875293493270874,0.6965022588129495
WRD25,mobilenetv3,blue_channel_shift_-45,113,11,0.7102919220924377,0.02675447426736355,0.2629535496234894,0.9970509001005715
WRD25,mobilenetv3,blue_channel_shift_-45,114,12,0.48250728845596313,0.4470442533493042,0.07044844329357147,1.2961703126109663
WRD25,mobilenetv3,blue_channel_shift_-45,115,13,0.6080456376075745,0.12994584441184998,0.2620086073875427,1.3252695683504045
WRD25,mobilenetv3,blue_channel_shift_-45,116,13,0.7888603210449219,0.02912764810025692,0.18201199173927307,0.8658750467543439
WRD25,mobilenetv3,blue_channel_shift_-45,117,13,0.5735800266265869,0.13345880806446075,0.292961061000824,1.3666402157144937
WRD25,mobilenetv3,blue_channel_shift_-45,118,13,0.029626945033669472,0.4218665361404419,0.5485065579414368,1.1509345551477916
WRD25,mobilenetv3,blue_channel_shift_-45,119,13,0.010217414237558842,0.42984431982040405,0.559938371181488,1.0596434080305435
WRD25,mobilenetv3,blue_channel_shift_-45,120,13,0.4365207850933075,0.22503012418746948,0.33844900131225586,1.5352398418775555
WRD25,mobilenetv3,blue_channel_shift_-45,121,14,0.26613378524780273,0.05245920643210411,0.6814070343971252,1.1084455387040824
WRD25,mobilenetv3,blue_channel_shift_-45,122,14,0.45461606979370117,0.33298811316490173,0.2123958319425583,1.520038310386228
WRD25,mobilenetv3,blue_channel_shift_-45,123,14,0.4219599962234497,0.5008743405342102,0.0771656185388565,1.3100731095617912
WRD25,mobilenetv3,blue_channel_shift_-45,124,14,0.5281158089637756,0.26450157165527344,0.2073826640844345,1.464602528542503
WRD25,mobilenetv3,blue_channel_shift_-45,125,14,0.6642786264419556,0.0782359316945076,0.2574853003025055,1.1836258310696315
WRD25,mobilenetv3,blue_channel_shift_-45,126,15,0.3761156499385834,0.28888553380966187,0.33499875664711,1.576675849389059
WRD25,mobilenetv3,blue_channel_shift_-45,127,15,0.3625381886959076,0.341551274061203,0.2959105670452118,1.5798725293471532
WRD25,mobilenetv3,blue_channel_shift_-45,128,15,0.3792704641819,0.32597464323043823,0.2947548031806946,1.577121521414611
WRD25,mobilenetv3,blue_channel_shift_-45,129,15,0.3721357583999634,0.2717967629432678,0.3560674488544464,1.5719785391063108
WRD25,mobilenetv3,blue_channel_shift_-45,130,15,0.27023544907569885,0.45011836290359497,0.2796461880207062,1.5425741337235936
WRD25,mobilenetv3,blue_channel_shift_-45,131,15,0.2512982189655304,0.3790591359138489,0.3696426749229431,1.561945620699448
WRD25,mobilenetv3,blue_channel_shift_-45,132,15,0.42549169063568115,0.35289695858955383,0.22161130607128143,1.5365965982979914
WRD25,mobilenetv3,blue_channel_shift_-45,133,15,0.3808012902736664,0.34621548652648926,0.27298322319984436,1.57154235660819
WRD25,mobilenetv3,blue_channel_shift_-45,134,15,0.30525487661361694,0.48607251048088074,0.2086726576089859,1.5001966309256693
WRD25,mobilenetv3,blue_channel_shift_-45,135,15,0.5051447749137878,0.1841837465763092,0.31067147850990295,1.4711961593251603
WRD25,mobilenetv3,blue_channel_shift_-45,136,15,0.46113571524620056,0.27711403369903564,0.26175034046173096,1.53418570983378
WRD25,mobilenetv3,blue_channel_shift_-45,137,15,0.42812180519104004,0.3463965952396393,0.22548164427280426,1.5383375129790198
WRD25,mobilenetv3,blue_channel_shift_-45,138,15,0.4914926290512085,0.2845722436904907,0.22393515706062317,1.503070276026968
WRD25,mobilenetv3,blue_channel_shift_-45,139,15,0.4675915241241455,0.2787731885910034,0.25363531708717346,1.5285193279788913
WRD25,mobilenetv3,blue_channel_shift_-45,140,15,0.4330463111400604,0.4552254378795624,0.11172828078269958,1.3929792642837662
WRD25,mobilenetv3,blue_channel_shift_-45,141,16,0.04305475950241089,0.2745663523674011,0.6823789477348328,1.0836058980866174
WRD25,mobilenetv3,blue_channel_shift_-45,142,16,0.012929636053740978,0.3675866723060608,0.6194837093353271,1.0398251479564897
WRD25,mobilenetv3,blue_channel_shift_-45,143,16,0.05564134567975998,0.2899119555950165,0.6544466614723206,1.1500638586834855
WRD25,mobilenetv3,blue_channel_shift_-45,144,16,0.059227026998996735,0.6590991020202637,0.28167396783828735,1.1527802992840535
WRD25,mobilenetv3,blue_channel_shift_-45,145,16,0.027038918808102608,0.6220322847366333,0.3509288728237152,1.0970603957477396
WRD25,mobilenetv3,blue_channel_shift_-45,146,16,0.07900181412696838,0.5839520692825317,0.33704617619514465,1.2713140784759882
WRD25,mobilenetv3,blue_channel_shift_-45,147,16,0.12044879049062729,0.19653670489788055,0.6830145716667175,1.2047544778712793
WRD25,mobilenetv3,blue_channel_shift_-45,148,17,0.02998291328549385,0.5414204001426697,0.4285966753959656,1.154835800347365
WRD25,mobilenetv3,blue_channel_shift_-45,149,17,0.6959130167961121,0.29522383213043213,0.008863099850714207,0.9440345907801219
WRD25,mobilenetv3,blue_channel_shift_-45,150,17,0.01475853193551302,0.614678144454956,0.370563268661499,1.0520532792279829
WRD25,mobilenetv3,blue_channel_shift_-45,151,17,0.2595230042934418,0.34088918566703796,0.39958783984184265,1.5631426736626355
WRD25,mobilenetv3,blue_channel_shift_-45,152,18,0.08986254781484604,0.6931010484695435,0.2170364409685135,1.157275867137356
WRD25,mobilenetv3,blue_channel_shift_-45,153,18,0.024604033678770065,0.1636260747909546,0.8117698431015015,0.8030481556846207
WRD25,mobilenetv3,blue_channel_shift_-45,154,18,0.007691656239330769,0.441936194896698,0.5503721237182617,1.0488121561881414
WRD25,mobilenetv3,blue_channel_shift_-45,155,18,0.02474948763847351,0.38365334272384644,0.5915971994400024,1.1103555618108079
WRD25,mobilenetv3,blue_channel_shift_-45,156,18,0.34515827894210815,0.4535142481327057,0.20132747292518616,1.5126105761439739
WRD25,mobilenetv3,blue_channel_shift_-45,157,18,0.27680832147598267,0.5476763248443604,0.17551547288894653,1.4292530082008872
WRD25,mobilenetv3,blue_channel_shift_-45,158,18,0.5067608952522278,0.1491512805223465,0.3440876603126526,1.4359874199494302
WRD25,mobilenetv3,blue_channel_shift_-45,159,18,0.5712687969207764,0.04731064662337303,0.3814205229282379,1.200076641239663
WRD25,mobilenetv3,blue_channel_shift_-45,160,18,0.5855565667152405,0.13232478499412537,0.28211861848831177,1.3532659985450848
WRD25,mobilenetv3,blue_channel_shift_-45,161,18,0.03467176854610443,0.44230103492736816,0.5230271220207214,1.1777577009943634
WRD25,mobilenetv3,blue_channel_shift_-45,162,18,0.4333378076553345,0.16849032044410706,0.3981718122959137,1.4846761537894562
WRD25,mobilenetv3,blue_channel_shift_-45,163,18,0.6143292188644409,0.1812266856431961,0.20444412529468536,1.3466108252261557
WRD25,mobilenetv3,blue_channel_shift_-45,164,18,0.19024188816547394,0.3482365608215332,0.46152156591415405,1.500265406329603
WRD25,mobilenetv3,blue_channel_shift_-45,165,18,0.07902362942695618,0.5545478463172913,0.3664284944534302,1.2917917787530486
WRD25,mobilenetv3,blue_channel_shift_-45,166,18,0.1458974927663803,0.41196516156196594,0.44213736057281494,1.4528113144323802
WRD25,mobilenetv3,blue_channel_shift_-45,167,18,0.11014416813850403,0.05164886265993118,0.8382070064544678,0.7847682956584596
WRD25,mobilenetv3,blue_channel_shift_-45,168,18,0.3073710501194,0.5302898287773132,0.16233915090560913,1.4342244705933846
WRD25,mobilenetv3,blue_channel_shift_-45,169,18,0.4733249545097351,0.39258551597595215,0.13408954441547394,1.429020060942474
WRD25,mobilenetv3,blue_channel_shift_-45,170,19,0.017125168815255165,0.4540918469429016,0.5287830829620361,1.103756148685769
WRD25,mobilenetv3,blue_channel_shift_-45,171,19,0.0017438328359276056,0.4963477849960327,0.5019083619117737,1.0167270999103042
WRD25,mobilenetv3,blue_channel_shift_-45,172,19,0.014949653297662735,0.5601136684417725,0.42493677139282227,1.0836835866250525
WRD25,mobilenetv3,blue_channel_shift_-45,173,19,0.6624802350997925,0.2741028666496277,0.06341687589883804,1.157689704598071
WRD25,mobilenetv3,blue_channel_shift_-45,174,20,0.359090119600296,0.09635848551988602,0.5445514917373657,1.3333330888399204
WRD25,mobilenetv3,blue_channel_shift_-45,175,20,0.06458869576454163,0.4811401665210724,0.45427101850509644,1.2802517260741584
WRD25,mobilenetv3,blue_channel_shift_-45,176,20,0.09853488206863403,0.5418779850006104,0.35958707332611084,1.3390244283655934
WRD25,mobilenetv3,blue_channel_shift_-45,177,20,0.12474381178617477,0.4751381278038025,0.4001178741455078,1.4134569502275771
WRD25,mobilenetv3,blue_channel_shift_-45,178,21,0.022202154621481895,0.02551901899278164,0.9522787928581238,0.3241913923384212
WRD25,mobilenetv3,blue_channel_shift_-45,179,21,0.0025611284654587507,0.7604684233665466,0.23697054386138916,0.8147041204211499
WRD25,mobilenetv3,blue_channel_shift_-45,180,21,0.13180796802043915,0.738906741142273,0.12928526103496552,1.0894672589187824
WRD25,mobilenetv3,blue_channel_shift_-45,181,21,0.06090556085109711,0.6465634703636169,0.29253095388412476,1.1714258435327545
WRD25,mobilenetv3,blue_channel_shift_-45,182,21,0.42519769072532654,0.16421428322792053,0.41058796644210815,1.4798983061272404
WRD25,mobilenetv3,blue_channel_shift_-45,183,21,0.5940811634063721,0.04662385582923889,0.35929498076438904,1.183113829800246
WRD25,mobilenetv3,blue_channel_shift_-45,184,21,0.458741694688797,0.11545681208372116,0.42580148577690125,1.3998171678825724
WRD25,mobilenetv3,blue_channel_shift_-45,185,22,0.042102228850126266,0.6429094076156616,0.314988374710083,1.1271086959531955
WRD25,mobilenetv3,blue_channel_shift_-45,186,22,0.5786658525466919,0.3490799069404602,0.07225428521633148,1.260614025956553
WRD25,mobilenetv3,blue_channel_shift_-45,187,22,0.06558515876531601,0.7991300225257874,0.13528494536876678,0.9067209524782185
WRD25,mobilenetv3,blue_channel_shift_-45,188,22,0.09153489023447037,0.7311562299728394,0.1773088425397873,1.088554616085623
WRD25,mobilenetv3,blue_channel_shift_-45,189,22,0.09421206265687943,0.6111776232719421,0.2946103513240814,1.274644567460566
WRD25,mobilenetv3,blue_channel_shift_-45,190,23,0.11296110600233078,0.27703991532325745,0.609998881816864,1.303422462853359
WRD25,mobilenetv3,blue_channel_shift_-45,191,23,0.05012592300772667,0.35407474637031555,0.5957993865013123,1.1919407493803427
WRD25,mobilenetv3,blue_channel_shift_-45,192,23,0.22045597434043884,0.4736555516719818,0.30588847398757935,1.5142938026018826
WRD25,mobilenetv3,blue_channel_shift_-45,193,23,0.25869277119636536,0.47046250104904175,0.27084460854530334,1.5268174145023092
WRD25,mobilenetv3,blue_channel_shift_-45,194,24,0.5789600014686584,0.04356089606881142,0.37747907638549805,1.1839791344285668
WRD25,mobilenetv3,blue_channel_shift_-45,195,24,0.4787716567516327,0.42592644691467285,0.09530187398195267,1.3563936658751232
WRD25,mobilenetv3,blue_channel_shift_-45,196,24,0.011845712549984455,0.5752660036087036,0.4128883183002472,1.0616139599268815
WRD25,mobilenetv3,blue_channel_shift_-45,197,24,0.35885533690452576,0.450614869594574,0.19052983820438385,1.5045293339079802
WRD25,mobilenetv3,blue_channel_shift_-45,198,24,0.5011689066886902,0.04576442390680313,0.4530666172504425,1.2206101984376987
WRD25,mobilenetv3,blue_channel_shift_-45,199,24,0.13561026751995087,0.4627002775669098,0.40168941020965576,1.4339068365436558
WRD25,mobilenetv3,blue_channel_shift_45,0,0,0.8358373045921326,0.0060932831838727,0.15806934237480164,0.6817549306880113
WRD25,mobilenetv3,blue_channel_shift_45,1,0,0.4086989760398865,0.15504829585552216,0.4362527132034302,1.4666342351125663
WRD25,mobilenetv3,blue_channel_shift_45,2,0,0.4121590852737427,0.16733846068382263,0.42050236463546753,1.4841811910938216
WRD25,mobilenetv3,blue_channel_shift_45,3,0,0.3745943307876587,0.15935863554477692,0.4660470187664032,1.4662234088672736
WRD25,mobilenetv3,blue_channel_shift_45,4,0,0.25924232602119446,0.4017786681652069,0.33897900581359863,1.5625134809349621
WRD25,mobilenetv3,blue_channel_shift_45,5,0,0.49093571305274963,0.07023409754037857,0.43883016705513,1.2944550628573555
WRD25,mobilenetv3,blue_channel_shift_45,6,0,0.4837995767593384,0.24581977725028992,0.2703806757926941,1.5145997291453264
WRD25,mobilenetv3,blue_channel_shift_45,7,0,0.3607708811759949,0.26104089617729187,0.3781881034374237,1.5669760026419524
WRD25,mobilenetv3,blue_channel_shift_45,8,0,0.40775948762893677,0.251651793718338,0.34058868885040283,1.5578789010803133
WRD25,mobilenetv3,blue_channel_shift_45,9,0,0.3972853422164917,0.24384742975234985,0.35886722803115845,1.556124040534732
WRD25,mobilenetv3,blue_channel_shift_45,10,0,0.4936259984970093,0.2773485481739044,0.22902555763721466,1.5029253061924626
WRD25,mobilenetv3,blue_channel_shift_45,11,0,0.4537053406238556,0.14346656203269958,0.4028279781341553,1.44759813528509
WRD25,mobilenetv3,blue_channel_shift_45,12,0,0.4450591802597046,0.18845269083976746,0.3664882481098175,1.5042747979890483
WRD25,mobilenetv3,blue_channel_shift_45,13,0,0.5049077272415161,0.07868929207324982,0.41640299558639526,1.312712166792044
WRD25,mobilenetv3,blue_channel_shift_45,14,0,0.46806004643440247,0.140056774020195,0.39188313484191895,1.4394566537741011
WRD25,mobilenetv3,blue_channel_shift_45,15,0,0.47272172570228577,0.07939264178276062,0.4478856325149536,1.3201594795691094
WRD25,mobilenetv3,blue_channel_shift_45,16,0,0.4475838243961334,0.1101243868470192,0.4422916769981384,1.3901439674960918
WRD25,mobilenetv3,blue_channel_shift_45,17,0,0.5170133113861084,0.07483945786952972,0.4081471264362335,1.2996276253474186
WRD25,mobilenetv3,blue_channel_shift_45,18,1,0.6562690734863281,0.09557583928108215,0.24815508723258972,1.22147320017153
WRD25,mobilenetv3,blue_channel_shift_45,19,1,0.18149475753307343,0.44793492555618286,0.3705703616142273,1.4965586577789003
WRD25,mobilenetv3,blue_channel_shift_45,20,1,0.22067278623580933,0.693125307559967,0.0862019807100296,1.1524257362620323
WRD25,mobilenetv3,blue_channel_shift_45,21,1,0.048593368381261826,0.6343439817428589,0.3170626759529114,1.153991216757626
WRD25,mobilenetv3,blue_channel_shift_45,22,1,0.06299926340579987,0.5437699556350708,0.39323076605796814,1.2587161553927217
WRD25,mobilenetv3,blue_channel_shift_45,23,1,0.034360386431217194,0.5951513051986694,0.3704882562160492,1.1433957345610517
WRD25,mobilenetv3,blue_channel_shift_45,24,1,0.024157389998435974,0.5685411691665649,0.4073013961315155,1.120722309371258
WRD25,mobilenetv3,blue_channel_shift_45,25,2,0.017998019233345985,0.43138787150382996,0.550614058971405,1.1015817930221234
WRD25,mobilenetv3,blue_channel_shift_45,26,2,0.03803285211324692,0.642393946647644,0.31957316398620605,1.1154829601344631
WRD25,mobilenetv3,blue_channel_shift_45,27,2,0.07233205437660217,0.6196681261062622,0.3079999089241028,1.2252123549148561
WRD25,mobilenetv3,blue_channel_shift_45,28,2,0.3837343156337738,0.5416042804718018,0.07466143369674683,1.2888977527534202
WRD25,mobilenetv3,blue_channel_shift_45,29,2,0.24177509546279907,0.6834718585014343,0.07475315779447556,1.1501819901522274
WRD25,mobilenetv3,blue_channel_shift_45,30,2,0.32678353786468506,0.64377361536026,0.02944287844002247,1.086077641766761
WRD25,mobilenetv3,blue_channel_shift_45,31,2,0.038418907672166824,0.03998463973402977,0.9215964674949646,0.4749098436473981
WRD25,mobilenetv3,blue_channel_shift_45,32,2,0.0479850210249424,0.8218131065368652,0.1302020251750946,0.8258525070903374
WRD25,mobilenetv3,blue_channel_shift_45,33,2,0.05393366888165474,0.8938538432121277,0.052212607115507126,0.5943074905826682
WRD25,mobilenetv3,blue_channel_shift_45,34,2,0.43939095735549927,0.5106779932975769,0.049930937588214874,1.2323105347788526
WRD25,mobilenetv3,blue_channel_shift_45,35,2,0.2628125250339508,0.6915013790130615,0.04568617418408394,1.0780883297595099
WRD25,mobilenetv3,blue_channel_shift_45,36,3,0.006042571272701025,0.03442429378628731,0.959533154964447,0.26903816930452507
WRD25,mobilenetv3,blue_channel_shift_45,37,3,0.048918917775154114,0.9401504397392273,0.01093072909861803,0.36789329697042106
WRD25,mobilenetv3,blue_channel_shift_45,38,3,0.050419777631759644,0.005356257781386375,0.9442239999771118,0.33589389643470347
WRD25,mobilenetv3,blue_channel_shift_45,39,3,0.8582075834274292,0.05741449072957039,0.08437789976596832,0.7269848920023845
WRD25,mobilenetv3,blue_channel_shift_45,40,3,0.8605808019638062,0.025866927579045296,0.1135522872209549,0.6791985518918136
WRD25,mobilenetv3,blue_channel_shift_45,41,4,0.661756157875061,0.28658658266067505,0.0516573004424572,1.1316930183508647
WRD25,mobilenetv3,blue_channel_shift_45,42,4,0.030796527862548828,0.9074702858924866,0.06173329800367355,0.5297810320454942
WRD25,mobilenetv3,blue_channel_shift_45,43,4,0.023267898708581924,0.5500215888023376,0.4267103374004364,1.1248874506728734
WRD25,mobilenetv3,blue_channel_shift_45,44,4,0.44487470388412476,0.40678393840789795,0.14834138751029968,1.456103305324192
WRD25,mobilenetv3,blue_channel_shift_45,45,4,0.5899092555046082,0.025361614301800728,0.3847291171550751,1.1138142669009037
WRD25,mobilenetv3,blue_channel_shift_45,46,5,0.00512855127453804,0.04139632731676102,0.9534752368927002,0.2947384300333711
WRD25,mobilenetv3,blue_channel_shift_45,47,5,0.023166926577687263,0.5946683287620544,0.38216474652290344,1.1020884470237131
WRD25,mobilenetv3,blue_channel_shift_45,48,5,0.007062349934130907,0.4716438055038452,0.5212938189506531,1.0517637809209592
WRD25,mobilenetv3,blue_channel_shift_45,49,5,0.040783386677503586,0.04498958960175514,0.9142269492149353,0.5078250701860725
WRD25,mobilenetv3,blue_channel_shift_45,50,6,0.2246619462966919,0.736771821975708,0.038566239178180695,0.9897904377996811
WRD25,mobilenetv3,blue_channel_shift_45,51,6,0.037403106689453125,0.8365820050239563,0.12601499259471893,0.7692455147372519
WRD25,mobilenetv3,blue_channel_shift_45,52,6,0.02247949317097664,0.036073215305805206,0.9414473176002502,0.3779279793757418
WRD25,mobilenetv3,blue_channel_shift_45,53,7,0.23469942808151245,0.6419474482536316,0.12335304915904999,1.2737106599535386
WRD25,mobilenetv3,blue_channel_shift_45,54,7,0.021670369431376457,0.6706728339195251,0.30765682458877563,1.0295212056295664
WRD25,mobilenetv3,blue_channel_shift_45,55,7,0.02450459823012352,0.7561715841293335,0.2193237990140915,0.9160889478244276
WRD25,mobilenetv3,blue_channel_shift_45,56,7,0.6319686770439148,0.33631664514541626,0.031714748591184616,1.1050350613227293
WRD25,mobilenetv3,blue_channel_shift_45,57,7,0.3651878237724304,0.06710651516914368,0.5677056908607483,1.2559581983460357
WRD25,mobilenetv3,blue_channel_shift_45,58,7,0.293245792388916,0.5221903920173645,0.18456386029720306,1.458399149537623
WRD25,mobilenetv3,blue_channel_shift_45,59,7,0.12270059436559677,0.7248795032501221,0.15241992473602295,1.1215168648299232
WRD25,mobilenetv3,blue_channel_shift_45,60,7,0.48329633474349976,0.34364840388298035,0.17305530607700348,1.4744981391086731
WRD25,mobilenetv3,blue_channel_shift_45,61,7,0.5048730969429016,0.4113643169403076,0.08376265317201614,1.3246416412865747
WRD25,mobilenetv3,blue_channel_shift_45,62,7,0.20025089383125305,0.7099796533584595,0.08976948261260986,1.1276278810197258
WRD25,mobilenetv3,blue_channel_shift_45,63,7,0.14921854436397552,0.7138457298278809,0.136935755610466,1.1494754045611097
WRD25,mobilenetv3,blue_channel_shift_45,64,7,0.30647873878479004,0.6196328401565552,0.0738883912563324,1.228471563571469
WRD25,mobilenetv3,blue_channel_shift_45,65,7,0.6598076820373535,0.01770651340484619,0.3224859833717346,1.0253717391809558
WRD25,mobilenetv3,blue_channel_shift_45,66,7,0.6914353370666504,0.055035002529621124,0.25352972745895386,1.100245050674884
WRD25,mobilenetv3,blue_channel_shift_45,67,7,0.43772298097610474,0.28056496381759644,0.28171199560165405,1.5510554232477283
WRD25,mobilenetv3,blue_channel_shift_45,68,7,0.34174326062202454,0.39858338236808777,0.25967326760292053,1.5634285982394314
WRD25,mobilenetv3,blue_channel_shift_45,69,8,0.16669003665447235,0.6298695206642151,0.20344047248363495,1.318266221705831
WRD25,mobilenetv3,blue_channel_shift_45,70,8,0.5407312512397766,0.4142683744430542,0.04500042647123337,1.2076509102959425
WRD25,mobilenetv3,blue_channel_shift_45,71,8,0.34248316287994385,0.5177082419395447,0.13980861008167267,1.4179997425397168
WRD25,mobilenetv3,blue_channel_shift_45,72,8,0.20769980549812317,0.7364446520805359,0.05585549399256706,1.0284542952387479
WRD25,mobilenetv3,blue_channel_shift_45,73,8,0.3223084509372711,0.5682827830314636,0.10940872877836227,1.3390727353562808
WRD25,mobilenetv3,blue_channel_shift_45,74,8,0.2714608609676361,0.5668274760246277,0.16171157360076904,1.3999696337967666
WRD25,mobilenetv3,blue_channel_shift_45,75,8,0.21348819136619568,0.6814820766448975,0.10502956807613373,1.1940995664794185
WRD25,mobilenetv3,blue_channel_shift_45,76,8,0.5163877010345459,0.3914087116718292,0.09220360964536667,1.3391279313707805
WRD25,mobilenetv3,blue_channel_shift_45,77,8,0.42371100187301636,0.44356462359428406,0.13272441923618317,1.4318105514756772
WRD25,mobilenetv3,blue_channel_shift_45,78,8,0.43745285272598267,0.3831287622451782,0.1794183850288391,1.49678852590662
WRD25,mobilenetv3,blue_channel_shift_45,79,8,0.3947243392467499,0.37353548407554626,0.23174013197422028,1.548870702346281
WRD25,mobilenetv3,blue_channel_shift_45,80,8,0.21471862494945526,0.6356362104415894,0.14964516460895538,1.3021812504999657
WRD25,mobilenetv3,blue_channel_shift_45,81,8,0.46527907252311707,0.40491023659706116,0.129810631275177,1.4240845263680946
WRD25,mobilenetv3,blue_channel_shift_45,82,8,0.5080084800720215,0.2651049792766571,0.226886585354805,1.4896627527440773
WRD25,mobilenetv3,blue_channel_shift_45,83,8,0.7001305222511292,0.23162007331848145,0.06824945658445358,1.1131700836875398
WRD25,mobilenetv3,blue_channel_shift_45,84,8,0.4461793601512909,0.40985846519470215,0.14396217465400696,1.449447916535076
WRD25,mobilenetv3,blue_channel_shift_45,85,8,0.5031936168670654,0.38595566153526306,0.1108507439494133,1.3804426440671356
WRD25,mobilenetv3,blue_channel_shift_45,86,9,0.5754587650299072,0.15006700158119202,0.27447420358657837,1.3813612794174006
WRD25,mobilenetv3,blue_channel_shift_45,87,9,0.03516433387994766,0.5672339200973511,0.3976016342639923,1.1628735960864276
WRD25,mobilenetv3,blue_channel_shift_45,88,9,0.5458880066871643,0.2582017481327057,0.19591015577316284,1.4418444177939034
WRD25,mobilenetv3,blue_channel_shift_45,89,9,0.1259986013174057,0.42907530069351196,0.4449261426925659,1.4201553211798656
WRD25,mobilenetv3,blue_channel_shift_45,90,9,0.45217448472976685,0.1306227445602417,0.41720277070999146,1.427505800022919
WRD25,mobilenetv3,blue_channel_shift_45,91,9,0.040783751755952835,0.46525728702545166,0.4939590096473694,1.2044708390102046
WRD25,mobilenetv3,blue_channel_shift_45,92,9,0.020621594041585922,0.5145211219787598,0.464857280254364,1.1224774975347547
WRD25,mobilenetv3,blue_channel_shift_45,93,9,0.625069260597229,0.05451742932200432,0.3204132914543152,1.1786759159405849
WRD25,mobilenetv3,blue_channel_shift_45,94,9,0.06404979526996613,0.5704143643379211,0.36553579568862915,1.2466515846757193
WRD25,mobilenetv3,blue_channel_shift_45,95,9,0.39664357900619507,0.13781681656837463,0.4655396342277527,1.4367002001601437
WRD25,mobilenetv3,blue_channel_shift_45,96,9,0.07449667155742645,0.5431240797042847,0.38237929344177246,1.2877463085914242
WRD25,mobilenetv3,blue_channel_shift_45,97,10,0.9193949699401855,0.023576589301228523,0.05702842026948929,0.4745887572117612
WRD25,mobilenetv3,blue_channel_shift_45,98,10,0.899260938167572,0.029699739068746567,0.07103931158781052,0.5594669927738085
WRD25,mobilenetv3,blue_channel_shift_45,99,10,0.7043954730033875,0.2541821599006653,0.041422292590141296,1.0486535194913689
WRD25,mobilenetv3,blue_channel_shift_45,100,10,0.87775057554245,0.08941928297281265,0.03283000737428665,0.6384051628646449
WRD25,mobilenetv3,blue_channel_shift_45,101,10,0.7976422905921936,0.161875918507576,0.040481872856616974,0.8727270446944311
WRD25,mobilenetv3,blue_channel_shift_45,102,10,0.9129475951194763,0.06854201853275299,0.018510328605771065,0.49153722523553756
WRD25,mobilenetv3,blue_channel_shift_45,103,10,0.9381165504455566,0.02716270461678505,0.03472074121236801,0.39609247635980105
WRD25,mobilenetv3,blue_channel_shift_45,104,10,0.2585546374320984,0.6886174082756042,0.05282803997397423,1.0993159131391534
WRD25,mobilenetv3,blue_channel_shift_45,105,10,0.39871782064437866,0.5192229151725769,0.08205924928188324,1.3158901446371676
WRD25,mobilenetv3,blue_channel_shift_45,106,10,0.5074113011360168,0.4389890134334564,0.0535995177924633,1.2443240709317878
WRD25,mobilenetv3,blue_channel_shift_45,107,11,0.19392913579940796,0.02211281657218933,0.7839579582214355,0.8557996119387568
WRD25,mobilenetv3,blue_channel_shift_45,108,11,0.03892916068434715,0.6733762621879578,0.28769466280937195,1.0835763022316758
WRD25,mobilenetv3,blue_channel_shift_45,109,11,0.03251444920897484,0.6478626132011414,0.3196229338645935,1.0923870268139593
WRD25,mobilenetv3,blue_channel_shift_45,110,11,0.035987529903650284,0.269597589969635,0.6944148540496826,1.0478033203978594
WRD25,mobilenetv3,blue_channel_shift_45,111,11,0.036326829344034195,0.5856329798698425,0.3780401051044464,1.1563503619710869
WRD25,mobilenetv3,blue_channel_shift_45,112,11,0.054453685879707336,0.8626828193664551,0.08286341279745102,0.7102156545112319
WRD25,mobilenetv3,blue_channel_shift_45,113,11,0.7793025970458984,0.029315898194909096,0.19138140976428986,0.8861673979443729
WRD25,mobilenetv3,blue_channel_shift_45,114,12,0.20557336509227753,0.7362939715385437,0.05813255533576012,1.0329619394290253
WRD25,mobilenetv3,blue_channel_shift_45,115,13,0.5501278042793274,0.3188141882419586,0.13105802237987518,1.3843169008536014
WRD25,mobilenetv3,blue_channel_shift_45,116,13,0.7857745289802551,0.1555606573820114,0.05866476148366928,0.9309160443773269
WRD25,mobilenetv3,blue_channel_shift_45,117,13,0.5853710770606995,0.15079540014266968,0.26383349299430847,1.3709824988661388
WRD25,mobilenetv3,blue_channel_shift_45,118,13,0.046682536602020264,0.42493703961372375,0.5283805131912231,1.2173385474138068
WRD25,mobilenetv3,blue_channel_shift_45,119,13,0.009502953849732876,0.4797585904598236,0.5107383131980896,1.0672777248382115
WRD25,mobilenetv3,blue_channel_shift_45,120,13,0.5014863610267639,0.18069390952587128,0.3178198039531708,1.4709447511362184
WRD25,mobilenetv3,blue_channel_shift_45,121,14,0.33183491230010986,0.06865238398313522,0.5995126962661743,1.2359360861943185
WRD25,mobilenetv3,blue_channel_shift_45,122,14,0.4451359808444977,0.35518333315849304,0.19968077540397644,1.5142999107069424
WRD25,mobilenetv3,blue_channel_shift_45,123,14,0.46985727548599243,0.45999065041542053,0.07015197724103928,1.2962630629028715
WRD25,mobilenetv3,blue_channel_shift_45,124,14,0.5444595217704773,0.23152564465999603,0.2240147739648819,1.4497401599365478
WRD25,mobilenetv3,blue_channel_shift_45,125,14,0.700838565826416,0.08365295082330704,0.21550841629505157,1.1360281447761686
WRD25,mobilenetv3,blue_channel_shift_45,126,15,0.3998245894908905,0.29277122020721436,0.307404100894928,1.5707659124597642
WRD25,mobilenetv3,blue_channel_shift_45,127,15,0.37371066212654114,0.34707963466644287,0.27920976281166077,1.5744521309219495
WRD25,mobilenetv3,blue_channel_shift_45,128,15,0.40021294355392456,0.3037399351596832,0.2960470914840698,1.5707908977076825
WRD25,mobilenetv3,blue_channel_shift_45,129,15,0.3880133628845215,0.29465940594673157,0.31732720136642456,1.5748863726953752
WRD25,mobilenetv3,blue_channel_shift_45,130,15,0.27670955657958984,0.4541197121143341,0.2691706717014313,1.5397228610885363
WRD25,mobilenetv3,blue_channel_shift_45,131,15,0.40515074133872986,0.1483946442604065,0.44645461440086365,1.4559680002527133
WRD25,mobilenetv3,blue_channel_shift_45,132,15,0.42250704765319824,0.34424784779548645,0.23324495553970337,1.544608456054681
WRD25,mobilenetv3,blue_channel_shift_45,133,15,0.4614311158657074,0.30570268630981445,0.23286616802215576,1.5271449837202709
WRD25,mobilenetv3,blue_channel_shift_45,134,15,0.37208572030067444,0.3173905313014984,0.31052374839782715,1.580120221982035
WRD25,mobilenetv3,blue_channel_shift_45,135,15,0.5617498755455017,0.1592358499765396,0.2790141999721527,1.4033021236147567
WRD25,mobilenetv3,blue_channel_shift_45,136,15,0.5073562860488892,0.2979642152786255,0.19467955827713013,1.476751031157168
WRD25,mobilenetv3,blue_channel_shift_45,137,15,0.4713006913661957,0.28200873732566833,0.24669049680233002,1.5246182522347207
WRD25,mobilenetv3,blue_channel_shift_45,138,15,0.5622206330299377,0.14533385634422302,0.29244545102119446,1.3902162107203142
WRD25,mobilenetv3,blue_channel_shift_45,139,15,0.5249238610267639,0.1532122790813446,0.32186394929885864,1.4291389052668813
WRD25,mobilenetv3,blue_channel_shift_45,140,15,0.48530063033103943,0.34245187044143677,0.17224764823913574,1.4727010247306298
WRD25,mobilenetv3,blue_channel_shift_45,141,16,0.0307797621935606,0.24740596115589142,0.7218143343925476,0.9925764613960382
WRD25,mobilenetv3,blue_channel_shift_45,142,16,0.05316365137696266,0.08021679520606995,0.8666194677352905,0.6960315024171896
WRD25,mobilenetv3,blue_channel_shift_45,143,16,0.04350271821022034,0.40358468890190125,0.5529125928878784,1.1977392415867567
WRD25,mobilenetv3,blue_channel_shift_45,144,16,0.06583511084318161,0.6540913581848145,0.2800735831260681,1.1732411326502854
WRD25,mobilenetv3,blue_channel_shift_45,145,16,0.0334211029112339,0.6426512002944946,0.32392776012420654,1.100598552740821
WRD25,mobilenetv3,blue_channel_shift_45,146,16,0.08655750006437302,0.5405286550521851,0.37291374802589417,1.3160034085263226
WRD25,mobilenetv3,blue_channel_shift_45,147,16,0.1269766390323639,0.26263925433158875,0.6103841662406921,1.319368408089022
WRD25,mobilenetv3,blue_channel_shift_45,148,17,0.033636339008808136,0.5398455262184143,0.42651814222335815,1.1690670107522416
WRD25,mobilenetv3,blue_channel_shift_45,149,17,0.6911933422088623,0.29917532205581665,0.009631226770579815,0.9536505028461123
WRD25,mobilenetv3,blue_channel_shift_45,150,17,0.008477737195789814,0.574097752571106,0.41742458939552307,1.0441127345705195
WRD25,mobilenetv3,blue_channel_shift_45,151,17,0.31332865357398987,0.3273100256919861,0.3593612611293793,1.5825703226970353
WRD25,mobilenetv3,blue_channel_shift_45,152,18,0.07062919437885284,0.6636848449707031,0.26568591594696045,1.170626443245181
WRD25,mobilenetv3,blue_channel_shift_45,153,18,0.041455235332250595,0.16970276832580566,0.7888420224189758,0.8945656198576846
WRD25,mobilenetv3,blue_channel_shift_45,154,18,0.45342370867729187,0.03730954974889755,0.5092666745185852,1.190170065762607
WRD25,mobilenetv3,blue_channel_shift_45,155,18,0.021413689479231834,0.40714552998542786,0.5714406967163086,1.10790051845982
WRD25,mobilenetv3,blue_channel_shift_45,156,18,0.38950979709625244,0.44762030243873596,0.16286985576152802,1.4753491958721305
WRD25,mobilenetv3,blue_channel_shift_45,157,18,0.27730369567871094,0.5387967228889465,0.18389955163002014,1.4431156537295582
WRD25,mobilenetv3,blue_channel_shift_45,158,18,0.5751311182975769,0.11115805804729462,0.31371086835861206,1.3359500932773543
WRD25,mobilenetv3,blue_channel_shift_45,159,18,0.6592275500297546,0.05165640637278557,0.2891160249710083,1.1347205934836944
WRD25,mobilenetv3,blue_channel_shift_45,160,18,0.6492335200309753,0.11765045672655106,0.23311591148376465,1.2575814210815792
WRD25,mobilenetv3,blue_channel_shift_45,161,18,0.08721882849931717,0.4862171411514282,0.42656397819519043,1.3370848459720985
WRD25,mobilenetv3,blue_channel_shift_45,162,18,0.49443742632865906,0.12376997619867325,0.3817925453186035,1.4058564094433863
WRD25,mobilenetv3,blue_channel_shift_45,163,18,0.13729599118232727,0.5194821357727051,0.34322190284729004,1.4136562564241442
WRD25,mobilenetv3,blue_channel_shift_45,164,18,0.3729420006275177,0.13482506573200226,0.49223291873931885,1.4237963854079498
WRD25,mobilenetv3,blue_channel_shift_45,165,18,0.0793105959892273,0.5935994386672974,0.32708996534347534,1.2639814206117643
WRD25,mobilenetv3,blue_channel_shift_45,166,18,0.4262063205242157,0.18248628079891205,0.39130741357803345,1.5019247223067909
WRD25,mobilenetv3,blue_channel_shift_45,167,18,0.09038037806749344,0.085999496281147,0.823620080947876,0.8483945752897295
WRD25,mobilenetv3,blue_channel_shift_45,168,18,0.30734875798225403,0.5276905298233032,0.1649608016014099,1.4386444926278987
WRD25,mobilenetv3,blue_channel_shift_45,169,18,0.51658695936203,0.35239657759666443,0.13101638853549957,1.4066892272938736
WRD25,mobilenetv3,blue_channel_shift_45,170,19,0.01809307001531124,0.4569469690322876,0.5249599814414978,1.1091014080366324
WRD25,mobilenetv3,blue_channel_shift_45,171,19,0.0013048179680481553,0.4033397138118744,0.5953554511070251,0.9862816761423951
WRD25,mobilenetv3,blue_channel_shift_45,172,19,0.016941672191023827,0.5002169609069824,0.4828413724899292,1.106742825353317
WRD25,mobilenetv3,blue_channel_shift_45,173,19,0.47910189628601074,0.41303369402885437,0.1078643798828125,1.382043496892786
WRD25,mobilenetv3,blue_channel_shift_45,174,20,0.4244216978549957,0.1507013887166977,0.42487695813179016,1.4608911757123
WRD25,mobilenetv3,blue_channel_shift_45,175,20,0.06731484830379486,0.47090208530426025,0.4617830812931061,1.2884431704967427
WRD25,mobilenetv3,blue_channel_shift_45,176,20,0.09061859548091888,0.5443122386932373,0.3650691509246826,1.3222600950995282
WRD25,mobilenetv3,blue_channel_shift_45,177,20,0.11187572777271271,0.48063212633132935,0.407492071390152,1.3893223709520282
WRD25,mobilenetv3,blue_channel_shift_45,178,21,0.018200671300292015,0.7678502202033997,0.21394909918308258,0.8737916731557314
WRD25,mobilenetv3,blue_channel_shift_45,179,21,0.003328916383907199,0.7784649133682251,0.2182062566280365,0.7878881492423324
WRD25,mobilenetv3,blue_channel_shift_45,180,21,0.08842331171035767,0.8173929452896118,0.09418373554944992,0.8682231502363035
WRD25,mobilenetv3,blue_channel_shift_45,181,21,0.10651211440563202,0.6643857955932617,0.22910217940807343,1.2231136577098622
WRD25,mobilenetv3,blue_channel_shift_45,182,21,0.4809280335903168,0.13401789963245392,0.3850541114807129,1.4266649764487163
WRD25,mobilenetv3,blue_channel_shift_45,183,21,0.5920102596282959,0.23192836344242096,0.17606143653392792,1.3778869683005175
WRD25,mobilenetv3,blue_channel_shift_45,184,21,0.5176644325256348,0.10369716584682465,0.3786383867263794,1.3612913732081235
WRD25,mobilenetv3,blue_channel_shift_45,185,22,0.04095277190208435,0.6866240501403809,0.2724232077598572,1.0723054858010228
WRD25,mobilenetv3,blue_channel_shift_45,186,22,0.3718211352825165,0.5514476895332336,0.07673116773366928,1.2884534369507863
WRD25,mobilenetv3,blue_channel_shift_45,187,22,0.062114935368299484,0.784995436668396,0.15288957953453064,0.9374131826677986
WRD25,mobilenetv3,blue_channel_shift_45,188,22,0.10909046232700348,0.7303078174591064,0.16060176491737366,1.103573954959137
WRD25,mobilenetv3,blue_channel_shift_45,189,22,0.1097850352525711,0.6156187653541565,0.2745961844921112,1.2927945308347693
WRD25,mobilenetv3,blue_channel_shift_45,190,23,0.09372610598802567,0.26676464080810547,0.6395092010498047,1.2411219946590313
WRD25,mobilenetv3,blue_channel_shift_45,191,23,0.04207799583673477,0.3468864858150482,0.6110354661941528,1.15643223539667
WRD25,mobilenetv3,blue_channel_shift_45,192,23,0.5503779649734497,0.19964741170406342,0.2499745786190033,1.438214573400424
WRD25,mobilenetv3,blue_channel_shift_45,193,23,0.28688913583755493,0.4764426052570343,0.23666830360889435,1.5184752764339202
WRD25,mobilenetv3,blue_channel_shift_45,194,24,0.6217449903488159,0.05193902924656868,0.3263159990310669,1.17511249407461
WRD25,mobilenetv3,blue_channel_shift_45,195,24,0.4546833038330078,0.4913060665130615,0.054010652005672455,1.2481619499637575
WRD25,mobilenetv3,blue_channel_shift_45,196,24,0.7754161953926086,0.04279356077313423,0.18179020285606384,0.9262448084018802
WRD25,mobilenetv3,blue_channel_shift_45,197,24,0.365190327167511,0.41288208961486816,0.22192756831645966,1.539634028937796
WRD25,mobilenetv3,blue_channel_shift_45,198,24,0.5332093238830566,0.0448966920375824,0.4218941032886505,1.2100330774317007
WRD25,mobilenetv3,blue_channel_shift_45,199,24,0.17059575021266937,0.467853307723999,0.361550897359848,1.4786149777295674
WRD25,mobilenetv3,gaussian_noise_0.1,0,0,0.5371053814888,0.25492650270462036,0.2079681009054184,1.4554761201243716
WRD25,mobilenetv3,gaussian_noise_0.1,1,0,0.46836167573928833,0.09302303940057755,0.43861526250839233,1.3527537264574137
WRD25,mobilenetv3,gaussian_noise_0.1,2,0,0.39403286576271057,0.06862819194793701,0.53733891248703,1.2761861880421947
WRD25,mobilenetv3,gaussian_noise_0.1,3,0,0.34458231925964355,0.1961740404367447,0.45924365520477295,1.5061972592323434
WRD25,mobilenetv3,gaussian_noise_0.1,4,0,0.4568093419075012,0.03484431654214859,0.5083464980125427,1.1813018399075728
WRD25,mobilenetv3,gaussian_noise_0.1,5,0,0.415320485830307,0.16279183328151703,0.4218875765800476,1.47811789878787
WRD25,mobilenetv3,gaussian_noise_0.1,6,0,0.46932467818260193,0.10385654866695404,0.42681875824928284,1.3757912623920496
WRD25,mobilenetv3,gaussian_noise_0.1,7,0,0.3869379162788391,0.12872958183288574,0.48433250188827515,1.4173442529320497
WRD25,mobilenetv3,gaussian_noise_0.1,8,0,0.4128414988517761,0.1688447892665863,0.41831380128860474,1.4861845120929402
WRD25,mobilenetv3,gaussian_noise_0.1,9,0,0.39976996183395386,0.16616420447826385,0.43406572937965393,1.4816724345447116
WRD25,mobilenetv3,gaussian_noise_0.1,10,0,0.357113242149353,0.416642963886261,0.22624380886554718,1.5418548945542385
WRD25,mobilenetv3,gaussian_noise_0.1,11,0,0.41078901290893555,0.10058531165122986,0.4886256754398346,1.365397783330133
WRD25,mobilenetv3,gaussian_noise_0.1,12,0,0.35591551661491394,0.17458048462867737,0.46950408816337585,1.4821845353205791
WRD25,mobilenetv3,gaussian_noise_0.1,13,0,0.5117647647857666,0.061012811958789825,0.42722252011299133,1.2649413226962847
WRD25,mobilenetv3,gaussian_noise_0.1,14,0,0.39748847484588623,0.10494652390480042,0.49756497144699097,1.3714473738227098
WRD25,mobilenetv3,gaussian_noise_0.1,15,0,0.3923669755458832,0.1995529681444168,0.40807998180389404,1.5212576619200582
WRD25,mobilenetv3,gaussian_noise_0.1,16,0,0.46154382824897766,0.051740698516368866,0.48671549558639526,1.2415230480592139
WRD25,mobilenetv3,gaussian_noise_0.1,17,0,0.37076225876808167,0.14312133193016052,0.4861163794994354,1.4379979842783164
WRD25,mobilenetv3,gaussian_noise_0.1,18,1,0.014011111110448837,0.6939560770988464,0.2920328378677368,0.9706345612141983
WRD25,mobilenetv3,gaussian_noise_0.1,19,1,0.2969629168510437,0.6463057398796082,0.056731272488832474,1.1620108293887843
WRD25,mobilenetv3,gaussian_noise_0.1,20,1,0.3474515378475189,0.6116741895675659,0.040874410420656204,1.152221480468433
WRD25,mobilenetv3,gaussian_noise_0.1,21,1,0.031311795115470886,0.7264887690544128,0.24219949543476105,0.9868473922732585
WRD25,mobilenetv3,gaussian_noise_0.1,22,1,0.045005977153778076,0.636274516582489,0.3187195062637329,1.1421460636684149
WRD25,mobilenetv3,gaussian_noise_0.1,23,1,0.02140381745994091,0.623768150806427,0.3548279404640198,1.0738401844628087
WRD25,mobilenetv3,gaussian_noise_0.1,24,1,0.01796727068722248,0.623230516910553,0.3588021695613861,1.0599021769465247
WRD25,mobilenetv3,gaussian_noise_0.1,25,2,0.0168150682002306,0.4318429231643677,0.5513420104980469,1.0958455685368402
WRD25,mobilenetv3,gaussian_noise_0.1,26,2,0.019716128706932068,0.7951664328575134,0.18511748313903809,0.8251012889481407
WRD25,mobilenetv3,gaussian_noise_0.1,27,2,0.012824391946196556,0.4490185081958771,0.5381572842597961,1.080345000120907
WRD25,mobilenetv3,gaussian_noise_0.1,28,2,0.404093861579895,0.518061101436615,0.07784508168697357,1.30650903417162
WRD25,mobilenetv3,gaussian_noise_0.1,29,2,0.36081671714782715,0.5789325833320618,0.060250695794820786,1.2313354347985106
WRD25,mobilenetv3,gaussian_noise_0.1,30,2,0.5253953337669373,0.4436817467212677,0.030922917649149895,1.1631003019704025
WRD25,mobilenetv3,gaussian_noise_0.1,31,2,0.07120607048273087,0.029122764244675636,0.8996711373329163,0.5572302818188166
WRD25,mobilenetv3,gaussian_noise_0.1,32,2,0.053315985947847366,0.8841443657875061,0.06253968179225922,0.6326549805907885
WRD25,mobilenetv3,gaussian_noise_0.1,33,2,0.9192087650299072,0.00906875729560852,0.0717223584651947,0.4458945986112621
WRD25,mobilenetv3,gaussian_noise_0.1,34,2,0.5604149103164673,0.41679319739341736,0.022791963070631027,1.118768273265178
WRD25,mobilenetv3,gaussian_noise_0.1,35,2,0.26215001940727234,0.6729171276092529,0.06493284553289413,1.1470777729845385
WRD25,mobilenetv3,gaussian_noise_0.1,36,3,0.007297170348465443,0.04173193871974945,0.9509708881378174,0.3120146952946679
WRD25,mobilenetv3,gaussian_noise_0.1,37,3,0.055568546056747437,0.8593350052833557,0.08509650081396103,0.7221382433557284
WRD25,mobilenetv3,gaussian_noise_0.1,38,3,0.06202530488371849,0.17494191229343414,0.7630327939987183,0.986493934785984
WRD25,mobilenetv3,gaussian_noise_0.1,39,3,0.07331881672143936,0.7023141384124756,0.22436705231666565,1.1181863048341685
WRD25,mobilenetv3,gaussian_noise_0.1,40,3,0.021505504846572876,0.8757609128952026,0.10273367911577225,0.6240116953821385
WRD25,mobilenetv3,gaussian_noise_0.1,41,4,0.9031649231910706,0.006142124533653259,0.09069304913282394,0.49189410452354293
WRD25,mobilenetv3,gaussian_noise_0.1,42,4,0.022124353796243668,0.7416071891784668,0.23626841604709625,0.933272637779732
WRD25,mobilenetv3,gaussian_noise_0.1,43,4,0.014419742859899998,0.5012069940567017,0.4843733012676239,1.0942138377296893
WRD25,mobilenetv3,gaussian_noise_0.1,44,4,0.4148416519165039,0.5204098224639893,0.06474863737821579,1.2726509608753038
WRD25,mobilenetv3,gaussian_noise_0.1,45,4,0.5910197496414185,0.1502579003572464,0.2587224543094635,1.3639419142617877
WRD25,mobilenetv3,gaussian_noise_0.1,46,5,0.0014707448426634073,0.27510786056518555,0.7234212756156921,0.8639746378155966
WRD25,mobilenetv3,gaussian_noise_0.1,47,5,0.014238857664167881,0.7150900959968567,0.2706710696220398,0.9436240988651886
WRD25,mobilenetv3,gaussian_noise_0.1,48,5,0.0022356021218001842,0.4943334758281708,0.503430962562561,1.0206109917736133
WRD25,mobilenetv3,gaussian_noise_0.1,49,5,0.010567788034677505,0.22261567413806915,0.7668165564537048,0.8455865677663659
WRD25,mobilenetv3,gaussian_noise_0.1,50,6,0.5753747820854187,0.008335168473422527,0.4162901043891907,1.0427180852259048
WRD25,mobilenetv3,gaussian_noise_0.1,51,6,0.031061632558703423,0.934108316898346,0.034830085933208466,0.4161379996540324
WRD25,mobilenetv3,gaussian_noise_0.1,52,6,0.004258121829479933,0.038932446390390396,0.9568095803260803,0.2767965875521086
WRD25,mobilenetv3,gaussian_noise_0.1,53,7,0.24990031123161316,0.5715802907943726,0.17851944267749786,1.404965664130645
WRD25,mobilenetv3,gaussian_noise_0.1,54,7,0.02502114698290825,0.5362309813499451,0.43874770402908325,1.1367089169985767
WRD25,mobilenetv3,gaussian_noise_0.1,55,7,0.027878737077116966,0.6820307970046997,0.29009050130844116,1.0384631282252845
WRD25,mobilenetv3,gaussian_noise_0.1,56,7,0.574155330657959,0.3986300826072693,0.02721465192735195,1.130039027240352
WRD25,mobilenetv3,gaussian_noise_0.1,57,7,0.5368165969848633,0.06285706162452698,0.4003264009952545,1.2614355464328062
WRD25,mobilenetv3,gaussian_noise_0.1,58,7,0.29249414801597595,0.6091383695602417,0.0983675941824913,1.2834803944523756
WRD25,mobilenetv3,gaussian_noise_0.1,59,7,0.2598555088043213,0.5809431076049805,0.15920136868953705,1.3824577545831185
WRD25,mobilenetv3,gaussian_noise_0.1,60,7,0.32080867886543274,0.4851070046424866,0.19408439099788666,1.4915219583424941
WRD25,mobilenetv3,gaussian_noise_0.1,61,7,0.46969956159591675,0.4831975996494293,0.04710284247994423,1.2267194014999638
WRD25,mobilenetv3,gaussian_noise_0.1,62,7,0.27716827392578125,0.6377466917037964,0.08508507162332535,1.2294199346645511
WRD25,mobilenetv3,gaussian_noise_0.1,63,7,0.21011699736118317,0.7056934833526611,0.08418941497802734,1.1283758629357556
WRD25,mobilenetv3,gaussian_noise_0.1,64,7,0.6088863015174866,0.33670252561569214,0.054411109536886215,1.1931134300298254
WRD25,mobilenetv3,gaussian_noise_0.1,65,7,0.4836234152317047,0.2541170120239258,0.26225951313972473,1.5155099587037713
WRD25,mobilenetv3,gaussian_noise_0.1,66,7,0.7369796633720398,0.14957460761070251,0.11344583332538605,1.0906993474930158
WRD25,mobilenetv3,gaussian_noise_0.1,67,7,0.6181774735450745,0.09389614313840866,0.28792640566825867,1.2665870020422045
WRD25,mobilenetv3,gaussian_noise_0.1,68,7,0.2774409353733063,0.37949511408805847,0.3430638909339905,1.5731739295849594
WRD25,mobilenetv3,gaussian_noise_0.1,69,8,0.31686753034591675,0.5705575942993164,0.11257487535476685,1.3420080333264002
WRD25,mobilenetv3,gaussian_noise_0.1,70,8,0.27420273423194885,0.5256832242012024,0.2001139521598816,1.4640303433928392
WRD25,mobilenetv3,gaussian_noise_0.1,71,8,0.4902300536632538,0.34957680106163025,0.16019314527511597,1.4575051363997507
WRD25,mobilenetv3,gaussian_noise_0.1,72,8,0.24329280853271484,0.6708952784538269,0.08581187576055527,1.1864636539120208
WRD25,mobilenetv3,gaussian_noise_0.1,73,8,0.25334906578063965,0.6410192847251892,0.10563171654939651,1.2556383016362513
WRD25,mobilenetv3,gaussian_noise_0.1,74,8,0.29234570264816284,0.588771402835846,0.11888290196657181,1.3339005944145308
WRD25,mobilenetv3,gaussian_noise_0.1,75,8,0.3139468729496002,0.5400637984275818,0.1459893137216568,1.4100168361682497
WRD25,mobilenetv3,gaussian_noise_0.1,76,8,0.9021260738372803,0.03897995501756668,0.05889400467276573,0.5571504015727314
WRD25,mobilenetv3,gaussian_noise_0.1,77,8,0.5472531318664551,0.3419353663921356,0.11081156134605408,1.3570386528053033
WRD25,mobilenetv3,gaussian_noise_0.1,78,8,0.528866171836853,0.27028870582580566,0.2008451223373413,1.461317714146799
WRD25,mobilenetv3,gaussian_noise_0.1,79,8,0.5163436532020569,0.29858821630477905,0.18506823480129242,1.4634851148401322
WRD25,mobilenetv3,gaussian_noise_0.1,80,8,0.5527200102806091,0.31796538829803467,0.12931472063064575,1.3800136978682915
WRD25,mobilenetv3,gaussian_noise_0.1,81,8,0.5733266472816467,0.2953777015209198,0.13129566609859467,1.3643923277118892
WRD25,mobilenetv3,gaussian_noise_0.1,82,8,0.5106618404388428,0.26305994391441345,0.2262781262397766,1.4870138550638283
WRD25,mobilenetv3,gaussian_noise_0.1,83,8,0.5902597904205322,0.24681822955608368,0.1629219502210617,1.3736245376038854
WRD25,mobilenetv3,gaussian_noise_0.1,84,8,0.5338649749755859,0.28798162937164307,0.17815342545509338,1.443980378682804
WRD25,mobilenetv3,gaussian_noise_0.1,85,8,0.4815627932548523,0.3734055757522583,0.14503169059753418,1.4423382296509333
WRD25,mobilenetv3,gaussian_noise_0.1,86,9,0.6614419221878052,0.1477234959602356,0.19083449244499207,1.258019455198908
WRD25,mobilenetv3,gaussian_noise_0.1,87,9,0.05962840095162392,0.5302209854125977,0.4101507067680359,1.2552503721850266
WRD25,mobilenetv3,gaussian_noise_0.1,88,9,0.5319042801856995,0.2832188904285431,0.18487679958343506,1.4501415801101676
WRD25,mobilenetv3,gaussian_noise_0.1,89,9,0.20590752363204956,0.42072489857673645,0.37336763739585876,1.5256409419922243
WRD25,mobilenetv3,gaussian_noise_0.1,90,9,0.07246891409158707,0.3293430507183075,0.5981881022453308,1.2455757817361506
WRD25,mobilenetv3,gaussian_noise_0.1,91,9,0.03674401715397835,0.4700016379356384,0.4932543933391571,1.1900101139754748
WRD25,mobilenetv3,gaussian_noise_0.1,92,9,0.5704014897346497,0.02438933774828911,0.4052092134952545,1.120758761477894
WRD25,mobilenetv3,gaussian_noise_0.1,93,9,0.35132527351379395,0.3770434856414795,0.27163127064704895,1.5715092195892737
WRD25,mobilenetv3,gaussian_noise_0.1,94,9,0.0516195185482502,0.5716263651847839,0.3767539858818054,1.2125265052220398
WRD25,mobilenetv3,gaussian_noise_0.1,95,9,0.3689839541912079,0.3027473986148834,0.3282686471939087,1.580160018327247
WRD25,mobilenetv3,gaussian_noise_0.1,96,9,0.046211741864681244,0.47669142484664917,0.477096825838089,1.2238694876967906
WRD25,mobilenetv3,gaussian_noise_0.1,97,10,0.946829080581665,0.006166812498122454,0.04700411856174469,0.32724352266142964
WRD25,mobilenetv3,gaussian_noise_0.1,98,10,0.4284435212612152,0.5044384002685547,0.06711804866790771,1.2834868849782604
WRD25,mobilenetv3,gaussian_noise_0.1,99,10,0.6867939233779907,0.2709418535232544,0.04226410388946533,1.0756279302726768
WRD25,mobilenetv3,gaussian_noise_0.1,100,10,0.893628716468811,0.07181843370199203,0.034552864730358124,0.5856237470108377
WRD25,mobilenetv3,gaussian_noise_0.1,101,10,0.8049755096435547,0.03408674895763397,0.16093774139881134,0.8422440321323497
WRD25,mobilenetv3,gaussian_noise_0.1,102,10,0.5747087001800537,0.3694179654121399,0.05587351694703102,1.2225097106453204
WRD25,mobilenetv3,gaussian_noise_0.1,103,10,0.9378948211669922,0.03299031779170036,0.029114874079823494,0.39767630082265903
WRD25,mobilenetv3,gaussian_noise_0.1,104,10,0.16398648917675018,0.7843627333641052,0.051650937646627426,0.9233916448191535
WRD25,mobilenetv3,gaussian_noise_0.1,105,10,0.9593890309333801,0.009881910867989063,0.030728984624147415,0.277596674658774
WRD25,mobilenetv3,gaussian_noise_0.1,106,10,0.8731449246406555,0.10011009126901627,0.026744984090328217,0.6430116690939045
WRD25,mobilenetv3,gaussian_noise_0.1,107,11,0.01013998407870531,0.2688141465187073,0.7210459113121033,0.9168699437671815
WRD25,mobilenetv3,gaussian_noise_0.1,108,11,0.011168079450726509,0.6946075558662415,0.29422441124916077,0.9569045444914934
WRD25,mobilenetv3,gaussian_noise_0.1,109,11,0.012928406707942486,0.7092607617378235,0.2778109014034271,0.945967971568028
WRD25,mobilenetv3,gaussian_noise_0.1,110,11,0.016089025884866714,0.7968295812606812,0.18708141148090363,0.8093534219587074
WRD25,mobilenetv3,gaussian_noise_0.1,111,11,0.007823043502867222,0.655921220779419,0.3362557590007782,0.982530372391697
WRD25,mobilenetv3,gaussian_noise_0.1,112,11,0.012768648564815521,0.8156872987747192,0.17154398560523987,0.7563672468545517
WRD25,mobilenetv3,gaussian_noise_0.1,113,11,0.2677689790725708,0.700248658657074,0.03198236599564552,1.0278259021840643
WRD25,mobilenetv3,gaussian_noise_0.1,114,12,0.8802213668823242,0.09565068036317825,0.02412799373269081,0.6155393112773525
WRD25,mobilenetv3,gaussian_noise_0.1,115,13,0.6940482258796692,0.2993338704109192,0.00661790044978261,0.9344908707157327
WRD25,mobilenetv3,gaussian_noise_0.1,116,13,0.0013328633503988385,0.6803359985351562,0.3183310925960541,0.9164720274233964
WRD25,mobilenetv3,gaussian_noise_0.1,117,13,0.03001278266310692,0.5701762437820435,0.39981094002723694,1.1427463695248974
WRD25,mobilenetv3,gaussian_noise_0.1,118,13,0.027442393824458122,0.5435990691184998,0.4289585053920746,1.1441858993791172
WRD25,mobilenetv3,gaussian_noise_0.1,119,13,0.008034528233110905,0.5377215147018433,0.45424389839172363,1.0543535948884528
WRD25,mobilenetv3,gaussian_noise_0.1,120,13,0.6476332545280457,0.2141638547182083,0.13820290565490723,1.2766253588094485
WRD25,mobilenetv3,gaussian_noise_0.1,121,14,0.401084303855896,0.007728110533207655,0.5911875367164612,1.0311607585224836
WRD25,mobilenetv3,gaussian_noise_0.1,122,14,0.5305067300796509,0.361278772354126,0.10821446776390076,1.362986329859047
WRD25,mobilenetv3,gaussian_noise_0.1,123,14,0.5499960780143738,0.3408336639404297,0.10917036235332489,1.3524795716161222
WRD25,mobilenetv3,gaussian_noise_0.1,124,14,0.6308491230010986,0.33501845598220825,0.034132376313209534,1.1141549778378677
WRD25,mobilenetv3,gaussian_noise_0.1,125,14,0.8160237669944763,0.044765256345272064,0.13921090960502625,0.8359751190139234
WRD25,mobilenetv3,gaussian_noise_0.1,126,15,0.48326003551483154,0.1742447316646576,0.3424950838088989,1.4756844785449013
WRD25,mobilenetv3,gaussian_noise_0.1,127,15,0.4114535450935364,0.24004913866519928,0.3484973609447479,1.5513063777252754
WRD25,mobilenetv3,gaussian_noise_0.1,128,15,0.345254123210907,0.2615002393722534,0.393245667219162,1.5652503021204183
WRD25,mobilenetv3,gaussian_noise_0.1,129,15,0.29311054944992065,0.3231915533542633,0.38369786739349365,1.575854507151334
WRD25,mobilenetv3,gaussian_noise_0.1,130,15,0.3849082589149475,0.30644622445106506,0.30864548683166504,1.57652099823011
WRD25,mobilenetv3,gaussian_noise_0.1,131,15,0.4172227084636688,0.08318917453289032,0.49958816170692444,1.324783849548204
WRD25,mobilenetv3,gaussian_noise_0.1,132,15,0.4093916416168213,0.22035138309001923,0.3702569603919983,1.5390396252713185
WRD25,mobilenetv3,gaussian_noise_0.1,133,15,0.4394889175891876,0.2567906081676483,0.3037204146385193,1.5470823043820525
WRD25,mobilenetv3,gaussian_noise_0.1,134,15,0.34360945224761963,0.29753169417381287,0.3588588833808899,1.5804821901729342
WRD25,mobilenetv3,gaussian_noise_0.1,135,15,0.4646455943584442,0.08878576755523682,0.44656869769096375,1.3433593464903657
WRD25,mobilenetv3,gaussian_noise_0.1,136,15,0.49767759442329407,0.17197555303573608,0.33034685254096985,1.4656674620936858
WRD25,mobilenetv3,gaussian_noise_0.1,137,15,0.37557733058929443,0.2126055210828781,0.41181713342666626,1.5326245642418335
WRD25,mobilenetv3,gaussian_noise_0.1,138,15,0.5257581472396851,0.06665661185979843,0.4075852334499359,1.2758424976571836
WRD25,mobilenetv3,gaussian_noise_0.1,139,15,0.48590537905693054,0.07518883049488068,0.4389057159423828,1.3080830466398359
WRD25,mobilenetv3,gaussian_noise_0.1,140,15,0.40212148427963257,0.39183515310287476,0.20604342222213745,1.527711933640366
WRD25,mobilenetv3,gaussian_noise_0.1,141,16,0.021716613322496414,0.3366931080818176,0.6415902376174927,1.0595547558483427
WRD25,mobilenetv3,gaussian_noise_0.1,142,16,0.014336266554892063,0.2744697630405426,0.7111940383911133,0.9494445511572833
WRD25,mobilenetv3,gaussian_noise_0.1,143,16,0.03177105635404587,0.46536490321159363,0.5028640627861023,1.1703783499838116
WRD25,mobilenetv3,gaussian_noise_0.1,144,16,0.044731300324201584,0.5660616159439087,0.3892071545124054,1.1950929807903181
WRD25,mobilenetv3,gaussian_noise_0.1,145,16,0.022745508700609207,0.6748290061950684,0.3024253845214844,1.0288425796407634
WRD25,mobilenetv3,gaussian_noise_0.1,146,16,0.045672085136175156,0.5461227893829346,0.4082050323486328,1.2076195323913614
WRD25,mobilenetv3,gaussian_noise_0.1,147,16,0.10062678903341293,0.3345353603363037,0.5648377537727356,1.327334606016331
WRD25,mobilenetv3,gaussian_noise_0.1,148,17,0.018415365368127823,0.49301615357398987,0.48856857419013977,1.1140184623153475
WRD25,mobilenetv3,gaussian_noise_0.1,149,17,0.0075577725656330585,0.4885439872741699,0.5038982033729553,1.0563989662878308
WRD25,mobilenetv3,gaussian_noise_0.1,150,17,0.002158075338229537,0.465824156999588,0.5320177674293518,1.0168941918757257
WRD25,mobilenetv3,gaussian_noise_0.1,151,17,0.43502435088157654,0.296739399433136,0.2682361602783203,1.5517217264494203
WRD25,mobilenetv3,gaussian_noise_0.1,152,18,0.10839550942182541,0.2786271274089813,0.6129773259162903,1.2939698376779625
WRD25,mobilenetv3,gaussian_noise_0.1,153,18,0.023403123021125793,0.2507505416870117,0.7258464097976685,0.9627275534340042
WRD25,mobilenetv3,gaussian_noise_0.1,154,18,0.3068091571331024,0.6672030091285706,0.025987772271037102,1.0493496023531361
WRD25,mobilenetv3,gaussian_noise_0.1,155,18,0.021281372755765915,0.35662606358528137,0.622092604637146,1.0746975875924827
WRD25,mobilenetv3,gaussian_noise_0.1,156,18,0.28739306330680847,0.049607306718826294,0.6629995107650757,1.1250615443488359
WRD25,mobilenetv3,gaussian_noise_0.1,157,18,0.40111348032951355,0.49885880947113037,0.1000276580452919,1.3613826272774796
WRD25,mobilenetv3,gaussian_noise_0.1,158,18,0.6278756856918335,0.16829654574394226,0.20382782816886902,1.3219626424129285
WRD25,mobilenetv3,gaussian_noise_0.1,159,18,0.8717074990272522,0.03860893473029137,0.08968345820903778,0.6659471491024065
WRD25,mobilenetv3,gaussian_noise_0.1,160,18,0.727476179599762,0.10625355690717697,0.16627022624015808,1.107973853493609
WRD25,mobilenetv3,gaussian_noise_0.1,161,18,0.06409723311662674,0.6027061939239502,0.3331965208053589,1.2226174574931563
WRD25,mobilenetv3,gaussian_noise_0.1,162,18,0.09793642163276672,0.5559313893318176,0.34613218903541565,1.3289612881715889
WRD25,mobilenetv3,gaussian_noise_0.1,163,18,0.15452922880649567,0.6125760078430176,0.2328946888446808,1.3390274182221567
WRD25,mobilenetv3,gaussian_noise_0.1,164,18,0.34963926672935486,0.3076307475566864,0.3427300453186035,1.5827391198174205
WRD25,mobilenetv3,gaussian_noise_0.1,165,18,0.1152416542172432,0.6322944760322571,0.25246375799179077,1.2787506997789493
WRD25,mobilenetv3,gaussian_noise_0.1,166,18,0.30963757634162903,0.22391222417354584,0.46645021438598633,1.5203209308804684
WRD25,mobilenetv3,gaussian_noise_0.1,167,18,0.1905299574136734,0.023374540731310844,0.7860955595970154,0.8553460823814161
WRD25,mobilenetv3,gaussian_noise_0.1,168,18,0.42549601197242737,0.4612289071083069,0.11327510327100754,1.3954022075761408
WRD25,mobilenetv3,gaussian_noise_0.1,169,18,0.574652910232544,0.3655474781990051,0.05979951098561287,1.23301977575441
WRD25,mobilenetv3,gaussian_noise_0.1,170,19,0.04809253290295601,0.09569526463747025,0.8562121391296387,0.7262758258414439
WRD25,mobilenetv3,gaussian_noise_0.1,171,19,0.008607044816017151,0.4212338328361511,0.5701591372489929,1.046604597078637
WRD25,mobilenetv3,gaussian_noise_0.1,172,19,0.02056235447525978,0.4733375608921051,0.506100058555603,1.1232334305696292
WRD25,mobilenetv3,gaussian_noise_0.1,173,19,0.46552562713623047,0.39044973254203796,0.14402465522289276,1.4459020769083712
WRD25,mobilenetv3,gaussian_noise_0.1,174,20,0.2630419433116913,0.6689524054527283,0.0680055320262909,1.1585339747282983
WRD25,mobilenetv3,gaussian_noise_0.1,175,20,0.03636276721954346,0.04595087468624115,0.9176862835884094,0.49178564442180217
WRD25,mobilenetv3,gaussian_noise_0.1,176,20,0.12468560039997101,0.8311566710472107,0.04415774345397949,0.7950311607428426
WRD25,mobilenetv3,gaussian_noise_0.1,177,20,0.060869019478559494,0.23975196480751038,0.6993789076805115,1.1005568103422667
WRD25,mobilenetv3,gaussian_noise_0.1,178,21,0.010852279141545296,0.05242672190070152,0.9367209672927856,0.3821612560563995
WRD25,mobilenetv3,gaussian_noise_0.1,179,21,0.313382089138031,0.5770111680030823,0.10960667580366135,1.331963522468348
WRD25,mobilenetv3,gaussian_noise_0.1,180,21,0.9588778018951416,0.005626032128930092,0.03549609333276749,0.27109303734293333
WRD25,mobilenetv3,gaussian_noise_0.1,181,21,0.028386013582348824,0.6900795698165894,0.2815345227718353,1.0299918632626583
WRD25,mobilenetv3,gaussian_noise_0.1,182,21,0.6303832530975342,0.050573721528053284,0.3190430998802185,1.1632284260265322
WRD25,mobilenetv3,gaussian_noise_0.1,183,21,0.7036833167076111,0.07464364171028137,0.22167305648326874,1.1180275231581835
WRD25,mobilenetv3,gaussian_noise_0.1,184,21,0.6050906777381897,0.0840723067522049,0.3108370304107666,1.2628805411043547
WRD25,mobilenetv3,gaussian_noise_0.1,185,22,0.04069273918867111,0.8119387626647949,0.14736852049827576,0.8391027409911823
WRD25,mobilenetv3,gaussian_noise_0.1,186,22,0.601658821105957,0.023854026570916176,0.37448710203170776,1.100222315885102
WRD25,mobilenetv3,gaussian_noise_0.1,187,22,0.09618580341339111,0.8149100542068481,0.08890409767627716,0.8759693831088435
WRD25,mobilenetv3,gaussian_noise_0.1,188,22,0.06502678990364075,0.7802031636238098,0.15477009117603302,0.952373206466292
WRD25,mobilenetv3,gaussian_noise_0.1,189,22,0.08446426689624786,0.6669836044311523,0.24855221807956696,1.1900487664676878
WRD25,mobilenetv3,gaussian_noise_0.1,190,23,0.6168429851531982,0.14801526069641113,0.23514172434806824,1.3289812690685223
WRD25,mobilenetv3,gaussian_noise_0.1,191,23,0.6483915448188782,0.10848546773195267,0.24312299489974976,1.248948815469932
WRD25,mobilenetv3,gaussian_noise_0.1,192,23,0.1351141780614853,0.6743864417076111,0.19049933552742004,1.2291665752073875
WRD25,mobilenetv3,gaussian_noise_0.1,193,23,0.2080720067024231,0.6438403725624084,0.14808760583400726,1.2882864393481288
WRD25,mobilenetv3,gaussian_noise_0.1,194,24,0.8954020738601685,0.015841137617826462,0.08875685185194016,0.5475694675363919
WRD25,mobilenetv3,gaussian_noise_0.1,195,24,0.7904539108276367,0.01346082054078579,0.19608533382415771,0.8127072487999796
WRD25,mobilenetv3,gaussian_noise_0.1,196,24,0.7300583124160767,0.03271566703915596,0.23722605407238007,0.9852024131439476
WRD25,mobilenetv3,gaussian_noise_0.1,197,24,0.7788600921630859,0.020574219524860382,0.2005656212568283,0.8609883023415374
WRD25,mobilenetv3,gaussian_noise_0.1,198,24,0.8205747008323669,0.008416146971285343,0.1710091233253479,0.7278202974895925
WRD25,mobilenetv3,gaussian_noise_0.1,199,24,0.35525932908058167,0.2640683948993683,0.38067230582237244,1.5681222421032701
WRD25,mobilenetv3,shot_noise_15,0,0,0.375398188829422,0.5182502865791321,0.10635162144899368,1.3659176052132516
WRD25,mobilenetv3,shot_noise_15,1,0,0.3967268764972687,0.35354292392730713,0.24973022937774658,1.5593260779012728
WRD25,mobilenetv3,shot_noise_15,2,0,0.33564573526382446,0.10491115599870682,0.5594431161880493,1.338666970184378
WRD25,mobilenetv3,shot_noise_15,3,0,0.31691014766693115,0.17201077938079834,0.5110790133476257,1.4571196005511127
WRD25,mobilenetv3,shot_noise_15,4,0,0.48205330967903137,0.008768568746745586,0.5091780424118042,1.0632102000938228
WRD25,mobilenetv3,shot_noise_15,5,0,0.49230486154556274,0.009182242676615715,0.498512864112854,1.0661115348731387
WRD25,mobilenetv3,shot_noise_15,6,0,0.4579840302467346,0.04633936658501625,0.49567654728889465,1.2232241936786066
WRD25,mobilenetv3,shot_noise_15,7,0,0.00079930922947824,0.4501778483390808,0.549022912979126,1.001512446550131
WRD25,mobilenetv3,shot_noise_15,8,0,0.45758530497550964,0.04253123700618744,0.4998834729194641,1.209900220825535
WRD25,mobilenetv3,shot_noise_15,9,0,0.39307624101638794,0.08883284032344818,0.5180909037590027,1.33131718171038
WRD25,mobilenetv3,shot_noise_15,10,0,0.27151763439178467,0.5152922868728638,0.21319013833999634,1.4789575524113667
WRD25,mobilenetv3,shot_noise_15,11,0,0.3680190443992615,0.13598613440990448,0.4959948658943176,1.4239194660809784
WRD25,mobilenetv3,shot_noise_15,12,0,0.4234028160572052,0.0568215548992157,0.5197756290435791,1.2507590150207597
WRD25,mobilenetv3,shot_noise_15,13,0,0.4887073040008545,0.01764463074505329,0.4936481714248657,1.1103407353570243
WRD25,mobilenetv3,shot_noise_15,14,0,0.2748385965824127,0.5474994778633118,0.17766202986240387,1.4308089685383607
WRD25,mobilenetv3,shot_noise_15,15,0,0.43566569685935974,0.00022625514247920364,0.5641080141067505,0.990903986457384
WRD25,mobilenetv3,shot_noise_15,16,0,0.4118622839450836,0.0525067076086998,0.5356311202049255,1.2327487170007256
WRD25,mobilenetv3,shot_noise_15,17,0,0.4776343107223511,0.005606306251138449,0.5167592763900757,1.0432765201514935
WRD25,mobilenetv3,shot_noise_15,18,1,0.45004916191101074,0.4931572377681732,0.05679350718855858,1.256367400944403
WRD25,mobilenetv3,shot_noise_15,19,1,0.3899466395378113,0.3048795163631439,0.3051739037036896,1.5748183707149153
WRD25,mobilenetv3,shot_noise_15,20,1,0.6056594252586365,0.38380002975463867,0.010540619492530823,1.0376245381848919
WRD25,mobilenetv3,shot_noise_15,21,1,0.11004199832677841,0.6955471634864807,0.19441089034080505,1.1740311318167045
WRD25,mobilenetv3,shot_noise_15,22,1,0.1312621384859085,0.4993666708469391,0.369371235370636,1.4155427303699892
WRD25,mobilenetv3,shot_noise_15,23,1,0.11097154766321182,0.5781546831130981,0.31087371706962585,1.3329966780927527
WRD25,mobilenetv3,shot_noise_15,24,1,0.012828066013753414,0.560751736164093,0.426420122385025,1.0729515128872973
WRD25,mobilenetv3,shot_noise_15,25,2,0.18390217423439026,0.4064774215221405,0.40962034463882446,1.5046286527381358
WRD25,mobilenetv3,shot_noise_15,26,2,0.011700042523443699,0.8228288888931274,0.16547109186649323,0.7360295102976532
WRD25,mobilenetv3,shot_noise_15,27,2,0.0016290568746626377,0.6243596076965332,0.3740113377571106,0.9700365645326805
WRD25,mobilenetv3,shot_noise_15,28,2,0.4624411463737488,0.48025941848754883,0.05729945749044418,1.2590877409645471
WRD25,mobilenetv3,shot_noise_15,29,2,0.15130241215229034,0.8413134813308716,0.007384140510112047,0.6742386420603396
WRD25,mobilenetv3,shot_noise_15,30,2,0.8223713636398315,0.17075280845165253,0.006875859573483467,0.7168430133718589
WRD25,mobilenetv3,shot_noise_15,31,2,0.009888768196105957,0.9678968787193298,0.022214479744434357,0.23343261211415445
WRD25,mobilenetv3,shot_noise_15,32,2,0.016533637419342995,0.0014681079192087054,0.9819982647895813,0.13740696691706414
WRD25,mobilenetv3,shot_noise_15,33,2,0.010277693159878254,0.009279259480535984,0.9804430603981018,0.1584658491025421
WRD25,mobilenetv3,shot_noise_15,34,2,0.520817756652832,0.0004413441347423941,0.4787409007549286,1.0038363177290073
WRD25,mobilenetv3,shot_noise_15,35,2,0.4431019127368927,0.5192127227783203,0.03768526762723923,1.1895445648868541
WRD25,mobilenetv3,shot_noise_15,36,3,0.0014324712101370096,0.6837921738624573,0.31477537751197815,0.9134253256200626
WRD25,mobilenetv3,shot_noise_15,37,3,0.019642481580376625,0.734290361404419,0.2460671365261078,0.9363170270857488
WRD25,mobilenetv3,shot_noise_15,38,3,0.03520026057958603,0.742877185344696,0.2219225913286209,0.9704927335248031
WRD25,mobilenetv3,shot_noise_15,39,3,0.006890753749758005,0.006987606640905142,0.986121654510498,0.11940415427780393
WRD25,mobilenetv3,shot_noise_15,40,3,0.001983563182875514,0.0472848117351532,0.9507315754890442,0.29527700770812065
WRD25,mobilenetv3,shot_noise_15,41,4,0.2968546748161316,0.6844043135643005,0.018741074949502945,1.0020934266748585
WRD25,mobilenetv3,shot_noise_15,42,4,0.03740045800805092,0.5518038272857666,0.4107957184314728,1.1778894824175126
WRD25,mobilenetv3,shot_noise_15,43,4,0.00640669884160161,0.41040685772895813,0.5831863880157471,1.0277034076392149
WRD25,mobilenetv3,shot_noise_15,44,4,0.298755943775177,0.6553024053573608,0.04594161733984947,1.1244688623541705
WRD25,mobilenetv3,shot_noise_15,45,4,0.6396172642707825,0.3245604336261749,0.035822369158267975,1.1113329400941798
WRD25,mobilenetv3,shot_noise_15,46,5,0.33929887413978577,0.6549681425094604,0.005733021069318056,0.9716441233703613
WRD25,mobilenetv3,shot_noise_15,47,5,0.004748152568936348,0.32293078303337097,0.6723211407661438,0.9483429765958729
WRD25,mobilenetv3,shot_noise_15,48,5,0.00025464248028583825,0.5893767476081848,0.41036856174468994,0.9799070654972829
WRD25,mobilenetv3,shot_noise_15,49,5,0.0055863987654447556,0.47843074798583984,0.5159827470779419,1.0432352113273375
WRD25,mobilenetv3,shot_noise_15,50,6,0.46908140182495117,0.48927372694015503,0.04164484143257141,1.207831800999709
WRD25,mobilenetv3,shot_noise_15,51,6,0.629424512386322,0.3594799041748047,0.01109563373029232,1.0230413137834238
WRD25,mobilenetv3,shot_noise_15,52,6,0.004049815237522125,0.20689508318901062,0.7890551686286926,0.7721667277987332
WRD25,mobilenetv3,shot_noise_15,53,7,0.35489779710769653,0.39913010597229004,0.24597221612930298,1.5569865900406228
WRD25,mobilenetv3,shot_noise_15,54,7,0.3927207589149475,0.5177702307701111,0.08950909227132797,1.3328918546786013
WRD25,mobilenetv3,shot_noise_15,55,7,0.04662330448627472,0.45487335324287415,0.49850335717201233,1.2238119194841481
WRD25,mobilenetv3,shot_noise_15,56,7,0.35506725311279297,0.06999098509550095,0.5749416947364807,1.2580437574247607
WRD25,mobilenetv3,shot_noise_15,57,7,0.6638339161872864,0.11022494733333588,0.22594109177589417,1.2279395913579165
WRD25,mobilenetv3,shot_noise_15,58,7,0.358399361371994,0.5570069551467896,0.08459366112947464,1.3022367540367406
WRD25,mobilenetv3,shot_noise_15,59,7,0.46876260638237,0.38455653190612793,0.1466808021068573,1.4487866983953857
WRD25,mobilenetv3,shot_noise_15,60,7,0.4608894884586334,0.35723745822906494,0.1818731278181076,1.4927861764479413
WRD25,mobilenetv3,shot_noise_15,61,7,0.25762149691581726,0.7038548588752747,0.038523778319358826,1.0416786142676295
WRD25,mobilenetv3,shot_noise_15,62,7,0.29245853424072266,0.6074194312095642,0.10012213885784149,1.2880321148532095
WRD25,mobilenetv3,shot_noise_15,63,7,0.3327517509460449,0.5779858231544495,0.08926235139369965,1.296513958150982
WRD25,mobilenetv3,shot_noise_15,64,7,0.9051962494850159,0.04385519027709961,0.05094854161143303,0.5467245141111466
WRD25,mobilenetv3,shot_noise_15,65,7,0.1885562688112259,0.6203020215034485,0.19114172458648682,1.3375137294175072
WRD25,mobilenetv3,shot_noise_15,66,7,0.3165914714336395,0.6531809568405151,0.03022749535739422,1.079254255231013
WRD25,mobilenetv3,shot_noise_15,67,7,0.13261346518993378,0.6619246006011963,0.20546197891235352,1.249627957512808
WRD25,mobilenetv3,shot_noise_15,68,7,0.45368459820747375,0.01557488739490509,0.53074049949646,1.09588523454994
WRD25,mobilenetv3,shot_noise_15,69,8,0.5670832395553589,0.405021607875824,0.02789515256881714,1.1362481985166037
WRD25,mobilenetv3,shot_noise_15,70,8,0.45621299743652344,0.3786308467388153,0.16515617072582245,1.4761388810561908
WRD25,mobilenetv3,shot_noise_15,71,8,0.788701057434082,0.1477510929107666,0.06354784965515137,0.9303670663686656
WRD25,mobilenetv3,shot_noise_15,72,8,0.3671508729457855,0.08831888437271118,0.5445302724838257,1.3174602985665804
WRD25,mobilenetv3,shot_noise_15,73,8,0.15351462364196777,0.34844762086868286,0.4980376362800598,1.4458819886800556
WRD25,mobilenetv3,shot_noise_15,74,8,0.4067046046257019,0.454994797706604,0.1383005827665329,1.4395171062366052
WRD25,mobilenetv3,shot_noise_15,75,8,0.2593824863433838,0.5617462396621704,0.1788712441921234,1.416494730695697
WRD25,mobilenetv3,shot_noise_15,76,8,0.4523676037788391,0.4558415114879608,0.09179096668958664,1.3506191773323177
WRD25,mobilenetv3,shot_noise_15,77,8,0.2344893366098404,0.5971260666847229,0.16838465631008148,1.3676212336024252
WRD25,mobilenetv3,shot_noise_15,78,8,0.6285601258277893,0.16296136379241943,0.20847851037979126,1.319177477968707
WRD25,mobilenetv3,shot_noise_15,79,8,0.5318740606307983,0.1002795547246933,0.36784639954566956,1.3479094257688002
WRD25,mobilenetv3,shot_noise_15,80,8,0.29663366079330444,0.5260979533195496,0.1772683560848236,1.4500129063169365
WRD25,mobilenetv3,shot_noise_15,81,8,0.4789137542247772,0.42514824867248535,0.0959380567073822,1.3577397380371121
WRD25,mobilenetv3,shot_noise_15,82,8,0.5169752240180969,0.32288306951522827,0.160141721367836,1.4418564456359142
WRD25,mobilenetv3,shot_noise_15,83,8,0.41365915536880493,0.3794126808643341,0.20692825317382812,1.527574678624679
WRD25,mobilenetv3,shot_noise_15,84,8,0.4810807406902313,0.44593527913093567,0.07298383861780167,1.303016164856394
WRD25,mobilenetv3,shot_noise_15,85,8,0.416943222284317,0.49021321535110474,0.09284357726573944,1.348773633479504
WRD25,mobilenetv3,shot_noise_15,86,9,0.515994668006897,0.04813166335225105,0.43587371706962585,1.225404576735272
WRD25,mobilenetv3,shot_noise_15,87,9,0.04986721649765968,0.5004546046257019,0.4496781527996063,1.2340070651346062
WRD25,mobilenetv3,shot_noise_15,88,9,0.5242249369621277,0.4081292450428009,0.06764587759971619,1.2789755933763522
WRD25,mobilenetv3,shot_noise_15,89,9,0.27832692861557007,0.3716781735420227,0.34999486804008484,1.5743641556569852
WRD25,mobilenetv3,shot_noise_15,90,9,0.005177265033125877,0.3078678250312805,0.686954915523529,0.9347036251185357
WRD25,mobilenetv3,shot_noise_15,91,9,0.25578755140304565,0.5666015148162842,0.17761091887950897,1.4103334470025768
WRD25,mobilenetv3,shot_noise_15,92,9,0.007559890393167734,0.3906312882900238,0.6018087863922119,1.0239197450850526
WRD25,mobilenetv3,shot_noise_15,93,9,0.29213687777519226,0.46753185987472534,0.24033132195472717,1.5257827130903472
WRD25,mobilenetv3,shot_noise_15,94,9,0.05795469135046005,0.4496465027332306,0.49239885807037354,1.2599169799199719
WRD25,mobilenetv3,shot_noise_15,95,9,0.26827263832092285,0.38628116250038147,0.3454461693763733,1.5690577144098161
WRD25,mobilenetv3,shot_noise_15,96,9,0.02402067556977272,0.44358643889427185,0.5323929190635681,1.1335983188810288
WRD25,mobilenetv3,shot_noise_15,97,10,0.9609850645065308,0.027702635154128075,0.011312345042824745,0.2716480883204533
WRD25,mobilenetv3,shot_noise_15,98,10,0.4932481348514557,0.476899117231369,0.029852746054530144,1.1636013507520964
WRD25,mobilenetv3,shot_noise_15,99,10,0.3267667293548584,0.5962368845939636,0.07699643075466156,1.2569255047751424
WRD25,mobilenetv3,shot_noise_15,100,10,0.10828734934329987,0.5296964049339294,0.3620164096355438,1.363560222604273
WRD25,mobilenetv3,shot_noise_15,101,10,0.2673293948173523,0.6276575326919556,0.10501302033662796,1.2720005094523659
WRD25,mobilenetv3,shot_noise_15,102,10,0.21323926746845245,0.6689016819000244,0.11785902082920074,1.227039168565294
WRD25,mobilenetv3,shot_noise_15,103,10,0.048113852739334106,0.9309771060943604,0.020909085869789124,0.4233412407914077
WRD25,mobilenetv3,shot_noise_15,104,10,0.14738917350769043,0.8239793181419373,0.028631484135985374,0.7840588652080083
WRD25,mobilenetv3,shot_noise_15,105,10,0.9704796075820923,0.019122641533613205,0.010397851467132568,0.2196137505268124
WRD25,mobilenetv3,shot_noise_15,106,10,0.193488210439682,0.753399133682251,0.05311266705393791,0.9912010349823422
WRD25,mobilenetv3,shot_noise_15,107,11,0.00670194486156106,0.2421853095293045,0.7511127591133118,0.8539962809215302
WRD25,mobilenetv3,shot_noise_15,108,11,0.005584697239100933,0.5814462304115295,0.4129691421985626,1.023557604996157
WRD25,mobilenetv3,shot_noise_15,109,11,0.013165454380214214,0.5616600513458252,0.4251745939254761,1.0742881082477842
WRD25,mobilenetv3,shot_noise_15,110,11,0.01996178925037384,0.523744523525238,0.45629361271858215,1.1179128077054064
WRD25,mobilenetv3,shot_noise_15,111,11,0.007642949465662241,0.4657715857028961,0.5265854597091675,1.0543938220797264
WRD25,mobilenetv3,shot_noise_15,112,11,0.033121101558208466,0.5338477492332458,0.43303123116493225,1.1690924514470664
WRD25,mobilenetv3,shot_noise_15,113,11,0.007157724816352129,0.7921019792556763,0.20074035227298737,0.7823804825780203
WRD25,mobilenetv3,shot_noise_15,114,12,0.8096738457679749,0.17523111402988434,0.015095160342752934,0.7782364457199907
WRD25,mobilenetv3,shot_noise_15,115,13,0.015408661216497421,0.7499271631240845,0.23466427624225616,0.8948753419106095
WRD25,mobilenetv3,shot_noise_15,116,13,0.4755483567714691,0.4884917736053467,0.03595985099673271,1.1873659967899477
WRD25,mobilenetv3,shot_noise_15,117,13,0.07611097395420074,0.5467075109481812,0.3771815001964569,1.289648183083671
WRD25,mobilenetv3,shot_noise_15,118,13,0.035542529076337814,0.5395163297653198,0.4249413013458252,1.1760833398857664
WRD25,mobilenetv3,shot_noise_15,119,13,0.028617752715945244,0.670078456401825,0.30130377411842346,1.0552269437734685
WRD25,mobilenetv3,shot_noise_15,120,13,0.03294051066040993,0.7666301131248474,0.2004295140504837,0.9208855343822441
WRD25,mobilenetv3,shot_noise_15,121,14,0.4762948453426361,0.4885910153388977,0.035114139318466187,1.1841964407085355
WRD25,mobilenetv3,shot_noise_15,122,14,0.27866944670677185,0.682968020439148,0.03836260363459587,1.069863072134488
WRD25,mobilenetv3,shot_noise_15,123,14,0.4650287330150604,0.49802109599113464,0.03695017844438553,1.1903640689242776
WRD25,mobilenetv3,shot_noise_15,124,14,0.656823992729187,0.2944287061691284,0.04874731972813606,1.1301539703547663
WRD25,mobilenetv3,shot_noise_15,125,14,0.019303230568766594,0.643757700920105,0.33693912625312805,1.0477882538053
WRD25,mobilenetv3,shot_noise_15,126,15,0.31317073106765747,0.23299911618232727,0.4538300633430481,1.5314906743756347
WRD25,mobilenetv3,shot_noise_15,127,15,0.4534689784049988,0.07992617785930634,0.46660488843917847,1.3218575457434922
WRD25,mobilenetv3,shot_noise_15,128,15,0.26901400089263916,0.2794237434864044,0.4515623152256012,1.5415148107633745
WRD25,mobilenetv3,shot_noise_15,129,15,0.2999058961868286,0.23302048444747925,0.46707355976104736,1.5237245950298974
WRD25,mobilenetv3,shot_noise_15,130,15,0.35190969705581665,0.18759524822235107,0.4604952037334442,1.498317784090784
WRD25,mobilenetv3,shot_noise_15,131,15,0.34211722016334534,0.16731426119804382,0.490568608045578,1.4650160534870653
WRD25,mobilenetv3,shot_noise_15,132,15,0.39352500438690186,0.16527459025382996,0.4412003755569458,1.4795401646943285
WRD25,mobilenetv3,shot_noise_15,133,15,0.3735109865665436,0.1926030069589615,0.43388596177101135,1.511022408772863
WRD25,mobilenetv3,shot_noise_15,134,15,0.3796806335449219,0.19096440076828003,0.42935502529144287,1.5103186625741802
WRD25,mobilenetv3,shot_noise_15,135,15,0.3697320818901062,0.057208362966775894,0.5730595588684082,1.2271721731072178
WRD25,mobilenetv3,shot_noise_15,136,15,0.09980147331953049,0.3095261752605438,0.5906723737716675,1.3041534618352413
WRD25,mobilenetv3,shot_noise_15,137,15,0.3440859019756317,0.11769670248031616,0.5382173657417297,1.3739415111010649
WRD25,mobilenetv3,shot_noise_15,138,15,0.5135781168937683,0.04248431697487831,0.4439375102519989,1.2074278219712595
WRD25,mobilenetv3,shot_noise_15,139,15,0.4768289625644684,0.06651504337787628,0.4566560387611389,1.2859522415673734
WRD25,mobilenetv3,shot_noise_15,140,15,0.4274642765522003,0.12204579263925552,0.45048999786376953,1.4127315138598497
WRD25,mobilenetv3,shot_noise_15,141,16,0.006734281312674284,0.719948947429657,0.27331674098968506,0.9013352018564282
WRD25,mobilenetv3,shot_noise_15,142,16,0.007703832816332579,0.4848916232585907,0.507404625415802,1.0570815567444176
WRD25,mobilenetv3,shot_noise_15,143,16,0.005565754137933254,0.4813937544822693,0.5130404829978943,1.0433980234991889
WRD25,mobilenetv3,shot_noise_15,144,16,0.02387734316289425,0.34699684381484985,0.6291257739067078,1.0791430008645708
WRD25,mobilenetv3,shot_noise_15,145,16,0.02272874116897583,0.606037437915802,0.37123367190361023,1.0926745710142298
WRD25,mobilenetv3,shot_noise_15,146,16,0.0127909816801548,0.3954743444919586,0.5917348265647888,1.0576496143292382
WRD25,mobilenetv3,shot_noise_15,147,16,0.05002661421895027,0.40728291869163513,0.5426904559135437,1.2225133072151089
WRD25,mobilenetv3,shot_noise_15,148,17,0.005273895803838968,0.46869945526123047,0.5260265469551086,1.0398372311052027
WRD25,mobilenetv3,shot_noise_15,149,17,0.0006206636317074299,0.39307069778442383,0.6063085794448853,0.973812961934076
WRD25,mobilenetv3,shot_noise_15,150,17,0.035758860409259796,0.31751108169555664,0.6467301249504089,1.1040013174405874
WRD25,mobilenetv3,shot_noise_15,151,17,0.018837327137589455,0.8520475029945374,0.1291150450706482,0.6860724955346083
WRD25,mobilenetv3,shot_noise_15,152,18,0.04362143203616142,0.41019633412361145,0.5461822748184204,1.201040252014752
WRD25,mobilenetv3,shot_noise_15,153,18,0.0038525722920894623,0.4304029643535614,0.5657444000244141,1.0192869230144437
WRD25,mobilenetv3,shot_noise_15,154,18,0.46072182059288025,0.004598610103130341,0.5346795916557312,1.033759333822407
WRD25,mobilenetv3,shot_noise_15,155,18,0.00830970797687769,0.4201869070529938,0.5715033411979675,1.044336914412696
WRD25,mobilenetv3,shot_noise_15,156,18,0.6024097800254822,0.002333441050723195,0.39525681734085083,0.9901771076053362
WRD25,mobilenetv3,shot_noise_15,157,18,0.5616559386253357,0.37513893842697144,0.06320514529943466,1.2498661024568674
WRD25,mobilenetv3,shot_noise_15,158,18,0.042561959475278854,0.5364111661911011,0.42102694511413574,1.2013008375132628
WRD25,mobilenetv3,shot_noise_15,159,18,0.05897684395313263,0.7139412760734558,0.22708183526992798,1.07357072175548
WRD25,mobilenetv3,shot_noise_15,160,18,0.198641836643219,0.6533793807029724,0.1479787528514862,1.2722734895348362
WRD25,mobilenetv3,shot_noise_15,161,18,0.11972152441740036,0.6838418245315552,0.19643670320510864,1.2027501317413205
WRD25,mobilenetv3,shot_noise_15,162,18,0.022904694080352783,0.6928722262382507,0.2842230200767517,1.007391445642158
WRD25,mobilenetv3,shot_noise_15,163,18,0.04257310926914215,0.7192620038986206,0.23816485702991486,1.0288126329183176
WRD25,mobilenetv3,shot_noise_15,164,18,0.20980438590049744,0.571868360042572,0.21832726895809174,1.4130542930704912
WRD25,mobilenetv3,shot_noise_15,165,18,0.0990099310874939,0.7581853866577148,0.14280468225479126,1.034106385651962
WRD25,mobilenetv3,shot_noise_15,166,18,0.061268556863069534,0.40696007013320923,0.5317713618278503,1.2591856305689664
WRD25,mobilenetv3,shot_noise_15,167,18,0.3521769046783447,0.012767268344759941,0.6350557804107666,1.0265613613510156
WRD25,mobilenetv3,shot_noise_15,168,18,0.5376604795455933,0.36522361636161804,0.09711597114801407,1.338767674799475
WRD25,mobilenetv3,shot_noise_15,169,18,0.6011314392089844,0.3547461926937103,0.044122327119112015,1.1704288976654258
WRD25,mobilenetv3,shot_noise_15,170,19,0.03501582890748978,0.6897681355476379,0.27521613240242004,1.0511976633865359
WRD25,mobilenetv3,shot_noise_15,171,19,0.09218227118253708,0.5307567119598389,0.37706103920936584,1.3326691108778799
WRD25,mobilenetv3,shot_noise_15,172,19,0.6618489623069763,0.31958216428756714,0.018568867817521095,1.0268206679076313
WRD25,mobilenetv3,shot_noise_15,173,19,0.40234458446502686,0.5458471179008484,0.05180831998586655,1.2264944438172491
WRD25,mobilenetv3,shot_noise_15,174,20,0.043577950447797775,0.0027679400518536568,0.9536540508270264,0.2857917602572955
WRD25,mobilenetv3,shot_noise_15,175,20,0.03325235843658447,0.024685677140951157,0.9420619606971741,0.3762256917480249
WRD25,mobilenetv3,shot_noise_15,176,20,0.9421885013580322,0.036686141043901443,0.021125400438904762,0.3734482620274959
WRD25,mobilenetv3,shot_noise_15,177,20,0.05018773674964905,0.018938297405838966,0.9308741688728333,0.4212103212435604
WRD25,mobilenetv3,shot_noise_15,178,21,0.007438174914568663,0.5802876353263855,0.4122741222381592,1.0352326518535824
WRD25,mobilenetv3,shot_noise_15,179,21,0.055886510759592056,0.4473535418510437,0.49675995111465454,1.2531422949196174
WRD25,mobilenetv3,shot_noise_15,180,21,0.03481152653694153,0.4042032063007355,0.5609852075576782,1.1647112661986019
WRD25,mobilenetv3,shot_noise_15,181,21,0.3723158836364746,0.06252935528755188,0.5651547312736511,1.2460562827118935
WRD25,mobilenetv3,shot_noise_15,182,21,0.028664913028478622,0.7285012602806091,0.24283380806446075,0.9756746034906464
WRD25,mobilenetv3,shot_noise_15,183,21,0.025550687685608864,0.8558765649795532,0.11857274174690247,0.6920899581245008
WRD25,mobilenetv3,shot_noise_15,184,21,0.0691678524017334,0.6639299392700195,0.26690220832824707,1.1674835360269544
WRD25,mobilenetv3,shot_noise_15,185,22,0.01072421669960022,0.792421281337738,0.19685445725917816,0.7977369260530274
WRD25,mobilenetv3,shot_noise_15,186,22,9.727225005917717e-06,0.8363666534423828,0.1636236608028412,0.6430819150725695
WRD25,mobilenetv3,shot_noise_15,187,22,0.01604890637099743,0.31048691272735596,0.6734640598297119,1.0036826870240865
WRD25,mobilenetv3,shot_noise_15,188,22,0.019342292100191116,0.8901722431182861,0.09048547595739365,0.5731459533459952
WRD25,mobilenetv3,shot_noise_15,189,22,0.03467179462313652,0.9115164279937744,0.053811751306056976,0.5168610423728951
WRD25,mobilenetv3,shot_noise_15,190,23,0.3431282937526703,0.5576380491256714,0.09923363476991653,1.3301224152173563
WRD25,mobilenetv3,shot_noise_15,191,23,0.44018039107322693,0.5027623176574707,0.057057373225688934,1.2555956083385589
WRD25,mobilenetv3,shot_noise_15,192,23,0.013424116186797619,0.7968074679374695,0.1897684633731842,0.7996018937698914
WRD25,mobilenetv3,shot_noise_15,193,23,0.7534805536270142,0.1979014128446579,0.04861795902252197,0.9823035443302399
WRD25,mobilenetv3,shot_noise_15,194,24,0.8665609955787659,0.061053380370140076,0.0723855271935463,0.699538449342171
WRD25,mobilenetv3,shot_noise_15,195,24,0.23049508035182953,0.6427580714225769,0.12674689292907715,1.2755614405738083
WRD25,mobilenetv3,shot_noise_15,196,24,0.05364271253347397,0.7787115573883057,0.1676456183195114,0.9393283291676939
WRD25,mobilenetv3,shot_noise_15,197,24,0.4098620116710663,0.5734763741493225,0.01666169799864292,1.0858716179926866
WRD25,mobilenetv3,shot_noise_15,198,24,0.10502507537603378,0.6800920963287354,0.21488285064697266,1.196414105899831
WRD25,mobilenetv3,shot_noise_15,199,24,0.02272099442780018,0.7546660304069519,0.22261303663253784,0.9130042230184958
WRD25,mobilenetv3,impulse_noise_0.05,0,0,0.16976474225521088,0.5847617387771606,0.24547354876995087,1.384394423350125
WRD25,mobilenetv3,impulse_noise_0.05,1,0,0.47904327511787415,0.0597529374063015,0.46120381355285645,1.266466279358522
WRD25,mobilenetv3,impulse_noise_0.05,2,0,0.31321749091148376,0.1442517340183258,0.5425307154655457,1.4061424439873438
WRD25,mobilenetv3,impulse_noise_0.05,3,0,0.38663536310195923,0.12257406115531921,0.49079057574272156,1.405201227439142
WRD25,mobilenetv3,impulse_noise_0.05,4,0,0.33229273557662964,0.16686981916427612,0.5008373856544495,1.458857687413492
WRD25,mobilenetv3,impulse_noise_0.05,5,0,0.44464948773384094,0.08887681365013123,0.466473788022995,1.3434556531853303
WRD25,mobilenetv3,impulse_noise_0.05,6,0,0.4692983329296112,0.12872524559497833,0.40197646617889404,1.4214504390648495
WRD25,mobilenetv3,impulse_noise_0.05,7,0,0.4072873592376709,0.10752984881401062,0.4851827621459961,1.3799796203575256
WRD25,mobilenetv3,impulse_noise_0.05,8,0,0.44918525218963623,0.08894455432891846,0.4618702530860901,1.3438650565631758
WRD25,mobilenetv3,impulse_noise_0.05,9,0,0.40741410851478577,0.1468346118927002,0.44575121998786926,1.4537842295094405
WRD25,mobilenetv3,impulse_noise_0.05,10,0,0.3505271077156067,0.2728075683116913,0.3766653537750244,1.571979100270493
WRD25,mobilenetv3,impulse_noise_0.05,11,0,0.336809903383255,0.10940705239772797,0.5537829995155334,1.3502004499844187
WRD25,mobilenetv3,impulse_noise_0.05,12,0,0.4128444492816925,0.12734046578407288,0.4598150849342346,1.4209339818976503
WRD25,mobilenetv3,impulse_noise_0.05,13,0,0.4923756718635559,0.06516867876052856,0.4424556791782379,1.2805372507854087
WRD25,mobilenetv3,impulse_noise_0.05,14,0,0.28608429431915283,0.22763952612876892,0.48627611994743347,1.5083736385015247
WRD25,mobilenetv3,impulse_noise_0.05,15,0,0.3917829990386963,0.09299416840076447,0.5152228474617004,1.3412355166227494
WRD25,mobilenetv3,impulse_noise_0.05,16,0,0.38975659012794495,0.08049281686544418,0.5297505855560303,1.3079857586083832
WRD25,mobilenetv3,impulse_noise_0.05,17,0,0.43432390689849854,0.1551453322172165,0.41053080558776855,1.4669393442372145
WRD25,mobilenetv3,impulse_noise_0.05,18,1,0.08162999898195267,0.7925716042518616,0.12579834461212158,0.9371302249914479
WRD25,mobilenetv3,impulse_noise_0.05,19,1,0.07772830128669739,0.4873839318752289,0.43488773703575134,1.3142387692118838
WRD25,mobilenetv3,impulse_noise_0.05,20,1,0.07626745104789734,0.7039686441421509,0.21976391971111298,1.1200646864948292
WRD25,mobilenetv3,impulse_noise_0.05,21,1,0.16014628112316132,0.5328790545463562,0.3069746792316437,1.4301367588067324
WRD25,mobilenetv3,impulse_noise_0.05,22,1,0.05784912034869194,0.6804746985435486,0.26167622208595276,1.121896546171795
WRD25,mobilenetv3,impulse_noise_0.05,23,1,0.14616918563842773,0.620401918888092,0.2334287315607071,1.3227560968980001
WRD25,mobilenetv3,impulse_noise_0.05,24,1,0.2284209132194519,0.5539108514785767,0.2176682949066162,1.43749984816748
WRD25,mobilenetv3,impulse_noise_0.05,25,2,0.11465011537075043,0.3660533130168915,0.5192965269088745,1.379904502442947
WRD25,mobilenetv3,impulse_noise_0.05,26,2,0.05713309720158577,0.11499789357185364,0.827869176864624,0.8203785019061394
WRD25,mobilenetv3,impulse_noise_0.05,27,2,0.41702181100845337,0.18254385888576508,0.40043431520462036,1.5028238810277492
WRD25,mobilenetv3,impulse_noise_0.05,28,2,0.5008374452590942,0.4293580949306488,0.06980448961257935,1.291423061576861
WRD25,mobilenetv3,impulse_noise_0.05,29,2,0.3455987572669983,0.22384801506996155,0.4305531680583954,1.5365627770518433
WRD25,mobilenetv3,impulse_noise_0.05,30,2,0.6305878758430481,0.31541281938552856,0.0539993941783905,1.1719367204068678
WRD25,mobilenetv3,impulse_noise_0.05,31,2,0.070249043405056,0.07225300371646881,0.8574978709220886,0.7332358861324102
WRD25,mobilenetv3,impulse_noise_0.05,32,2,0.10376132279634476,0.18846647441387177,0.7077721357345581,1.145841795212295
WRD25,mobilenetv3,impulse_noise_0.05,33,2,0.1257878541946411,0.7620980739593506,0.11211399734020233,1.0288683445601232
WRD25,mobilenetv3,impulse_noise_0.05,34,2,0.3311801254749298,0.6406334638595581,0.02818639948964119,1.0846936571144048
WRD25,mobilenetv3,impulse_noise_0.05,35,2,0.574163019657135,0.31868869066238403,0.10714828968048096,1.3306312548642256
WRD25,mobilenetv3,impulse_noise_0.05,36,3,0.004081069026142359,0.1997583508491516,0.7961605191230774,0.7583960065333226
WRD25,mobilenetv3,impulse_noise_0.05,37,3,0.056959133595228195,0.6932549476623535,0.24978581070899963,1.1017598925618821
WRD25,mobilenetv3,impulse_noise_0.05,38,3,0.07169035077095032,0.09929393976926804,0.8290157914161682,0.8277070628842534
WRD25,mobilenetv3,impulse_noise_0.05,39,3,0.89438796043396,0.0721898078918457,0.033422067761421204,0.5816391613915816
WRD25,mobilenetv3,impulse_noise_0.05,40,3,0.0752134844660759,0.835665762424469,0.08912090212106705,0.8080629631912728
WRD25,mobilenetv3,impulse_noise_0.05,41,4,0.19334962964057922,0.7148456573486328,0.09180469065904617,1.1208678158537293
WRD25,mobilenetv3,impulse_noise_0.05,42,4,0.05450471118092537,0.30838948488235474,0.6371057629585266,1.1665434759591242
WRD25,mobilenetv3,impulse_noise_0.05,43,4,0.19012077152729034,0.7060033679008484,0.10387590527534485,1.1493034067477974
WRD25,mobilenetv3,impulse_noise_0.05,44,4,0.6884875893592834,0.1983613222837448,0.11315108090639114,1.1893944675069912
WRD25,mobilenetv3,impulse_noise_0.05,45,4,0.1853683441877365,0.4821287989616394,0.3325028717517853,1.486375609612511
WRD25,mobilenetv3,impulse_noise_0.05,46,5,0.2515079379081726,0.7012391686439514,0.047252919524908066,1.0679593802481062
WRD25,mobilenetv3,impulse_noise_0.05,47,5,0.013970043510198593,0.446524053812027,0.5395060181617737,1.085785439034755
WRD25,mobilenetv3,impulse_noise_0.05,48,5,0.005107515025883913,0.3361440896987915,0.6587485074996948,0.9642866139980496
WRD25,mobilenetv3,impulse_noise_0.05,49,5,0.12345422059297562,0.027557512745261192,0.8489882946014404,0.7158826796366369
WRD25,mobilenetv3,impulse_noise_0.05,50,6,0.2708337604999542,0.5963460206985474,0.13282020390033722,1.3419664315149193
WRD25,mobilenetv3,impulse_noise_0.05,51,6,0.19579452276229858,0.678773045539856,0.12543246150016785,1.2157295176880012
WRD25,mobilenetv3,impulse_noise_0.05,52,6,0.01026179175823927,0.19160722196102142,0.7981308102607727,0.7841781420297486
WRD25,mobilenetv3,impulse_noise_0.05,53,7,0.55778968334198,0.3094557523727417,0.13275448977947235,1.3801698042306687
WRD25,mobilenetv3,impulse_noise_0.05,54,7,0.562089204788208,0.027939999476075172,0.409970760345459,1.1387708914111778
WRD25,mobilenetv3,impulse_noise_0.05,55,7,0.0464341975748539,0.6001507043838501,0.3534150719642639,1.1780367537402423
WRD25,mobilenetv3,impulse_noise_0.05,56,7,0.5580310821533203,0.4173929989337921,0.024575838819146156,1.1271597221046934
WRD25,mobilenetv3,impulse_noise_0.05,57,7,0.3467496633529663,0.3648599088191986,0.2883904278278351,1.5779100363188723
WRD25,mobilenetv3,impulse_noise_0.05,58,7,0.7320733070373535,0.1889571100473404,0.07896959781646729,1.0728480426670401
WRD25,mobilenetv3,impulse_noise_0.05,59,7,0.2963011562824249,0.5618374943733215,0.14186131954193115,1.386977394679774
WRD25,mobilenetv3,impulse_noise_0.05,60,7,0.4650290310382843,0.3417072594165802,0.19326373934745789,1.501333486217893
WRD25,mobilenetv3,impulse_noise_0.05,61,7,0.6494723558425903,0.24417974054813385,0.10634785145521164,1.244895455214274
WRD25,mobilenetv3,impulse_noise_0.05,62,7,0.40660426020622253,0.5122175216674805,0.08117824047803879,1.3163627219859722
WRD25,mobilenetv3,impulse_noise_0.05,63,7,0.35067611932754517,0.5292782783508301,0.12004570662975311,1.3831147784689222
WRD25,mobilenetv3,impulse_noise_0.05,64,7,0.5786565542221069,0.06855510920286179,0.3527882695198059,1.2520474377389474
WRD25,mobilenetv3,impulse_noise_0.05,65,7,0.37606316804885864,0.36227813363075256,0.261658638715744,1.5673946854980576
WRD25,mobilenetv3,impulse_noise_0.05,66,7,0.18420998752117157,0.553642749786377,0.2621472179889679,1.4281714858457857
WRD25,mobilenetv3,impulse_noise_0.05,67,7,0.12755195796489716,0.3981786072254181,0.47426939010620117,1.418340893968701
WRD25,mobilenetv3,impulse_noise_0.05,68,7,0.3516968786716461,0.2423270046710968,0.4059760868549347,1.553754254761614
WRD25,mobilenetv3,impulse_noise_0.05,69,8,0.42263656854629517,0.40735286474227905,0.17001065611839294,1.487515452202147
WRD25,mobilenetv3,impulse_noise_0.05,70,8,0.406745970249176,0.2447114735841751,0.3485425114631653,1.5548378098638695
WRD25,mobilenetv3,impulse_noise_0.05,71,8,0.5768452882766724,0.2815496623516083,0.14160515367984772,1.3720259694083667
WRD25,mobilenetv3,impulse_noise_0.05,72,8,0.4578770101070404,0.1680649220943451,0.3740581274032593,1.4790919513148553
WRD25,mobilenetv3,impulse_noise_0.05,73,8,0.5594130158424377,0.34428977966308594,0.09629708528518677,1.323552695612238
WRD25,mobilenetv3,impulse_noise_0.05,74,8,0.08602071553468704,0.7525867223739624,0.16139264404773712,1.0377366392417535
WRD25,mobilenetv3,impulse_noise_0.05,75,8,0.401465505361557,0.2908357083797455,0.3076988458633423,1.569993152840381
WRD25,mobilenetv3,impulse_noise_0.05,76,8,0.7375895380973816,0.040067918598651886,0.22234255075454712,0.9921474713966941
WRD25,mobilenetv3,impulse_noise_0.05,77,8,0.23629255592823029,0.5703433752059937,0.19336403906345367,1.4122325365574988
WRD25,mobilenetv3,impulse_noise_0.05,78,8,0.1884838193655014,0.6071966290473938,0.2043195217847824,1.358927554747852
WRD25,mobilenetv3,impulse_noise_0.05,79,8,0.14066162705421448,0.4811879098415375,0.37815046310424805,1.4363739248063463
WRD25,mobilenetv3,impulse_noise_0.05,80,8,0.1359540969133377,0.7142494916915894,0.14979639649391174,1.1484350441090576
WRD25,mobilenetv3,impulse_noise_0.05,81,8,0.5199460387229919,0.02166605368256569,0.4583878815174103,1.126233550139452
WRD25,mobilenetv3,impulse_noise_0.05,82,8,0.527643620967865,0.19072777032852173,0.2816286087036133,1.4574526825097354
WRD25,mobilenetv3,impulse_noise_0.05,83,8,0.3551355302333832,0.4964625835418701,0.1484018713235855,1.4404276540176126
WRD25,mobilenetv3,impulse_noise_0.05,84,8,0.06460762023925781,0.710020124912262,0.22537223994731903,1.0906017549714966
WRD25,mobilenetv3,impulse_noise_0.05,85,8,0.06631609797477722,0.7599438428878784,0.17374002933502197,0.9992519430043314
WRD25,mobilenetv3,impulse_noise_0.05,86,9,0.24782979488372803,0.30739158391952515,0.4447786808013916,1.5417867142492843
WRD25,mobilenetv3,impulse_noise_0.05,87,9,0.09238429367542267,0.2999131679534912,0.6077024936676025,1.275188259963182
WRD25,mobilenetv3,impulse_noise_0.05,88,9,0.1320062130689621,0.3913767635822296,0.4766169488430023,1.424860404478209
WRD25,mobilenetv3,impulse_noise_0.05,89,9,0.3820071518421173,0.23221950232982635,0.38577333092689514,1.5496275485145707
WRD25,mobilenetv3,impulse_noise_0.05,90,9,0.24455077946186066,0.5784963369369507,0.1769530326128006,1.395797309095985
WRD25,mobilenetv3,impulse_noise_0.05,91,9,0.25455453991889954,0.3580954372882843,0.387349933385849,1.5630345140909516
WRD25,mobilenetv3,impulse_noise_0.05,92,9,0.04045979306101799,0.6792508959770203,0.28028932213783264,1.0805672152577155
WRD25,mobilenetv3,impulse_noise_0.05,93,9,0.424350380897522,0.2826416492462158,0.2930079400539398,1.5589386649037835
WRD25,mobilenetv3,impulse_noise_0.05,94,9,0.3967304527759552,0.2293119877576828,0.3739575743675232,1.5470125510694168
WRD25,mobilenetv3,impulse_noise_0.05,95,9,0.5447387099266052,0.11721760779619217,0.3380436897277832,1.368855851202264
WRD25,mobilenetv3,impulse_noise_0.05,96,9,0.10589823871850967,0.6655557751655579,0.22854597866535187,1.2206331127661882
WRD25,mobilenetv3,impulse_noise_0.05,97,10,0.14829646050930023,0.7733225226402283,0.07838112115859985,0.9830400654160122
WRD25,mobilenetv3,impulse_noise_0.05,98,10,0.17115207016468048,0.7737855315208435,0.055062394589185715,0.9524749447097405
WRD25,mobilenetv3,impulse_noise_0.05,99,10,0.6790944933891296,0.2608381509780884,0.060067228972911835,1.128564586293725
WRD25,mobilenetv3,impulse_noise_0.05,100,10,0.13679459691047668,0.8437246680259705,0.019480809569358826,0.710119293061196
WRD25,mobilenetv3,impulse_noise_0.05,101,10,0.4178110957145691,0.4828545153141022,0.09933433681726456,1.3641563100853593
WRD25,mobilenetv3,impulse_noise_0.05,102,10,0.7126539945602417,0.0693044364452362,0.2180415540933609,1.0942859424076086
WRD25,mobilenetv3,impulse_noise_0.05,103,10,0.7946454882621765,0.14489233493804932,0.06046218052506447,0.9120651755917806
WRD25,mobilenetv3,impulse_noise_0.05,104,10,0.1493333876132965,0.7957363724708557,0.05493021383881569,0.9019364490533013
WRD25,mobilenetv3,impulse_noise_0.05,105,10,0.7972937226295471,0.1453614979982376,0.05734482407569885,0.9015069227299001
WRD25,mobilenetv3,impulse_noise_0.05,106,10,0.8662306666374207,0.041601650416851044,0.09216780215501785,0.68731851920534
WRD25,mobilenetv3,impulse_noise_0.05,107,11,0.08450616896152496,0.03755136951804161,0.8779423832893372,0.643932060588215
WRD25,mobilenetv3,impulse_noise_0.05,108,11,0.011780519969761372,0.23207987844944,0.7561396956443787,0.8694791154555453
WRD25,mobilenetv3,impulse_noise_0.05,109,11,0.038384441286325455,0.5141398906707764,0.4474756121635437,1.193114405949272
WRD25,mobilenetv3,impulse_noise_0.05,110,11,0.04770907387137413,0.2638702094554901,0.688420832157135,1.0874174274667627
WRD25,mobilenetv3,impulse_noise_0.05,111,11,0.04555102065205574,0.4476594030857086,0.5067895650863647,1.2189934015636101
WRD25,mobilenetv3,impulse_noise_0.05,112,11,0.05084703862667084,0.4510929584503174,0.4980598986148834,1.237460112379856
WRD25,mobilenetv3,impulse_noise_0.05,113,11,0.88167405128479,0.030740313231945038,0.08758565783500671,0.6223183599585818
WRD25,mobilenetv3,impulse_noise_0.05,114,12,0.8859840035438538,0.07906854897737503,0.03494733199477196,0.6132838556267349
WRD25,mobilenetv3,impulse_noise_0.05,115,13,0.7017711997032166,0.02472984977066517,0.2734990119934082,1.0021027356004364
WRD25,mobilenetv3,impulse_noise_0.05,116,13,0.095124751329422,0.5773191452026367,0.32755595445632935,1.3078425017376532
WRD25,mobilenetv3,impulse_noise_0.05,117,13,0.02842102013528347,0.5727962851524353,0.3987826108932495,1.1353857812433321
WRD25,mobilenetv3,impulse_noise_0.05,118,13,0.6110720038414001,0.09726814180612564,0.2916598618030548,1.2796903120976466
WRD25,mobilenetv3,impulse_noise_0.05,119,13,0.9313109517097473,0.04787440225481987,0.020814696326851845,0.4217995909899783
WRD25,mobilenetv3,impulse_noise_0.05,120,13,0.09294745326042175,0.6507673263549805,0.2562851011753082,1.2252982121168143
WRD25,mobilenetv3,impulse_noise_0.05,121,14,0.3786656856536865,0.4660613238811493,0.15527307987213135,1.461073178232159
WRD25,mobilenetv3,impulse_noise_0.05,122,14,0.6772201657295227,0.0052811093628406525,0.31749865412712097,0.9462709640859541
WRD25,mobilenetv3,impulse_noise_0.05,123,14,0.14549678564071655,0.7301868200302124,0.12431632727384567,1.1098088919228504
WRD25,mobilenetv3,impulse_noise_0.05,124,14,0.22029705345630646,0.3772880434989929,0.40241482853889465,1.53982829913976
WRD25,mobilenetv3,impulse_noise_0.05,125,14,0.23974987864494324,0.4380442798137665,0.32220569252967834,1.5420925624265018
WRD25,mobilenetv3,impulse_noise_0.05,126,15,0.3859913647174835,0.2184360921382904,0.3955725133419037,1.5387807397775453
WRD25,mobilenetv3,impulse_noise_0.05,127,15,0.442145973443985,0.12763425707817078,0.4302197992801666,1.4231623658626127
WRD25,mobilenetv3,impulse_noise_0.05,128,15,0.2990017831325531,0.2880662679672241,0.412931889295578,1.5649355147025266
WRD25,mobilenetv3,impulse_noise_0.05,129,15,0.3042556941509247,0.22208024561405182,0.4736640751361847,1.515041011763417
WRD25,mobilenetv3,impulse_noise_0.05,130,15,0.44043633341789246,0.19609735906124115,0.3634662926197052,1.512632305701562
WRD25,mobilenetv3,impulse_noise_0.05,131,15,0.45476365089416504,0.10608277469873428,0.4391535520553589,1.3817067500494213
WRD25,mobilenetv3,impulse_noise_0.05,132,15,0.38239213824272156,0.2789458632469177,0.33866193890571594,1.5731503559924152
WRD25,mobilenetv3,impulse_noise_0.05,133,15,0.45109859108924866,0.09302909672260284,0.4558722972869873,1.3534533183454225
WRD25,mobilenetv3,impulse_noise_0.05,134,15,0.3770342171192169,0.18593840301036835,0.43702736496925354,1.5037666078811622
WRD25,mobilenetv3,impulse_noise_0.05,135,15,0.4045972526073456,0.19940994679927826,0.39599278569221497,1.5212697638915778
WRD25,mobilenetv3,impulse_noise_0.05,136,15,0.4377366304397583,0.3019499182701111,0.260313481092453,1.5488222926990693
WRD25,mobilenetv3,impulse_noise_0.05,137,15,0.40937507152557373,0.18572434782981873,0.40490055084228516,1.506698864726188
WRD25,mobilenetv3,impulse_noise_0.05,138,15,0.43237680196762085,0.11433012783527374,0.45329299569129944,1.398153871758961
WRD25,mobilenetv3,impulse_noise_0.05,139,15,0.384469598531723,0.13736097514629364,0.47816944122314453,1.4325683713138893
WRD25,mobilenetv3,impulse_noise_0.05,140,15,0.4828900694847107,0.27263322472572327,0.24447666108608246,1.5151585887143384
WRD25,mobilenetv3,impulse_noise_0.05,141,16,0.03513794392347336,0.3402459919452667,0.6246160864830017,1.123035213520481
WRD25,mobilenetv3,impulse_noise_0.05,142,16,0.038824357092380524,0.09984554350376129,0.861329972743988,0.6993657326107139
WRD25,mobilenetv3,impulse_noise_0.05,143,16,0.01491660624742508,0.08840998262166977,0.8966735601425171,0.5409892787594095
WRD25,mobilenetv3,impulse_noise_0.05,144,16,0.04394283890724182,0.5378296971321106,0.4182274639606476,1.205322596162453
WRD25,mobilenetv3,impulse_noise_0.05,145,16,0.035389989614486694,0.3658057749271393,0.598804235458374,1.1443488909018273
WRD25,mobilenetv3,impulse_noise_0.05,146,16,0.025188717991113663,0.4939379096031189,0.4808734953403473,1.1443422954630391
WRD25,mobilenetv3,impulse_noise_0.05,147,16,0.06318158656358719,0.42033445835113525,0.5164838433265686,1.2696347368487277
WRD25,mobilenetv3,impulse_noise_0.05,148,17,0.025512853637337685,0.3913649916648865,0.5831222534179688,1.118453545917038
WRD25,mobilenetv3,impulse_noise_0.05,149,17,0.06033248081803322,0.3861199915409088,0.5535474419593811,1.246796452602746
WRD25,mobilenetv3,impulse_noise_0.05,150,17,0.0059774103574454784,0.2939700186252594,0.7000524997711182,0.9235303957027625
WRD25,mobilenetv3,impulse_noise_0.05,151,17,0.4979424476623535,0.2175847738981247,0.284472793340683,1.4955980166397453
WRD25,mobilenetv3,impulse_noise_0.05,152,18,0.05622211843729019,0.37763190269470215,0.5661460161209106,1.2286941624499368
WRD25,mobilenetv3,impulse_noise_0.05,153,18,0.024988273158669472,0.6717158555984497,0.30329594016075134,1.0406529167816867
WRD25,mobilenetv3,impulse_noise_0.05,154,18,0.018785858526825905,0.577875018119812,0.40333911776542664,1.0932676915970236
WRD25,mobilenetv3,impulse_noise_0.05,155,18,0.02196860872209072,0.5569204092025757,0.42111092805862427,1.1167392486371774
WRD25,mobilenetv3,impulse_noise_0.05,156,18,0.4746548533439636,0.31554970145225525,0.20979541540145874,1.5080287712658096
WRD25,mobilenetv3,impulse_noise_0.05,157,18,0.3028428852558136,0.39622387290000916,0.30093321204185486,1.5724705642525316
WRD25,mobilenetv3,impulse_noise_0.05,158,18,0.30839258432388306,0.380879282951355,0.31072816252708435,1.5777750306971061
WRD25,mobilenetv3,impulse_noise_0.05,159,18,0.2457135170698166,0.4177408516407013,0.3365456759929657,1.5523827321272998
WRD25,mobilenetv3,impulse_noise_0.05,160,18,0.181172713637352,0.3954613506793976,0.423365980386734,1.500776970606276
WRD25,mobilenetv3,impulse_noise_0.05,161,18,0.6484336853027344,0.09324561059474945,0.2583206593990326,1.2288535139890384
WRD25,mobilenetv3,impulse_noise_0.05,162,18,0.048775479197502136,0.5435858964920044,0.4076386094093323,1.2183334424938024
WRD25,mobilenetv3,impulse_noise_0.05,163,18,0.3109355568885803,0.20828844606876373,0.48077592253685,1.5034225199431097
WRD25,mobilenetv3,impulse_noise_0.05,164,18,0.4962988793849945,0.1408715546131134,0.36282962560653687,1.4306273197570742
WRD25,mobilenetv3,impulse_noise_0.05,165,18,0.0919635072350502,0.595162570476532,0.3128739297389984,1.2866617024243694
WRD25,mobilenetv3,impulse_noise_0.05,166,18,0.13863113522529602,0.13481755554676056,0.7265512347221375,1.1197802521996247
WRD25,mobilenetv3,impulse_noise_0.05,167,18,0.06208551302552223,0.5220535397529602,0.41586095094680786,1.2648914450524167
WRD25,mobilenetv3,impulse_noise_0.05,168,18,0.453823447227478,0.11380848288536072,0.43236804008483887,1.397114463098359
WRD25,mobilenetv3,impulse_noise_0.05,169,18,0.18522977828979492,0.25879934430122375,0.5559707880020142,1.4261375017663964
WRD25,mobilenetv3,impulse_noise_0.05,170,19,0.07274902611970901,0.32884320616722107,0.5984078049659729,1.2459970281837427
WRD25,mobilenetv3,impulse_noise_0.05,171,19,0.3671100437641144,0.1862851232290268,0.44660484790802,1.5017390583295627
WRD25,mobilenetv3,impulse_noise_0.05,172,19,0.3043156564235687,0.36777055263519287,0.327913761138916,1.5805388007051022
WRD25,mobilenetv3,impulse_noise_0.05,173,19,0.18871623277664185,0.5059457421302795,0.3053380250930786,1.4739058856025498
WRD25,mobilenetv3,impulse_noise_0.05,174,20,0.8213165402412415,0.11930440366268158,0.05937904864549637,0.8410900124927344
WRD25,mobilenetv3,impulse_noise_0.05,175,20,0.05388130620121956,0.1285712718963623,0.8175475001335144,0.8451485502045794
WRD25,mobilenetv3,impulse_noise_0.05,176,20,0.9232136607170105,0.046357132494449615,0.030429333448410034,0.4651393985460023
WRD25,mobilenetv3,impulse_noise_0.05,177,20,0.03589029237627983,0.8680133819580078,0.09609635919332504,0.6742861448391217
WRD25,mobilenetv3,impulse_noise_0.05,178,21,0.02327425591647625,0.8096911311149597,0.1670345515012741,0.8041089716121885
WRD25,mobilenetv3,impulse_noise_0.05,179,21,0.6604291200637817,0.2785494327545166,0.06102140247821808,1.1551199277044064
WRD25,mobilenetv3,impulse_noise_0.05,180,21,0.03226638212800026,0.20266570150852203,0.765067994594574,0.9221223697619219
WRD25,mobilenetv3,impulse_noise_0.05,181,21,0.09403824061155319,0.08612816035747528,0.8198335766792297,0.8603567526426423
WRD25,mobilenetv3,impulse_noise_0.05,182,21,0.11877517402172089,0.4795083999633789,0.4017163813114166,1.4020945648464842
WRD25,mobilenetv3,impulse_noise_0.05,183,21,0.2797054350376129,0.4858742356300354,0.23442023992538452,1.510668855547584
WRD25,mobilenetv3,impulse_noise_0.05,184,21,0.6100807785987854,0.057564154267311096,0.33235493302345276,1.2002117371610508
WRD25,mobilenetv3,impulse_noise_0.05,185,22,0.03966712951660156,0.9114660620689392,0.048866815865039825,0.5194004163609944
WRD25,mobilenetv3,impulse_noise_0.05,186,22,0.8875570297241211,0.01878976635634899,0.09365315735340118,0.5804456138862875
WRD25,mobilenetv3,impulse_noise_0.05,187,22,0.12157457321882248,0.8416048884391785,0.03682062774896622,0.7543652108685199
WRD25,mobilenetv3,impulse_noise_0.05,188,22,0.09590384364128113,0.6848953366279602,0.21920077502727509,1.1783343178437662
WRD25,mobilenetv3,impulse_noise_0.05,189,22,0.18938802182674408,0.15502552688121796,0.6555863618850708,1.2709161140856189
WRD25,mobilenetv3,impulse_noise_0.05,190,23,0.5534732937812805,0.01026881393045187,0.4362577795982361,1.0622638621875167
WRD25,mobilenetv3,impulse_noise_0.05,191,23,0.5840497016906738,0.3306697905063629,0.085280641913414,1.2839398238597628
WRD25,mobilenetv3,impulse_noise_0.05,192,23,0.024762466549873352,0.7058261632919312,0.2694113552570343,0.9966419862543079
WRD25,mobilenetv3,impulse_noise_0.05,193,23,0.1507994681596756,0.5595325827598572,0.28966787457466125,1.398089822632429
WRD25,mobilenetv3,impulse_noise_0.05,194,24,0.617120087146759,0.29624688625335693,0.08663303405046463,1.2554220613992575
WRD25,mobilenetv3,impulse_noise_0.05,195,24,0.034890491515398026,0.6927428841590881,0.27236655354499817,1.046850623716062
WRD25,mobilenetv3,impulse_noise_0.05,196,24,0.7015023827552795,0.05153191089630127,0.24696572124958038,1.0775604330698072
WRD25,mobilenetv3,impulse_noise_0.05,197,24,0.041510943323373795,0.7038798928260803,0.25460925698280334,1.0496429538409415
WRD25,mobilenetv3,impulse_noise_0.05,198,24,0.5011900663375854,0.46713995933532715,0.031669970601797104,1.1701649179435205
WRD25,mobilenetv3,impulse_noise_0.05,199,24,0.19600237905979156,0.4062206745147705,0.39777693152427673,1.517794095288706
WRD25,mobilenetv3,motion_blur_15,0,0,0.5326547026634216,0.02983865886926651,0.4375065565109253,1.1570012752123384
WRD25,mobilenetv3,motion_blur_15,1,0,0.4110678434371948,0.10745619237422943,0.4814760088920593,1.3807282315302114
WRD25,mobilenetv3,motion_blur_15,2,0,0.3713054656982422,0.16528719663619995,0.463407427072525,1.474176627081946
WRD25,mobilenetv3,motion_blur_15,3,0,0.3758029639720917,0.15014544129371643,0.4740515947341919,1.451847173761435
WRD25,mobilenetv3,motion_blur_15,4,0,0.4210397005081177,0.17459987103939056,0.4043603241443634,1.4932769348293211
WRD25,mobilenetv3,motion_blur_15,5,0,0.4468342363834381,0.07505663484334946,0.4781091809272766,1.3086971720525593
WRD25,mobilenetv3,motion_blur_15,6,0,0.40356430411338806,0.12258412688970566,0.4738515615463257,1.4100934882881955
WRD25,mobilenetv3,motion_blur_15,7,0,0.29395201802253723,0.21322481334209442,0.4928230941295624,1.4977198734716834
WRD25,mobilenetv3,motion_blur_15,8,0,0.39944222569465637,0.09166612476110458,0.5088917016983032,1.3408043242245
WRD25,mobilenetv3,motion_blur_15,9,0,0.2927367389202118,0.2446812242269516,0.4625820517539978,1.5302704934605649
WRD25,mobilenetv3,motion_blur_15,10,0,0.31409239768981934,0.5153860449790955,0.17052164673805237,1.4527837072656709
WRD25,mobilenetv3,motion_blur_15,11,0,0.3760775625705719,0.08173440396785736,0.5421879291534424,1.3047314725688837
WRD25,mobilenetv3,motion_blur_15,12,0,0.37971991300582886,0.17197100818157196,0.44830912351608276,1.486119728866501
WRD25,mobilenetv3,motion_blur_15,13,0,0.3949916362762451,0.10647289454936981,0.4985354542732239,1.3740368781888068
WRD25,mobilenetv3,motion_blur_15,14,0,0.3278564512729645,0.13755492866039276,0.534588634967804,1.404147876404714
WRD25,mobilenetv3,motion_blur_15,15,0,0.44394341111183167,0.04013950750231743,0.5159170627593994,1.1988953073657704
WRD25,mobilenetv3,motion_blur_15,16,0,0.4477083384990692,0.02716534584760666,0.5251263380050659,1.1483564329668523
WRD25,mobilenetv3,motion_blur_15,17,0,0.43550020456314087,0.10704576969146729,0.45745405554771423,1.3835051281213815
WRD25,mobilenetv3,motion_blur_15,18,1,0.411307692527771,0.5403581261634827,0.048334281891584396,1.2182817707785658
WRD25,mobilenetv3,motion_blur_15,19,1,0.2005593329668045,0.12275244295597076,0.6766882538795471,1.2176178528847632
WRD25,mobilenetv3,motion_blur_15,20,1,0.46695035696029663,0.046223677694797516,0.4868259131908417,1.2236110172045263
WRD25,mobilenetv3,motion_blur_15,21,1,0.0698159709572792,0.4922252297401428,0.43795880675315857,1.2931355507369315
WRD25,mobilenetv3,motion_blur_15,22,1,0.08873648196458817,0.39763665199279785,0.5136268138885498,1.3328229855112932
WRD25,mobilenetv3,motion_blur_15,23,1,0.0689084455370903,0.5064411163330078,0.4246505796909332,1.287739034050473
WRD25,mobilenetv3,motion_blur_15,24,1,0.5905476212501526,0.020292196422815323,0.3891601264476776,1.0927102912075568
WRD25,mobilenetv3,motion_blur_15,25,2,0.3707508146762848,0.041378989815711975,0.587870180606842,1.171418060783962
WRD25,mobilenetv3,motion_blur_15,26,2,0.03449653461575508,0.714638888835907,0.25086453557014465,1.0144385085848944
WRD25,mobilenetv3,motion_blur_15,27,2,0.026665646582841873,0.5022960305213928,0.4710383415222168,1.1499942898272402
WRD25,mobilenetv3,motion_blur_15,28,2,0.8924023509025574,0.03206625208258629,0.07553143054246902,0.5871900060476436
WRD25,mobilenetv3,motion_blur_15,29,2,0.4599306881427765,0.5021877884864807,0.037881407886743546,1.1932721206656083
WRD25,mobilenetv3,motion_blur_15,30,2,0.35511109232902527,0.5282743573188782,0.11661460250616074,1.3782915070570623
WRD25,mobilenetv3,motion_blur_15,31,2,0.061169158667325974,0.4767170548439026,0.46211370825767517,1.2707356575401918
WRD25,mobilenetv3,motion_blur_15,32,2,0.06686981767416,0.5964753031730652,0.3366548717021942,1.2343809868744853
WRD25,mobilenetv3,motion_blur_15,33,2,0.04991287738084793,0.43588584661483765,0.5142011642456055,1.2314519430198347
WRD25,mobilenetv3,motion_blur_15,34,2,0.6786825060844421,0.026641687378287315,0.29467588663101196,1.0383083209499926
WRD25,mobilenetv3,motion_blur_15,35,2,0.21058055758476257,0.614188015460968,0.175231471657753,1.3455160927047651
WRD25,mobilenetv3,motion_blur_15,36,3,0.013459013774991035,0.035875946283340454,0.9506649374961853,0.32527624509857356
WRD25,mobilenetv3,motion_blur_15,37,3,0.039719849824905396,0.1026843935251236,0.8575957417488098,0.7121111481823559
WRD25,mobilenetv3,motion_blur_15,38,3,0.04100915044546127,0.0980367586016655,0.8609541058540344,0.7034009260577831
WRD25,mobilenetv3,motion_blur_15,39,3,0.9273743033409119,0.04268881306052208,0.029936911538243294,0.44664900795791884
WRD25,mobilenetv3,motion_blur_15,40,3,0.03266622871160507,0.6171255111694336,0.3502083122730255,1.1211019425809958
WRD25,mobilenetv3,motion_blur_15,41,4,0.438872367143631,0.28934764862060547,0.27178001403808594,1.5499223015668482
WRD25,mobilenetv3,motion_blur_15,42,4,0.03012162819504738,0.7493363618850708,0.22054189443588257,0.9451403058689243
WRD25,mobilenetv3,motion_blur_15,43,4,0.08249013125896454,0.8759704232215881,0.04153946414589882,0.6549250591251663
WRD25,mobilenetv3,motion_blur_15,44,4,0.7978159189224243,0.026521218940615654,0.1756628155708313,0.8396288514227495
WRD25,mobilenetv3,motion_blur_15,45,4,0.4283958077430725,0.1935441493988037,0.37806007266044617,1.513015022382407
WRD25,mobilenetv3,motion_blur_15,46,5,0.038683224469423294,0.7724117040634155,0.18890507519245148,0.9234538040062413
WRD25,mobilenetv3,motion_blur_15,47,5,0.583179771900177,0.3959557116031647,0.020864468067884445,1.0994188851789453
WRD25,mobilenetv3,motion_blur_15,48,5,0.04126323014497757,0.06714185327291489,0.8915948867797852,0.5989918314443684
WRD25,mobilenetv3,motion_blur_15,49,5,0.09001816809177399,0.02848905883729458,0.8814927935600281,0.6193512923710932
WRD25,mobilenetv3,motion_blur_15,50,6,0.907230794429779,0.030983584001660347,0.06178567558526993,0.5308962880612533
WRD25,mobilenetv3,motion_blur_15,51,6,0.03249771520495415,0.665776252746582,0.30172592401504517,1.072981294093338
WRD25,mobilenetv3,motion_blur_15,52,6,0.043916065245866776,0.1811407506465912,0.7749432325363159,0.9295542253541891
WRD25,mobilenetv3,motion_blur_15,53,7,0.2258736491203308,0.5211805105209351,0.25294584035873413,1.4764199582890125
WRD25,mobilenetv3,motion_blur_15,54,7,0.36538439989089966,0.09213276952505112,0.5424827933311462,1.3263354805810257
WRD25,mobilenetv3,motion_blur_15,55,7,0.13417211174964905,0.3847655653953552,0.4810623526573181,1.4268563908439171
WRD25,mobilenetv3,motion_blur_15,56,7,0.046879157423973083,0.14427919685840607,0.8088417053222656,0.8575111736809953
WRD25,mobilenetv3,motion_blur_15,57,7,0.26497626304626465,0.5796684622764587,0.15535518527030945,1.3810765643990872
WRD25,mobilenetv3,motion_blur_15,58,7,0.7985543608665466,0.019678566604852676,0.18176710605621338,0.8178012638543739
WRD25,mobilenetv3,motion_blur_15,59,7,0.7640863656997681,0.019919967278838158,0.21599361300468445,0.8867019335016804
WRD25,mobilenetv3,motion_blur_15,60,7,0.3805636763572693,0.30324724316596985,0.3161890506744385,1.5776804163738505
WRD25,mobilenetv3,motion_blur_15,61,7,0.7976744174957275,0.15689390897750854,0.045431606471538544,0.8820185148739531
WRD25,mobilenetv3,motion_blur_15,62,7,0.03248855099081993,0.6421695351600647,0.3253419101238251,1.0979950989708986
WRD25,mobilenetv3,motion_blur_15,63,7,0.03888300433754921,0.7859410643577576,0.17517586052417755,0.8955144836979108
WRD25,mobilenetv3,motion_blur_15,64,7,0.6952391862869263,0.021229980513453484,0.2835308611392975,0.9981662762210887
WRD25,mobilenetv3,motion_blur_15,65,7,0.4853931665420532,0.028321580961346626,0.48628538846969604,1.1575813517271625
WRD25,mobilenetv3,motion_blur_15,66,7,0.18535174429416656,0.06292027980089188,0.7517278790473938,1.011285162868309
WRD25,mobilenetv3,motion_blur_15,67,7,0.29749250411987305,0.32731500267982483,0.3751924932003021,1.5783560651456447
WRD25,mobilenetv3,motion_blur_15,68,7,0.48897624015808105,0.012947947718203068,0.49807581305503845,1.086748318742105
WRD25,mobilenetv3,motion_blur_15,69,8,0.619977593421936,0.03301916643977165,0.34700319170951843,1.119945166538984
WRD25,mobilenetv3,motion_blur_15,70,8,0.23529677093029022,0.7214915156364441,0.043211679905653,1.0268068509098474
WRD25,mobilenetv3,motion_blur_15,71,8,0.3879129886627197,0.03135906532406807,0.5807279348373413,1.1419313232225738
WRD25,mobilenetv3,motion_blur_15,72,8,0.3626794219017029,0.5914405584335327,0.045879896730184555,1.1827977916388974
WRD25,mobilenetv3,motion_blur_15,73,8,0.2501436173915863,0.7179117202758789,0.03194468468427658,1.0020392685390676
WRD25,mobilenetv3,motion_blur_15,74,8,0.09554143995046616,0.8593748211860657,0.045083705335855484,0.7131432736865653
WRD25,mobilenetv3,motion_blur_15,75,8,0.553462028503418,0.03351440280675888,0.413023442029953,1.1634340812415884
WRD25,mobilenetv3,motion_blur_15,76,8,0.7611513137817383,0.17800678312778473,0.06084194779396057,0.9886633975882857
WRD25,mobilenetv3,motion_blur_15,77,8,0.37130996584892273,0.3251532018184662,0.30353686213493347,1.5798264099811754
WRD25,mobilenetv3,motion_blur_15,78,8,0.2566007673740387,0.4515201449394226,0.2918790876865387,1.5400497216879236
WRD25,mobilenetv3,motion_blur_15,79,8,0.23582012951374054,0.5268809199333191,0.23729896545410156,1.4710298129429005
WRD25,mobilenetv3,motion_blur_15,80,8,0.5808964371681213,0.03731176257133484,0.38179171085357666,1.162596234069031
WRD25,mobilenetv3,motion_blur_15,81,8,0.3169967234134674,0.5982047319412231,0.08479852974414825,1.2707191333351724
WRD25,mobilenetv3,motion_blur_15,82,8,0.41900965571403503,0.3338080942630768,0.24718225002288818,1.5526284541466466
WRD25,mobilenetv3,motion_blur_15,83,8,0.5780362486839294,0.034289028495550156,0.3876747488975525,1.1539297153040646
WRD25,mobilenetv3,motion_blur_15,84,8,0.04396573081612587,0.6050620675086975,0.35097214579582214,1.1669192198170208
WRD25,mobilenetv3,motion_blur_15,85,8,0.26493313908576965,0.5296869874000549,0.20537987351417542,1.4623143202104936
WRD25,mobilenetv3,motion_blur_15,86,9,0.44770345091819763,0.263527512550354,0.28876903653144836,1.5435583171700498
WRD25,mobilenetv3,motion_blur_15,87,9,0.5388873815536499,0.20766177773475647,0.25345081090927124,1.4534595090532687
WRD25,mobilenetv3,motion_blur_15,88,9,0.32730817794799805,0.20404164493083954,0.46865028142929077,1.5076951276317878
WRD25,mobilenetv3,motion_blur_15,89,9,0.1931593269109726,0.4362069368362427,0.3706337511539459,1.51102613724834
WRD25,mobilenetv3,motion_blur_15,90,9,0.12245140969753265,0.5249105095863342,0.3526381552219391,1.3893607670848813
WRD25,mobilenetv3,motion_blur_15,91,9,0.35399413108825684,0.16706854104995728,0.47893738746643066,1.4703154824734552
WRD25,mobilenetv3,motion_blur_15,92,9,0.0848042219877243,0.44043293595314026,0.47476285696029663,1.333151608716041
WRD25,mobilenetv3,motion_blur_15,93,9,0.1995941698551178,0.3610476851463318,0.4393582046031952,1.51598584957588
WRD25,mobilenetv3,motion_blur_15,94,9,0.08176329731941223,0.6405827403068542,0.2776539921760559,1.2202462987092075
WRD25,mobilenetv3,motion_blur_15,95,9,0.31805452704429626,0.6286427974700928,0.0533025898039341,1.1720796710251373
WRD25,mobilenetv3,motion_blur_15,96,9,0.16103221476078033,0.5708163976669312,0.26815134286880493,1.3951735735867405
WRD25,mobilenetv3,motion_blur_15,97,10,0.9594010710716248,0.019690802320837975,0.020908301696181297,0.2856050716778246
WRD25,mobilenetv3,motion_blur_15,98,10,0.7912306189537048,0.026572631672024727,0.18219681084156036,0.8539340286701405
WRD25,mobilenetv3,motion_blur_15,99,10,0.8225657343864441,0.13690468668937683,0.040529657155275345,0.8119876098536837
WRD25,mobilenetv3,motion_blur_15,100,10,0.2883410155773163,0.6777557730674744,0.0339030958712101,1.0631885667996601
WRD25,mobilenetv3,motion_blur_15,101,10,0.44836631417274475,0.4798121452331543,0.07182159274816513,1.3000947596306875
WRD25,mobilenetv3,motion_blur_15,102,10,0.5731827616691589,0.3444181978702545,0.08239901065826416,1.28659984175329
WRD25,mobilenetv3,motion_blur_15,103,10,0.8187317252159119,0.024691393598914146,0.15657685697078705,0.7869349422746342
WRD25,mobilenetv3,motion_blur_15,104,10,0.32277151942253113,0.6124781370162964,0.06475035101175308,1.2154585721991982
WRD25,mobilenetv3,motion_blur_15,105,10,0.9398692846298218,0.02952798455953598,0.030602693557739258,0.38808027693941244
WRD25,mobilenetv3,motion_blur_15,106,10,0.8372452855110168,0.033125653862953186,0.12962906062602997,0.7594966786906431
WRD25,mobilenetv3,motion_blur_15,107,11,0.023050328716635704,0.5047139525413513,0.4722357392311096,1.1344113470071897
WRD25,mobilenetv3,motion_blur_15,108,11,0.028254037722945213,0.7024331092834473,0.26931288838386536,1.013028865439819
WRD25,mobilenetv3,motion_blur_15,109,11,0.03101455047726631,0.7790395617485046,0.18994590640068054,0.8912206256792865
WRD25,mobilenetv3,motion_blur_15,110,11,0.02786986343562603,0.6403049230575562,0.33182528614997864,1.0838776892474455
WRD25,mobilenetv3,motion_blur_15,111,11,0.03192925080657005,0.6991283297538757,0.2689424753189087,1.0292118139474673
WRD25,mobilenetv3,motion_blur_15,112,11,0.027253445237874985,0.8323485851287842,0.14039792120456696,0.7596676566518332
WRD25,mobilenetv3,motion_blur_15,113,11,0.22212530672550201,0.03099699690937996,0.7468776106834412,0.9519609942560929
WRD25,mobilenetv3,motion_blur_15,114,12,0.14544560015201569,0.7516854405403137,0.1028689369559288,1.0516181653744738
WRD25,mobilenetv3,motion_blur_15,115,13,0.27534112334251404,0.20854850113391876,0.5161103010177612,1.4764688519906286
WRD25,mobilenetv3,motion_blur_15,116,13,0.5984086990356445,0.10136115550994873,0.3002302050590515,1.2991940727799693
WRD25,mobilenetv3,motion_blur_15,117,13,0.4788760244846344,0.38165155053138733,0.1394723504781723,1.4354422431619578
WRD25,mobilenetv3,motion_blur_15,118,13,0.04581301286816597,0.4269752502441406,0.5272117853164673,1.2149146892647689
WRD25,mobilenetv3,motion_blur_15,119,13,0.3497104346752167,0.14638540148735046,0.5039041638374329,1.4341325659219741
WRD25,mobilenetv3,motion_blur_15,120,13,0.04636609926819801,0.6946108937263489,0.25902286171913147,1.0754075216043981
WRD25,mobilenetv3,motion_blur_15,121,14,0.2412695735692978,0.19846895337104797,0.5602614283561707,1.4262250997798531
WRD25,mobilenetv3,motion_blur_15,122,14,0.32350727915763855,0.2728378474712372,0.40365493297576904,1.5662842602058151
WRD25,mobilenetv3,motion_blur_15,123,14,0.43836039304733276,0.30709153413772583,0.254548043012619,1.5470977139506288
WRD25,mobilenetv3,motion_blur_15,124,14,0.3082802891731262,0.2733941674232483,0.4183255732059479,1.5608301169274337
WRD25,mobilenetv3,motion_blur_15,125,14,0.5895052552223206,0.13856665790081024,0.2719281017780304,1.3554264669485967
WRD25,mobilenetv3,motion_blur_15,126,15,0.3767065405845642,0.2147999107837677,0.4084935188293457,1.5348295664528
WRD25,mobilenetv3,motion_blur_15,127,15,0.3665201663970947,0.28104525804519653,0.3524346351623535,1.575626802343963
WRD25,mobilenetv3,motion_blur_15,128,15,0.332900732755661,0.2457987368106842,0.42130061984062195,1.5512610304561198
WRD25,mobilenetv3,motion_blur_15,129,15,0.367476224899292,0.19755640625953674,0.43496742844581604,1.5153579234708416
WRD25,mobilenetv3,motion_blur_15,130,15,0.4035307765007019,0.15896840393543243,0.4375007450580597,1.4718775277885259
WRD25,mobilenetv3,motion_blur_15,131,15,0.4185360074043274,0.12131103873252869,0.4601529836654663,1.4103842847819386
WRD25,mobilenetv3,motion_blur_15,132,15,0.37881603837013245,0.12901897728443146,0.49216505885124207,1.4150516123598933
WRD25,mobilenetv3,motion_blur_15,133,15,0.32068052887916565,0.2768328785896301,0.4024866223335266,1.5675768216463348
WRD25,mobilenetv3,motion_blur_15,134,15,0.4732876121997833,0.062398381531238556,0.4643140435218811,1.274432585772559
WRD25,mobilenetv3,motion_blur_15,135,15,0.40648818016052246,0.11295685917139053,0.48055499792099,1.3913475974909981
WRD25,mobilenetv3,motion_blur_15,136,15,0.46391603350639343,0.11701574921607971,0.4190680682659149,1.40206187970821
WRD25,mobilenetv3,motion_blur_15,137,15,0.4100203514099121,0.0880482867360115,0.5019313097000122,1.3351798340937422
WRD25,mobilenetv3,motion_blur_15,138,15,0.4716107249259949,0.0787905603647232,0.4495987594127655,1.3187332409305903
WRD25,mobilenetv3,motion_blur_15,139,15,0.3882761001586914,0.11234351247549057,0.4993804395198822,1.3845431978865808
WRD25,mobilenetv3,motion_blur_15,140,15,0.4600283205509186,0.09961208701133728,0.4403596520423889,1.3678426756563784
WRD25,mobilenetv3,motion_blur_15,141,16,0.04326112940907478,0.6837700605392456,0.2729688286781311,1.0823208866585234
WRD25,mobilenetv3,motion_blur_15,142,16,0.038932785391807556,0.7060739398002625,0.25499334931373596,1.039554533007258
WRD25,mobilenetv3,motion_blur_15,143,16,0.2632409632205963,0.07599692791700363,0.6607621312141418,1.1844338892281367
WRD25,mobilenetv3,motion_blur_15,144,16,0.12575291097164154,0.2551828920841217,0.619064211845398,1.3072735096762425
WRD25,mobilenetv3,motion_blur_15,145,16,0.07871124893426895,0.6586216688156128,0.26266705989837646,1.1920658956115067
WRD25,mobilenetv3,motion_blur_15,146,16,0.18264824151992798,0.76571124792099,0.05164050683379173,0.9636885730454038
WRD25,mobilenetv3,motion_blur_15,147,16,0.2571980655193329,0.03679383546113968,0.7060081958770752,1.033751522737166
WRD25,mobilenetv3,motion_blur_15,148,17,0.2215680629014969,0.0509801059961319,0.727451741695404,1.0345890302218634
WRD25,mobilenetv3,motion_blur_15,149,17,0.05339890345931053,0.6409897208213806,0.30561143159866333,1.1596615835196538
WRD25,mobilenetv3,motion_blur_15,150,17,0.07388903200626373,0.45654839277267456,0.4695625901222229,1.3062509976528462
WRD25,mobilenetv3,motion_blur_15,151,17,0.03524075448513031,0.44597128033638,0.5187879800796509,1.1808195047947194
WRD25,mobilenetv3,motion_blur_15,152,18,0.18801100552082062,0.027804059907794,0.7841848134994507,0.872062883869723
WRD25,mobilenetv3,motion_blur_15,153,18,0.1009005680680275,0.4247587025165558,0.4743407070636749,1.3689699250246572
WRD25,mobilenetv3,motion_blur_15,154,18,0.22940966486930847,0.5257139205932617,0.24487639963626862,1.4720134951435493
WRD25,mobilenetv3,motion_blur_15,155,18,0.18464422225952148,0.028591129928827286,0.7867647409439087,0.8688521073464055
WRD25,mobilenetv3,motion_blur_15,156,18,0.258510559797287,0.5603782534599304,0.1811112016439438,1.419196139516319
WRD25,mobilenetv3,motion_blur_15,157,18,0.7604296803474426,0.039660822600126266,0.1999095231294632,0.9494283014978111
WRD25,mobilenetv3,motion_blur_15,158,18,0.056346431374549866,0.5583627820014954,0.38529083132743835,1.233393622142011
WRD25,mobilenetv3,motion_blur_15,159,18,0.45653435587882996,0.02783629670739174,0.5156294107437134,1.1529929965293975
WRD25,mobilenetv3,motion_blur_15,160,18,0.3364269435405731,0.03754377365112305,0.6260291934013367,1.1295274275503946
WRD25,mobilenetv3,motion_blur_15,161,18,0.03793909400701523,0.5934277772903442,0.36863309144973755,1.156581178671678
WRD25,mobilenetv3,motion_blur_15,162,18,0.6524359583854675,0.0293583907186985,0.31820571422576904,1.0770628892904055
WRD25,mobilenetv3,motion_blur_15,163,18,0.042167775332927704,0.5114859938621521,0.4463462829589844,1.2067787610356016
WRD25,mobilenetv3,motion_blur_15,164,18,0.30800768733024597,0.41604429483413696,0.2759479880332947,1.5622509025061346
WRD25,mobilenetv3,motion_blur_15,165,18,0.07975327223539352,0.4422094523906708,0.4780373275279999,1.32054949997138
WRD25,mobilenetv3,motion_blur_15,166,18,0.02954365685582161,0.688518226146698,0.2819381654262543,1.0358066371575871
WRD25,mobilenetv3,motion_blur_15,167,18,0.11791937798261642,0.652855396270752,0.22922523319721222,1.2524327184544366
WRD25,mobilenetv3,motion_blur_15,168,18,0.33051323890686035,0.23750944435596466,0.4319773316383362,1.5435961289378586
WRD25,mobilenetv3,motion_blur_15,169,18,0.39243561029434204,0.28767478466033936,0.3198895752429962,1.572685018834492
WRD25,mobilenetv3,motion_blur_15,170,19,0.07011353224515915,0.02715044654905796,0.9027361273765564,0.5433526404294677
WRD25,mobilenetv3,motion_blur_15,171,19,0.0842437744140625,0.02273089997470379,0.8930252194404602,0.5705485874407858
WRD25,mobilenetv3,motion_blur_15,172,19,0.08911766111850739,0.03138919174671173,0.8794930577278137,0.6305312187090776
WRD25,mobilenetv3,motion_blur_15,173,19,0.6581248641014099,0.025656182318925858,0.31621894240379333,1.058044686072023
WRD25,mobilenetv3,motion_blur_15,174,20,0.14107181131839752,0.3965832591056824,0.4623449444770813,1.4423316523966012
WRD25,mobilenetv3,motion_blur_15,175,20,0.13924269378185272,0.4099346101284027,0.45082271099090576,1.4416077660448663
WRD25,mobilenetv3,motion_blur_15,176,20,0.12546423077583313,0.5332008004188538,0.3413350582122803,1.3887894396545035
WRD25,mobilenetv3,motion_blur_15,177,20,0.17846953868865967,0.43513450026512146,0.38639596104621887,1.4961609630996655
WRD25,mobilenetv3,motion_blur_15,178,21,0.04045487195253372,0.04059145227074623,0.9189536571502686,0.48690145586286454
WRD25,mobilenetv3,motion_blur_15,179,21,0.03882686048746109,0.7129499912261963,0.24822336435317993,1.0289848963517108
WRD25,mobilenetv3,motion_blur_15,180,21,0.7322640419006348,0.2576112747192383,0.010124589316546917,0.9003613773240304
WRD25,mobilenetv3,motion_blur_15,181,21,0.18786554038524628,0.5561889410018921,0.25594550371170044,1.4271189083618667
WRD25,mobilenetv3,motion_blur_15,182,21,0.3769140839576721,0.16974809765815735,0.45333778858184814,1.482298454747732
WRD25,mobilenetv3,motion_blur_15,183,21,0.6636828184127808,0.03773055598139763,0.29858672618865967,1.0915884178928472
WRD25,mobilenetv3,motion_blur_15,184,21,0.45566311478614807,0.029729139059782028,0.5146077275276184,1.1607178600431407
WRD25,mobilenetv3,motion_blur_15,185,22,0.06053808331489563,0.5230899453163147,0.41637200117111206,1.260275617482471
WRD25,mobilenetv3,motion_blur_15,186,22,0.8082067370414734,0.14774583280086517,0.044047433882951736,0.8543116955990722
WRD25,mobilenetv3,motion_blur_15,187,22,0.3878849446773529,0.3341144919395447,0.27800053358078003,1.57182021397997
WRD25,mobilenetv3,motion_blur_15,188,22,0.022489352151751518,0.7229408621788025,0.2545699179172516,0.963980331812849
WRD25,mobilenetv3,motion_blur_15,189,22,0.08484381437301636,0.5436554551124573,0.371500700712204,1.3106764701090206
WRD25,mobilenetv3,motion_blur_15,190,23,0.7113624215126038,0.03288392722606659,0.25575360655784607,1.0146366809752378
WRD25,mobilenetv3,motion_blur_15,191,23,0.6002800464630127,0.04258135333657265,0.35713860392570496,1.1663909403666293
WRD25,mobilenetv3,motion_blur_15,192,23,0.43524229526519775,0.03313508629798889,0.5316226482391357,1.169801365764259
WRD25,mobilenetv3,motion_blur_15,193,23,0.31665438413619995,0.4869336187839508,0.19641205668449402,1.4920558557460448
WRD25,mobilenetv3,motion_blur_15,194,24,0.6239847540855408,0.032538797706365585,0.34347641468048096,1.1149102891274554
WRD25,mobilenetv3,motion_blur_15,195,24,0.5538315176963806,0.03821799159049988,0.4079504907131195,1.1798202637901054
WRD25,mobilenetv3,motion_blur_15,196,24,0.5991163849830627,0.0369909405708313,0.36389270424842834,1.1494628087070589
WRD25,mobilenetv3,motion_blur_15,197,24,0.5185903906822205,0.033127445727586746,0.4482821524143219,1.173022476828756
WRD25,mobilenetv3,motion_blur_15,198,24,0.9141895771026611,0.03434007614850998,0.05147028714418411,0.5056554962013993
WRD25,mobilenetv3,motion_blur_15,199,24,0.3029481768608093,0.2767040729522705,0.42034777998924255,1.56041030125705
WRD25,mobilenetv3,zoom_blur_1.2,0,0,0.6990497708320618,0.02037472277879715,0.28057554364204407,0.9899747516905244
WRD25,mobilenetv3,zoom_blur_1.2,1,0,0.2201404571533203,0.3754083514213562,0.4044511616230011,1.5395030593728847
WRD25,mobilenetv3,zoom_blur_1.2,2,0,0.28367486596107483,0.2799490988254547,0.43637606501579285,1.5518943768057363
WRD25,mobilenetv3,zoom_blur_1.2,3,0,0.42231860756874084,0.3773088753223419,0.20037251710891724,1.5204714685927536
WRD25,mobilenetv3,zoom_blur_1.2,4,0,0.36458998918533325,0.3897039592266083,0.24570594727993011,1.5580917946216246
WRD25,mobilenetv3,zoom_blur_1.2,5,0,0.401976078748703,0.2916884124279022,0.3063355088233948,1.5698599125908101
WRD25,mobilenetv3,zoom_blur_1.2,6,0,0.2559540569782257,0.437421590089798,0.3066243827342987,1.5479528455599865
WRD25,mobilenetv3,zoom_blur_1.2,7,0,0.3501889407634735,0.2649845480918884,0.3848263621330261,1.5680129464715677
WRD25,mobilenetv3,zoom_blur_1.2,8,0,0.3122915029525757,0.2958051264286041,0.3919033706188202,1.5737910514758027
WRD25,mobilenetv3,zoom_blur_1.2,9,0,0.2788908779621124,0.39244261384010315,0.32866644859313965,1.570970211642282
WRD25,mobilenetv3,zoom_blur_1.2,10,0,0.20481397211551666,0.3476550579071045,0.4475310146808624,1.5175653167286727
WRD25,mobilenetv3,zoom_blur_1.2,11,0,0.18171930313110352,0.3510325849056244,0.46724817156791687,1.4901580217597332
WRD25,mobilenetv3,zoom_blur_1.2,12,0,0.32753247022628784,0.33079269528388977,0.34167492389678955,1.5847259122557427
WRD25,mobilenetv3,zoom_blur_1.2,13,0,0.3001071512699127,0.29929065704345703,0.400602251291275,1.570698755309056
WRD25,mobilenetv3,zoom_blur_1.2,14,0,0.2392062097787857,0.4768223166465759,0.2839714288711548,1.5188607078635028
WRD25,mobilenetv3,zoom_blur_1.2,15,0,0.28073081374168396,0.3047108054161072,0.41455844044685364,1.5635650123150395
WRD25,mobilenetv3,zoom_blur_1.2,16,0,0.2943580448627472,0.3274182081222534,0.3782237768173218,1.5772854905704623
WRD25,mobilenetv3,zoom_blur_1.2,17,0,0.45934826135635376,0.23028011620044708,0.3103716969490051,1.5272880674735427
WRD25,mobilenetv3,zoom_blur_1.2,18,1,0.47255927324295044,0.3748016059398651,0.1526392251253128,1.455612976867309
WRD25,mobilenetv3,zoom_blur_1.2,19,1,0.3880428671836853,0.36766764521598816,0.2442895621061325,1.5574153019314199
WRD25,mobilenetv3,zoom_blur_1.2,20,1,0.3950362503528595,0.3469219207763672,0.25804170966148376,1.5634829290878907
WRD25,mobilenetv3,zoom_blur_1.2,21,1,0.3532826900482178,0.3118238151073456,0.33489352464675903,1.5830892140829105
WRD25,mobilenetv3,zoom_blur_1.2,22,1,0.3942814767360687,0.34889018535614014,0.2568284273147583,1.563093064306921
WRD25,mobilenetv3,zoom_blur_1.2,23,1,0.10316817462444305,0.5382971167564392,0.35853469371795654,1.3496221893390243
WRD25,mobilenetv3,zoom_blur_1.2,24,1,0.18107935786247253,0.453342080116272,0.3655785918235779,1.494555484797805
WRD25,mobilenetv3,zoom_blur_1.2,25,2,0.07471399754285812,0.49064478278160095,0.4346412420272827,1.3061134661150562
WRD25,mobilenetv3,zoom_blur_1.2,26,2,0.02153412066400051,0.4942464828491211,0.48421937227249146,1.1283614147879226
WRD25,mobilenetv3,zoom_blur_1.2,27,2,0.028457967564463615,0.6836450099945068,0.2878969609737396,1.0384061959547621
WRD25,mobilenetv3,zoom_blur_1.2,28,2,0.35813650488853455,0.418168842792511,0.22369471192359924,1.5398099670839807
WRD25,mobilenetv3,zoom_blur_1.2,29,2,0.3819811940193176,0.2905614674091339,0.32745733857154846,1.5758582221437927
WRD25,mobilenetv3,zoom_blur_1.2,30,2,0.5598102807998657,0.16714666783809662,0.2730430066585541,1.41128495817934
WRD25,mobilenetv3,zoom_blur_1.2,31,2,0.07596790045499802,0.5669718384742737,0.3570602834224701,1.2771421877144338
WRD25,mobilenetv3,zoom_blur_1.2,32,2,0.043443284928798676,0.35114362835884094,0.6054131388664246,1.165072986665937
WRD25,mobilenetv3,zoom_blur_1.2,33,2,0.347287654876709,0.2049814760684967,0.4477309286594391,1.517619901446806
WRD25,mobilenetv3,zoom_blur_1.2,34,2,0.2058744579553604,0.34916800260543823,0.4449576437473297,1.5192929986869323
WRD25,mobilenetv3,zoom_blur_1.2,35,2,0.44851258397102356,0.3360739052295685,0.21541354060173035,1.5246267739235617
WRD25,mobilenetv3,zoom_blur_1.2,36,3,0.037505120038986206,0.4195658564567566,0.5429290533065796,1.1817917888432983
WRD25,mobilenetv3,zoom_blur_1.2,37,3,0.022572459653019905,0.7717084884643555,0.2057192027568817,0.8812730249017564
WRD25,mobilenetv3,zoom_blur_1.2,38,3,0.031766366213560104,0.779344916343689,0.18888874351978302,0.8925471981903146
WRD25,mobilenetv3,zoom_blur_1.2,39,3,0.07831762731075287,0.4050257205963135,0.5166566371917725,1.3081288502544526
WRD25,mobilenetv3,zoom_blur_1.2,40,3,0.36821404099464417,0.38604262471199036,0.2457432746887207,1.5584141143289376
WRD25,mobilenetv3,zoom_blur_1.2,41,4,0.4303983449935913,0.4115658700466156,0.15803584456443787,1.4712501585749704
WRD25,mobilenetv3,zoom_blur_1.2,42,4,0.02355021797120571,0.5444310903549194,0.4320187270641327,1.128028707891126
WRD25,mobilenetv3,zoom_blur_1.2,43,4,0.09941884875297546,0.317625492811203,0.5829555988311768,1.3104972935728243
WRD25,mobilenetv3,zoom_blur_1.2,44,4,0.4256625175476074,0.399705708026886,0.17463171482086182,1.492970646716481
WRD25,mobilenetv3,zoom_blur_1.2,45,4,0.5586696267127991,0.23272860050201416,0.20860177278518677,1.4304236680736255
WRD25,mobilenetv3,zoom_blur_1.2,46,5,0.5880588293075562,0.0681905746459961,0.34375065565109253,1.24419411243169
WRD25,mobilenetv3,zoom_blur_1.2,47,5,0.09093091636896133,0.3499477207660675,0.5591214299201965,1.3136069505472692
WRD25,mobilenetv3,zoom_blur_1.2,48,5,0.09306605905294418,0.44560956954956055,0.4613243341445923,1.3533594765927128
WRD25,mobilenetv3,zoom_blur_1.2,49,5,0.04098423570394516,0.4188433587551117,0.5401723384857178,1.194700304852217
WRD25,mobilenetv3,zoom_blur_1.2,50,6,0.6603385806083679,0.21598857641220093,0.12367277592420578,1.2458271604629034
WRD25,mobilenetv3,zoom_blur_1.2,51,6,0.502257764339447,0.3345535397529602,0.16318866610527039,1.454285921221096
WRD25,mobilenetv3,zoom_blur_1.2,52,6,0.09679550677537918,0.4152108132839203,0.4879937171936035,1.3577236383042386
WRD25,mobilenetv3,zoom_blur_1.2,53,7,0.4812193214893341,0.3514074683189392,0.1673731952905655,1.4696284315473807
WRD25,mobilenetv3,zoom_blur_1.2,54,7,0.12569646537303925,0.5256592035293579,0.3486443758010864,1.3937879744977533
WRD25,mobilenetv3,zoom_blur_1.2,55,7,0.5180627107620239,0.3422586917877197,0.13967853784561157,1.4176199346638185
WRD25,mobilenetv3,zoom_blur_1.2,56,7,0.4457014799118042,0.4903430938720703,0.06395547091960907,1.2774587020009176
WRD25,mobilenetv3,zoom_blur_1.2,57,7,0.4023568034172058,0.49982088804244995,0.09782224893569946,1.3566217033224985
WRD25,mobilenetv3,zoom_blur_1.2,58,7,0.3988826274871826,0.43848416209220886,0.16263313591480255,1.4765871869111469
WRD25,mobilenetv3,zoom_blur_1.2,59,7,0.5274329781532288,0.26829975843429565,0.20426729321479797,1.464116540068254
WRD25,mobilenetv3,zoom_blur_1.2,60,7,0.38669276237487793,0.3788747191429138,0.23443253338336945,1.5511684073707168
WRD25,mobilenetv3,zoom_blur_1.2,61,7,0.49115845561027527,0.2842618227005005,0.22457975149154663,1.5035548297706982
WRD25,mobilenetv3,zoom_blur_1.2,62,7,0.4680330753326416,0.388212114572525,0.143754780292511,1.4448582220729698
WRD25,mobilenetv3,zoom_blur_1.2,63,7,0.36619651317596436,0.3683777153491974,0.26542574167251587,1.5693936009719953
WRD25,mobilenetv3,zoom_blur_1.2,64,7,0.5438529253005981,0.44461989402770996,0.01152719184756279,1.0720300625338233
WRD25,mobilenetv3,zoom_blur_1.2,65,7,0.44484224915504456,0.3047209084033966,0.2504369020462036,1.5425264252437823
WRD25,mobilenetv3,zoom_blur_1.2,66,7,0.30671361088752747,0.3809204399585724,0.31236591935157776,1.5777318369459055
WRD25,mobilenetv3,zoom_blur_1.2,67,7,0.30277442932128906,0.44274744391441345,0.25447821617126465,1.54475073822233
WRD25,mobilenetv3,zoom_blur_1.2,68,7,0.3258475661277771,0.42749667167663574,0.24665583670139313,1.5493548206349166
WRD25,mobilenetv3,zoom_blur_1.2,69,8,0.34074628353118896,0.3279378414154053,0.331315815448761,1.5847722873250936
WRD25,mobilenetv3,zoom_blur_1.2,70,8,0.37933349609375,0.33451932668685913,0.2861471176147461,1.5755142369307844
WRD25,mobilenetv3,zoom_blur_1.2,71,8,0.35496196150779724,0.2569487392902374,0.3880893588066101,1.5640925130607504
WRD25,mobilenetv3,zoom_blur_1.2,72,8,0.430444598197937,0.2838948667049408,0.2856605052947998,1.55554668616662
WRD25,mobilenetv3,zoom_blur_1.2,73,8,0.408550888299942,0.5541256070137024,0.03732357174158096,1.1766191933284553
WRD25,mobilenetv3,zoom_blur_1.2,74,8,0.5999650359153748,0.34252163767814636,0.0575132742524147,1.2086034644325503
WRD25,mobilenetv3,zoom_blur_1.2,75,8,0.3367449939250946,0.2605602741241455,0.4026947319507599,1.5627817901494412
WRD25,mobilenetv3,zoom_blur_1.2,76,8,0.4064329266548157,0.39139458537101746,0.20217248797416687,1.523874877044711
WRD25,mobilenetv3,zoom_blur_1.2,77,8,0.5987486839294434,0.21545246243476868,0.18579886853694916,1.371346929819041
WRD25,mobilenetv3,zoom_blur_1.2,78,8,0.5405701994895935,0.23881497979164124,0.22061485052108765,1.4541551922284122
WRD25,mobilenetv3,zoom_blur_1.2,79,8,0.31736016273498535,0.40438535809516907,0.27825450897216797,1.5672193726181631
WRD25,mobilenetv3,zoom_blur_1.2,80,8,0.33315950632095337,0.41615796089172363,0.25068262219429016,1.5550303956178073
WRD25,mobilenetv3,zoom_blur_1.2,81,8,0.4612378180027008,0.40884584188461304,0.12991634011268616,1.4250152955623046
WRD25,mobilenetv3,zoom_blur_1.2,82,8,0.33846303820610046,0.41840505599975586,0.24313198029994965,1.55097580407971
WRD25,mobilenetv3,zoom_blur_1.2,83,8,0.34713250398635864,0.3541043996810913,0.29876309633255005,1.5809605596447214
WRD25,mobilenetv3,zoom_blur_1.2,84,8,0.46889549493789673,0.2871365249156952,0.2439679503440857,1.5257772633646163
WRD25,mobilenetv3,zoom_blur_1.2,85,8,0.37784767150878906,0.28321948647499084,0.33893269300460815,1.575056338537508
WRD25,mobilenetv3,zoom_blur_1.2,86,9,0.2760864198207855,0.39559999108314514,0.32831352949142456,1.5694589712008584
WRD25,mobilenetv3,zoom_blur_1.2,87,9,0.3447454273700714,0.2869749069213867,0.36827975511550903,1.5772460611259207
WRD25,mobilenetv3,zoom_blur_1.2,88,9,0.22504843771457672,0.3600504994392395,0.41490110754966736,1.5414279744455668
WRD25,mobilenetv3,zoom_blur_1.2,89,9,0.2928329408168793,0.39819642901420593,0.3089706003665924,1.5713771645906718
WRD25,mobilenetv3,zoom_blur_1.2,90,9,0.1811670958995819,0.36149144172668457,0.4573414623737335,1.493344439593065
WRD25,mobilenetv3,zoom_blur_1.2,91,9,0.15989568829536438,0.5574625134468079,0.28264185786247253,1.4081050707780443
WRD25,mobilenetv3,zoom_blur_1.2,92,9,0.1791466772556305,0.3798481225967407,0.4410051703453064,1.495770221797081
WRD25,mobilenetv3,zoom_blur_1.2,93,9,0.2415900081396103,0.40840578079223633,0.35000425577163696,1.5528371356951172
WRD25,mobilenetv3,zoom_blur_1.2,94,9,0.30083033442497253,0.37008944153785706,0.32908016443252563,1.5797370929382195
WRD25,mobilenetv3,zoom_blur_1.2,95,9,0.3149777054786682,0.3109361231327057,0.37408605217933655,1.5796529944437174
WRD25,mobilenetv3,zoom_blur_1.2,96,9,0.2956925928592682,0.4592546820640564,0.24505272507667542,1.532523841984549
WRD25,mobilenetv3,zoom_blur_1.2,97,10,0.4325645864009857,0.5476787686347961,0.019756615161895752,1.1105412379744053
WRD25,mobilenetv3,zoom_blur_1.2,98,10,0.4062122404575348,0.4157409965991974,0.17804674804210663,1.4976589301339538
WRD25,mobilenetv3,zoom_blur_1.2,99,10,0.39421704411506653,0.3586973547935486,0.24708567559719086,1.5583313814796251
WRD25,mobilenetv3,zoom_blur_1.2,100,10,0.5134947896003723,0.46330103278160095,0.023204203695058823,1.1340061082678157
WRD25,mobilenetv3,zoom_blur_1.2,101,10,0.6282505989074707,0.3433075249195099,0.028441933915019035,1.0968970928007977
WRD25,mobilenetv3,zoom_blur_1.2,102,10,0.36969366669654846,0.37180209159851074,0.25850433111190796,1.5659723223850632
WRD25,mobilenetv3,zoom_blur_1.2,103,10,0.39502930641174316,0.3653886914253235,0.23958192765712738,1.5539287960954247
WRD25,mobilenetv3,zoom_blur_1.2,104,10,0.4189686179161072,0.5527138113975525,0.028317546471953392,1.1442438231651335
WRD25,mobilenetv3,zoom_blur_1.2,105,10,0.3425086438655853,0.4115091562271118,0.24598218500614166,1.5543043668687755
WRD25,mobilenetv3,zoom_blur_1.2,106,10,0.3240099847316742,0.39766424894332886,0.27832573652267456,1.5694017855455258
WRD25,mobilenetv3,zoom_blur_1.2,107,11,0.02273985557258129,0.3289569616317749,0.6483031511306763,1.0571428150275366
WRD25,mobilenetv3,zoom_blur_1.2,108,11,0.01693631522357464,0.42688366770744324,0.5561800599098206,1.0946358036383665
WRD25,mobilenetv3,zoom_blur_1.2,109,11,0.0265688244253397,0.37174347043037415,0.6016876697540283,1.1107580192705087
WRD25,mobilenetv3,zoom_blur_1.2,110,11,0.018442543223500252,0.3348352909088135,0.6467220783233643,1.0414211009104433
WRD25,mobilenetv3,zoom_blur_1.2,111,11,0.02226668782532215,0.40356290340423584,0.5741704106330872,1.1101334912813532
WRD25,mobilenetv3,zoom_blur_1.2,112,11,0.01926567032933235,0.5126069784164429,0.46812739968299866,1.1165760598394971
WRD25,mobilenetv3,zoom_blur_1.2,113,11,0.5338094234466553,0.44955164194107056,0.016639063134789467,1.1002759504706248
WRD25,mobilenetv3,zoom_blur_1.2,114,12,0.6285439729690552,0.20197831094264984,0.16947771608829498,1.3211856581956811
WRD25,mobilenetv3,zoom_blur_1.2,115,13,0.37152156233787537,0.3356567621231079,0.2928217053413391,1.578204061960768
WRD25,mobilenetv3,zoom_blur_1.2,116,13,0.46244096755981445,0.24772682785987854,0.2898321747779846,1.5311033900697626
WRD25,mobilenetv3,zoom_blur_1.2,117,13,0.29100483655929565,0.4254717528820038,0.2835232615470886,1.5583712679760107
WRD25,mobilenetv3,zoom_blur_1.2,118,13,0.3991851508617401,0.23952525854110718,0.36128970980644226,1.553361890277402
WRD25,mobilenetv3,zoom_blur_1.2,119,13,0.3153814971446991,0.48475220799446106,0.19986629486083984,1.4957358370048386
WRD25,mobilenetv3,zoom_blur_1.2,120,13,0.05067463964223862,0.553458034992218,0.39586734771728516,1.2196228016374442
WRD25,mobilenetv3,zoom_blur_1.2,121,14,0.24706728756427765,0.357679158449173,0.3952535390853882,1.558176253849307
WRD25,mobilenetv3,zoom_blur_1.2,122,14,0.32452329993247986,0.4026309549808502,0.2728457450866699,1.5666090035971472
WRD25,mobilenetv3,zoom_blur_1.2,123,14,0.35454854369163513,0.27307504415512085,0.3723764419555664,1.5724521320539036
WRD25,mobilenetv3,zoom_blur_1.2,124,14,0.3799484968185425,0.341007798910141,0.27904364466667175,1.573582856529248
WRD25,mobilenetv3,zoom_blur_1.2,125,14,0.6319986581802368,0.033666711300611496,0.33433467149734497,1.1115639290835353
WRD25,mobilenetv3,zoom_blur_1.2,126,15,0.30802077054977417,0.3114050626754761,0.38057413697242737,1.577859029781215
WRD25,mobilenetv3,zoom_blur_1.2,127,15,0.29536426067352295,0.2774752378463745,0.42716050148010254,1.55707313486781
WRD25,mobilenetv3,zoom_blur_1.2,128,15,0.2619308531284332,0.32188329100608826,0.4161859452724457,1.558999922118462
WRD25,mobilenetv3,zoom_blur_1.2,129,15,0.31620287895202637,0.3117360770702362,0.37206101417541504,1.5801575216229216
WRD25,mobilenetv3,zoom_blur_1.2,130,15,0.3785928189754486,0.31734415888786316,0.30406299233436584,1.5782445128003297
WRD25,mobilenetv3,zoom_blur_1.2,131,15,0.4143228828907013,0.40086308121681213,0.18481409549713135,1.5055215782052935
WRD25,mobilenetv3,zoom_blur_1.2,132,15,0.3425123691558838,0.3405563235282898,0.31693142652511597,1.5840777591113637
WRD25,mobilenetv3,zoom_blur_1.2,133,15,0.25283947587013245,0.34177863597869873,0.4053819477558136,1.558997811118834
WRD25,mobilenetv3,zoom_blur_1.2,134,15,0.3431275188922882,0.4078039228916168,0.2490684986114502,1.5567066749005058
WRD25,mobilenetv3,zoom_blur_1.2,135,15,0.3564857840538025,0.26657402515411377,0.37694019079208374,1.5695199352127878
WRD25,mobilenetv3,zoom_blur_1.2,136,15,0.2730717062950134,0.3758787512779236,0.3510494828224182,1.5721543133899045
WRD25,mobilenetv3,zoom_blur_1.2,137,15,0.3975052237510681,0.19330692291259766,0.409187912940979,1.5149092697957736
WRD25,mobilenetv3,zoom_blur_1.2,138,15,0.4088839590549469,0.4081031084060669,0.1830129474401474,1.5036105883738973
WRD25,mobilenetv3,zoom_blur_1.2,139,15,0.4178363084793091,0.35822412371635437,0.22393956780433655,1.5400501695875215
WRD25,mobilenetv3,zoom_blur_1.2,140,15,0.3415210247039795,0.3618178963661194,0.29666101932525635,1.5800873920477336
WRD25,mobilenetv3,zoom_blur_1.2,141,16,0.16672919690608978,0.33900007605552673,0.4942707121372223,1.4624452078671883
WRD25,mobilenetv3,zoom_blur_1.2,142,16,0.01326500903815031,0.5961394906044006,0.39059555530548096,1.0573557736731578
WRD25,mobilenetv3,zoom_blur_1.2,143,16,0.033423397690057755,0.4867519438266754,0.4798246920108795,1.1778204353700974
WRD25,mobilenetv3,zoom_blur_1.2,144,16,0.14558754861354828,0.39506280422210693,0.4593496322631836,1.449607082180639
WRD25,mobilenetv3,zoom_blur_1.2,145,16,0.2601955533027649,0.3234087824821472,0.4163956344127655,1.558392594489621
WRD25,mobilenetv3,zoom_blur_1.2,146,16,0.050497476011514664,0.45322948694229126,0.49627310037612915,1.2366009273123266
WRD25,mobilenetv3,zoom_blur_1.2,147,16,0.03417520225048065,0.4927854835987091,0.4730392396450043,1.1804499156671446
WRD25,mobilenetv3,zoom_blur_1.2,148,17,0.07965542376041412,0.5746967792510986,0.3456478416919708,1.279753335666121
WRD25,mobilenetv3,zoom_blur_1.2,149,17,0.6653927564620972,0.04873824864625931,0.2858690619468689,1.1199498050074201
WRD25,mobilenetv3,zoom_blur_1.2,150,17,0.12492784112691879,0.33284252882003784,0.5422294735908508,1.3819400159226929
WRD25,mobilenetv3,zoom_blur_1.2,151,17,0.2807401716709137,0.4044770896434784,0.3147827684879303,1.5676277473211049
WRD25,mobilenetv3,zoom_blur_1.2,152,18,0.2988872826099396,0.24107064306735992,0.4600420296192169,1.530871829831322
WRD25,mobilenetv3,zoom_blur_1.2,153,18,0.31468626856803894,0.34439465403556824,0.34091898798942566,1.5838101121541552
WRD25,mobilenetv3,zoom_blur_1.2,154,18,0.48188158869743347,0.4908781945705414,0.027240296825766563,1.1530570844927603
WRD25,mobilenetv3,zoom_blur_1.2,155,18,0.2783088982105255,0.36569586396217346,0.355995237827301,1.574733362056087
WRD25,mobilenetv3,zoom_blur_1.2,156,18,0.3627384603023529,0.2881484031677246,0.3491131365299225,1.577980849417483
WRD25,mobilenetv3,zoom_blur_1.2,157,18,0.29514753818511963,0.33829665184020996,0.36655575037002563,1.579313135308861
WRD25,mobilenetv3,zoom_blur_1.2,158,18,0.43464019894599915,0.3257597088813782,0.23960016667842865,1.5434896943193048
WRD25,mobilenetv3,zoom_blur_1.2,159,18,0.4453309178352356,0.3357616364955902,0.21890750527381897,1.5281363066996205
WRD25,mobilenetv3,zoom_blur_1.2,160,18,0.3745773434638977,0.36898842453956604,0.25643426179885864,1.564853244271514
WRD25,mobilenetv3,zoom_blur_1.2,161,18,0.04372299835085869,0.5155320763587952,0.44074487686157227,1.211162662017483
WRD25,mobilenetv3,zoom_blur_1.2,162,18,0.3511759340763092,0.3509847819805145,0.29783928394317627,1.5807942758032112
WRD25,mobilenetv3,zoom_blur_1.2,163,18,0.37627094984054565,0.2603417932987213,0.3633873164653778,1.5667580171800406
WRD25,mobilenetv3,zoom_blur_1.2,164,18,0.44178059697151184,0.2775169014930725,0.28070250153541565,1.5484040425544126
WRD25,mobilenetv3,zoom_blur_1.2,165,18,0.1685059815645218,0.5428286790847778,0.2886653542518616,1.4288209367042857
WRD25,mobilenetv3,zoom_blur_1.2,166,18,0.3537248373031616,0.3767538070678711,0.2695213258266449,1.5707318167359223
WRD25,mobilenetv3,zoom_blur_1.2,167,18,0.42164409160614014,0.40401723980903625,0.17433862388134003,1.4929240368518026
WRD25,mobilenetv3,zoom_blur_1.2,168,18,0.4826355278491974,0.2674373388290405,0.24992716312408447,1.5160667186277539
WRD25,mobilenetv3,zoom_blur_1.2,169,18,0.5618618726730347,0.14894941449165344,0.2891887426376343,1.39411113274826
WRD25,mobilenetv3,zoom_blur_1.2,170,19,0.06075642630457878,0.45981457829475403,0.47942885756492615,1.2693884679028153
WRD25,mobilenetv3,zoom_blur_1.2,171,19,0.14658476412296295,0.46579688787460327,0.3876182734966278,1.4494692031742296
WRD25,mobilenetv3,zoom_blur_1.2,172,19,0.1274237036705017,0.3663426637649536,0.5062335133552551,1.4066585947535568
WRD25,mobilenetv3,zoom_blur_1.2,173,19,0.4429508447647095,0.30533283948898315,0.2517162263393402,1.5439094386566696
WRD25,mobilenetv3,zoom_blur_1.2,174,20,0.3202816843986511,0.6327406167984009,0.04697764664888382,1.151157688420908
WRD25,mobilenetv3,zoom_blur_1.2,175,20,0.2299804389476776,0.27183404564857483,0.4981854557991028,1.4992840206191826
WRD25,mobilenetv3,zoom_blur_1.2,176,20,0.34704580903053284,0.6018752455711365,0.05107882246375084,1.1899078317992584
WRD25,mobilenetv3,zoom_blur_1.2,177,20,0.14526736736297607,0.5233721137046814,0.3313605487346649,1.4212196036493423
WRD25,mobilenetv3,zoom_blur_1.2,178,21,0.10048021376132965,0.44206514954566956,0.4574546217918396,1.3698458451055582
WRD25,mobilenetv3,zoom_blur_1.2,179,21,0.36967331171035767,0.45530998706817627,0.17501667141914368,1.487612521272867
WRD25,mobilenetv3,zoom_blur_1.2,180,21,0.3154992461204529,0.37581032514572144,0.30869045853614807,1.5791652654628483
WRD25,mobilenetv3,zoom_blur_1.2,181,21,0.16236227750778198,0.5662376284599304,0.27140012383461,1.401080152799358
WRD25,mobilenetv3,zoom_blur_1.2,182,21,0.48980802297592163,0.28521761298179626,0.22497446835041046,1.5047490054162613
WRD25,mobilenetv3,zoom_blur_1.2,183,21,0.04013936221599579,0.4121149480342865,0.5477456450462341,1.1889204693772275
WRD25,mobilenetv3,zoom_blur_1.2,184,21,0.3993000388145447,0.30049145221710205,0.3002084791660309,1.571239530674844
WRD25,mobilenetv3,zoom_blur_1.2,185,22,0.235140860080719,0.35731837153434753,0.40754079818725586,1.549344506645149
WRD25,mobilenetv3,zoom_blur_1.2,186,22,0.31317436695098877,0.47351187467575073,0.2133137434720993,1.5107166452356537
WRD25,mobilenetv3,zoom_blur_1.2,187,22,0.1056068018078804,0.4059198796749115,0.4884732663631439,1.3754097276617827
WRD25,mobilenetv3,zoom_blur_1.2,188,22,0.053712815046310425,0.5432305932044983,0.4030565023422241,1.2332179395064076
WRD25,mobilenetv3,zoom_blur_1.2,189,22,0.18759280443191528,0.48092561960220337,0.33148160576820374,1.4888721231976856
WRD25,mobilenetv3,zoom_blur_1.2,190,23,0.33383041620254517,0.2819931209087372,0.38417643308639526,1.573610660203978
WRD25,mobilenetv3,zoom_blur_1.2,191,23,0.3151242733001709,0.3007158935070038,0.38415980339050293,1.576524057770913
WRD25,mobilenetv3,zoom_blur_1.2,192,23,0.40750300884246826,0.2675943076610565,0.3249026834964752,1.5636629729431044
WRD25,mobilenetv3,zoom_blur_1.2,193,23,0.4791201949119568,0.23776979744434357,0.28310999274253845,1.5167709836437466
WRD25,mobilenetv3,zoom_blur_1.2,194,24,0.28634393215179443,0.37686416506767273,0.33679190278053284,1.5759836364323343
WRD25,mobilenetv3,zoom_blur_1.2,195,24,0.4161893129348755,0.378885954618454,0.20492474734783173,1.5254811943655657
WRD25,mobilenetv3,zoom_blur_1.2,196,24,0.35618817806243896,0.38548290729522705,0.25832900404930115,1.5650504354289296
WRD25,mobilenetv3,zoom_blur_1.2,197,24,0.3050796091556549,0.3346688449382782,0.3602515459060669,1.5816527003093588
WRD25,mobilenetv3,zoom_blur_1.2,198,24,0.019948648288846016,0.5270500183105469,0.453001469373703,1.1171638197300715
WRD25,mobilenetv3,zoom_blur_1.2,199,24,0.4798220992088318,0.26475512981414795,0.2554227113723755,1.5188819939493965
WRD25,mobilenetv3,contrast_0.5,0,0,0.4995303153991699,0.2123197764158249,0.288149893283844,1.4921490241104105
WRD25,mobilenetv3,contrast_0.5,1,0,0.40427279472351074,0.044188596308231354,0.5515385866165161,1.2005564169553566
WRD25,mobilenetv3,contrast_0.5,2,0,0.36671942472457886,0.12632448971271515,0.5069560408592224,1.4046388585481369
WRD25,mobilenetv3,contrast_0.5,3,0,0.37644028663635254,0.0811295360326767,0.5424301624298096,1.3032681448820835
WRD25,mobilenetv3,contrast_0.5,4,0,0.28263452649116516,0.3059777319431305,0.4113876521587372,1.565167742881091
WRD25,mobilenetv3,contrast_0.5,5,0,0.47641780972480774,0.06026128679513931,0.46332088112831116,1.2680883042201643
WRD25,mobilenetv3,contrast_0.5,6,0,0.41903743147850037,0.179602712392807,0.40135982632637024,1.4993296608540136
WRD25,mobilenetv3,contrast_0.5,7,0,0.43492862582206726,0.0789843425154686,0.4860871136188507,1.3175550878005597
WRD25,mobilenetv3,contrast_0.5,8,0,0.3784244954586029,0.1367158442735672,0.4848596453666687,1.4293670079228855
WRD25,mobilenetv3,contrast_0.5,9,0,0.38018542528152466,0.21928641200065613,0.4005282521247864,1.539193535937868
WRD25,mobilenetv3,contrast_0.5,10,0,0.38822606205940247,0.3279329836368561,0.2838410437107086,1.5731248760363297
WRD25,mobilenetv3,contrast_0.5,11,0,0.3969769775867462,0.10561344772577286,0.4974096119403839,1.372775475559103
WRD25,mobilenetv3,contrast_0.5,12,0,0.4230472445487976,0.11895417422056198,0.45799851417541504,1.4063925937013
WRD25,mobilenetv3,contrast_0.5,13,0,0.4703300893306732,0.051533084362745285,0.4781368672847748,1.2412945923653056
WRD25,mobilenetv3,contrast_0.5,14,0,0.4055493474006653,0.09864357858896255,0.49580708146095276,1.359506975535663
WRD25,mobilenetv3,contrast_0.5,15,0,0.43906840682029724,0.027466559782624245,0.5334649682044983,1.1474369237068438
WRD25,mobilenetv3,contrast_0.5,16,0,0.42397382855415344,0.054993897676467896,0.5210323333740234,1.2450459212435563
WRD25,mobilenetv3,contrast_0.5,17,0,0.4180079996585846,0.0728643611073494,0.5091276168823242,1.2971884112065495
WRD25,mobilenetv3,contrast_0.5,18,1,0.6811074018478394,0.2525691092014313,0.06632345914840698,1.1383898391716079
WRD25,mobilenetv3,contrast_0.5,19,1,0.30105140805244446,0.3216814696788788,0.37726709246635437,1.5783287837473445
WRD25,mobilenetv3,contrast_0.5,20,1,0.2903749942779541,0.6409140229225159,0.06871097534894943,1.1948211936741455
WRD25,mobilenetv3,contrast_0.5,21,1,0.0643761157989502,0.6394977569580078,0.2961261570453644,1.1871399531920206
WRD25,mobilenetv3,contrast_0.5,22,1,0.04671259969472885,0.6403671503067017,0.3129202127456665,1.1427422428641854
WRD25,mobilenetv3,contrast_0.5,23,1,0.02684778906404972,0.560603678226471,0.4125485420227051,1.1351690725519763
WRD25,mobilenetv3,contrast_0.5,24,1,0.011283110827207565,0.7436373829841614,0.24507950246334076,0.8879633712980748
WRD25,mobilenetv3,contrast_0.5,25,2,0.04335617646574974,0.006586568895727396,0.950057327747345,0.3142503736882052
WRD25,mobilenetv3,contrast_0.5,26,2,0.03305231034755707,0.7709785103797913,0.19596919417381287,0.9126704064779794
WRD25,mobilenetv3,contrast_0.5,27,2,0.06662309169769287,0.636985719203949,0.2963912785053253,1.1948139246778675
WRD25,mobilenetv3,contrast_0.5,28,2,0.9160935282707214,0.012788625434041023,0.07111779600381851,0.4674702542432173
WRD25,mobilenetv3,contrast_0.5,29,2,0.26708748936653137,0.6655845642089844,0.06732799857854843,1.1616852334587013
WRD25,mobilenetv3,contrast_0.5,30,2,0.9724044799804688,0.019831836223602295,0.007763597182929516,0.20584250237189552
WRD25,mobilenetv3,contrast_0.5,31,2,0.04313952848315239,0.04642784968018532,0.9104325175285339,0.5245044451489933
WRD25,mobilenetv3,contrast_0.5,32,2,0.03585055097937584,0.8754052519798279,0.08874431997537613,0.6502977065902436
WRD25,mobilenetv3,contrast_0.5,33,2,0.036997999995946884,0.904195249080658,0.05880681425333023,0.5477463781591867
WRD25,mobilenetv3,contrast_0.5,34,2,0.9582578539848328,0.031702671200037,0.010039414279162884,0.28344540557149134
WRD25,mobilenetv3,contrast_0.5,35,2,0.9603456854820251,0.03199458122253418,0.007659729570150375,0.26878183192837374
WRD25,mobilenetv3,contrast_0.5,36,3,0.0030062112491577864,0.026346130296587944,0.9706477522850037,0.20512314151331174
WRD25,mobilenetv3,contrast_0.5,37,3,0.04205958917737007,0.9525029063224792,0.0054374877363443375,0.30004754620811475
WRD25,mobilenetv3,contrast_0.5,38,3,0.0006016098195686936,0.0339568667113781,0.9654415845870972,0.22113698982159033
WRD25,mobilenetv3,contrast_0.5,39,3,0.07882948964834213,0.6497524976730347,0.27141809463500977,1.2037392863041396
WRD25,mobilenetv3,contrast_0.5,40,3,0.8036169409751892,0.025604715570807457,0.17077837884426117,0.8243117208211109
WRD25,mobilenetv3,contrast_0.5,41,4,0.6564164161682129,0.024678992107510567,0.3189045786857605,1.0562635645955134
WRD25,mobilenetv3,contrast_0.5,42,4,0.030892373993992805,0.8900167346000671,0.07909093052148819,0.594082817302297
WRD25,mobilenetv3,contrast_0.5,43,4,0.034443795680999756,0.8539735078811646,0.11158272624015808,0.7148917180601401
WRD25,mobilenetv3,contrast_0.5,44,4,0.9167189002037048,0.0242301095277071,0.059050992131233215,0.48608545469237935
WRD25,mobilenetv3,contrast_0.5,45,4,0.5756233930587769,0.34100914001464844,0.08336745202541351,1.286764643908295
WRD25,mobilenetv3,contrast_0.5,46,5,0.006843191105872393,0.037183333188295364,0.9559736847877502,0.28789886891176975
WRD25,mobilenetv3,contrast_0.5,47,5,0.015001657418906689,0.01860525645315647,0.966393232345581,0.24549729351831182
WRD25,mobilenetv3,contrast_0.5,48,5,0.006273022852838039,0.02431172877550125,0.9694151878356934,0.2197045140584223
WRD25,mobilenetv3,contrast_0.5,49,5,0.040871620178222656,0.03614318370819092,0.9229852557182312,0.4683775531331442
WRD25,mobilenetv3,contrast_0.5,50,6,0.9474863409996033,0.03742176666855812,0.015091846697032452,0.3424214846536956
WRD25,mobilenetv3,contrast_0.5,51,6,0.04124007746577263,0.9427241086959839,0.01603572629392147,0.36552920002239514
WRD25,mobilenetv3,contrast_0.5,52,6,0.015693623572587967,0.03158121183514595,0.9527251720428467,0.3180532187865794
WRD25,mobilenetv3,contrast_0.5,53,7,0.8561067581176758,0.05684357509016991,0.08704972267150879,0.7336299734556426
WRD25,mobilenetv3,contrast_0.5,54,7,0.0038123023696243763,0.4737846553325653,0.5224030613899231,1.030597213306231
WRD25,mobilenetv3,contrast_0.5,55,7,0.01694197580218315,0.7546276450157166,0.22843027114868164,0.8927721049917865
WRD25,mobilenetv3,contrast_0.5,56,7,0.6726052761077881,0.01484385784715414,0.312550812959671,0.9994140616471221
WRD25,mobilenetv3,contrast_0.5,57,7,0.3802548050880432,0.06773124635219574,0.5520138740539551,1.2667106542036126
WRD25,mobilenetv3,contrast_0.5,58,7,0.9330601692199707,0.004277150146663189,0.06266272813081741,0.37734016742753296
WRD25,mobilenetv3,contrast_0.5,59,7,0.8836768865585327,0.025793762877583504,0.09052946418523788,0.6074925675919173
WRD25,mobilenetv3,contrast_0.5,60,7,0.49848616123199463,0.3547753691673279,0.14673851430416107,1.437335992637586
WRD25,mobilenetv3,contrast_0.5,61,7,0.7762382626533508,0.17245911061763763,0.05130261182785034,0.9407823099959802
WRD25,mobilenetv3,contrast_0.5,62,7,0.21445395052433014,0.7038193941116333,0.08172661066055298,1.128281717817818
WRD25,mobilenetv3,contrast_0.5,63,7,0.1316385716199875,0.7360238432884216,0.13233748078346252,1.096661998703735
WRD25,mobilenetv3,contrast_0.5,64,7,0.2349039763212204,0.7380581498146057,0.02703787572681904,0.955164972342607
WRD25,mobilenetv3,contrast_0.5,65,7,0.6781361699104309,0.01636487804353237,0.3054989278316498,0.9997282443366271
WRD25,mobilenetv3,contrast_0.5,66,7,0.761468231678009,0.045912303030490875,0.1926194429397583,0.961143358392113
WRD25,mobilenetv3,contrast_0.5,67,7,0.6108887195587158,0.05648979917168617,0.3326214849948883,1.1967707694068845
WRD25,mobilenetv3,contrast_0.5,68,7,0.3685515820980072,0.6109131574630737,0.020535340532660484,1.0801882156039475
WRD25,mobilenetv3,contrast_0.5,69,8,0.1995539367198944,0.5799901485443115,0.2204558551311493,1.4007176341004353
WRD25,mobilenetv3,contrast_0.5,70,8,0.569217324256897,0.3782709836959839,0.052511606365442276,1.2165108211441058
WRD25,mobilenetv3,contrast_0.5,71,8,0.3593112528324127,0.4880804121494293,0.15260832011699677,1.4495510656648505
WRD25,mobilenetv3,contrast_0.5,72,8,0.23350614309310913,0.7111263275146484,0.05536758899688721,1.070902241479431
WRD25,mobilenetv3,contrast_0.5,73,8,0.31477808952331543,0.5495073795318604,0.13571472465991974,1.3906220363712296
WRD25,mobilenetv3,contrast_0.5,74,8,0.23412397503852844,0.6112458109855652,0.15463021397590637,1.3409363383733641
WRD25,mobilenetv3,contrast_0.5,75,8,0.3026135265827179,0.6261825561523438,0.07120385766029358,1.2161535309986493
WRD25,mobilenetv3,contrast_0.5,76,8,0.5624896287918091,0.041315145790576935,0.3961952030658722,1.1860614627951074
WRD25,mobilenetv3,contrast_0.5,77,8,0.46814724802970886,0.4089464545249939,0.12290623784065247,1.4118666450342854
WRD25,mobilenetv3,contrast_0.5,78,8,0.43134745955467224,0.36183059215545654,0.20682193338871002,1.5241413744725683
WRD25,mobilenetv3,contrast_0.5,79,8,0.4084583520889282,0.33472341299057007,0.2568182647228241,1.5598029638710953
WRD25,mobilenetv3,contrast_0.5,80,8,0.8118189573287964,0.037282224744558334,0.15089882910251617,0.8327930223452781
WRD25,mobilenetv3,contrast_0.5,81,8,0.866051197052002,0.035367727279663086,0.09858104586601257,0.6797190596489837
WRD25,mobilenetv3,contrast_0.5,82,8,0.45706993341445923,0.23815679550170898,0.30477339029312134,1.5316948165709736
WRD25,mobilenetv3,contrast_0.5,83,8,0.8269618153572083,0.11977188289165497,0.05326628312468529,0.8187246977528211
WRD25,mobilenetv3,contrast_0.5,84,8,0.7998896837234497,0.030074400827288628,0.17003582417964935,0.844328536144342
WRD25,mobilenetv3,contrast_0.5,85,8,0.5251373052597046,0.3678279221057892,0.10703480243682861,1.363776917888914
WRD25,mobilenetv3,contrast_0.5,86,9,0.5648709535598755,0.15341302752494812,0.2817160487174988,1.395252691736397
WRD25,mobilenetv3,contrast_0.5,87,9,0.057710353285074234,0.507516086101532,0.4347735345363617,1.256522864297007
WRD25,mobilenetv3,contrast_0.5,88,9,0.6393249034881592,0.20960447192192078,0.15107053518295288,1.2970343138775169
WRD25,mobilenetv3,contrast_0.5,89,9,0.46066761016845703,0.12192117422819138,0.41741111874580383,1.4113992083994362
WRD25,mobilenetv3,contrast_0.5,90,9,0.04542004317045212,0.450479656457901,0.5041003823280334,1.2190195343405827
WRD25,mobilenetv3,contrast_0.5,91,9,0.04039371758699417,0.48342323303222656,0.4761830270290375,1.2036613467037627
WRD25,mobilenetv3,contrast_0.5,92,9,0.4663616418838501,0.050017643719911575,0.48362061381340027,1.2362280793376677
WRD25,mobilenetv3,contrast_0.5,93,9,0.5602913498878479,0.057850390672683716,0.3818581998348236,1.2364770127621576
WRD25,mobilenetv3,contrast_0.5,94,9,0.06798318028450012,0.5351217985153198,0.39689499139785767,1.2755260677592104
WRD25,mobilenetv3,contrast_0.5,95,9,0.6111927032470703,0.0653444454073906,0.32346290349960327,1.2180164284343002
WRD25,mobilenetv3,contrast_0.5,96,9,0.07635675370693207,0.5350902676582336,0.38855305314064026,1.2960120962477992
WRD25,mobilenetv3,contrast_0.5,97,10,0.961859405040741,0.02254585362970829,0.015594691038131714,0.27092230070020923
WRD25,mobilenetv3,contrast_0.5,98,10,0.9142060875892639,0.023808009922504425,0.06198598071932793,0.4953712360625418
WRD25,mobilenetv3,contrast_0.5,99,10,0.8509584069252014,0.023129593580961227,0.1259119212627411,0.7002409055216741
WRD25,mobilenetv3,contrast_0.5,100,10,0.9515865445137024,0.022111639380455017,0.026301810517907143,0.327770313223819
WRD25,mobilenetv3,contrast_0.5,101,10,0.8840401768684387,0.027839358896017075,0.08812041580677032,0.6098424564547231
WRD25,mobilenetv3,contrast_0.5,102,10,0.880601167678833,0.09697901457548141,0.02241978794336319,0.6108259295415677
WRD25,mobilenetv3,contrast_0.5,103,10,0.8908663392066956,0.02805158868432045,0.08108207583427429,0.5870318899776643
WRD25,mobilenetv3,contrast_0.5,104,10,0.2798895835876465,0.6741311550140381,0.04597928375005722,1.1019693309149563
WRD25,mobilenetv3,contrast_0.5,105,10,0.9632062315940857,0.026398831978440285,0.010394864715635777,0.2589937310086151
WRD25,mobilenetv3,contrast_0.5,106,10,0.9683325886726379,0.022831136360764503,0.00883632991462946,0.22973460232022025
WRD25,mobilenetv3,contrast_0.5,107,11,0.13947953283786774,0.019166897982358932,0.8413535952568054,0.7154137569029455
WRD25,mobilenetv3,contrast_0.5,108,11,0.0326443649828434,0.8054007887840271,0.16195470094680786,0.8379768206041567
WRD25,mobilenetv3,contrast_0.5,109,11,0.02881106361746788,0.6928079724311829,0.27838099002838135,1.0278317697838129
WRD25,mobilenetv3,contrast_0.5,110,11,0.027493538334965706,0.28500109910964966,0.6875054240226746,1.0303091559730257
WRD25,mobilenetv3,contrast_0.5,111,11,0.03294232487678528,0.6794701814651489,0.2875875234603882,1.0580833134607213
WRD25,mobilenetv3,contrast_0.5,112,11,0.04313262179493904,0.8887349963188171,0.06813234090805054,0.6108980192213331
WRD25,mobilenetv3,contrast_0.5,113,11,0.12205357849597931,0.844190776348114,0.03375565633177757,0.7416688579398139
WRD25,mobilenetv3,contrast_0.5,114,12,0.20754306018352509,0.7289838790893555,0.06347301602363586,1.0557391258437407
WRD25,mobilenetv3,contrast_0.5,115,13,0.5851852893829346,0.1934201419353485,0.22139465808868408,1.3924124735750738
WRD25,mobilenetv3,contrast_0.5,116,13,0.7883193492889404,0.1019456684589386,0.10973486304283142,0.9561565647683687
WRD25,mobilenetv3,contrast_0.5,117,13,0.5832462310791016,0.21012470126152039,0.20662905275821686,1.3966436211783104
WRD25,mobilenetv3,contrast_0.5,118,13,0.043349917978048325,0.4496014714241028,0.5070485472679138,1.2116061991856801
WRD25,mobilenetv3,contrast_0.5,119,13,0.009919757954776287,0.4429662823677063,0.5471140146255493,1.0624236443540493
WRD25,mobilenetv3,contrast_0.5,120,13,0.4883962869644165,0.3207716643810272,0.1908319741487503,1.4871458943516114
WRD25,mobilenetv3,contrast_0.5,121,14,0.30161646008491516,0.09243081510066986,0.6059526801109314,1.2770394178813624
WRD25,mobilenetv3,contrast_0.5,122,14,0.45037031173706055,0.36521095037460327,0.18441884219646454,1.498804234048179
WRD25,mobilenetv3,contrast_0.5,123,14,0.4912537634372711,0.4028029143810272,0.10594320297241211,1.3752910844350326
WRD25,mobilenetv3,contrast_0.5,124,14,0.5352180004119873,0.2382296919822693,0.22655218839645386,1.460988525474554
WRD25,mobilenetv3,contrast_0.5,125,14,0.6793003082275391,0.060972921550273895,0.25972673296928406,1.1301859867863793
WRD25,mobilenetv3,contrast_0.5,126,15,0.30904558300971985,0.3374180793762207,0.3535362184047699,1.582751850535244
WRD25,mobilenetv3,contrast_0.5,127,15,0.4111652374267578,0.27253612875938416,0.31629863381385803,1.5635947264600942
WRD25,mobilenetv3,contrast_0.5,128,15,0.37937742471694946,0.26921966671943665,0.35140299797058105,1.5703503439879178
WRD25,mobilenetv3,contrast_0.5,129,15,0.4406156539916992,0.0995125100016594,0.4598718583583832,1.3676388064784952
WRD25,mobilenetv3,contrast_0.5,130,15,0.3225967288017273,0.33704695105552673,0.34035637974739075,1.5845745894655
WRD25,mobilenetv3,contrast_0.5,131,15,0.413413405418396,0.1149808019399643,0.4716057777404785,1.3970162448271468
WRD25,mobilenetv3,contrast_0.5,132,15,0.4034562408924103,0.29425951838493347,0.30228424072265625,1.5694023841970965
WRD25,mobilenetv3,contrast_0.5,133,15,0.4226953983306885,0.2888832986354828,0.2884213626384735,1.5599918917302196
WRD25,mobilenetv3,contrast_0.5,134,15,0.3926812708377838,0.22258156538009644,0.3847370743751526,1.542213319559928
WRD25,mobilenetv3,contrast_0.5,135,15,0.5017491579055786,0.08418161422014236,0.41406917572021484,1.3264984510864617
WRD25,mobilenetv3,contrast_0.5,136,15,0.5151113867759705,0.21361815929412842,0.27127042412757874,1.4792732416475673
WRD25,mobilenetv3,contrast_0.5,137,15,0.4315063953399658,0.21891272068023682,0.349580854177475,1.5330545991751703
WRD25,mobilenetv3,contrast_0.5,138,15,0.5623764395713806,0.1534266322851181,0.2841968834400177,1.3977446094010268
WRD25,mobilenetv3,contrast_0.5,139,15,0.504488468170166,0.09336172789335251,0.4021497666835785,1.3458800915921492
WRD25,mobilenetv3,contrast_0.5,140,15,0.4656686782836914,0.40184900164604187,0.1324823945760727,1.4283349071403966
WRD25,mobilenetv3,contrast_0.5,141,16,0.059250932186841965,0.22422221302986145,0.7165268659591675,1.0697972025805687
WRD25,mobilenetv3,contrast_0.5,142,16,0.038452018052339554,0.10468949377536774,0.8568585515022278,0.712573369080901
WRD25,mobilenetv3,contrast_0.5,143,16,0.04857175052165985,0.34581848978996277,0.605609655380249,1.179901013218092
WRD25,mobilenetv3,contrast_0.5,144,16,0.08652327954769135,0.6390576362609863,0.2744190990924835,1.230255154974519
WRD25,mobilenetv3,contrast_0.5,145,16,0.039478544145822525,0.6364132761955261,0.3241081237792969,1.1258211832209248
WRD25,mobilenetv3,contrast_0.5,146,16,0.10666511207818985,0.5526289939880371,0.34070590138435364,1.3464961657791354
WRD25,mobilenetv3,contrast_0.5,147,16,0.15576833486557007,0.16640284657478333,0.6778287291526794,1.2286449064705212
WRD25,mobilenetv3,contrast_0.5,148,17,0.03315398097038269,0.5049375295639038,0.4619085192680359,1.175434477751513
WRD25,mobilenetv3,contrast_0.5,149,17,0.6889894604682922,0.30503660440444946,0.005973936058580875,0.9369359780091908
WRD25,mobilenetv3,contrast_0.5,150,17,0.009553147479891777,0.6001129746437073,0.39033380150794983,1.0359680901885016
WRD25,mobilenetv3,contrast_0.5,151,17,0.04832427203655243,0.5313025712966919,0.42037323117256165,1.2215628259819358
WRD25,mobilenetv3,contrast_0.5,152,18,0.09089374542236328,0.7090762853622437,0.20003001391887665,1.1305676481268248
WRD25,mobilenetv3,contrast_0.5,153,18,0.08118487894535065,0.2368316799402237,0.6819834113121033,1.1628412724807033
WRD25,mobilenetv3,contrast_0.5,154,18,0.03171347826719284,0.4595283567905426,0.5087581872940063,1.1693936334741157
WRD25,mobilenetv3,contrast_0.5,155,18,0.021019626408815384,0.3916579782962799,0.5873222947120667,1.0977079108978591
WRD25,mobilenetv3,contrast_0.5,156,18,0.39542821049690247,0.43225306272506714,0.17231880128383636,1.489480764274034
WRD25,mobilenetv3,contrast_0.5,157,18,0.30677366256713867,0.5234846472740173,0.1697416603565216,1.4460922867708803
WRD25,mobilenetv3,contrast_0.5,158,18,0.6149494647979736,0.04489005729556084,0.3401605784893036,1.1615480142120322
WRD25,mobilenetv3,contrast_0.5,159,18,0.6298890113830566,0.03465455397963524,0.335456520318985,1.1167450611672458
WRD25,mobilenetv3,contrast_0.5,160,18,0.6222100853919983,0.08772167563438416,0.29006826877593994,1.251830438825508
WRD25,mobilenetv3,contrast_0.5,161,18,0.026545310392975807,0.4668045938014984,0.5066502094268799,1.1490370795363636
WRD25,mobilenetv3,contrast_0.5,162,18,0.47386956214904785,0.038755543529987335,0.4873749017715454,1.1976645938534158
WRD25,mobilenetv3,contrast_0.5,163,18,0.715248703956604,0.07711406797170639,0.20763729512691498,1.1017836060093864
WRD25,mobilenetv3,contrast_0.5,164,18,0.4261398911476135,0.13784250617027283,0.43601763248443604,1.4406363718376372
WRD25,mobilenetv3,contrast_0.5,165,18,0.1011253073811531,0.5440569519996643,0.35481777787208557,1.3424724299767115
WRD25,mobilenetv3,contrast_0.5,166,18,0.19333188235759735,0.4365873336791992,0.37008076906204224,1.5110980306427928
WRD25,mobilenetv3,contrast_0.5,167,18,0.4398996829986572,0.09409618377685547,0.4660041928291321,1.355357649514434
WRD25,mobilenetv3,contrast_0.5,168,18,0.3570253551006317,0.5262790322303772,0.11669562757015228,1.3795521122597685
WRD25,mobilenetv3,contrast_0.5,169,18,0.5033466815948486,0.34713348746299744,0.14951983094215393,1.4383021680389703
WRD25,mobilenetv3,contrast_0.5,170,19,0.030903739854693413,0.035292595624923706,0.9338037371635437,0.41755230501937957
WRD25,mobilenetv3,contrast_0.5,171,19,0.6609221696853638,0.3346165120601654,0.00446116691455245,0.9582006011481777
WRD25,mobilenetv3,contrast_0.5,172,19,0.02122768573462963,0.5257432460784912,0.45302900671958923,1.1231512339967902
WRD25,mobilenetv3,contrast_0.5,173,19,0.46228650212287903,0.3900272250175476,0.14768625795841217,1.4519090995829245
WRD25,mobilenetv3,contrast_0.5,174,20,0.307856947183609,0.09925109148025513,0.5928919315338135,1.3011707134818131
WRD25,mobilenetv3,contrast_0.5,175,20,0.06547916680574417,0.4328605830669403,0.5016602277755737,1.2796855336846633
WRD25,mobilenetv3,contrast_0.5,176,20,0.4472160339355469,0.10429883748292923,0.44848498702049255,1.3781762125619452
WRD25,mobilenetv3,contrast_0.5,177,20,0.10720749199390411,0.43640580773353577,0.4563867449760437,1.3839049214118764
WRD25,mobilenetv3,contrast_0.5,178,21,0.020513148978352547,0.0464681051671505,0.933018684387207,0.4140888708993552
WRD25,mobilenetv3,contrast_0.5,179,21,0.0570661686360836,0.7877928614616394,0.15514101088047028,0.9239147513125915
WRD25,mobilenetv3,contrast_0.5,180,21,0.07825381308794022,0.7294787168502808,0.19226743280887604,1.0769637419960079
WRD25,mobilenetv3,contrast_0.5,181,21,0.0639452338218689,0.6567081809043884,0.2793465554714203,1.1660427695898476
WRD25,mobilenetv3,contrast_0.5,182,21,0.47170451283454895,0.12620466947555542,0.40209078788757324,1.416727332509533
WRD25,mobilenetv3,contrast_0.5,183,21,0.5720186233520508,0.04073307290673256,0.38724836707115173,1.1790764747870082
WRD25,mobilenetv3,contrast_0.5,184,21,0.4625701606273651,0.09587377309799194,0.44155603647232056,1.359551479652254
WRD25,mobilenetv3,contrast_0.5,185,22,0.09061029553413391,0.8533602356910706,0.05602952837944031,0.7420687079753511
WRD25,mobilenetv3,contrast_0.5,186,22,0.3595556318759918,0.5533628463745117,0.08708163350820541,1.3096650110403902
WRD25,mobilenetv3,contrast_0.5,187,22,0.06181180849671364,0.7161188125610352,0.2220694124698639,1.075304253355672
WRD25,mobilenetv3,contrast_0.5,188,22,0.08515600115060806,0.7239541411399841,0.19088983535766602,1.0960788185707004
WRD25,mobilenetv3,contrast_0.5,189,22,0.11899109929800034,0.58649080991745,0.29451802372932434,1.336326422127581
WRD25,mobilenetv3,contrast_0.5,190,23,0.08544091880321503,0.2832176089286804,0.6313414573669434,1.2375845115669237
WRD25,mobilenetv3,contrast_0.5,191,23,0.03260094299912453,0.3968343734741211,0.5705645680427551,1.1520432333260104
WRD25,mobilenetv3,contrast_0.5,192,23,0.6800413727760315,0.052317626774311066,0.2676408886909485,1.1099576631824082
WRD25,mobilenetv3,contrast_0.5,193,23,0.45154428482055664,0.22910889983177185,0.3193468153476715,1.530911656719978
WRD25,mobilenetv3,contrast_0.5,194,24,0.7000640630722046,0.03918690234422684,0.26074907183647156,1.0489429635501204
WRD25,mobilenetv3,contrast_0.5,195,24,0.47973841428756714,0.35393065214157104,0.1663309633731842,1.4691638110374594
WRD25,mobilenetv3,contrast_0.5,196,24,0.6669993996620178,0.042241811752319336,0.29075875878334045,1.1006939044857513
WRD25,mobilenetv3,contrast_0.5,197,24,0.4671667516231537,0.36203205585479736,0.17080114781856537,1.4790914840064793
WRD25,mobilenetv3,contrast_0.5,198,24,0.5780659914016724,0.03954286500811577,0.38239121437072754,1.1716906091245718
WRD25,mobilenetv3,contrast_0.5,199,24,0.23299017548561096,0.42982661724090576,0.3371832072734833,1.5421057823626483
WRD25,mobilenetv3,contrast_1.5,0,0,0.6039984822273254,0.15590524673461914,0.24009615182876587,1.3515543122722669
WRD25,mobilenetv3,contrast_1.5,1,0,0.2565317451953888,0.18257936835289001,0.5608888864517212,1.4193600020071213
WRD25,mobilenetv3,contrast_1.5,2,0,0.3647627830505371,0.16994448006153107,0.465292751789093,1.47882896671641
WRD25,mobilenetv3,contrast_1.5,3,0,0.40774744749069214,0.07951189577579498,0.5127406716346741,1.3122875464408257
WRD25,mobilenetv3,contrast_1.5,4,0,0.397678017616272,0.11115821450948715,0.4911637306213379,1.385135603662746
WRD25,mobilenetv3,contrast_1.5,5,0,0.4324025809764862,0.07614132761955261,0.49145615100860596,1.3095686998349616
WRD25,mobilenetv3,contrast_1.5,6,0,0.44531184434890747,0.18202710151672363,0.3726610839366913,1.4978036788962936
WRD25,mobilenetv3,contrast_1.5,7,0,0.3965546488761902,0.11110079288482666,0.49234455823898315,1.3846659613553918
WRD25,mobilenetv3,contrast_1.5,8,0,0.4144967496395111,0.18197551369667053,0.40352776646614075,1.5022980918822495
WRD25,mobilenetv3,contrast_1.5,9,0,0.37649014592170715,0.18227453529834747,0.4412354528903961,1.4990513563777061
WRD25,mobilenetv3,contrast_1.5,10,0,0.39509251713752747,0.3070220947265625,0.29788529872894287,1.5728153304661463
WRD25,mobilenetv3,contrast_1.5,11,0,0.3881969153881073,0.11488185077905655,0.49692127108573914,1.3899276992496268
WRD25,mobilenetv3,contrast_1.5,12,0,0.40707844495773315,0.15004028379917145,0.4428812265396118,1.458812633128801
WRD25,mobilenetv3,contrast_1.5,13,0,0.4600445330142975,0.05981674790382385,0.4801388084888458,1.2665904628877054
WRD25,mobilenetv3,contrast_1.5,14,0,0.40714019536972046,0.10663718730211258,0.48622259497642517,1.3779949968970382
WRD25,mobilenetv3,contrast_1.5,15,0,0.4466918110847473,0.03872636705636978,0.5145817995071411,1.1942339288311787
WRD25,mobilenetv3,contrast_1.5,16,0,0.43649107217788696,0.06182487681508064,0.5016840100288391,1.2695514521281916
WRD25,mobilenetv3,contrast_1.5,17,0,0.46466493606567383,0.06378096342086792,0.47155410051345825,1.2784570456784121
WRD25,mobilenetv3,contrast_1.5,18,1,0.8392131924629211,0.1150573268532753,0.04572947323322296,0.7746888507925817
WRD25,mobilenetv3,contrast_1.5,19,1,0.18837912380695343,0.6295595765113831,0.1820613294839859,1.32137238986054
WRD25,mobilenetv3,contrast_1.5,20,1,0.25053736567497253,0.7095140814781189,0.03994855284690857,1.0371662886114703
WRD25,mobilenetv3,contrast_1.5,21,1,0.028827933594584465,0.6021753549575806,0.3689967691898346,1.1188687962309838
WRD25,mobilenetv3,contrast_1.5,22,1,0.0461597815155983,0.5368189811706543,0.4170211851596832,1.212812471030131
WRD25,mobilenetv3,contrast_1.5,23,1,0.022270213812589645,0.5537166595458984,0.42401322722435,1.1192856026174511
WRD25,mobilenetv3,contrast_1.5,24,1,0.02098301611840725,0.5107786059379578,0.4682384729385376,1.1246080671438352
WRD25,mobilenetv3,contrast_1.5,25,2,0.47896838188171387,0.007229151204228401,0.5138023495674133,1.0536941034227234
WRD25,mobilenetv3,contrast_1.5,26,2,0.04352951794862747,0.5416314005851746,0.41483914852142334,1.2025575640254413
WRD25,mobilenetv3,contrast_1.5,27,2,0.0564999133348465,0.6682485938072205,0.2752516269683838,1.1351339304885384
WRD25,mobilenetv3,contrast_1.5,28,2,0.3810718059539795,0.5630434155464172,0.05588482692837715,1.2295435989426564
WRD25,mobilenetv3,contrast_1.5,29,2,0.24321623146533966,0.6653446555137634,0.09143920242786407,1.2027530851959845
WRD25,mobilenetv3,contrast_1.5,30,2,0.3116513788700104,0.6559464931488037,0.03240227699279785,1.0835598583914139
WRD25,mobilenetv3,contrast_1.5,31,2,0.0724337175488472,0.8225513696670532,0.10501497238874435,0.8475726142015566
WRD25,mobilenetv3,contrast_1.5,32,2,0.9034463167190552,0.04100266844034195,0.055551089346408844,0.55294149966575
WRD25,mobilenetv3,contrast_1.5,33,2,0.11041754484176636,0.7651721239089966,0.12441034615039825,1.020558992683679
WRD25,mobilenetv3,contrast_1.5,34,2,0.5274990797042847,0.43193408846855164,0.04056680575013161,1.1974403887764689
WRD25,mobilenetv3,contrast_1.5,35,2,0.7113343477249146,0.25169551372528076,0.0369701012969017,1.026371668271189
WRD25,mobilenetv3,contrast_1.5,36,3,0.0028483709320425987,0.04050289839506149,0.9566487073898315,0.27261137290372406
WRD25,mobilenetv3,contrast_1.5,37,3,0.05194348841905594,0.9328036904335022,0.015252664685249329,0.40729604148834264
WRD25,mobilenetv3,contrast_1.5,38,3,0.059355977922677994,0.02345648966729641,0.917187511920929,0.4832177944319512
WRD25,mobilenetv3,contrast_1.5,39,3,0.014725976623594761,0.9046154022216797,0.08065849542617798,0.5133974368062748
WRD25,mobilenetv3,contrast_1.5,40,3,0.6148131489753723,0.03086157515645027,0.35432523488998413,1.11670146326358
WRD25,mobilenetv3,contrast_1.5,41,4,0.0016825731145218015,0.6656762957572937,0.3326411247253418,0.9345498308547848
WRD25,mobilenetv3,contrast_1.5,42,4,0.029110874980688095,0.111016184091568,0.8598729968070984,0.6878664834287095
WRD25,mobilenetv3,contrast_1.5,43,4,0.008882345631718636,0.6750733256340027,0.31604433059692383,0.968422818477432
WRD25,mobilenetv3,contrast_1.5,44,4,0.3945470452308655,0.48554110527038574,0.1199117973446846,1.4023968690638624
WRD25,mobilenetv3,contrast_1.5,45,4,0.549503743648529,0.08904635161161423,0.36144983768463135,1.316026373245196
WRD25,mobilenetv3,contrast_1.5,46,5,0.0037429137155413628,0.2503287196159363,0.7459283471107483,0.8458032464675583
WRD25,mobilenetv3,contrast_1.5,47,5,0.011866391636431217,0.5507129430770874,0.43742063641548157,1.0716698016916284
WRD25,mobilenetv3,contrast_1.5,48,5,0.004339938517659903,0.4786071181297302,0.5170527696609497,1.0348968667575509
WRD25,mobilenetv3,contrast_1.5,49,5,0.0014053131453692913,0.33207967877388,0.6665149927139282,0.9315593285349362
WRD25,mobilenetv3,contrast_1.5,50,6,0.19559383392333984,0.7476437091827393,0.05676248297095299,1.0090705704377199
WRD25,mobilenetv3,contrast_1.5,51,6,0.354287326335907,0.584181010723114,0.06153175234794617,1.2309238367816824
WRD25,mobilenetv3,contrast_1.5,52,6,0.0205756314098835,0.09607010334730148,0.8833543062210083,0.5980421512262596
WRD25,mobilenetv3,contrast_1.5,53,7,0.25712183117866516,0.5603841543197632,0.18249399960041046,1.4198864053417974
WRD25,mobilenetv3,contrast_1.5,54,7,0.7548539042472839,0.05024587735533714,0.194900244474411,0.9828779812543177
WRD25,mobilenetv3,contrast_1.5,55,7,0.021493537351489067,0.7514311075210571,0.2270752638578415,0.9145375437484661
WRD25,mobilenetv3,contrast_1.5,56,7,0.6378876566886902,0.01855217106640339,0.3435603082180023,1.050019204831938
WRD25,mobilenetv3,contrast_1.5,57,7,0.5076430439949036,0.4234284460544586,0.06892852485179901,1.2874816875109005
WRD25,mobilenetv3,contrast_1.5,58,7,0.20358622074127197,0.6808440089225769,0.11556979268789291,1.2048789993343414
WRD25,mobilenetv3,contrast_1.5,59,7,0.1424144059419632,0.7305530905723572,0.12703253328800201,1.1094830670630054
WRD25,mobilenetv3,contrast_1.5,60,7,0.3145824074745178,0.5225874185562134,0.16283021867275238,1.4405337213968041
WRD25,mobilenetv3,contrast_1.5,61,7,0.5039055347442627,0.44435763359069824,0.05173681676387787,1.2392935028790946
WRD25,mobilenetv3,contrast_1.5,62,7,0.3265255391597748,0.6004109978675842,0.0730634555220604,1.244933498720216
WRD25,mobilenetv3,contrast_1.5,63,7,0.1407260149717331,0.7384520769119263,0.12082190066576004,1.0895274451878088
WRD25,mobilenetv3,contrast_1.5,64,7,0.3128393888473511,0.6179139018058777,0.06924667954444885,1.2203779603424092
WRD25,mobilenetv3,contrast_1.5,65,7,0.4182605743408203,0.2909538745880127,0.290785551071167,1.5623743355602213
WRD25,mobilenetv3,contrast_1.5,66,7,0.6353549957275391,0.06665372103452682,0.2979913055896759,1.1966705250776535
WRD25,mobilenetv3,contrast_1.5,67,7,0.36189335584640503,0.34023144841194153,0.29787513613700867,1.5803206581301068
WRD25,mobilenetv3,contrast_1.5,68,7,0.32635408639907837,0.4177177846431732,0.25592827796936035,1.5564985685780501
WRD25,mobilenetv3,contrast_1.5,69,8,0.1350129246711731,0.6581118106842041,0.206875279545784,1.2575247410235908
WRD25,mobilenetv3,contrast_1.5,70,8,0.2572821378707886,0.5209506154060364,0.22176724672317505,1.4758815272529253
WRD25,mobilenetv3,contrast_1.5,71,8,0.33468547463417053,0.45733004808425903,0.2079845517873764,1.5158731449365084
WRD25,mobilenetv3,contrast_1.5,72,8,0.16786634922027588,0.7231438755989075,0.10898981988430023,1.118886666317013
WRD25,mobilenetv3,contrast_1.5,73,8,0.275203675031662,0.5832768082618713,0.14151938259601593,1.365129976476668
WRD25,mobilenetv3,contrast_1.5,74,8,0.21919044852256775,0.6331091523170471,0.14770041406154633,1.305032705337466
WRD25,mobilenetv3,contrast_1.5,75,8,0.20419010519981384,0.6708032488822937,0.12500669062137604,1.229425683482182
WRD25,mobilenetv3,contrast_1.5,76,8,0.4697960615158081,0.3866633474826813,0.14354060590267181,1.444066186051653
WRD25,mobilenetv3,contrast_1.5,77,8,0.40841060876846313,0.4621082544326782,0.12948107719421387,1.4241414025702346
WRD25,mobilenetv3,contrast_1.5,78,8,0.39488038420677185,0.4005680978298187,0.2045515477657318,1.5263574258881223
WRD25,mobilenetv3,contrast_1.5,79,8,0.2237895280122757,0.5384107232093811,0.2377997189760208,1.4570212109423806
WRD25,mobilenetv3,contrast_1.5,80,8,0.21280446648597717,0.6276436448097229,0.1595519483089447,1.3193080227145328
WRD25,mobilenetv3,contrast_1.5,81,8,0.46544384956359863,0.42401060461997986,0.11054550111293793,1.3896209147505025
WRD25,mobilenetv3,contrast_1.5,82,8,0.478049099445343,0.28719496726989746,0.23475582897663116,1.5167533164878757
WRD25,mobilenetv3,contrast_1.5,83,8,0.5403000712394714,0.39688876271247864,0.06281113624572754,1.2598008339709548
WRD25,mobilenetv3,contrast_1.5,84,8,0.34333235025405884,0.4337306022644043,0.22293704748153687,1.5349541446008423
WRD25,mobilenetv3,contrast_1.5,85,8,0.5605848431587219,0.3072636127471924,0.13215145468711853,1.3770343632320223
WRD25,mobilenetv3,contrast_1.5,86,9,0.525282621383667,0.0599529892206192,0.41476452350616455,1.2579109171218867
WRD25,mobilenetv3,contrast_1.5,87,9,0.03923630341887474,0.5742843151092529,0.3864792585372925,1.1728905799601632
WRD25,mobilenetv3,contrast_1.5,88,9,0.2484734058380127,0.49333903193473816,0.25818750262260437,1.506398559100946
WRD25,mobilenetv3,contrast_1.5,89,9,0.08725176751613617,0.39435943961143494,0.5183887481689453,1.3277825389773006
WRD25,mobilenetv3,contrast_1.5,90,9,0.054113179445266724,0.5648404359817505,0.3810464143753052,1.2235798225737995
WRD25,mobilenetv3,contrast_1.5,91,9,0.029954712837934494,0.44295892119407654,0.5270862579345703,1.1589404553271816
WRD25,mobilenetv3,contrast_1.5,92,9,0.018422329798340797,0.5021884441375732,0.4793892204761505,1.1136839587411813
WRD25,mobilenetv3,contrast_1.5,93,9,0.15675030648708344,0.4814698398113251,0.36177998781204224,1.4574317363822902
WRD25,mobilenetv3,contrast_1.5,94,9,0.05317849665880203,0.48431384563446045,0.4625077247619629,1.246207730847904
WRD25,mobilenetv3,contrast_1.5,95,9,0.47345802187919617,0.37997981905937195,0.14656206965446472,1.4472069693499519
WRD25,mobilenetv3,contrast_1.5,96,9,0.047464318573474884,0.46877196431159973,0.4837636947631836,1.2278917937201235
WRD25,mobilenetv3,contrast_1.5,97,10,0.6455863118171692,0.307468980550766,0.04694470018148422,1.137886848213605
WRD25,mobilenetv3,contrast_1.5,98,10,0.4168311059474945,0.4900982081890106,0.09307080507278442,1.3492924406365137
WRD25,mobilenetv3,contrast_1.5,99,10,0.4007728397846222,0.5281209349632263,0.0711061954498291,1.2862983290235428
WRD25,mobilenetv3,contrast_1.5,100,10,0.43714576959609985,0.4592480957508087,0.10360618680715561,1.3763244428388621
WRD25,mobilenetv3,contrast_1.5,101,10,0.5640852451324463,0.2569943070411682,0.17892037332057953,1.4138905013561085
WRD25,mobilenetv3,contrast_1.5,102,10,0.35569852590560913,0.5349012613296509,0.10940026491880417,1.3625149706098745
WRD25,mobilenetv3,contrast_1.5,103,10,0.4758356213569641,0.42841777205467224,0.09574661403894424,1.3578247198414113
WRD25,mobilenetv3,contrast_1.5,104,10,0.3399198353290558,0.48178282380104065,0.17829732596874237,1.4802846606707079
WRD25,mobilenetv3,contrast_1.5,105,10,0.36700668931007385,0.5567549467086792,0.07623831182718277,1.284229366862071
WRD25,mobilenetv3,contrast_1.5,106,10,0.4296863377094269,0.5089445114135742,0.061369143426418304,1.2666535320103303
WRD25,mobilenetv3,contrast_1.5,107,11,0.34975188970565796,0.02384563535451889,0.6264024972915649,1.081334045796575
WRD25,mobilenetv3,contrast_1.5,108,11,0.03218897059559822,0.6127332448959351,0.3550778031349182,1.1229823360875484
WRD25,mobilenetv3,contrast_1.5,109,11,0.029038481414318085,0.6099615097045898,0.3609999418258667,1.1139423152559487
WRD25,mobilenetv3,contrast_1.5,110,11,0.03585539013147354,0.6166320443153381,0.34751254320144653,1.1321867341780085
WRD25,mobilenetv3,contrast_1.5,111,11,0.03532370179891586,0.4956420958042145,0.46903419494628906,1.1845712731907567
WRD25,mobilenetv3,contrast_1.5,112,11,0.08218018710613251,0.8086158633232117,0.10920387506484985,0.8929802298354932
WRD25,mobilenetv3,contrast_1.5,113,11,0.7745081186294556,0.024169830605387688,0.20132207870483398,0.8808700941802483
WRD25,mobilenetv3,contrast_1.5,114,12,0.5373149514198303,0.3912922143936157,0.07139284163713455,1.2830747553504565
WRD25,mobilenetv3,contrast_1.5,115,13,0.5295476913452148,0.4476473927497864,0.022804880514740944,1.1291498265991151
WRD25,mobilenetv3,contrast_1.5,116,13,0.007200796622782946,0.5920019745826721,0.40079712867736816,1.0276729232293933
WRD25,mobilenetv3,contrast_1.5,117,13,0.037688255310058594,0.49499258399009705,0.46731922030448914,1.1933282302566202
WRD25,mobilenetv3,contrast_1.5,118,13,0.03779933974146843,0.4381519854068756,0.5240487456321716,1.188771539483707
WRD25,mobilenetv3,contrast_1.5,119,13,0.010991184040904045,0.4230623245239258,0.5659464001655579,1.0613606826609516
WRD25,mobilenetv3,contrast_1.5,120,13,0.5114410519599915,0.21866430342197418,0.26989462971687317,1.48429899280738
WRD25,mobilenetv3,contrast_1.5,121,14,0.2910117506980896,0.007346640340983868,0.7016416192054749,0.9290014312997308
WRD25,mobilenetv3,contrast_1.5,122,14,0.3633161187171936,0.4330839514732361,0.2035999447107315,1.5210553794276627
WRD25,mobilenetv3,contrast_1.5,123,14,0.41879427433013916,0.4993632137775421,0.08184241503477097,1.3216891423077841
WRD25,mobilenetv3,contrast_1.5,124,14,0.49537479877471924,0.3168250322341919,0.18780019879341125,1.480500176347233
WRD25,mobilenetv3,contrast_1.5,125,14,0.6927003264427185,0.08089306950569153,0.2264064997434616,1.1455802032048952
WRD25,mobilenetv3,contrast_1.5,126,15,0.2382097989320755,0.3633948564529419,0.3983953595161438,1.5526803326310923
WRD25,mobilenetv3,contrast_1.5,127,15,0.38538411259651184,0.1771971881389618,0.43741872906684875,1.4943344684514606
WRD25,mobilenetv3,contrast_1.5,128,15,0.3459247648715973,0.3266705870628357,0.32740476727485657,1.5844504151241712
WRD25,mobilenetv3,contrast_1.5,129,15,0.3342381417751312,0.3105967342853546,0.3551650941371918,1.5828060521479905
WRD25,mobilenetv3,contrast_1.5,130,15,0.3654717803001404,0.2913380563259125,0.34319019317626953,1.578599937085646
WRD25,mobilenetv3,contrast_1.5,131,15,0.40963879227638245,0.12304611504077911,0.4673152267932892,1.4122694769070414
WRD25,mobilenetv3,contrast_1.5,132,15,0.4057295322418213,0.3034263253211975,0.2908441126346588,1.5682819263328371
WRD25,mobilenetv3,contrast_1.5,133,15,0.5357352495193481,0.18826718628406525,0.27599769830703735,1.4485462307778125
WRD25,mobilenetv3,contrast_1.5,134,15,0.3858465254306793,0.16849547624588013,0.4456579089164734,1.4826498563646582
WRD25,mobilenetv3,contrast_1.5,135,15,0.5131699442863464,0.1297568678855896,0.35707318782806396,1.4067072015228472
WRD25,mobilenetv3,contrast_1.5,136,15,0.49824362993240356,0.20630091428756714,0.2954554855823517,1.4902594075972613
WRD25,mobilenetv3,contrast_1.5,137,15,0.4331115782260895,0.1795259565114975,0.3873624801635742,1.4976718878887052
WRD25,mobilenetv3,contrast_1.5,138,15,0.5826124548912048,0.07416828721761703,0.34321922063827515,1.2619586264269769
WRD25,mobilenetv3,contrast_1.5,139,15,0.4827796518802643,0.11522755026817322,0.40199264883995056,1.39492923404449
WRD25,mobilenetv3,contrast_1.5,140,15,0.4563266336917877,0.3155779242515564,0.22809544205665588,1.5279643120212194
WRD25,mobilenetv3,contrast_1.5,141,16,0.02926497347652912,0.1673382818698883,0.8033968210220337,0.8344130970871277
WRD25,mobilenetv3,contrast_1.5,142,16,0.008434652350842953,0.4745960533618927,0.5169692039489746,1.0604860996452676
WRD25,mobilenetv3,contrast_1.5,143,16,0.044759586453437805,0.2892113924026489,0.6660289764404297,1.108750361790075
WRD25,mobilenetv3,contrast_1.5,144,16,0.04790770262479782,0.3428388237953186,0.609253466129303,1.1750340854772257
WRD25,mobilenetv3,contrast_1.5,145,16,0.026106329634785652,0.6116073727607727,0.36228641867637634,1.1018080878875298
WRD25,mobilenetv3,contrast_1.5,146,16,0.07399536669254303,0.5482545495033264,0.37775006890296936,1.2838880250989477
WRD25,mobilenetv3,contrast_1.5,147,16,0.09752079099416733,0.3023311495780945,0.6001480221748352,1.2913265844229227
WRD25,mobilenetv3,contrast_1.5,148,17,0.030640721321105957,0.6018717288970947,0.3674876093864441,1.1256657626931903
WRD25,mobilenetv3,contrast_1.5,149,17,0.6882807016372681,0.28664353489875793,0.02507568709552288,1.0210012468352114
WRD25,mobilenetv3,contrast_1.5,150,17,0.005668574012815952,0.5949020981788635,0.3994292914867401,1.0168887451685358
WRD25,mobilenetv3,contrast_1.5,151,17,0.2862950265407562,0.3237893283367157,0.3899155855178833,1.5731662021236743
WRD25,mobilenetv3,contrast_1.5,152,18,0.06933747231960297,0.6938672065734863,0.23679541051387787,1.1249477629758005
WRD25,mobilenetv3,contrast_1.5,153,18,0.01983683928847313,0.21202552318572998,0.7681376338005066,0.8789630820952514
WRD25,mobilenetv3,contrast_1.5,154,18,0.007609921041876078,0.450582355260849,0.5418078303337097,1.0508271761112056
WRD25,mobilenetv3,contrast_1.5,155,18,0.008643181063234806,0.45826563239097595,0.5330912470817566,1.0589367061554136
WRD25,mobilenetv3,contrast_1.5,156,18,0.3923375606536865,0.4946165084838867,0.11304596811532974,1.3874629950828277
WRD25,mobilenetv3,contrast_1.5,157,18,0.2830946445465088,0.5674636960029602,0.1494416445493698,1.389079961174695
WRD25,mobilenetv3,contrast_1.5,158,18,0.5589743256568909,0.15660035610198975,0.2844253480434418,1.4038549992146505
WRD25,mobilenetv3,contrast_1.5,159,18,0.28425100445747375,0.3032369315624237,0.4125122129917145,1.5648459432075847
WRD25,mobilenetv3,contrast_1.5,160,18,0.5723274946212769,0.20531585812568665,0.22235655784606934,1.4120351835929297
WRD25,mobilenetv3,contrast_1.5,161,18,0.6073246598243713,0.1458509862422943,0.24682433903217316,1.3402381876525071
WRD25,mobilenetv3,contrast_1.5,162,18,0.3904343545436859,0.28832098841667175,0.32124459743499756,1.5733615524277318
WRD25,mobilenetv3,contrast_1.5,163,18,0.13865429162979126,0.5298433899879456,0.3315023183822632,1.4088066332054436
WRD25,mobilenetv3,contrast_1.5,164,18,0.4135579764842987,0.09592167288064957,0.4905203878879547,1.3552792183249656
WRD25,mobilenetv3,contrast_1.5,165,18,0.06745855510234833,0.4938965439796448,0.4386449158191681,1.286545767009823
WRD25,mobilenetv3,contrast_1.5,166,18,0.30931466817855835,0.09861404448747635,0.5920711755752563,1.3008976011674735
WRD25,mobilenetv3,contrast_1.5,167,18,0.12515386939048767,0.03920073062181473,0.8356454968452454,0.7748867557045127
WRD25,mobilenetv3,contrast_1.5,168,18,0.3343329131603241,0.4758189618587494,0.1898481547832489,1.4933898081841364
WRD25,mobilenetv3,contrast_1.5,169,18,0.5195468068122864,0.4123099148273468,0.06814324855804443,1.2818911820866723
WRD25,mobilenetv3,contrast_1.5,170,19,0.018401440232992172,0.4479851722717285,0.5336133241653442,1.1085719975401234
WRD25,mobilenetv3,contrast_1.5,171,19,0.5483194589614868,0.4500935673713684,0.0015868800692260265,1.0084758755788077
WRD25,mobilenetv3,contrast_1.5,172,19,0.005119917914271355,0.5238590836524963,0.47102096676826477,1.0391832519284736
WRD25,mobilenetv3,contrast_1.5,173,19,0.41797685623168945,0.4738694727420807,0.10815372318029404,1.3836396418166794
WRD25,mobilenetv3,contrast_1.5,174,20,0.39418768882751465,0.13579711318016052,0.4700152277946472,1.432522447755167
WRD25,mobilenetv3,contrast_1.5,175,20,0.06322789937257767,0.4803447723388672,0.4564272165298462,1.2764589653186444
WRD25,mobilenetv3,contrast_1.5,176,20,0.11041542887687683,0.522347629070282,0.3672371208667755,1.3711429964580444
WRD25,mobilenetv3,contrast_1.5,177,20,0.14079132676124573,0.446856826543808,0.4123518466949463,1.444516322325005
WRD25,mobilenetv3,contrast_1.5,178,21,0.02146778628230095,0.5937575697898865,0.38477468490600586,1.0956919924377857
WRD25,mobilenetv3,contrast_1.5,179,21,0.006119193974882364,0.7642711400985718,0.2296096682548523,0.8288113570933544
WRD25,mobilenetv3,contrast_1.5,180,21,0.7021028399467468,0.14547669887542725,0.15242049098014832,1.1764856362888194
WRD25,mobilenetv3,contrast_1.5,181,21,0.09163801372051239,0.634206235408783,0.27415579557418823,1.2444481909682863
WRD25,mobilenetv3,contrast_1.5,182,21,0.3851402997970581,0.1676872819662094,0.4471724331378937,1.481361469997593
WRD25,mobilenetv3,contrast_1.5,183,21,0.5113696455955505,0.2805625796318054,0.20806777477264404,1.4804701127897095
WRD25,mobilenetv3,contrast_1.5,184,21,0.11591237038373947,0.31346893310546875,0.5706186294555664,1.3468420143727937
WRD25,mobilenetv3,contrast_1.5,185,22,0.0398787260055542,0.5600379109382629,0.40008336305618286,1.1825446491121774
WRD25,mobilenetv3,contrast_1.5,186,22,0.6554308533668518,0.26879560947418213,0.07577355206012726,1.1909965533034481
WRD25,mobilenetv3,contrast_1.5,187,22,0.06181924417614937,0.4793336093425751,0.45884716510772705,1.272482735978044
WRD25,mobilenetv3,contrast_1.5,188,22,0.04500669613480568,0.7396469116210938,0.21534624695777893,1.0002111826613107
WRD25,mobilenetv3,contrast_1.5,189,22,0.07927671074867249,0.5963277220726013,0.3243955075740814,1.261541253400818
WRD25,mobilenetv3,contrast_1.5,190,23,0.10455536842346191,0.14094948768615723,0.7544952034950256,1.045674108271757
WRD25,mobilenetv3,contrast_1.5,191,23,0.06545059382915497,0.28876999020576477,0.6457794904708862,1.1823381191811262
WRD25,mobilenetv3,contrast_1.5,192,23,0.6873874664306641,0.11450119316577911,0.19811135530471802,1.1924499024521609
WRD25,mobilenetv3,contrast_1.5,193,23,0.22510726749897003,0.5262749195098877,0.24861784279346466,1.4708901686925664
WRD25,mobilenetv3,contrast_1.5,194,24,0.614861011505127,0.14288154244422913,0.24225741624832153,1.328022380334282
WRD25,mobilenetv3,contrast_1.5,195,24,0.41322216391563416,0.5106240510940552,0.0761537179350853,1.3049042833366462
WRD25,mobilenetv3,contrast_1.5,196,24,0.01540291402488947,0.5726628303527832,0.4119343161582947,1.0803708283892481
WRD25,mobilenetv3,contrast_1.5,197,24,0.26431339979171753,0.5205411314964294,0.21514548361301422,1.4745975639465903
WRD25,mobilenetv3,contrast_1.5,198,24,0.08598316460847855,0.3892451226711273,0.5247716903686523,1.3223856326467924
WRD25,mobilenetv3,contrast_1.5,199,24,0.12424834072589874,0.4670482575893402,0.40870335698127747,1.4143961830418261
WRD25,mobilenetv3,pixelate_0.25,0,0,0.46675533056259155,0.30685463547706604,0.2263900190591812,1.5212613457015154
WRD25,mobilenetv3,pixelate_0.25,1,0,0.3597796857357025,0.12934505939483643,0.5108753442764282,1.4072832564953972
WRD25,mobilenetv3,pixelate_0.25,2,0,0.29978203773498535,0.09444490075111389,0.6057730317115784,1.2806172783239618
WRD25,mobilenetv3,pixelate_0.25,3,0,0.36879870295524597,0.07544920593500137,0.555752158164978,1.2830297062749638
WRD25,mobilenetv3,pixelate_0.25,4,0,0.24554917216300964,0.21905240416526794,0.535398542881012,1.4598923001130877
WRD25,mobilenetv3,pixelate_0.25,5,0,0.37082239985466003,0.17809076607227325,0.4510868787765503,1.492128541583838
WRD25,mobilenetv3,pixelate_0.25,6,0,0.4276009202003479,0.14030702412128448,0.4320920705795288,1.444718363624642
WRD25,mobilenetv3,pixelate_0.25,7,0,0.36536067724227905,0.09479222446680069,0.5398470759391785,1.3330601748701678
WRD25,mobilenetv3,pixelate_0.25,8,0,0.36957302689552307,0.10244276374578476,0.5279842615127563,1.353975080685904
WRD25,mobilenetv3,pixelate_0.25,9,0,0.3386526107788086,0.19835002720355988,0.4629974067211151,1.5062966679468683
WRD25,mobilenetv3,pixelate_0.25,10,0,0.35093235969543457,0.4680824875831604,0.1809852123260498,1.4891132517319137
WRD25,mobilenetv3,pixelate_0.25,11,0,0.37228715419769287,0.08237749338150024,0.5453353524208069,1.3044420381602593
WRD25,mobilenetv3,pixelate_0.25,12,0,0.3386746346950531,0.11095193773508072,0.5503734350204468,1.3551143237780972
WRD25,mobilenetv3,pixelate_0.25,13,0,0.34559720754623413,0.12444625049829483,0.529956579208374,1.3893487083068954
WRD25,mobilenetv3,pixelate_0.25,14,0,0.3704262375831604,0.12974680960178375,0.49982693791389465,1.4130655436035542
WRD25,mobilenetv3,pixelate_0.25,15,0,0.3859650790691376,0.07067940384149551,0.5433555841445923,1.2784534627932203
WRD25,mobilenetv3,pixelate_0.25,16,0,0.38608992099761963,0.05443902313709259,0.559471070766449,1.2274602141371769
WRD25,mobilenetv3,pixelate_0.25,17,0,0.3971824645996094,0.04623563960194588,0.5565819144248962,1.2046429749237713
WRD25,mobilenetv3,pixelate_0.25,18,1,0.831153392791748,0.03064900077879429,0.1381976157426834,0.770447680754929
WRD25,mobilenetv3,pixelate_0.25,19,1,0.038051459938287735,0.8812533617019653,0.08069521933794022,0.6331967867844899
WRD25,mobilenetv3,pixelate_0.25,20,1,0.054007913917303085,0.9139806032180786,0.03201150521636009,0.5049582603091824
WRD25,mobilenetv3,pixelate_0.25,21,1,0.040862247347831726,0.6323978900909424,0.3267399072647095,1.1338646659799492
WRD25,mobilenetv3,pixelate_0.25,22,1,0.04288291186094284,0.4883868098258972,0.46873021125793457,1.2121834500733892
WRD25,mobilenetv3,pixelate_0.25,23,1,0.035986028611660004,0.295279324054718,0.668734610080719,1.080447359651083
WRD25,mobilenetv3,pixelate_0.25,24,1,0.03690466657280922,0.5375417470932007,0.4255536198616028,1.1815963138460706
WRD25,mobilenetv3,pixelate_0.25,25,2,0.23963649570941925,0.1959436684846878,0.5644198060035706,1.420405858740511
WRD25,mobilenetv3,pixelate_0.25,26,2,0.04811912775039673,0.4671410918235779,0.4847398102283478,1.2299989217117169
WRD25,mobilenetv3,pixelate_0.25,27,2,0.44240257143974304,0.5452504754066467,0.012346882373094559,1.0758915300394585
WRD25,mobilenetv3,pixelate_0.25,28,2,0.49777713418006897,0.3987194895744324,0.10350341349840164,1.368588855057193
WRD25,mobilenetv3,pixelate_0.25,29,2,0.3850499391555786,0.28328245878219604,0.33166757225990295,1.5737317298067754
WRD25,mobilenetv3,pixelate_0.25,30,2,0.5377317667007446,0.4386138617992401,0.023654427379369736,1.130569070937489
WRD25,mobilenetv3,pixelate_0.25,31,2,0.06547369062900543,0.5068008303642273,0.4277254641056061,1.278494661652098
WRD25,mobilenetv3,pixelate_0.25,32,2,0.4118499755859375,0.05357392877340317,0.5345761775970459,1.2363029202557327
WRD25,mobilenetv3,pixelate_0.25,33,2,0.05985891819000244,0.4861924946308136,0.45394861698150635,1.266227830573552
WRD25,mobilenetv3,pixelate_0.25,34,2,0.5938358902931213,0.005465385504066944,0.40069878101348877,1.0162445963628695
WRD25,mobilenetv3,pixelate_0.25,35,2,0.3119364380836487,0.6247851252555847,0.06327842175960541,1.2002069665160602
WRD25,mobilenetv3,pixelate_0.25,36,3,0.006001238711178303,0.034641899168491364,0.9593567848205566,0.2697794755978879
WRD25,mobilenetv3,pixelate_0.25,37,3,0.03545065224170685,0.8356308341026306,0.12891842424869537,0.7682977329686529
WRD25,mobilenetv3,pixelate_0.25,38,3,0.0526924692094326,0.6097182631492615,0.33758923411369324,1.1878411176465078
WRD25,mobilenetv3,pixelate_0.25,39,3,0.1828545480966568,0.08957637846469879,0.7275691032409668,1.0938513284671372
WRD25,mobilenetv3,pixelate_0.25,40,3,0.5853927135467529,0.011072567664086819,0.4035347104072571,1.0524884001535368
WRD25,mobilenetv3,pixelate_0.25,41,4,0.13997787237167358,0.7969387769699097,0.0630834624171257,0.9095325002800239
WRD25,mobilenetv3,pixelate_0.25,42,4,0.025175947695970535,0.5502482056617737,0.4245758354663849,1.1326945734648142
WRD25,mobilenetv3,pixelate_0.25,43,4,0.017036043107509613,0.5643475651741028,0.4186164438724518,1.091779726360521
WRD25,mobilenetv3,pixelate_0.25,44,4,0.20371416211128235,0.7304521203041077,0.06583356112241745,1.0569965134046726
WRD25,mobilenetv3,pixelate_0.25,45,4,0.6018760800361633,0.16843461990356445,0.22968928515911102,1.3611410323214648
WRD25,mobilenetv3,pixelate_0.25,46,5,0.0,0.13689862191677094,0.8631014227867126,0.5760585816567809
WRD25,mobilenetv3,pixelate_0.25,47,5,0.01133476011455059,0.5226675868034363,0.4659976661205292,1.0758380903902642
WRD25,mobilenetv3,pixelate_0.25,48,5,0.0,0.49817267060279846,0.5018272995948792,0.999990368800862
WRD25,mobilenetv3,pixelate_0.25,49,5,0.0031108767725527287,0.20843705534934998,0.7884520292282104,0.7678235797171971
WRD25,mobilenetv3,pixelate_0.25,50,6,0.5527597069740295,0.006460793316364288,0.44077953696250916,1.0407026931186338
WRD25,mobilenetv3,pixelate_0.25,51,6,0.562202513217926,0.4148576557636261,0.02293974533677101,1.1186129712933122
WRD25,mobilenetv3,pixelate_0.25,52,6,0.016777800396084785,0.02712705358862877,0.9560951590538025,0.3020463197483658
WRD25,mobilenetv3,pixelate_0.25,53,7,0.2975868880748749,0.4308479130268097,0.2715652585029602,1.5544513142378675
WRD25,mobilenetv3,pixelate_0.25,54,7,0.008822508156299591,0.5775320529937744,0.4136454164981842,1.0444223580422483
WRD25,mobilenetv3,pixelate_0.25,55,7,0.061568256467580795,0.5849036574363708,0.35352811217308044,1.2304927906632561
WRD25,mobilenetv3,pixelate_0.25,56,7,0.11289738118648529,0.3832070827484131,0.5038955807685852,1.3838156383709876
WRD25,mobilenetv3,pixelate_0.25,57,7,0.3830018639564514,0.19654427468776703,0.42045384645462036,1.5171585328617105
WRD25,mobilenetv3,pixelate_0.25,58,7,0.29468852281570435,0.6159927845001221,0.08931859582662582,1.261312370076106
WRD25,mobilenetv3,pixelate_0.25,59,7,0.5203062891960144,0.20808161795139313,0.2716120183467865,1.472416321585312
WRD25,mobilenetv3,pixelate_0.25,60,7,0.3947426974773407,0.28494060039520264,0.32031673192977905,1.571557023722579
WRD25,mobilenetv3,pixelate_0.25,61,7,0.7296971678733826,0.24395474791526794,0.026348073035478592,0.9664932110381451
WRD25,mobilenetv3,pixelate_0.25,62,7,0.5363871455192566,0.44502806663513184,0.018584787845611572,1.1086906549194315
WRD25,mobilenetv3,pixelate_0.25,63,7,0.6264388561248779,0.301293283700943,0.07226788252592087,1.21809013493272
WRD25,mobilenetv3,pixelate_0.25,64,7,0.25530847907066345,0.27589958906173706,0.4687919318675995,1.527820132167298
WRD25,mobilenetv3,pixelate_0.25,65,7,0.40640711784362793,0.33246657252311707,0.2611263692378998,1.5619684840515782
WRD25,mobilenetv3,pixelate_0.25,66,7,0.2215554118156433,0.5104788541793823,0.26796573400497437,1.4860255504593565
WRD25,mobilenetv3,pixelate_0.25,67,7,0.38951727747917175,0.1422891467809677,0.46819359064102173,1.4427003024434741
WRD25,mobilenetv3,pixelate_0.25,68,7,0.41187912225723267,0.3069290816783905,0.28119176626205444,1.5647848017448687
WRD25,mobilenetv3,pixelate_0.25,69,8,0.6040626168251038,0.20874187350273132,0.18719549477100372,1.3636156048440191
WRD25,mobilenetv3,pixelate_0.25,70,8,0.4040621519088745,0.18458496034145355,0.41135290265083313,1.5053731758424056
WRD25,mobilenetv3,pixelate_0.25,71,8,0.5064020156860352,0.4454473555088043,0.04815062880516052,1.2275201236328457
WRD25,mobilenetv3,pixelate_0.25,72,8,0.6468986868858337,0.2793774902820587,0.07372377067804337,1.1978064171051233
WRD25,mobilenetv3,pixelate_0.25,73,8,0.41000890731811523,0.2922741174697876,0.29771706461906433,1.566460033687618
WRD25,mobilenetv3,pixelate_0.25,74,8,0.5304311513900757,0.23062489926815033,0.23894396424293518,1.466788855486623
WRD25,mobilenetv3,pixelate_0.25,75,8,0.21959377825260162,0.7252933979034424,0.055112771689891815,1.0467983102389495
WRD25,mobilenetv3,pixelate_0.25,76,8,0.5372212529182434,0.33258867263793945,0.13019007444381714,1.3927143059664422
WRD25,mobilenetv3,pixelate_0.25,77,8,0.3880364000797272,0.3967212736606598,0.21524232625961304,1.5360728204094403
WRD25,mobilenetv3,pixelate_0.25,78,8,0.5957636833190918,0.29213839769363403,0.11209795624017715,1.3176858370598241
WRD25,mobilenetv3,pixelate_0.25,79,8,0.4745354950428009,0.36543765664100647,0.16002674400806427,1.4640964504677894
WRD25,mobilenetv3,pixelate_0.25,80,8,0.20636415481567383,0.5886987447738647,0.20493701100349426,1.388476301802913
WRD25,mobilenetv3,pixelate_0.25,81,8,0.46092286705970764,0.49804311990737915,0.04103405401110649,1.2049425610838245
WRD25,mobilenetv3,pixelate_0.25,82,8,0.47308915853500366,0.33837974071502686,0.18853114545345306,1.4936512518239642
WRD25,mobilenetv3,pixelate_0.25,83,8,0.5263655185699463,0.3159927725791931,0.1576417088508606,1.432693054004618
WRD25,mobilenetv3,pixelate_0.25,84,8,0.8060324192047119,0.03258482366800308,0.16138261556625366,0.8363756843966095
WRD25,mobilenetv3,pixelate_0.25,85,8,0.18675442039966583,0.6247899532318115,0.18845568597316742,1.3297932114262911
WRD25,mobilenetv3,pixelate_0.25,86,9,0.380665123462677,0.14789758622646332,0.47143733501434326,1.4496678298397503
WRD25,mobilenetv3,pixelate_0.25,87,9,0.09239059686660767,0.7822290062904358,0.12538038194179535,0.9702285249531015
WRD25,mobilenetv3,pixelate_0.25,88,9,0.4086054563522339,0.1374034881591797,0.4539910852909088,1.4382713305570436
WRD25,mobilenetv3,pixelate_0.25,89,9,0.12148323655128479,0.3012497127056122,0.5772671699523926,1.3484982570053927
WRD25,mobilenetv3,pixelate_0.25,90,9,0.14364251494407654,0.7036987543106079,0.15265877544879913,1.1728258430051866
WRD25,mobilenetv3,pixelate_0.25,91,9,0.32828786969184875,0.08042231947183609,0.5912898778915405,1.2682188452496168
WRD25,mobilenetv3,pixelate_0.25,92,9,0.0337943471968174,0.5406155586242676,0.4255901873111725,1.1693814908187163
WRD25,mobilenetv3,pixelate_0.25,93,9,0.20408843457698822,0.4858205020427704,0.3100910484790802,1.4977218009463806
WRD25,mobilenetv3,pixelate_0.25,94,9,0.11760150641202927,0.5428869128227234,0.3395116925239563,1.3707071255535963
WRD25,mobilenetv3,pixelate_0.25,95,9,0.2879766523838043,0.3803970515727997,0.3316262662410736,1.5757049163030015
WRD25,mobilenetv3,pixelate_0.25,96,9,0.32206621766090393,0.055423952639102936,0.6225098371505737,1.1834351963086522
WRD25,mobilenetv3,pixelate_0.25,97,10,0.9684799313545227,0.02562551014125347,0.005894597619771957,0.22387077421422807
WRD25,mobilenetv3,pixelate_0.25,98,10,0.7472941875457764,0.22552376985549927,0.027182094752788544,0.9400025794130863
WRD25,mobilenetv3,pixelate_0.25,99,10,0.47014883160591125,0.48253461718559265,0.04731656238436699,1.2274539261580966
WRD25,mobilenetv3,pixelate_0.25,100,10,0.9206917881965637,0.03289634734392166,0.046411942690610886,0.47737584576789915
WRD25,mobilenetv3,pixelate_0.25,101,10,0.955355703830719,0.035244692116975784,0.00939956121146679,0.2963442327373636
WRD25,mobilenetv3,pixelate_0.25,102,10,0.8566931486129761,0.11651340872049332,0.02679346688091755,0.6924439419645608
WRD25,mobilenetv3,pixelate_0.25,103,10,0.7670913338661194,0.2090563327074051,0.02385236695408821,0.8940497278594141
WRD25,mobilenetv3,pixelate_0.25,104,10,0.3166588842868805,0.6477946043014526,0.03554645925760269,1.1022357336425226
WRD25,mobilenetv3,pixelate_0.25,105,10,0.9707432389259338,0.020606596022844315,0.008650259114801884,0.21627811724818374
WRD25,mobilenetv3,pixelate_0.25,106,10,0.7758616209030151,0.024978965520858765,0.1991594135761261,0.8806758189543396
WRD25,mobilenetv3,pixelate_0.25,107,11,0.018066799268126488,0.5478801131248474,0.4340532124042511,1.1028376856303486
WRD25,mobilenetv3,pixelate_0.25,108,11,0.013031009584665298,0.5324127078056335,0.4545561671257019,1.0828098321057769
WRD25,mobilenetv3,pixelate_0.25,109,11,0.030032766982913017,0.44547659158706665,0.5244905948638916,1.1598752783923667
WRD25,mobilenetv3,pixelate_0.25,110,11,0.028017893433570862,0.5218056440353394,0.45017653703689575,1.1525230752995665
WRD25,mobilenetv3,pixelate_0.25,111,11,0.0240444615483284,0.583782434463501,0.3921731114387512,1.1122255061019786
WRD25,mobilenetv3,pixelate_0.25,112,11,0.02793612889945507,0.5975849628448486,0.3744789659976959,1.11872825586163
WRD25,mobilenetv3,pixelate_0.25,113,11,0.7778162360191345,0.18984423577785492,0.03233962133526802,0.8971343594970187
WRD25,mobilenetv3,pixelate_0.25,114,12,0.5140734314918518,0.4011826813220978,0.08474385738372803,1.3238640178881738
WRD25,mobilenetv3,pixelate_0.25,115,13,0.0013181092217564583,0.38063615560531616,0.6180457472801208,0.9720894476824804
WRD25,mobilenetv3,pixelate_0.25,116,13,0.008114608004689217,0.5316992998123169,0.46018606424331665,1.0561802726562153
WRD25,mobilenetv3,pixelate_0.25,117,13,0.05141369625926018,0.40875938534736633,0.5398269295692444,1.2278531143147067
WRD25,mobilenetv3,pixelate_0.25,118,13,0.04215353727340698,0.4181099236011505,0.5397365689277649,1.1987562058935926
WRD25,mobilenetv3,pixelate_0.25,119,13,0.009842725470662117,0.35180380940437317,0.6383535265922546,1.009222525505236
WRD25,mobilenetv3,pixelate_0.25,120,13,0.5844883918762207,0.0937827005982399,0.3217288553714752,1.2994338374986858
WRD25,mobilenetv3,pixelate_0.25,121,14,0.2054615467786789,0.6128346920013428,0.18170379102230072,1.3490588932779657
WRD25,mobilenetv3,pixelate_0.25,122,14,0.3412938714027405,0.5196066498756409,0.13909952342510223,1.4159409459383374
WRD25,mobilenetv3,pixelate_0.25,123,14,0.36502110958099365,0.5765994191169739,0.05837947875261307,1.2280107125653128
WRD25,mobilenetv3,pixelate_0.25,124,14,0.3426783084869385,0.5567172169685364,0.10060449689626694,1.3332060539840194
WRD25,mobilenetv3,pixelate_0.25,125,14,0.667629599571228,0.06899122148752213,0.2633790671825409,1.1622264702828062
WRD25,mobilenetv3,pixelate_0.25,126,15,0.32103410363197327,0.24443885684013367,0.4345270097255707,1.5455614524497787
WRD25,mobilenetv3,pixelate_0.25,127,15,0.31444162130355835,0.23320582509040833,0.4523525834083557,1.5323623089882066
WRD25,mobilenetv3,pixelate_0.25,128,15,0.4639858305454254,0.07815758883953094,0.45785659551620483,1.317466846528568
WRD25,mobilenetv3,pixelate_0.25,129,15,0.3940143287181854,0.06333062052726746,0.5426549911499023,1.2601089360971227
WRD25,mobilenetv3,pixelate_0.25,130,15,0.18033339083194733,0.3868821859359741,0.43278440833091736,1.4986172019478223
WRD25,mobilenetv3,pixelate_0.25,131,15,0.3379499018192291,0.11298828572034836,0.5490617752075195,1.3592814234237736
WRD25,mobilenetv3,pixelate_0.25,132,15,0.49259236454963684,0.08929116278886795,0.4181164801120758,1.3404099453073655
WRD25,mobilenetv3,pixelate_0.25,133,15,0.5499104857444763,0.07721228897571564,0.37287724018096924,1.2904154706351976
WRD25,mobilenetv3,pixelate_0.25,134,15,0.27376094460487366,0.31800636649131775,0.4082326292991638,1.564941921784313
WRD25,mobilenetv3,pixelate_0.25,135,15,0.4409254491329193,0.034789182245731354,0.5242854952812195,1.1778790797678271
WRD25,mobilenetv3,pixelate_0.25,136,15,0.4731168746948242,0.06580223143100739,0.4610808491706848,1.2841453398900637
WRD25,mobilenetv3,pixelate_0.25,137,15,0.35777947306632996,0.1400352567434311,0.5021852254867554,1.4267210105668844
WRD25,mobilenetv3,pixelate_0.25,138,15,0.5108779072761536,0.09624214470386505,0.3928799629211426,1.3495818103097026
WRD25,mobilenetv3,pixelate_0.25,139,15,0.33116281032562256,0.21470491588115692,0.4541321396827698,1.5217279639047878
WRD25,mobilenetv3,pixelate_0.25,140,15,0.3762516975402832,0.29441526532173157,0.32933297753334045,1.577689175089678
WRD25,mobilenetv3,pixelate_0.25,141,16,0.010310385376214981,0.3428424596786499,0.646847128868103,1.0040714174972951
WRD25,mobilenetv3,pixelate_0.25,142,16,0.012547825463116169,0.25594377517700195,0.7315083146095276,0.9124182619516621
WRD25,mobilenetv3,pixelate_0.25,143,16,0.010685057379305363,0.560257077217102,0.4290578067302704,1.0620282319753138
WRD25,mobilenetv3,pixelate_0.25,144,16,0.014849289320409298,0.3131278455257416,0.6720229983329773,1.000080739044895
WRD25,mobilenetv3,pixelate_0.25,145,16,0.02231328748166561,0.6633946299552917,0.3142921030521393,1.0399914770758016
WRD25,mobilenetv3,pixelate_0.25,146,16,0.03741525486111641,0.45709800720214844,0.505486786365509,1.1911423813288515
WRD25,mobilenetv3,pixelate_0.25,147,16,0.00848421175032854,0.4459666311740875,0.5455492734909058,1.0548569576694051
WRD25,mobilenetv3,pixelate_0.25,148,17,0.009858774952590466,0.4641764461994171,0.5259647369384766,1.0672134873861954
WRD25,mobilenetv3,pixelate_0.25,149,17,0.5928154587745667,0.13104753196239471,0.27613693475723267,1.3440579394150005
WRD25,mobilenetv3,pixelate_0.25,150,17,0.00060845393454656,0.39677831530570984,0.6026133298873901,0.9759682912784147
WRD25,mobilenetv3,pixelate_0.25,151,17,0.24574792385101318,0.2993512749671936,0.4549008011817932,1.5354140023438725
WRD25,mobilenetv3,pixelate_0.25,152,18,0.005461540538817644,0.40411603450775146,0.5904224514961243,1.0181229022225307
WRD25,mobilenetv3,pixelate_0.25,153,18,0.012375236488878727,0.29944130778312683,0.6881834864616394,0.9703626655984432
WRD25,mobilenetv3,pixelate_0.25,154,18,0.4770137071609497,0.394612580537796,0.12837368249893188,1.4189597195634427
WRD25,mobilenetv3,pixelate_0.25,155,18,0.015934178605675697,0.35961630940437317,0.6244495511054993,1.0499730768226008
WRD25,mobilenetv3,pixelate_0.25,156,18,0.033600110560655594,0.5743376016616821,0.392062246799469,1.1535878924719247
WRD25,mobilenetv3,pixelate_0.25,157,18,0.4555365741252899,0.38101765513420105,0.16344569623470306,1.4742490396476113
WRD25,mobilenetv3,pixelate_0.25,158,18,0.09926532953977585,0.5241283774375916,0.37660637497901917,1.349889748638411
WRD25,mobilenetv3,pixelate_0.25,159,18,0.4989326298236847,0.29889240860939026,0.2021750509738922,1.4875126583097207
WRD25,mobilenetv3,pixelate_0.25,160,18,0.6614170074462891,0.19884426891803741,0.1397387534379959,1.2545582453573243
WRD25,mobilenetv3,pixelate_0.25,161,18,0.4030658006668091,0.3112180233001709,0.28571611642837524,1.5688638031594766
WRD25,mobilenetv3,pixelate_0.25,162,18,0.10564679652452469,0.5544121861457825,0.33994102478027344,1.3435333362990187
WRD25,mobilenetv3,pixelate_0.25,163,18,0.07343307882547379,0.5658302903175354,0.3607366383075714,1.2721536393176147
WRD25,mobilenetv3,pixelate_0.25,164,18,0.19989663362503052,0.5047560334205627,0.29534733295440674,1.4818249076967496
WRD25,mobilenetv3,pixelate_0.25,165,18,0.08592607080936432,0.658898651599884,0.2551751732826233,1.2036233253429633
WRD25,mobilenetv3,pixelate_0.25,166,18,0.0016627631848677993,0.3653808534145355,0.6329563856124878,0.9637150917256329
WRD25,mobilenetv3,pixelate_0.25,167,18,0.4140324592590332,0.008026016876101494,0.5779415965080261,1.0397498340526814
WRD25,mobilenetv3,pixelate_0.25,168,18,0.5328540802001953,0.17584481835365295,0.29130107164382935,1.4432304739534048
WRD25,mobilenetv3,pixelate_0.25,169,18,0.47405630350112915,0.3816032409667969,0.14434053003787994,1.4439338546482978
WRD25,mobilenetv3,pixelate_0.25,170,19,0.051517751067876816,0.024125613272190094,0.9243568181991577,0.454961947635968
WRD25,mobilenetv3,pixelate_0.25,171,19,0.8134668469429016,0.01249059196561575,0.17404253780841827,0.7602850760531652
WRD25,mobilenetv3,pixelate_0.25,172,19,0.8530616164207458,0.13931234180927277,0.007625966798514128,0.6453852387313075
WRD25,mobilenetv3,pixelate_0.25,173,19,0.5643728375434875,0.18278975784778595,0.25283750891685486,1.4154770559320542
WRD25,mobilenetv3,pixelate_0.25,174,20,0.1284479796886444,0.4687786400318146,0.40277332067489624,1.4211090646121542
WRD25,mobilenetv3,pixelate_0.25,175,20,0.09610409289598465,0.5406010150909424,0.36329495906829834,1.3351668349197487
WRD25,mobilenetv3,pixelate_0.25,176,20,0.07862415909767151,0.5114267468452454,0.4099489748477936,1.3106100372539604
WRD25,mobilenetv3,pixelate_0.25,177,20,0.12405963987112045,0.5172569155693054,0.3586834967136383,1.3960367594084386
WRD25,mobilenetv3,pixelate_0.25,178,21,0.020303981378674507,0.7129392027854919,0.26675692200660706,0.9707175540182919
WRD25,mobilenetv3,pixelate_0.25,179,21,0.009120238944888115,0.7760588526725769,0.2148209661245346,0.8223014550201135
WRD25,mobilenetv3,pixelate_0.25,180,21,0.06433165073394775,0.691397488117218,0.2442709356546402,1.1194663185232085
WRD25,mobilenetv3,pixelate_0.25,181,21,0.05144505947828293,0.6457809209823608,0.30277401208877563,1.1495271508393614
WRD25,mobilenetv3,pixelate_0.25,182,21,0.4586533308029175,0.18317729234695435,0.3581693172454834,1.494861921040501
WRD25,mobilenetv3,pixelate_0.25,183,21,0.4363541007041931,0.3164888620376587,0.24715708196163177,1.545758584558336
WRD25,mobilenetv3,pixelate_0.25,184,21,0.454222172498703,0.16409815847873688,0.3816796541213989,1.475379010752948
WRD25,mobilenetv3,pixelate_0.25,185,22,0.04154184088110924,0.4130730926990509,0.5453850030899048,1.194557785290936
WRD25,mobilenetv3,pixelate_0.25,186,22,0.5470544695854187,0.3006298542022705,0.1523156762123108,1.4108610223835834
WRD25,mobilenetv3,pixelate_0.25,187,22,0.08422455191612244,0.3558521866798401,0.5599232912063599,1.2995875194858943
WRD25,mobilenetv3,pixelate_0.25,188,22,0.02846166491508484,0.7176439166069031,0.25389447808265686,0.9917802635459083
WRD25,mobilenetv3,pixelate_0.25,189,22,0.07619310915470123,0.6209978461265564,0.30280905961990356,1.2317300601539283
WRD25,mobilenetv3,pixelate_0.25,190,23,0.46650978922843933,0.02655632421374321,0.5069337487220764,1.1490488901753928
WRD25,mobilenetv3,pixelate_0.25,191,23,0.2675863802433014,0.30868396162986755,0.4237295687198639,1.5573038543585742
WRD25,mobilenetv3,pixelate_0.25,192,23,0.45671772956848145,0.2881898880004883,0.2550922632217407,1.536414700786582
WRD25,mobilenetv3,pixelate_0.25,193,23,0.28297510743141174,0.3889470100402832,0.3280778229236603,1.5727660140041508
WRD25,mobilenetv3,pixelate_0.25,194,24,0.3495978116989136,0.3808242678642273,0.2695779502391815,1.5703171446672481
WRD25,mobilenetv3,pixelate_0.25,195,24,0.1852092444896698,0.7872698307037354,0.02752084471285343,0.864884597622652
WRD25,mobilenetv3,pixelate_0.25,196,24,0.445108026266098,0.03356323018670082,0.5213286876678467,1.1740539521692077
WRD25,mobilenetv3,pixelate_0.25,197,24,0.2348589152097702,0.36394479870796204,0.40119630098342896,1.5502181065275011
WRD25,mobilenetv3,pixelate_0.25,198,24,0.744726300239563,0.030284689739346504,0.22498899698257446,0.953658116860423
WRD25,mobilenetv3,pixelate_0.25,199,24,0.1936316192150116,0.36884674429893494,0.4375216066837311,1.511151306937497
WRD25,mobilenetv3,scratch_severe,0,0,0.661308765411377,0.09343796223402023,0.24525336921215057,1.2113723485456613
WRD25,mobilenetv3,scratch_severe,1,0,0.34735652804374695,0.13041791319847107,0.522225558757782,1.4026250389452277
WRD25,mobilenetv3,scratch_severe,2,0,0.37341538071632385,0.12041321396827698,0.5061713457107544,1.3956253571886617
WRD25,mobilenetv3,scratch_severe,3,0,0.3496093451976776,0.15052376687526703,0.4998668432235718,1.4413525559520366
WRD25,mobilenetv3,scratch_severe,4,0,0.24823223054409027,0.37228965759277344,0.3794780969619751,1.5601824229236316
WRD25,mobilenetv3,scratch_severe,5,0,0.3590715229511261,0.17667774856090546,0.4642506539821625,1.4863582683003014
WRD25,mobilenetv3,scratch_severe,6,0,0.44900479912757874,0.146702378988266,0.4042929410934448,1.453132918317574
WRD25,mobilenetv3,scratch_severe,7,0,0.33166396617889404,0.3001500964164734,0.36818593740463257,1.579948750449419
WRD25,mobilenetv3,scratch_severe,8,0,0.3630830943584442,0.2608318328857422,0.37608498334884644,1.5670022240053947
WRD25,mobilenetv3,scratch_severe,9,0,0.38136717677116394,0.1623021960258484,0.4563305675983429,1.4726411388224592
WRD25,mobilenetv3,scratch_severe,10,0,0.40029630064964294,0.3151000440120697,0.2846035957336426,1.5697081807462265
WRD25,mobilenetv3,scratch_severe,11,0,0.4898144006729126,0.04406322166323662,0.4661222994327545,1.2161345307660905
WRD25,mobilenetv3,scratch_severe,12,0,0.38756799697875977,0.17372511327266693,0.4387068748474121,1.4901460706677117
WRD25,mobilenetv3,scratch_severe,13,0,0.46165183186531067,0.07100953161716461,0.46733859181404114,1.2986451477887373
WRD25,mobilenetv3,scratch_severe,14,0,0.3789511024951935,0.12940168380737305,0.49164727330207825,1.4158405987423284
WRD25,mobilenetv3,scratch_severe,15,0,0.47883495688438416,0.037298329174518585,0.48386672139167786,1.1924476527142327
WRD25,mobilenetv3,scratch_severe,16,0,0.3037830889225006,0.25096985697746277,0.44524699449539185,1.5424531735960083
WRD25,mobilenetv3,scratch_severe,17,0,0.44119176268577576,0.04972070828080177,0.5090875625610352,1.2319863794340944
WRD25,mobilenetv3,scratch_severe,18,1,0.6012088060379028,0.09746245294809341,0.3013286888599396,1.2901782571891873
WRD25,mobilenetv3,scratch_severe,19,1,0.3803940713405609,0.08268564939498901,0.5369202494621277,1.3095256272765865
WRD25,mobilenetv3,scratch_severe,20,1,0.5443723797798157,0.1783577799797058,0.2772698998451233,1.4343257369952145
WRD25,mobilenetv3,scratch_severe,21,1,0.048335589468479156,0.6046135425567627,0.34705090522766113,1.1800323504630148
WRD25,mobilenetv3,scratch_severe,22,1,0.07048627734184265,0.6644823551177979,0.26503145694732666,1.1692979769790013
WRD25,mobilenetv3,scratch_severe,23,1,0.5239469408988953,0.08716137707233429,0.38889163732528687,1.3252951457196707
WRD25,mobilenetv3,scratch_severe,24,1,0.06435045599937439,0.42142486572265625,0.514224648475647,1.2734770986714206
WRD25,mobilenetv3,scratch_severe,25,2,0.05865609645843506,0.7679240703582764,0.17341990768909454,0.9708939291433198
WRD25,mobilenetv3,scratch_severe,26,2,0.22369472682476044,0.769648015499115,0.006657228339463472,0.8221254652493104
WRD25,mobilenetv3,scratch_severe,27,2,0.20289528369903564,0.7036841511726379,0.09342055022716522,1.1431782133729578
WRD25,mobilenetv3,scratch_severe,28,2,0.013329287059605122,0.6256867051124573,0.36098405718803406,1.0369449224276086
WRD25,mobilenetv3,scratch_severe,29,2,0.23369422554969788,0.7112036347389221,0.055102042853832245,1.0702254739591173
WRD25,mobilenetv3,scratch_severe,30,2,0.8858442306518555,0.017401719465851784,0.0967540442943573,0.58263467052423
WRD25,mobilenetv3,scratch_severe,31,2,0.04870246723294258,0.7268155217170715,0.2244819551706314,1.0307497945363175
WRD25,mobilenetv3,scratch_severe,32,2,0.017223374918103218,0.6252284646034241,0.3575481176376343,1.0550669057981237
WRD25,mobilenetv3,scratch_severe,33,2,0.03348807245492935,0.6475403904914856,0.31897154450416565,1.0959038306024844
WRD25,mobilenetv3,scratch_severe,34,2,0.9073771834373474,0.03166494145989418,0.060957856476306915,0.5309883031447351
WRD25,mobilenetv3,scratch_severe,35,2,0.9007743000984192,0.03457128256559372,0.06465454399585724,0.5590786442357875
WRD25,mobilenetv3,scratch_severe,36,3,0.009045899845659733,0.06630217283964157,0.9246519804000854,0.42547005004730915
WRD25,mobilenetv3,scratch_severe,37,3,0.21918036043643951,0.7376429438591003,0.04317658022046089,0.9995381232783046
WRD25,mobilenetv3,scratch_severe,38,3,0.020265091210603714,0.25900375843048096,0.7207311391830444,0.9592965908401907
WRD25,mobilenetv3,scratch_severe,39,3,0.04079093039035797,0.6228287220001221,0.3363804519176483,1.1424589767470241
WRD25,mobilenetv3,scratch_severe,40,3,0.6344919204711914,0.020229535177350044,0.3452785611152649,1.0599883777821275
WRD25,mobilenetv3,scratch_severe,41,4,0.7073215246200562,0.0975993201136589,0.19507922232151031,1.1409614384817122
WRD25,mobilenetv3,scratch_severe,42,4,0.0098222391679883,0.12120112031698227,0.8689767122268677,0.6105754898647733
WRD25,mobilenetv3,scratch_severe,43,4,0.06261685490608215,0.6270668506622314,0.31031620502471924,1.1963807295391482
WRD25,mobilenetv3,scratch_severe,44,4,0.7334805727005005,0.18903955817222595,0.07747981697320938,1.0682007056333374
WRD25,mobilenetv3,scratch_severe,45,4,0.5018815398216248,0.0619325116276741,0.4361859858036041,1.2698149291432306
WRD25,mobilenetv3,scratch_severe,46,5,0.988927960395813,0.008931374177336693,0.002140719210729003,0.09566311225007051
WRD25,mobilenetv3,scratch_severe,47,5,0.02465685084462166,0.016126438975334167,0.9592165946960449,0.28535878192636704
WRD25,mobilenetv3,scratch_severe,48,5,0.013906651176512241,0.013231675140559673,0.972861647605896,0.2069573561536706
WRD25,mobilenetv3,scratch_severe,49,5,0.08560355007648468,0.01857745088636875,0.8958189487457275,0.552577212312904
WRD25,mobilenetv3,scratch_severe,50,6,0.03158177435398102,0.6377871632575989,0.3306311368942261,1.0991784067741315
WRD25,mobilenetv3,scratch_severe,51,6,0.05092349275946617,0.8573996424674988,0.0916769728064537,0.7250896019129207
WRD25,mobilenetv3,scratch_severe,52,6,0.10607735812664032,0.7909203767776489,0.10300223529338837,0.9487667139597906
WRD25,mobilenetv3,scratch_severe,53,7,0.8251794576644897,0.03373328596353531,0.14108727872371674,0.792321063107168
WRD25,mobilenetv3,scratch_severe,54,7,0.1226920410990715,0.6213678121566772,0.2559400498867035,1.3011412073510882
WRD25,mobilenetv3,scratch_severe,55,7,0.07873836159706116,0.6929896473884583,0.2282719910144806,1.1418612538370656
WRD25,mobilenetv3,scratch_severe,56,7,0.04589737206697464,0.6446629166603088,0.30943968892097473,1.136008269534826
WRD25,mobilenetv3,scratch_severe,57,7,0.49337247014045715,0.04035630822181702,0.4662712514400482,1.2030149919955244
WRD25,mobilenetv3,scratch_severe,58,7,0.8407058715820312,0.015893850475549698,0.14340031147003174,0.707213729181223
WRD25,mobilenetv3,scratch_severe,59,7,0.0430770143866539,0.5779613852500916,0.3789617121219635,1.1830786157514472
WRD25,mobilenetv3,scratch_severe,60,7,0.4419367015361786,0.37198546528816223,0.18607774376869202,1.502774202100927
WRD25,mobilenetv3,scratch_severe,61,7,0.37134185433387756,0.5506299734115601,0.07802830636501312,1.2918545985461038
WRD25,mobilenetv3,scratch_severe,62,7,0.2332424372434616,0.6308276653289795,0.1359299123287201,1.300482897162524
WRD25,mobilenetv3,scratch_severe,63,7,0.001535002957098186,0.7998121380805969,0.19865290820598602,0.7352961858777969
WRD25,mobilenetv3,scratch_severe,64,7,0.4339549243450165,0.5339438915252686,0.03210112452507019,1.1652563516645658
WRD25,mobilenetv3,scratch_severe,65,7,0.5802288055419922,0.021623238921165466,0.3981480300426483,1.1042500384781748
WRD25,mobilenetv3,scratch_severe,66,7,0.5879689455032349,0.17710013687610626,0.23493079841136932,1.3837111772745887
WRD25,mobilenetv3,scratch_severe,67,7,0.4443706274032593,0.07134910672903061,0.48428016901016235,1.2983515181452845
WRD25,mobilenetv3,scratch_severe,68,7,0.43193838000297546,0.047550007700920105,0.5205115675926208,1.222396723443661
WRD25,mobilenetv3,scratch_severe,69,8,0.6643614172935486,0.014060760848224163,0.321577787399292,1.004796637039279
WRD25,mobilenetv3,scratch_severe,70,8,0.6634800434112549,0.24617122113704681,0.09034880995750427,1.2038823185938112
WRD25,mobilenetv3,scratch_severe,71,8,0.3932187557220459,0.4770614504814148,0.1297197937965393,1.4211137675480474
WRD25,mobilenetv3,scratch_severe,72,8,0.2964000403881073,0.6207363605499268,0.08286359161138535,1.2447716659885248
WRD25,mobilenetv3,scratch_severe,73,8,0.3742418587207794,0.521266520023346,0.10449155420064926,1.361091006924092
WRD25,mobilenetv3,scratch_severe,74,8,0.27464964985847473,0.5121467113494873,0.21320368349552155,1.4818300278107035
WRD25,mobilenetv3,scratch_severe,75,8,0.5714179277420044,0.3507295548915863,0.07785249501466751,1.2782439114171515
WRD25,mobilenetv3,scratch_severe,76,8,0.48112374544143677,0.05981167033314705,0.4590644836425781,1.2665118337766237
WRD25,mobilenetv3,scratch_severe,77,8,0.003944764379411936,0.7105737328529358,0.2854815423488617,0.8980772812959439
WRD25,mobilenetv3,scratch_severe,78,8,0.3300873339176178,0.41337913274765015,0.25653356313705444,1.5581914464050182
WRD25,mobilenetv3,scratch_severe,79,8,0.27014464139938354,0.34491321444511414,0.38494211435317993,1.569943043201524
WRD25,mobilenetv3,scratch_severe,80,8,0.02589648962020874,0.542746901512146,0.43135666847229004,1.1382708342014143
WRD25,mobilenetv3,scratch_severe,81,8,0.49470970034599304,0.36391809582710266,0.1413722187280655,1.4320215479086307
WRD25,mobilenetv3,scratch_severe,82,8,0.5264683365821838,0.024736277759075165,0.448795348405838,1.1380616460867208
WRD25,mobilenetv3,scratch_severe,83,8,0.47791004180908203,0.0981052964925766,0.42398467659950256,1.3625280885441011
WRD25,mobilenetv3,scratch_severe,84,8,0.49487364292144775,0.07355841249227524,0.431567907333374,1.3023835312104497
WRD25,mobilenetv3,scratch_severe,85,8,0.1590557098388672,0.6056567430496216,0.23528748750686646,1.3511910408864343
WRD25,mobilenetv3,scratch_severe,86,9,0.4711458683013916,0.1503101885318756,0.37854400277137756,1.4530114570856383
WRD25,mobilenetv3,scratch_severe,87,9,0.04223927482962608,0.6582198143005371,0.2995409071445465,1.110930425112708
WRD25,mobilenetv3,scratch_severe,88,9,0.30898135900497437,0.5449684262275696,0.14605019986629486,1.4061566818081792
WRD25,mobilenetv3,scratch_severe,89,9,0.10489659011363983,0.5552458167076111,0.3398575782775879,1.3416754146188317
WRD25,mobilenetv3,scratch_severe,90,9,0.39002689719200134,0.11463215947151184,0.49534082412719727,1.3900418518799018
WRD25,mobilenetv3,scratch_severe,91,9,0.3503337502479553,0.11842342466115952,0.5312429070472717,1.3794176778607863
WRD25,mobilenetv3,scratch_severe,92,9,0.5009161233901978,0.12928031384944916,0.36980345845222473,1.4118850363510602
WRD25,mobilenetv3,scratch_severe,93,9,0.11021044105291367,0.4934537708759308,0.3963358402252197,1.3826782956473762
WRD25,mobilenetv3,scratch_severe,94,9,0.18141038715839386,0.5276424288749695,0.29094719886779785,1.4516609782628906
WRD25,mobilenetv3,scratch_severe,95,9,0.4572559595108032,0.4600028097629547,0.08274120092391968,1.3290179621235172
WRD25,mobilenetv3,scratch_severe,96,9,0.42944779992103577,0.17344389855861664,0.3971082866191864,1.4911657966156096
WRD25,mobilenetv3,scratch_severe,97,10,0.8889861106872559,0.004661793354898691,0.10635212063789368,0.5308706784684102
WRD25,mobilenetv3,scratch_severe,98,10,0.06643545627593994,0.6646103262901306,0.26895421743392944,1.1611751715700898
WRD25,mobilenetv3,scratch_severe,99,10,0.5250043272972107,0.08502645790576935,0.38996919989585876,1.3201923749873725
WRD25,mobilenetv3,scratch_severe,100,10,0.8153164386749268,0.1778750866651535,0.006808379199355841,0.7322741510681434
WRD25,mobilenetv3,scratch_severe,101,10,0.5737947225570679,0.32041656970977783,0.10578876733779907,1.3287867592339706
WRD25,mobilenetv3,scratch_severe,102,10,0.6525653004646301,0.019990326836705208,0.3274443745613098,1.0420975240020942
WRD25,mobilenetv3,scratch_severe,103,10,0.6967897415161133,0.09886403381824493,0.20434610545635223,1.1613580030500157
WRD25,mobilenetv3,scratch_severe,104,10,0.0741724967956543,0.803945004940033,0.12188252061605453,0.9015629172576201
WRD25,mobilenetv3,scratch_severe,105,10,0.876347005367279,0.0027291537262499332,0.12092391401529312,0.5586796464916584
WRD25,mobilenetv3,scratch_severe,106,10,0.7440616488456726,0.0021382595878094435,0.25380009412765503,0.8383880312550757
WRD25,mobilenetv3,scratch_severe,107,11,0.04866357520222664,0.08723532408475876,0.864100992679596,0.7012890537602613
WRD25,mobilenetv3,scratch_severe,108,11,0.15700291097164154,0.008618396706879139,0.834378719329834,0.6964455715861055
WRD25,mobilenetv3,scratch_severe,109,11,0.18063239753246307,0.8119694590568542,0.0073981438763439655,0.7423257795110239
WRD25,mobilenetv3,scratch_severe,110,11,0.18530407547950745,0.809252917766571,0.005442795343697071,0.7386984152533382
WRD25,mobilenetv3,scratch_severe,111,11,0.0010956615442410111,0.20791874825954437,0.7909855842590332,0.7494715048496494
WRD25,mobilenetv3,scratch_severe,112,11,0.14890165627002716,0.010366544127464294,0.8407317996025085,0.6878733280701883
WRD25,mobilenetv3,scratch_severe,113,11,0.02084372378885746,0.7665895819664001,0.21256671845912933,0.8852400578893368
WRD25,mobilenetv3,scratch_severe,114,12,0.3244051933288574,0.519433856010437,0.15616099536418915,1.4360741178811605
WRD25,mobilenetv3,scratch_severe,115,13,0.4892624318599701,0.13895365595817566,0.3717840313911438,1.4309401074941313
WRD25,mobilenetv3,scratch_severe,116,13,0.5448611974716187,0.15404865145683289,0.30109018087387085,1.414434240565285
WRD25,mobilenetv3,scratch_severe,117,13,0.5316034555435181,0.13571171462535858,0.3326847553253174,1.4038628620654645
WRD25,mobilenetv3,scratch_severe,118,13,0.3526153862476349,0.1991153210401535,0.4482693374156952,1.5127791609897172
WRD25,mobilenetv3,scratch_severe,119,13,0.022656191140413284,0.5281748175621033,0.4491690695285797,1.1288370010132758
WRD25,mobilenetv3,scratch_severe,120,13,0.3886466324329376,0.2398107498884201,0.37154266238212585,1.554637042775387
WRD25,mobilenetv3,scratch_severe,121,14,0.2236897051334381,0.3510829210281372,0.42522743344306946,1.5380420936076864
WRD25,mobilenetv3,scratch_severe,122,14,0.28618764877319336,0.3555987477302551,0.3582136034965515,1.5775509703105866
WRD25,mobilenetv3,scratch_severe,123,14,0.30784010887145996,0.22816023230552673,0.4639996588230133,1.5236815100071706
WRD25,mobilenetv3,scratch_severe,124,14,0.4016139507293701,0.2844673991203308,0.31391873955726624,1.5692268932806446
WRD25,mobilenetv3,scratch_severe,125,14,0.5629519820213318,0.05569180101156235,0.38135626912117004,1.2290598561698434
WRD25,mobilenetv3,scratch_severe,126,15,0.5864694714546204,0.05829472094774246,0.35523584485054016,1.2209641906161008
WRD25,mobilenetv3,scratch_severe,127,15,0.3964933454990387,0.2261347770690918,0.37737199664115906,1.5447366128924993
WRD25,mobilenetv3,scratch_severe,128,15,0.3559398949146271,0.37908831238746643,0.2649717926979065,1.5686588233456655
WRD25,mobilenetv3,scratch_severe,129,15,0.3596522808074951,0.2731601595878601,0.36718758940696716,1.5727462907246943
WRD25,mobilenetv3,scratch_severe,130,15,0.3275846838951111,0.3153107762336731,0.3571045994758606,1.5829798728105633
WRD25,mobilenetv3,scratch_severe,131,15,0.39499109983444214,0.15480473637580872,0.45020413398742676,1.4643263153339514
WRD25,mobilenetv3,scratch_severe,132,15,0.42074063420295715,0.3481951951980591,0.23106423020362854,1.5438531659105366
WRD25,mobilenetv3,scratch_severe,133,15,0.5065767168998718,0.19765354692935944,0.29576966166496277,1.479130577354309
WRD25,mobilenetv3,scratch_severe,134,15,0.3136918246746063,0.3478907346725464,0.3384174704551697,1.5836030179800678
WRD25,mobilenetv3,scratch_severe,135,15,0.4571371078491211,0.25879815220832825,0.28406476974487305,1.536706667478381
WRD25,mobilenetv3,scratch_severe,136,15,0.4981304109096527,0.3186379075050354,0.18323153257369995,1.4751768920093145
WRD25,mobilenetv3,scratch_severe,137,15,0.43066081404685974,0.2114022821187973,0.3579370379447937,1.527907695383838
WRD25,mobilenetv3,scratch_severe,138,15,0.49796003103256226,0.18944355845451355,0.31259647011756897,1.4800120787402324
WRD25,mobilenetv3,scratch_severe,139,15,0.4831262230873108,0.2012466937303543,0.3156271278858185,1.4976416492557572
WRD25,mobilenetv3,scratch_severe,140,15,0.4123278856277466,0.37405115365982056,0.21362090110778809,1.5333818217632547
WRD25,mobilenetv3,scratch_severe,141,16,0.027159754186868668,0.3962599039077759,0.5765803456306458,1.1285322698277276
WRD25,mobilenetv3,scratch_severe,142,16,0.02019421197474003,0.5848851799964905,0.3949206471443176,1.095598960007691
WRD25,mobilenetv3,scratch_severe,143,16,0.032886870205402374,0.06500443071126938,0.9021087884902954,0.5524227076285048
WRD25,mobilenetv3,scratch_severe,144,16,0.06870493292808533,0.08184490352869034,0.8494502305984497,0.7609360286175746
WRD25,mobilenetv3,scratch_severe,145,16,0.13258033990859985,0.5413193106651306,0.32610034942626953,1.3929678140824033
WRD25,mobilenetv3,scratch_severe,146,16,0.08403035253286362,0.15979060530662537,0.7561790347099304,1.0278927269726115
WRD25,mobilenetv3,scratch_severe,147,16,0.026306096464395523,0.08563292771577835,0.8880608677864075,0.593792008417825
WRD25,mobilenetv3,scratch_severe,148,17,0.13961483538150787,0.5407090783119202,0.319676011800766,1.4021909193378752
WRD25,mobilenetv3,scratch_severe,149,17,0.6110970973968506,0.1025298461318016,0.286373108625412,1.2877281384964885
WRD25,mobilenetv3,scratch_severe,150,17,0.6026139259338379,0.03896034508943558,0.3584257662296295,1.1532940033339654
WRD25,mobilenetv3,scratch_severe,151,17,0.110233835875988,0.38017386198043823,0.5095923542976379,1.3767599416394354
WRD25,mobilenetv3,scratch_severe,152,18,0.1525370478630066,0.6639760732650757,0.18348689377307892,1.254927665802298
WRD25,mobilenetv3,scratch_severe,153,18,0.30133798718452454,0.09920854866504669,0.5994533896446228,1.2947448130254187
WRD25,mobilenetv3,scratch_severe,154,18,0.025140566751360893,0.4914366602897644,0.48342278599739075,1.1442152097289626
WRD25,mobilenetv3,scratch_severe,155,18,0.4805307686328888,0.040272586047649384,0.47919660806655884,1.203266674573952
WRD25,mobilenetv3,scratch_severe,156,18,0.3017560541629791,0.3810752034187317,0.3171687722206116,1.57744577482823
WRD25,mobilenetv3,scratch_severe,157,18,0.24974419176578522,0.04234052821993828,0.7079153060913086,1.045797527943551
WRD25,mobilenetv3,scratch_severe,158,18,0.5256077647209167,0.07950788736343384,0.3948843777179718,1.3074979929289097
WRD25,mobilenetv3,scratch_severe,159,18,0.4556257724761963,0.0446445569396019,0.4997297525405884,1.2170824930870054
WRD25,mobilenetv3,scratch_severe,160,18,0.5004540085792542,0.11487564444541931,0.3846702575683594,1.3886170821919748
WRD25,mobilenetv3,scratch_severe,161,18,0.5430978536605835,0.04973605275154114,0.40716615319252014,1.2214641203268322
WRD25,mobilenetv3,scratch_severe,162,18,0.4719249904155731,0.032568905502557755,0.4955061078071594,1.1741319752171462
WRD25,mobilenetv3,scratch_severe,163,18,0.6900030970573425,0.0610237717628479,0.2489730268716812,1.115000148748165
WRD25,mobilenetv3,scratch_severe,164,18,0.46240970492362976,0.12519782781600952,0.4123925268650055,1.4168577159696136
WRD25,mobilenetv3,scratch_severe,165,18,0.21661977469921112,0.42733892798423767,0.35604119300842285,1.5326400261848456
WRD25,mobilenetv3,scratch_severe,166,18,0.08242791146039963,0.902919352054596,0.014652753248810768,0.519102690481435
WRD25,mobilenetv3,scratch_severe,167,18,0.10967141389846802,0.8781179189682007,0.01221067551523447,0.5919801282536681
WRD25,mobilenetv3,scratch_severe,168,18,0.2852073311805725,0.46535393595695496,0.24943868815898895,1.5294523348590294
WRD25,mobilenetv3,scratch_severe,169,18,0.42753711342811584,0.14477650821208954,0.4276863634586334,1.4518361206116435
WRD25,mobilenetv3,scratch_severe,170,19,0.16240711510181427,0.018134096637368202,0.8194587826728821,0.7661858528450832
WRD25,mobilenetv3,scratch_severe,171,19,0.5256999731063843,0.44742321968078613,0.02687683328986168,1.147055260014357
WRD25,mobilenetv3,scratch_severe,172,19,0.35400211811065674,0.6289032101631165,0.01709471084177494,1.0514995001512393
WRD25,mobilenetv3,scratch_severe,173,19,0.5929928421974182,0.030317261815071106,0.37668994069099426,1.130563784249013
WRD25,mobilenetv3,scratch_severe,174,20,0.03866298496723175,0.6834481358528137,0.2778888940811157,1.0700979247284972
WRD25,mobilenetv3,scratch_severe,175,20,0.01698964275419712,0.28417882323265076,0.6988314986228943,0.9769910634191727
WRD25,mobilenetv3,scratch_severe,176,20,0.30314821004867554,0.6719311475753784,0.024920683354139328,1.0401622791898264
WRD25,mobilenetv3,scratch_severe,177,20,0.028277508914470673,0.7454031109809875,0.2263193279504776,0.946577890992361
WRD25,mobilenetv3,scratch_severe,178,21,0.0270924661308527,0.8598390817642212,0.11306845396757126,0.6839381138341102
WRD25,mobilenetv3,scratch_severe,179,21,0.7163097262382507,0.2481408566236496,0.03554944321513176,1.0148817544567867
WRD25,mobilenetv3,scratch_severe,180,21,0.750145673751831,0.11503160744905472,0.13482271134853363,1.0597694506125612
WRD25,mobilenetv3,scratch_severe,181,21,0.09910061955451965,0.577958345413208,0.3229411244392395,1.314246425688748
WRD25,mobilenetv3,scratch_severe,182,21,0.4380994439125061,0.17238391935825348,0.38951677083969116,1.4886868902370902
WRD25,mobilenetv3,scratch_severe,183,21,0.5968597531318665,0.07727966457605362,0.3258605897426605,1.256972696494552
WRD25,mobilenetv3,scratch_severe,184,21,0.4928905665874481,0.10243180394172668,0.40467754006385803,1.3679614979083912
WRD25,mobilenetv3,scratch_severe,185,22,0.33071160316467285,0.031107299029827118,0.6381811499595642,1.0971920467177159
WRD25,mobilenetv3,scratch_severe,186,22,0.7275541424751282,0.07567166537046432,0.19677414000034332,1.0771759594176329
WRD25,mobilenetv3,scratch_severe,187,22,0.19456151127815247,0.74076908826828,0.06466937810182571,1.0356723634755838
WRD25,mobilenetv3,scratch_severe,188,22,0.3272188603878021,0.4770679473876953,0.19571316242218018,1.497300619427506
WRD25,mobilenetv3,scratch_severe,189,22,0.40348851680755615,0.5153415203094482,0.0811699777841568,1.3152718308267586
WRD25,mobilenetv3,scratch_severe,190,23,0.33529093861579895,0.09228834509849548,0.5724207162857056,1.306565495541199
WRD25,mobilenetv3,scratch_severe,191,23,0.3359900414943695,0.11683013290166855,0.5471799373626709,1.3665655492020463
WRD25,mobilenetv3,scratch_severe,192,23,0.4719335436820984,0.03021906688809395,0.49784746766090393,1.1647706428100602
WRD25,mobilenetv3,scratch_severe,193,23,0.635212779045105,0.12391160428524017,0.240875706076622,1.2838362707919875
WRD25,mobilenetv3,scratch_severe,194,24,0.4484495520591736,0.04706790670752525,0.5044825673103333,1.2243626255814328
WRD25,mobilenetv3,scratch_severe,195,24,0.40585407614707947,0.05544719472527504,0.538698673248291,1.2401309740839799
WRD25,mobilenetv3,scratch_severe,196,24,0.5964023470878601,0.028992142528295517,0.3746054768562317,1.1234498930408434
WRD25,mobilenetv3,scratch_severe,197,24,0.5210046172142029,0.03744344413280487,0.4415518641471863,1.1882654682475735
WRD25,mobilenetv3,scratch_severe,198,24,0.0408298559486866,0.4957912266254425,0.46337899565696716,1.2044641060497538
WRD25,mobilenetv3,scratch_severe,199,24,0.15112276375293732,0.4594748616218567,0.3894023597240448,1.4573429057553842
WRD25,mobilenetv3,compound_mild,0,0,0.3882567882537842,0.39036688208580017,0.22137629985809326,1.5412922158903777
WRD25,mobilenetv3,compound_mild,1,0,0.5685976147651672,0.018972203135490417,0.41243016719818115,1.0986488545281685
WRD25,mobilenetv3,compound_mild,2,0,0.3294140100479126,0.13394059240818024,0.5366453528404236,1.398088016709997
WRD25,mobilenetv3,compound_mild,3,0,0.3942820429801941,0.100026436150074,0.5056915283203125,1.3590788497706021
WRD25,mobilenetv3,compound_mild,4,0,0.4849678575992584,0.0026025723200291395,0.5124295949935913,1.0229470498964526
WRD25,mobilenetv3,compound_mild,5,0,0.48808762431144714,0.0034924629144370556,0.5084196925163269,1.029741900741331
WRD25,mobilenetv3,compound_mild,6,0,0.4348246455192566,0.09283912926912308,0.4723362326622009,1.3519177776030404
WRD25,mobilenetv3,compound_mild,7,0,0.48969683051109314,0.017330104485154152,0.4929729104042053,1.1088372696712607
WRD25,mobilenetv3,compound_mild,8,0,0.4320547878742218,0.17258678376674652,0.39535844326019287,1.4898270017376398
WRD25,mobilenetv3,compound_mild,9,0,0.3879058361053467,0.13362352550029755,0.4784706234931946,1.426827621254946
WRD25,mobilenetv3,compound_mild,10,0,0.32316455245018005,0.4193086624145508,0.2575267553329468,1.556458533981421
WRD25,mobilenetv3,compound_mild,11,0,0.43288207054138184,0.007861134596168995,0.5592567920684814,1.0467497336880316
WRD25,mobilenetv3,compound_mild,12,0,0.39934566617012024,0.10105406492948532,0.4996001720428467,1.3631919073787016
WRD25,mobilenetv3,compound_mild,13,0,0.43926647305488586,0.07175843417644501,0.4889751672744751,1.2987722071857908
WRD25,mobilenetv3,compound_mild,14,0,0.4446381628513336,0.018333589658141136,0.5370283126831055,1.1073637676341639
WRD25,mobilenetv3,compound_mild,15,0,0.4773557484149933,0.0193652231246233,0.5032790899276733,1.118001849989493
WRD25,mobilenetv3,compound_mild,16,0,0.431967169046402,0.06324788182973862,0.5047850012779236,1.2728699355010675
WRD25,mobilenetv3,compound_mild,17,0,0.4162013828754425,0.13521142303943634,0.4485873281955719,1.4354727066720332
WRD25,mobilenetv3,compound_mild,18,1,0.8583356142044067,0.08789161592721939,0.053772736340761185,0.7242592244015569
WRD25,mobilenetv3,compound_mild,19,1,0.31838640570640564,0.4415108263492584,0.24010272324085236,1.5406541366574267
WRD25,mobilenetv3,compound_mild,20,1,0.37483420968055725,0.4580309987068176,0.16713471710681915,1.4779684390694752
WRD25,mobilenetv3,compound_mild,21,1,0.5656421780586243,0.28104713559150696,0.1533106565475464,1.3943868875648104
WRD25,mobilenetv3,compound_mild,22,1,0.09944871813058853,0.40466082096099854,0.4958905279636383,1.3611187846103059
WRD25,mobilenetv3,compound_mild,23,1,0.06427495181560516,0.5079055428504944,0.42781952023506165,1.2749607972189314
WRD25,mobilenetv3,compound_mild,24,1,0.14961160719394684,0.37248724699020386,0.4779011607170105,1.4498056921155968
WRD25,mobilenetv3,compound_mild,25,2,0.46737998723983765,0.04338425025343895,0.4892357587814331,1.2138548039651842
WRD25,mobilenetv3,compound_mild,26,2,0.03578818216919899,0.5909063220024109,0.37330543994903564,1.1511172617656205
WRD25,mobilenetv3,compound_mild,27,2,0.7743126153945923,0.18632684648036957,0.03936035931110382,0.921103267930127
WRD25,mobilenetv3,compound_mild,28,2,0.7346993684768677,0.16406749188899994,0.10123305767774582,1.0891030199281608
WRD25,mobilenetv3,compound_mild,29,2,0.458091676235199,0.35799679160118103,0.18391165137290955,1.495770038289507
WRD25,mobilenetv3,compound_mild,30,2,0.2634691596031189,0.6283999085426331,0.10813083499670029,1.275182161885228
WRD25,mobilenetv3,compound_mild,31,2,0.04531225934624672,0.31606078147888184,0.6386270523071289,1.140640942318617
WRD25,mobilenetv3,compound_mild,32,2,0.3353622257709503,0.4895082712173462,0.1751294732093811,1.4732743125601877
WRD25,mobilenetv3,compound_mild,33,2,0.05554794892668724,0.3109029531478882,0.6335492134094238,1.1728314905762798
WRD25,mobilenetv3,compound_mild,34,2,0.5735056400299072,0.15682710707187653,0.2696673274040222,1.389053520290639
WRD25,mobilenetv3,compound_mild,35,2,0.3523082435131073,0.27927711606025696,0.3684145510196686,1.5749271932469169
WRD25,mobilenetv3,compound_mild,36,3,0.010992721654474735,0.47278594970703125,0.5162212252616882,1.074935481338091
WRD25,mobilenetv3,compound_mild,37,3,0.04412379488348961,0.46578317880630493,0.49009302258491516,1.216320375355512
WRD25,mobilenetv3,compound_mild,38,3,0.04638776555657387,0.44743743538856506,0.5061748027801514,1.2218504156037406
WRD25,mobilenetv3,compound_mild,39,3,0.8714743852615356,0.08016565442085266,0.048359986394643784,0.6761694653824077
WRD25,mobilenetv3,compound_mild,40,3,0.5365416407585144,0.029721928760409355,0.43373656272888184,1.1554013367810674
WRD25,mobilenetv3,compound_mild,41,4,0.769624650478363,0.17204274237155914,0.05833261460065842,0.9667253870763557
WRD25,mobilenetv3,compound_mild,42,4,0.03833923488855362,0.3766465485095978,0.585014283657074,1.1634587134784855
WRD25,mobilenetv3,compound_mild,43,4,0.02315402589738369,0.7673285007476807,0.2095174789428711,0.8914022151103265
WRD25,mobilenetv3,compound_mild,44,4,0.20270541310310364,0.6680509448051453,0.1292436420917511,1.237029493556493
WRD25,mobilenetv3,compound_mild,45,4,0.4218505918979645,0.1992497444152832,0.3788997232913971,1.5195126414426823
WRD25,mobilenetv3,compound_mild,46,5,0.046158961951732635,0.6515815258026123,0.3022593855857849,1.1292268192491086
WRD25,mobilenetv3,compound_mild,47,5,0.08021267503499985,0.034258801490068436,0.8855284452438354,0.6140391538230704
WRD25,mobilenetv3,compound_mild,48,5,0.04229077696800232,0.08663030713796616,0.8710789680480957,0.6721647900644866
WRD25,mobilenetv3,compound_mild,49,5,0.024170715361833572,0.5895748138427734,0.3862544596195221,1.1093029775885657
WRD25,mobilenetv3,compound_mild,50,6,0.9549635052680969,0.026534855365753174,0.018501674756407738,0.30892338271929665
WRD25,mobilenetv3,compound_mild,51,6,0.03339005634188652,0.35369616746902466,0.6129137277603149,1.1269643505843572
WRD25,mobilenetv3,compound_mild,52,6,0.0675220936536789,0.4810034930706024,0.45147448778152466,1.288411045326042
WRD25,mobilenetv3,compound_mild,53,7,0.3449089825153351,0.4363594353199005,0.21873147785663605,1.5313735002318822
WRD25,mobilenetv3,compound_mild,54,7,0.02849591337144375,0.3861090838909149,0.5853950381278992,1.1285971020313208
WRD25,mobilenetv3,compound_mild,55,7,0.05779802054166794,0.051144760102033615,0.8910571932792664,0.6053683168116833
WRD25,mobilenetv3,compound_mild,56,7,0.05533430352807045,0.14842869341373444,0.7962369918823242,0.9013048235162388
WRD25,mobilenetv3,compound_mild,57,7,0.3628639280796051,0.48113366961479187,0.15600243210792542,1.4566628433443831
WRD25,mobilenetv3,compound_mild,58,7,0.5565509796142578,0.17869728803634644,0.26475176215171814,1.4220788491285212
WRD25,mobilenetv3,compound_mild,59,7,0.47308602929115295,0.24144157767295837,0.28547242283821106,1.5221656986831904
WRD25,mobilenetv3,compound_mild,60,7,0.3566961884498596,0.18934226036071777,0.4539615511894226,1.5023126329277723
WRD25,mobilenetv3,compound_mild,61,7,0.7000259757041931,0.1504298448562622,0.14954426884651184,1.1812314219336595
WRD25,mobilenetv3,compound_mild,62,7,0.7670322060585022,0.13561736047267914,0.09735041856765747,1.011562064213368
WRD25,mobilenetv3,compound_mild,63,7,0.5028350353240967,0.28310641646385193,0.21405863761901855,1.4902020009464345
WRD25,mobilenetv3,compound_mild,64,7,0.45598164200782776,0.27266040444374084,0.27135786414146423,1.5384180560995042
WRD25,mobilenetv3,compound_mild,65,7,0.4412802457809448,0.2970387637615204,0.2616809904575348,1.5471327639372086
WRD25,mobilenetv3,compound_mild,66,7,0.05569081008434296,0.7072049975395203,0.23710407316684723,1.0778165930427357
WRD25,mobilenetv3,compound_mild,67,7,0.30722227692604065,0.2884702682495117,0.40430748462677,1.5686812481505128
WRD25,mobilenetv3,compound_mild,68,7,0.42210879921913147,0.018439047038555145,0.5594522356987,1.1002369977056339
WRD25,mobilenetv3,compound_mild,69,8,0.8383928537368774,0.018276968970894814,0.14333003759384155,0.7204276218604082
WRD25,mobilenetv3,compound_mild,70,8,0.3123445510864258,0.43273526430130005,0.2549200654029846,1.549969496956952
WRD25,mobilenetv3,compound_mild,71,8,0.4676246643066406,0.3735252916812897,0.15885013341903687,1.4650919822816852
WRD25,mobilenetv3,compound_mild,72,8,0.42700567841529846,0.21698486804962158,0.3560096323490143,1.5329888655061352
WRD25,mobilenetv3,compound_mild,73,8,0.7302713394165039,0.18647734820842743,0.08325131237506866,1.081566993004882
WRD25,mobilenetv3,compound_mild,74,8,0.2839053273200989,0.5182933211326599,0.19780145585536957,1.4695789009946543
WRD25,mobilenetv3,compound_mild,75,8,0.6746799945831299,0.1487586498260498,0.17656126618385315,1.2336770258506116
WRD25,mobilenetv3,compound_mild,76,8,0.4416719079017639,0.32868120074272156,0.22964680194854736,1.5357503260486025
WRD25,mobilenetv3,compound_mild,77,8,0.6425999999046326,0.20055338740348816,0.15684662759304047,1.2940385996036032
WRD25,mobilenetv3,compound_mild,78,8,0.7040800452232361,0.1412213146686554,0.15469861030578613,1.1717231386801124
WRD25,mobilenetv3,compound_mild,79,8,0.6043785214424133,0.11155727505683899,0.28406429290771484,1.307828097938309
WRD25,mobilenetv3,compound_mild,80,8,0.4528063237667084,0.37257182598114014,0.1746218055486679,1.487912210522375
WRD25,mobilenetv3,compound_mild,81,8,0.4404430389404297,0.35220223665237427,0.20735473930835724,1.5219403940975664
WRD25,mobilenetv3,compound_mild,82,8,0.40923359990119934,0.3645990490913391,0.22616727650165558,1.5432445232638154
WRD25,mobilenetv3,compound_mild,83,8,0.38459792733192444,0.34790781140327454,0.2674943506717682,1.569025589994334
WRD25,mobilenetv3,compound_mild,84,8,0.5536102652549744,0.24290603399276733,0.20348380506038666,1.4355664064195257
WRD25,mobilenetv3,compound_mild,85,8,0.45361143350601196,0.30139392614364624,0.24499474465847015,1.5359636938999004
WRD25,mobilenetv3,compound_mild,86,9,0.3031361401081085,0.35205355286598206,0.34481021761894226,1.5819003306455266
WRD25,mobilenetv3,compound_mild,87,9,0.07992985844612122,0.5254693627357483,0.3946007490158081,1.3085290107277512
WRD25,mobilenetv3,compound_mild,88,9,0.31357234716415405,0.2625477910041809,0.4238797426223755,1.5560721753730467
WRD25,mobilenetv3,compound_mild,89,9,0.27941426634788513,0.4002152681350708,0.32037046551704407,1.5688421567811357
WRD25,mobilenetv3,compound_mild,90,9,0.19953402876853943,0.4516768455505371,0.34878918528556824,1.5118951329649264
WRD25,mobilenetv3,compound_mild,91,9,0.17104440927505493,0.41413357853889465,0.4148220121860504,1.4890435558460724
WRD25,mobilenetv3,compound_mild,92,9,0.29041925072669983,0.3349081873893738,0.37467244267463684,1.5772347045307105
WRD25,mobilenetv3,compound_mild,93,9,0.1675388365983963,0.5118372440338135,0.3206239938735962,1.4525378108883749
WRD25,mobilenetv3,compound_mild,94,9,0.08502305299043655,0.5654385089874268,0.3495383560657501,1.2975150773943123
WRD25,mobilenetv3,compound_mild,95,9,0.438753217458725,0.2849239110946655,0.2763228416442871,1.5503008737975053
WRD25,mobilenetv3,compound_mild,96,9,0.04125572368502617,0.385341078042984,0.5734032392501831,1.179981269939463
WRD25,mobilenetv3,compound_mild,97,10,0.5789598226547241,0.3572252690792084,0.06381487846374512,1.2403452879905408
WRD25,mobilenetv3,compound_mild,98,10,0.3937217891216278,0.5202447772026062,0.0860334262251854,1.3243810104014537
WRD25,mobilenetv3,compound_mild,99,10,0.5991730093955994,0.1824624240398407,0.21836447715759277,1.3699364216479717
WRD25,mobilenetv3,compound_mild,100,10,0.4260425865650177,0.12924090027809143,0.44471654295921326,1.425822859577106
WRD25,mobilenetv3,compound_mild,101,10,0.49328941106796265,0.45364463329315186,0.05306609347462654,1.2450176682247924
WRD25,mobilenetv3,compound_mild,102,10,0.6477034687995911,0.2526127099990845,0.09968379139900208,1.238881811572972
WRD25,mobilenetv3,compound_mild,103,10,0.5520397424697876,0.345854252576828,0.1021059900522232,1.339069897914643
WRD25,mobilenetv3,compound_mild,104,10,0.566107988357544,0.3883017897605896,0.04559025913476944,1.1977355351824641
WRD25,mobilenetv3,compound_mild,105,10,0.5797405242919922,0.31168511509895325,0.10857439041137695,1.3279723834360326
WRD25,mobilenetv3,compound_mild,106,10,0.8003239035606384,0.1530216932296753,0.046654462814331055,0.8778901262426431
WRD25,mobilenetv3,compound_mild,107,11,0.17229561507701874,0.29231399297714233,0.5353903770446777,1.4383729652705721
WRD25,mobilenetv3,compound_mild,108,11,0.021735845133662224,0.5507435202598572,0.42752066254615784,1.1181170763876565
WRD25,mobilenetv3,compound_mild,109,11,0.02862115018069744,0.6237890720367432,0.3475898206233978,1.1013687209032037
WRD25,mobilenetv3,compound_mild,110,11,0.024017512798309326,0.38433563709259033,0.5916469097137451,1.1074133883478143
WRD25,mobilenetv3,compound_mild,111,11,0.03034054860472679,0.343504399061203,0.6261550784111023,1.1054519515766303
WRD25,mobilenetv3,compound_mild,112,11,0.0302435290068388,0.4433836340904236,0.5263727307319641,1.160238893768471
WRD25,mobilenetv3,compound_mild,113,11,0.031063999980688095,0.7137951850891113,0.2551409602165222,1.0055797181820871
WRD25,mobilenetv3,compound_mild,114,12,0.43328624963760376,0.49123722314834595,0.07547648996114731,1.307937737959967
WRD25,mobilenetv3,compound_mild,115,13,0.6779444813728333,0.08082922548055649,0.24122625589370728,1.168377955834394
WRD25,mobilenetv3,compound_mild,116,13,0.7546563148498535,0.09463720768690109,0.15070649981498718,1.039832676300501
WRD25,mobilenetv3,compound_mild,117,13,0.5391950607299805,0.33132341504096985,0.12948152422904968,1.3903786291932552
WRD25,mobilenetv3,compound_mild,118,13,0.6152758598327637,0.1557091623544693,0.22901490330696106,1.3358968991931857
WRD25,mobilenetv3,compound_mild,119,13,0.5806417465209961,0.04457266628742218,0.37478554248809814,1.18605910013992
WRD25,mobilenetv3,compound_mild,120,13,0.2633347809314728,0.4631807208061218,0.27348458766937256,1.53276572416313
WRD25,mobilenetv3,compound_mild,121,14,0.5000084042549133,0.1979711651802063,0.30202046036720276,1.48425762851778
WRD25,mobilenetv3,compound_mild,122,14,0.6155723929405212,0.08998033404350281,0.29444727301597595,1.2628953393447873
WRD25,mobilenetv3,compound_mild,123,14,0.7931408286094666,0.11096320301294327,0.09589586406946182,0.9415026685530644
WRD25,mobilenetv3,compound_mild,124,14,0.5329774022102356,0.265470415353775,0.20155222713947296,1.457552229935177
WRD25,mobilenetv3,compound_mild,125,14,0.5614085793495178,0.17639681696891785,0.2621946632862091,1.415497659535682
WRD25,mobilenetv3,compound_mild,126,15,0.3826085329055786,0.19953477382659912,0.41785672307014465,1.520341891275463
WRD25,mobilenetv3,compound_mild,127,15,0.4768374264240265,0.06721499562263489,0.4559475779533386,1.2878910485865405
WRD25,mobilenetv3,compound_mild,128,15,0.48408079147338867,0.044424012303352356,0.471495121717453,1.2176771973360085
WRD25,mobilenetv3,compound_mild,129,15,0.4203886389732361,0.059223856776952744,0.5203876495361328,1.2574503734318707
WRD25,mobilenetv3,compound_mild,130,15,0.4774337708950043,0.18700356781482697,0.33556264638900757,1.4902071204867924
WRD25,mobilenetv3,compound_mild,131,15,0.4908204674720764,0.10222344100475311,0.40695610642433167,1.3681216016688387
WRD25,mobilenetv3,compound_mild,132,15,0.4754093587398529,0.015457069501280785,0.5091335773468018,1.0988194622676488
WRD25,mobilenetv3,compound_mild,133,15,0.3891081213951111,0.22937636077404022,0.3815154433250427,1.5474922637892932
WRD25,mobilenetv3,compound_mild,134,15,0.4836381673812866,0.01818636618554592,0.49817541241645813,1.1127910675961448
WRD25,mobilenetv3,compound_mild,135,15,0.47087040543556213,0.00803295522928238,0.5210966467857361,1.0575824213763274
WRD25,mobilenetv3,compound_mild,136,15,0.3466607332229614,0.24175605177879333,0.41158321499824524,1.5521775626483256
WRD25,mobilenetv3,compound_mild,137,15,0.3904842436313629,0.2929707169532776,0.3165450692176819,1.5739692164037544
WRD25,mobilenetv3,compound_mild,138,15,0.4883551299571991,0.08716773986816406,0.4244771897792816,1.3365499342881675
WRD25,mobilenetv3,compound_mild,139,15,0.4037831127643585,0.08117367327213287,0.515043318271637,1.3153853657842118
WRD25,mobilenetv3,compound_mild,140,15,0.47536084055900574,0.13429664075374603,0.3903425931930542,1.4287758857061523
WRD25,mobilenetv3,compound_mild,141,16,0.06968632340431213,0.3977033197879791,0.5326103568077087,1.2809039138305471
WRD25,mobilenetv3,compound_mild,142,16,0.0404549315571785,0.2928300201892853,0.6667150855064392,1.0959954750670087
WRD25,mobilenetv3,compound_mild,143,16,0.06978952884674072,0.7860822081565857,0.1441282480955124,0.9437933868341725
WRD25,mobilenetv3,compound_mild,144,16,0.05648408085107803,0.4227088987827301,0.5208069682121277,1.2494723027487487
WRD25,mobilenetv3,compound_mild,145,16,0.04186686500906944,0.5959323048591614,0.3622008264064789,1.167372885701151
WRD25,mobilenetv3,compound_mild,146,16,0.06311854720115662,0.7930412292480469,0.1438402533531189,0.9192627189543188
WRD25,mobilenetv3,compound_mild,147,16,0.0465102419257164,0.4763142764568329,0.4771755039691925,1.2248727414441218
WRD25,mobilenetv3,compound_mild,148,17,0.0853850245475769,0.46677836775779724,0.44783663749694824,1.335207054314783
WRD25,mobilenetv3,compound_mild,149,17,0.04948314651846886,0.2518678605556488,0.6986490488052368,1.0770885286890717
WRD25,mobilenetv3,compound_mild,150,17,0.014337518252432346,0.5197861194610596,0.46587637066841125,1.0918740043155581
WRD25,mobilenetv3,compound_mild,151,17,0.4299461841583252,0.35364094376564026,0.21641287207603455,1.5317818190002208
WRD25,mobilenetv3,compound_mild,152,18,0.17889174818992615,0.3127523362636566,0.5083559155464172,1.4648172331210128
WRD25,mobilenetv3,compound_mild,153,18,0.11561569571495056,0.47770392894744873,0.40668031573295593,1.3968910644242962
WRD25,mobilenetv3,compound_mild,154,18,0.5245844721794128,0.2879970371723175,0.18741846084594727,1.4582052155790703
WRD25,mobilenetv3,compound_mild,155,18,0.2432701736688614,0.5480629205703735,0.20866693556308746,1.443348373509129
WRD25,mobilenetv3,compound_mild,156,18,0.6594244837760925,0.1812376230955124,0.15933790802955627,1.2649274046924868
WRD25,mobilenetv3,compound_mild,157,18,0.1867823600769043,0.49318790435791016,0.32002970576286316,1.4811081380958226
WRD25,mobilenetv3,compound_mild,158,18,0.5871584415435791,0.14013779163360596,0.27270373702049255,1.3595531544122694
WRD25,mobilenetv3,compound_mild,159,18,0.5150148868560791,0.1895371973514557,0.29544797539711,1.4675154891110722
WRD25,mobilenetv3,compound_mild,160,18,0.7399224638938904,0.09419242292642593,0.1658850759267807,1.0724987703138877
WRD25,mobilenetv3,compound_mild,161,18,0.5588492155075073,0.28308790922164917,0.1580628752708435,1.4052217240677272
WRD25,mobilenetv3,compound_mild,162,18,0.5804417729377747,0.1999397873878479,0.21961842477321625,1.4001397717059745
WRD25,mobilenetv3,compound_mild,163,18,0.42159128189086914,0.3129902482032776,0.2654184103012085,1.5577705732152827
WRD25,mobilenetv3,compound_mild,164,18,0.46262842416763306,0.3113677203655243,0.22600382566452026,1.5235146175302239
WRD25,mobilenetv3,compound_mild,165,18,0.09996960312128067,0.522626519203186,0.37740379571914673,1.3519528071999112
WRD25,mobilenetv3,compound_mild,166,18,0.40775755047798157,0.19995038211345673,0.3922920525074005,1.5216628024745016
WRD25,mobilenetv3,compound_mild,167,18,0.12377963960170746,0.39700159430503845,0.47921881079673767,1.4107758728552506
WRD25,mobilenetv3,compound_mild,168,18,0.6193257570266724,0.11923066526651382,0.2614436447620392,1.2999219887383318
WRD25,mobilenetv3,compound_mild,169,18,0.4618135988712311,0.2249872088432312,0.31319934129714966,1.523498052274387
WRD25,mobilenetv3,compound_mild,170,19,0.06976432353258133,0.03674186393618584,0.8934938907623291,0.5882841496372848
WRD25,mobilenetv3,compound_mild,171,19,0.046821799129247665,0.0650065466761589,0.8881716132164001,0.6150920707680666
WRD25,mobilenetv3,compound_mild,172,19,0.04385938122868538,0.026479994878172874,0.9296606183052063,0.43439840189170487
WRD25,mobilenetv3,compound_mild,173,19,0.683133602142334,0.17423072457313538,0.14263570308685303,1.2155313245900383
WRD25,mobilenetv3,compound_mild,174,20,0.09924696385860443,0.8519247174263,0.04882828891277313,0.7404431925839478
WRD25,mobilenetv3,compound_mild,175,20,0.14504721760749817,0.025867553427815437,0.8290852904319763,0.7645984697117745
WRD25,mobilenetv3,compound_mild,176,20,0.1067332774400711,0.8576151132583618,0.03565151244401932,0.706051749990243
WRD25,mobilenetv3,compound_mild,177,20,0.15679392218589783,0.2799474000930786,0.5632586479187012,1.3997706382100348
WRD25,mobilenetv3,compound_mild,178,21,0.06687648594379425,0.5283110737800598,0.40481239557266235,1.2754560979062486
WRD25,mobilenetv3,compound_mild,179,21,0.5868595242500305,0.2025699019432068,0.2105705887079239,1.3911488349235446
WRD25,mobilenetv3,compound_mild,180,21,0.10322768986225128,0.7178466320037842,0.17892563343048096,1.125690986371361
WRD25,mobilenetv3,compound_mild,181,21,0.2014128714799881,0.4907838702201843,0.3078032433986664,1.4928181021300668
WRD25,mobilenetv3,compound_mild,182,21,0.523818850517273,0.11460021883249283,0.36158087849617004,1.3774714790657896
WRD25,mobilenetv3,compound_mild,183,21,0.5422659516334534,0.04018624126911163,0.4175477921962738,1.1912360215406501
WRD25,mobilenetv3,compound_mild,184,21,0.386742502450943,0.1597464382648468,0.45351099967956543,1.4701249792051736
WRD25,mobilenetv3,compound_mild,185,22,0.03961674124002457,0.6639218926429749,0.2964613735675812,1.0968639761027439
WRD25,mobilenetv3,compound_mild,186,22,0.034488558769226074,0.690926194190979,0.27458518743515015,1.04808591619526
WRD25,mobilenetv3,compound_mild,187,22,0.09556378424167633,0.563829779624939,0.34060654044151306,1.3190542229624698
WRD25,mobilenetv3,compound_mild,188,22,0.04742163047194481,0.771845281124115,0.1807331144809723,0.943010629430084
WRD25,mobilenetv3,compound_mild,189,22,0.0789996087551117,0.7158420085906982,0.20515835285186768,1.1033644713195976
WRD25,mobilenetv3,compound_mild,190,23,0.14004097878932953,0.5989705920219421,0.26098841428756714,1.3458523449443907
WRD25,mobilenetv3,compound_mild,191,23,0.09296232461929321,0.5856805443763733,0.32135704159736633,1.2969407354953866
WRD25,mobilenetv3,compound_mild,192,23,0.5339310765266418,0.33074426651000977,0.13532476127147675,1.4017720852027287
WRD25,mobilenetv3,compound_mild,193,23,0.5830535888671875,0.1436164826154709,0.2733299434185028,1.3673525250273024
WRD25,mobilenetv3,compound_mild,194,24,0.8735091090202332,0.037027113139629364,0.08946381509304047,0.6580627798532668
WRD25,mobilenetv3,compound_mild,195,24,0.9223723411560059,0.0038723312318325043,0.0737554058432579,0.4159585540913281
WRD25,mobilenetv3,compound_mild,196,24,0.9275127649307251,0.023052241653203964,0.04943504557013512,0.4405368435431457
WRD25,mobilenetv3,compound_mild,197,24,0.7131978869438171,0.07993649691343307,0.206865593791008,1.1093962457324498
WRD25,mobilenetv3,compound_mild,198,24,0.34078723192214966,0.03688890114426613,0.6223239302635193,1.1307106617372569
WRD25,mobilenetv3,compound_mild,199,24,0.5914767980575562,0.15815123915672302,0.2503719925880432,1.3690944554489906
WRD25,mobilenetv3,compound_severe,0,0,0.18586641550064087,0.7684662938117981,0.04566727951169014,0.9465390891634748
WRD25,mobilenetv3,compound_severe,1,0,0.1622103899717331,0.6575060486793518,0.18028365075588226,1.2689910583341573
WRD25,mobilenetv3,compound_severe,2,0,0.03617949038743973,0.9212448000907898,0.04257574677467346,0.4761580150505087
WRD25,mobilenetv3,compound_severe,3,0,0.12442712485790253,0.6077955365180969,0.26777738332748413,1.3197274536494188
WRD25,mobilenetv3,compound_severe,4,0,0.13579246401786804,0.05433068051934242,0.8098769783973694,0.8658410546406434
WRD25,mobilenetv3,compound_severe,5,0,0.07926133275032043,0.0801079124212265,0.8406307101249695,0.792164476672669
WRD25,mobilenetv3,compound_severe,6,0,0.06173111870884895,0.6358292102813721,0.30243971943855286,1.185200340689323
WRD25,mobilenetv3,compound_severe,7,0,0.7893555760383606,0.05284258723258972,0.15780189633369446,0.9138910857674596
WRD25,mobilenetv3,compound_severe,8,0,0.905659556388855,0.03736613690853119,0.05697431042790413,0.5421731632549597
WRD25,mobilenetv3,compound_severe,9,0,0.15837660431861877,0.7037940621376038,0.1378292292356491,1.1717802795441445
WRD25,mobilenetv3,compound_severe,10,0,0.5261035561561584,0.23657028377056122,0.23732614517211914,1.471928578837458
WRD25,mobilenetv3,compound_severe,11,0,0.06825288385152817,0.9023579955101013,0.029389087110757828,0.5476445597638634
WRD25,mobilenetv3,compound_severe,12,0,0.1044369712471962,0.22819575667381287,0.6673672795295715,1.2161993741712933
WRD25,mobilenetv3,compound_severe,13,0,0.74566251039505,0.07394054532051086,0.18039695918560028,1.0392646929251836
WRD25,mobilenetv3,compound_severe,14,0,0.03560970723628998,0.14249461889266968,0.8218956589698792,0.8044686130186395
WRD25,mobilenetv3,compound_severe,15,0,0.04776447266340256,0.8964506387710571,0.055784765630960464,0.5832472287530357
WRD25,mobilenetv3,compound_severe,16,0,0.05146833509206772,0.06541796773672104,0.8831138014793396,0.636026399999769
WRD25,mobilenetv3,compound_severe,17,0,0.22364947199821472,0.7233276963233948,0.053022827953100204,1.0459031052785703
WRD25,mobilenetv3,compound_severe,18,1,0.8734080195426941,0.11857904493808746,0.008012988604605198,0.5911089606825066
WRD25,mobilenetv3,compound_severe,19,1,0.9697839617729187,0.029012098908424377,0.0012039723806083202,0.2027739753052178
WRD25,mobilenetv3,compound_severe,20,1,0.7769162058830261,0.19482672214508057,0.028257068246603012,0.8880581198152981
WRD25,mobilenetv3,compound_severe,21,1,0.8455316424369812,0.06939510256052017,0.08507325500249863,0.7742288223650702
WRD25,mobilenetv3,compound_severe,22,1,0.9064869284629822,0.04018883407115936,0.05332411453127861,0.540265805170321
WRD25,mobilenetv3,compound_severe,23,1,0.15994350612163544,0.8079503178596497,0.032106202095746994,0.8308033533214196
WRD25,mobilenetv3,compound_severe,24,1,0.09457772970199585,0.11244379729032516,0.7929784059524536,0.9416587623981076
WRD25,mobilenetv3,compound_severe,25,2,0.7631048560142517,0.15030178427696228,0.08659324795007706,1.0142212129752297
WRD25,mobilenetv3,compound_severe,26,2,1.3763828974333592e-05,0.9341377019882202,0.06584854423999786,0.3504774338655922
WRD25,mobilenetv3,compound_severe,27,2,0.020923344418406487,0.9733550548553467,0.005721603520214558,0.19727206761837165
WRD25,mobilenetv3,compound_severe,28,2,0.9248647689819336,0.03482420742511749,0.04031088203191757,0.4596468513024033
WRD25,mobilenetv3,compound_severe,29,2,0.9111674427986145,0.015325070358812809,0.07350746542215347,0.49149501159928
WRD25,mobilenetv3,compound_severe,30,2,0.9695039987564087,0.02483159676194191,0.005664396099746227,0.21799101486859104
WRD25,mobilenetv3,compound_severe,31,2,0.039021145552396774,0.9011616110801697,0.05981723964214325,0.5609608546664983
WRD25,mobilenetv3,compound_severe,32,2,0.10013893991708755,0.03284718468785286,0.8670138716697693,0.6728222975617927
WRD25,mobilenetv3,compound_severe,33,2,0.05175776407122612,0.8596474528312683,0.0885946974158287,0.7184571236620838
WRD25,mobilenetv3,compound_severe,34,2,0.09771103411912918,0.7749844789505005,0.12730449438095093,0.9914203843868401
WRD25,mobilenetv3,compound_severe,35,2,0.034399013966321945,0.7419537305831909,0.22364714741706848,0.9699500445094617
WRD25,mobilenetv3,compound_severe,36,3,0.03093050792813301,0.7726011276245117,0.1964683085680008,0.9039117314837848
WRD25,mobilenetv3,compound_severe,37,3,0.9202938675880432,0.07562285661697388,0.004083310719579458,0.42438508963311916
WRD25,mobilenetv3,compound_severe,38,3,0.7883458137512207,0.09376989305019379,0.11788428574800491,0.9543007924178308
WRD25,mobilenetv3,compound_severe,39,3,0.8400643467903137,0.14334718883037567,0.016588406637310982,0.7110326524321158
WRD25,mobilenetv3,compound_severe,40,3,0.033511050045490265,0.9172773957252502,0.04921151325106621,0.4922603461663489
WRD25,mobilenetv3,compound_severe,41,4,0.9257073402404785,0.03216961398720741,0.042123157531023026,0.45507086753826165
WRD25,mobilenetv3,compound_severe,42,4,0.5040226578712463,0.18775705993175507,0.3082202672958374,1.474612780710224
WRD25,mobilenetv3,compound_severe,43,4,0.007588680367916822,0.862736701965332,0.1296745389699936,0.6193636730672468
WRD25,mobilenetv3,compound_severe,44,4,0.11105979979038239,0.8804133534431458,0.008526863530278206,0.5725103234310787
WRD25,mobilenetv3,compound_severe,45,4,0.1846921294927597,0.7757918834686279,0.03951593115925789,0.9183995320660913
WRD25,mobilenetv3,compound_severe,46,5,0.8788550496101379,0.034051913768053055,0.08709300309419632,0.6364549429625528
WRD25,mobilenetv3,compound_severe,47,5,0.627314031124115,0.13607555627822876,0.23661039769649506,1.3055906815085683
WRD25,mobilenetv3,compound_severe,48,5,0.7319880127906799,0.15529845654964447,0.11271349340677261,1.1017077143235512
WRD25,mobilenetv3,compound_severe,49,5,0.0599544420838356,0.856123685836792,0.08392193913459778,0.7352841877724777
WRD25,mobilenetv3,compound_severe,50,6,0.37179040908813477,0.6176502108573914,0.010559430345892906,1.029386230050889
WRD25,mobilenetv3,compound_severe,51,6,0.01496059074997902,0.30149567127227783,0.6835437417030334,0.9874192057112596
WRD25,mobilenetv3,compound_severe,52,6,0.0031888943631201982,0.1594986468553543,0.8373124599456787,0.6633459196836597
WRD25,mobilenetv3,compound_severe,53,7,0.22297923266887665,0.7420103549957275,0.035010434687137604,0.9714943129009582
WRD25,mobilenetv3,compound_severe,54,7,0.6376838684082031,0.30412960052490234,0.058186449110507965,1.1749252474563794
WRD25,mobilenetv3,compound_severe,55,7,0.7702775001525879,0.024211451411247253,0.2055111974477768,0.8891417243040162
WRD25,mobilenetv3,compound_severe,56,7,0.5666518211364746,0.20166923105716705,0.2316790372133255,1.4189914567994517
WRD25,mobilenetv3,compound_severe,57,7,0.9014968872070312,0.08800709247589111,0.01049603708088398,0.512443723310492
WRD25,mobilenetv3,compound_severe,58,7,0.12340299040079117,0.1289544701576233,0.7476426362991333,1.067262571200291
WRD25,mobilenetv3,compound_severe,59,7,0.2629338204860687,0.7181980609893799,0.018868060782551765,0.957780898435964
WRD25,mobilenetv3,compound_severe,60,7,0.45302924513816833,0.18824699521064758,0.3587237596511841,1.5016219559885817
WRD25,mobilenetv3,compound_severe,61,7,0.035341519862413406,0.2081269472837448,0.7565315961837769,0.9462552461015592
WRD25,mobilenetv3,compound_severe,62,7,0.15729118883609772,0.08487910777330399,0.7578297257423401,1.0249408815722842
WRD25,mobilenetv3,compound_severe,63,7,0.011170105077326298,0.800001323223114,0.1888285130262375,0.7840748262610353
WRD25,mobilenetv3,compound_severe,64,7,0.19717681407928467,0.09910150617361069,0.7037217617034912,1.1491057345196083
WRD25,mobilenetv3,compound_severe,65,7,0.988750159740448,0.008395901881158352,0.002853869227692485,0.09816070039558625
WRD25,mobilenetv3,compound_severe,66,7,0.06424334645271301,0.22997243702411652,0.705784261226654,1.0968708608213968
WRD25,mobilenetv3,compound_severe,67,7,0.034159597009420395,0.060785047709941864,0.9050554633140564,0.5422481793881215
WRD25,mobilenetv3,compound_severe,68,7,0.15996208786964417,0.6639803051948547,0.1760576367378235,1.256422173391596
WRD25,mobilenetv3,compound_severe,69,8,0.24157030880451202,0.06684352457523346,0.6915861368179321,1.1239266153654421
WRD25,mobilenetv3,compound_severe,70,8,0.07890839874744415,0.7711571455001831,0.14993435144424438,0.988664007753802
WRD25,mobilenetv3,compound_severe,71,8,0.7417660355567932,0.17318177223205566,0.08505222946405411,1.0601659073017522
WRD25,mobilenetv3,compound_severe,72,8,0.06401980668306351,0.9165207743644714,0.019459368661046028,0.47971744427356977
WRD25,mobilenetv3,compound_severe,73,8,0.9758626818656921,0.017786791548132896,0.006350557319819927,0.18414673712235385
WRD25,mobilenetv3,compound_severe,74,8,0.01662774197757244,0.7995320558547974,0.18384017050266266,0.8055501124682478
WRD25,mobilenetv3,compound_severe,75,8,0.008826474659144878,0.8714907765388489,0.11968272924423218,0.5997262249460354
WRD25,mobilenetv3,compound_severe,76,8,0.8609046936035156,0.08088309317827225,0.058212392032146454,0.7182831317141218
WRD25,mobilenetv3,compound_severe,77,8,0.8386842608451843,0.08207947015762329,0.0792362242937088,0.7987274109798783
WRD25,mobilenetv3,compound_severe,78,8,0.7668220400810242,0.1132616251707077,0.11991634964942932,1.016551170616375
WRD25,mobilenetv3,compound_severe,79,8,0.424174964427948,0.5156963467597961,0.060128603130578995,1.261387755014281
WRD25,mobilenetv3,compound_severe,80,8,0.2165640890598297,0.6747907400131226,0.10864517837762833,1.208836455302475
WRD25,mobilenetv3,compound_severe,81,8,0.32266661524772644,0.10483530908823013,0.5724981427192688,1.328332591757143
WRD25,mobilenetv3,compound_severe,82,8,0.4310501515865326,0.35802891850471497,0.21092094480991364,1.5274370664732948
WRD25,mobilenetv3,compound_severe,83,8,0.22296294569969177,0.732524037361145,0.044513095170259476,1.0115310318764883
WRD25,mobilenetv3,compound_severe,84,8,0.7072428464889526,0.17586766183376312,0.11688962578773499,1.1563839727561338
WRD25,mobilenetv3,compound_severe,85,8,0.08387131243944168,0.03716500476002693,0.8789637088775635,0.6400240473781444
WRD25,mobilenetv3,compound_severe,86,9,0.4126795828342438,0.4892202615737915,0.0981002002954483,1.3601527672504814
WRD25,mobilenetv3,compound_severe,87,9,0.4130813479423523,0.457999587059021,0.1289191097021103,1.4238756821435847
WRD25,mobilenetv3,compound_severe,88,9,0.5239128470420837,0.29976794123649597,0.1763191521167755,1.4510801607506325
WRD25,mobilenetv3,compound_severe,89,9,0.37299981713294983,0.28345873951911926,0.34354138374328613,1.5757882875626603
WRD25,mobilenetv3,compound_severe,90,9,0.5438956022262573,0.34713613986968994,0.10896822810173035,1.356226211464226
WRD25,mobilenetv3,compound_severe,91,9,0.3780318796634674,0.4819492697715759,0.14001892507076263,1.4351892631332284
WRD25,mobilenetv3,compound_severe,92,9,0.4554329216480255,0.2966836988925934,0.24788343906402588,1.5356696678605444
WRD25,mobilenetv3,compound_severe,93,9,0.4827459752559662,0.12421274930238724,0.39304134249687195,1.410497958792871
WRD25,mobilenetv3,compound_severe,94,9,0.410980761051178,0.26234281063079834,0.3266763687133789,1.5609530648092398
WRD25,mobilenetv3,compound_severe,95,9,0.24494048953056335,0.4948546290397644,0.26020485162734985,1.5047361893312088
WRD25,mobilenetv3,compound_severe,96,9,0.6171448230743408,0.21012599766254425,0.1727292388677597,1.3402496588065413
WRD25,mobilenetv3,compound_severe,97,10,0.9055883288383484,0.08383291214704514,0.010578720830380917,0.498804784780313
WRD25,mobilenetv3,compound_severe,98,10,0.016708984971046448,0.9425449371337891,0.040745966136455536,0.36723107193817317
WRD25,mobilenetv3,compound_severe,99,10,0.9865908622741699,0.012670985423028469,0.0007382156327366829,0.1067519468907869
WRD25,mobilenetv3,compound_severe,100,10,0.9596458077430725,0.02157697081565857,0.01877715438604355,0.2841273933476508
WRD25,mobilenetv3,compound_severe,101,10,0.0028995878528803587,0.018323989585042,0.9787764549255371,0.16046690503323194
WRD25,mobilenetv3,compound_severe,102,10,0.8932434320449829,0.03840426355600357,0.06835226714611053,0.5906687486220766
WRD25,mobilenetv3,compound_severe,103,10,0.9525623321533203,0.03570900112390518,0.011728506535291672,0.3136865343420575
WRD25,mobilenetv3,compound_severe,104,10,0.04424194246530533,0.8573268055915833,0.09843134135007858,0.7186445178286296
WRD25,mobilenetv3,compound_severe,105,10,0.9666901230812073,0.018297385424375534,0.015012462623417377,0.24380398995384212
WRD25,mobilenetv3,compound_severe,106,10,0.9767650365829468,0.014708596281707287,0.008526386693120003,0.18127172931940855
WRD25,mobilenetv3,compound_severe,107,11,0.03441576659679413,0.03430771455168724,0.9312765598297119,0.42986511979139946
WRD25,mobilenetv3,compound_severe,108,11,0.03706907480955124,0.003541848622262478,0.9593889713287354,0.26243130627462297
WRD25,mobilenetv3,compound_severe,109,11,0.9968101382255554,0.0015118649462237954,0.0016781234880909324,0.03423069110725102
WRD25,mobilenetv3,compound_severe,110,11,0.9211884140968323,0.07520871609449387,0.003602785523980856,0.4190914208879393
WRD25,mobilenetv3,compound_severe,111,11,0.9157565832138062,0.0750989243388176,0.009144408628344536,0.4587013688565019
WRD25,mobilenetv3,compound_severe,112,11,0.018752820789813995,0.052510861307382584,0.9287363290786743,0.42987463224139555
WRD25,mobilenetv3,compound_severe,113,11,0.001348111662082374,0.8650276064872742,0.1336241066455841,0.5818127235204726
WRD25,mobilenetv3,compound_severe,114,12,0.026164447888731956,0.9086183309555054,0.06521716713905334,0.5200112403396442
WRD25,mobilenetv3,compound_severe,115,13,0.8908125758171082,0.055782999843358994,0.053404469043016434,0.6066103145880084
WRD25,mobilenetv3,compound_severe,116,13,0.08563206344842911,0.7339904308319092,0.1803775280714035,1.0768046073544237
WRD25,mobilenetv3,compound_severe,117,13,0.09395197778940201,0.2382124960422516,0.6678354144096375,1.2025522452537127
WRD25,mobilenetv3,compound_severe,118,13,0.020670339465141296,0.038630321621894836,0.9406994581222534,0.3799771440426518
WRD25,mobilenetv3,compound_severe,119,13,0.05061962082982063,0.05266405642032623,0.8967163562774658,0.5825734789375422
WRD25,mobilenetv3,compound_severe,120,13,0.11158046126365662,0.42570310831069946,0.46271654963493347,1.3919716087600107
WRD25,mobilenetv3,compound_severe,121,14,0.059567857533693314,0.9055140018463135,0.03491833060979843,0.5410627952895192
WRD25,mobilenetv3,compound_severe,122,14,0.025421272963285446,0.1204102635383606,0.8541684746742249,0.69665090211033
WRD25,mobilenetv3,compound_severe,123,14,0.8901311755180359,0.0639045313000679,0.04596446081995964,0.6072670107180138
WRD25,mobilenetv3,compound_severe,124,14,0.02438453398644924,0.9503226280212402,0.025292886421084404,0.33469050497171526
WRD25,mobilenetv3,compound_severe,125,14,0.05012252926826477,0.017383476719260216,0.932494044303894,0.41210197734826093
WRD25,mobilenetv3,compound_severe,126,15,0.22007617354393005,0.6953446865081787,0.08457905054092407,1.14653156520848
WRD25,mobilenetv3,compound_severe,127,15,0.27322229743003845,0.6653791069984436,0.06139853224158287,1.1496786356998296
WRD25,mobilenetv3,compound_severe,128,15,0.10118133574724197,0.3797370493412018,0.5190815925598145,1.3559017839572132
WRD25,mobilenetv3,compound_severe,129,15,0.4057313799858093,0.09919655323028564,0.49507206678390503,1.3608448167789846
WRD25,mobilenetv3,compound_severe,130,15,0.31601229310035706,0.4064222276210785,0.27756544947624207,1.5663637768174452
WRD25,mobilenetv3,compound_severe,131,15,0.5758519172668457,0.11297602951526642,0.31117212772369385,1.3380041348769407
WRD25,mobilenetv3,compound_severe,132,15,0.3928046226501465,0.5499646663665771,0.05723075941205025,1.2401349300008915
WRD25,mobilenetv3,compound_severe,133,15,0.6879981160163879,0.07188095152378082,0.2401210367679596,1.1384217796614085
WRD25,mobilenetv3,compound_severe,134,15,0.1271694004535675,0.6593555212020874,0.21347512304782867,1.2501320985079183
WRD25,mobilenetv3,compound_severe,135,15,0.10282605141401291,0.8640508055686951,0.033123090863227844,0.6824324793017591
WRD25,mobilenetv3,compound_severe,136,15,0.2477397322654724,0.6938400864601135,0.058420103043317795,1.1039747052684543
WRD25,mobilenetv3,compound_severe,137,15,0.04376565292477608,0.2940516173839569,0.662182629108429,1.1106135211568269
WRD25,mobilenetv3,compound_severe,138,15,0.071743443608284,0.5825657248497009,0.3456908166408539,1.2565641504783058
WRD25,mobilenetv3,compound_severe,139,15,0.07250399887561798,0.05925449728965759,0.8682416081428528,0.6930369465904581
WRD25,mobilenetv3,compound_severe,140,15,0.22969745099544525,0.36054569482803345,0.4097568392753601,1.5455166979213564
WRD25,mobilenetv3,compound_severe,141,16,0.06271810084581375,0.10095266252756119,0.8363291621208191,0.8001872298131201
WRD25,mobilenetv3,compound_severe,142,16,0.1808752864599228,0.7158122658729553,0.10331250727176666,1.129816462337856
WRD25,mobilenetv3,compound_severe,143,16,0.12496670335531235,0.8180239200592041,0.05700927600264549,0.8475991220768146
WRD25,mobilenetv3,compound_severe,144,16,0.639526903629303,0.12461748719215393,0.23585566878318787,1.2783779438337217
WRD25,mobilenetv3,compound_severe,145,16,0.814679741859436,0.0919506698846817,0.09336946159601212,0.8768906002011546
WRD25,mobilenetv3,compound_severe,146,16,0.005496479570865631,0.9117418527603149,0.08276170492172241,0.4603207305329675
WRD25,mobilenetv3,compound_severe,147,16,0.15546973049640656,0.8080539107322693,0.03647629916667938,0.8401831007972882
WRD25,mobilenetv3,compound_severe,148,17,0.008142647333443165,0.9580333232879639,0.03382398188114166,0.2810263103143045
WRD25,mobilenetv3,compound_severe,149,17,0.17645159363746643,0.786669909954071,0.03687845170497894,0.8895000205921935
WRD25,mobilenetv3,compound_severe,150,17,0.6955888867378235,0.15067970752716064,0.15373146533966064,1.1910054930254077
WRD25,mobilenetv3,compound_severe,151,17,0.2158040851354599,0.6805593371391296,0.10363653302192688,1.194186911929579
WRD25,mobilenetv3,compound_severe,152,18,0.017062516883015633,0.057258863002061844,0.9256786108016968,0.43961517447229836
WRD25,mobilenetv3,compound_severe,153,18,0.023461543023586273,0.9171361327171326,0.059402234852313995,0.48342722167398766
WRD25,mobilenetv3,compound_severe,154,18,0.023292062804102898,0.9069692492485046,0.06973875313997269,0.522034434138436
WRD25,mobilenetv3,compound_severe,155,18,0.004118290264159441,0.9130182862281799,0.08286348730325699,0.4502357470080615
WRD25,mobilenetv3,compound_severe,156,18,0.041324835270643234,0.7556362748146057,0.20303887128829956,0.962443782729733
WRD25,mobilenetv3,compound_severe,157,18,0.18435274064540863,0.1571512520313263,0.6584960222244263,1.2661900719470585
WRD25,mobilenetv3,compound_severe,158,18,0.15903806686401367,0.7590380311012268,0.08192378282546997,1.0194791398279501
WRD25,mobilenetv3,compound_severe,159,18,0.0170767679810524,0.8742569088935852,0.10866635292768478,0.6177167816610526
WRD25,mobilenetv3,compound_severe,160,18,0.7141664624214172,0.11843501031398773,0.16739852726459503,1.1430314602017424
WRD25,mobilenetv3,compound_severe,161,18,0.1418413668870926,0.27467837929725647,0.5834802985191345,1.3652171876756478
WRD25,mobilenetv3,compound_severe,162,18,0.6086746454238892,0.1403932273387909,0.25093209743499756,1.334141788057086
WRD25,mobilenetv3,compound_severe,163,18,0.02330419048666954,0.7001001834869385,0.2765955626964569,0.9993427278870719
WRD25,mobilenetv3,compound_severe,164,18,0.25424855947494507,0.7251629829406738,0.020588448271155357,0.9538549723344729
WRD25,mobilenetv3,compound_severe,165,18,0.07085475325584412,0.7410104274749756,0.1881347894668579,1.0444671964489072
WRD25,mobilenetv3,compound_severe,166,18,0.9772754907608032,0.01108253188431263,0.011641858145594597,0.17918989602587965
WRD25,mobilenetv3,compound_severe,167,18,0.21382592618465424,0.7474926710128784,0.03868139535188675,0.9712179586842096
WRD25,mobilenetv3,compound_severe,168,18,0.14475640654563904,0.08414177596569061,0.7711018919944763,0.993265876368308
WRD25,mobilenetv3,compound_severe,169,18,0.025234779343008995,0.6813786625862122,0.2933865189552307,1.0301184917108404
WRD25,mobilenetv3,compound_severe,170,19,0.7136523127555847,0.15805573761463165,0.12829186022281647,1.1480682953539807
WRD25,mobilenetv3,compound_severe,171,19,0.5668684840202332,0.14799004793167114,0.28514134883880615,1.3883178159832619
WRD25,mobilenetv3,compound_severe,172,19,0.7439938187599182,0.15273350477218628,0.10327264666557312,1.069729085613945
WRD25,mobilenetv3,compound_severe,173,19,0.8475014567375183,0.11540739238262177,0.03709125518798828,0.7381117568698292
WRD25,mobilenetv3,compound_severe,174,20,0.000293573277303949,0.13050036132335663,0.8692060708999634,0.5626178561627312
WRD25,mobilenetv3,compound_severe,175,20,0.18893314898014069,0.7899354100227356,0.021131431683897972,0.8405210948541213
WRD25,mobilenetv3,compound_severe,176,20,0.9718360900878906,0.025692427530884743,0.002471470506861806,0.1971788339883051
WRD25,mobilenetv3,compound_severe,177,20,0.1745353788137436,0.8139517903327942,0.011512842029333115,0.7554324224315923
WRD25,mobilenetv3,compound_severe,178,21,0.01454945933073759,0.9670682549476624,0.01838252693414688,0.2414983279986393
WRD25,mobilenetv3,compound_severe,179,21,0.005000804550945759,0.07655888050794601,0.9184402823448181,0.434781296326126
WRD25,mobilenetv3,compound_severe,180,21,0.0933084562420845,0.8655880689620972,0.04110341891646385,0.6888085925806292
WRD25,mobilenetv3,compound_severe,181,21,0.04863114282488823,0.12370491772890091,0.8276638984680176,0.8109567474306655
WRD25,mobilenetv3,compound_severe,182,21,0.06767512112855911,0.8119992017745972,0.1203257292509079,0.8744915176114629
WRD25,mobilenetv3,compound_severe,183,21,0.9257716536521912,0.03915820270776749,0.03507025167346001,0.4555748100330149
WRD25,mobilenetv3,compound_severe,184,21,0.08770836889743805,0.8541872501373291,0.05810444802045822,0.740708827771471
WRD25,mobilenetv3,compound_severe,185,22,0.0108890226110816,0.9869997501373291,0.002111294539645314,0.10840461954589478
WRD25,mobilenetv3,compound_severe,186,22,0.10240362584590912,0.8470441102981567,0.05055227503180504,0.7572100301570237
WRD25,mobilenetv3,compound_severe,187,22,0.022792192175984383,0.8431975245475769,0.13401028513908386,0.7203877948655129
WRD25,mobilenetv3,compound_severe,188,22,0.7348154187202454,0.06696146726608276,0.1982230693101883,1.0506561226235358
WRD25,mobilenetv3,compound_severe,189,22,0.5018357634544373,0.0858912542462349,0.41227295994758606,1.330373190638221
WRD25,mobilenetv3,compound_severe,190,23,0.019703546538949013,0.001603989046998322,0.978692352771759,0.15693055530623223
WRD25,mobilenetv3,compound_severe,191,23,0.06619524955749512,0.9018668532371521,0.031937841325998306,0.5523717286966118
WRD25,mobilenetv3,compound_severe,192,23,0.6963080167770386,0.22562801837921143,0.07806398719549179,1.135471604847686
WRD25,mobilenetv3,compound_severe,193,23,0.21101507544517517,0.5733919143676758,0.21559303998947144,1.4109745887099494
WRD25,mobilenetv3,compound_severe,194,24,0.969567060470581,0.0003958224842790514,0.03003714047372341,0.1996055222777954
WRD25,mobilenetv3,compound_severe,195,24,0.9867947697639465,0.010411287657916546,0.002794001018628478,0.11119332328101994
WRD25,mobilenetv3,compound_severe,196,24,0.02166050486266613,0.9690711498260498,0.009268402121961117,0.2262738899538333
WRD25,mobilenetv3,compound_severe,197,24,0.9911234378814697,0.0030157696455717087,0.005860712379217148,0.08145634668113591
WRD25,mobilenetv3,compound_severe,198,24,0.08600828796625137,0.02102588303387165,0.8929659128189087,0.5674076920560235
WRD25,mobilenetv3,compound_severe,199,24,0.1900627315044403,0.6018146872520447,0.2081226408481598,1.3674734670993707
WRD25,mobilenetv3,compound_optical_severe,0,0,0.6783412098884583,0.29383182525634766,0.027826903387904167,1.0427892376051604
WRD25,mobilenetv3,compound_optical_severe,1,0,0.02566578984260559,0.33347657322883606,0.6408577561378479,1.075341413127446
WRD25,mobilenetv3,compound_optical_severe,2,0,0.22618207335472107,0.6009490489959717,0.17286884784698486,1.3642903504537875
WRD25,mobilenetv3,compound_optical_severe,3,0,0.5621026754379272,0.19048605859279633,0.24741128087043762,1.4213871637733713
WRD25,mobilenetv3,compound_optical_severe,4,0,0.12885260581970215,0.6221351027488708,0.24901221692562103,1.3063375899989422
WRD25,mobilenetv3,compound_optical_severe,5,0,0.2867901921272278,0.03956509754061699,0.6736445426940918,1.0850724606418458
WRD25,mobilenetv3,compound_optical_severe,6,0,0.39207062125205994,0.507560133934021,0.10036924481391907,1.359071545959141
WRD25,mobilenetv3,compound_optical_severe,7,0,0.42841237783432007,0.15522143244743347,0.41636621952056885,1.4674087919366534
WRD25,mobilenetv3,compound_optical_severe,8,0,0.48427003622055054,0.13177913427352905,0.38395074009895325,1.4221380534899604
WRD25,mobilenetv3,compound_optical_severe,9,0,0.514233410358429,0.11164123564958572,0.37412527203559875,1.377198889985107
WRD25,mobilenetv3,compound_optical_severe,10,0,0.1720224767923355,0.5718236565589905,0.2561538815498352,1.4012376740100876
WRD25,mobilenetv3,compound_optical_severe,11,0,0.47126853466033936,0.02497946098446846,0.5037519335746765,1.1427921188296863
WRD25,mobilenetv3,compound_optical_severe,12,0,0.26811060309410095,0.09851328283548355,0.6333760023117065,1.2558615170181298
WRD25,mobilenetv3,compound_optical_severe,13,0,0.41235992312431335,0.13337814807891846,0.4542619585990906,1.431790334832207
WRD25,mobilenetv3,compound_optical_severe,14,0,0.02251768484711647,0.5801765322685242,0.3973059058189392,1.108009875782638
WRD25,mobilenetv3,compound_optical_severe,15,0,0.03674991428852081,0.2582120895385742,0.7050378918647766,1.0350377863227527
WRD25,mobilenetv3,compound_optical_severe,16,0,0.26855790615081787,0.5736929178237915,0.1577492356300354,1.3895635024737572
WRD25,mobilenetv3,compound_optical_severe,17,0,0.4700634181499481,0.23200544714927673,0.2979312241077423,1.5214177918493879
WRD25,mobilenetv3,compound_optical_severe,18,1,0.9866105318069458,0.01074779313057661,0.0026417397893965244,0.11210033065470898
WRD25,mobilenetv3,compound_optical_severe,19,1,0.005109108984470367,0.991037130355835,0.0038538428489118814,0.08267269649449234
WRD25,mobilenetv3,compound_optical_severe,20,1,0.011864264495670795,0.565779447555542,0.4223562180995941,1.0659791694150642
WRD25,mobilenetv3,compound_optical_severe,21,1,0.8871554732322693,0.06059322878718376,0.0522514209151268,0.6208364700315896
WRD25,mobilenetv3,compound_optical_severe,22,1,0.6647610664367676,0.02901896834373474,0.3062199652194977,1.0626290126597895
WRD25,mobilenetv3,compound_optical_severe,23,1,0.019272247329354286,0.7392854690551758,0.24144235253334045,0.9269954836726707
WRD25,mobilenetv3,compound_optical_severe,24,1,0.25928428769111633,0.019020646810531616,0.721695065498352,0.9532414796281268
WRD25,mobilenetv3,compound_optical_severe,25,2,0.008752544410526752,0.007964912801980972,0.9832825064659119,0.13928094947894962
WRD25,mobilenetv3,compound_optical_severe,26,2,0.004147837404161692,0.9903490543365479,0.005503138992935419,0.08798358116940633
WRD25,mobilenetv3,compound_optical_severe,27,2,0.0029635594692081213,0.9940804839134216,0.002956029027700424,0.058241067951149764
WRD25,mobilenetv3,compound_optical_severe,28,2,0.8691368103027344,0.11464640498161316,0.01621677167713642,0.630536087154572
WRD25,mobilenetv3,compound_optical_severe,29,2,0.6707717776298523,0.30452772974967957,0.024700496345758438,1.040692486142837
WRD25,mobilenetv3,compound_optical_severe,30,2,0.9398096799850464,0.04449092596769333,0.0156993567943573,0.3780370363233311
WRD25,mobilenetv3,compound_optical_severe,31,2,0.006445613689720631,0.04819590598344803,0.9453586339950562,0.33439915491838196
WRD25,mobilenetv3,compound_optical_severe,32,2,0.010548600926995277,0.9125081300735474,0.07694333791732788,0.4744994377595855
WRD25,mobilenetv3,compound_optical_severe,33,2,0.00833453331142664,0.06455442309379578,0.9271109104156494,0.413997116383045
WRD25,mobilenetv3,compound_optical_severe,34,2,0.017317824065685272,0.5178346037864685,0.4648474156856537,1.1067239067797474
WRD25,mobilenetv3,compound_optical_severe,35,2,0.021418850868940353,0.5605683326721191,0.41801270842552185,1.1128821052875755
WRD25,mobilenetv3,compound_optical_severe,36,3,0.03614535555243492,0.5655110478401184,0.3983434736728668,1.1671651671262773
WRD25,mobilenetv3,compound_optical_severe,37,3,0.013894227333366871,0.0015936284326016903,0.9845121502876282,0.12269929333323729
WRD25,mobilenetv3,compound_optical_severe,38,3,0.004689706489443779,0.006453853100538254,0.9888564944267273,0.09922356220215821
WRD25,mobilenetv3,compound_optical_severe,39,3,0.005969356745481491,0.9517423510551453,0.042288295924663544,0.305003133482628
WRD25,mobilenetv3,compound_optical_severe,40,3,0.013323954306542873,0.9810767769813538,0.005599353462457657,0.1519327183840006
WRD25,mobilenetv3,compound_optical_severe,41,4,0.20883111655712128,0.7592291235923767,0.03193962946534157,0.9322774099692052
WRD25,mobilenetv3,compound_optical_severe,42,4,0.02435176819562912,0.6806491017341614,0.2949991524219513,1.027850675362771
WRD25,mobilenetv3,compound_optical_severe,43,4,0.42273786664009094,0.4963110685348511,0.08095110952854156,1.320317387557043
WRD25,mobilenetv3,compound_optical_severe,44,4,0.982029139995575,0.013636702671647072,0.004334178753197193,0.14421348135066173
WRD25,mobilenetv3,compound_optical_severe,45,4,0.6984177827835083,0.2744438648223877,0.027138449251651764,1.0148348305139372
WRD25,mobilenetv3,compound_optical_severe,46,5,0.024296840652823448,0.657373309135437,0.31832990050315857,1.0538501520377945
WRD25,mobilenetv3,compound_optical_severe,47,5,0.01271298062056303,0.5709919929504395,0.41629505157470703,1.0680143558826503
WRD25,mobilenetv3,compound_optical_severe,48,5,0.004821871407330036,0.0021132470574229956,0.9930649399757385,0.06585952288763647
WRD25,mobilenetv3,compound_optical_severe,49,5,0.016303472220897675,0.7184028625488281,0.26529359817504883,0.9474578462360268
WRD25,mobilenetv3,compound_optical_severe,50,6,0.005992267280817032,0.007522743195295334,0.9864850044250488,0.11667407034963671
WRD25,mobilenetv3,compound_optical_severe,51,6,0.002415456110611558,0.0020099212415516376,0.9955745339393616,0.04537523747200097
WRD25,mobilenetv3,compound_optical_severe,52,6,0.0057669347152113914,0.983858585357666,0.010374456644058228,0.1343686685889796
WRD25,mobilenetv3,compound_optical_severe,53,7,0.48113906383514404,0.020771177485585213,0.4980897009372711,1.124766023692188
WRD25,mobilenetv3,compound_optical_severe,54,7,0.013486905954778194,0.6861664652824402,0.3003466725349426,0.9778179999356155
WRD25,mobilenetv3,compound_optical_severe,55,7,0.0051438696682453156,0.5000039935112,0.49485230445861816,1.0413472791421796
WRD25,mobilenetv3,compound_optical_severe,56,7,0.022644702345132828,0.6440905928611755,0.33326470851898193,1.0608385901354072
WRD25,mobilenetv3,compound_optical_severe,57,7,0.015409859828650951,0.7471955418586731,0.2373945564031601,0.8994284814154592
WRD25,mobilenetv3,compound_optical_severe,58,7,0.6195594668388367,0.3575178384780884,0.022922785952687263,1.083308096659984
WRD25,mobilenetv3,compound_optical_severe,59,7,0.5756732821464539,0.40234723687171936,0.02197932079434395,1.108159657051889
WRD25,mobilenetv3,compound_optical_severe,60,7,0.4254343807697296,0.5452776551246643,0.029288021847605705,1.150820475977516
WRD25,mobilenetv3,compound_optical_severe,61,7,0.9441238641738892,0.02900141105055809,0.026874830946326256,0.3666706272903516
WRD25,mobilenetv3,compound_optical_severe,62,7,0.020216122269630432,0.7877504825592041,0.1920332908630371,0.8420676923129476
WRD25,mobilenetv3,compound_optical_severe,63,7,0.024510251358151436,0.24247318506240845,0.7330164909362793,0.9552333060309679
WRD25,mobilenetv3,compound_optical_severe,64,7,0.8585416078567505,0.12893658876419067,0.012521735392510891,0.6490855679033881
WRD25,mobilenetv3,compound_optical_severe,65,7,0.014405175112187862,0.7619747519493103,0.22362004220485687,0.8701710686315356
WRD25,mobilenetv3,compound_optical_severe,66,7,0.009855750016868114,0.8656885027885437,0.12445572018623352,0.6199699888558661
WRD25,mobilenetv3,compound_optical_severe,67,7,0.5127909183502197,0.4608350694179535,0.02637408673763275,1.1474936221500118
WRD25,mobilenetv3,compound_optical_severe,68,7,0.3754270672798157,0.010740896686911583,0.6138321161270142,1.0330697138304006
WRD25,mobilenetv3,compound_optical_severe,69,8,0.02053125761449337,0.7889100909233093,0.19055865705013275,0.8407169997550095
WRD25,mobilenetv3,compound_optical_severe,70,8,0.21699625253677368,0.7669718265533447,0.016032012179493904,0.8674749938632431
WRD25,mobilenetv3,compound_optical_severe,71,8,0.6676954030990601,0.021396759897470474,0.3109078109264374,1.0317846638638164
WRD25,mobilenetv3,compound_optical_severe,72,8,0.8683162927627563,0.11422958970069885,0.017454197630286217,0.6363576589720252
WRD25,mobilenetv3,compound_optical_severe,73,8,0.8408715724945068,0.12987057864665985,0.029257822781801224,0.7417731330189223
WRD25,mobilenetv3,compound_optical_severe,74,8,0.18851308524608612,0.7911136150360107,0.020373275503516197,0.8356715339210314
WRD25,mobilenetv3,compound_optical_severe,75,8,0.7860742211341858,0.19277970492839813,0.021146057173609734,0.8484664993017265
WRD25,mobilenetv3,compound_optical_severe,76,8,0.8059694170951843,0.02840544655919075,0.16562506556510925,0.8263909860267304
WRD25,mobilenetv3,compound_optical_severe,77,8,0.3274843096733093,0.026234986260533333,0.6462806463241577,1.0722163383000316
WRD25,mobilenetv3,compound_optical_severe,78,8,0.6917069554328918,0.15112805366516113,0.15716493129730225,1.1994009136497135
WRD25,mobilenetv3,compound_optical_severe,79,8,0.2789676785469055,0.2983134388923645,0.42271891236305237,1.5595114643349182
WRD25,mobilenetv3,compound_optical_severe,80,8,0.21830888092517853,0.4553215503692627,0.32636961340904236,1.5233433334376674
WRD25,mobilenetv3,compound_optical_severe,81,8,0.6971560120582581,0.28879204392433167,0.014051999896764755,0.9667811836870401
WRD25,mobilenetv3,compound_optical_severe,82,8,0.5173375010490417,0.28950628638267517,0.19315609335899353,1.4678271466027653
WRD25,mobilenetv3,compound_optical_severe,83,8,0.6300760507583618,0.34549498558044434,0.024429040029644966,1.0804426709561743
WRD25,mobilenetv3,compound_optical_severe,84,8,0.034105539321899414,0.6984712481498718,0.26742327213287354,1.036696814450233
WRD25,mobilenetv3,compound_optical_severe,85,8,0.8047562837600708,0.013633071444928646,0.18161062896251678,0.7836302846503327
WRD25,mobilenetv3,compound_optical_severe,86,9,0.4072084426879883,0.3120269477367401,0.28076449036598206,1.5666130826857547
WRD25,mobilenetv3,compound_optical_severe,87,9,0.6067649722099304,0.29034891724586487,0.1028861552476883,1.292930603575867
WRD25,mobilenetv3,compound_optical_severe,88,9,0.5462625026702881,0.22593411803245544,0.22780342400074005,1.447547764538594
WRD25,mobilenetv3,compound_optical_severe,89,9,0.4442562460899353,0.35972675681114197,0.19601695239543915,1.5114504793506796
WRD25,mobilenetv3,compound_optical_severe,90,9,0.3027493357658386,0.5761455297470093,0.12110508978366852,1.349047358151644
WRD25,mobilenetv3,compound_optical_severe,91,9,0.14873532950878143,0.3087908625602722,0.5424738526344299,1.41105793452218
WRD25,mobilenetv3,compound_optical_severe,92,9,0.5441778302192688,0.12256959825754166,0.333252489566803,1.3771965863021027
WRD25,mobilenetv3,compound_optical_severe,93,9,0.2380395084619522,0.5356156229972839,0.2263449877500534,1.4605088541500915
WRD25,mobilenetv3,compound_optical_severe,94,9,0.34070712327957153,0.40145426988601685,0.25783854722976685,1.5620378842125728
WRD25,mobilenetv3,compound_optical_severe,95,9,0.24261479079723358,0.2738279402256012,0.4835573136806488,1.514300825749195
WRD25,mobilenetv3,compound_optical_severe,96,9,0.18679213523864746,0.29302191734313965,0.5201859474182129,1.461531223783377
WRD25,mobilenetv3,compound_optical_severe,97,10,0.992129921913147,0.004213044419884682,0.003657103981822729,0.07415878256579361
WRD25,mobilenetv3,compound_optical_severe,98,10,0.9932747483253479,0.000798582099378109,0.005926650948822498,0.06173611430238608
WRD25,mobilenetv3,compound_optical_severe,99,10,0.9919376373291016,0.004215430933982134,0.003846959676593542,0.07570530546231027
WRD25,mobilenetv3,compound_optical_severe,100,10,0.8301183581352234,0.1498943269252777,0.019987449049949646,0.7462114580935665
WRD25,mobilenetv3,compound_optical_severe,101,10,0.994369626045227,0.0009390991181135178,0.004691151436418295,0.05383382712706867
WRD25,mobilenetv3,compound_optical_severe,102,10,0.9939272403717041,0.0026486676651984453,0.003424049122259021,0.059451629807443944
WRD25,mobilenetv3,compound_optical_severe,103,10,0.9887949228286743,0.006539186462759972,0.004665912128984928,0.09965844310912356
WRD25,mobilenetv3,compound_optical_severe,104,10,0.9894921183586121,0.00305278436280787,0.007455012295395136,0.09327649724516165
WRD25,mobilenetv3,compound_optical_severe,105,10,0.9917590022087097,0.00437180045992136,0.003869256703183055,0.07711160723694159
WRD25,mobilenetv3,compound_optical_severe,106,10,0.8046476244926453,0.1785864531993866,0.016765916720032692,0.7950468368599554
WRD25,mobilenetv3,compound_optical_severe,107,11,0.007083419244736433,0.37824034690856934,0.614676296710968,1.0126794147532758
WRD25,mobilenetv3,compound_optical_severe,108,11,0.004280759487301111,0.0025577836204320192,0.9931613802909851,0.06553758108651106
WRD25,mobilenetv3,compound_optical_severe,109,11,0.005706563591957092,0.003319750539958477,0.9909735918045044,0.08283240057049555
WRD25,mobilenetv3,compound_optical_severe,110,11,0.00647999020293355,0.00043534027645364404,0.9930846691131592,0.06191114409250942
WRD25,mobilenetv3,compound_optical_severe,111,11,0.003948487341403961,0.001459009014070034,0.9945924878120422,0.053051898238750506
WRD25,mobilenetv3,compound_optical_severe,112,11,0.004107003100216389,0.0011203124886378646,0.9947726726531982,0.05106193097306112
WRD25,mobilenetv3,compound_optical_severe,113,11,0.5702478289604187,0.4153987765312195,0.014353256672620773,1.0764608703431011
WRD25,mobilenetv3,compound_optical_severe,114,12,0.8173327445983887,0.16949747502803802,0.013169673271477222,0.7541397816653133
WRD25,mobilenetv3,compound_optical_severe,115,13,0.909761369228363,0.031962279230356216,0.058276254683732986,0.5218877419070799
WRD25,mobilenetv3,compound_optical_severe,116,13,0.9516814351081848,0.03374095261096954,0.014577594585716724,0.321893363661795
WRD25,mobilenetv3,compound_optical_severe,117,13,0.7559579014778137,0.10748535394668579,0.1365567445755005,1.0432358259142385
WRD25,mobilenetv3,compound_optical_severe,118,13,0.8995004892349243,0.032408516854047775,0.06809093058109283,0.5617350786037852
WRD25,mobilenetv3,compound_optical_severe,119,13,0.9408060908317566,0.02560856193304062,0.03358525037765503,0.38265240646929405
WRD25,mobilenetv3,compound_optical_severe,120,13,0.16331669688224792,0.7065913677215576,0.13009200990200043,1.1637728157895788
WRD25,mobilenetv3,compound_optical_severe,121,14,0.3350079655647278,0.6423887610435486,0.0226031132042408,1.062285047532772
WRD25,mobilenetv3,compound_optical_severe,122,14,0.5019633769989014,0.47967201471328735,0.018364613875746727,1.1134273598278115
WRD25,mobilenetv3,compound_optical_severe,123,14,0.8905476927757263,0.0852925181388855,0.024159839376807213,0.5816104102768693
WRD25,mobilenetv3,compound_optical_severe,124,14,0.9869943857192993,0.010891003534197807,0.0021144477650523186,0.10844548191448647
WRD25,mobilenetv3,compound_optical_severe,125,14,0.025796374306082726,0.37118443846702576,0.6030191779136658,1.1068735968015138
WRD25,mobilenetv3,compound_optical_severe,126,15,0.1939210444688797,0.18312764167785645,0.622951328754425,1.3327566755381606
WRD25,mobilenetv3,compound_optical_severe,127,15,0.2910245656967163,0.09818176925182343,0.6107935905456543,1.281427504482262
WRD25,mobilenetv3,compound_optical_severe,128,15,0.2297166883945465,0.35964128375053406,0.4106420576572418,1.5453627911656462
WRD25,mobilenetv3,compound_optical_severe,129,15,0.32427024841308594,0.2602775990962982,0.41545218229293823,1.55875910490294
WRD25,mobilenetv3,compound_optical_severe,130,15,0.2927262485027313,0.22452257573604584,0.48275119066238403,1.5098840007967835
WRD25,mobilenetv3,compound_optical_severe,131,15,0.3409929573535919,0.1868678629398346,0.4721390902996063,1.4926805121469484
WRD25,mobilenetv3,compound_optical_severe,132,15,0.3106689453125,0.19359467923641205,0.49573642015457153,1.4844241575022101
WRD25,mobilenetv3,compound_optical_severe,133,15,0.5969237685203552,0.16313372552394867,0.23994246125221252,1.3651750759061012
WRD25,mobilenetv3,compound_optical_severe,134,15,0.26230981945991516,0.6204972863197327,0.11719287931919098,1.2961270977023662
WRD25,mobilenetv3,compound_optical_severe,135,15,0.6096264123916626,0.22171767055988312,0.16865581274032593,1.3501948526199057
WRD25,mobilenetv3,compound_optical_severe,136,15,0.25500038266181946,0.4484618306159973,0.2965377867221832,1.5416017139224434
WRD25,mobilenetv3,compound_optical_severe,137,15,0.6444838643074036,0.18369320034980774,0.17182289063930511,1.2941283163364696
WRD25,mobilenetv3,compound_optical_severe,138,15,0.3173448145389557,0.6166267991065979,0.06602846086025238,1.2144822306510257
WRD25,mobilenetv3,compound_optical_severe,139,15,0.6617416739463806,0.031196855008602142,0.3070615530014038,1.0732826431551121
WRD25,mobilenetv3,compound_optical_severe,140,15,0.4500209093093872,0.236684650182724,0.31329432129859924,1.5350366859749034
WRD25,mobilenetv3,compound_optical_severe,141,16,0.34990569949150085,0.6114091277122498,0.038685161620378494,1.1455796123164192
WRD25,mobilenetv3,compound_optical_severe,142,16,0.4631819427013397,0.5122581720352173,0.024559861049056053,1.1399871515617288
WRD25,mobilenetv3,compound_optical_severe,143,16,0.3028860092163086,0.6647467017173767,0.032367195934057236,1.0737325059386584
WRD25,mobilenetv3,compound_optical_severe,144,16,0.7258991599082947,0.023017602041363716,0.2510831654071808,0.9613225341086042
WRD25,mobilenetv3,compound_optical_severe,145,16,0.032934240996837616,0.5663838386535645,0.4006817042827606,1.1553836060306604
WRD25,mobilenetv3,compound_optical_severe,146,16,0.7297385931015015,0.24810199439525604,0.02215942181646824,0.952420045287501
WRD25,mobilenetv3,compound_optical_severe,147,16,0.7784266471862793,0.018934905529022217,0.2026384174823761,0.8563389160748957
WRD25,mobilenetv3,compound_optical_severe,148,17,0.0038556295912712812,0.2692705988883972,0.7268738746643066,0.8751363659698452
WRD25,mobilenetv3,compound_optical_severe,149,17,0.014730079099535942,0.7857683300971985,0.1995016634464264,0.8268896261254379
WRD25,mobilenetv3,compound_optical_severe,150,17,0.0082938177511096,0.6838263273239136,0.30787983536720276,0.9555425233013255
WRD25,mobilenetv3,compound_optical_severe,151,17,0.6240379810333252,0.2785763144493103,0.09738577157258987,1.2654142654253415
WRD25,mobilenetv3,compound_optical_severe,152,18,0.01576792448759079,0.5519332885742188,0.43229880928993225,1.090684890054074
WRD25,mobilenetv3,compound_optical_severe,153,18,0.020612357184290886,0.3028416931629181,0.6765459179878235,1.0187390401507956
WRD25,mobilenetv3,compound_optical_severe,154,18,0.4084254801273346,0.014073657803237438,0.5775008797645569,1.0716329841461074
WRD25,mobilenetv3,compound_optical_severe,155,18,0.014934752136468887,0.8102708458900452,0.1747944951057434,0.7763484570226711
WRD25,mobilenetv3,compound_optical_severe,156,18,0.018080031499266624,0.7757987380027771,0.20612137019634247,0.8584405474536669
WRD25,mobilenetv3,compound_optical_severe,157,18,0.01829751953482628,0.30514538288116455,0.6765570640563965,1.0095439520486755
WRD25,mobilenetv3,compound_optical_severe,158,18,0.5595742464065552,0.2470294088125229,0.1933964341878891,1.4254379847441558
WRD25,mobilenetv3,compound_optical_severe,159,18,0.9431485533714294,0.03553764894604683,0.02131383679807186,0.3690745206206699
WRD25,mobilenetv3,compound_optical_severe,160,18,0.6309520602226257,0.019310152158141136,0.3497377932071686,1.0592463195006565
WRD25,mobilenetv3,compound_optical_severe,161,18,0.8014370799064636,0.08542874455451965,0.11313425004482269,0.9148100386143465
WRD25,mobilenetv3,compound_optical_severe,162,18,0.6644368767738342,0.1917664259672165,0.14379675686359406,1.2511091533033156
WRD25,mobilenetv3,compound_optical_severe,163,18,0.16898801922798157,0.6866337060928345,0.14437827467918396,1.2089918434780587
WRD25,mobilenetv3,compound_optical_severe,164,18,0.6996189951896667,0.021406948566436768,0.2789739668369293,0.9930863949093236
WRD25,mobilenetv3,compound_optical_severe,165,18,0.1359044313430786,0.7552927136421204,0.10880282521247864,1.0453187181867964
WRD25,mobilenetv3,compound_optical_severe,166,18,0.015271922573447227,0.7065163850784302,0.278211772441864,0.9597526404879134
WRD25,mobilenetv3,compound_optical_severe,167,18,0.02401212602853775,0.8264045119285583,0.14958341419696808,0.7665196599065046
WRD25,mobilenetv3,compound_optical_severe,168,18,0.5617750883102417,0.019333643838763237,0.4188912808895111,1.1032781782862304
WRD25,mobilenetv3,compound_optical_severe,169,18,0.39898109436035156,0.5639435648918152,0.03707535192370415,1.1711563993692131
WRD25,mobilenetv3,compound_optical_severe,170,19,0.010676614940166473,0.5930946469306946,0.3962287902832031,1.046121528090935
WRD25,mobilenetv3,compound_optical_severe,171,19,0.010835056193172932,0.5400878190994263,0.44907712936401367,1.0693956191776306
WRD25,mobilenetv3,compound_optical_severe,172,19,0.6071000099182129,0.009956808760762215,0.38294321298599243,1.0336209502344516
WRD25,mobilenetv3,compound_optical_severe,173,19,0.018597787246108055,0.6850300431251526,0.2963721454143524,1.0007664579139801
WRD25,mobilenetv3,compound_optical_severe,174,20,0.1107032373547554,0.8631706237792969,0.026126042008399963,0.6721244441702511
WRD25,mobilenetv3,compound_optical_severe,175,20,0.013222424313426018,0.3286486566066742,0.6581288576126099,1.0073449826363146
WRD25,mobilenetv3,compound_optical_severe,176,20,0.14015229046344757,0.8473959565162659,0.01245175302028656,0.6785468677639761
WRD25,mobilenetv3,compound_optical_severe,177,20,0.2866681218147278,0.013052822090685368,0.7002790570259094,0.9583788613529628
WRD25,mobilenetv3,compound_optical_severe,178,21,0.015441685914993286,0.006950245704501867,0.9776079654693604,0.1746777222861332
WRD25,mobilenetv3,compound_optical_severe,179,21,0.0070856171660125256,0.9748536944389343,0.01806068792939186,0.19100556545269734
WRD25,mobilenetv3,compound_optical_severe,180,21,0.009706413373351097,0.9870544672012329,0.0032391478307545185,0.11024867481782745
WRD25,mobilenetv3,compound_optical_severe,181,21,0.021218834444880486,0.7609320282936096,0.21784909069538116,0.896837242246547
WRD25,mobilenetv3,compound_optical_severe,182,21,0.011842990294098854,0.660703718662262,0.32745325565338135,0.9982530736165681
WRD25,mobilenetv3,compound_optical_severe,183,21,0.026191573590040207,0.7512173056602478,0.2225910723209381,0.9301293168692952
WRD25,mobilenetv3,compound_optical_severe,184,21,0.0283706896007061,0.3131355345249176,0.65849369764328,1.0672686296567857
WRD25,mobilenetv3,compound_optical_severe,185,22,0.8404088616371155,0.029940379783511162,0.1296507716178894,0.7444759077946504
WRD25,mobilenetv3,compound_optical_severe,186,22,0.014543631114065647,0.5899619460105896,0.3954945206642151,1.0671869233650288
WRD25,mobilenetv3,compound_optical_severe,187,22,0.01822153851389885,0.6889981627464294,0.2927802503108978,0.9944135236492878
WRD25,mobilenetv3,compound_optical_severe,188,22,0.05748407915234566,0.6986892819404602,0.2438267022371292,1.094738976266146
WRD25,mobilenetv3,compound_optical_severe,189,22,0.12476053833961487,0.7771381139755249,0.09810134023427963,0.9859148537535807
WRD25,mobilenetv3,compound_optical_severe,190,23,0.009289385750889778,0.9813098311424255,0.00940069742500782,0.15271080837826095
WRD25,mobilenetv3,compound_optical_severe,191,23,0.9794299602508545,0.012822728604078293,0.007747378665953875,0.16428706285677178
WRD25,mobilenetv3,compound_optical_severe,192,23,0.02274353802204132,0.5279615521430969,0.44929489493370056,1.1292629230203861
WRD25,mobilenetv3,compound_optical_severe,193,23,0.6774349808692932,0.14190207421779633,0.18066304922103882,1.226346249868705
WRD25,mobilenetv3,compound_optical_severe,194,24,0.9846646785736084,0.004618242848664522,0.010717119090259075,0.12791626604376896
WRD25,mobilenetv3,compound_optical_severe,195,24,0.9854866862297058,0.0034218872897326946,0.011091488413512707,0.12084693479227863
WRD25,mobilenetv3,compound_optical_severe,196,24,0.5581344366073608,0.007313667330890894,0.43455201387405396,1.043964019856796
WRD25,mobilenetv3,compound_optical_severe,197,24,0.011590938083827496,0.9778978824615479,0.01051107794046402,0.1751493994873226
WRD25,mobilenetv3,compound_optical_severe,198,24,0.010398569516837597,0.6003695726394653,0.38923180103302,1.0402792978074151
WRD25,mobilenetv3,compound_optical_severe,199,24,0.513712465763092,0.22498425841331482,0.2613033056259155,1.4837864326771992
WRD25,mobilenetv3,compound_digital_severe,0,0,0.6595320701599121,0.13126112520694733,0.2092067450284958,1.252746589490179
WRD25,mobilenetv3,compound_digital_severe,1,0,0.5393350720405579,0.046427588909864426,0.41423729062080383,1.2127231725151346
WRD25,mobilenetv3,compound_digital_severe,2,0,0.2566694915294647,0.2949787974357605,0.44835180044174194,1.5420169822876737
WRD25,mobilenetv3,compound_digital_severe,3,0,0.3694656789302826,0.26347631216049194,0.367058128118515,1.5684649925032321
WRD25,mobilenetv3,compound_digital_severe,4,0,0.3399937152862549,0.39040789008140564,0.2695983946323395,1.5687772924379229
WRD25,mobilenetv3,compound_digital_severe,5,0,0.4319799244403839,0.2133556604385376,0.3546644449234009,1.5290021699346539
WRD25,mobilenetv3,compound_digital_severe,6,0,0.4541533589363098,0.2627183496952057,0.2831283509731293,1.5392226588720006
WRD25,mobilenetv3,compound_digital_severe,7,0,0.4578510820865631,0.06978631764650345,0.47236260771751404,1.2951760974823283
WRD25,mobilenetv3,compound_digital_severe,8,0,0.510444700717926,0.0018093622056767344,0.4877459406852722,1.016910102322586
WRD25,mobilenetv3,compound_digital_severe,9,0,0.37301456928253174,0.23699653148651123,0.38998886942863464,1.5527408928235804
WRD25,mobilenetv3,compound_digital_severe,10,0,0.22862327098846436,0.402409166097641,0.3689675033092499,1.5459342237702702
WRD25,mobilenetv3,compound_digital_severe,11,0,0.3590708374977112,0.18860088288784027,0.45232832431793213,1.502185674975692
WRD25,mobilenetv3,compound_digital_severe,12,0,0.40645837783813477,0.23841151595115662,0.355130136013031,1.5514798972690307
WRD25,mobilenetv3,compound_digital_severe,13,0,0.3785545229911804,0.153908371925354,0.4675370156764984,1.4588638365328574
WRD25,mobilenetv3,compound_digital_severe,14,0,0.23941677808761597,0.3404037058353424,0.42017945647239685,1.5486053040822516
WRD25,mobilenetv3,compound_digital_severe,15,0,0.3490084707736969,0.15703430771827698,0.4939572513103485,1.4520643300900373
WRD25,mobilenetv3,compound_digital_severe,16,0,0.38563257455825806,0.14333443343639374,0.4710330069065094,1.4434193651259286
WRD25,mobilenetv3,compound_digital_severe,17,0,0.31261783838272095,0.2796691656112671,0.4077129662036896,1.5662481340714924
WRD25,mobilenetv3,compound_digital_severe,18,1,0.9136074185371399,0.03170963004231453,0.054682862013578415,0.5062447650876905
WRD25,mobilenetv3,compound_digital_severe,19,1,0.5344973206520081,0.4454866945743561,0.020015910267829895,1.115674026485157
WRD25,mobilenetv3,compound_digital_severe,20,1,0.9881069660186768,0.0067330580204725266,0.005160122644156218,0.10484014501352192
WRD25,mobilenetv3,compound_digital_severe,21,1,0.06961566209793091,0.580915629863739,0.3494686782360077,1.2529005324629896
WRD25,mobilenetv3,compound_digital_severe,22,1,0.05209750309586525,0.47829458117485046,0.4696079194545746,1.2430861252669367
WRD25,mobilenetv3,compound_digital_severe,23,1,0.05209144577383995,0.42706480622291565,0.5208438038825989,1.2364207713755617
WRD25,mobilenetv3,compound_digital_severe,24,1,0.0628921315073967,0.7357204556465149,0.20138750970363617,1.0423549371066945
WRD25,mobilenetv3,compound_digital_severe,25,2,0.12620976567268372,0.7809447050094604,0.09284551441669464,0.9738140279736531
WRD25,mobilenetv3,compound_digital_severe,26,2,0.07891233265399933,0.832747757434845,0.08834000676870346,0.8182492766814171
WRD25,mobilenetv3,compound_digital_severe,27,2,0.5066489577293396,0.08168677240610123,0.41166430711746216,1.3193084887402375
WRD25,mobilenetv3,compound_digital_severe,28,2,0.2839186191558838,0.16676391661167145,0.549317479133606,1.4214307318274069
WRD25,mobilenetv3,compound_digital_severe,29,2,0.35900941491127014,0.561712384223938,0.07927823811769485,1.2878962930566944
WRD25,mobilenetv3,compound_digital_severe,30,2,0.2931324243545532,0.67399001121521,0.032877542078495026,1.0645697287220843
WRD25,mobilenetv3,compound_digital_severe,31,2,0.02164541929960251,0.8245353698730469,0.1538192629814148,0.7646199037524739
WRD25,mobilenetv3,compound_digital_severe,32,2,0.025292208418250084,0.8765069246292114,0.09820079058408737,0.6296462550344784
WRD25,mobilenetv3,compound_digital_severe,33,2,0.03361465036869049,0.7846381664276123,0.18174725770950317,0.8861784960029956
WRD25,mobilenetv3,compound_digital_severe,34,2,0.9927222728729248,0.003320872550830245,0.003956767730414867,0.0693867146395236
WRD25,mobilenetv3,compound_digital_severe,35,2,0.31565994024276733,0.6359566450119019,0.04838348925113678,1.1518017634123836
WRD25,mobilenetv3,compound_digital_severe,36,3,0.00419900007545948,0.2636061906814575,0.7321947813034058,0.8694806908730641
WRD25,mobilenetv3,compound_digital_severe,37,3,0.11555147171020508,0.8253843188285828,0.0590641163289547,0.8293492093759836
WRD25,mobilenetv3,compound_digital_severe,38,3,0.12500330805778503,0.7430585622787476,0.13193808495998383,1.0789021215887349
WRD25,mobilenetv3,compound_digital_severe,39,3,0.04712393879890442,0.7223029732704163,0.23057301342487335,1.0347428604251798
WRD25,mobilenetv3,compound_digital_severe,40,3,0.878158688545227,0.012667462229728699,0.10917380452156067,0.5932904548482724
WRD25,mobilenetv3,compound_digital_severe,41,4,0.7906381487846375,0.04611653834581375,0.16324524581432343,0.8995150199730384
WRD25,mobilenetv3,compound_digital_severe,42,4,0.5793286561965942,0.21918345987796783,0.2014879584312439,1.4018994875498307
WRD25,mobilenetv3,compound_digital_severe,43,4,0.003966297954320908,0.7738646268844604,0.22216914594173431,0.8000215007880049
WRD25,mobilenetv3,compound_digital_severe,44,4,0.3705446720123291,0.527664303779602,0.10179104655981064,1.3529284062502154
WRD25,mobilenetv3,compound_digital_severe,45,4,0.62870854139328,0.1570758819580078,0.21421553194522858,1.3165815334998712
WRD25,mobilenetv3,compound_digital_severe,46,5,2.6640671421773732e-05,0.808753490447998,0.19121992588043213,0.704451572282424
WRD25,mobilenetv3,compound_digital_severe,47,5,0.0997074618935585,0.3073137700557709,0.5929787755012512,1.3018317051827835
WRD25,mobilenetv3,compound_digital_severe,48,5,0.0006752650951966643,0.6945255398750305,0.30479922890663147,0.8948101689414205
WRD25,mobilenetv3,compound_digital_severe,49,5,0.0015496143605560064,0.6394277215003967,0.3590226471424103,0.957571432410044
WRD25,mobilenetv3,compound_digital_severe,50,6,0.5499635338783264,0.13566532731056213,0.31437110900878906,1.3901946936921843
WRD25,mobilenetv3,compound_digital_severe,51,6,0.10949274152517319,0.8246325850486755,0.0658746212720871,0.83729578692199
WRD25,mobilenetv3,compound_digital_severe,52,6,0.0027206013910472393,0.23416633903980255,0.7631129622459412,0.8112592503590248
WRD25,mobilenetv3,compound_digital_severe,53,7,0.4475126266479492,0.3156430721282959,0.23684434592723846,1.536388973641424
WRD25,mobilenetv3,compound_digital_severe,54,7,0.48742830753326416,0.38524121046066284,0.12733060121536255,1.414089660695243
WRD25,mobilenetv3,compound_digital_severe,55,7,0.03439122065901756,0.6508811116218567,0.31472766399383545,1.0953571730204346
WRD25,mobilenetv3,compound_digital_severe,56,7,0.5149500966072083,0.4723929464817047,0.012656955048441887,1.0839520296415701
WRD25,mobilenetv3,compound_digital_severe,57,7,0.28041020035743713,0.6739641427993774,0.045625653117895126,1.1012569255679812
WRD25,mobilenetv3,compound_digital_severe,58,7,0.304015576839447,0.6521415114402771,0.04384283721446991,1.1222340765996532
WRD25,mobilenetv3,compound_digital_severe,59,7,0.41435232758522034,0.5248467326164246,0.06080089882016182,1.2604162977743383
WRD25,mobilenetv3,compound_digital_severe,60,7,0.29859456419944763,0.4652210772037506,0.2361845076084137,1.5260202069506568
WRD25,mobilenetv3,compound_digital_severe,61,7,0.3317092955112457,0.41233038902282715,0.2559604048728943,1.5583148469410344
WRD25,mobilenetv3,compound_digital_severe,62,7,0.3822890818119049,0.5136607885360718,0.10405021905899048,1.363708898335558
WRD25,mobilenetv3,compound_digital_severe,63,7,0.19088193774223328,0.8067724108695984,0.002345647197216749,0.7264662320524665
WRD25,mobilenetv3,compound_digital_severe,64,7,0.13936924934387207,0.25239601731300354,0.608234703540802,1.333834506772476
WRD25,mobilenetv3,compound_digital_severe,65,7,0.12222488969564438,0.6966573596000671,0.18111774325370789,1.1803808712725101
WRD25,mobilenetv3,compound_digital_severe,66,7,0.12509340047836304,0.7400770783424377,0.13482946157455444,1.0862897201690367
WRD25,mobilenetv3,compound_digital_severe,67,7,0.1348172426223755,0.28547587990760803,0.5797068476676941,1.3620463689784912
WRD25,mobilenetv3,compound_digital_severe,68,7,0.38949450850486755,0.2960311770439148,0.31447428464889526,1.574576083642697
WRD25,mobilenetv3,compound_digital_severe,69,8,0.25285443663597107,0.4395262897014618,0.30761927366256714,1.546029544043399
WRD25,mobilenetv3,compound_digital_severe,70,8,0.036810994148254395,0.3671719431877136,0.596017062664032,1.151065231227507
WRD25,mobilenetv3,compound_digital_severe,71,8,0.30218231678009033,0.2155582308769226,0.4822594225406647,1.5063282744989157
WRD25,mobilenetv3,compound_digital_severe,72,8,0.31004798412323,0.5959340333938599,0.09401793032884598,1.2895229719320893
WRD25,mobilenetv3,compound_digital_severe,73,8,0.05874263122677803,0.7049379944801331,0.23631936311721802,1.087643596093491
WRD25,mobilenetv3,compound_digital_severe,74,8,0.5509241223335266,0.4006574749946594,0.04841838404536247,1.2140329093805837
WRD25,mobilenetv3,compound_digital_severe,75,8,0.0,0.5152256488800049,0.48477432131767273,0.9993310063668848
WRD25,mobilenetv3,compound_digital_severe,76,8,0.5968270301818848,0.22782368957996368,0.17534929513931274,1.3710088009868109
WRD25,mobilenetv3,compound_digital_severe,77,8,0.004870603326708078,0.32145991921424866,0.6736694574356079,0.9476528896836616
WRD25,mobilenetv3,compound_digital_severe,78,8,0.391044944524765,0.2943388521671295,0.31461620330810547,1.5739384843716788
WRD25,mobilenetv3,compound_digital_severe,79,8,0.33579644560813904,0.27817249298095703,0.38603100180625916,1.5722523787887046
WRD25,mobilenetv3,compound_digital_severe,80,8,0.22668981552124023,0.6487441062927246,0.12456607073545456,1.2647103562397268
WRD25,mobilenetv3,compound_digital_severe,81,8,0.46519845724105835,0.38293132185935974,0.1518702358007431,1.4568653608890367
WRD25,mobilenetv3,compound_digital_severe,82,8,0.5170780420303345,0.4227268099784851,0.06019522249698639,1.261179780684519
WRD25,mobilenetv3,compound_digital_severe,83,8,0.2642922103404999,0.1815025359392166,0.5542051792144775,1.4261447990343588
WRD25,mobilenetv3,compound_digital_severe,84,8,0.42690810561180115,0.3422345817089081,0.23085743188858032,1.5419078280054497
WRD25,mobilenetv3,compound_digital_severe,85,8,0.133794367313385,0.40124252438545227,0.4649631083011627,1.4305744571176016
WRD25,mobilenetv3,compound_digital_severe,86,9,0.22546887397766113,0.40196868777275085,0.3725624084472656,1.5437541038753988
WRD25,mobilenetv3,compound_digital_severe,87,9,0.08379866927862167,0.4343634843826294,0.4818378984928131,1.3298506450073453
WRD25,mobilenetv3,compound_digital_severe,88,9,0.22447136044502258,0.20875123143196106,0.5667773485183716,1.419905939090357
WRD25,mobilenetv3,compound_digital_severe,89,9,0.03972819447517395,0.3946402072906494,0.565631628036499,1.1792354468604205
WRD25,mobilenetv3,compound_digital_severe,90,9,0.023673497140407562,0.28047770261764526,0.695848822593689,1.006294820355338
WRD25,mobilenetv3,compound_digital_severe,91,9,0.3554900586605072,0.05920523405075073,0.585304856300354,1.2241685731564853
WRD25,mobilenetv3,compound_digital_severe,92,9,0.05320049822330475,0.24495333433151245,0.701846182346344,1.0807643789798866
WRD25,mobilenetv3,compound_digital_severe,93,9,0.15436816215515137,0.2368246614933014,0.6088072061538696,1.344126001106467
WRD25,mobilenetv3,compound_digital_severe,94,9,0.04631151258945465,0.37417757511138916,0.5795108675956726,1.1920641816851207
WRD25,mobilenetv3,compound_digital_severe,95,9,0.6529931426048279,0.10551272332668304,0.2414940893650055,1.2388851695471357
WRD25,mobilenetv3,compound_digital_severe,96,9,0.23555545508861542,0.12096106261014938,0.6434834599494934,1.269222575665196
WRD25,mobilenetv3,compound_digital_severe,97,10,0.12108080089092255,0.5592774152755737,0.31964176893234253,1.363646722126494
WRD25,mobilenetv3,compound_digital_severe,98,10,0.8038582801818848,0.09059466421604156,0.10554692149162292,0.9094624672179021
WRD25,mobilenetv3,compound_digital_severe,99,10,0.47459322214126587,0.10415695607662201,0.4212498664855957,1.3755864265886344
WRD25,mobilenetv3,compound_digital_severe,100,10,0.17130586504936218,0.651548445224762,0.17714565992355347,1.2810584705336605
WRD25,mobilenetv3,compound_digital_severe,101,10,0.2624403238296509,0.3896649479866028,0.3478946089744568,1.5662589400495623
WRD25,mobilenetv3,compound_digital_severe,102,10,0.6582605838775635,0.21389789879322052,0.12784148752689362,1.2524112643647274
WRD25,mobilenetv3,compound_digital_severe,103,10,0.4053163230419159,0.37880608439445496,0.21587762236595154,1.5360441219231251
WRD25,mobilenetv3,compound_digital_severe,104,10,0.5185959339141846,0.02892458252608776,0.4524794816970825,1.1567953780072586
WRD25,mobilenetv3,compound_digital_severe,105,10,0.9468830227851868,0.04408624395728111,0.009030706249177456,0.3344299777189856
WRD25,mobilenetv3,compound_digital_severe,106,10,0.8897162675857544,0.09257891029119492,0.017704863101243973,0.5708674199242681
WRD25,mobilenetv3,compound_digital_severe,107,11,0.043703608214855194,0.7847787737846375,0.17151769995689392,0.9080291369568245
WRD25,mobilenetv3,compound_digital_severe,108,11,0.03465990349650383,0.7669917345046997,0.1983485072851181,0.9245855390492043
WRD25,mobilenetv3,compound_digital_severe,109,11,0.04615526273846626,0.8573201298713684,0.09652457386255264,0.7207867806933022
WRD25,mobilenetv3,compound_digital_severe,110,11,0.5949147343635559,0.27247995138168335,0.13260537385940552,1.343365573026837
WRD25,mobilenetv3,compound_digital_severe,111,11,0.564869225025177,0.27015089988708496,0.16497983038425446,1.4044352977176495
WRD25,mobilenetv3,compound_digital_severe,112,11,0.8358660936355591,0.04334653541445732,0.1207873746752739,0.7808085638248936
WRD25,mobilenetv3,compound_digital_severe,113,11,0.5243206024169922,0.4205365777015686,0.05514269322156906,1.2444710600223667
WRD25,mobilenetv3,compound_digital_severe,114,12,0.580313503742218,0.3711482882499695,0.04853831231594086,1.1981752925725038
WRD25,mobilenetv3,compound_digital_severe,115,13,0.8215033411979675,0.011344317346811295,0.1671523153781891,0.7377154707804388
WRD25,mobilenetv3,compound_digital_severe,116,13,0.005916636437177658,0.6491034626960754,0.3449799418449402,0.9781794707399822
WRD25,mobilenetv3,compound_digital_severe,117,13,0.05522259697318077,0.5115518569946289,0.4332255721092224,1.2482688219904718
WRD25,mobilenetv3,compound_digital_severe,118,13,0.04590965434908867,0.621302604675293,0.33278781175613403,1.1589199494612092
WRD25,mobilenetv3,compound_digital_severe,119,13,0.007279746234416962,0.5384408831596375,0.45427942276000977,1.0497313216916915
WRD25,mobilenetv3,compound_digital_severe,120,13,0.792262613773346,0.18569809198379517,0.022039273753762245,0.8385143452226301
WRD25,mobilenetv3,compound_digital_severe,121,14,0.5068278908729553,0.1965698003768921,0.2966023087501526,1.4782993377840357
WRD25,mobilenetv3,compound_digital_severe,122,14,0.640931248664856,0.3205766975879669,0.038492124527692795,1.1183580975000513
WRD25,mobilenetv3,compound_digital_severe,123,14,0.7504581809043884,0.19627058506011963,0.05327119305729866,0.9972269802655191
WRD25,mobilenetv3,compound_digital_severe,124,14,0.6245895028114319,0.047733601182699203,0.3276768624782562,1.1610507428638224
WRD25,mobilenetv3,compound_digital_severe,125,14,0.7848947644233704,0.003137341933324933,0.21196776628494263,0.7747571871190171
WRD25,mobilenetv3,compound_digital_severe,126,15,0.6230275630950928,0.06324995309114456,0.31372249126434326,1.2018917829099287
WRD25,mobilenetv3,compound_digital_severe,127,15,0.3468606173992157,0.4182279109954834,0.23491153120994568,1.5467548037280061
WRD25,mobilenetv3,compound_digital_severe,128,15,0.5581765174865723,0.12933343648910522,0.31248989701271057,1.3755782335566624
WRD25,mobilenetv3,compound_digital_severe,129,15,0.38383376598358154,0.30077946186065674,0.31538674235343933,1.5766211597137594
WRD25,mobilenetv3,compound_digital_severe,130,15,0.34710782766342163,0.33718758821487427,0.3157045245170593,1.5838407100146439
WRD25,mobilenetv3,compound_digital_severe,131,15,0.42760249972343445,0.24992169439792633,0.32247576117515564,1.5505689157509481
WRD25,mobilenetv3,compound_digital_severe,132,15,0.458148330450058,0.26148709654808044,0.2803645730018616,1.536317307081733
WRD25,mobilenetv3,compound_digital_severe,133,15,0.5400471687316895,0.08036531507968903,0.3795875608921051,1.3028002493054625
WRD25,mobilenetv3,compound_digital_severe,134,15,0.35161110758781433,0.36634260416030884,0.28204622864723206,1.5759596999927927
WRD25,mobilenetv3,compound_digital_severe,135,15,0.34645703434944153,0.27197539806365967,0.38156765699386597,1.5710876171050612
WRD25,mobilenetv3,compound_digital_severe,136,15,0.2427314966917038,0.41533681750297546,0.3419315218925476,1.5516809486080216
WRD25,mobilenetv3,compound_digital_severe,137,15,0.22060704231262207,0.4212246537208557,0.35816827416419983,1.5369833483713389
WRD25,mobilenetv3,compound_digital_severe,138,15,0.3951464891433716,0.28068527579307556,0.32416823506355286,1.5706372111596463
WRD25,mobilenetv3,compound_digital_severe,139,15,0.3189423382282257,0.3189862072467804,0.3620713949203491,1.5823177791042728
WRD25,mobilenetv3,compound_digital_severe,140,15,0.37792518734931946,0.40831875801086426,0.21375593543052673,1.5339973542105503
WRD25,mobilenetv3,compound_digital_severe,141,16,0.006544449366629124,0.7506505846977234,0.24280495941638947,0.8539318109768165
WRD25,mobilenetv3,compound_digital_severe,142,16,0.009242461994290352,0.6148509383201599,0.3759065568447113,1.024504011148327
WRD25,mobilenetv3,compound_digital_severe,143,16,0.011386046186089516,0.7179874181747437,0.2706264853477478,0.9269911904650664
WRD25,mobilenetv3,compound_digital_severe,144,16,0.008860604837536812,0.7666254639625549,0.22451384365558624,0.8381989505617253
WRD25,mobilenetv3,compound_digital_severe,145,16,0.015170165337622166,0.1564890444278717,0.8283408284187317,0.7354745244381937
WRD25,mobilenetv3,compound_digital_severe,146,16,0.0038255001418292522,0.6122816205024719,0.38389283418655396,0.9942931754355078
WRD25,mobilenetv3,compound_digital_severe,147,16,0.010953239165246487,0.37612730264663696,0.6129194498062134,1.034800869032516
WRD25,mobilenetv3,compound_digital_severe,148,17,0.010892746970057487,0.29377463459968567,0.6953325867652893,0.9547005632286956
WRD25,mobilenetv3,compound_digital_severe,149,17,0.4360792338848114,0.013750871643424034,0.5501698851585388,1.081448576798617
WRD25,mobilenetv3,compound_digital_severe,150,17,0.0,0.556300938129425,0.4436991214752197,0.9908344911025238
WRD25,mobilenetv3,compound_digital_severe,151,17,0.4801160395145416,0.259832501411438,0.260051429271698,1.518742778317919
WRD25,mobilenetv3,compound_digital_severe,152,18,0.004933756310492754,0.2948227524757385,0.7002434134483337,0.9172844020213977
WRD25,mobilenetv3,compound_digital_severe,153,18,0.002952154725790024,0.5490502119064331,0.4479975700378418,1.0187099175444658
WRD25,mobilenetv3,compound_digital_severe,154,18,0.4472792148590088,0.29751160740852356,0.25520914793014526,1.5423482288040193
WRD25,mobilenetv3,compound_digital_severe,155,18,0.013961127027869225,0.34958985447883606,0.6364489793777466,1.030995801409357
WRD25,mobilenetv3,compound_digital_severe,156,18,0.33260682225227356,0.6405683159828186,0.026824956759810448,1.0798637652541183
WRD25,mobilenetv3,compound_digital_severe,157,18,0.3218623697757721,0.5828970074653625,0.09524059295654297,1.303377909208412
WRD25,mobilenetv3,compound_digital_severe,158,18,0.2269424945116043,0.5155556201934814,0.2575017511844635,1.482354519893868
WRD25,mobilenetv3,compound_digital_severe,159,18,0.18579567968845367,0.4671064615249634,0.34709787368774414,1.4939911719483825
WRD25,mobilenetv3,compound_digital_severe,160,18,0.4228402376174927,0.14141018688678741,0.43574953079223633,1.4463698893276462
WRD25,mobilenetv3,compound_digital_severe,161,18,0.5371196269989014,0.1875108778476715,0.27536940574645996,1.4467982854857357
WRD25,mobilenetv3,compound_digital_severe,162,18,0.04034118354320526,0.5720180869102478,0.38764074444770813,1.177800509068668
WRD25,mobilenetv3,compound_digital_severe,163,18,0.6392809152603149,0.21543069183826447,0.1452883630990982,1.2940958983985222
WRD25,mobilenetv3,compound_digital_severe,164,18,0.34971195459365845,0.1979682892560959,0.4523197114467621,1.510382530884594
WRD25,mobilenetv3,compound_digital_severe,165,18,0.11230192333459854,0.7349004745483398,0.15279749035835266,1.0949641224280997
WRD25,mobilenetv3,compound_digital_severe,166,18,0.347734659910202,0.6232441663742065,0.029021089896559715,1.1032646654540064
WRD25,mobilenetv3,compound_digital_severe,167,18,0.24135318398475647,0.7473959922790527,0.011250858195126057,0.8817465084271439
WRD25,mobilenetv3,compound_digital_severe,168,18,0.48389333486557007,0.32113131880760193,0.19497527182102203,1.492886542406748
WRD25,mobilenetv3,compound_digital_severe,169,18,0.4158658981323242,0.28109654784202576,0.3030375838279724,1.5630176147630543
WRD25,mobilenetv3,compound_digital_severe,170,19,0.0038430383428931236,0.7441741824150085,0.251982718706131,0.8491607314026819
WRD25,mobilenetv3,compound_digital_severe,171,19,0.3483295142650604,0.5264216065406799,0.12524881958961487,1.3926753311065037
WRD25,mobilenetv3,compound_digital_severe,172,19,0.0807962715625763,0.6215885877609253,0.2976151406764984,1.2400196204397518
WRD25,mobilenetv3,compound_digital_severe,173,19,0.4824335277080536,0.3617890477180481,0.15577737987041473,1.4558546423371899
WRD25,mobilenetv3,compound_digital_severe,174,20,0.08535680919885635,0.28834882378578186,0.6262943148612976,1.2431802387484758
WRD25,mobilenetv3,compound_digital_severe,175,20,0.0949006974697113,0.4687780737876892,0.4363212287425995,1.3568790864562346
WRD25,mobilenetv3,compound_digital_severe,176,20,0.12160895764827728,0.4575354754924774,0.4208556115627289,1.411253987369887
WRD25,mobilenetv3,compound_digital_severe,177,20,0.0858028382062912,0.6619659662246704,0.2522311806678772,1.1991970414474584
WRD25,mobilenetv3,compound_digital_severe,178,21,0.013635581359267235,0.6744518280029297,0.3119126260280609,0.991983130177323
WRD25,mobilenetv3,compound_digital_severe,179,21,0.25948938727378845,0.6772618889808655,0.06324873864650726,1.1377065026361382
WRD25,mobilenetv3,compound_digital_severe,180,21,0.03291064500808716,0.5426851511001587,0.424404114484787,1.165412685091852
WRD25,mobilenetv3,compound_digital_severe,181,21,0.04235878586769104,0.645173966884613,0.31246715784072876,1.1255010936185026
WRD25,mobilenetv3,compound_digital_severe,182,21,0.1590881496667862,0.5569650530815125,0.28394678235054016,1.4079212238085297
WRD25,mobilenetv3,compound_digital_severe,183,21,0.30751484632492065,0.44594523310661316,0.24653993546962738,1.5407570358836407
WRD25,mobilenetv3,compound_digital_severe,184,21,0.1027965098619461,0.6033921241760254,0.2938114404678345,1.2963396866881127
WRD25,mobilenetv3,compound_digital_severe,185,22,0.016155380755662918,0.9661899209022522,0.017654703930020332,0.24691539107025484
WRD25,mobilenetv3,compound_digital_severe,186,22,0.4763249456882477,0.506298840045929,0.01737620122730732,1.108407833503597
WRD25,mobilenetv3,compound_digital_severe,187,22,0.05224273353815079,0.7630432844161987,0.1847139596939087,0.9702741848234031
WRD25,mobilenetv3,compound_digital_severe,188,22,0.12941806018352509,0.6609785556793213,0.20960333943367004,1.2490894550206102
WRD25,mobilenetv3,compound_digital_severe,189,22,0.07477907091379166,0.6134056448936462,0.3118152916431427,1.2365044352703802
WRD25,mobilenetv3,compound_digital_severe,190,23,0.11898410320281982,0.6741967797279358,0.20681916177272797,1.2190896028832638
WRD25,mobilenetv3,compound_digital_severe,191,23,0.5977692008018494,0.06433526426553726,0.33789560198783875,1.2273276094872205
WRD25,mobilenetv3,compound_digital_severe,192,23,0.49882200360298157,0.36992016434669495,0.1312577724456787,1.4157721398664078
WRD25,mobilenetv3,compound_digital_severe,193,23,0.1221444308757782,0.651298999786377,0.226556658744812,1.2587015274695452
WRD25,mobilenetv3,compound_digital_severe,194,24,0.7417039275169373,0.15098610520362854,0.10731010138988495,1.077107500810246
WRD25,mobilenetv3,compound_digital_severe,195,24,0.9189273715019226,0.0649101734161377,0.016162538900971413,0.464372208615378
WRD25,mobilenetv3,compound_digital_severe,196,24,0.8385480046272278,0.06347548961639404,0.09797657281160355,0.7938646312321196
WRD25,mobilenetv3,compound_digital_severe,197,24,0.5825405716896057,0.246674582362175,0.17078478634357452,1.387703849081022
WRD25,mobilenetv3,compound_digital_severe,198,24,0.8856525421142578,0.10476135462522507,0.009586060419678688,0.5604075911010904
WRD25,mobilenetv3,compound_digital_severe,199,24,0.2621408700942993,0.4282275140285492,0.3096315562725067,1.5540088739047444
WRD25,mobilenetv3,compound_field_severe,0,0,0.5371636748313904,0.21644864976406097,0.24638767540454865,1.4574495606343882
WRD25,mobilenetv3,compound_field_severe,1,0,0.34011372923851013,0.432513028383255,0.22737322747707367,1.5380407466847772
WRD25,mobilenetv3,compound_field_severe,2,0,0.295479953289032,0.32225123047828674,0.38226887583732605,1.576522659736082
WRD25,mobilenetv3,compound_field_severe,3,0,0.39151132106781006,0.40252241492271423,0.20596633851528168,1.527624960627349
WRD25,mobilenetv3,compound_field_severe,4,0,0.41221585869789124,0.24876970052719116,0.3390143811702728,1.555399145158134
WRD25,mobilenetv3,compound_field_severe,5,0,0.327490895986557,0.3136984407901764,0.35881078243255615,1.582666813993074
WRD25,mobilenetv3,compound_field_severe,6,0,0.2887093126773834,0.2806292176246643,0.43066149950027466,1.5553385179916832
WRD25,mobilenetv3,compound_field_severe,7,0,0.3449302315711975,0.2673341929912567,0.38773560523986816,1.568474089523143
WRD25,mobilenetv3,compound_field_severe,8,0,0.36704108119010925,0.2386559695005417,0.39430296421051025,1.5534377617677306
WRD25,mobilenetv3,compound_field_severe,9,0,0.42999139428138733,0.2269229143857956,0.34308573603630066,1.5386235045158148
WRD25,mobilenetv3,compound_field_severe,10,0,0.5149149894714355,0.17120230197906494,0.31388264894485474,1.453717674932748
WRD25,mobilenetv3,compound_field_severe,11,0,0.2341431826353073,0.3617120683193207,0.4041447937488556,1.549324220959358
WRD25,mobilenetv3,compound_field_severe,12,0,0.333520770072937,0.23621131479740143,0.43026790022850037,1.5436078474542354
WRD25,mobilenetv3,compound_field_severe,13,0,0.523425817489624,0.14107848703861237,0.3354956805706024,1.416075652912714
WRD25,mobilenetv3,compound_field_severe,14,0,0.35834217071533203,0.3833281099796295,0.25832968950271606,1.5652783855259242
WRD25,mobilenetv3,compound_field_severe,15,0,0.28672027587890625,0.3818000853061676,0.33147966861724854,1.5751636488369103
WRD25,mobilenetv3,compound_field_severe,16,0,0.33553940057754517,0.32526782155036926,0.33919280767440796,1.5847361989019746
WRD25,mobilenetv3,compound_field_severe,17,0,0.27085748314857483,0.3913254737854004,0.33781707286834717,1.5689998069840354
WRD25,mobilenetv3,compound_field_severe,18,1,0.3238283693790436,0.49848029017448425,0.17769137024879456,1.4703460446645038
WRD25,mobilenetv3,compound_field_severe,19,1,0.38135454058647156,0.428186297416687,0.19045917689800262,1.5100164837531191
WRD25,mobilenetv3,compound_field_severe,20,1,0.3094160258769989,0.3987778127193451,0.29180610179901123,1.5710812240196124
WRD25,mobilenetv3,compound_field_severe,21,1,0.48305681347846985,0.3396115303039551,0.17733162641525269,1.478738214230068
WRD25,mobilenetv3,compound_field_severe,22,1,0.36383071541786194,0.4549773335456848,0.18119202554225922,1.4941517272665472
WRD25,mobilenetv3,compound_field_severe,23,1,0.14335577189922333,0.5749928951263428,0.2816513776779175,1.3756586848601895
WRD25,mobilenetv3,compound_field_severe,24,1,0.3289499282836914,0.3079908788204193,0.36305922269821167,1.5816365030979223
WRD25,mobilenetv3,compound_field_severe,25,2,0.461561381816864,0.18978312611579895,0.3486555218696594,1.4998479163858383
WRD25,mobilenetv3,compound_field_severe,26,2,0.46007204055786133,0.34316113591194153,0.19676677882671356,1.5063290905951945
WRD25,mobilenetv3,compound_field_severe,27,2,0.3469942808151245,0.24916550517082214,0.40384021401405334,1.5576797690929851
WRD25,mobilenetv3,compound_field_severe,28,2,0.44742608070373535,0.3659023940563202,0.18667146563529968,1.5018804073952423
WRD25,mobilenetv3,compound_field_severe,29,2,0.36986052989959717,0.40347981452941895,0.2266596108675003,1.5444284480393422
WRD25,mobilenetv3,compound_field_severe,30,2,0.40790241956710815,0.4655463695526123,0.12655113637447357,1.4186059136191025
WRD25,mobilenetv3,compound_field_severe,31,2,0.04265161231160164,0.26022613048553467,0.6971221566200256,1.0623833976345605
WRD25,mobilenetv3,compound_field_severe,32,2,0.16248708963394165,0.3501962721347809,0.48731663823127747,1.461472071315534
WRD25,mobilenetv3,compound_field_severe,33,2,0.30821964144706726,0.465008944272995,0.22677144408226013,1.522475903752182
WRD25,mobilenetv3,compound_field_severe,34,2,0.5537658929824829,0.2711009979248047,0.1751331090927124,1.4228721051233657
WRD25,mobilenetv3,compound_field_severe,35,2,0.41735967993736267,0.3509616255760193,0.23167867958545685,1.5451031544701976
WRD25,mobilenetv3,compound_field_severe,36,3,0.1187102198600769,0.5496737957000732,0.331616073846817,1.3676049889228572
WRD25,mobilenetv3,compound_field_severe,37,3,0.44678857922554016,0.4420866072177887,0.11112486571073532,1.392156778098995
WRD25,mobilenetv3,compound_field_severe,38,3,0.32935404777526855,0.2999245822429657,0.37072136998176575,1.5795098272209267
WRD25,mobilenetv3,compound_field_severe,39,3,0.028363479301333427,0.22584304213523865,0.745793342590332,0.9461636308474877
WRD25,mobilenetv3,compound_field_severe,40,3,0.4443797767162323,0.24984288215637207,0.30577734112739563,1.5426066997114791
WRD25,mobilenetv3,compound_field_severe,41,4,0.49664828181266785,0.42243748903274536,0.08091418445110321,1.3201509515536742
WRD25,mobilenetv3,compound_field_severe,42,4,0.37999266386032104,0.4824352562427521,0.13757210969924927,1.431474278770683
WRD25,mobilenetv3,compound_field_severe,43,4,0.13673871755599976,0.48740360140800476,0.37585774064064026,1.428468780411941
WRD25,mobilenetv3,compound_field_severe,44,4,0.37754544615745544,0.40112680196762085,0.22132772207260132,1.5407415467065873
WRD25,mobilenetv3,compound_field_severe,45,4,0.24806292355060577,0.37951257824897766,0.37242454290390015,1.5600823429587523
WRD25,mobilenetv3,compound_field_severe,46,5,0.15975293517112732,0.6996648907661438,0.1405821442604065,1.1811519000587491
WRD25,mobilenetv3,compound_field_severe,47,5,0.09702416509389877,0.4423246383666992,0.460651159286499,1.3621983270061202
WRD25,mobilenetv3,compound_field_severe,48,5,0.3356213867664337,0.22006279230117798,0.4443158507347107,1.529256727811049
WRD25,mobilenetv3,compound_field_severe,49,5,0.1476859152317047,0.37347474694252014,0.47883936762809753,1.4469130645776263
WRD25,mobilenetv3,compound_field_severe,50,6,0.47708168625831604,0.29531148076057434,0.227606862783432,1.5150611095166218
WRD25,mobilenetv3,compound_field_severe,51,6,0.18213170766830444,0.7789102792739868,0.038957927376031876,0.9106608914489246
WRD25,mobilenetv3,compound_field_severe,52,6,0.07484844326972961,0.41416507959365845,0.5109865069389343,1.301590858714839
WRD25,mobilenetv3,compound_field_severe,53,7,0.5185142159461975,0.3295115828514099,0.1519741415977478,1.4321419657335592
WRD25,mobilenetv3,compound_field_severe,54,7,0.5887000560760498,0.09083232283592224,0.32046759128570557,1.290466034048386
WRD25,mobilenetv3,compound_field_severe,55,7,0.26852327585220337,0.2613096833229065,0.4701669216156006,1.5271926255422512
WRD25,mobilenetv3,compound_field_severe,56,7,0.2668939232826233,0.2506640553474426,0.4824419617652893,1.5163011213280413
WRD25,mobilenetv3,compound_field_severe,57,7,0.4090215265750885,0.37928494811058044,0.21169351041316986,1.5322045231820598
WRD25,mobilenetv3,compound_field_severe,58,7,0.4534590244293213,0.3648664951324463,0.18167449533939362,1.4951199586213737
WRD25,mobilenetv3,compound_field_severe,59,7,0.4107316732406616,0.3651489317417145,0.2241193950176239,1.5415661238536302
WRD25,mobilenetv3,compound_field_severe,60,7,0.42924490571022034,0.2634122669696808,0.30734288692474365,1.5538199152950227
WRD25,mobilenetv3,compound_field_severe,61,7,0.37563356757164,0.30869123339653015,0.31567510962486267,1.5792097570094712
WRD25,mobilenetv3,compound_field_severe,62,7,0.4130589962005615,0.40107715129852295,0.18586386740207672,1.506747277731665
WRD25,mobilenetv3,compound_field_severe,63,7,0.17458286881446838,0.4162396788597107,0.4091775417327881,1.4934553519982274
WRD25,mobilenetv3,compound_field_severe,64,7,0.48038792610168457,0.3747110366821289,0.14490105211734772,1.4425857013508911
WRD25,mobilenetv3,compound_field_severe,65,7,0.4024827480316162,0.3360258638858795,0.2614913582801819,1.5631774396970086
WRD25,mobilenetv3,compound_field_severe,66,7,0.21392861008644104,0.4262019693851471,0.3598693311214447,1.5309542017336204
WRD25,mobilenetv3,compound_field_severe,67,7,0.3794223964214325,0.3837243914604187,0.2368532121181488,1.5528972964701087
WRD25,mobilenetv3,compound_field_severe,68,7,0.23468619585037231,0.4166938364505768,0.3486199676990509,1.5470315641633516
WRD25,mobilenetv3,compound_field_severe,69,8,0.25342822074890137,0.3113568127155304,0.43521496653556824,1.548347147530852
WRD25,mobilenetv3,compound_field_severe,70,8,0.33569642901420593,0.39275580644607544,0.27154773473739624,1.5689017268260406
WRD25,mobilenetv3,compound_field_severe,71,8,0.4361364245414734,0.25462642312049866,0.30923718214035034,1.5482418776172697
WRD25,mobilenetv3,compound_field_severe,72,8,0.3157016336917877,0.2891921401023865,0.3951062858104706,1.5720712841477964
WRD25,mobilenetv3,compound_field_severe,73,8,0.36950594186782837,0.3813323676586151,0.2491617500782013,1.560650689189001
WRD25,mobilenetv3,compound_field_severe,74,8,0.3142474293708801,0.278842568397522,0.4069100320339203,1.56641394878259
WRD25,mobilenetv3,compound_field_severe,75,8,0.46347200870513916,0.2382306158542633,0.29829737544059753,1.527813535323665
WRD25,mobilenetv3,compound_field_severe,76,8,0.3265089988708496,0.31422823667526245,0.35926276445388794,1.5826369602153019
WRD25,mobilenetv3,compound_field_severe,77,8,0.42720094323158264,0.3578701615333557,0.2149290293455124,1.5314479503927318
WRD25,mobilenetv3,compound_field_severe,78,8,0.4331923723220825,0.4018249809741974,0.1649826169013977,1.4802646250636182
WRD25,mobilenetv3,compound_field_severe,79,8,0.4167453348636627,0.22678712010383606,0.3564675748348236,1.5421880944360837
WRD25,mobilenetv3,compound_field_severe,80,8,0.2839072048664093,0.4397132694721222,0.2763795256614685,1.5497012933978422
WRD25,mobilenetv3,compound_field_severe,81,8,0.558146059513092,0.25465479493141174,0.1871991753578186,1.4246188102127264
WRD25,mobilenetv3,compound_field_severe,82,8,0.3523554801940918,0.474161297082901,0.1734832227230072,1.4791319352704364
WRD25,mobilenetv3,compound_field_severe,83,8,0.35955098271369934,0.378852516412735,0.26159653067588806,1.567185495429483
WRD25,mobilenetv3,compound_field_severe,84,8,0.3400716185569763,0.56559157371521,0.09433691203594208,1.3155075880887053
WRD25,mobilenetv3,compound_field_severe,85,8,0.17956136167049408,0.39078113436698914,0.42965754866600037,1.4982258245983178
WRD25,mobilenetv3,compound_field_severe,86,9,0.5508711338043213,0.23184049129486084,0.2172882854938507,1.4413086664980526
WRD25,mobilenetv3,compound_field_severe,87,9,0.4654403030872345,0.16902348399162292,0.3655363917350769,1.477757481532822
WRD25,mobilenetv3,compound_field_severe,88,9,0.47649213671684265,0.198145791888237,0.32536205649375916,1.4993878208746079
WRD25,mobilenetv3,compound_field_severe,89,9,0.37782585620880127,0.3128223419189453,0.3093518316745758,1.5786521915623868
WRD25,mobilenetv3,compound_field_severe,90,9,0.37310418486595154,0.2601572275161743,0.36673855781555176,1.5667868059988055
WRD25,mobilenetv3,compound_field_severe,91,9,0.3903028070926666,0.3210498094558716,0.2886473536491394,1.5734491010454597
WRD25,mobilenetv3,compound_field_severe,92,9,0.4715479612350464,0.1608046293258667,0.36764734983444214,1.4661231899577325
WRD25,mobilenetv3,compound_field_severe,93,9,0.16533054411411285,0.5053644180297852,0.3293050527572632,1.45458943864458
WRD25,mobilenetv3,compound_field_severe,94,9,0.46627435088157654,0.2783830761909485,0.25534260272979736,1.5297235664169926
WRD25,mobilenetv3,compound_field_severe,95,9,0.3111156225204468,0.29885247349739075,0.3900318741798401,1.5746103797517306
WRD25,mobilenetv3,compound_field_severe,96,9,0.5351390838623047,0.329670250415802,0.1351906657218933,1.4007599349940802
WRD25,mobilenetv3,compound_field_severe,97,10,0.5211836099624634,0.29557177424430847,0.18324461579322815,1.4583345115063935
WRD25,mobilenetv3,compound_field_severe,98,10,0.3658660650253296,0.4528440237045288,0.18128983676433563,1.494922693815715
WRD25,mobilenetv3,compound_field_severe,99,10,0.4228043854236603,0.35337308049201965,0.2238224893808365,1.5387774453280576
WRD25,mobilenetv3,compound_field_severe,100,10,0.4106309115886688,0.29057854413986206,0.2987905442714691,1.5661171155052946
WRD25,mobilenetv3,compound_field_severe,101,10,0.2934504747390747,0.4007349908351898,0.3058145344257355,1.5704598965974241
WRD25,mobilenetv3,compound_field_severe,102,10,0.5066690444946289,0.3298099935054779,0.16352099180221558,1.4519671640464613
WRD25,mobilenetv3,compound_field_severe,103,10,0.39925912022590637,0.38619521260261536,0.21454568207263947,1.5353798409178157
WRD25,mobilenetv3,compound_field_severe,104,10,0.47065526247024536,0.24060267210006714,0.2887421250343323,1.5236963451502092
WRD25,mobilenetv3,compound_field_severe,105,10,0.3478202819824219,0.32165005803108215,0.33052965998649597,1.584198808764808
WRD25,mobilenetv3,compound_field_severe,106,10,0.2731929421424866,0.35666215419769287,0.3701448440551758,1.5726357247102656
WRD25,mobilenetv3,compound_field_severe,107,11,0.4054972529411316,0.19669868052005768,0.3978041410446167,1.518524272978204
WRD25,mobilenetv3,compound_field_severe,108,11,0.5089541673660278,0.26809370517730713,0.2229522466659546,1.4878168507424918
WRD25,mobilenetv3,compound_field_severe,109,11,0.31691983342170715,0.45931482315063477,0.2237652987241745,1.5242684474487014
WRD25,mobilenetv3,compound_field_severe,110,11,0.4170931577682495,0.40856119990348816,0.17434567213058472,1.493140658946348
WRD25,mobilenetv3,compound_field_severe,111,11,0.18214979767799377,0.4698401391506195,0.3480101525783539,1.4894676278830792
WRD25,mobilenetv3,compound_field_severe,112,11,0.43345263600349426,0.2618894875049591,0.30465778708457947,1.551400120341925
WRD25,mobilenetv3,compound_field_severe,113,11,0.3937198519706726,0.278285950422287,0.327994167804718,1.5704951650445707
WRD25,mobilenetv3,compound_field_severe,114,12,0.3450392484664917,0.4374234676361084,0.21753716468811035,1.5302211250726956
WRD25,mobilenetv3,compound_field_severe,115,13,0.45924022793769836,0.30682942271232605,0.23393043875694275,1.5288502139636178
WRD25,mobilenetv3,compound_field_severe,116,13,0.3699028193950653,0.4840724766254425,0.14602479338645935,1.442734100176894
WRD25,mobilenetv3,compound_field_severe,117,13,0.16090574860572815,0.5348592400550842,0.30423504114151,1.429248501370905
WRD25,mobilenetv3,compound_field_severe,118,13,0.20730893313884735,0.51764976978302,0.2750413715839386,1.4745677088051026
WRD25,mobilenetv3,compound_field_severe,119,13,0.25498801469802856,0.5454968810081482,0.1995151787996292,1.4436261250510904
WRD25,mobilenetv3,compound_field_severe,120,13,0.36219847202301025,0.38492536544799805,0.2528761923313141,1.5624300713372146
WRD25,mobilenetv3,compound_field_severe,121,14,0.31511351466178894,0.5350342988967896,0.14985214173793793,1.4181099627607576
WRD25,mobilenetv3,compound_field_severe,122,14,0.343561589717865,0.4548005163669586,0.20163783431053162,1.5123369889823604
WRD25,mobilenetv3,compound_field_severe,123,14,0.3235085904598236,0.4900129437446594,0.18647846579551697,1.482810708197868
WRD25,mobilenetv3,compound_field_severe,124,14,0.36847633123397827,0.44113367795944214,0.1903899610042572,1.5071866551609505
WRD25,mobilenetv3,compound_field_severe,125,14,0.37490034103393555,0.28657838702201843,0.33852121233940125,1.576343104381852
WRD25,mobilenetv3,compound_field_severe,126,15,0.31441980600357056,0.4030686318874359,0.28251150250434875,1.568417774612512
WRD25,mobilenetv3,compound_field_severe,127,15,0.3114631772041321,0.31119823455810547,0.37733861804008484,1.578801969006902
WRD25,mobilenetv3,compound_field_severe,128,15,0.4496040940284729,0.22598104178905487,0.3244149684906006,1.5302880566115382
WRD25,mobilenetv3,compound_field_severe,129,15,0.5587424039840698,0.1937784105539322,0.2474791407585144,1.4265520431939724
WRD25,mobilenetv3,compound_field_severe,130,15,0.45030397176742554,0.2761061191558838,0.27358996868133545,1.5425499258848714
WRD25,mobilenetv3,compound_field_severe,131,15,0.3127320408821106,0.32989880442619324,0.35736921429634094,1.582777701829798
WRD25,mobilenetv3,compound_field_severe,132,15,0.312057226896286,0.36245250701904297,0.3254903256893158,1.582043456652272
WRD25,mobilenetv3,compound_field_severe,133,15,0.30570530891418457,0.36359062790870667,0.33070412278175354,1.5813242190276364
WRD25,mobilenetv3,compound_field_severe,134,15,0.3550374507904053,0.3331335783004761,0.31182900071144104,1.5829414595780227
WRD25,mobilenetv3,compound_field_severe,135,15,0.450466126203537,0.2427382618188858,0.30679553747177124,1.5370440953109736
WRD25,mobilenetv3,compound_field_severe,136,15,0.4349963366985321,0.3232341706752777,0.24176955223083496,1.544274464608562
WRD25,mobilenetv3,compound_field_severe,137,15,0.3391425311565399,0.3689211308956146,0.29193639755249023,1.5783694296089008
WRD25,mobilenetv3,compound_field_severe,138,15,0.37156492471694946,0.3767801821231842,0.25165486335754395,1.5622094235121513
WRD25,mobilenetv3,compound_field_severe,139,15,0.26800984144210815,0.3670017719268799,0.3649883270263672,1.5705805366135737
WRD25,mobilenetv3,compound_field_severe,140,15,0.28494253754615784,0.4186687469482422,0.29638856649398804,1.5619973728356884
WRD25,mobilenetv3,compound_field_severe,141,16,0.11863446235656738,0.4269334077835083,0.4544321894645691,1.4061694210704694
WRD25,mobilenetv3,compound_field_severe,142,16,0.13920843601226807,0.46294888854026794,0.3978425860404968,1.4393980453106194
WRD25,mobilenetv3,compound_field_severe,143,16,0.2233472466468811,0.3048330545425415,0.471819669008255,1.5167830980102592
WRD25,mobilenetv3,compound_field_severe,144,16,0.20910698175430298,0.26835280656814575,0.5225401520729065,1.4706766558061946
WRD25,mobilenetv3,compound_field_severe,145,16,0.21052028238773346,0.5144373178482056,0.2750423848628998,1.4787581735811361
WRD25,mobilenetv3,compound_field_severe,146,16,0.2034967690706253,0.44430264830589294,0.3522005081176758,1.517670385654241
WRD25,mobilenetv3,compound_field_severe,147,16,0.1427176296710968,0.4157011806964874,0.44158121943473816,1.4480307321087422
WRD25,mobilenetv3,compound_field_severe,148,17,0.03999395668506622,0.26189568638801575,0.6981103420257568,1.0539138137255306
WRD25,mobilenetv3,compound_field_severe,149,17,0.05902911722660065,0.3874915540218353,0.5534793734550476,1.243317403663172
WRD25,mobilenetv3,compound_field_severe,150,17,0.1210317611694336,0.6240475177764893,0.2549205720424652,1.2959234059116491
WRD25,mobilenetv3,compound_field_severe,151,17,0.24995291233062744,0.300031840801239,0.45001518726348877,1.5394697796662682
WRD25,mobilenetv3,compound_field_severe,152,18,0.25099053978919983,0.2949990928173065,0.4540104568004608,1.53731666303872
WRD25,mobilenetv3,compound_field_severe,153,18,0.4280514419078827,0.20593823492527008,0.36601030826568604,1.5242083186957185
WRD25,mobilenetv3,compound_field_severe,154,18,0.39075952768325806,0.3327217400074005,0.27651870250701904,1.5707830620719676
WRD25,mobilenetv3,compound_field_severe,155,18,0.14569847285747528,0.5010977983474731,0.3532037138938904,1.4347097256727204
WRD25,mobilenetv3,compound_field_severe,156,18,0.34940123558044434,0.3686298131942749,0.28196898102760315,1.575779358729339
WRD25,mobilenetv3,compound_field_severe,157,18,0.5406053066253662,0.3593491315841675,0.10004553943872452,1.3425798471530503
WRD25,mobilenetv3,compound_field_severe,158,18,0.27127036452293396,0.40239259600639343,0.32633697986602783,1.5662749704532444
WRD25,mobilenetv3,compound_field_severe,159,18,0.3893555700778961,0.25465235114097595,0.3559921681880951,1.5628389994871452
WRD25,mobilenetv3,compound_field_severe,160,18,0.40005502104759216,0.38036274909973145,0.21958227455615997,1.5394632601342035
WRD25,mobilenetv3,compound_field_severe,161,18,0.29252350330352783,0.32110631465911865,0.3863702416419983,1.5750861715754554
WRD25,mobilenetv3,compound_field_severe,162,18,0.27708718180656433,0.3758612275123596,0.34705159068107605,1.5735358691734946
WRD25,mobilenetv3,compound_field_severe,163,18,0.328250527381897,0.3145960569381714,0.35715344548225403,1.5829322654443896
WRD25,mobilenetv3,compound_field_severe,164,18,0.3923317492008209,0.3024899959564209,0.30517813563346863,1.5739474895911798
WRD25,mobilenetv3,compound_field_severe,165,18,0.3510766625404358,0.48581886291503906,0.16310442984104156,1.462863356441181
WRD25,mobilenetv3,compound_field_severe,166,18,0.3653302788734436,0.24602486193180084,0.38864484429359436,1.5583716816021358
WRD25,mobilenetv3,compound_field_severe,167,18,0.32062047719955444,0.38329851627349854,0.2960810363292694,1.5763353204679564
WRD25,mobilenetv3,compound_field_severe,168,18,0.49760812520980835,0.302813857793808,0.19957810640335083,1.4869633686680588
WRD25,mobilenetv3,compound_field_severe,169,18,0.45249876379966736,0.3055649399757385,0.24193619191646576,1.5356346365024303
WRD25,mobilenetv3,compound_field_severe,170,19,0.04395773634314537,0.1606927067041397,0.7953495383262634,0.8847318999701115
WRD25,mobilenetv3,compound_field_severe,171,19,0.10651081800460815,0.5371605753898621,0.3563286066055298,1.3562068110081578
WRD25,mobilenetv3,compound_field_severe,172,19,0.16213855147361755,0.44436115026474,0.39350035786628723,1.47503416192826
WRD25,mobilenetv3,compound_field_severe,173,19,0.4221886992454529,0.46582987904548645,0.11198136955499649,1.3923345203337607
WRD25,mobilenetv3,compound_field_severe,174,20,0.24565806984901428,0.42154356837272644,0.3327983021736145,1.551116741673816
WRD25,mobilenetv3,compound_field_severe,175,20,0.20000708103179932,0.3407351076602936,0.4592577815055847,1.5092217950074558
WRD25,mobilenetv3,compound_field_severe,176,20,0.35775405168533325,0.28526169061660767,0.35698437690734863,1.5772592465754824
WRD25,mobilenetv3,compound_field_severe,177,20,0.11537691205739975,0.5150395631790161,0.36958348751068115,1.3832163747690065
WRD25,mobilenetv3,compound_field_severe,178,21,0.014589918777346611,0.4788301885128021,0.5065799951553345,1.0947230281288345
WRD25,mobilenetv3,compound_field_severe,179,21,0.399781733751297,0.49042198061943054,0.10979631543159485,1.382836118099695
WRD25,mobilenetv3,compound_field_severe,180,21,0.4168343245983124,0.39009201526641846,0.193073570728302,1.51414405930568
WRD25,mobilenetv3,compound_field_severe,181,21,0.3094780445098877,0.4176640808582306,0.2728579044342041,1.5610236475069506
WRD25,mobilenetv3,compound_field_severe,182,21,0.4568413197994232,0.3222592771053314,0.22089946269989014,1.5240529168126125
WRD25,mobilenetv3,compound_field_severe,183,21,0.28747686743736267,0.3593815863132477,0.35314157605171204,1.5779233168805686
WRD25,mobilenetv3,compound_field_severe,184,21,0.3131835162639618,0.31140872836112976,0.3754078447818756,1.5793225849354675
WRD25,mobilenetv3,compound_field_severe,185,22,0.09645311534404755,0.15009760856628418,0.7534492611885071,1.043828704984572
WRD25,mobilenetv3,compound_field_severe,186,22,0.23627740144729614,0.6722858548164368,0.0914367213845253,1.1924755923942292
WRD25,mobilenetv3,compound_field_severe,187,22,0.18805596232414246,0.6474096775054932,0.1645343154668808,1.2878177049254487
WRD25,mobilenetv3,compound_field_severe,188,22,0.3766763508319855,0.1988823115825653,0.42444124817848206,1.5187492554947384
WRD25,mobilenetv3,compound_field_severe,189,22,0.15067099034786224,0.588857114315033,0.26047182083129883,1.366828041522135
WRD25,mobilenetv3,compound_field_severe,190,23,0.4445264935493469,0.4484649896621704,0.10700849443674088,1.383805184659331
WRD25,mobilenetv3,compound_field_severe,191,23,0.3328002095222473,0.5357879996299744,0.1314118206501007,1.3953478701194244
WRD25,mobilenetv3,compound_field_severe,192,23,0.28409433364868164,0.5131263732910156,0.20277926325798035,1.4765338478041565
WRD25,mobilenetv3,compound_field_severe,193,23,0.3158891797065735,0.48281270265579224,0.20129814743995667,1.4978672978770744
WRD25,mobilenetv3,compound_field_severe,194,24,0.34630733728408813,0.352828711271286,0.30086392164230347,1.5814365883850878
WRD25,mobilenetv3,compound_field_severe,195,24,0.4159749448299408,0.450859934091568,0.1331651657819748,1.4318770436126584
WRD25,mobilenetv3,compound_field_severe,196,24,0.26928624510765076,0.4695472717285156,0.2611665427684784,1.5276856150080689
WRD25,mobilenetv3,compound_field_severe,197,24,0.457438200712204,0.3847619891166687,0.1577998399734497,1.466690609583096
WRD25,mobilenetv3,compound_field_severe,198,24,0.23586955666542053,0.46308666467666626,0.30104386806488037,1.5272572679678802
WRD25,mobilenetv3,compound_field_severe,199,24,0.287757933139801,0.4611324965953827,0.2511095702648163,1.5327048794374991
