dataset,backbone,condition,image_idx,label,cam_pct_c0,cam_pct_c1,cam_pct_c2,entropy
WRD25,hrnet32,clean,0,0,0.47037267684936523,0.2936863899230957,0.2359408736228943,1.5225424219301815
WRD25,hrnet32,clean,1,0,0.4131782352924347,0.14185164868831635,0.4449700713157654,1.446366215343044
WRD25,hrnet32,clean,2,0,0.377673864364624,0.2514245808124542,0.37090155482292175,1.562059456505593
WRD25,hrnet32,clean,3,0,0.4740596115589142,0.17153288424015045,0.354407399892807,1.4771572891741225
WRD25,hrnet32,clean,4,0,0.5204049944877625,0.45233121514320374,0.027263840660452843,1.1497757416505276
WRD25,hrnet32,clean,5,0,0.487162321805954,0.1334380954504013,0.3793995976448059,1.4236623871481624
WRD25,hrnet32,clean,6,0,0.558701753616333,0.014464407227933407,0.4268338680267334,1.0818827439035268
WRD25,hrnet32,clean,7,0,0.5133407711982727,0.00240046763792634,0.48425883054733276,1.0213368677116206
WRD25,hrnet32,clean,8,0,0.560352087020874,0.4043986201286316,0.03524929657578468,1.1665547150377102
WRD25,hrnet32,clean,9,0,0.49710723757743835,0.1016707569360733,0.40122199058532715,1.365202012676113
WRD25,hrnet32,clean,10,0,0.4539421796798706,0.455782413482666,0.09027547389268875,1.347110472001503
WRD25,hrnet32,clean,11,0,0.39892956614494324,0.2049350142478943,0.39613544940948486,1.5267468887061058
WRD25,hrnet32,clean,12,0,0.5181193351745605,0.003566215978935361,0.47831445932388306,1.0294205355508992
WRD25,hrnet32,clean,13,0,0.5614645481109619,0.011939622461795807,0.42659586668014526,1.068132761989583
WRD25,hrnet32,clean,14,0,0.4627193212509155,0.05524412542581558,0.4820365905761719,1.25274006695963
WRD25,hrnet32,clean,15,0,0.5181059241294861,0.47268256545066833,0.009211462922394276,1.0648049415101113
WRD25,hrnet32,clean,16,0,0.4883005619049072,0.0,0.5116994976997375,0.9996050222434769
WRD25,hrnet32,clean,17,0,0.5615560412406921,0.4146745204925537,0.023769456893205643,1.122339913973586
WRD25,hrnet32,clean,18,1,0.0,0.4654327630996704,0.5345673561096191,0.9965495056527582
WRD25,hrnet32,clean,19,1,0.3878118693828583,0.5755302309989929,0.03665795549750328,1.1635396015140773
WRD25,hrnet32,clean,20,1,0.5612606406211853,0.42197179794311523,0.01676749996840954,1.0918350207195406
WRD25,hrnet32,clean,21,1,0.024099048227071762,0.6459506750106812,0.3299503028392792,1.0646187324313465
WRD25,hrnet32,clean,22,1,0.05545629933476448,0.4138853847980499,0.5306583642959595,1.2432408383841935
WRD25,hrnet32,clean,23,1,0.019053515046834946,0.5538440942764282,0.42710235714912415,1.1051938023214922
WRD25,hrnet32,clean,24,1,0.030878867954015732,0.4765833616256714,0.49253779649734497,1.1677120237941372
WRD25,hrnet32,clean,25,2,0.3526791036128998,0.2825556695461273,0.3647651970386505,1.5762072204103752
WRD25,hrnet32,clean,26,2,0.5836732387542725,0.1821972131729126,0.23412959277629852,1.3913451190230246
WRD25,hrnet32,clean,27,2,0.366878479719162,0.25783610343933105,0.37528538703918457,1.5655586412031497
WRD25,hrnet32,clean,28,2,0.5414099097251892,0.2982380986213684,0.16035196185112,1.4232626522769327
WRD25,hrnet32,clean,29,2,0.35086163878440857,0.5806111097335815,0.06852735579013824,1.2505741515272195
WRD25,hrnet32,clean,30,2,0.1597498208284378,0.6748390197753906,0.1654110848903656,1.2349955553870922
WRD25,hrnet32,clean,31,2,0.056080322712659836,0.65931236743927,0.2846072018146515,1.1452946613305586
WRD25,hrnet32,clean,32,2,0.6658238172531128,0.221710205078125,0.11246594786643982,1.22707164944817
WRD25,hrnet32,clean,33,2,0.07104434818029404,0.6894408464431763,0.23951491713523865,1.1347647010631294
WRD25,hrnet32,clean,34,2,0.8180350065231323,0.15946929156780243,0.02249554730951786,0.7825619849363687
WRD25,hrnet32,clean,35,2,0.42079490423202515,0.42050158977508545,0.1587035357952118,1.4724953434709842
WRD25,hrnet32,clean,36,3,0.017009256407618523,0.45573753118515015,0.5272532105445862,1.103536059616369
WRD25,hrnet32,clean,37,3,0.09016121923923492,0.648546040058136,0.2612926959991455,1.2240710966688697
WRD25,hrnet32,clean,38,3,0.010323035530745983,0.36501365900039673,0.6246633529663086,1.0228852117920446
WRD25,hrnet32,clean,39,3,0.4919371008872986,0.04066082090139389,0.4674021303653717,1.204200360046807
WRD25,hrnet32,clean,40,3,0.3356671929359436,0.5060290694236755,0.15830379724502563,1.4468863948100736
WRD25,hrnet32,clean,41,4,0.774299681186676,0.19702275097370148,0.028677554801106453,0.8944221824512669
WRD25,hrnet32,clean,42,4,0.5663214921951294,0.0714796856045723,0.3621988892555237,1.2673063983891222
WRD25,hrnet32,clean,43,4,0.01357979141175747,0.7928330898284912,0.19358716905117035,0.8083530287333229
WRD25,hrnet32,clean,44,4,0.7518280744552612,0.015905827283859253,0.23226600885391235,0.8936094935532835
WRD25,hrnet32,clean,45,4,0.012571234256029129,0.47376176714897156,0.5136669278144836,1.083658494795867
WRD25,hrnet32,clean,46,5,0.4808610677719116,0.5110801458358765,0.008058827370405197,1.0589073150171022
WRD25,hrnet32,clean,47,5,0.010759122669696808,0.5950976610183716,0.39414310455322266,1.045372782387297
WRD25,hrnet32,clean,48,5,0.00029638802516274154,0.49803075194358826,0.5016729235649109,1.0035953085101057
WRD25,hrnet32,clean,49,5,0.03611030802130699,0.2206084430217743,0.7432812452316284,0.9721832190056068
WRD25,hrnet32,clean,50,6,0.5369763374328613,0.21846459805965424,0.24455909430980682,1.458013653929567
WRD25,hrnet32,clean,51,6,0.000798226275946945,0.3286164700984955,0.6705853343009949,0.92241314448041
WRD25,hrnet32,clean,52,6,0.04355998709797859,0.3490273654460907,0.6074126958847046,1.1638392530069426
WRD25,hrnet32,clean,53,7,0.43265846371650696,0.35828694701194763,0.2090545892715454,1.5255652615949664
WRD25,hrnet32,clean,54,7,0.004963545128703117,0.47261515259742737,0.5224213004112244,1.0383734716707478
WRD25,hrnet32,clean,55,7,0.007982253096997738,0.5985735058784485,0.39344432950019836,1.02829690812945
WRD25,hrnet32,clean,56,7,0.009171023964881897,0.45186933875083923,0.5389595627784729,1.0605460532073308
WRD25,hrnet32,clean,57,7,0.43971097469329834,0.5156599879264832,0.04462902247905731,1.2141387266753372
WRD25,hrnet32,clean,58,7,0.5099126100540161,0.4534316956996918,0.0366557277739048,1.18769704299346
WRD25,hrnet32,clean,59,7,0.1669982224702835,0.5995032787322998,0.23349839448928833,1.3637349275933226
WRD25,hrnet32,clean,60,7,0.17074164748191833,0.326580286026001,0.5026780962944031,1.4614753340271924
WRD25,hrnet32,clean,61,7,0.4915764331817627,0.3045189678668976,0.20390456914901733,1.493760756811869
WRD25,hrnet32,clean,62,7,0.2788759469985962,0.4004371166229248,0.3206869959831238,1.5686636477023337
WRD25,hrnet32,clean,63,7,0.41943374276161194,0.3918590247631073,0.18870727717876434,1.5093758548043046
WRD25,hrnet32,clean,64,7,0.42209455370903015,0.06745154410600662,0.5104539394378662,1.282840719140501
WRD25,hrnet32,clean,65,7,0.4908846616744995,0.28512120246887207,0.22399422526359558,1.5035687039911414
WRD25,hrnet32,clean,66,7,0.054264556616544724,0.5668205618858337,0.37891483306884766,1.2228676831976464
WRD25,hrnet32,clean,67,7,0.5735484957695007,0.03166157007217407,0.3947898745536804,1.1470545820463007
WRD25,hrnet32,clean,68,7,0.5504178404808044,0.2792719900608063,0.17031018435955048,1.4229946094186543
WRD25,hrnet32,clean,69,8,0.26550763845443726,0.43735915422439575,0.297133207321167,1.5500061523721673
WRD25,hrnet32,clean,70,8,0.19598804414272308,0.4885914623737335,0.3154205083847046,1.4907262764856035
WRD25,hrnet32,clean,71,8,0.4393943250179291,0.2502286732196808,0.31037697196006775,1.545317261407024
WRD25,hrnet32,clean,72,8,0.46562251448631287,0.18806350231170654,0.3463139235973358,1.496647063244585
WRD25,hrnet32,clean,73,8,0.32935473322868347,0.3369675576686859,0.33367782831192017,1.5848993732294983
WRD25,hrnet32,clean,74,8,0.6764891743659973,0.13335101306438446,0.190159872174263,1.2244360874385714
WRD25,hrnet32,clean,75,8,0.4877450168132782,0.2630124092102051,0.2492426633834839,1.5115546076796305
WRD25,hrnet32,clean,76,8,0.6397539973258972,0.21171289682388306,0.1485331952571869,1.2950989952697851
WRD25,hrnet32,clean,77,8,0.4989684224128723,0.24907991290092468,0.2519516348838806,1.5010166191395735
WRD25,hrnet32,clean,78,8,0.5781359076499939,0.1900077611207962,0.2318563163280487,1.4011762390304443
WRD25,hrnet32,clean,79,8,0.2856152355670929,0.3676625192165375,0.34672224521636963,1.5769315288493542
WRD25,hrnet32,clean,80,8,0.20610038936138153,0.4998217821121216,0.29407790303230286,1.4889573408406929
WRD25,hrnet32,clean,81,8,0.4075238108634949,0.3123925030231476,0.28008365631103516,1.566386586147578
WRD25,hrnet32,clean,82,8,0.48531633615493774,0.36720383167266846,0.1474798321723938,1.444175529636613
WRD25,hrnet32,clean,83,8,0.515536904335022,0.28996530175209045,0.19449776411056519,1.4701067417421267
WRD25,hrnet32,clean,84,8,0.5344700813293457,0.21651160717010498,0.24901840090751648,1.4604601768725178
WRD25,hrnet32,clean,85,8,0.5422216057777405,0.3162742257118225,0.14150413870811462,1.4032544701665584
WRD25,hrnet32,clean,86,9,0.36822962760925293,0.09903755784034729,0.5327327847480774,1.345111328100987
WRD25,hrnet32,clean,87,9,0.04218216985464096,0.2584596574306488,0.6993582248687744,1.0579622376424296
WRD25,hrnet32,clean,88,9,0.44468897581100464,0.0342111811041832,0.521099865436554,1.1765131486966207
WRD25,hrnet32,clean,89,9,0.3729695975780487,0.12548495829105377,0.5015453100204468,1.405753598619384
WRD25,hrnet32,clean,90,9,0.05394861847162247,0.28698477149009705,0.6590666174888611,1.140523578119395
WRD25,hrnet32,clean,91,9,0.058749400079250336,0.3650321066379547,0.5762185454368591,1.229238311051515
WRD25,hrnet32,clean,92,9,0.5119341611862183,0.057703617960214615,0.4303622245788574,1.2554571127649294
WRD25,hrnet32,clean,93,9,0.208418607711792,0.6153877973556519,0.17619362473487854,1.343896763661083
WRD25,hrnet32,clean,94,9,0.031130658462643623,0.45341384410858154,0.515455424785614,1.1660323369952805
WRD25,hrnet32,clean,95,9,0.26971301436424255,0.3480847179889679,0.38220229744911194,1.5701893314357886
WRD25,hrnet32,clean,96,9,0.34860536456108093,0.06271824985742569,0.5886762738227844,1.230569615661464
WRD25,hrnet32,clean,97,10,0.4358054995536804,0.4274384677410126,0.13675595819950104,1.4388650532124094
WRD25,hrnet32,clean,98,10,0.7923645973205566,0.15046529471874237,0.05717001482844353,0.9132251959174844
WRD25,hrnet32,clean,99,10,0.3620491325855255,0.5239009261131287,0.11405003815889359,1.376513208576382
WRD25,hrnet32,clean,100,10,0.6041762232780457,0.3172439932823181,0.07857992500066757,1.253037976987844
WRD25,hrnet32,clean,101,10,0.3967266380786896,0.5457413196563721,0.057532113045454025,1.2429701754947917
WRD25,hrnet32,clean,102,10,0.5833313465118408,0.32435086369514465,0.09231781959533691,1.2977916240317682
WRD25,hrnet32,clean,103,10,0.8760478496551514,0.09547135978937149,0.028480786830186844,0.6370024636844569
WRD25,hrnet32,clean,104,10,0.1397312730550766,0.6132744550704956,0.24699437618255615,1.3276349225568165
WRD25,hrnet32,clean,105,10,0.6171857714653015,0.302746444940567,0.08006784319877625,1.243236703416648
WRD25,hrnet32,clean,106,10,0.5614950060844421,0.34529104828834534,0.09321393072605133,1.3163480387892696
WRD25,hrnet32,clean,107,11,0.3013627827167511,0.29596981406211853,0.402667373418808,1.5697870375465475
WRD25,hrnet32,clean,108,11,0.3421749472618103,0.3909265398979187,0.2668984830379486,1.5677400463110787
WRD25,hrnet32,clean,109,11,0.3318372368812561,0.36779850721359253,0.30036428570747375,1.5800375230170722
WRD25,hrnet32,clean,110,11,0.34866636991500854,0.3420781195163727,0.30925557017326355,1.5830113704975661
WRD25,hrnet32,clean,111,11,0.38312044739723206,0.3528156876564026,0.2640639543533325,1.5678528281293174
WRD25,hrnet32,clean,112,11,0.3506978452205658,0.47938162088394165,0.1699203997850418,1.4731536936850234
WRD25,hrnet32,clean,113,11,0.05126076564192772,0.24482883512973785,0.7039104104042053,1.0733002490014936
WRD25,hrnet32,clean,114,12,0.555106520652771,0.40602463483810425,0.038868896663188934,1.1814648271166401
WRD25,hrnet32,clean,115,13,0.5761592388153076,0.40263229608535767,0.02120843529701233,1.1046550946764377
WRD25,hrnet32,clean,116,13,0.7310777902603149,0.24743174016475677,0.021490486338734627,0.9479866694453529
WRD25,hrnet32,clean,117,13,0.029873060062527657,0.47114473581314087,0.49898219108581543,1.163305520381246
WRD25,hrnet32,clean,118,13,0.011519034393131733,0.48798033595085144,0.5005006790161133,1.079069630955936
WRD25,hrnet32,clean,119,13,0.013983549550175667,0.4814194142818451,0.5045969486236572,1.0917961230066466
WRD25,hrnet32,clean,120,13,0.6288020014762878,0.12656719982624054,0.24463069438934326,1.2952215435688272
WRD25,hrnet32,clean,121,14,0.33436673879623413,0.0005687572411261499,0.6650643944740295,0.9259431755400823
WRD25,hrnet32,clean,122,14,0.5258083939552307,0.4497402608394623,0.024451298639178276,1.137017615359543
WRD25,hrnet32,clean,123,14,0.5415080189704895,0.43799370527267456,0.020498240366578102,1.1158248155782236
WRD25,hrnet32,clean,124,14,0.4357934594154358,0.5281260013580322,0.03608057275414467,1.1815534211158967
WRD25,hrnet32,clean,125,14,0.658288836479187,0.03334607928991318,0.3083651661872864,1.084076459215619
WRD25,hrnet32,clean,126,15,0.2488008290529251,0.3941769003868103,0.357022225856781,1.5592449698570419
WRD25,hrnet32,clean,127,15,0.47760069370269775,0.14042723178863525,0.3819720447063446,1.437239180296229
WRD25,hrnet32,clean,128,15,0.3682840168476105,0.19469518959522247,0.43702074885368347,1.5122582548009884
WRD25,hrnet32,clean,129,15,0.3962140679359436,0.09892062097787857,0.504865288734436,1.357170612543664
WRD25,hrnet32,clean,130,15,0.44090479612350464,0.1044827401638031,0.45461246371269226,1.3784124736525376
WRD25,hrnet32,clean,131,15,0.3394174873828888,0.27532461285591125,0.38525786995887756,1.5715840864552324
WRD25,hrnet32,clean,132,15,0.398345410823822,0.21230944991111755,0.3893451988697052,1.533490395917695
WRD25,hrnet32,clean,133,15,0.26306721568107605,0.2589542865753174,0.4779784381389618,1.5205984410677071
WRD25,hrnet32,clean,134,15,0.33288106322288513,0.24400798976421356,0.42311105132102966,1.5498472269258092
WRD25,hrnet32,clean,135,15,0.008604330942034721,0.4318181276321411,0.5595776438713074,1.0508779786792912
WRD25,hrnet32,clean,136,15,0.04383650794625282,0.4291378855705261,0.5270256400108337,1.2085359852759558
WRD25,hrnet32,clean,137,15,0.0042563495226204395,0.45274049043655396,0.5430032014846802,1.0294845921835363
WRD25,hrnet32,clean,138,15,0.5629550814628601,0.02961091883480549,0.4074339270591736,1.1447686844810567
WRD25,hrnet32,clean,139,15,0.0002908515161834657,0.5001232028007507,0.499585896730423,1.003545247034019
WRD25,hrnet32,clean,140,15,0.5654814839363098,0.003754308680072427,0.43076425790786743,1.018719967307574
WRD25,hrnet32,clean,141,16,0.01687202788889408,0.7111812829971313,0.271946519613266,0.9599386515999314
WRD25,hrnet32,clean,142,16,0.012488456442952156,0.6792072653770447,0.3083043098449707,0.9813862802975594
WRD25,hrnet32,clean,143,16,0.010344612412154675,0.23004990816116333,0.7596054673194885,0.8572425831438034
WRD25,hrnet32,clean,144,16,0.026817506179213524,0.5513541102409363,0.42182841897010803,1.1388816997090068
WRD25,hrnet32,clean,145,16,0.02174225077033043,0.4759269952774048,0.5023306608200073,1.1288577354455323
WRD25,hrnet32,clean,146,16,0.0042692022398114204,0.5612752437591553,0.434455543756485,1.0238001196729227
WRD25,hrnet32,clean,147,16,0.011187599040567875,0.5692271590232849,0.4195852279663086,1.0609809791169529
WRD25,hrnet32,clean,148,17,0.01233628299087286,0.6237886548042297,0.3638751208782196,1.0336495164922388
WRD25,hrnet32,clean,149,17,0.001479409751482308,0.6834750771522522,0.31504547595977783,0.9141439821270582
WRD25,hrnet32,clean,150,17,0.006500413175672293,0.5808037519454956,0.4126957952976227,1.0294563787854925
WRD25,hrnet32,clean,151,17,0.2700394093990326,0.4590741991996765,0.27088654041290283,1.5360866842016532
WRD25,hrnet32,clean,152,18,0.015158550813794136,0.5208200216293335,0.4640214443206787,1.0957938663504478
WRD25,hrnet32,clean,153,18,0.5448365807533264,0.013450133614242077,0.44171324372291565,1.0816425042068136
WRD25,hrnet32,clean,154,18,0.6090486645698547,0.3559047281742096,0.035046614706516266,1.1355847777504555
WRD25,hrnet32,clean,155,18,0.00809138361364603,0.46420326828956604,0.5277053117752075,1.056830330244067
WRD25,hrnet32,clean,156,18,0.7012417316436768,0.0044020675122737885,0.29435619711875916,0.9128565889600219
WRD25,hrnet32,clean,157,18,0.4285240173339844,0.3877696394920349,0.18370632827281952,1.502943663621595
WRD25,hrnet32,clean,158,18,0.038437116891145706,0.5313818454742432,0.4301810562610626,1.1889455260489008
WRD25,hrnet32,clean,159,18,0.7594097256660461,0.056490298360586166,0.1840999722480774,0.9851926119596349
WRD25,hrnet32,clean,160,18,0.46663084626197815,0.11398205161094666,0.4193871319293976,1.3960113379150114
WRD25,hrnet32,clean,161,18,0.4976045787334442,0.3175787031650543,0.18481671810150146,1.4767684396755234
WRD25,hrnet32,clean,162,18,0.4374935030937195,0.3631746768951416,0.19933171570301056,1.5162745392162373
WRD25,hrnet32,clean,163,18,0.07321759313344955,0.6257175803184509,0.30106478929519653,1.2207982462566171
WRD25,hrnet32,clean,164,18,0.33378759026527405,0.3029017150402069,0.3633107542991638,1.5810051385770625
WRD25,hrnet32,clean,165,18,0.0871601328253746,0.6676043272018433,0.24523556232452393,1.1932686661844794
WRD25,hrnet32,clean,166,18,0.00688856141641736,0.2239733189344406,0.7691380977630615,0.824201228971531
WRD25,hrnet32,clean,167,18,0.003999987151473761,0.34101662039756775,0.6549833416938782,0.9609977669182668
WRD25,hrnet32,clean,168,18,0.484767347574234,0.28419575095176697,0.23103688657283783,1.5105996546801754
WRD25,hrnet32,clean,169,18,0.5980298519134521,0.36199381947517395,0.03997631371021271,1.1599130422235706
WRD25,hrnet32,clean,170,19,0.037190500646829605,0.22264404594898224,0.7401654124259949,0.9804177891758272
WRD25,hrnet32,clean,171,19,0.017871201038360596,0.4115152060985565,0.5706135630607605,1.092770462810622
WRD25,hrnet32,clean,172,19,0.0061392467468976974,0.46112656593322754,0.5327341556549072,1.0440751634087997
WRD25,hrnet32,clean,173,19,0.6338840126991272,0.25922441482543945,0.10689162462949753,1.266618411925048
WRD25,hrnet32,clean,174,20,0.05214238166809082,0.17906656861305237,0.7687910199165344,0.9581716232329948
WRD25,hrnet32,clean,175,20,0.0762588232755661,0.26977431774139404,0.6539667844772339,1.193758487143693
WRD25,hrnet32,clean,176,20,0.1220191940665245,0.4469563663005829,0.4310245215892792,1.4129094942528173
WRD25,hrnet32,clean,177,20,0.0581018328666687,0.2806136906147003,0.661284327507019,1.1475450516546761
WRD25,hrnet32,clean,178,21,0.006691969931125641,0.5621343851089478,0.4311736226081848,1.038777274296435
WRD25,hrnet32,clean,179,21,0.0031206952407956123,0.7186086177825928,0.2782706916332245,0.8820844681437561
WRD25,hrnet32,clean,180,21,0.005487843882292509,0.7183648943901062,0.2761472761631012,0.8966877351473777
WRD25,hrnet32,clean,181,21,0.018098261207342148,0.5872038006782532,0.3946979343891144,1.085125194895331
WRD25,hrnet32,clean,182,21,0.09990964084863663,0.37075358629226685,0.5293368101119995,1.3485393200527056
WRD25,hrnet32,clean,183,21,0.5085447430610657,0.3282245099544525,0.16323068737983704,1.4505006110191472
WRD25,hrnet32,clean,184,21,0.06203518062829971,0.473469614982605,0.4644950330257416,1.2733743093835237
WRD25,hrnet32,clean,185,22,0.06794571131467819,0.33768993616104126,0.5943644642829895,1.23861158085425
WRD25,hrnet32,clean,186,22,0.1495797485113144,0.7415475249290466,0.10887275636196136,1.0782104683786247
WRD25,hrnet32,clean,187,22,0.3109585642814636,0.059632159769535065,0.6294093728065491,1.1869998764026584
WRD25,hrnet32,clean,188,22,0.04932355135679245,0.7181975841522217,0.23247891664505005,1.0464436359682447
WRD25,hrnet32,clean,189,22,0.08751367777585983,0.647999107837677,0.26448720693588257,1.2206392104223347
WRD25,hrnet32,clean,190,23,0.010405205190181732,0.5252569317817688,0.4643378257751465,1.0703554968194653
WRD25,hrnet32,clean,191,23,0.034117747098207474,0.45977911353111267,0.5061030983924866,1.178918313154309
WRD25,hrnet32,clean,192,23,0.030943073332309723,0.6024810075759888,0.36657607555389404,1.1263115928471976
WRD25,hrnet32,clean,193,23,0.6295702457427979,0.24707940220832825,0.12335041165351868,1.2910393287616109
WRD25,hrnet32,clean,194,24,0.33767038583755493,0.41431906819343567,0.248010516166687,1.5544536755460605
WRD25,hrnet32,clean,195,24,0.3748091161251068,0.6029236316680908,0.022267287597060204,1.0929736785958852
WRD25,hrnet32,clean,196,24,0.3719693124294281,0.6120526194572449,0.015978092327713966,1.0595585941273282
WRD25,hrnet32,clean,197,24,0.32881101965904236,0.5798449516296387,0.09134411066770554,1.298912034633172
WRD25,hrnet32,clean,198,24,0.013444099575281143,0.48929259181022644,0.4972633123397827,1.0893546095136957
WRD25,hrnet32,clean,199,24,0.6162593960762024,0.020169783383607864,0.36357080936431885,1.074680290713063
WRD25,hrnet32,gaussian_blur_4,0,0,0.7222872972488403,0.014695298857986927,0.26301732659339905,0.9352556393802456
WRD25,hrnet32,gaussian_blur_4,1,0,0.4225154519081116,0.18575827777385712,0.3917262852191925,1.505914985207534
WRD25,hrnet32,gaussian_blur_4,2,0,0.2781575918197632,0.35318729281425476,0.36865517497062683,1.574531530499854
WRD25,hrnet32,gaussian_blur_4,3,0,0.367747038602829,0.30360788106918335,0.32864508032798767,1.580464066478922
WRD25,hrnet32,gaussian_blur_4,4,0,0.27438634634017944,0.32917141914367676,0.3964422643184662,1.5687970138501401
WRD25,hrnet32,gaussian_blur_4,5,0,0.3532484769821167,0.3005167245864868,0.3462347686290741,1.5813541693754236
WRD25,hrnet32,gaussian_blur_4,6,0,0.48835480213165283,0.43973830342292786,0.07190680503845215,1.299254842700837
WRD25,hrnet32,gaussian_blur_4,7,0,0.4817606806755066,0.43813687562942505,0.08010233938694,1.3209445221074163
WRD25,hrnet32,gaussian_blur_4,8,0,0.40888893604278564,0.44594627618789673,0.14516480267047882,1.4512827859796744
WRD25,hrnet32,gaussian_blur_4,9,0,0.4624679684638977,0.10648448765277863,0.4310475289821625,1.3819385206235064
WRD25,hrnet32,gaussian_blur_4,10,0,0.16187717020511627,0.4614197313785553,0.37670305371284485,1.4707168072730523
WRD25,hrnet32,gaussian_blur_4,11,0,0.4417067766189575,0.12344606220722198,0.4348471164703369,1.4157012301304213
WRD25,hrnet32,gaussian_blur_4,12,0,0.4618411958217621,0.4411831796169281,0.09697556495666504,1.3620179012645344
WRD25,hrnet32,gaussian_blur_4,13,0,0.46738719940185547,0.07582759857177734,0.4567851126194,1.311388751757371
WRD25,hrnet32,gaussian_blur_4,14,0,0.4595631957054138,0.1435621976852417,0.3968745768070221,1.446617255528372
WRD25,hrnet32,gaussian_blur_4,15,0,0.4604663550853729,0.03590655326843262,0.5036270618438721,1.1858974464469316
WRD25,hrnet32,gaussian_blur_4,16,0,0.442415326833725,0.04428097605705261,0.5133035778999329,1.2135099412693457
WRD25,hrnet32,gaussian_blur_4,17,0,0.44034817814826965,0.424031138420105,0.1356206089258194,1.4368108605296923
WRD25,hrnet32,gaussian_blur_4,18,1,0.5045416951179504,0.22586625814437866,0.2695920765399933,1.4926115364119774
WRD25,hrnet32,gaussian_blur_4,19,1,0.3096059262752533,0.3961833417415619,0.2942107617855072,1.5722076508618166
WRD25,hrnet32,gaussian_blur_4,20,1,0.3820197582244873,0.36331820487976074,0.25466209650039673,1.5635834652411684
WRD25,hrnet32,gaussian_blur_4,21,1,0.0484820157289505,0.7237718105316162,0.22774626314640045,1.0353790198338828
WRD25,hrnet32,gaussian_blur_4,22,1,0.07541283965110779,0.35839447379112244,0.5661928057670593,1.2764153237752744
WRD25,hrnet32,gaussian_blur_4,23,1,0.03559056669473648,0.5080749988555908,0.45633450150489807,1.1841023328037086
WRD25,hrnet32,gaussian_blur_4,24,1,0.5828405618667603,0.04472231864929199,0.37243711948394775,1.1851130852834273
WRD25,hrnet32,gaussian_blur_4,25,2,0.3228570520877838,0.43448352813720703,0.2426595836877823,1.5448639344303687
WRD25,hrnet32,gaussian_blur_4,26,2,0.4347514808177948,0.22859413921833038,0.336654394865036,1.537935381036362
WRD25,hrnet32,gaussian_blur_4,27,2,0.293980211019516,0.2123114913702011,0.4937082827091217,1.4966329611524447
WRD25,hrnet32,gaussian_blur_4,28,2,0.3782351613044739,0.21234896779060364,0.4094158113002777,1.532709198894103
WRD25,hrnet32,gaussian_blur_4,29,2,0.3184605836868286,0.4677269756793976,0.2138124406337738,1.514327198180835
WRD25,hrnet32,gaussian_blur_4,30,2,0.6471902132034302,0.18226417899131775,0.17054562270641327,1.2890814134532915
WRD25,hrnet32,gaussian_blur_4,31,2,0.02341732196509838,0.6815454363822937,0.29503723978996277,1.023379731020407
WRD25,hrnet32,gaussian_blur_4,32,2,0.6515130996704102,0.27625569701194763,0.0722312480211258,1.1892773923041515
WRD25,hrnet32,gaussian_blur_4,33,2,0.04357924312353134,0.5788506269454956,0.37757009267807007,1.1841037434750734
WRD25,hrnet32,gaussian_blur_4,34,2,0.548147976398468,0.3291209638118744,0.12273105978965759,1.3745627667919498
WRD25,hrnet32,gaussian_blur_4,35,2,0.32187575101852417,0.3190559446811676,0.35906824469566345,1.5828298461699535
WRD25,hrnet32,gaussian_blur_4,36,3,0.38413798809051514,0.2300409972667694,0.38582098484039307,1.5480391183190743
WRD25,hrnet32,gaussian_blur_4,37,3,0.33756375312805176,0.3834537863731384,0.27898240089416504,1.5729698740128988
WRD25,hrnet32,gaussian_blur_4,38,3,0.3896658420562744,0.272227019071579,0.338107168674469,1.569778090877882
WRD25,hrnet32,gaussian_blur_4,39,3,0.5484593510627747,0.019067371264100075,0.43247324228286743,1.107188285443745
WRD25,hrnet32,gaussian_blur_4,40,3,0.42635416984558105,0.21589501202106476,0.35775086283683777,1.5323704734707624
WRD25,hrnet32,gaussian_blur_4,41,4,0.014736030250787735,0.5409169793128967,0.44434696435928345,1.0891889432176725
WRD25,hrnet32,gaussian_blur_4,42,4,0.573284924030304,0.3178037703037262,0.10891127586364746,1.3341258335445982
WRD25,hrnet32,gaussian_blur_4,43,4,0.034377098083496094,0.3835359811782837,0.5820869207382202,1.1518508338661892
WRD25,hrnet32,gaussian_blur_4,44,4,0.015523056499660015,0.674666702747345,0.30981025099754333,1.0000766881437224
WRD25,hrnet32,gaussian_blur_4,45,4,0.664006233215332,0.06366243958473206,0.2723313271999359,1.156253961238729
WRD25,hrnet32,gaussian_blur_4,46,5,0.4903932213783264,0.49502190947532654,0.014584893360733986,1.09524560537894
WRD25,hrnet32,gaussian_blur_4,47,5,0.4550217390060425,0.2169564664363861,0.3280218839645386,1.5226905542281526
WRD25,hrnet32,gaussian_blur_4,48,5,0.46046182513237,0.19729024171829224,0.34224793314933777,1.5065812536700556
WRD25,hrnet32,gaussian_blur_4,49,5,0.5387612581253052,0.26110100746154785,0.20013763010501862,1.4510697466436557
WRD25,hrnet32,gaussian_blur_4,50,6,0.43457359075546265,0.28341975808143616,0.28200671076774597,1.5530371429294105
WRD25,hrnet32,gaussian_blur_4,51,6,0.2969522476196289,0.2754981219768524,0.427549809217453,1.556671149669571
WRD25,hrnet32,gaussian_blur_4,52,6,0.23762790858745575,0.44598522782325745,0.3163869380950928,1.537476004563819
WRD25,hrnet32,gaussian_blur_4,53,7,0.22111494839191437,0.4945754408836365,0.28430959582328796,1.49962504278329
WRD25,hrnet32,gaussian_blur_4,54,7,0.6879816651344299,0.20382411777973175,0.1081942692399025,1.1860216152794303
WRD25,hrnet32,gaussian_blur_4,55,7,0.6199460029602051,0.28022313117980957,0.09983069449663162,1.2738122898397526
WRD25,hrnet32,gaussian_blur_4,56,7,0.6550751328468323,0.25015607476234436,0.09476874768733978,1.222019231042631
WRD25,hrnet32,gaussian_blur_4,57,7,0.5343223810195923,0.3427829146385193,0.12289461493492126,1.3843130342237364
WRD25,hrnet32,gaussian_blur_4,58,7,0.5615537762641907,0.2096908837556839,0.22875529527664185,1.4268878937561054
WRD25,hrnet32,gaussian_blur_4,59,7,0.15670743584632874,0.45422637462615967,0.3890661597251892,1.4660312536846922
WRD25,hrnet32,gaussian_blur_4,60,7,0.21153812110424042,0.37602370977401733,0.41243818402290344,1.5316608352559382
WRD25,hrnet32,gaussian_blur_4,61,7,0.418047159910202,0.38781610131263733,0.19413666427135468,1.5150903653787084
WRD25,hrnet32,gaussian_blur_4,62,7,0.3455110192298889,0.48400866985321045,0.17048029601573944,1.471563393411686
WRD25,hrnet32,gaussian_blur_4,63,7,0.43993836641311646,0.28144145011901855,0.278620183467865,1.5496174481574299
WRD25,hrnet32,gaussian_blur_4,64,7,0.4335501790046692,0.3556625545024872,0.21078728139400482,1.5266437676008282
WRD25,hrnet32,gaussian_blur_4,65,7,0.4877296984195709,0.4185696542263031,0.09370062500238419,1.3511915343443452
WRD25,hrnet32,gaussian_blur_4,66,7,0.05462878569960594,0.5287060141563416,0.4166652262210846,1.2415136485940743
WRD25,hrnet32,gaussian_blur_4,67,7,0.5153487324714661,0.0716722160577774,0.4129790961742401,1.2923014455586639
WRD25,hrnet32,gaussian_blur_4,68,7,0.6083712577819824,0.14013630151748657,0.2514924108982086,1.3343130221631334
WRD25,hrnet32,gaussian_blur_4,69,8,0.2946176528930664,0.3777723014354706,0.327610045671463,1.5774186750683947
WRD25,hrnet32,gaussian_blur_4,70,8,0.2800319790840149,0.3834853172302246,0.3364827632904053,1.5732473477203257
WRD25,hrnet32,gaussian_blur_4,71,8,0.4240528643131256,0.2398141622543335,0.33613288402557373,1.547565514074074
WRD25,hrnet32,gaussian_blur_4,72,8,0.3114124536514282,0.2949095666408539,0.3936779499053955,1.573130081660244
WRD25,hrnet32,gaussian_blur_4,73,8,0.2430485635995865,0.4055067002773285,0.35144469141960144,1.5542371267149853
WRD25,hrnet32,gaussian_blur_4,74,8,0.410390168428421,0.25582700967788696,0.3337829113006592,1.5588579788483525
WRD25,hrnet32,gaussian_blur_4,75,8,0.24719639122486115,0.41991502046585083,0.33288857340812683,1.5523344160456682
WRD25,hrnet32,gaussian_blur_4,76,8,0.4194985628128052,0.2929810881614685,0.28752031922340393,1.561684024180286
WRD25,hrnet32,gaussian_blur_4,77,8,0.34382134675979614,0.3611741065979004,0.29500457644462585,1.579785826475248
WRD25,hrnet32,gaussian_blur_4,78,8,0.45272406935691833,0.3179096281528473,0.22936640679836273,1.530438345498848
WRD25,hrnet32,gaussian_blur_4,79,8,0.2862834334373474,0.3456696569919586,0.36804676055908203,1.5770822048751871
WRD25,hrnet32,gaussian_blur_4,80,8,0.47188320755958557,0.26438814401626587,0.26372861862182617,1.525833926094117
WRD25,hrnet32,gaussian_blur_4,81,8,0.22230693697929382,0.5546053051948547,0.2230878323316574,1.4367730960855827
WRD25,hrnet32,gaussian_blur_4,82,8,0.3998110890388489,0.2856101989746094,0.31457874178886414,1.570019926478418
WRD25,hrnet32,gaussian_blur_4,83,8,0.43533051013946533,0.2638331651687622,0.30083635449409485,1.5508181029662351
WRD25,hrnet32,gaussian_blur_4,84,8,0.42424559593200684,0.29169413447380066,0.2840602397918701,1.5590589694175523
WRD25,hrnet32,gaussian_blur_4,85,8,0.46206411719322205,0.27820873260498047,0.2597271502017975,1.5333213162769757
WRD25,hrnet32,gaussian_blur_4,86,9,0.28028038144111633,0.4312908351421356,0.28842878341674805,1.5549599657240807
WRD25,hrnet32,gaussian_blur_4,87,9,0.20617946982383728,0.4466249942779541,0.34719544649124146,1.5189294347449556
WRD25,hrnet32,gaussian_blur_4,88,9,0.39335447549819946,0.12003035098314285,0.4866151511669159,1.402274603834591
WRD25,hrnet32,gaussian_blur_4,89,9,0.3034435212612152,0.19994759559631348,0.4966088831424713,1.4878987373978365
WRD25,hrnet32,gaussian_blur_4,90,9,0.33163824677467346,0.5069916248321533,0.16137008368968964,1.449562338290879
WRD25,hrnet32,gaussian_blur_4,91,9,0.4779524803161621,0.06018700450658798,0.46186041831970215,1.2678010545028975
WRD25,hrnet32,gaussian_blur_4,92,9,0.3833180069923401,0.1912812888622284,0.4254007339477539,1.5112824987315019
WRD25,hrnet32,gaussian_blur_4,93,9,0.4158511161804199,0.44819897413253784,0.13594992458820343,1.4367092485481339
WRD25,hrnet32,gaussian_blur_4,94,9,0.07191141694784164,0.5055084824562073,0.42258012294769287,1.2957528137017507
WRD25,hrnet32,gaussian_blur_4,95,9,0.2904643714427948,0.41457629203796387,0.29495930671691895,1.5642398640583193
WRD25,hrnet32,gaussian_blur_4,96,9,0.43946510553359985,0.0861842930316925,0.4743506610393524,1.336458364124145
WRD25,hrnet32,gaussian_blur_4,97,10,0.47556060552597046,0.26837408542633057,0.2560652792453766,1.5225068868870988
WRD25,hrnet32,gaussian_blur_4,98,10,0.6500085592269897,0.2604914605617523,0.08949996531009674,1.221130221046291
WRD25,hrnet32,gaussian_blur_4,99,10,0.37847769260406494,0.27786219120025635,0.3436602056026459,1.573447917246249
WRD25,hrnet32,gaussian_blur_4,100,10,0.5758855938911438,0.30476462841033936,0.1193498820066452,1.3469403890732503
WRD25,hrnet32,gaussian_blur_4,101,10,0.41079071164131165,0.2600284218788147,0.3291807770729065,1.5602550667390993
WRD25,hrnet32,gaussian_blur_4,102,10,0.5424869656562805,0.27691560983657837,0.18059737980365753,1.4375610716589065
WRD25,hrnet32,gaussian_blur_4,103,10,0.5253323316574097,0.22991091012954712,0.2447568029165268,1.472480274507001
WRD25,hrnet32,gaussian_blur_4,104,10,0.528873085975647,0.24771864712238312,0.22340834140777588,1.4678149267808511
WRD25,hrnet32,gaussian_blur_4,105,10,0.6636428833007812,0.23366132378578186,0.10269574075937271,1.2198722192103713
WRD25,hrnet32,gaussian_blur_4,106,10,0.635138213634491,0.19164317846298218,0.17321856319904327,1.3108352866544317
WRD25,hrnet32,gaussian_blur_4,107,11,0.41480132937431335,0.31478819251060486,0.2704104781150818,1.561721713330816
WRD25,hrnet32,gaussian_blur_4,108,11,0.23432691395282745,0.39980971813201904,0.3658633232116699,1.5500652514831745
WRD25,hrnet32,gaussian_blur_4,109,11,0.14660635590553284,0.486682265996933,0.36671143770217896,1.4424694193155458
WRD25,hrnet32,gaussian_blur_4,110,11,0.21275068819522858,0.31983643770217896,0.4674127995967865,1.513882909005265
WRD25,hrnet32,gaussian_blur_4,111,11,0.3008175790309906,0.43055787682533264,0.2686244249343872,1.5541694891247229
WRD25,hrnet32,gaussian_blur_4,112,11,0.24709156155586243,0.3928396999835968,0.36006879806518555,1.5585149207755913
WRD25,hrnet32,gaussian_blur_4,113,11,0.3779207766056061,0.2724989056587219,0.34958022832870483,1.5717321088151408
WRD25,hrnet32,gaussian_blur_4,114,12,0.8503689765930176,0.12392576038837433,0.02570529654622078,0.7079399609082695
WRD25,hrnet32,gaussian_blur_4,115,13,0.4817461371421814,0.24212834239006042,0.2761255204677582,1.5156823243220903
WRD25,hrnet32,gaussian_blur_4,116,13,0.5125221610069275,0.4208161532878876,0.06666161864995956,1.2801681941321672
WRD25,hrnet32,gaussian_blur_4,117,13,0.050911370664834976,0.46301162242889404,0.4860769808292389,1.2389400950167215
WRD25,hrnet32,gaussian_blur_4,118,13,0.03184771165251732,0.41652625799179077,0.5516259670257568,1.1580837717690105
WRD25,hrnet32,gaussian_blur_4,119,13,0.4022931754589081,0.0373767651617527,0.5603300333023071,1.173955279869661
WRD25,hrnet32,gaussian_blur_4,120,13,0.04241843894124031,0.6715502738952637,0.28603124618530273,1.0956555120219669
WRD25,hrnet32,gaussian_blur_4,121,14,0.20467990636825562,0.5497573614120483,0.24556274712085724,1.440405673404558
WRD25,hrnet32,gaussian_blur_4,122,14,0.3631614148616791,0.4686422049999237,0.16819632053375244,1.475690972164494
WRD25,hrnet32,gaussian_blur_4,123,14,0.3373333513736725,0.5202159285545349,0.14245067536830902,1.4198192879567362
WRD25,hrnet32,gaussian_blur_4,124,14,0.2969006597995758,0.43901851773262024,0.26408085227012634,1.548838861353954
WRD25,hrnet32,gaussian_blur_4,125,14,0.5133068561553955,0.0490214079618454,0.4376717805862427,1.2288600279416575
WRD25,hrnet32,gaussian_blur_4,126,15,0.31657108664512634,0.26147571206092834,0.4219531714916229,1.5566051730505208
WRD25,hrnet32,gaussian_blur_4,127,15,0.31375864148139954,0.36016836762428284,0.3260729908943176,1.5824835172218836
WRD25,hrnet32,gaussian_blur_4,128,15,0.4404062032699585,0.1481359452009201,0.41145777702331543,1.456310098492937
WRD25,hrnet32,gaussian_blur_4,129,15,0.3790847063064575,0.09134987741708755,0.5295654535293579,1.331549893093696
WRD25,hrnet32,gaussian_blur_4,130,15,0.30727362632751465,0.17336724698543549,0.5193591117858887,1.4522890439907659
WRD25,hrnet32,gaussian_blur_4,131,15,0.32650455832481384,0.24124926328659058,0.4322461485862732,1.5451975630663326
WRD25,hrnet32,gaussian_blur_4,132,15,0.34957578778266907,0.3470468819141388,0.3033773601055145,1.5819962763485487
WRD25,hrnet32,gaussian_blur_4,133,15,0.3850880563259125,0.1792990118265152,0.43561309576034546,1.4969969336134321
WRD25,hrnet32,gaussian_blur_4,134,15,0.2665955424308777,0.3117072284221649,0.4216972291469574,1.557997453276002
WRD25,hrnet32,gaussian_blur_4,135,15,0.5430655479431152,0.00889208260923624,0.4480424225330353,1.0578814963001801
WRD25,hrnet32,gaussian_blur_4,136,15,0.48911023139953613,0.05919734761118889,0.4516923427581787,1.2639792912215264
WRD25,hrnet32,gaussian_blur_4,137,15,0.4091615378856659,0.0840725526213646,0.5067660212516785,1.3247793501203353
WRD25,hrnet32,gaussian_blur_4,138,15,0.5547552108764648,0.011294901371002197,0.43394985795021057,1.0672911163454053
WRD25,hrnet32,gaussian_blur_4,139,15,0.479146271944046,0.021352117881178856,0.49950170516967773,1.1273088884158713
WRD25,hrnet32,gaussian_blur_4,140,15,0.45080503821372986,0.03605234622955322,0.5131425857543945,1.1849275371835404
WRD25,hrnet32,gaussian_blur_4,141,16,0.12954743206501007,0.25551870465278625,0.6149337291717529,1.316326432347498
WRD25,hrnet32,gaussian_blur_4,142,16,0.12760695815086365,0.3137259781360626,0.5586671233177185,1.3729498568473275
WRD25,hrnet32,gaussian_blur_4,143,16,0.16621212661266327,0.5625001788139343,0.2712876796722412,1.407815838997274
WRD25,hrnet32,gaussian_blur_4,144,16,0.3113546371459961,0.47491419315338135,0.21373119950294495,1.5101003037779746
WRD25,hrnet32,gaussian_blur_4,145,16,0.398690402507782,0.1189870685338974,0.4823225140571594,1.4017197497867198
WRD25,hrnet32,gaussian_blur_4,146,16,0.3588850200176239,0.37304776906967163,0.26806721091270447,1.5704126071831368
WRD25,hrnet32,gaussian_blur_4,147,16,0.22756651043891907,0.5600440502166748,0.21238945424556732,1.4291504073435868
WRD25,hrnet32,gaussian_blur_4,148,17,0.1221240982413292,0.5145063996315002,0.36336958408355713,1.3944484376868918
WRD25,hrnet32,gaussian_blur_4,149,17,0.3907310366630554,0.41283053159713745,0.19643840193748474,1.5178705815150422
WRD25,hrnet32,gaussian_blur_4,150,17,0.06233406439423561,0.6419190764427185,0.29574674367904663,1.1799004508576028
WRD25,hrnet32,gaussian_blur_4,151,17,0.5617073774337769,0.34443411231040955,0.09385861456394196,1.3174122261186565
WRD25,hrnet32,gaussian_blur_4,152,18,0.5123257637023926,0.30703005194664,0.18064425885677338,1.46333687716118
WRD25,hrnet32,gaussian_blur_4,153,18,0.4395555257797241,0.1370103657245636,0.4234340190887451,1.4391277536673064
WRD25,hrnet32,gaussian_blur_4,154,18,0.4328620731830597,0.3509509861469269,0.21618680655956268,1.5307705516902919
WRD25,hrnet32,gaussian_blur_4,155,18,0.42424702644348145,0.29577702283859253,0.27997589111328125,1.5588183247969298
WRD25,hrnet32,gaussian_blur_4,156,18,0.3169460892677307,0.5213842391967773,0.16166965663433075,1.4402913424484898
WRD25,hrnet32,gaussian_blur_4,157,18,0.34898990392684937,0.4321594536304474,0.21885058283805847,1.5328128232608047
WRD25,hrnet32,gaussian_blur_4,158,18,0.5256932377815247,0.08977670967578888,0.38453006744384766,1.3300913471384659
WRD25,hrnet32,gaussian_blur_4,159,18,0.5205022096633911,0.09098060429096222,0.3885171711444855,1.334881329650946
WRD25,hrnet32,gaussian_blur_4,160,18,0.3097377121448517,0.39393121004104614,0.2963310778141022,1.5731445397552126
WRD25,hrnet32,gaussian_blur_4,161,18,0.43169236183166504,0.33052772283554077,0.23777996003627777,1.543834802245548
WRD25,hrnet32,gaussian_blur_4,162,18,0.04918539151549339,0.6560409665107727,0.2947736382484436,1.1321931695746623
WRD25,hrnet32,gaussian_blur_4,163,18,0.07333982735872269,0.5136858820915222,0.4129742980003357,1.2970144034839273
WRD25,hrnet32,gaussian_blur_4,164,18,0.48164793848991394,0.17786090075969696,0.3404911756515503,1.4799447725251977
WRD25,hrnet32,gaussian_blur_4,165,18,0.16392965614795685,0.5052911043167114,0.3307792544364929,1.4532288086448415
WRD25,hrnet32,gaussian_blur_4,166,18,0.312472403049469,0.39245691895484924,0.2950707972049713,1.5735503051373891
WRD25,hrnet32,gaussian_blur_4,167,18,0.462970495223999,0.12373700737953186,0.41329246759414673,1.4142385307305771
WRD25,hrnet32,gaussian_blur_4,168,18,0.39396223425865173,0.20697464048862457,0.3990630805492401,1.5286616386792367
WRD25,hrnet32,gaussian_blur_4,169,18,0.33095303177833557,0.3041851818561554,0.3648618161678314,1.5809691726557338
WRD25,hrnet32,gaussian_blur_4,170,19,0.4774664044380188,0.16404922306537628,0.35848432779312134,1.4676024345918868
WRD25,hrnet32,gaussian_blur_4,171,19,0.522026002407074,0.2036597728729248,0.27431419491767883,1.4690121298927763
WRD25,hrnet32,gaussian_blur_4,172,19,0.5108394622802734,0.1591874659061432,0.32997316122055054,1.4448894261287148
WRD25,hrnet32,gaussian_blur_4,173,19,0.42464327812194824,0.32832515239715576,0.2470315396785736,1.5505957160933972
WRD25,hrnet32,gaussian_blur_4,174,20,0.06730964779853821,0.41266030073165894,0.52003014087677,1.2795571196735798
WRD25,hrnet32,gaussian_blur_4,175,20,0.11091101169586182,0.2696707248687744,0.6194181442260742,1.2897691911273046
WRD25,hrnet32,gaussian_blur_4,176,20,0.47639960050582886,0.11938252300024033,0.4042178690433502,1.4039281486387767
WRD25,hrnet32,gaussian_blur_4,177,20,0.07097814977169037,0.32241079211235046,0.6066110730171204,1.2348540226594975
WRD25,hrnet32,gaussian_blur_4,178,21,0.28991255164146423,0.10023493319749832,0.6098524332046509,1.2856178052184868
WRD25,hrnet32,gaussian_blur_4,179,21,0.553733766078949,0.23904043436050415,0.20722585916519165,1.436281667090632
WRD25,hrnet32,gaussian_blur_4,180,21,0.30997607111930847,0.4122063219547272,0.27781757712364197,1.5641683742119388
WRD25,hrnet32,gaussian_blur_4,181,21,0.30611154437065125,0.29670602083206177,0.3971824645996094,1.571990240582224
WRD25,hrnet32,gaussian_blur_4,182,21,0.10172975808382034,0.4573410153388977,0.4409292936325073,1.3725088581520657
WRD25,hrnet32,gaussian_blur_4,183,21,0.35675403475761414,0.44323211908340454,0.2000139057636261,1.5151854667066902
WRD25,hrnet32,gaussian_blur_4,184,21,0.050805624574422836,0.3923512399196625,0.556843101978302,1.2183369776435933
WRD25,hrnet32,gaussian_blur_4,185,22,0.16590246558189392,0.299922913312912,0.5341746807098389,1.4342418398120633
WRD25,hrnet32,gaussian_blur_4,186,22,0.2816164195537567,0.13327084481716156,0.5851127505302429,1.3547611315793087
WRD25,hrnet32,gaussian_blur_4,187,22,0.17579898238182068,0.34037473797798157,0.48382627964019775,1.476898633319327
WRD25,hrnet32,gaussian_blur_4,188,22,0.5747894048690796,0.17116564512252808,0.2540450692176819,1.397282843413088
WRD25,hrnet32,gaussian_blur_4,189,22,0.10736288130283356,0.6307874321937561,0.2618497312068939,1.2711837988671102
WRD25,hrnet32,gaussian_blur_4,190,23,0.22292660176753998,0.21473641693592072,0.5623370409011841,1.4263108543447784
WRD25,hrnet32,gaussian_blur_4,191,23,0.43108734488487244,0.17782758176326752,0.391085147857666,1.496069372978134
WRD25,hrnet32,gaussian_blur_4,192,23,0.04380083829164505,0.5486744046211243,0.4075247645378113,1.2005695875003424
WRD25,hrnet32,gaussian_blur_4,193,23,0.3953675627708435,0.29116642475128174,0.31346598267555237,1.5722152466689128
WRD25,hrnet32,gaussian_blur_4,194,24,0.3722989857196808,0.30010005831718445,0.32760095596313477,1.5792525775590465
WRD25,hrnet32,gaussian_blur_4,195,24,0.36113104224205017,0.3574637770652771,0.28140515089035034,1.5759397211739687
WRD25,hrnet32,gaussian_blur_4,196,24,0.2413640171289444,0.25824275612831116,0.5003932118415833,1.4991949207429487
WRD25,hrnet32,gaussian_blur_4,197,24,0.2701273560523987,0.46706703305244446,0.26280564069747925,1.5297287119189944
WRD25,hrnet32,gaussian_blur_4,198,24,0.19650223851203918,0.4307357370853424,0.3727620542049408,1.5153549811605425
WRD25,hrnet32,gaussian_blur_4,199,24,0.5839701890945435,0.036817360669374466,0.37921249866485596,1.1590473083757762
WRD25,hrnet32,gaussian_blur_8,0,0,0.5647719502449036,0.03209889307618141,0.40312907099723816,1.1531477336449967
WRD25,hrnet32,gaussian_blur_8,1,0,0.4905405044555664,0.24401792883872986,0.2654416561126709,1.5085512717814282
WRD25,hrnet32,gaussian_blur_8,2,0,0.3941386640071869,0.19631744921207428,0.40954384207725525,1.5179711095127033
WRD25,hrnet32,gaussian_blur_8,3,0,0.25834646821022034,0.3148981034755707,0.42675545811653137,1.553678376940974
WRD25,hrnet32,gaussian_blur_8,4,0,0.39661291241645813,0.2124992460012436,0.3908878564834595,1.5337036044338008
WRD25,hrnet32,gaussian_blur_8,5,0,0.2857450246810913,0.2927910089492798,0.4214639961719513,1.560603388205171
WRD25,hrnet32,gaussian_blur_8,6,0,0.277081698179245,0.31603243947029114,0.40688586235046387,1.566103954718336
WRD25,hrnet32,gaussian_blur_8,7,0,0.4701666831970215,0.3651774823665619,0.16465584933757782,1.4711328117882974
WRD25,hrnet32,gaussian_blur_8,8,0,0.42144128680229187,0.30250099301338196,0.2760576605796814,1.5598054707219449
WRD25,hrnet32,gaussian_blur_8,9,0,0.4141465127468109,0.14863447844982147,0.4372190833091736,1.4573269145782632
WRD25,hrnet32,gaussian_blur_8,10,0,0.37211135029792786,0.3155260980129242,0.31236258149147034,1.5801566141627668
WRD25,hrnet32,gaussian_blur_8,11,0,0.4440121054649353,0.17633870244026184,0.37964922189712524,1.4920312222331957
WRD25,hrnet32,gaussian_blur_8,12,0,0.3624163866043091,0.14356721937656403,0.4940164089202881,1.4352932527076971
WRD25,hrnet32,gaussian_blur_8,13,0,0.4252990782260895,0.33887526392936707,0.23582561314105988,1.545138032795109
WRD25,hrnet32,gaussian_blur_8,14,0,0.4333437383174896,0.25722768902778625,0.3094286024570465,1.5503243336224197
WRD25,hrnet32,gaussian_blur_8,15,0,0.4351811110973358,0.14663299918174744,0.41818591952323914,1.4544726710018328
WRD25,hrnet32,gaussian_blur_8,16,0,0.4000948369503021,0.40110141038894653,0.19880375266075134,1.5207244740691508
WRD25,hrnet32,gaussian_blur_8,17,0,0.4195486009120941,0.23966044187545776,0.3407909870147705,1.5489194660654304
WRD25,hrnet32,gaussian_blur_8,18,1,0.5386985540390015,0.27526870369911194,0.1860327571630478,1.4444451803422456
WRD25,hrnet32,gaussian_blur_8,19,1,0.4939522445201874,0.2655709981918335,0.24047666788101196,1.5050441633837184
WRD25,hrnet32,gaussian_blur_8,20,1,0.35887181758880615,0.28963419795036316,0.35149404406547546,1.5785587697044625
WRD25,hrnet32,gaussian_blur_8,21,1,0.659666121006012,0.15218497812747955,0.18814890086650848,1.262725193230103
WRD25,hrnet32,gaussian_blur_8,22,1,0.3576236069202423,0.2601536214351654,0.3822228014469147,1.5662343766265794
WRD25,hrnet32,gaussian_blur_8,23,1,0.4165663421154022,0.26536568999290466,0.31806790828704834,1.5598149020872416
WRD25,hrnet32,gaussian_blur_8,24,1,0.42337432503700256,0.1422927975654602,0.43433281779289246,1.4478183053862943
WRD25,hrnet32,gaussian_blur_8,25,2,0.30733242630958557,0.43921780586242676,0.25344976782798767,1.5463553758642186
WRD25,hrnet32,gaussian_blur_8,26,2,0.4753986895084381,0.1530979424715042,0.3715033531188965,1.4552237953174356
WRD25,hrnet32,gaussian_blur_8,27,2,0.3054533004760742,0.36450693011283875,0.3300398588180542,1.5811675382182258
WRD25,hrnet32,gaussian_blur_8,28,2,0.2275269627571106,0.265554279088974,0.506918728351593,1.490825507816627
WRD25,hrnet32,gaussian_blur_8,29,2,0.42975661158561707,0.3794907331466675,0.19075267016887665,1.5100369963713451
WRD25,hrnet32,gaussian_blur_8,30,2,0.48432114720344543,0.2623724341392517,0.25330641865730286,1.5148544518537554
WRD25,hrnet32,gaussian_blur_8,31,2,0.05137719586491585,0.5204033851623535,0.42821934819221497,1.234369302370558
WRD25,hrnet32,gaussian_blur_8,32,2,0.4685218334197998,0.282591849565506,0.2488863170146942,1.527074260082453
WRD25,hrnet32,gaussian_blur_8,33,2,0.537581741809845,0.23687680065631866,0.22554153203964233,1.4581387177682446
WRD25,hrnet32,gaussian_blur_8,34,2,0.3284573554992676,0.3379053473472595,0.3336373269557953,1.5848655673749452
WRD25,hrnet32,gaussian_blur_8,35,2,0.30965107679367065,0.36152511835098267,0.3288237154483795,1.582001384898522
WRD25,hrnet32,gaussian_blur_8,36,3,0.36429762840270996,0.3324763774871826,0.3032260239124298,1.5809239963497563
WRD25,hrnet32,gaussian_blur_8,37,3,0.3564938008785248,0.37171250581741333,0.27179375290870667,1.5720035955426708
WRD25,hrnet32,gaussian_blur_8,38,3,0.364994615316391,0.2593730390071869,0.37563228607177734,1.566315556076706
WRD25,hrnet32,gaussian_blur_8,39,3,0.41966161131858826,0.1564415693283081,0.42389681935310364,1.4692713771394703
WRD25,hrnet32,gaussian_blur_8,40,3,0.018504349514842033,0.4555460214614868,0.5259496569633484,1.1108081072000553
WRD25,hrnet32,gaussian_blur_8,41,4,0.4458669424057007,0.11390212923288345,0.44023093581199646,1.3976469172070103
WRD25,hrnet32,gaussian_blur_8,42,4,0.4014217257499695,0.4443875253200531,0.1541907787322998,1.4644632448589145
WRD25,hrnet32,gaussian_blur_8,43,4,0.12490274757146835,0.41942083835601807,0.455676406621933,1.4173047808265586
WRD25,hrnet32,gaussian_blur_8,44,4,0.2038113921880722,0.27891963720321655,0.51726895570755,1.473406299977276
WRD25,hrnet32,gaussian_blur_8,45,4,0.557601273059845,0.10066477209329605,0.34173405170440674,1.3326908105431454
WRD25,hrnet32,gaussian_blur_8,46,5,0.46173346042633057,0.14722537994384766,0.39104118943214417,1.451395584072683
WRD25,hrnet32,gaussian_blur_8,47,5,0.4569167494773865,0.22095903754234314,0.32212430238723755,1.5240473403285304
WRD25,hrnet32,gaussian_blur_8,48,5,0.40173861384391785,0.2775702178478241,0.32069116830825806,1.5679760061269041
WRD25,hrnet32,gaussian_blur_8,49,5,0.4910600483417511,0.18202292919158936,0.32691702246665955,1.4785374003584697
WRD25,hrnet32,gaussian_blur_8,50,6,0.40113064646720886,0.19547618925571442,0.4033931493759155,1.5173069050207233
WRD25,hrnet32,gaussian_blur_8,51,6,0.3580647110939026,0.22292868793010712,0.4190065562725067,1.539099452232961
WRD25,hrnet32,gaussian_blur_8,52,6,0.35971206426620483,0.35433506965637207,0.2859528958797455,1.5774536862889095
WRD25,hrnet32,gaussian_blur_8,53,7,0.31586626172065735,0.529356062412262,0.15477760136127472,1.427568048543894
WRD25,hrnet32,gaussian_blur_8,54,7,0.6271046996116638,0.19137637317180634,0.18151895701885223,1.3255766110359841
WRD25,hrnet32,gaussian_blur_8,55,7,0.5413885116577148,0.3057159185409546,0.15289543569087982,1.4162175560035086
WRD25,hrnet32,gaussian_blur_8,56,7,0.3761206269264221,0.3700237274169922,0.2538555860519409,1.5634405726218348
WRD25,hrnet32,gaussian_blur_8,57,7,0.5133429765701294,0.3874523341655731,0.0992046594619751,1.3545317718891394
WRD25,hrnet32,gaussian_blur_8,58,7,0.4463612139225006,0.27213549613952637,0.2815033197402954,1.5452068419146987
WRD25,hrnet32,gaussian_blur_8,59,7,0.2624575197696686,0.24251198768615723,0.4950304925441742,1.5043298099944966
WRD25,hrnet32,gaussian_blur_8,60,7,0.1957426816225052,0.30961477756500244,0.4946424663066864,1.4866058828557458
WRD25,hrnet32,gaussian_blur_8,61,7,0.4899022579193115,0.32434672117233276,0.18575100600719452,1.482295194443378
WRD25,hrnet32,gaussian_blur_8,62,7,0.3229173421859741,0.39948540925979614,0.27759718894958496,1.568693818960143
WRD25,hrnet32,gaussian_blur_8,63,7,0.366035521030426,0.30667808651924133,0.32728633284568787,1.5810605007215708
WRD25,hrnet32,gaussian_blur_8,64,7,0.3485732078552246,0.348773717880249,0.30265310406684875,1.5818567477821766
WRD25,hrnet32,gaussian_blur_8,65,7,0.4909091293811798,0.2676936686038971,0.2413971871137619,1.5078721383710556
WRD25,hrnet32,gaussian_blur_8,66,7,0.42883914709091187,0.11625442653894424,0.4549064338207245,1.401688475657644
WRD25,hrnet32,gaussian_blur_8,67,7,0.3531474471092224,0.24574023485183716,0.40111228823661804,1.5565145263211146
WRD25,hrnet32,gaussian_blur_8,68,7,0.3022312521934509,0.47974467277526855,0.21802394092082977,1.5091960679928387
WRD25,hrnet32,gaussian_blur_8,69,8,0.2880358099937439,0.2421937733888626,0.4697704315185547,1.5247286843063814
WRD25,hrnet32,gaussian_blur_8,70,8,0.313989520072937,0.16581164300441742,0.5201988816261292,1.4450674168021893
WRD25,hrnet32,gaussian_blur_8,71,8,0.33834367990493774,0.30755436420440674,0.35410192608833313,1.5825171202407384
WRD25,hrnet32,gaussian_blur_8,72,8,0.3009631335735321,0.4411720931529999,0.25786474347114563,1.5464191488143357
WRD25,hrnet32,gaussian_blur_8,73,8,0.3255186676979065,0.2151496559381485,0.4593316912651062,1.5195240201688067
WRD25,hrnet32,gaussian_blur_8,74,8,0.4325381815433502,0.19011454284191132,0.37734732031822205,1.5088813232266944
WRD25,hrnet32,gaussian_blur_8,75,8,0.3054286539554596,0.28131476044654846,0.4132564961910248,1.5642072351780336
WRD25,hrnet32,gaussian_blur_8,76,8,0.4191983938217163,0.19751521944999695,0.38328635692596436,1.518255731790995
WRD25,hrnet32,gaussian_blur_8,77,8,0.4454006850719452,0.24187318980693817,0.31272614002227783,1.5394331530111391
WRD25,hrnet32,gaussian_blur_8,78,8,0.38242003321647644,0.23054862022399902,0.3870314061641693,1.5483978807081744
WRD25,hrnet32,gaussian_blur_8,79,8,0.2726585566997528,0.2977102994918823,0.42963114380836487,1.5552395362098126
WRD25,hrnet32,gaussian_blur_8,80,8,0.46391522884368896,0.282711386680603,0.25337329506874084,1.5311656170187664
WRD25,hrnet32,gaussian_blur_8,81,8,0.23832246661186218,0.4807828962802887,0.2808946967124939,1.515630514828433
WRD25,hrnet32,gaussian_blur_8,82,8,0.28099945187568665,0.23632322251796722,0.4826774597167969,1.5136699891857313
WRD25,hrnet32,gaussian_blur_8,83,8,0.25963979959487915,0.2243361473083496,0.5160240530967712,1.4813756531724107
WRD25,hrnet32,gaussian_blur_8,84,8,0.23725324869155884,0.2835811376571655,0.47916552424430847,1.5166051109285765
WRD25,hrnet32,gaussian_blur_8,85,8,0.2920325994491577,0.24646320939064026,0.4615042507648468,1.5314305922284275
WRD25,hrnet32,gaussian_blur_8,86,9,0.36228954792022705,0.24811509251594543,0.3895954191684723,1.5594463385481467
WRD25,hrnet32,gaussian_blur_8,87,9,0.334398090839386,0.26140984892845154,0.404192179441452,1.5626919466592155
WRD25,hrnet32,gaussian_blur_8,88,9,0.3110136389732361,0.21764342486858368,0.47134295105934143,1.5143279439073944
WRD25,hrnet32,gaussian_blur_8,89,9,0.32979851961135864,0.22587044537067413,0.44433096051216125,1.5326041010850915
WRD25,hrnet32,gaussian_blur_8,90,9,0.42011502385139465,0.1560192108154297,0.42386579513549805,1.4686693713091996
WRD25,hrnet32,gaussian_blur_8,91,9,0.23557110130786896,0.3844950199127197,0.37993377447128296,1.5520065560156837
WRD25,hrnet32,gaussian_blur_8,92,9,0.3387964367866516,0.24136655032634735,0.41983702778816223,1.5496821561531067
WRD25,hrnet32,gaussian_blur_8,93,9,0.36605626344680786,0.2833124101161957,0.3506312668323517,1.5763731356466941
WRD25,hrnet32,gaussian_blur_8,94,9,0.4328821301460266,0.2505592703819275,0.3165586590766907,1.5485273355465985
WRD25,hrnet32,gaussian_blur_8,95,9,0.15572364628314972,0.44067761301994324,0.4035988748073578,1.4670815832477384
WRD25,hrnet32,gaussian_blur_8,96,9,0.16953447461128235,0.3505115807056427,0.47995394468307495,1.4724909804831998
WRD25,hrnet32,gaussian_blur_8,97,10,0.5517640113830566,0.18125279247760773,0.2669830620288849,1.4285895274486513
WRD25,hrnet32,gaussian_blur_8,98,10,0.4632054567337036,0.339861124753952,0.19693350791931152,1.5050991000505205
WRD25,hrnet32,gaussian_blur_8,99,10,0.3366151750087738,0.3233393132686615,0.3400455415248871,1.5846240801144362
WRD25,hrnet32,gaussian_blur_8,100,10,0.3337782323360443,0.21468475461006165,0.45153698325157166,1.52287206581467
WRD25,hrnet32,gaussian_blur_8,101,10,0.4322540760040283,0.3300826847553253,0.23766322433948517,1.543561941555785
WRD25,hrnet32,gaussian_blur_8,102,10,0.41382157802581787,0.37971654534339905,0.2064618468284607,1.5271455272992824
WRD25,hrnet32,gaussian_blur_8,103,10,0.5462981462478638,0.1946312040090561,0.25907060503959656,1.4408836666158422
WRD25,hrnet32,gaussian_blur_8,104,10,0.49614614248275757,0.21949917078018188,0.28435462713241577,1.4977723400362066
WRD25,hrnet32,gaussian_blur_8,105,10,0.5559360980987549,0.20372751355171204,0.24033652245998383,1.4328375750267202
WRD25,hrnet32,gaussian_blur_8,106,10,0.4610286056995392,0.2650611400604248,0.2739102244377136,1.5344798849483197
WRD25,hrnet32,gaussian_blur_8,107,11,0.33005285263061523,0.46836793422698975,0.2015792727470398,1.506124328008027
WRD25,hrnet32,gaussian_blur_8,108,11,0.3014339506626129,0.2213255912065506,0.4772404134273529,1.5123742377365623
WRD25,hrnet32,gaussian_blur_8,109,11,0.3499274253845215,0.4233838617801666,0.22668884694576263,1.5404646795478514
WRD25,hrnet32,gaussian_blur_8,110,11,0.44725528359413147,0.2935327887535095,0.2592118978500366,1.543164369742209
WRD25,hrnet32,gaussian_blur_8,111,11,0.41159018874168396,0.2760404050350189,0.3123694658279419,1.5641187395046068
WRD25,hrnet32,gaussian_blur_8,112,11,0.40676453709602356,0.3010168671607971,0.2922185957431793,1.5679116474479557
WRD25,hrnet32,gaussian_blur_8,113,11,0.3389737010002136,0.385474294424057,0.27555209398269653,1.5716125712331397
WRD25,hrnet32,gaussian_blur_8,114,12,0.6023404002189636,0.3208349645137787,0.07682467997074127,1.2511484350031248
WRD25,hrnet32,gaussian_blur_8,115,13,0.4204617440700531,0.32335489988327026,0.256183385848999,1.5555778292551798
WRD25,hrnet32,gaussian_blur_8,116,13,0.37179508805274963,0.33322516083717346,0.29497966170310974,1.5785647158375173
WRD25,hrnet32,gaussian_blur_8,117,13,0.43644091486930847,0.3079690933227539,0.2555898427963257,1.5483543458680027
WRD25,hrnet32,gaussian_blur_8,118,13,0.5180200338363647,0.22532810270786285,0.2566518187522888,1.4795732934825607
WRD25,hrnet32,gaussian_blur_8,119,13,0.23337000608444214,0.29264286160469055,0.4739871323108673,1.5192313597947904
WRD25,hrnet32,gaussian_blur_8,120,13,0.39752912521362305,0.43669506907463074,0.1657758206129074,1.4808470883572278
WRD25,hrnet32,gaussian_blur_8,121,14,0.47645315527915955,0.27782681584358215,0.24572010338306427,1.5205252745452866
WRD25,hrnet32,gaussian_blur_8,122,14,0.4070154130458832,0.3146762251853943,0.2783084809780121,1.5662813876959834
WRD25,hrnet32,gaussian_blur_8,123,14,0.5740600228309631,0.20510835945606232,0.22083161771297455,1.409636781220978
WRD25,hrnet32,gaussian_blur_8,124,14,0.48399949073791504,0.2792320251464844,0.23676857352256775,1.512738141037396
WRD25,hrnet32,gaussian_blur_8,125,14,0.4747714698314667,0.15736079216003418,0.36786770820617676,1.4607875996561552
WRD25,hrnet32,gaussian_blur_8,126,15,0.31679174304008484,0.4020102322101593,0.2811979651451111,1.568574953439175
WRD25,hrnet32,gaussian_blur_8,127,15,0.22733184695243835,0.3700963854789734,0.40257176756858826,1.5450143001944026
WRD25,hrnet32,gaussian_blur_8,128,15,0.35913053154945374,0.29003816843032837,0.3508313000202179,1.578662394065438
WRD25,hrnet32,gaussian_blur_8,129,15,0.3751155436038971,0.19932173192501068,0.4255627989768982,1.5189534412525427
WRD25,hrnet32,gaussian_blur_8,130,15,0.2476571798324585,0.27920272946357727,0.47314006090164185,1.523413960855395
WRD25,hrnet32,gaussian_blur_8,131,15,0.3036664128303528,0.2847035527229309,0.4116300940513611,1.5652774763850537
WRD25,hrnet32,gaussian_blur_8,132,15,0.478648841381073,0.23119167983531952,0.29015952348709106,1.5152139951848622
WRD25,hrnet32,gaussian_blur_8,133,15,0.3471357524394989,0.23133930563926697,0.42152494192123413,1.5437981413786557
WRD25,hrnet32,gaussian_blur_8,134,15,0.36111730337142944,0.3036598861217499,0.33522289991378784,1.5813641597096146
WRD25,hrnet32,gaussian_blur_8,135,15,0.4109504222869873,0.056012559682130814,0.5330370664596558,1.2439742578812643
WRD25,hrnet32,gaussian_blur_8,136,15,0.5050126910209656,0.09181690961122513,0.40317031741142273,1.3424331557536848
WRD25,hrnet32,gaussian_blur_8,137,15,0.36697089672088623,0.2623812258243561,0.3706477880477905,1.5679240220766386
WRD25,hrnet32,gaussian_blur_8,138,15,0.3744075894355774,0.1580548733472824,0.467537522315979,1.464134858120461
WRD25,hrnet32,gaussian_blur_8,139,15,0.4409913420677185,0.0666835680603981,0.4923251271247864,1.2847024010895312
WRD25,hrnet32,gaussian_blur_8,140,15,0.32774296402931213,0.17400392889976501,0.4982530176639557,1.4672050089096556
WRD25,hrnet32,gaussian_blur_8,141,16,0.28743287920951843,0.33757370710372925,0.37499335408210754,1.5765309881996132
WRD25,hrnet32,gaussian_blur_8,142,16,0.3583790957927704,0.1923854500055313,0.4492354094982147,1.506660867816212
WRD25,hrnet32,gaussian_blur_8,143,16,0.3049391508102417,0.4087812006473541,0.2862796485424042,1.5666499742492355
WRD25,hrnet32,gaussian_blur_8,144,16,0.47519850730895996,0.380037784576416,0.14476369321346283,1.4441623777668842
WRD25,hrnet32,gaussian_blur_8,145,16,0.3189239799976349,0.3626713752746582,0.31840455532073975,1.5822066259051883
WRD25,hrnet32,gaussian_blur_8,146,16,0.23429258167743683,0.3567240536212921,0.4089832901954651,1.5485521279337187
WRD25,hrnet32,gaussian_blur_8,147,16,0.4766708016395569,0.21919623017311096,0.3041330575942993,1.5117701540655366
WRD25,hrnet32,gaussian_blur_8,148,17,0.3608792722225189,0.31282034516334534,0.32630038261413574,1.5823262543586099
WRD25,hrnet32,gaussian_blur_8,149,17,0.47639408707618713,0.3410254716873169,0.18258053064346313,1.4868636261805133
WRD25,hrnet32,gaussian_blur_8,150,17,0.30282437801361084,0.3628382086753845,0.3343373239040375,1.5810509742611958
WRD25,hrnet32,gaussian_blur_8,151,17,0.4738699793815613,0.337350070476532,0.1887800246477127,1.4934803371712995
WRD25,hrnet32,gaussian_blur_8,152,18,0.49148955941200256,0.19970451295375824,0.3088058829307556,1.491284280479185
WRD25,hrnet32,gaussian_blur_8,153,18,0.3621231019496918,0.2961924374103546,0.34168437123298645,1.5799659997258562
WRD25,hrnet32,gaussian_blur_8,154,18,0.2356717586517334,0.45429348945617676,0.3100346624851227,1.53233776246779
WRD25,hrnet32,gaussian_blur_8,155,18,0.3135346472263336,0.4026714861392975,0.28379395604133606,1.5687518138796657
WRD25,hrnet32,gaussian_blur_8,156,18,0.4025576114654541,0.40456971526145935,0.19287274777889252,1.5145661109266984
WRD25,hrnet32,gaussian_blur_8,157,18,0.30067354440689087,0.4618562161922455,0.23747026920318604,1.528574662210107
WRD25,hrnet32,gaussian_blur_8,158,18,0.41958820819854736,0.12125451117753983,0.45915722846984863,1.4104160032484856
WRD25,hrnet32,gaussian_blur_8,159,18,0.38295692205429077,0.3824370205402374,0.23460599780082703,1.5513483376186725
WRD25,hrnet32,gaussian_blur_8,160,18,0.2976495027542114,0.3298664093017578,0.3724839985370636,1.5788826351162615
WRD25,hrnet32,gaussian_blur_8,161,18,0.37514132261276245,0.3114525079727173,0.31340619921684265,1.5793923653877098
WRD25,hrnet32,gaussian_blur_8,162,18,0.5491659641265869,0.27200090885162354,0.17883314192295074,1.4298587236997857
WRD25,hrnet32,gaussian_blur_8,163,18,0.4547891318798065,0.17783582210540771,0.3673750162124634,1.4907669315047012
WRD25,hrnet32,gaussian_blur_8,164,18,0.35498762130737305,0.21122893691062927,0.4337834417819977,1.526908772056069
WRD25,hrnet32,gaussian_blur_8,165,18,0.19777819514274597,0.39310935139656067,0.40911245346069336,1.5194536759488249
WRD25,hrnet32,gaussian_blur_8,166,18,0.37687474489212036,0.4146076440811157,0.20851753652095795,1.5288238704033252
WRD25,hrnet32,gaussian_blur_8,167,18,0.20451152324676514,0.5693762302398682,0.22611217200756073,1.4159093226374653
WRD25,hrnet32,gaussian_blur_8,168,18,0.2685394883155823,0.36112698912620544,0.3703334629535675,1.570738007559544
WRD25,hrnet32,gaussian_blur_8,169,18,0.2550264596939087,0.30488789081573486,0.44008561968803406,1.5463244469341266
WRD25,hrnet32,gaussian_blur_8,170,19,0.469928115606308,0.12087564915418625,0.40919628739356995,1.407968188370989
WRD25,hrnet32,gaussian_blur_8,171,19,0.4358839988708496,0.27016717195510864,0.2939488887786865,1.5514984341771918
WRD25,hrnet32,gaussian_blur_8,172,19,0.3240489661693573,0.19266854226589203,0.4832823872566223,1.491547993738799
WRD25,hrnet32,gaussian_blur_8,173,19,0.3766883313655853,0.2734662592411041,0.34984543919563293,1.5722128225181393
WRD25,hrnet32,gaussian_blur_8,174,20,0.10345909744501114,0.360552042722702,0.5359889268875122,1.3514823765921782
WRD25,hrnet32,gaussian_blur_8,175,20,0.1565636694431305,0.22131483256816864,0.6221213936805725,1.3263651789164226
WRD25,hrnet32,gaussian_blur_8,176,20,0.11045771092176437,0.431225448846817,0.45831674337387085,1.3902420639976611
WRD25,hrnet32,gaussian_blur_8,177,20,0.06746794283390045,0.3202621042728424,0.6122698783874512,1.2218538548090843
WRD25,hrnet32,gaussian_blur_8,178,21,0.3850143253803253,0.24090278148651123,0.37408286333084106,1.5555220179597082
WRD25,hrnet32,gaussian_blur_8,179,21,0.29837098717689514,0.3597700297832489,0.3418589234352112,1.5805896388910408
WRD25,hrnet32,gaussian_blur_8,180,21,0.31881850957870483,0.29665958881378174,0.3845219612121582,1.5760756735762333
WRD25,hrnet32,gaussian_blur_8,181,21,0.3611947298049927,0.2628568112850189,0.37594836950302124,1.5679569935612925
WRD25,hrnet32,gaussian_blur_8,182,21,0.4114367365837097,0.23396770656108856,0.3545955717563629,1.547851084851466
WRD25,hrnet32,gaussian_blur_8,183,21,0.42541155219078064,0.2706562876701355,0.30393218994140625,1.557084813140559
WRD25,hrnet32,gaussian_blur_8,184,21,0.12929171323776245,0.41678059101104736,0.4539276659488678,1.425057250619359
WRD25,hrnet32,gaussian_blur_8,185,22,0.2845577299594879,0.18273144960403442,0.5327107906341553,1.4480646451104189
WRD25,hrnet32,gaussian_blur_8,186,22,0.3743360936641693,0.24567891657352448,0.37998488545417786,1.5586478417503962
WRD25,hrnet32,gaussian_blur_8,187,22,0.2837124466896057,0.30557775497436523,0.4107097089290619,1.565576537956478
WRD25,hrnet32,gaussian_blur_8,188,22,0.13113060593605042,0.5774217247962952,0.29144760966300964,1.360221977418266
WRD25,hrnet32,gaussian_blur_8,189,22,0.2559265196323395,0.2337220460176468,0.5103514194488525,1.4886127844859365
WRD25,hrnet32,gaussian_blur_8,190,23,0.24887314438819885,0.4589068591594696,0.29221996665000916,1.5337076602864315
WRD25,hrnet32,gaussian_blur_8,191,23,0.29662182927131653,0.34063956141471863,0.36273857951164246,1.5799994114397777
WRD25,hrnet32,gaussian_blur_8,192,23,0.632264256477356,0.09780047088861465,0.26993539929389954,1.2561968057987722
WRD25,hrnet32,gaussian_blur_8,193,23,0.44958287477493286,0.17909805476665497,0.371319055557251,1.493611317519007
WRD25,hrnet32,gaussian_blur_8,194,24,0.43958988785743713,0.22063560783863068,0.3397744596004486,1.5314439776692215
WRD25,hrnet32,gaussian_blur_8,195,24,0.3312239348888397,0.40123820304870605,0.2675378918647766,1.5655365504106158
WRD25,hrnet32,gaussian_blur_8,196,24,0.4332331418991089,0.1712885946035385,0.39547818899154663,1.4881142938470417
WRD25,hrnet32,gaussian_blur_8,197,24,0.3817939758300781,0.4473825991153717,0.17082339525222778,1.485015158039496
WRD25,hrnet32,gaussian_blur_8,198,24,0.22659100592136383,0.3556312024593353,0.41777774691581726,1.5418240640991292
WRD25,hrnet32,gaussian_blur_8,199,24,0.31496909260749817,0.3428819179534912,0.34214895963668823,1.583856737142809
WRD25,hrnet32,gaussian_blur_12,0,0,0.5404844284057617,0.05468810722231865,0.40482744574546814,1.237207864850197
WRD25,hrnet32,gaussian_blur_12,1,0,0.3108961880207062,0.2759578824043274,0.41314586997032166,1.5634756402842869
WRD25,hrnet32,gaussian_blur_12,2,0,0.38687607645988464,0.2097291350364685,0.4033948481082916,1.5309864362897279
WRD25,hrnet32,gaussian_blur_12,3,0,0.4106296896934509,0.22701093554496765,0.3623594343662262,1.5435774746425799
WRD25,hrnet32,gaussian_blur_12,4,0,0.38168951869010925,0.24477846920490265,0.3735319972038269,1.5580547813709742
WRD25,hrnet32,gaussian_blur_12,5,0,0.309203565120697,0.23985126614570618,0.4509451389312744,1.5357643828267817
WRD25,hrnet32,gaussian_blur_12,6,0,0.4642316997051239,0.29160887002944946,0.24415940046310425,1.529038364341381
WRD25,hrnet32,gaussian_blur_12,7,0,0.3503260314464569,0.22994215786457062,0.41973182559013367,1.5434497158038538
WRD25,hrnet32,gaussian_blur_12,8,0,0.31168103218078613,0.31617000699043274,0.3721490204334259,1.5801357204738369
WRD25,hrnet32,gaussian_blur_12,9,0,0.41872379183769226,0.2279316931962967,0.35334447026252747,1.5424581999171159
WRD25,hrnet32,gaussian_blur_12,10,0,0.2876572608947754,0.5137181878089905,0.19862447679042816,1.4739134888693939
WRD25,hrnet32,gaussian_blur_12,11,0,0.3939916491508484,0.16997186839580536,0.4360364079475403,1.486131613500222
WRD25,hrnet32,gaussian_blur_12,12,0,0.2907794713973999,0.2755884826183319,0.4336319863796234,1.5533271480358066
WRD25,hrnet32,gaussian_blur_12,13,0,0.4311625361442566,0.1806233525276184,0.388214111328125,1.499190828682238
WRD25,hrnet32,gaussian_blur_12,14,0,0.28094691038131714,0.3411247134208679,0.37792837619781494,1.574431500231857
WRD25,hrnet32,gaussian_blur_12,15,0,0.31905636191368103,0.2588154673576355,0.4221281409263611,1.5557651237734103
WRD25,hrnet32,gaussian_blur_12,16,0,0.32167890667915344,0.3213062584400177,0.3570147752761841,1.583162359814478
WRD25,hrnet32,gaussian_blur_12,17,0,0.3339368402957916,0.34112924337387085,0.32493388652801514,1.5846772306775234
WRD25,hrnet32,gaussian_blur_12,18,1,0.46517497301101685,0.16263721883296967,0.3721877932548523,1.4704802138775341
WRD25,hrnet32,gaussian_blur_12,19,1,0.4371580183506012,0.19874058663845062,0.3641013205051422,1.5158498749188807
WRD25,hrnet32,gaussian_blur_12,20,1,0.46121591329574585,0.13891878724098206,0.3998652994632721,1.439325629784189
WRD25,hrnet32,gaussian_blur_12,21,1,0.3497302532196045,0.3953036367893219,0.2549661695957184,1.5620765121046474
WRD25,hrnet32,gaussian_blur_12,22,1,0.24244296550750732,0.31978315114974976,0.4377739429473877,1.5433258058306927
WRD25,hrnet32,gaussian_blur_12,23,1,0.3256409168243408,0.3323124945163727,0.3420465588569641,1.5846683115444848
WRD25,hrnet32,gaussian_blur_12,24,1,0.3869166970252991,0.17054185271263123,0.44254136085510254,1.485708133034838
WRD25,hrnet32,gaussian_blur_12,25,2,0.1626150906085968,0.34892737865448,0.4884575605392456,1.4610646858974579
WRD25,hrnet32,gaussian_blur_12,26,2,0.4710570275783539,0.28204864263534546,0.24689437448978424,1.5248379602228668
WRD25,hrnet32,gaussian_blur_12,27,2,0.1939336210489273,0.648701012134552,0.15736542642116547,1.2837710588845224
WRD25,hrnet32,gaussian_blur_12,28,2,0.41450807452201843,0.2713983356952667,0.31409358978271484,1.562051152556379
WRD25,hrnet32,gaussian_blur_12,29,2,0.3065311908721924,0.30408716201782227,0.3893817067146301,1.5750106277081295
WRD25,hrnet32,gaussian_blur_12,30,2,0.34559741616249084,0.32361194491386414,0.3307904899120331,1.5844203719959653
WRD25,hrnet32,gaussian_blur_12,31,2,0.09340918064117432,0.5470281839370728,0.3595626950263977,1.3261735512071442
WRD25,hrnet32,gaussian_blur_12,32,2,0.33567336201667786,0.4718255400657654,0.19250106811523438,1.4975341727920937
WRD25,hrnet32,gaussian_blur_12,33,2,0.3809707462787628,0.14215227961540222,0.47687697410583496,1.4399449062121654
WRD25,hrnet32,gaussian_blur_12,34,2,0.3477979302406311,0.2565746009349823,0.39562737941741943,1.5627374399467113
WRD25,hrnet32,gaussian_blur_12,35,2,0.440426766872406,0.17830613255500793,0.3812670111656189,1.4949761978328722
WRD25,hrnet32,gaussian_blur_12,36,3,0.442291259765625,0.34319862723350525,0.21451009809970856,1.5264639635102848
WRD25,hrnet32,gaussian_blur_12,37,3,0.3847532868385315,0.5100187659263611,0.1052279844880104,1.367432384475727
WRD25,hrnet32,gaussian_blur_12,38,3,0.2536748945713043,0.26360270380973816,0.4827224314212799,1.5162786265682326
WRD25,hrnet32,gaussian_blur_12,39,3,0.2588295042514801,0.125862717628479,0.6153076887130737,1.3121345198601235
WRD25,hrnet32,gaussian_blur_12,40,3,0.4851951003074646,0.5135928392410278,0.0012121018953621387,1.0116962034438717
WRD25,hrnet32,gaussian_blur_12,41,4,0.4114952087402344,0.1862267255783081,0.4022781252861023,1.5072089417190382
WRD25,hrnet32,gaussian_blur_12,42,4,0.33281734585762024,0.5159701704978943,0.15121246874332428,1.4329198865939754
WRD25,hrnet32,gaussian_blur_12,43,4,0.3667032718658447,0.2116049826145172,0.42169177532196045,1.530165602196957
WRD25,hrnet32,gaussian_blur_12,44,4,0.30824339389801025,0.37423059344291687,0.3175259530544281,1.5795352247938794
WRD25,hrnet32,gaussian_blur_12,45,4,0.5754252076148987,0.1703551858663559,0.2542196214199066,1.3960687620218057
WRD25,hrnet32,gaussian_blur_12,46,5,0.41775545477867126,0.47357675433158875,0.10866779088973999,1.3846932817221818
WRD25,hrnet32,gaussian_blur_12,47,5,0.41016092896461487,0.3644050657749176,0.22543388605117798,1.5425814670446474
WRD25,hrnet32,gaussian_blur_12,48,5,0.37648826837539673,0.46996086835861206,0.1535508930683136,1.4576436143120313
WRD25,hrnet32,gaussian_blur_12,49,5,0.5699664354324341,0.09147442877292633,0.33855903148651123,1.306908789781597
WRD25,hrnet32,gaussian_blur_12,50,6,0.38276296854019165,0.2693786919116974,0.34785836935043335,1.569989664671613
WRD25,hrnet32,gaussian_blur_12,51,6,0.350398987531662,0.23633919656276703,0.4132617712020874,1.5488231187346715
WRD25,hrnet32,gaussian_blur_12,52,6,0.31032389402389526,0.379616379737854,0.31005969643592834,1.5781541683717086
WRD25,hrnet32,gaussian_blur_12,53,7,0.2667987048625946,0.5180066227912903,0.2151947170495987,1.477064615168551
WRD25,hrnet32,gaussian_blur_12,54,7,0.43733084201812744,0.4246443212032318,0.13802488148212433,1.4408831028595384
WRD25,hrnet32,gaussian_blur_12,55,7,0.46519142389297485,0.3689860999584198,0.16582249104976654,1.474214688923595
WRD25,hrnet32,gaussian_blur_12,56,7,0.1966574788093567,0.5640464425086975,0.2392960637807846,1.421072212071858
WRD25,hrnet32,gaussian_blur_12,57,7,0.44252148270606995,0.14043819904327393,0.4170403480529785,1.4444020952638277
WRD25,hrnet32,gaussian_blur_12,58,7,0.459833025932312,0.2372053861618042,0.3029616177082062,1.5297181907389041
WRD25,hrnet32,gaussian_blur_12,59,7,0.40385231375694275,0.18338198959827423,0.41276565194129944,1.5039677888141672
WRD25,hrnet32,gaussian_blur_12,60,7,0.21865636110305786,0.34794697165489197,0.433396577835083,1.5322956365133784
WRD25,hrnet32,gaussian_blur_12,61,7,0.4476630389690399,0.2998005449771881,0.252536416053772,1.541497903687766
WRD25,hrnet32,gaussian_blur_12,62,7,0.4218193292617798,0.3832739591598511,0.19490671157836914,1.5153853884072601
WRD25,hrnet32,gaussian_blur_12,63,7,0.2825154662132263,0.28870081901550293,0.42878371477127075,1.5564840803263267
WRD25,hrnet32,gaussian_blur_12,64,7,0.2932773232460022,0.40972641110420227,0.2969962954521179,1.5666132790625853
WRD25,hrnet32,gaussian_blur_12,65,7,0.23117946088314056,0.3914856016635895,0.37733498215675354,1.5486943546176142
WRD25,hrnet32,gaussian_blur_12,66,7,0.20211631059646606,0.4151877760887146,0.38269591331481934,1.5230695502483003
WRD25,hrnet32,gaussian_blur_12,67,7,0.2983884811401367,0.2963132858276367,0.4052983522415161,1.5686621246914887
WRD25,hrnet32,gaussian_blur_12,68,7,0.566838800907135,0.2922796905040741,0.1408814787864685,1.3812431196323904
WRD25,hrnet32,gaussian_blur_12,69,8,0.23388537764549255,0.2249041050672531,0.5412104725837708,1.4537568337710585
WRD25,hrnet32,gaussian_blur_12,70,8,0.34491679072380066,0.22267888486385345,0.43240436911582947,1.5352321042283887
WRD25,hrnet32,gaussian_blur_12,71,8,0.34214290976524353,0.36440569162368774,0.29345133900642395,1.5791805041375258
WRD25,hrnet32,gaussian_blur_12,72,8,0.3624997138977051,0.2930586338043213,0.34444165229797363,1.579248169773325
WRD25,hrnet32,gaussian_blur_12,73,8,0.3207606375217438,0.37765392661094666,0.3015853464603424,1.5782880112614734
WRD25,hrnet32,gaussian_blur_12,74,8,0.45357200503349304,0.28265783190727234,0.26377007365226746,1.5397283273741458
WRD25,hrnet32,gaussian_blur_12,75,8,0.4355107545852661,0.2530118525028229,0.3114773631095886,1.5480799004835268
WRD25,hrnet32,gaussian_blur_12,76,8,0.44490352272987366,0.2109954059123993,0.34410107135772705,1.523070456396284
WRD25,hrnet32,gaussian_blur_12,77,8,0.4923989474773407,0.21726949512958527,0.2903313934803009,1.4998220016870258
WRD25,hrnet32,gaussian_blur_12,78,8,0.3945174515247345,0.22232508659362793,0.3831574618816376,1.5419455816771457
WRD25,hrnet32,gaussian_blur_12,79,8,0.2754414677619934,0.2702748477458954,0.4542836844921112,1.5396421875131563
WRD25,hrnet32,gaussian_blur_12,80,8,0.46490755677223206,0.3108006715774536,0.22429169714450836,1.5214030101596496
WRD25,hrnet32,gaussian_blur_12,81,8,0.2296937108039856,0.4669469892978668,0.30335932970046997,1.5225313624460772
WRD25,hrnet32,gaussian_blur_12,82,8,0.2177518606185913,0.3386433720588684,0.4436047077178955,1.5280994302980186
WRD25,hrnet32,gaussian_blur_12,83,8,0.3731043040752411,0.42474278807640076,0.20215292274951935,1.5216476285680185
WRD25,hrnet32,gaussian_blur_12,84,8,0.3641948699951172,0.29550084471702576,0.34030434489250183,1.5796360646780394
WRD25,hrnet32,gaussian_blur_12,85,8,0.3285362720489502,0.31722262501716614,0.3542410731315613,1.583414703887116
WRD25,hrnet32,gaussian_blur_12,86,9,0.36437904834747314,0.18115337193012238,0.45446765422821045,1.4942762231954565
WRD25,hrnet32,gaussian_blur_12,87,9,0.4488539397716522,0.09995599836111069,0.45119017362594604,1.3688956992119161
WRD25,hrnet32,gaussian_blur_12,88,9,0.3650825619697571,0.27846455574035645,0.35645297169685364,1.574811197745527
WRD25,hrnet32,gaussian_blur_12,89,9,0.19048787653446198,0.300471693277359,0.5090404152870178,1.4727992024477004
WRD25,hrnet32,gaussian_blur_12,90,9,0.3271365165710449,0.26160097122192383,0.4112624228000641,1.5606229286480564
WRD25,hrnet32,gaussian_blur_12,91,9,0.3463548719882965,0.21228182315826416,0.4413633346557617,1.5252537401691726
WRD25,hrnet32,gaussian_blur_12,92,9,0.3178495168685913,0.23881609737873077,0.4433343708515167,1.5392591472477437
WRD25,hrnet32,gaussian_blur_12,93,9,0.2935370206832886,0.3381647765636444,0.36829817295074463,1.5787820727104818
WRD25,hrnet32,gaussian_blur_12,94,9,0.2645929157733917,0.44923895597457886,0.2861681282520294,1.542703661150135
WRD25,hrnet32,gaussian_blur_12,95,9,0.37378647923469543,0.3440263867378235,0.2821870446205139,1.5753364091363726
WRD25,hrnet32,gaussian_blur_12,96,9,0.1798386126756668,0.3696027100086212,0.4505586624145508,1.4941116066219668
WRD25,hrnet32,gaussian_blur_12,97,10,0.529208779335022,0.1560789942741394,0.31471219658851624,1.4290061135901322
WRD25,hrnet32,gaussian_blur_12,98,10,0.42297083139419556,0.2520992159843445,0.3249300420284271,1.553191683894994
WRD25,hrnet32,gaussian_blur_12,99,10,0.35209545493125916,0.26928356289863586,0.378620982170105,1.570456416668533
WRD25,hrnet32,gaussian_blur_12,100,10,0.35555949807167053,0.35533687472343445,0.289103627204895,1.5784568481975696
WRD25,hrnet32,gaussian_blur_12,101,10,0.4792729914188385,0.29728928208351135,0.22343778610229492,1.5119062336470563
WRD25,hrnet32,gaussian_blur_12,102,10,0.37561264634132385,0.3819063901901245,0.24248091876506805,1.5566230441783775
WRD25,hrnet32,gaussian_blur_12,103,10,0.4996139109134674,0.2623167634010315,0.23806926608085632,1.4995377318242284
WRD25,hrnet32,gaussian_blur_12,104,10,0.4953017830848694,0.3562459349632263,0.14845219254493713,1.4410475566097216
WRD25,hrnet32,gaussian_blur_12,105,10,0.4993290901184082,0.24885299801826477,0.251817911863327,1.5006569457101246
WRD25,hrnet32,gaussian_blur_12,106,10,0.49370813369750977,0.2140900194644928,0.2922019064426422,1.4974496841204914
WRD25,hrnet32,gaussian_blur_12,107,11,0.46196743845939636,0.2864104211330414,0.2516222298145294,1.5322312249524308
WRD25,hrnet32,gaussian_blur_12,108,11,0.2798195779323578,0.46956202387809753,0.2506183981895447,1.5266029009152966
WRD25,hrnet32,gaussian_blur_12,109,11,0.28742650151252747,0.5614988803863525,0.15107449889183044,1.39646330356523
WRD25,hrnet32,gaussian_blur_12,110,11,0.27989569306373596,0.4229264259338379,0.29717782139778137,1.5594914429246929
WRD25,hrnet32,gaussian_blur_12,111,11,0.381733775138855,0.4189379811286926,0.19932831823825836,1.5200068914334464
WRD25,hrnet32,gaussian_blur_12,112,11,0.293976753950119,0.40397411584854126,0.30204904079437256,1.5691748885274772
WRD25,hrnet32,gaussian_blur_12,113,11,0.40738606452941895,0.34935030341148376,0.24326367676258087,1.5539481888216686
WRD25,hrnet32,gaussian_blur_12,114,12,0.6638263463973999,0.09907230734825134,0.23710133135318756,1.2151686955250995
WRD25,hrnet32,gaussian_blur_12,115,13,0.26730337738990784,0.319242000579834,0.4134545922279358,1.5615023405303794
WRD25,hrnet32,gaussian_blur_12,116,13,0.34451764822006226,0.3475470542907715,0.30793526768684387,1.5828308535405555
WRD25,hrnet32,gaussian_blur_12,117,13,0.3579046130180359,0.4394797682762146,0.2026156485080719,1.5184825013588914
WRD25,hrnet32,gaussian_blur_12,118,13,0.5611456036567688,0.1613917499780655,0.2774626314640045,1.4056290477308109
WRD25,hrnet32,gaussian_blur_12,119,13,0.2094116359949112,0.3093584477901459,0.4812300205230713,1.5037758287996406
WRD25,hrnet32,gaussian_blur_12,120,13,0.3540194034576416,0.47708067297935486,0.1689000278711319,1.4730896104113285
WRD25,hrnet32,gaussian_blur_12,121,14,0.4751553535461426,0.1989828646183014,0.3258618116378784,1.5007167035897395
WRD25,hrnet32,gaussian_blur_12,122,14,0.49145761132240295,0.2050984650850296,0.3034439980983734,1.4945259115093648
WRD25,hrnet32,gaussian_blur_12,123,14,0.5416532754898071,0.20048454403877258,0.25786224007606506,1.4481399276512277
WRD25,hrnet32,gaussian_blur_12,124,14,0.510197639465332,0.1584923416376114,0.33131006360054016,1.4445564176105403
WRD25,hrnet32,gaussian_blur_12,125,14,0.4781060814857483,0.13288436830043793,0.389009565114975,1.4257960783401709
WRD25,hrnet32,gaussian_blur_12,126,15,0.293246865272522,0.37200048565864563,0.3347526490688324,1.5782150121092617
WRD25,hrnet32,gaussian_blur_12,127,15,0.2978391945362091,0.3797408938407898,0.3224199116230011,1.5774150554838235
WRD25,hrnet32,gaussian_blur_12,128,15,0.3839859962463379,0.3277667462825775,0.288247287273407,1.574992536645543
WRD25,hrnet32,gaussian_blur_12,129,15,0.3495948314666748,0.33401474356651306,0.3163904547691345,1.5837663167198626
WRD25,hrnet32,gaussian_blur_12,130,15,0.30887147784233093,0.30207905173301697,0.3890494704246521,1.5750794525893745
WRD25,hrnet32,gaussian_blur_12,131,15,0.25183743238449097,0.3551907241344452,0.3929719030857086,1.5609631348845556
WRD25,hrnet32,gaussian_blur_12,132,15,0.33363088965415955,0.23593440651893616,0.43043482303619385,1.543408391664435
WRD25,hrnet32,gaussian_blur_12,133,15,0.31227484345436096,0.1875707358121872,0.5001543760299683,1.4771642736173447
WRD25,hrnet32,gaussian_blur_12,134,15,0.13916268944740295,0.2886233329772949,0.5722139477729797,1.3742120575761207
WRD25,hrnet32,gaussian_blur_12,135,15,0.39036011695861816,0.1267503947019577,0.48288941383361816,1.4146222578582517
WRD25,hrnet32,gaussian_blur_12,136,15,0.30131059885025024,0.36699989438056946,0.3316895663738251,1.5802886661007387
WRD25,hrnet32,gaussian_blur_12,137,15,0.40044209361076355,0.3128027319908142,0.2867550849914551,1.5699499483893864
WRD25,hrnet32,gaussian_blur_12,138,15,0.24037329852581024,0.252620130777359,0.5070065259933472,1.492632317580128
WRD25,hrnet32,gaussian_blur_12,139,15,0.3208625018596649,0.21515585482120514,0.4639817178249359,1.5171354983977423
WRD25,hrnet32,gaussian_blur_12,140,15,0.3605557382106781,0.22811251878738403,0.4113316535949707,1.5441828323943645
WRD25,hrnet32,gaussian_blur_12,141,16,0.4488479495048523,0.26069262623786926,0.29045942425727844,1.5424288671345616
WRD25,hrnet32,gaussian_blur_12,142,16,0.38179564476013184,0.24289736151695251,0.3753069043159485,1.5568879185256792
WRD25,hrnet32,gaussian_blur_12,143,16,0.32344144582748413,0.24144048988819122,0.4351179897785187,1.5440840307950192
WRD25,hrnet32,gaussian_blur_12,144,16,0.4112089276313782,0.4510851800441742,0.1377059370279312,1.4391625675654125
WRD25,hrnet32,gaussian_blur_12,145,16,0.394900381565094,0.3144204318523407,0.2906792461872101,1.5723167596812107
WRD25,hrnet32,gaussian_blur_12,146,16,0.3180168867111206,0.389654278755188,0.29232892394065857,1.5741417029734357
WRD25,hrnet32,gaussian_blur_12,147,16,0.43812432885169983,0.22317810356616974,0.33869755268096924,1.5335452556922693
WRD25,hrnet32,gaussian_blur_12,148,17,0.3784499168395996,0.33104169368743896,0.2905084192752838,1.5765818776758147
WRD25,hrnet32,gaussian_blur_12,149,17,0.278728723526001,0.5680168867111206,0.15325449407100677,1.3919205449656404
WRD25,hrnet32,gaussian_blur_12,150,17,0.39405250549316406,0.3702443540096283,0.23570317029953003,1.5515832478945284
WRD25,hrnet32,gaussian_blur_12,151,17,0.4732954502105713,0.2596166133880615,0.2670879065990448,1.5245694405738304
WRD25,hrnet32,gaussian_blur_12,152,18,0.3739282190799713,0.2842942476272583,0.34177759289741516,1.5758998309623982
WRD25,hrnet32,gaussian_blur_12,153,18,0.3414219915866852,0.3194878399372101,0.3390900492668152,1.584330032127533
WRD25,hrnet32,gaussian_blur_12,154,18,0.46367746591567993,0.27563798427581787,0.2606844902038574,1.5322115975632855
WRD25,hrnet32,gaussian_blur_12,155,18,0.5129446983337402,0.145707905292511,0.3413473665714264,1.4282531038237316
WRD25,hrnet32,gaussian_blur_12,156,18,0.41845646500587463,0.22526998817920685,0.3562735915184021,1.540800112843869
WRD25,hrnet32,gaussian_blur_12,157,18,0.20383213460445404,0.4842524230480194,0.3119152784347534,1.4985711769942398
WRD25,hrnet32,gaussian_blur_12,158,18,0.4111127257347107,0.18982310593128204,0.39906421303749084,1.511148894235701
WRD25,hrnet32,gaussian_blur_12,159,18,0.4600329101085663,0.31734028458595276,0.22262686491012573,1.523306982221138
WRD25,hrnet32,gaussian_blur_12,160,18,0.3559856414794922,0.26345759630203247,0.38055676221847534,1.5678702478622024
WRD25,hrnet32,gaussian_blur_12,161,18,0.3673223555088043,0.36771801114082336,0.2649596333503723,1.5691788931553856
WRD25,hrnet32,gaussian_blur_12,162,18,0.4587589204311371,0.17517676949501038,0.3660643696784973,1.4867040790891026
WRD25,hrnet32,gaussian_blur_12,163,18,0.40445709228515625,0.22469249367713928,0.37085047364234924,1.5429001293243667
WRD25,hrnet32,gaussian_blur_12,164,18,0.3344225287437439,0.3060687482357025,0.3595086932182312,1.5818601942572252
WRD25,hrnet32,gaussian_blur_12,165,18,0.3328612744808197,0.31150469183921814,0.35563403367996216,1.5828546030084012
WRD25,hrnet32,gaussian_blur_12,166,18,0.32294073700904846,0.1946234107017517,0.482435941696167,1.493484388453403
WRD25,hrnet32,gaussian_blur_12,167,18,0.4203319251537323,0.1937650442123413,0.38590309023857117,1.5144556103234201
WRD25,hrnet32,gaussian_blur_12,168,18,0.39335086941719055,0.19638870656490326,0.4102603495121002,1.5180010727329751
WRD25,hrnet32,gaussian_blur_12,169,18,0.5183045864105225,0.17505936324596405,0.3066360652446747,1.4544703394631702
WRD25,hrnet32,gaussian_blur_12,170,19,0.347788006067276,0.38531923294067383,0.26689279079437256,1.5686911677530428
WRD25,hrnet32,gaussian_blur_12,171,19,0.22613205015659332,0.48251408338546753,0.29135382175445557,1.5106580089344843
WRD25,hrnet32,gaussian_blur_12,172,19,0.32022151350975037,0.11055994778871536,0.5692185759544373,1.3400819567817979
WRD25,hrnet32,gaussian_blur_12,173,19,0.39895936846733093,0.3013368546962738,0.29970377683639526,1.571376039023659
WRD25,hrnet32,gaussian_blur_12,174,20,0.3169896900653839,0.48363664746284485,0.19937366247177124,1.4960948329054928
WRD25,hrnet32,gaussian_blur_12,175,20,0.2013014554977417,0.36865586042404175,0.43004274368286133,1.5198151577121912
WRD25,hrnet32,gaussian_blur_12,176,20,0.43814918398857117,0.1779634654521942,0.383887380361557,1.49505248830954
WRD25,hrnet32,gaussian_blur_12,177,20,0.2509600520133972,0.13750526309013367,0.6115347146987915,1.3280131525760699
WRD25,hrnet32,gaussian_blur_12,178,21,0.46512869000434875,0.13982172310352325,0.39504942297935486,1.4398270114077292
WRD25,hrnet32,gaussian_blur_12,179,21,0.3506435453891754,0.2389063835144043,0.4104500710964203,1.5509169871387725
WRD25,hrnet32,gaussian_blur_12,180,21,0.4102819859981537,0.2348797619342804,0.3548382520675659,1.548640864144733
WRD25,hrnet32,gaussian_blur_12,181,21,0.21238203346729279,0.361657053232193,0.4259609580039978,1.5298379736704173
WRD25,hrnet32,gaussian_blur_12,182,21,0.19405445456504822,0.4310086965560913,0.3749368190765381,1.513005674384936
WRD25,hrnet32,gaussian_blur_12,183,21,0.34918275475502014,0.4019877016544342,0.24882949888706207,1.5579082865721434
WRD25,hrnet32,gaussian_blur_12,184,21,0.31253188848495483,0.3548595905303955,0.33260849118232727,1.5830230131758454
WRD25,hrnet32,gaussian_blur_12,185,22,0.5703787207603455,0.11696566641330719,0.3126556873321533,1.3485526942907347
WRD25,hrnet32,gaussian_blur_12,186,22,0.4921025037765503,0.14285734295845032,0.3650401532649994,1.4351786968622577
WRD25,hrnet32,gaussian_blur_12,187,22,0.44544240832328796,0.15883992612361908,0.39571771025657654,1.4705655170388856
WRD25,hrnet32,gaussian_blur_12,188,22,0.19114434719085693,0.3954285979270935,0.41342705488204956,1.5124259482614604
WRD25,hrnet32,gaussian_blur_12,189,22,0.17331348359584808,0.25739872455596924,0.5692878365516663,1.4048977088088974
WRD25,hrnet32,gaussian_blur_12,190,23,0.4804762005805969,0.16397333145141602,0.35555049777030945,1.4662412783452528
WRD25,hrnet32,gaussian_blur_12,191,23,0.4575880467891693,0.24780158698558807,0.29461032152175903,1.534298041179589
WRD25,hrnet32,gaussian_blur_12,192,23,0.4991215765476227,0.13553431630134583,0.3653441369533539,1.421894990024496
WRD25,hrnet32,gaussian_blur_12,193,23,0.30278050899505615,0.5015320777893066,0.1956874132156372,1.481734024640456
WRD25,hrnet32,gaussian_blur_12,194,24,0.31124183535575867,0.22421185672283173,0.4645463824272156,1.5215746120087092
WRD25,hrnet32,gaussian_blur_12,195,24,0.47402670979499817,0.1496904194355011,0.37628284096717834,1.45125180046808
WRD25,hrnet32,gaussian_blur_12,196,24,0.3700607120990753,0.15917474031448364,0.47076448798179626,1.4644357414981752
WRD25,hrnet32,gaussian_blur_12,197,24,0.3553166687488556,0.18700164556503296,0.457681804895401,1.4988330884065377
WRD25,hrnet32,gaussian_blur_12,198,24,0.2495364099740982,0.21275711059570312,0.5377064943313599,1.4560742620659495
WRD25,hrnet32,gaussian_blur_12,199,24,0.32875266671180725,0.3856911361217499,0.2855560779571533,1.5740784826964558
WRD25,hrnet32,defocus_blur_5,0,0,0.843580424785614,0.010079996660351753,0.14633958041667938,0.6796132054656776
WRD25,hrnet32,defocus_blur_5,1,0,0.3286154270172119,0.19560733437538147,0.4757772982120514,1.4979173349572856
WRD25,hrnet32,defocus_blur_5,2,0,0.28560322523117065,0.4334851801395416,0.28091156482696533,1.5536832588406155
WRD25,hrnet32,defocus_blur_5,3,0,0.36560457944869995,0.2266107052564621,0.40778475999832153,1.543785066938498
WRD25,hrnet32,defocus_blur_5,4,0,0.30014359951019287,0.26303189992904663,0.4368245303630829,1.5498632675691053
WRD25,hrnet32,defocus_blur_5,5,0,0.35571256279945374,0.24312634766101837,0.40116098523139954,1.5551046235727641
WRD25,hrnet32,defocus_blur_5,6,0,0.48642098903656006,0.47024014592170715,0.043338850140571594,1.213860362388099
WRD25,hrnet32,defocus_blur_5,7,0,0.4759000241756439,0.004347721114754677,0.5197522640228271,1.0346275402362175
WRD25,hrnet32,defocus_blur_5,8,0,0.41964882612228394,0.5319789052009583,0.048372264951467514,1.2214825381904333
WRD25,hrnet32,defocus_blur_5,9,0,0.4527483284473419,0.05832895264029503,0.48892274498939514,1.2614438355457636
WRD25,hrnet32,defocus_blur_5,10,0,0.47239500284194946,0.3475964665412903,0.18000851571559906,1.4863327112195868
WRD25,hrnet32,defocus_blur_5,11,0,0.44445544481277466,0.09233853220939636,0.463206022977829,1.3516097697858678
WRD25,hrnet32,defocus_blur_5,12,0,0.46051543951034546,0.038152556866407394,0.5013319849967957,1.194354292322779
WRD25,hrnet32,defocus_blur_5,13,0,0.4856567978858948,0.030362585559487343,0.4839806854724884,1.165842276241263
WRD25,hrnet32,defocus_blur_5,14,0,0.4362698495388031,0.12119085341691971,0.4425393342971802,1.4115511512756105
WRD25,hrnet32,defocus_blur_5,15,0,0.4653882086277008,0.005566692445427179,0.529045045375824,1.0411893000242025
WRD25,hrnet32,defocus_blur_5,16,0,0.44954192638397217,0.021268917247653008,0.5291891694068909,1.1225575413841866
WRD25,hrnet32,defocus_blur_5,17,0,0.4569724500179291,0.4484504759311676,0.09457709640264511,1.356930836274192
WRD25,hrnet32,defocus_blur_5,18,1,0.3835344910621643,0.25577476620674133,0.3606906533241272,1.5640226336810752
WRD25,hrnet32,defocus_blur_5,19,1,0.20155994594097137,0.45593538880348206,0.34250470995903015,1.5118134575151907
WRD25,hrnet32,defocus_blur_5,20,1,0.1279950737953186,0.5225350260734558,0.349469929933548,1.3989767980428272
WRD25,hrnet32,defocus_blur_5,21,1,0.056576017290353775,0.6505895853042603,0.29283443093299866,1.1567716001900912
WRD25,hrnet32,defocus_blur_5,22,1,0.0890730544924736,0.38346976041793823,0.527457058429718,1.3278085235097548
WRD25,hrnet32,defocus_blur_5,23,1,0.028576208278536797,0.5617013573646545,0.4097224175930023,1.1414021830301269
WRD25,hrnet32,defocus_blur_5,24,1,0.055353496223688126,0.5111564993858337,0.43348997831344604,1.2487520602281053
WRD25,hrnet32,defocus_blur_5,25,2,0.3026628792285919,0.4237770140171051,0.27356016635894775,1.558332771554232
WRD25,hrnet32,defocus_blur_5,26,2,0.48063549399375916,0.201187402009964,0.31817710399627686,1.4991087875086968
WRD25,hrnet32,defocus_blur_5,27,2,0.30232298374176025,0.17146340012550354,0.526213526725769,1.4453888561545454
WRD25,hrnet32,defocus_blur_5,28,2,0.4131530821323395,0.32705003023147583,0.2597968578338623,1.5594015555300087
WRD25,hrnet32,defocus_blur_5,29,2,0.2788737118244171,0.3768094778060913,0.3443167805671692,1.5739814555982876
WRD25,hrnet32,defocus_blur_5,30,2,0.30305710434913635,0.4392654597759247,0.2576773762702942,1.547412824005335
WRD25,hrnet32,defocus_blur_5,31,2,0.042601168155670166,0.7177118062973022,0.23968708515167236,1.0313448723583163
WRD25,hrnet32,defocus_blur_5,32,2,0.7530388236045837,0.15729136765003204,0.0896698459982872,1.0398589325506982
WRD25,hrnet32,defocus_blur_5,33,2,0.02669219858944416,0.6184523701667786,0.3548555076122284,1.0986848452214732
WRD25,hrnet32,defocus_blur_5,34,2,0.4925069212913513,0.32879117131233215,0.17870190739631653,1.4748277246669608
WRD25,hrnet32,defocus_blur_5,35,2,0.375753253698349,0.17358332872390747,0.4506634771823883,1.4873484662238927
WRD25,hrnet32,defocus_blur_5,36,3,0.4131951928138733,0.1917382925748825,0.3950664699077606,1.5130620851869363
WRD25,hrnet32,defocus_blur_5,37,3,0.2826592028141022,0.19163604080677032,0.5257047414779663,1.459708579300161
WRD25,hrnet32,defocus_blur_5,38,3,0.3284789025783539,0.2751418650150299,0.3963793218135834,1.569009765577708
WRD25,hrnet32,defocus_blur_5,39,3,0.042799100279808044,0.40371397137641907,0.5534870028495789,1.1952084378243109
WRD25,hrnet32,defocus_blur_5,40,3,0.2440183311700821,0.525506317615509,0.23047538101673126,1.4723368620751356
WRD25,hrnet32,defocus_blur_5,41,4,0.5482707619667053,0.017122207209467888,0.4346069395542145,1.0983371044909553
WRD25,hrnet32,defocus_blur_5,42,4,0.4728236496448517,0.39791202545166016,0.12926433980464935,1.4214981129559852
WRD25,hrnet32,defocus_blur_5,43,4,0.04934816434979439,0.5487766265869141,0.4018752872943878,1.2178328091926964
WRD25,hrnet32,defocus_blur_5,44,4,0.7606093287467957,0.023619957268238068,0.21577075123786926,0.9052837592265757
WRD25,hrnet32,defocus_blur_5,45,4,0.5312849879264832,0.07405728846788406,0.39465776085853577,1.2922325269975126
WRD25,hrnet32,defocus_blur_5,46,5,0.42568856477737427,0.48826539516448975,0.08604605495929718,1.3339933996431468
WRD25,hrnet32,defocus_blur_5,47,5,0.20078188180923462,0.39201295375823975,0.40720516443252563,1.522498895361371
WRD25,hrnet32,defocus_blur_5,48,5,0.3449144959449768,0.29391908645629883,0.36116650700569153,1.5795411663390944
WRD25,hrnet32,defocus_blur_5,49,5,0.3601504862308502,0.2705398201942444,0.3693096339702606,1.5716154057232012
WRD25,hrnet32,defocus_blur_5,50,6,0.4647684395313263,0.20397962629795074,0.33125191926956177,1.5096056787072518
WRD25,hrnet32,defocus_blur_5,51,6,0.4087783098220825,0.011372928507626057,0.5798488855361938,1.0569292785897202
WRD25,hrnet32,defocus_blur_5,52,6,0.3212299048900604,0.33798283338546753,0.34078723192214966,1.5844756603354653
WRD25,hrnet32,defocus_blur_5,53,7,0.42646902799606323,0.3564998209476471,0.21703127026557922,1.533161817970457
WRD25,hrnet32,defocus_blur_5,54,7,0.6457566022872925,0.19857613742351532,0.15566720068454742,1.2882856862746181
WRD25,hrnet32,defocus_blur_5,55,7,0.06842943280935287,0.555463433265686,0.3761070966720581,1.2665400910870637
WRD25,hrnet32,defocus_blur_5,56,7,0.5798510313034058,0.3239375650882721,0.0962115153670311,1.3076652029968654
WRD25,hrnet32,defocus_blur_5,57,7,0.47440287470817566,0.34735819697380066,0.17823894321918488,1.4837452722847986
WRD25,hrnet32,defocus_blur_5,58,7,0.5563637018203735,0.21938756108283997,0.2242487072944641,1.4344118387078808
WRD25,hrnet32,defocus_blur_5,59,7,0.11779137700796127,0.4984789490699768,0.38372963666915894,1.3943903394004402
WRD25,hrnet32,defocus_blur_5,60,7,0.19522781670093536,0.46768808364868164,0.3370840549468994,1.5016955967861394
WRD25,hrnet32,defocus_blur_5,61,7,0.457544207572937,0.3752879798412323,0.16716773808002472,1.4781469187507652
WRD25,hrnet32,defocus_blur_5,62,7,0.5423945188522339,0.25377357006073,0.20383188128471375,1.4484737941589012
WRD25,hrnet32,defocus_blur_5,63,7,0.478274941444397,0.28549784421920776,0.2362271249294281,1.517001289689475
WRD25,hrnet32,defocus_blur_5,64,7,0.31402698159217834,0.4651309549808502,0.22084207832813263,1.5195871818122877
WRD25,hrnet32,defocus_blur_5,65,7,0.6017920970916748,0.11927025020122528,0.27893775701522827,1.3205945170368039
WRD25,hrnet32,defocus_blur_5,66,7,0.5304723978042603,0.11820219457149506,0.35132548213005066,1.3795311733622042
WRD25,hrnet32,defocus_blur_5,67,7,0.4424425959587097,0.0910927802324295,0.46646469831466675,1.3485560655530013
WRD25,hrnet32,defocus_blur_5,68,7,0.3431222438812256,0.3378377854824066,0.3190399706363678,1.5842648518531004
WRD25,hrnet32,defocus_blur_5,69,8,0.3705226480960846,0.2796887755393982,0.3497886061668396,1.5749070417606053
WRD25,hrnet32,defocus_blur_5,70,8,0.167017862200737,0.38393300771713257,0.4490491449832916,1.4801437579319778
WRD25,hrnet32,defocus_blur_5,71,8,0.4050518274307251,0.25821948051452637,0.3367287218570709,1.561282254752809
WRD25,hrnet32,defocus_blur_5,72,8,0.26653429865837097,0.33695685863494873,0.3965089023113251,1.5664214952921733
WRD25,hrnet32,defocus_blur_5,73,8,0.22019730508327484,0.380874902009964,0.3989277780056,1.5400288074027315
WRD25,hrnet32,defocus_blur_5,74,8,0.5259689092636108,0.19262109696865082,0.28141000866889954,1.460016695590217
WRD25,hrnet32,defocus_blur_5,75,8,0.4095414876937866,0.2879772484302521,0.3024813234806061,1.5664605778365672
WRD25,hrnet32,defocus_blur_5,76,8,0.4305754601955414,0.2506478726863861,0.31877660751342773,1.5495785861295486
WRD25,hrnet32,defocus_blur_5,77,8,0.33230093121528625,0.25725406408309937,0.41044503450393677,1.5593787522812579
WRD25,hrnet32,defocus_blur_5,78,8,0.4759473204612732,0.23385222256183624,0.29020053148269653,1.5180038146410462
WRD25,hrnet32,defocus_blur_5,79,8,0.21922673285007477,0.37472182512283325,0.4060513973236084,1.5386192203735063
WRD25,hrnet32,defocus_blur_5,80,8,0.5395938754081726,0.24638329446315765,0.21402281522750854,1.4542359521719341
WRD25,hrnet32,defocus_blur_5,81,8,0.4329172968864441,0.34492290019989014,0.22215978801250458,1.5347358119469887
WRD25,hrnet32,defocus_blur_5,82,8,0.3775257468223572,0.38659512996673584,0.23587919771671295,1.5521632468725426
WRD25,hrnet32,defocus_blur_5,83,8,0.42990538477897644,0.27700239419937134,0.2930922210216522,1.5555435424621713
WRD25,hrnet32,defocus_blur_5,84,8,0.38390052318573,0.2715287208557129,0.34457072615623474,1.5705885427344053
WRD25,hrnet32,defocus_blur_5,85,8,0.4838758111000061,0.2375924289226532,0.2785317301750183,1.5130289573452236
WRD25,hrnet32,defocus_blur_5,86,9,0.2323218286037445,0.5486835837364197,0.21899455785751343,1.444182982122195
WRD25,hrnet32,defocus_blur_5,87,9,0.09426994621753693,0.282534658908844,0.6231955289840698,1.261556162940927
WRD25,hrnet32,defocus_blur_5,88,9,0.3896178603172302,0.07210054248571396,0.5382815003395081,1.2843580357758173
WRD25,hrnet32,defocus_blur_5,89,9,0.4666486084461212,0.16582703590393066,0.3675243556499481,1.4737253863174515
WRD25,hrnet32,defocus_blur_5,90,9,0.3283390998840332,0.07751293480396271,0.5941478610038757,1.2598018276235252
WRD25,hrnet32,defocus_blur_5,91,9,0.44871407747268677,0.08892551064491272,0.4623605012893677,1.3438001269967246
WRD25,hrnet32,defocus_blur_5,92,9,0.44250521063804626,0.11065637320280075,0.4468384087085724,1.3912210076160032
WRD25,hrnet32,defocus_blur_5,93,9,0.376714825630188,0.5085910558700562,0.1146940365433693,1.384996853716661
WRD25,hrnet32,defocus_blur_5,94,9,0.08726971596479416,0.5014991164207458,0.4112311005592346,1.333570216041553
WRD25,hrnet32,defocus_blur_5,95,9,0.22186188399791718,0.4723092317581177,0.3058289587497711,1.5157982078313057
WRD25,hrnet32,defocus_blur_5,96,9,0.3423684239387512,0.10440519452095032,0.5532263517379761,1.342251884651672
WRD25,hrnet32,defocus_blur_5,97,10,0.40654250979423523,0.37646016478538513,0.21699728071689606,1.5368154316902012
WRD25,hrnet32,defocus_blur_5,98,10,0.6293554902076721,0.13532006740570068,0.23532448709011078,1.3021032310951064
WRD25,hrnet32,defocus_blur_5,99,10,0.5361118912696838,0.31969234347343445,0.14419586956501007,1.4110162671278252
WRD25,hrnet32,defocus_blur_5,100,10,0.6478834748268127,0.22676046192646027,0.12535610795021057,1.266693913668301
WRD25,hrnet32,defocus_blur_5,101,10,0.3204190135002136,0.3254777193069458,0.3541032671928406,1.5835474835058665
WRD25,hrnet32,defocus_blur_5,102,10,0.6735976934432983,0.23172803223133087,0.09467429667711258,1.1947837268995753
WRD25,hrnet32,defocus_blur_5,103,10,0.8457260131835938,0.07909625768661499,0.075177863240242,0.7746359874119841
WRD25,hrnet32,defocus_blur_5,104,10,0.5606511831283569,0.13193002343177795,0.3074187636375427,1.3767069608097624
WRD25,hrnet32,defocus_blur_5,105,10,0.4771638810634613,0.3412276804447174,0.1816084235906601,1.485611437408422
WRD25,hrnet32,defocus_blur_5,106,10,0.7438700199127197,0.13810454308986664,0.1180255189538002,1.075843641182215
WRD25,hrnet32,defocus_blur_5,107,11,0.2761719524860382,0.335581511259079,0.3882465064525604,1.5712437566461697
WRD25,hrnet32,defocus_blur_5,108,11,0.3519382178783417,0.4220930337905884,0.2259686291217804,1.5403556322140288
WRD25,hrnet32,defocus_blur_5,109,11,0.23534062504768372,0.5158469080924988,0.2488124817609787,1.4831579456556032
WRD25,hrnet32,defocus_blur_5,110,11,0.36163628101348877,0.15811198949813843,0.4802517294883728,1.4595662948522174
WRD25,hrnet32,defocus_blur_5,111,11,0.42728638648986816,0.3674575090408325,0.20525602996349335,1.5238084010748858
WRD25,hrnet32,defocus_blur_5,112,11,0.33194035291671753,0.3375603258609772,0.3304993212223053,1.5849023619738345
WRD25,hrnet32,defocus_blur_5,113,11,0.33992061018943787,0.3570943772792816,0.30298492312431335,1.5816189162842875
WRD25,hrnet32,defocus_blur_5,114,12,0.8297290802001953,0.14713963866233826,0.023131204769015312,0.7559343115198912
WRD25,hrnet32,defocus_blur_5,115,13,0.4999217092990875,0.43006834387779236,0.07000996172428131,1.292162511252687
WRD25,hrnet32,defocus_blur_5,116,13,0.7213866710662842,0.2384040802717209,0.040209222584962845,1.0194517868933677
WRD25,hrnet32,defocus_blur_5,117,13,0.04362313076853752,0.4958239495754242,0.4605529010295868,1.2141026789163833
WRD25,hrnet32,defocus_blur_5,118,13,0.0200575552880764,0.4135785698890686,0.5663638710975647,1.104452396803279
WRD25,hrnet32,defocus_blur_5,119,13,0.4597189724445343,0.021993692964315414,0.5182873010635376,1.127967549814725
WRD25,hrnet32,defocus_blur_5,120,13,0.4380209743976593,0.3098393678665161,0.252139687538147,1.546585619544682
WRD25,hrnet32,defocus_blur_5,121,14,0.21622292697429657,0.5500103831291199,0.23376664519309998,1.4422675234037698
WRD25,hrnet32,defocus_blur_5,122,14,0.33692803978919983,0.49738579988479614,0.16568619012832642,1.459654744083017
WRD25,hrnet32,defocus_blur_5,123,14,0.23870548605918884,0.5493011474609375,0.21199338138103485,1.4425315251157804
WRD25,hrnet32,defocus_blur_5,124,14,0.3303578495979309,0.5225381255149841,0.14710402488708496,1.4239347843774919
WRD25,hrnet32,defocus_blur_5,125,14,0.45212727785110474,0.04736296460032463,0.5005097389221191,1.225951358321522
WRD25,hrnet32,defocus_blur_5,126,15,0.36622869968414307,0.29922783374786377,0.33454349637031555,1.580083342738097
WRD25,hrnet32,defocus_blur_5,127,15,0.4017980098724365,0.3163032829761505,0.2818986177444458,1.5687664846075728
WRD25,hrnet32,defocus_blur_5,128,15,0.29628947377204895,0.21509024500846863,0.4886203110218048,1.501666070288285
WRD25,hrnet32,defocus_blur_5,129,15,0.36480316519737244,0.11394880712032318,0.5212480425834656,1.3777339276445664
WRD25,hrnet32,defocus_blur_5,130,15,0.2739672362804413,0.17391909658908844,0.5521137118339539,1.4237778946552664
WRD25,hrnet32,defocus_blur_5,131,15,0.2931447923183441,0.24065104126930237,0.4662041664123535,1.5267679369894842
WRD25,hrnet32,defocus_blur_5,132,15,0.2553248703479767,0.4100073575973511,0.33466777205467224,1.5587767358496496
WRD25,hrnet32,defocus_blur_5,133,15,0.396435022354126,0.18361210823059082,0.41995295882225037,1.503814656762832
WRD25,hrnet32,defocus_blur_5,134,15,0.286292165517807,0.2326338291168213,0.4810740351676941,1.5138827079914776
WRD25,hrnet32,defocus_blur_5,135,15,0.5008002519607544,0.018779292702674866,0.48042041063308716,1.1154460081094708
WRD25,hrnet32,defocus_blur_5,136,15,0.04680587723851204,0.43982741236686707,0.5133665800094604,1.2217678488762391
WRD25,hrnet32,defocus_blur_5,137,15,0.480414479970932,0.08778436481952667,0.4318011701107025,1.3393767246122845
WRD25,hrnet32,defocus_blur_5,138,15,0.6205817461013794,0.01278768666088581,0.3666306138038635,1.0383085106370815
WRD25,hrnet32,defocus_blur_5,139,15,0.5449768304824829,0.014312895946204662,0.4407103359699249,1.0859053892692772
WRD25,hrnet32,defocus_blur_5,140,15,0.4773969352245331,0.025746440514922142,0.4968566298484802,1.1465630003654825
WRD25,hrnet32,defocus_blur_5,141,16,0.17839764058589935,0.24123409390449524,0.5803682804107666,1.3941007966063257
WRD25,hrnet32,defocus_blur_5,142,16,0.09227117896080017,0.4302619695663452,0.4774668216705322,1.3499628843574236
WRD25,hrnet32,defocus_blur_5,143,16,0.03711555525660515,0.3920464813709259,0.5708380341529846,1.1677042509126583
WRD25,hrnet32,defocus_blur_5,144,16,0.1277453750371933,0.586759626865387,0.28549501299858093,1.3468503942682157
WRD25,hrnet32,defocus_blur_5,145,16,0.06844145804643631,0.1795646697282791,0.7519939541816711,1.0188821842011477
WRD25,hrnet32,defocus_blur_5,146,16,0.16778603196144104,0.29194825887680054,0.5402656197547913,1.43055919226691
WRD25,hrnet32,defocus_blur_5,147,16,0.11954648792743683,0.4798172414302826,0.40063634514808655,1.4033657642738468
WRD25,hrnet32,defocus_blur_5,148,17,0.146270751953125,0.40291741490364075,0.45081189274787903,1.4522186656217098
WRD25,hrnet32,defocus_blur_5,149,17,0.41081416606903076,0.22572830319404602,0.363457590341568,1.5426711563149236
WRD25,hrnet32,defocus_blur_5,150,17,0.46628254652023315,0.16717547178268433,0.3665419816970825,1.475389723245816
WRD25,hrnet32,defocus_blur_5,151,17,0.4103791117668152,0.3489970266819,0.2406238317489624,1.5518693411371174
WRD25,hrnet32,defocus_blur_5,152,18,0.10279589146375656,0.3959448039531708,0.5012593269348145,1.3660625046601167
WRD25,hrnet32,defocus_blur_5,153,18,0.39887574315071106,0.06994933634996414,0.531174898147583,1.2821636830081586
WRD25,hrnet32,defocus_blur_5,154,18,0.44896072149276733,0.13702289760112762,0.41401636600494385,1.438344752662159
WRD25,hrnet32,defocus_blur_5,155,18,0.4912952482700348,0.15941190719604492,0.3492928445339203,1.4561013786691936
WRD25,hrnet32,defocus_blur_5,156,18,0.2815336287021637,0.6062337756156921,0.11223261803388596,1.306694552513961
WRD25,hrnet32,defocus_blur_5,157,18,0.21853820979595184,0.4800177812576294,0.3014439344406128,1.5092538619493663
WRD25,hrnet32,defocus_blur_5,158,18,0.49803426861763,0.08517070859670639,0.416795015335083,1.3297598986549342
WRD25,hrnet32,defocus_blur_5,159,18,0.6008977293968201,0.08495122939348221,0.3141511082649231,1.2685149950293793
WRD25,hrnet32,defocus_blur_5,160,18,0.35247454047203064,0.3260785639286041,0.3214469254016876,1.5837601980449092
WRD25,hrnet32,defocus_blur_5,161,18,0.42908215522766113,0.3581794202327728,0.21273839473724365,1.5293336502396198
WRD25,hrnet32,defocus_blur_5,162,18,0.047357577830553055,0.5273751020431519,0.42526739835739136,1.219796882361473
WRD25,hrnet32,defocus_blur_5,163,18,0.0665019303560257,0.4953269064426422,0.43817126750946045,1.2837039333154512
WRD25,hrnet32,defocus_blur_5,164,18,0.4608144760131836,0.1659800261259079,0.3732055425643921,1.4757949200578477
WRD25,hrnet32,defocus_blur_5,165,18,0.12316352128982544,0.5238800644874573,0.35295650362968445,1.3910341420433974
WRD25,hrnet32,defocus_blur_5,166,18,0.4916386902332306,0.12495945394039154,0.3834018409252167,1.4088088324663863
WRD25,hrnet32,defocus_blur_5,167,18,0.3112863004207611,0.17918196320533752,0.5095317363739014,1.464219825833847
WRD25,hrnet32,defocus_blur_5,168,18,0.35993313789367676,0.23071233928203583,0.409354567527771,1.5462468125110505
WRD25,hrnet32,defocus_blur_5,169,18,0.40912723541259766,0.1533982902765274,0.43747445940971375,1.4641964993916212
WRD25,hrnet32,defocus_blur_5,170,19,0.15824154019355774,0.34816259145736694,0.49359580874443054,1.4536280551780791
WRD25,hrnet32,defocus_blur_5,171,19,0.3748674988746643,0.10365615040063858,0.5214764475822449,1.359447383313758
WRD25,hrnet32,defocus_blur_5,172,19,0.5185297131538391,0.12097826600074768,0.360492080450058,1.3905803406495147
WRD25,hrnet32,defocus_blur_5,173,19,0.48839032649993896,0.2625402510166168,0.24906940758228302,1.5109648403975815
WRD25,hrnet32,defocus_blur_5,174,20,0.05932904779911041,0.41641101241111755,0.5242599844932556,1.2565075469611195
WRD25,hrnet32,defocus_blur_5,175,20,0.07272572070360184,0.2578398585319519,0.6694344282150269,1.1667907469865662
WRD25,hrnet32,defocus_blur_5,176,20,0.07445447891950607,0.5106981992721558,0.41484734416007996,1.3007034452287642
WRD25,hrnet32,defocus_blur_5,177,20,0.07779574394226074,0.3933168351650238,0.5288873910903931,1.3021400244739518
WRD25,hrnet32,defocus_blur_5,178,21,0.29003745317459106,0.09369082003831863,0.6162716746330261,1.2683401426811576
WRD25,hrnet32,defocus_blur_5,179,21,0.026335544884204865,0.719866931438446,0.2537975609302521,0.981612882984203
WRD25,hrnet32,defocus_blur_5,180,21,0.3559463322162628,0.39085543155670166,0.2531982362270355,1.5619321944311686
WRD25,hrnet32,defocus_blur_5,181,21,0.6063307523727417,0.10820992290973663,0.2854591906070709,1.3011052013156281
WRD25,hrnet32,defocus_blur_5,182,21,0.1222379133105278,0.3171672523021698,0.5605947971343994,1.3641799234335363
WRD25,hrnet32,defocus_blur_5,183,21,0.38899052143096924,0.3896216154098511,0.22138798236846924,1.541305458973663
WRD25,hrnet32,defocus_blur_5,184,21,0.07427440583705902,0.3841926157474518,0.5415328741073608,1.2880173542364823
WRD25,hrnet32,defocus_blur_5,185,22,0.3113524913787842,0.18140526115894318,0.5072422623634338,1.4675917856481542
WRD25,hrnet32,defocus_blur_5,186,22,0.3136531710624695,0.07363279908895493,0.6127139925956726,1.2347971668935847
WRD25,hrnet32,defocus_blur_5,187,22,0.18326449394226074,0.33360645174980164,0.4831291735172272,1.48404445610052
WRD25,hrnet32,defocus_blur_5,188,22,0.47146451473236084,0.3156872093677521,0.21284833550453186,1.5116583092084976
WRD25,hrnet32,defocus_blur_5,189,22,0.10181249678134918,0.645296573638916,0.252890944480896,1.2449677962210952
WRD25,hrnet32,defocus_blur_5,190,23,0.037171848118305206,0.5059860348701477,0.4568421244621277,1.1901894100928263
WRD25,hrnet32,defocus_blur_5,191,23,0.11477687954902649,0.3933810293674469,0.4918420910835266,1.3914652879879772
WRD25,hrnet32,defocus_blur_5,192,23,0.05162128433585167,0.5248907804489136,0.4234878420829773,1.233787270716493
WRD25,hrnet32,defocus_blur_5,193,23,0.47436991333961487,0.3660242259502411,0.15960590541362762,1.4636559852438233
WRD25,hrnet32,defocus_blur_5,194,24,0.3057045042514801,0.41987383365631104,0.27442172169685364,1.56030384809644
WRD25,hrnet32,defocus_blur_5,195,24,0.6955918073654175,0.02923622541129589,0.2751719355583191,1.025521815868336
WRD25,hrnet32,defocus_blur_5,196,24,0.19246312975883484,0.7136082649230957,0.09392861276865005,1.1254447449889047
WRD25,hrnet32,defocus_blur_5,197,24,0.29277822375297546,0.34539395570755005,0.3618277311325073,1.579229366750575
WRD25,hrnet32,defocus_blur_5,198,24,0.17918603122234344,0.4207359254360199,0.40007808804512024,1.4987320304666027
WRD25,hrnet32,defocus_blur_5,199,24,0.5812758207321167,0.04507952928543091,0.37364462018013,1.1872084828729799
WRD25,hrnet32,defocus_blur_11,0,0,0.7046559453010559,0.015061219222843647,0.2802828848361969,0.9613550466527373
WRD25,hrnet32,defocus_blur_11,1,0,0.36018097400665283,0.2366175651550293,0.40320146083831787,1.5510026722460803
WRD25,hrnet32,defocus_blur_11,2,0,0.386165976524353,0.30054569244384766,0.3132883608341217,1.5759238913231868
WRD25,hrnet32,defocus_blur_11,3,0,0.28050199151039124,0.25187942385673523,0.46761852502822876,1.5282432534331976
WRD25,hrnet32,defocus_blur_11,4,0,0.286301851272583,0.22835053503513336,0.48534759879112244,1.5093156945914796
WRD25,hrnet32,defocus_blur_11,5,0,0.2724035978317261,0.26431459188461304,0.4632817804813385,1.5327365981017351
WRD25,hrnet32,defocus_blur_11,6,0,0.43108856678009033,0.33352676033973694,0.23538470268249512,1.5428916671078126
WRD25,hrnet32,defocus_blur_11,7,0,0.4566276967525482,0.14250734448432922,0.40086495876312256,1.4456428637188758
WRD25,hrnet32,defocus_blur_11,8,0,0.45983245968818665,0.31930989027023315,0.22085760533809662,1.5224905137334683
WRD25,hrnet32,defocus_blur_11,9,0,0.4110929071903229,0.35471001267433167,0.23419709503650665,1.5480620409123633
WRD25,hrnet32,defocus_blur_11,10,0,0.15017752349376678,0.5165704488754272,0.33325210213661194,1.431356229205973
WRD25,hrnet32,defocus_blur_11,11,0,0.27939045429229736,0.21703509986400604,0.5035744309425354,1.4907238812514012
WRD25,hrnet32,defocus_blur_11,12,0,0.4658052921295166,0.21992167830467224,0.314272940158844,1.5187339249898748
WRD25,hrnet32,defocus_blur_11,13,0,0.45168086886405945,0.28562793135643005,0.2626911997795105,1.5408796646066973
WRD25,hrnet32,defocus_blur_11,14,0,0.408622145652771,0.2554648816585541,0.3359130024909973,1.5592303796642684
WRD25,hrnet32,defocus_blur_11,15,0,0.2144121378660202,0.2640368640422821,0.5215511322021484,1.4733888920808818
WRD25,hrnet32,defocus_blur_11,16,0,0.40593746304512024,0.3408677577972412,0.2531946897506714,1.5590128338580818
WRD25,hrnet32,defocus_blur_11,17,0,0.4309254586696625,0.25534743070602417,0.31372714042663574,1.550935617288733
WRD25,hrnet32,defocus_blur_11,18,1,0.3047950565814972,0.3705884516239166,0.32461658120155334,1.5800840506250653
WRD25,hrnet32,defocus_blur_11,19,1,0.3518676161766052,0.4212190508842468,0.22691327333450317,1.5411844776308643
WRD25,hrnet32,defocus_blur_11,20,1,0.42914560437202454,0.33977010846138,0.23108436167240143,1.5413016542770996
WRD25,hrnet32,defocus_blur_11,21,1,0.7407800555229187,0.06326408684253693,0.19595573842525482,1.0333885931256475
WRD25,hrnet32,defocus_blur_11,22,1,0.18576829135417938,0.3406091630458832,0.4736226499080658,1.491021565806569
WRD25,hrnet32,defocus_blur_11,23,1,0.5335953831672668,0.16037599742412567,0.30602866411209106,1.4297793969602928
WRD25,hrnet32,defocus_blur_11,24,1,0.6090561747550964,0.05265279859304428,0.3382909595966339,1.1882978896634175
WRD25,hrnet32,defocus_blur_11,25,2,0.42005470395088196,0.37212368845939636,0.20782159268856049,1.5273832728672996
WRD25,hrnet32,defocus_blur_11,26,2,0.5019572973251343,0.20722755789756775,0.2908152639865875,1.4878640750489125
WRD25,hrnet32,defocus_blur_11,27,2,0.32588088512420654,0.213759183883667,0.46035993099212646,1.5181740795273053
WRD25,hrnet32,defocus_blur_11,28,2,0.4509255290031433,0.17897525429725647,0.3700992166996002,1.49310582185272
WRD25,hrnet32,defocus_blur_11,29,2,0.27704134583473206,0.29827335476875305,0.4246852397918701,1.5583200962305768
WRD25,hrnet32,defocus_blur_11,30,2,0.2681196630001068,0.3750051259994507,0.3568752408027649,1.5703098500303083
WRD25,hrnet32,defocus_blur_11,31,2,0.05447814613580704,0.6307606101036072,0.31476128101348877,1.1729790066925143
WRD25,hrnet32,defocus_blur_11,32,2,0.6420747637748718,0.2142316997051239,0.1436934769153595,1.2887790161076553
WRD25,hrnet32,defocus_blur_11,33,2,0.6532290577888489,0.03257023170590401,0.3142007291316986,1.0870020810695284
WRD25,hrnet32,defocus_blur_11,34,2,0.550102949142456,0.16443763673305511,0.28545939922332764,1.4188666605422813
WRD25,hrnet32,defocus_blur_11,35,2,0.3819909691810608,0.13229219615459442,0.4857168197631836,1.4224333059606178
WRD25,hrnet32,defocus_blur_11,36,3,0.35257092118263245,0.3898191452026367,0.25760990381240845,1.5641596539421374
WRD25,hrnet32,defocus_blur_11,37,3,0.3297280967235565,0.44344064593315125,0.22683130204677582,1.5335074594522202
WRD25,hrnet32,defocus_blur_11,38,3,0.39229869842529297,0.3518037497997284,0.25589749217033386,1.5630043499922603
WRD25,hrnet32,defocus_blur_11,39,3,0.7523201107978821,0.12318643927574158,0.12449333071708679,1.0552547652614013
WRD25,hrnet32,defocus_blur_11,40,3,0.012082281522452831,0.5140406489372253,0.4738770127296448,1.081040637283298
WRD25,hrnet32,defocus_blur_11,41,4,0.3874128460884094,0.23524384200572968,0.3773433268070221,1.5517015982641253
WRD25,hrnet32,defocus_blur_11,42,4,0.9900504350662231,0.0,0.009949538856744766,0.08045843031818574
WRD25,hrnet32,defocus_blur_11,43,4,0.1861681342124939,0.36462903022766113,0.4492027163505554,1.5008668718841056
WRD25,hrnet32,defocus_blur_11,44,4,0.10212300717830658,0.42979562282562256,0.4680813252925873,1.3723885040149613
WRD25,hrnet32,defocus_blur_11,45,4,0.6954436302185059,0.050038181245326996,0.2545181214809418,1.0830743620022196
WRD25,hrnet32,defocus_blur_11,46,5,0.2857484519481659,0.34965580701828003,0.3645956814289093,1.5771918495021906
WRD25,hrnet32,defocus_blur_11,47,5,0.44832178950309753,0.20769432187080383,0.34398388862609863,1.5194177514941343
WRD25,hrnet32,defocus_blur_11,48,5,0.43660253286361694,0.3110111355781555,0.2523862421512604,1.5473607015059812
WRD25,hrnet32,defocus_blur_11,49,5,0.5703877806663513,0.18066658079624176,0.24894557893276215,1.4074079465587215
WRD25,hrnet32,defocus_blur_11,50,6,0.3352172076702118,0.2833080291748047,0.3814748525619507,1.5744559656740196
WRD25,hrnet32,defocus_blur_11,51,6,0.32487431168556213,0.296112984418869,0.37901273369789124,1.5773677840349674
WRD25,hrnet32,defocus_blur_11,52,6,0.34373801946640015,0.35467657446861267,0.30158543586730957,1.5815112748117235
WRD25,hrnet32,defocus_blur_11,53,7,0.2761530876159668,0.5587045550346375,0.16514232754707336,1.410966745172173
WRD25,hrnet32,defocus_blur_11,54,7,0.47782284021377563,0.20965583622455597,0.3125212788581848,1.5060442734281665
WRD25,hrnet32,defocus_blur_11,55,7,0.3428943455219269,0.35587143898010254,0.30123427510261536,1.5813863027119734
WRD25,hrnet32,defocus_blur_11,56,7,0.5526491403579712,0.2173059582710266,0.23004485666751862,1.4390761672021963
WRD25,hrnet32,defocus_blur_11,57,7,0.3829631209373474,0.5054296851158142,0.11160717904567719,1.3809207406426827
WRD25,hrnet32,defocus_blur_11,58,7,0.4319254755973816,0.12693098187446594,0.4411434829235077,1.4219597359467309
WRD25,hrnet32,defocus_blur_11,59,7,0.21810097992420197,0.3505731225013733,0.4313259720802307,1.5325569994626629
WRD25,hrnet32,defocus_blur_11,60,7,0.37491223216056824,0.13963168859481812,0.48545610904693604,1.4333679383247433
WRD25,hrnet32,defocus_blur_11,61,7,0.47368496656417847,0.33501994609832764,0.1912950873374939,1.4956417471317132
WRD25,hrnet32,defocus_blur_11,62,7,0.6211087703704834,0.15238143503665924,0.22650980949401855,1.3256170093280324
WRD25,hrnet32,defocus_blur_11,63,7,0.287460058927536,0.3474067747592926,0.365133136510849,1.5776393987583068
WRD25,hrnet32,defocus_blur_11,64,7,0.2731868326663971,0.488394170999527,0.23841901123523712,1.5095114677249613
WRD25,hrnet32,defocus_blur_11,65,7,0.4298323392868042,0.29155731201171875,0.2786102592945099,1.5557023268057444
WRD25,hrnet32,defocus_blur_11,66,7,0.49719205498695374,0.2605857253074646,0.24222223460674286,1.5023013090316226
WRD25,hrnet32,defocus_blur_11,67,7,0.3081820011138916,0.49404671788215637,0.19777123630046844,1.4883300632175942
WRD25,hrnet32,defocus_blur_11,68,7,0.5364596843719482,0.20943929255008698,0.254101037979126,1.4565924768982959
WRD25,hrnet32,defocus_blur_11,69,8,0.2969662547111511,0.1564905196428299,0.5465432405471802,1.4152832964426234
WRD25,hrnet32,defocus_blur_11,70,8,0.16045312583446503,0.3851945996284485,0.45435234904289246,1.4708252451094992
WRD25,hrnet32,defocus_blur_11,71,8,0.3461688458919525,0.20916847884655,0.4446626603603363,1.5218501332486758
WRD25,hrnet32,defocus_blur_11,72,8,0.23408667743206024,0.25496768951416016,0.5109456777572632,1.4880653132366344
WRD25,hrnet32,defocus_blur_11,73,8,0.23402027785778046,0.3828223943710327,0.383157342672348,1.5509335989673325
WRD25,hrnet32,defocus_blur_11,74,8,0.4820000231266022,0.190976083278656,0.327023983001709,1.490985148377792
WRD25,hrnet32,defocus_blur_11,75,8,0.245216965675354,0.23055991530418396,0.5242231488227844,1.4737574079125353
WRD25,hrnet32,defocus_blur_11,76,8,0.3749648332595825,0.30776774883270264,0.31726735830307007,1.5793390911231824
WRD25,hrnet32,defocus_blur_11,77,8,0.3893047869205475,0.2889431416988373,0.32175213098526,1.5737725774776399
WRD25,hrnet32,defocus_blur_11,78,8,0.41529154777526855,0.2598307728767395,0.32487767934799194,1.5586733998282858
WRD25,hrnet32,defocus_blur_11,79,8,0.2528286278247833,0.28451868891716003,0.46265265345573425,1.531970048225851
WRD25,hrnet32,defocus_blur_11,80,8,0.42575737833976746,0.25826507806777954,0.3159774839878082,1.5540884366384184
WRD25,hrnet32,defocus_blur_11,81,8,0.2564409673213959,0.5128890872001648,0.23066990077495575,1.4856475137837697
WRD25,hrnet32,defocus_blur_11,82,8,0.34059372544288635,0.3096688389778137,0.3497374355792999,1.583034614554785
WRD25,hrnet32,defocus_blur_11,83,8,0.29979416728019714,0.3119862675666809,0.3882194757461548,1.575246126996571
WRD25,hrnet32,defocus_blur_11,84,8,0.3230966329574585,0.23739787936210632,0.439505398273468,1.5404201533693083
WRD25,hrnet32,defocus_blur_11,85,8,0.4514990448951721,0.2294907569885254,0.31901028752326965,1.531116501562602
WRD25,hrnet32,defocus_blur_11,86,9,0.32695332169532776,0.25405141711235046,0.4189952611923218,1.5553718886819936
WRD25,hrnet32,defocus_blur_11,87,9,0.49389514327049255,0.26221412420272827,0.24389073252677917,1.50551867579024
WRD25,hrnet32,defocus_blur_11,88,9,0.22706501185894012,0.24721717834472656,0.5257177352905273,1.4717551263429784
WRD25,hrnet32,defocus_blur_11,89,9,0.3101460039615631,0.21692311763763428,0.47293081879615784,1.5129972392424111
WRD25,hrnet32,defocus_blur_11,90,9,0.29681679606437683,0.29851219058036804,0.40467098355293274,1.5689429801372214
WRD25,hrnet32,defocus_blur_11,91,9,0.35040009021759033,0.20938481390476227,0.4402150511741638,1.5235444865861743
WRD25,hrnet32,defocus_blur_11,92,9,0.3450222611427307,0.2436535656452179,0.4113241136074066,1.553211959978602
WRD25,hrnet32,defocus_blur_11,93,9,0.33629366755485535,0.26519083976745605,0.3985154926776886,1.565482806051538
WRD25,hrnet32,defocus_blur_11,94,9,0.338679701089859,0.1431732028722763,0.5181470513343811,1.4219983664733356
WRD25,hrnet32,defocus_blur_11,95,9,0.231490358710289,0.39247971773147583,0.3760298788547516,1.5488559384002913
WRD25,hrnet32,defocus_blur_11,96,9,0.3918408751487732,0.23398740589618683,0.37417173385620117,1.550616318288357
WRD25,hrnet32,defocus_blur_11,97,10,0.5773637890815735,0.1621018797159195,0.2605343461036682,1.3886073780447112
WRD25,hrnet32,defocus_blur_11,98,10,0.44707924127578735,0.32330453395843506,0.22961615025997162,1.5333180434203924
WRD25,hrnet32,defocus_blur_11,99,10,0.4308675229549408,0.2984406054019928,0.270691841840744,1.5543217320939455
WRD25,hrnet32,defocus_blur_11,100,10,0.2832971513271332,0.45238202810287476,0.26432088017463684,1.5405910926654138
WRD25,hrnet32,defocus_blur_11,101,10,0.38873225450515747,0.3636358082294464,0.24763193726539612,1.5592673015952425
WRD25,hrnet32,defocus_blur_11,102,10,0.4101177155971527,0.22354869544506073,0.36633357405662537,1.5412639431383321
WRD25,hrnet32,defocus_blur_11,103,10,0.6974355578422546,0.09876661002635956,0.20379795134067535,1.1601117520912256
WRD25,hrnet32,defocus_blur_11,104,10,0.5002700090408325,0.30095863342285156,0.1987714022397995,1.4845498696528123
WRD25,hrnet32,defocus_blur_11,105,10,0.6743432879447937,0.17899870872497559,0.1466580033302307,1.2337632893086612
WRD25,hrnet32,defocus_blur_11,106,10,0.5767311453819275,0.21916739642620087,0.20410138368606567,1.4058263387625594
WRD25,hrnet32,defocus_blur_11,107,11,0.3981695771217346,0.2815081477165222,0.32032230496406555,1.5698932430189587
WRD25,hrnet32,defocus_blur_11,108,11,0.4240257143974304,0.3323623538017273,0.24361196160316467,1.549350799507795
WRD25,hrnet32,defocus_blur_11,109,11,0.3890351951122284,0.3436267673969269,0.26733794808387756,1.568249447737998
WRD25,hrnet32,defocus_blur_11,110,11,0.4755370020866394,0.2498571276664734,0.2746058702468872,1.5218928334321666
WRD25,hrnet32,defocus_blur_11,111,11,0.5021446347236633,0.3371654152870178,0.16068990528583527,1.4517218466726969
WRD25,hrnet32,defocus_blur_11,112,11,0.4269275367259979,0.2136930674314499,0.3593793511390686,1.5305988171936908
WRD25,hrnet32,defocus_blur_11,113,11,0.4342658519744873,0.24679140746593475,0.31894272565841675,1.5465744110589972
WRD25,hrnet32,defocus_blur_11,114,12,0.6710624694824219,0.2289135754108429,0.10002399235963821,1.205349422258796
WRD25,hrnet32,defocus_blur_11,115,13,0.33797338604927063,0.4109466075897217,0.2510799467563629,1.5567681907160407
WRD25,hrnet32,defocus_blur_11,116,13,0.3806370198726654,0.3299095034599304,0.2894534468650818,1.575946115204378
WRD25,hrnet32,defocus_blur_11,117,13,0.29500168561935425,0.38430988788604736,0.3206883370876312,1.575946016252738
WRD25,hrnet32,defocus_blur_11,118,13,0.3727611303329468,0.40773728489875793,0.21950148046016693,1.5386237154536666
WRD25,hrnet32,defocus_blur_11,119,13,0.35513633489608765,0.3433832824230194,0.3014804422855377,1.58146995787093
WRD25,hrnet32,defocus_blur_11,120,13,0.4557952284812927,0.1747651994228363,0.3694395422935486,1.4871946406656296
WRD25,hrnet32,defocus_blur_11,121,14,0.4080908000469208,0.36578264832496643,0.2261265516281128,1.543401788625382
WRD25,hrnet32,defocus_blur_11,122,14,0.4804859459400177,0.3208085298538208,0.19870556890964508,1.4975187159863776
WRD25,hrnet32,defocus_blur_11,123,14,0.37135234475135803,0.44388583302497864,0.18476185202598572,1.5009609292460242
WRD25,hrnet32,defocus_blur_11,124,14,0.5674586296081543,0.2047584056854248,0.2277829349040985,1.4184862584966647
WRD25,hrnet32,defocus_blur_11,125,14,0.44298407435417175,0.12051330506801605,0.4365025758743286,1.410286795811683
WRD25,hrnet32,defocus_blur_11,126,15,0.3481444716453552,0.3453647494316101,0.3064907193183899,1.5825822260592108
WRD25,hrnet32,defocus_blur_11,127,15,0.418162077665329,0.32446789741516113,0.2573699951171875,1.5568318904695644
WRD25,hrnet32,defocus_blur_11,128,15,0.27046269178390503,0.3595348298549652,0.37000253796577454,1.5715567412812566
WRD25,hrnet32,defocus_blur_11,129,15,0.15863297879695892,0.35133516788482666,0.490031898021698,1.455827954760624
WRD25,hrnet32,defocus_blur_11,130,15,0.34758251905441284,0.29819217324256897,0.3542253077030182,1.5808322570761266
WRD25,hrnet32,defocus_blur_11,131,15,0.2079084813594818,0.3980894982814789,0.39400213956832886,1.5295420927931231
WRD25,hrnet32,defocus_blur_11,132,15,0.2896500527858734,0.24448400735855103,0.4658659100532532,1.5280113180566826
WRD25,hrnet32,defocus_blur_11,133,15,0.4032292366027832,0.2792300879955292,0.3175407350063324,1.5678037243612253
WRD25,hrnet32,defocus_blur_11,134,15,0.30730313062667847,0.3250647783279419,0.3676320016384125,1.5808445901789814
WRD25,hrnet32,defocus_blur_11,135,15,0.46209293603897095,0.04456073045730591,0.4933464527130127,1.217527361466335
WRD25,hrnet32,defocus_blur_11,136,15,0.47267669439315796,0.05973606929183006,0.4675872027873993,1.2666403851810215
WRD25,hrnet32,defocus_blur_11,137,15,0.3327331244945526,0.28905197978019714,0.378214955329895,1.5763412010041538
WRD25,hrnet32,defocus_blur_11,138,15,0.1951444149017334,0.31725865602493286,0.48759692907333374,1.4907632174146812
WRD25,hrnet32,defocus_blur_11,139,15,0.4355398714542389,0.03566032275557518,0.5287998914718628,1.1798517975122431
WRD25,hrnet32,defocus_blur_11,140,15,0.46690723299980164,0.0754140242934227,0.4576787054538727,1.3103299290341415
WRD25,hrnet32,defocus_blur_11,141,16,0.3879273533821106,0.2929428219795227,0.31912994384765625,1.574713181971089
WRD25,hrnet32,defocus_blur_11,142,16,0.3682042062282562,0.2027312070131302,0.4290645718574524,1.5212712598749307
WRD25,hrnet32,defocus_blur_11,143,16,0.21752117574214935,0.47934404015541077,0.30313485860824585,1.5092232693517
WRD25,hrnet32,defocus_blur_11,144,16,0.38953539729118347,0.3475547432899475,0.2629098892211914,1.566470203591229
WRD25,hrnet32,defocus_blur_11,145,16,0.36760178208351135,0.27258193492889404,0.359816312789917,1.5725031542142998
WRD25,hrnet32,defocus_blur_11,146,16,0.2617848813533783,0.3601471781730652,0.37806791067123413,1.5673291333183645
WRD25,hrnet32,defocus_blur_11,147,16,0.44224783778190613,0.18020087480545044,0.3775513768196106,1.4966285924373344
WRD25,hrnet32,defocus_blur_11,148,17,0.33735978603363037,0.3006739914417267,0.3619662821292877,1.5808145513709426
WRD25,hrnet32,defocus_blur_11,149,17,0.3650587797164917,0.4154546558856964,0.21948657929897308,1.5373934655628374
WRD25,hrnet32,defocus_blur_11,150,17,0.49259430170059204,0.19371844828128815,0.31368714570999146,1.4865914442268826
WRD25,hrnet32,defocus_blur_11,151,17,0.5263227224349976,0.3607748746871948,0.11290227621793747,1.3732896791950404
WRD25,hrnet32,defocus_blur_11,152,18,0.20317843556404114,0.36430343985557556,0.4325181841850281,1.5208434913564153
WRD25,hrnet32,defocus_blur_11,153,18,0.5533168911933899,0.2367255687713623,0.20995765924453735,1.4373075063886296
WRD25,hrnet32,defocus_blur_11,154,18,0.5433467030525208,0.3678298592567444,0.08882343024015427,1.319165614282319
WRD25,hrnet32,defocus_blur_11,155,18,0.46278658509254456,0.2796049118041992,0.25760844349861145,1.5325640295680256
WRD25,hrnet32,defocus_blur_11,156,18,0.3481767475605011,0.485706627368927,0.16611666977405548,1.4661902359362071
WRD25,hrnet32,defocus_blur_11,157,18,0.26906660199165344,0.42722538113594055,0.3037080466747284,1.5559265340478374
WRD25,hrnet32,defocus_blur_11,158,18,0.44498881697654724,0.11847060173749924,0.4365406632423401,1.4064195967124453
WRD25,hrnet32,defocus_blur_11,159,18,0.5466843843460083,0.1341547966003418,0.3191607892513275,1.3909304560974383
WRD25,hrnet32,defocus_blur_11,160,18,0.39691707491874695,0.35989782214164734,0.24318504333496094,1.5558051394877621
WRD25,hrnet32,defocus_blur_11,161,18,0.5309675931930542,0.2639491558074951,0.20508331060409546,1.4609202492174227
WRD25,hrnet32,defocus_blur_11,162,18,0.6294906735420227,0.07447918504476547,0.2960301637649536,1.2192963779516872
WRD25,hrnet32,defocus_blur_11,163,18,0.14378981292247772,0.4840405583381653,0.3721696734428406,1.439714724180365
WRD25,hrnet32,defocus_blur_11,164,18,0.4994734227657318,0.17434848845005035,0.32617807388305664,1.4667742032749402
WRD25,hrnet32,defocus_blur_11,165,18,0.1630696952342987,0.47520580887794495,0.3617243766784668,1.4673994514546729
WRD25,hrnet32,defocus_blur_11,166,18,0.3057691752910614,0.2599184215068817,0.4343124032020569,1.55051775742168
WRD25,hrnet32,defocus_blur_11,167,18,0.37331780791282654,0.24095666408538818,0.38572555780410767,1.5555245802161761
WRD25,hrnet32,defocus_blur_11,168,18,0.34911951422691345,0.2903124988079071,0.36056795716285706,1.578678857323369
WRD25,hrnet32,defocus_blur_11,169,18,0.4552261531352997,0.21244820952415466,0.33232566714286804,1.5197967025958299
WRD25,hrnet32,defocus_blur_11,170,19,0.5334097743034363,0.08492262661457062,0.3816676437854767,1.3161335003595254
WRD25,hrnet32,defocus_blur_11,171,19,0.38162583112716675,0.3180842995643616,0.3002898693084717,1.577186955356391
WRD25,hrnet32,defocus_blur_11,172,19,0.5611757040023804,0.30548980832099915,0.1333344280719757,1.3779463766223305
WRD25,hrnet32,defocus_blur_11,173,19,0.4202969968318939,0.2778566777706146,0.30184629559516907,1.560578606567045
WRD25,hrnet32,defocus_blur_11,174,20,0.1084875836968422,0.42491817474365234,0.46659427881240845,1.385443655497427
WRD25,hrnet32,defocus_blur_11,175,20,0.16740646958351135,0.343208909034729,0.48938465118408203,1.4657222066773343
WRD25,hrnet32,defocus_blur_11,176,20,0.10257785767316818,0.5388486385345459,0.35857343673706055,1.3482351118092712
WRD25,hrnet32,defocus_blur_11,177,20,0.08387500047683716,0.32915204763412476,0.5869730710983276,1.278760064297952
WRD25,hrnet32,defocus_blur_11,178,21,0.39439934492111206,0.3625190258026123,0.243081733584404,1.5560770169373774
WRD25,hrnet32,defocus_blur_11,179,21,0.49005353450775146,0.2954762279987335,0.21447016298770905,1.5003392268216964
WRD25,hrnet32,defocus_blur_11,180,21,0.31847625970840454,0.45077160000801086,0.23075218498706818,1.5320739387496456
WRD25,hrnet32,defocus_blur_11,181,21,0.2848593294620514,0.3336598873138428,0.38148078322410583,1.5748200550963238
WRD25,hrnet32,defocus_blur_11,182,21,0.47766339778900146,0.24045754969120026,0.2818790376186371,1.518524598575972
WRD25,hrnet32,defocus_blur_11,183,21,0.4351242780685425,0.3215276300907135,0.24334809184074402,1.5448670148924628
WRD25,hrnet32,defocus_blur_11,184,21,0.0860273540019989,0.4048793911933899,0.5090932846069336,1.3284511114810982
WRD25,hrnet32,defocus_blur_11,185,22,0.21882981061935425,0.24831357598304749,0.5328565835952759,1.4626829887093435
WRD25,hrnet32,defocus_blur_11,186,22,0.5063549876213074,0.22674374282360077,0.26690131425857544,1.4911694131119209
WRD25,hrnet32,defocus_blur_11,187,22,0.43614864349365234,0.1817261278629303,0.38212522864341736,1.4995378210764718
WRD25,hrnet32,defocus_blur_11,188,22,0.10311248153448105,0.6796426773071289,0.21724483370780945,1.1951415794728326
WRD25,hrnet32,defocus_blur_11,189,22,0.1657368540763855,0.31073886156082153,0.5235243439674377,1.442536750239236
WRD25,hrnet32,defocus_blur_11,190,23,0.36981579661369324,0.3680550456047058,0.26212912797927856,1.5678101348127131
WRD25,hrnet32,defocus_blur_11,191,23,0.29228639602661133,0.32275888323783875,0.3849548399448395,1.575422094110873
WRD25,hrnet32,defocus_blur_11,192,23,0.6620023250579834,0.05453992262482643,0.28345781564712524,1.1383827289660546
WRD25,hrnet32,defocus_blur_11,193,23,0.5070431232452393,0.11880538612604141,0.37415140867233276,1.392599856163041
WRD25,hrnet32,defocus_blur_11,194,24,0.42834073305130005,0.341661661863327,0.22999751567840576,1.5409560168062126
WRD25,hrnet32,defocus_blur_11,195,24,0.3697110116481781,0.43609750270843506,0.19419144093990326,1.5120166082434594
WRD25,hrnet32,defocus_blur_11,196,24,0.22113049030303955,0.4956095516681671,0.28325995802879333,1.4988003527707159
WRD25,hrnet32,defocus_blur_11,197,24,0.35612422227859497,0.41624557971954346,0.22763028740882874,1.5428479134225173
WRD25,hrnet32,defocus_blur_11,198,24,0.15436208248138428,0.527629554271698,0.31800833344459534,1.4284112329721428
WRD25,hrnet32,defocus_blur_11,199,24,0.5895472168922424,0.05977344885468483,0.35067927837371826,1.2225128394068936
WRD25,hrnet32,resize_2.0,0,0,0.2876186668872833,0.2995484471321106,0.4128328561782837,1.5649563449583854
WRD25,hrnet32,resize_2.0,1,0,0.2599399983882904,0.39516350626945496,0.344896525144577,1.5642510365141935
WRD25,hrnet32,resize_2.0,2,0,0.2698315382003784,0.19699518382549286,0.5331733226776123,1.4554179293084126
WRD25,hrnet32,resize_2.0,3,0,0.5319533348083496,0.23776446282863617,0.23028230667114258,1.4650124106400821
WRD25,hrnet32,resize_2.0,4,0,0.7948662638664246,0.18603351712226868,0.019100233912467957,0.8237251181050953
WRD25,hrnet32,resize_2.0,5,0,0.5567247867584229,0.23823027312755585,0.2050449252128601,1.4321770745580633
WRD25,hrnet32,resize_2.0,6,0,0.283816397190094,0.3735906481742859,0.3425929546356201,1.5758144631734532
WRD25,hrnet32,resize_2.0,7,0,0.5803053379058838,0.017960496246814728,0.4017341732978821,1.0883167773840499
WRD25,hrnet32,resize_2.0,8,0,0.5289783477783203,0.3507346212863922,0.12028712034225464,1.3836657814877071
WRD25,hrnet32,resize_2.0,9,0,0.2056359052658081,0.35498228669166565,0.43938177824020386,1.520941055792606
WRD25,hrnet32,resize_2.0,10,0,0.445086807012558,0.28702452778816223,0.2678886950016022,1.5457187487419324
WRD25,hrnet32,resize_2.0,11,0,0.17784710228443146,0.19612328708171844,0.6260296106338501,1.3269977984817245
WRD25,hrnet32,resize_2.0,12,0,0.26321378350257874,0.22970671951770782,0.507079541683197,1.491131583202529
WRD25,hrnet32,resize_2.0,13,0,0.4744094908237457,0.33727216720581055,0.18831829726696014,1.4928278491173161
WRD25,hrnet32,resize_2.0,14,0,0.5976749658584595,0.21338920295238495,0.18893595039844513,1.3735467869316762
WRD25,hrnet32,resize_2.0,15,0,0.24641071259975433,0.1558828055858612,0.5977063775062561,1.359748501494096
WRD25,hrnet32,resize_2.0,16,0,0.6968288421630859,0.1991945207118988,0.10397665202617645,1.1663624151665382
WRD25,hrnet32,resize_2.0,17,0,0.5148770809173584,0.3229665160179138,0.16215644776821136,1.445295114230544
WRD25,hrnet32,resize_2.0,18,1,0.3000530004501343,0.6944551467895508,0.00549186859279871,0.927656654528581
WRD25,hrnet32,resize_2.0,19,1,0.6031874418258667,0.03183843940496445,0.36497417092323303,1.1289742747936535
WRD25,hrnet32,resize_2.0,20,1,0.592180073261261,0.38464784622192383,0.023172151297330856,1.1036776956371348
WRD25,hrnet32,resize_2.0,21,1,0.06353075802326202,0.297374427318573,0.6390947699546814,1.185714351133918
WRD25,hrnet32,resize_2.0,22,1,0.052744925022125244,0.4609953463077545,0.48625969886779785,1.2447136655447653
WRD25,hrnet32,resize_2.0,23,1,0.5901263356208801,0.36375609040260315,0.04611758887767792,1.1844287454195344
WRD25,hrnet32,resize_2.0,24,1,0.5110985636711121,0.3790830075740814,0.10981845110654831,1.3753747758195782
WRD25,hrnet32,resize_2.0,25,2,0.36289191246032715,0.3726002275943756,0.26450785994529724,1.5688725890403437
WRD25,hrnet32,resize_2.0,26,2,0.1401837021112442,0.32191184163093567,0.5379045009613037,1.4049739473743807
WRD25,hrnet32,resize_2.0,27,2,0.5159682035446167,0.30362096428871155,0.18041083216667175,1.4604213710143568
WRD25,hrnet32,resize_2.0,28,2,0.45620301365852356,0.37522128224372864,0.16857576370239258,1.4801617424731235
WRD25,hrnet32,resize_2.0,29,2,0.1418277770280838,0.5774413347244263,0.2807309031486511,1.371627461600267
WRD25,hrnet32,resize_2.0,30,2,0.46635088324546814,0.34098291397094727,0.1926662176847458,1.5002494165903304
WRD25,hrnet32,resize_2.0,31,2,0.2004750669002533,0.6071324348449707,0.19239242374897003,1.3593727094065682
WRD25,hrnet32,resize_2.0,32,2,0.32478299736976624,0.23950089514255524,0.4357161521911621,1.5429940220756202
WRD25,hrnet32,resize_2.0,33,2,0.2191057652235031,0.4412277638912201,0.33966660499572754,1.5298703314180304
WRD25,hrnet32,resize_2.0,34,2,0.5684890151023865,0.3355262875556946,0.09598470479249954,1.3163540427877778
WRD25,hrnet32,resize_2.0,35,2,0.33420929312705994,0.5237752795219421,0.14201536774635315,1.4170141002897874
WRD25,hrnet32,resize_2.0,36,3,0.02707587741315365,0.06132815405726433,0.9115959405899048,0.5096959210841903
WRD25,hrnet32,resize_2.0,37,3,0.27859944105148315,0.04534270986914635,0.6760578155517578,1.0978525167273059
WRD25,hrnet32,resize_2.0,38,3,0.4798412322998047,0.09589628875255585,0.42426252365112305,1.357488050490911
WRD25,hrnet32,resize_2.0,39,3,0.5486534237861633,0.32846134901046753,0.12288516759872437,1.3744086540670661
WRD25,hrnet32,resize_2.0,40,3,0.35156527161598206,0.3054260015487671,0.3430086374282837,1.5823207788528757
WRD25,hrnet32,resize_2.0,41,4,0.49230721592903137,0.2374347746372223,0.27025800943374634,1.505990197666903
WRD25,hrnet32,resize_2.0,42,4,0.418541818857193,0.50347501039505,0.07798323780298233,1.3113979140742735
WRD25,hrnet32,resize_2.0,43,4,0.6436678767204285,0.04438256472349167,0.31194964051246643,1.132839211034566
WRD25,hrnet32,resize_2.0,44,4,0.5172908902168274,0.3551322817802429,0.1275767982006073,1.4013092550783612
WRD25,hrnet32,resize_2.0,45,4,0.5798859596252441,0.03269065171480179,0.38742342591285706,1.14721195621759
WRD25,hrnet32,resize_2.0,46,5,0.13596059381961823,0.8576101660728455,0.006429258733987808,0.6282590647514018
WRD25,hrnet32,resize_2.0,47,5,0.028520548716187477,0.45611104369163513,0.5153684020042419,1.1557878458796325
WRD25,hrnet32,resize_2.0,48,5,0.018615983426570892,0.5411297678947449,0.44025421142578125,1.107488751647928
WRD25,hrnet32,resize_2.0,49,5,0.7637209892272949,0.2048833966255188,0.03139550983905792,0.9223586904994356
WRD25,hrnet32,resize_2.0,50,6,0.05524745583534241,0.20267905294895172,0.7420735955238342,1.0168995219931791
WRD25,hrnet32,resize_2.0,51,6,0.47563499212265015,0.510060727596283,0.014304256066679955,1.0929647122934802
WRD25,hrnet32,resize_2.0,52,6,0.6056256890296936,0.37677237391471863,0.017602020874619484,1.071341856016402
WRD25,hrnet32,resize_2.0,53,7,0.7238830327987671,0.2010059952735901,0.07511096447706223,1.083246995018639
WRD25,hrnet32,resize_2.0,54,7,0.531231164932251,0.41812971234321594,0.05063914135098457,1.2287239104838608
WRD25,hrnet32,resize_2.0,55,7,0.44497495889663696,0.0688391923904419,0.4861859679222107,1.2914214240910291
WRD25,hrnet32,resize_2.0,56,7,0.4226153790950775,0.48959144949913025,0.08779322355985641,1.3377170049729337
WRD25,hrnet32,resize_2.0,57,7,0.13335683941841125,0.6029969453811646,0.26364627480506897,1.334750712418293
WRD25,hrnet32,resize_2.0,58,7,0.516018807888031,0.13755986094474792,0.34642136096954346,1.4160373836368276
WRD25,hrnet32,resize_2.0,59,7,0.03699095919728279,0.3709663152694702,0.5920428037643433,1.1543920430673533
WRD25,hrnet32,resize_2.0,60,7,0.26483675837516785,0.562308669090271,0.17285457253456116,1.412411615116756
WRD25,hrnet32,resize_2.0,61,7,0.43462544679641724,0.4211243987083435,0.1442500650882721,1.450858329912693
WRD25,hrnet32,resize_2.0,62,7,0.12980279326438904,0.1447010338306427,0.7254961729049683,1.121773640097556
WRD25,hrnet32,resize_2.0,63,7,0.3794872462749481,0.37817835807800293,0.24233439564704895,1.5565647674384615
WRD25,hrnet32,resize_2.0,64,7,0.0967443436384201,0.23809394240379333,0.665161669254303,1.2102098205244416
WRD25,hrnet32,resize_2.0,65,7,0.3517265021800995,0.29916417598724365,0.34910935163497925,1.5810955653461969
WRD25,hrnet32,resize_2.0,66,7,0.2786062955856323,0.5167424082756042,0.20465143024921417,1.4742526216018974
WRD25,hrnet32,resize_2.0,67,7,0.7335461974143982,0.2280866950750351,0.0383671298623085,0.9947628219125472
WRD25,hrnet32,resize_2.0,68,7,0.45168909430503845,0.31590309739112854,0.23240777850151062,1.532358728742865
WRD25,hrnet32,resize_2.0,69,8,0.3221230208873749,0.44914621114730835,0.2287307232618332,1.5319018793285877
WRD25,hrnet32,resize_2.0,70,8,0.3839424252510071,0.17046235501766205,0.4455951750278473,1.48499064516832
WRD25,hrnet32,resize_2.0,71,8,0.14040982723236084,0.5537362694740295,0.305853933095932,1.3925980012599113
WRD25,hrnet32,resize_2.0,72,8,0.17215855419635773,0.3059368431568146,0.5219045877456665,1.4493443004632576
WRD25,hrnet32,resize_2.0,73,8,0.09102800488471985,0.4459497332572937,0.46302229166030884,1.3486325541380548
WRD25,hrnet32,resize_2.0,74,8,0.19135382771492004,0.2240363359451294,0.5846099853515625,1.3927775294967233
WRD25,hrnet32,resize_2.0,75,8,0.17069047689437866,0.24389155209064484,0.5854179859161377,1.3840535908187541
WRD25,hrnet32,resize_2.0,76,8,0.3437367379665375,0.24575845897197723,0.4105047881603241,1.55445836988675
WRD25,hrnet32,resize_2.0,77,8,0.2292802482843399,0.6237279772758484,0.14699184894561768,1.3185517109358285
WRD25,hrnet32,resize_2.0,78,8,0.5780845284461975,0.18446092307567596,0.2374546080827713,1.39943642412267
WRD25,hrnet32,resize_2.0,79,8,0.38699525594711304,0.35992884635925293,0.2530759274959564,1.5623334621085758
WRD25,hrnet32,resize_2.0,80,8,0.13192279636859894,0.4584002196788788,0.4096769392490387,1.4287914639390153
WRD25,hrnet32,resize_2.0,81,8,0.23517771065235138,0.42710673809051514,0.33771559596061707,1.5441970613384672
WRD25,hrnet32,resize_2.0,82,8,0.21982380747795105,0.38554874062538147,0.39462748169898987,1.5399456270137635
WRD25,hrnet32,resize_2.0,83,8,0.23713812232017517,0.22390013933181763,0.5389617085456848,1.4563795362049685
WRD25,hrnet32,resize_2.0,84,8,0.2414408177137375,0.5475013852119446,0.21105772256851196,1.444505479317809
WRD25,hrnet32,resize_2.0,85,8,0.2736526131629944,0.48308515548706055,0.2432621568441391,1.5147995231863256
WRD25,hrnet32,resize_2.0,86,9,0.22455886006355286,0.155516117811203,0.6199249625205994,1.329072409124417
WRD25,hrnet32,resize_2.0,87,9,0.10635863989591599,0.6490029096603394,0.24463844299316406,1.245570101625331
WRD25,hrnet32,resize_2.0,88,9,0.23348920047283173,0.4665215313434601,0.299989253282547,1.5242468983270496
WRD25,hrnet32,resize_2.0,89,9,0.3179156482219696,0.539799153804779,0.14228519797325134,1.4060276655046222
WRD25,hrnet32,resize_2.0,90,9,0.12034321576356888,0.38808733224868774,0.4915693998336792,1.4012016983545157
WRD25,hrnet32,resize_2.0,91,9,0.26377859711647034,0.09870464354753494,0.6375167369842529,1.2509319863006667
WRD25,hrnet32,resize_2.0,92,9,0.119603730738163,0.24544192850589752,0.6349543929100037,1.2798951246138603
WRD25,hrnet32,resize_2.0,93,9,0.4933100640773773,0.28648900985717773,0.22020083665847778,1.500287105884175
WRD25,hrnet32,resize_2.0,94,9,0.35888439416885376,0.2199319750070572,0.42118364572525024,1.5365184339623785
WRD25,hrnet32,resize_2.0,95,9,0.37917622923851013,0.31925100088119507,0.3015727698802948,1.5779187389877907
WRD25,hrnet32,resize_2.0,96,9,0.3070455491542816,0.2928750813007355,0.4000793993473053,1.5706761588001057
WRD25,hrnet32,resize_2.0,97,10,0.28367650508880615,0.2997784912586212,0.41654494404792786,1.562944077505801
WRD25,hrnet32,resize_2.0,98,10,0.29498225450515747,0.6325702667236328,0.07244750112295151,1.2118458000110008
WRD25,hrnet32,resize_2.0,99,10,0.15937215089797974,0.5068138241767883,0.33381393551826477,1.447566645650177
WRD25,hrnet32,resize_2.0,100,10,0.4857061803340912,0.4216874837875366,0.09260635823011398,1.34924302610448
WRD25,hrnet32,resize_2.0,101,10,0.2167387455701828,0.6245222687721252,0.15873895585536957,1.3237744329788101
WRD25,hrnet32,resize_2.0,102,10,0.3259652256965637,0.49190279841423035,0.18213187158107758,1.4781316575184036
WRD25,hrnet32,resize_2.0,103,10,0.7130934000015259,0.1425199657678604,0.1443866342306137,1.1515895409062178
WRD25,hrnet32,resize_2.0,104,10,0.31036171317100525,0.27555912733078003,0.41407912969589233,1.5630216252627123
WRD25,hrnet32,resize_2.0,105,10,0.3024415969848633,0.47130197286605835,0.22625643014907837,1.5183736097270701
WRD25,hrnet32,resize_2.0,106,10,0.4015079438686371,0.24389009177684784,0.35460203886032104,1.5554592765107005
WRD25,hrnet32,resize_2.0,107,11,0.47932711243629456,0.3913179337978363,0.12935493886470795,1.4198831317701548
WRD25,hrnet32,resize_2.0,108,11,0.4665250778198242,0.4145641326904297,0.11891070753335953,1.4050991887144897
WRD25,hrnet32,resize_2.0,109,11,0.33152246475219727,0.1756468117237091,0.4928308129310608,1.4718972362424165
WRD25,hrnet32,resize_2.0,110,11,0.490924209356308,0.1616837978363037,0.3473919928073883,1.4588241110873432
WRD25,hrnet32,resize_2.0,111,11,0.35238927602767944,0.11257912963628769,0.5350314974784851,1.3677573701381924
WRD25,hrnet32,resize_2.0,112,11,0.10705637186765671,0.4082965552806854,0.48464715480804443,1.3792014108141406
WRD25,hrnet32,resize_2.0,113,11,0.20491938292980194,0.284390926361084,0.5106897354125977,1.4796284525299215
WRD25,hrnet32,resize_2.0,114,12,0.14032766222953796,0.6052443385124207,0.254427969455719,1.3384231089292475
WRD25,hrnet32,resize_2.0,115,13,0.07961069792509079,0.5533062815666199,0.36708301305770874,1.2938272631217065
WRD25,hrnet32,resize_2.0,116,13,0.6196877360343933,0.055089015513658524,0.3252231776714325,1.185234957880947
WRD25,hrnet32,resize_2.0,117,13,0.43237900733947754,0.46948373317718506,0.09813723713159561,1.363824075053375
WRD25,hrnet32,resize_2.0,118,13,0.43512672185897827,0.5247368216514587,0.040136467665433884,1.1967376663545504
WRD25,hrnet32,resize_2.0,119,13,0.07646510750055313,0.45855602622032166,0.4649788439273834,1.3131023012510799
WRD25,hrnet32,resize_2.0,120,13,0.10954917222261429,0.5293341875076294,0.3611166477203369,1.3659438193554594
WRD25,hrnet32,resize_2.0,121,14,0.32995691895484924,0.6085325479507446,0.06151045113801956,1.211344336006695
WRD25,hrnet32,resize_2.0,122,14,0.5107688903808594,0.4351080656051636,0.05412298068404198,1.2451660674545244
WRD25,hrnet32,resize_2.0,123,14,0.4961323142051697,0.4435625374317169,0.060305092483758926,1.266227206996464
WRD25,hrnet32,resize_2.0,124,14,0.4376828074455261,0.5245881080627441,0.03772899508476257,1.188382712664903
WRD25,hrnet32,resize_2.0,125,14,0.2025720626115799,0.3779944181442261,0.41943350434303284,1.522916365525092
WRD25,hrnet32,resize_2.0,126,15,0.7441610097885132,0.16255217790603638,0.09328680485486984,1.0625436158724284
WRD25,hrnet32,resize_2.0,127,15,0.5096794366836548,0.3297393023967743,0.16058127582073212,1.4470757976245245
WRD25,hrnet32,resize_2.0,128,15,0.4567164480686188,0.4643327593803406,0.07895078510046005,1.3194751687911501
WRD25,hrnet32,resize_2.0,129,15,0.028605960309505463,0.22215525805950165,0.7492388486862183,0.9408948640998297
WRD25,hrnet32,resize_2.0,130,15,0.631946861743927,0.214552104473114,0.1535010188817978,1.3098797405472673
WRD25,hrnet32,resize_2.0,131,15,0.2685372829437256,0.2413143664598465,0.4901484251022339,1.5085225514261857
WRD25,hrnet32,resize_2.0,132,15,0.5690123438835144,0.22865617275238037,0.2023315578699112,1.4160409111294134
WRD25,hrnet32,resize_2.0,133,15,0.09767069667577744,0.5143094062805176,0.38801997900009155,1.3511053222385534
WRD25,hrnet32,resize_2.0,134,15,0.187745600938797,0.23941180109977722,0.572842538356781,1.4072739006168478
WRD25,hrnet32,resize_2.0,135,15,0.21532918512821198,0.11271197348833084,0.6719589233398438,1.2174047204310599
WRD25,hrnet32,resize_2.0,136,15,0.16782312095165253,0.2511501908302307,0.5810266733169556,1.3879114467770832
WRD25,hrnet32,resize_2.0,137,15,0.5560468435287476,0.4248902499675751,0.019062889739871025,1.104395463562472
WRD25,hrnet32,resize_2.0,138,15,0.3994003236293793,0.37157121300697327,0.22902844846248627,1.546560608329275
WRD25,hrnet32,resize_2.0,139,15,0.1557474434375763,0.3538081645965576,0.49044445157051086,1.4522688902054983
WRD25,hrnet32,resize_2.0,140,15,0.36296823620796204,0.4896959364414215,0.14733588695526123,1.4421600773378176
WRD25,hrnet32,resize_2.0,141,16,0.4604625403881073,0.5119726657867432,0.02756473608314991,1.1524942514302858
WRD25,hrnet32,resize_2.0,142,16,0.6468565464019775,0.33973631262779236,0.01340700127184391,1.0190846439097674
WRD25,hrnet32,resize_2.0,143,16,0.8358768224716187,0.14537514746189117,0.018747957423329353,0.7282036656728827
WRD25,hrnet32,resize_2.0,144,16,0.5799018740653992,0.3568061590194702,0.06329195946455002,1.238385088218634
WRD25,hrnet32,resize_2.0,145,16,0.6631110310554504,0.06066691875457764,0.2762220501899719,1.1509798044466772
WRD25,hrnet32,resize_2.0,146,16,0.04437098652124405,0.39932769536972046,0.5563012361526489,1.198930653549294
WRD25,hrnet32,resize_2.0,147,16,0.30751535296440125,0.062448229640722275,0.630036473274231,1.1929488674580044
WRD25,hrnet32,resize_2.0,148,17,0.2683691084384918,0.02324996329843998,0.7083808779716492,0.9878061253025927
WRD25,hrnet32,resize_2.0,149,17,0.03912615776062012,0.6487359404563904,0.3121379017829895,1.1122587285020524
WRD25,hrnet32,resize_2.0,150,17,0.38655638694763184,0.02562890015542507,0.5878146886825562,1.1161408279997458
WRD25,hrnet32,resize_2.0,151,17,0.7662856578826904,0.222288578748703,0.0114257438108325,0.8502565323885998
WRD25,hrnet32,resize_2.0,152,18,0.5239622592926025,0.04751964285969734,0.4285179674625397,1.2213353972110863
WRD25,hrnet32,resize_2.0,153,18,0.03033495508134365,0.3612739145755768,0.6083911657333374,1.1198003740098794
WRD25,hrnet32,resize_2.0,154,18,0.052235279232263565,0.3242637813091278,0.6235009431838989,1.1742507085897218
WRD25,hrnet32,resize_2.0,155,18,0.3901000916957855,0.5302537083625793,0.0796462669968605,1.3058295582225168
WRD25,hrnet32,resize_2.0,156,18,0.17165155708789825,0.7742976546287537,0.054050758481025696,0.9496902249498527
WRD25,hrnet32,resize_2.0,157,18,0.728144109249115,0.16012011468410492,0.11173579096794128,1.1097260689840678
WRD25,hrnet32,resize_2.0,158,18,0.07050494849681854,0.5694998502731323,0.35999512672424316,1.262942640995293
WRD25,hrnet32,resize_2.0,159,18,0.320528119802475,0.11253128945827484,0.5669405460357666,1.344965008841676
WRD25,hrnet32,resize_2.0,160,18,0.5379695296287537,0.26411736011505127,0.19791312515735626,1.4510000547895114
WRD25,hrnet32,resize_2.0,161,18,0.29904085397720337,0.2607003152370453,0.440258651971817,1.5475227196452996
WRD25,hrnet32,resize_2.0,162,18,0.375044584274292,0.22158120572566986,0.4033743739128113,1.5407191123669521
WRD25,hrnet32,resize_2.0,163,18,0.31967878341674805,0.36768221855163574,0.31263890862464905,1.5811370349712373
WRD25,hrnet32,resize_2.0,164,18,0.20726504921913147,0.6396151185035706,0.15311987698078156,1.297496763048744
WRD25,hrnet32,resize_2.0,165,18,0.6139870285987854,0.10306617617607117,0.2829468250274658,1.285321180503325
WRD25,hrnet32,resize_2.0,166,18,0.4915727972984314,0.04810575395822525,0.46032145619392395,1.2294491889481707
WRD25,hrnet32,resize_2.0,167,18,0.06578308343887329,0.58588707447052,0.3483298420906067,1.2401462774052048
WRD25,hrnet32,resize_2.0,168,18,0.7638153433799744,0.06301258504390717,0.17317217588424683,0.9862833681561465
WRD25,hrnet32,resize_2.0,169,18,0.5176088809967041,0.4520167112350464,0.030374368652701378,1.1626883318530619
WRD25,hrnet32,resize_2.0,170,19,0.2142847180366516,0.7704163193702698,0.01529901847243309,0.8583854927458111
WRD25,hrnet32,resize_2.0,171,19,0.29963919520378113,0.014439963735640049,0.6859209537506104,0.9823287789839221
WRD25,hrnet32,resize_2.0,172,19,0.04330913722515106,0.2845686972141266,0.6721222400665283,1.0973846231575102
WRD25,hrnet32,resize_2.0,173,19,0.2856062650680542,0.44098329544067383,0.2734103798866272,1.5487515429529104
WRD25,hrnet32,resize_2.0,174,20,0.2688400447368622,0.24828331172466278,0.48287659883499146,1.5156875674010386
WRD25,hrnet32,resize_2.0,175,20,0.3706665337085724,0.38390398025512695,0.24542950093746185,1.558356332572171
WRD25,hrnet32,resize_2.0,176,20,0.2621001899242401,0.4850762188434601,0.25282347202301025,1.5141604379921083
WRD25,hrnet32,resize_2.0,177,20,0.3675673007965088,0.3385479152202606,0.293884813785553,1.5789414338569365
WRD25,hrnet32,resize_2.0,178,21,0.4534454345703125,0.4797864854335785,0.06676799803972244,1.2864406500787346
WRD25,hrnet32,resize_2.0,179,21,0.05600621923804283,0.5130465030670166,0.4309471845626831,1.2502194374390743
WRD25,hrnet32,resize_2.0,180,21,0.46718287467956543,0.3414803743362427,0.1913367658853531,1.498770435539738
WRD25,hrnet32,resize_2.0,181,21,0.11184590309858322,0.46362078189849854,0.42453333735466003,1.3923715832163042
WRD25,hrnet32,resize_2.0,182,21,0.4650886058807373,0.39257222414016724,0.14233922958374023,1.4435650428053615
WRD25,hrnet32,resize_2.0,183,21,0.4941265881061554,0.16135725378990173,0.34451618790626526,1.4568332938879285
WRD25,hrnet32,resize_2.0,184,21,0.4024558663368225,0.19862069189548492,0.39892348647117615,1.520528954093039
WRD25,hrnet32,resize_2.0,185,22,0.2198352813720703,0.7129054069519043,0.06725932657718658,1.0904200058495412
WRD25,hrnet32,resize_2.0,186,22,0.5991281270980835,0.21579976379871368,0.18507209420204163,1.3706294953272997
WRD25,hrnet32,resize_2.0,187,22,0.10768113285303116,0.5662183165550232,0.326100617647171,1.3380117583665152
WRD25,hrnet32,resize_2.0,188,22,0.23880340158939362,0.3368382751941681,0.4243583083152771,1.5469664677323585
WRD25,hrnet32,resize_2.0,189,22,0.3466257154941559,0.03563038632273674,0.6177438497543335,1.1305254845076407
WRD25,hrnet32,resize_2.0,190,23,0.5672121644020081,0.02372530847787857,0.4090625047683716,1.1195874776299235
WRD25,hrnet32,resize_2.0,191,23,0.04557482898235321,0.47601643204689026,0.47840866446495056,1.221713928187989
WRD25,hrnet32,resize_2.0,192,23,0.39655423164367676,0.4641944468021393,0.13925133645534515,1.4391852406033645
WRD25,hrnet32,resize_2.0,193,23,0.06046508252620697,0.6241809725761414,0.3153539299964905,1.194218660996721
WRD25,hrnet32,resize_2.0,194,24,0.24016551673412323,0.3718063235282898,0.3880281448364258,1.55490006764001
WRD25,hrnet32,resize_2.0,195,24,0.4457245171070099,0.02765313908457756,0.5266223549842834,1.1499685000952564
WRD25,hrnet32,resize_2.0,196,24,0.31364718079566956,0.492560476064682,0.1937924027442932,1.486664897325799
WRD25,hrnet32,resize_2.0,197,24,0.17160096764564514,0.4074653387069702,0.4209337532520294,1.4895950998043022
WRD25,hrnet32,resize_2.0,198,24,0.06557614356279373,0.49642840027809143,0.4379955530166626,1.2809797738010364
WRD25,hrnet32,resize_2.0,199,24,0.3794173300266266,0.3248302936553955,0.29575231671333313,1.5772289458463526
WRD25,hrnet32,jpeg_10,0,0,0.4905366897583008,0.2706354856491089,0.23882783949375153,1.5077714705703482
WRD25,hrnet32,jpeg_10,1,0,0.1716594696044922,0.44441649317741394,0.38392412662506104,1.4866379055587073
WRD25,hrnet32,jpeg_10,2,0,0.1370743215084076,0.25205186009407043,0.6108737587928772,1.3284834490391724
WRD25,hrnet32,jpeg_10,3,0,0.2611893117427826,0.4515298008918762,0.2872808873653412,1.5407850345811118
WRD25,hrnet32,jpeg_10,4,0,0.19635732471942902,0.343178391456604,0.4604642391204834,1.5058337983826222
WRD25,hrnet32,jpeg_10,5,0,0.1287519335746765,0.33916139602661133,0.5320866703987122,1.394180215800843
WRD25,hrnet32,jpeg_10,6,0,0.46396878361701965,0.17691317200660706,0.35911792516708374,1.4867032588246731
WRD25,hrnet32,jpeg_10,7,0,0.4991874396800995,0.004281223751604557,0.4965313971042633,1.0355605691367722
WRD25,hrnet32,jpeg_10,8,0,0.11976224184036255,0.46247509121894836,0.4177626669406891,1.4072757748296336
WRD25,hrnet32,jpeg_10,9,0,0.3597005009651184,0.1552126258611679,0.4850868880748749,1.4540457662089261
WRD25,hrnet32,jpeg_10,10,0,0.12664465606212616,0.3451743423938751,0.5281810164451599,1.3936508230471492
WRD25,hrnet32,jpeg_10,11,0,0.39788496494293213,0.22347553074359894,0.3786395490169525,1.542643491254248
WRD25,hrnet32,jpeg_10,12,0,0.3487785756587982,0.24493436515331268,0.4062870144844055,1.5550531578549207
WRD25,hrnet32,jpeg_10,13,0,0.34704962372779846,0.2223558872938156,0.43059444427490234,1.5356031722733166
WRD25,hrnet32,jpeg_10,14,0,0.27754420042037964,0.1836433708667755,0.5388123989105225,1.4429484238733292
WRD25,hrnet32,jpeg_10,15,0,0.16737554967403412,0.37391942739486694,0.45870503783226013,1.478051557278854
WRD25,hrnet32,jpeg_10,16,0,0.1320483237504959,0.2843843102455139,0.5835673809051514,1.3550412966528416
WRD25,hrnet32,jpeg_10,17,0,0.26987287402153015,0.4004281461238861,0.32969900965690613,1.5664590671911607
WRD25,hrnet32,jpeg_10,18,1,0.027890674769878387,0.15262837707996368,0.819480836391449,0.7933126088061231
WRD25,hrnet32,jpeg_10,19,1,0.4520387053489685,0.18785957992076874,0.3601016700267792,1.5015891586297991
WRD25,hrnet32,jpeg_10,20,1,0.6647070050239563,0.190642312169075,0.14465072751045227,1.250971032750179
WRD25,hrnet32,jpeg_10,21,1,0.019282778725028038,0.5883468389511108,0.39237043261528015,1.089671196963196
WRD25,hrnet32,jpeg_10,22,1,0.04122411459684372,0.49030888080596924,0.4684670865535736,1.206293748157221
WRD25,hrnet32,jpeg_10,23,1,0.032272499054670334,0.341779500246048,0.6259479522705078,1.1123018863077272
WRD25,hrnet32,jpeg_10,24,1,0.04048462212085724,0.3760453462600708,0.5834701061248779,1.1714228852978086
WRD25,hrnet32,jpeg_10,25,2,0.2557118237018585,0.6006398797035217,0.14364826679229736,1.346944244218018
WRD25,hrnet32,jpeg_10,26,2,0.31477004289627075,0.518127977848053,0.16710202395915985,1.4477498362817804
WRD25,hrnet32,jpeg_10,27,2,0.44978952407836914,0.3903762400150299,0.15983428061008453,1.4710454062828544
WRD25,hrnet32,jpeg_10,28,2,0.36429592967033386,0.2199699878692627,0.41573402285575867,1.5376941188348185
WRD25,hrnet32,jpeg_10,29,2,0.16096651554107666,0.2612402141094208,0.577793300151825,1.3873297068143207
WRD25,hrnet32,jpeg_10,30,2,0.22457924485206604,0.579666018486023,0.19575466215610504,1.4005160286591671
WRD25,hrnet32,jpeg_10,31,2,0.05452616140246391,0.8296207189559937,0.11585303395986557,0.8126645540343278
WRD25,hrnet32,jpeg_10,32,2,0.7059482336044312,0.2553655803203583,0.03868623077869415,1.039069167557796
WRD25,hrnet32,jpeg_10,33,2,0.04247363284230232,0.9093989729881287,0.04812738671898842,0.5288191253588239
WRD25,hrnet32,jpeg_10,34,2,0.2363472878932953,0.5457019209861755,0.2179507464170456,1.447725493074538
WRD25,hrnet32,jpeg_10,35,2,0.07281436771154404,0.7100366353988647,0.21714888513088226,1.1044261191673725
WRD25,hrnet32,jpeg_10,36,3,0.11563904583454132,0.3080054521560669,0.5763555765151978,1.3413808420355229
WRD25,hrnet32,jpeg_10,37,3,0.24766536056995392,0.34969037771224976,0.40264421701431274,1.5572006033341772
WRD25,hrnet32,jpeg_10,38,3,0.2246875762939453,0.2021772265434265,0.5731351971626282,1.410519360346211
WRD25,hrnet32,jpeg_10,39,3,0.6118093729019165,0.06877688318490982,0.3194137215614319,1.2252054981161378
WRD25,hrnet32,jpeg_10,40,3,0.2687974274158478,0.20722363889217377,0.5239790081977844,1.468599926232624
WRD25,hrnet32,jpeg_10,41,4,0.00028110790299251676,0.7684309482574463,0.2312878668308258,0.7838645458194049
WRD25,hrnet32,jpeg_10,42,4,0.741776704788208,0.2518007755279541,0.006422532256692648,0.8674308351380963
WRD25,hrnet32,jpeg_10,43,4,0.02195022813975811,0.7621296048164368,0.2159200757741928,0.8971019522983851
WRD25,hrnet32,jpeg_10,44,4,0.8318249583244324,0.08335576206445694,0.08481917530298233,0.8216785405340312
WRD25,hrnet32,jpeg_10,45,4,0.6336955428123474,0.23213961720466614,0.13416488468647003,1.2949616638891779
WRD25,hrnet32,jpeg_10,46,5,0.6649317145347595,0.30617544054985046,0.028892934322357178,1.0620093557518324
WRD25,hrnet32,jpeg_10,47,5,0.01660129986703396,0.3489641845226288,0.6344345211982727,1.044658996941643
WRD25,hrnet32,jpeg_10,48,5,0.00775792496278882,0.4609372317790985,0.5313047766685486,1.0541720362809117
WRD25,hrnet32,jpeg_10,49,5,0.033434752374887466,0.6463325023651123,0.3202327489852905,1.0969590761528936
WRD25,hrnet32,jpeg_10,50,6,0.535346508026123,0.30913013219833374,0.155523419380188,1.4237175095505212
WRD25,hrnet32,jpeg_10,51,6,0.11701544374227524,0.5245057344436646,0.3584787845611572,1.3810515441068734
WRD25,hrnet32,jpeg_10,52,6,0.0455673448741436,0.37661299109458923,0.5778195858001709,1.1908647871948792
WRD25,hrnet32,jpeg_10,53,7,0.30185821652412415,0.1738169640302658,0.5243248343467712,1.4487960570071825
WRD25,hrnet32,jpeg_10,54,7,0.5366905927658081,0.36869338154792786,0.0946161150932312,1.33445978095772
WRD25,hrnet32,jpeg_10,55,7,0.5638108849525452,0.24314846098423004,0.19304059445858002,1.420246738206713
WRD25,hrnet32,jpeg_10,56,7,0.4838157594203949,0.3659520745277405,0.15023206174373627,1.448358134229093
WRD25,hrnet32,jpeg_10,57,7,0.3156222999095917,0.2099059820175171,0.4744716286659241,1.5082016892608088
WRD25,hrnet32,jpeg_10,58,7,0.534523606300354,0.412981778383255,0.05249454826116562,1.2331285618700234
WRD25,hrnet32,jpeg_10,59,7,0.21452972292900085,0.46074557304382324,0.3247247040271759,1.5184454360013384
WRD25,hrnet32,jpeg_10,60,7,0.19409307837486267,0.37219786643981934,0.4337089955806732,1.5124727775508595
WRD25,hrnet32,jpeg_10,61,7,0.22901374101638794,0.5593876242637634,0.21159866452217102,1.4299152299682014
WRD25,hrnet32,jpeg_10,62,7,0.36934682726860046,0.24584254622459412,0.3848106563091278,1.5585506782631007
WRD25,hrnet32,jpeg_10,63,7,0.3190511465072632,0.4432746171951294,0.2376742660999298,1.5388096729794187
WRD25,hrnet32,jpeg_10,64,7,0.37879684567451477,0.12398258596658707,0.49722054600715637,1.4051352832346766
WRD25,hrnet32,jpeg_10,65,7,0.11127004772424698,0.7414653301239014,0.14726456999778748,1.0794349917650303
WRD25,hrnet32,jpeg_10,66,7,0.21503254771232605,0.2750389873981476,0.5099284648895264,1.4844737071165206
WRD25,hrnet32,jpeg_10,67,7,0.43896371126174927,0.1655196249485016,0.3955167531967163,1.480200119186615
WRD25,hrnet32,jpeg_10,68,7,0.17041386663913727,0.5435171127319336,0.28606894612312317,1.4296422829623325
WRD25,hrnet32,jpeg_10,69,8,0.5633713006973267,0.16969120502471924,0.2669375538825989,1.4092547043585344
WRD25,hrnet32,jpeg_10,70,8,0.6572151184082031,0.11568167805671692,0.22710318863391876,1.2436376567485705
WRD25,hrnet32,jpeg_10,71,8,0.4876185953617096,0.1599486768245697,0.35243263840675354,1.45847680222192
WRD25,hrnet32,jpeg_10,72,8,0.807097315788269,0.12711741030216217,0.06578526645898819,0.8860934619728638
WRD25,hrnet32,jpeg_10,73,8,0.7609016299247742,0.09686584025621414,0.14223255217075348,1.0263889958769892
WRD25,hrnet32,jpeg_10,74,8,0.5887292623519897,0.2607555687427521,0.15051521360874176,1.366855184877957
WRD25,hrnet32,jpeg_10,75,8,0.4836081564426422,0.2107071429491043,0.30568474531173706,1.502943343559645
WRD25,hrnet32,jpeg_10,76,8,0.4212791323661804,0.3794846832752228,0.19923613965511322,1.5195873568549898
WRD25,hrnet32,jpeg_10,77,8,0.3063304126262665,0.564203679561615,0.1294657438993454,1.3705673790239155
WRD25,hrnet32,jpeg_10,78,8,0.5250561833381653,0.32390013337135315,0.15104374289512634,1.426691656310822
WRD25,hrnet32,jpeg_10,79,8,0.4390783905982971,0.3715588450431824,0.1893628090620041,1.506712340777037
WRD25,hrnet32,jpeg_10,80,8,0.22344636917114258,0.5054467916488647,0.27110689878463745,1.4911492761000595
WRD25,hrnet32,jpeg_10,81,8,0.3920508623123169,0.3023654818534851,0.3055836260318756,1.5740471418201425
WRD25,hrnet32,jpeg_10,82,8,0.4149988293647766,0.2800274193286896,0.3049737215042114,1.5632844547737572
WRD25,hrnet32,jpeg_10,83,8,0.49337339401245117,0.2560987174510956,0.25052782893180847,1.5064556820003452
WRD25,hrnet32,jpeg_10,84,8,0.4857456088066101,0.27059903740882874,0.24365530908107758,1.5126492351244467
WRD25,hrnet32,jpeg_10,85,8,0.4761756956577301,0.19540098309516907,0.3284233808517456,1.497549715937915
WRD25,hrnet32,jpeg_10,86,9,0.4726439416408539,0.1708306521177292,0.35652539134025574,1.4770019657945155
WRD25,hrnet32,jpeg_10,87,9,0.029757460579276085,0.46237874031066895,0.5078637003898621,1.161877905528032
WRD25,hrnet32,jpeg_10,88,9,0.39617711305618286,0.5059390664100647,0.09788375347852707,1.3547099415750252
WRD25,hrnet32,jpeg_10,89,9,0.25774282217025757,0.47370314598083496,0.26855406165122986,1.5241404149963076
WRD25,hrnet32,jpeg_10,90,9,0.36404165625572205,0.09112437069416046,0.5448339581489563,1.3229717206619518
WRD25,hrnet32,jpeg_10,91,9,0.3122941553592682,0.17340324819087982,0.5143025517463684,1.4560531460481485
WRD25,hrnet32,jpeg_10,92,9,0.14375828206539154,0.21453069150447845,0.6417109966278076,1.289391963078491
WRD25,hrnet32,jpeg_10,93,9,0.29017215967178345,0.21400868892669678,0.49581918120384216,1.495799045915624
WRD25,hrnet32,jpeg_10,94,9,0.03372827544808388,0.3756878077983856,0.5905839204788208,1.1442643500524452
WRD25,hrnet32,jpeg_10,95,9,0.48598238825798035,0.36775949597358704,0.1462581902742386,1.4422912041916962
WRD25,hrnet32,jpeg_10,96,9,0.03538443148136139,0.840465247631073,0.12415027618408203,0.7549899053123983
WRD25,hrnet32,jpeg_10,97,10,0.7300828695297241,0.122635617852211,0.14728157222270966,1.1096373475348735
WRD25,hrnet32,jpeg_10,98,10,0.14231321215629578,0.43036341667175293,0.4273234009742737,1.4479440018121372
WRD25,hrnet32,jpeg_10,99,10,0.660660982131958,0.18967072665691376,0.14966826140880585,1.2601142339840388
WRD25,hrnet32,jpeg_10,100,10,0.4159151315689087,0.35181039571762085,0.23227451741695404,1.5458150817768024
WRD25,hrnet32,jpeg_10,101,10,0.41733258962631226,0.19191087782382965,0.3907565474510193,1.512910330360381
WRD25,hrnet32,jpeg_10,102,10,0.17463529109954834,0.4115307331085205,0.41383394598960876,1.4935593811112795
WRD25,hrnet32,jpeg_10,103,10,0.3876628279685974,0.22380606830120087,0.3885311186313629,1.5432498550692149
WRD25,hrnet32,jpeg_10,104,10,0.5528603792190552,0.18586498498916626,0.26127463579177856,1.429844203689279
WRD25,hrnet32,jpeg_10,105,10,0.25496503710746765,0.35554131865501404,0.3894937336444855,1.5629715448530632
WRD25,hrnet32,jpeg_10,106,10,0.4958931505680084,0.11025699228048325,0.39384976029396057,1.3819729754700931
WRD25,hrnet32,jpeg_10,107,11,0.17596657574176788,0.7208971977233887,0.103136345744133,1.1194595358866988
WRD25,hrnet32,jpeg_10,108,11,0.1730145514011383,0.36548468470573425,0.4615008533000946,1.4834803505374432
WRD25,hrnet32,jpeg_10,109,11,0.22179660201072693,0.44699227809906006,0.331211119890213,1.5291657670683307
WRD25,hrnet32,jpeg_10,110,11,0.6195170879364014,0.09448833763599396,0.28599458932876587,1.2660534806537624
WRD25,hrnet32,jpeg_10,111,11,0.1385328769683838,0.6848618984222412,0.17660515010356903,1.210827740493692
WRD25,hrnet32,jpeg_10,112,11,0.21367958188056946,0.6384609341621399,0.1478593647480011,1.2967999834306616
WRD25,hrnet32,jpeg_10,113,11,0.2942512035369873,0.2841036915779114,0.4216451048851013,1.5604384069272308
WRD25,hrnet32,jpeg_10,114,12,0.22378161549568176,0.6428568959236145,0.13336147367954254,1.2807349037121312
WRD25,hrnet32,jpeg_10,115,13,0.4608289301395416,0.5083969831466675,0.0307740680873394,1.1658002659148323
WRD25,hrnet32,jpeg_10,116,13,0.5101975202560425,0.4505971670150757,0.03920523449778557,1.1967624106823869
WRD25,hrnet32,jpeg_10,117,13,0.02982066571712494,0.5183303952217102,0.45184895396232605,1.160382267143309
WRD25,hrnet32,jpeg_10,118,13,0.03766452893614769,0.46946510672569275,0.4928702712059021,1.1934045330929723
WRD25,hrnet32,jpeg_10,119,13,0.23288820683956146,0.016834141686558723,0.7502776980400085,0.8997859721005468
WRD25,hrnet32,jpeg_10,120,13,0.37570714950561523,0.3716537058353424,0.25263914465904236,1.562779333022227
WRD25,hrnet32,jpeg_10,121,14,0.1541290581226349,0.6799706220626831,0.16590026021003723,1.2241303075779058
WRD25,hrnet32,jpeg_10,122,14,0.336241751909256,0.6415746212005615,0.022183585911989212,1.0614083263445007
WRD25,hrnet32,jpeg_10,123,14,0.3742423951625824,0.6019688844680786,0.023788807913661003,1.0997508193441488
WRD25,hrnet32,jpeg_10,124,14,0.3027757704257965,0.663337230682373,0.03388694301247597,1.0801810037037094
WRD25,hrnet32,jpeg_10,125,14,0.5363749265670776,0.13797682523727417,0.3256484270095825,1.403400598788676
WRD25,hrnet32,jpeg_10,126,15,0.42841070890426636,0.3461930453777313,0.22539621591567993,1.5381960598171003
WRD25,hrnet32,jpeg_10,127,15,0.43615177273750305,0.3510599732398987,0.21278823912143707,1.527342636668186
WRD25,hrnet32,jpeg_10,128,15,0.3425798714160919,0.32634690403938293,0.33107316493988037,1.5846617129482898
WRD25,hrnet32,jpeg_10,129,15,0.23421455919742584,0.5768056511878967,0.18897974491119385,1.4026110412924526
WRD25,hrnet32,jpeg_10,130,15,0.3550443649291992,0.5036614537239075,0.14129428565502167,1.427676353055662
WRD25,hrnet32,jpeg_10,131,15,0.3530333340167999,0.4441220760345459,0.20284460484981537,1.5172118039812572
WRD25,hrnet32,jpeg_10,132,15,0.49778711795806885,0.3687683343887329,0.13344454765319824,1.4194570395273396
WRD25,hrnet32,jpeg_10,133,15,0.45425108075141907,0.21195060014724731,0.3337983191013336,1.5199111197846746
WRD25,hrnet32,jpeg_10,134,15,0.5359187722206116,0.27475082874298096,0.18933044373989105,1.4489489345550206
WRD25,hrnet32,jpeg_10,135,15,0.05388876050710678,0.529260516166687,0.4168508052825928,1.2391462638220458
WRD25,hrnet32,jpeg_10,136,15,0.03922586515545845,0.5774139761924744,0.38336023688316345,1.1710374756852242
WRD25,hrnet32,jpeg_10,137,15,0.07593522220849991,0.5630121827125549,0.36105260252952576,1.2796586621363752
WRD25,hrnet32,jpeg_10,138,15,0.11297741532325745,0.5134631991386414,0.3735594153404236,1.379870573347342
WRD25,hrnet32,jpeg_10,139,15,0.12597353756427765,0.5124019384384155,0.361624538898468,1.401460969603459
WRD25,hrnet32,jpeg_10,140,15,0.22201457619667053,0.43094366788864136,0.34704166650772095,1.5352747016935382
WRD25,hrnet32,jpeg_10,141,16,0.023282844573259354,0.5913503766059875,0.3853667080402374,1.1046406008877134
WRD25,hrnet32,jpeg_10,142,16,0.35693785548210144,0.04652181267738342,0.5965404510498047,1.1810103772706715
WRD25,hrnet32,jpeg_10,143,16,0.11956377327442169,0.16491931676864624,0.7155168652534485,1.1407323127598126
WRD25,hrnet32,jpeg_10,144,16,0.01672680675983429,0.4593471586704254,0.5239259600639343,1.1028567173661878
WRD25,hrnet32,jpeg_10,145,16,0.00969806406646967,0.5425096750259399,0.44779226183891296,1.0625418566317113
WRD25,hrnet32,jpeg_10,146,16,0.07997927814722061,0.6741964817047119,0.24582427740097046,1.1725404584922663
WRD25,hrnet32,jpeg_10,147,16,0.4893716275691986,0.12613168358802795,0.38449668884277344,1.4115003684800311
WRD25,hrnet32,jpeg_10,148,17,0.04698004201054573,0.5391642451286316,0.41385573148727417,1.2145275156549542
WRD25,hrnet32,jpeg_10,149,17,0.14054423570632935,0.507177472114563,0.35227835178375244,1.4248695121815071
WRD25,hrnet32,jpeg_10,150,17,0.0035187317989766598,0.46508872509002686,0.5313926339149475,1.0270442655751446
WRD25,hrnet32,jpeg_10,151,17,0.34564706683158875,0.42643308639526367,0.227919802069664,1.5403388799132782
WRD25,hrnet32,jpeg_10,152,18,0.17348723113536835,0.5257118940353394,0.3008009195327759,1.447422810209455
WRD25,hrnet32,jpeg_10,153,18,0.011553428135812283,0.44819629192352295,0.5402503609657288,1.0731773928506456
WRD25,hrnet32,jpeg_10,154,18,0.7808647155761719,0.21677689254283905,0.0023583953734487295,0.777388374790885
WRD25,hrnet32,jpeg_10,155,18,0.007316999603062868,0.4428962767124176,0.5497867465019226,1.0467924957166266
WRD25,hrnet32,jpeg_10,156,18,0.17447568476200104,0.6947435140609741,0.13078093528747559,1.188351269115304
WRD25,hrnet32,jpeg_10,157,18,0.3222607970237732,0.12273179739713669,0.5550073981285095,1.369350106904529
WRD25,hrnet32,jpeg_10,158,18,0.19888487458229065,0.37587496638298035,0.4252401888370514,1.5186116799767861
WRD25,hrnet32,jpeg_10,159,18,0.26962992548942566,0.5166652202606201,0.2137049287557602,1.4778550858612587
WRD25,hrnet32,jpeg_10,160,18,0.5837761759757996,0.11004739999771118,0.30617642402648926,1.326495009414639
WRD25,hrnet32,jpeg_10,161,18,0.3768141269683838,0.3069826662540436,0.3162033259868622,1.5788482986756196
WRD25,hrnet32,jpeg_10,162,18,0.45238134264945984,0.37458673119544983,0.17303192615509033,1.4862749882270214
WRD25,hrnet32,jpeg_10,163,18,0.5649935007095337,0.19726510345935822,0.23774144053459167,1.4200629479984022
WRD25,hrnet32,jpeg_10,164,18,0.3575819432735443,0.22236144542694092,0.4200565814971924,1.5384701586632699
WRD25,hrnet32,jpeg_10,165,18,0.07788591831922531,0.5615969896316528,0.36051711440086365,1.2849145927236043
WRD25,hrnet32,jpeg_10,166,18,0.004648654256016016,0.2864806652069092,0.7088706493377686,0.9045748074389515
WRD25,hrnet32,jpeg_10,167,18,0.002180851995944977,0.40864381194114685,0.5891753435134888,0.9965511624863298
WRD25,hrnet32,jpeg_10,168,18,0.3995666205883026,0.14693628251552582,0.4534972310066223,1.452722566251453
WRD25,hrnet32,jpeg_10,169,18,0.5247607827186584,0.24764055013656616,0.22759869694709778,1.4728596199114712
WRD25,hrnet32,jpeg_10,170,19,0.02994413673877716,0.7923128604888916,0.17774298787117004,0.8606288291157527
WRD25,hrnet32,jpeg_10,171,19,0.2935308814048767,0.5488479733467102,0.1576211005449295,1.4142582796793262
WRD25,hrnet32,jpeg_10,172,19,0.34992650151252747,0.1436307430267334,0.5064427256584167,1.4292869123132625
WRD25,hrnet32,jpeg_10,173,19,0.4553702771663666,0.23257826268672943,0.3120514750480652,1.5304796120391184
WRD25,hrnet32,jpeg_10,174,20,0.09891346096992493,0.673343300819397,0.2277432531118393,1.200465045155878
WRD25,hrnet32,jpeg_10,175,20,0.08775356411933899,0.46860143542289734,0.4436449706554413,1.3406806111929894
WRD25,hrnet32,jpeg_10,176,20,0.09394379705190659,0.6627892851829529,0.24326695501804352,1.2099418218209745
WRD25,hrnet32,jpeg_10,177,20,0.27299660444259644,0.26754331588745117,0.45945999026298523,1.5357529658356617
WRD25,hrnet32,jpeg_10,178,21,0.017245151102542877,0.11185268312692642,0.8709021210670471,0.6281806121876615
WRD25,hrnet32,jpeg_10,179,21,0.00525200879201293,0.4578908085823059,0.5368571281433105,1.0375515212537834
WRD25,hrnet32,jpeg_10,180,21,0.05722365900874138,0.10477890819311142,0.8379974961280823,0.7908617967103806
WRD25,hrnet32,jpeg_10,181,21,0.07958810776472092,0.44191908836364746,0.478492796421051,1.3200894791260542
WRD25,hrnet32,jpeg_10,182,21,0.08431906253099442,0.2947959005832672,0.6208850145339966,1.2472647208595293
WRD25,hrnet32,jpeg_10,183,21,0.5783302783966064,0.1938115805387497,0.22785820066928864,1.4019077945227871
WRD25,hrnet32,jpeg_10,184,21,0.08434320986270905,0.5539734363555908,0.36168330907821655,1.303610663656399
WRD25,hrnet32,jpeg_10,185,22,0.044397544115781784,0.4540526568889618,0.5015497803688049,1.216002395721198
WRD25,hrnet32,jpeg_10,186,22,0.010957442224025726,0.7242534160614014,0.2647891342639923,0.9160691270368633
WRD25,hrnet32,jpeg_10,187,22,0.07807451486587524,0.2548697292804718,0.6670556664466858,1.179523585610635
WRD25,hrnet32,jpeg_10,188,22,0.04228914529085159,0.7563462257385254,0.2013646513223648,0.963285948793352
WRD25,hrnet32,jpeg_10,189,22,0.10280200839042664,0.4913425147533417,0.4058553874492645,1.3691287505301486
WRD25,hrnet32,jpeg_10,190,23,0.18759307265281677,0.12246967107057571,0.689937174320221,1.1933681797664688
WRD25,hrnet32,jpeg_10,191,23,0.3647252321243286,0.5710126757621765,0.0642620325088501,1.2467985087688411
WRD25,hrnet32,jpeg_10,192,23,0.3882531523704529,0.3758065402507782,0.2359403818845749,1.5521371876954686
WRD25,hrnet32,jpeg_10,193,23,0.6168246269226074,0.24276748299598694,0.14040793478488922,1.323463322518764
WRD25,hrnet32,jpeg_10,194,24,0.4367225766181946,0.14531734585762024,0.417959988117218,1.4523823592957474
WRD25,hrnet32,jpeg_10,195,24,0.18921543657779694,0.7594236135482788,0.051361002027988434,0.9759736435689657
WRD25,hrnet32,jpeg_10,196,24,0.15619637072086334,0.7527898550033569,0.0910138413310051,1.0414910791601697
WRD25,hrnet32,jpeg_10,197,24,0.17575940489768982,0.7232527732849121,0.10098776966333389,1.1129726497042995
WRD25,hrnet32,jpeg_10,198,24,0.07070604711771011,0.14050954580307007,0.788784384727478,0.938057757110727
WRD25,hrnet32,jpeg_10,199,24,0.5948625206947327,0.2600737512111664,0.14506368339061737,1.3551358180120632
WRD25,hrnet32,jpeg_50,0,0,0.44650691747665405,0.27341902256011963,0.28007403016090393,1.5451629559059672
WRD25,hrnet32,jpeg_50,1,0,0.42237433791160583,0.19973041117191315,0.377895325422287,1.5198739686526475
WRD25,hrnet32,jpeg_50,2,0,0.2901642620563507,0.3112584948539734,0.39857712388038635,1.5710012312380097
WRD25,hrnet32,jpeg_50,3,0,0.4509690999984741,0.20373176038265228,0.3452990651130676,1.5154519368713588
WRD25,hrnet32,jpeg_50,4,0,0.5097648501396179,0.004115331918001175,0.4861197769641876,1.0340176837461905
WRD25,hrnet32,jpeg_50,5,0,0.48362311720848083,0.13465330004692078,0.381723552942276,1.426734104219034
WRD25,hrnet32,jpeg_50,6,0,0.5268076658248901,0.054163794964551926,0.41902855038642883,1.2407854799233646
WRD25,hrnet32,jpeg_50,7,0,0.5122530460357666,0.4498403072357178,0.03790664300322533,1.1917811872659245
WRD25,hrnet32,jpeg_50,8,0,0.5243877172470093,0.43685635924339294,0.03875592723488808,1.1920452869587488
WRD25,hrnet32,jpeg_50,9,0,0.4903377592563629,0.15178917348384857,0.3578730821609497,1.4475267504668916
WRD25,hrnet32,jpeg_50,10,0,0.48232564330101013,0.020546656101942062,0.49712780117988586,1.1237909194674442
WRD25,hrnet32,jpeg_50,11,0,0.38099244236946106,0.18153996765613556,0.4374675154685974,1.4990811702732718
WRD25,hrnet32,jpeg_50,12,0,0.5197139382362366,0.46827268600463867,0.012013313360512257,1.0799163921076886
WRD25,hrnet32,jpeg_50,13,0,0.559784471988678,0.014454356394708157,0.4257611930370331,1.0814096680267962
WRD25,hrnet32,jpeg_50,14,0,0.4212874174118042,0.12238370627164841,0.4563288390636444,1.4127809344393754
WRD25,hrnet32,jpeg_50,15,0,0.5347331762313843,0.0,0.46526676416397095,0.9965162760508961
WRD25,hrnet32,jpeg_50,16,0,0.000583006942179054,0.4750690460205078,0.5243480205535889,1.004768326069612
WRD25,hrnet32,jpeg_50,17,0,0.5482065677642822,0.0003590697015170008,0.4514343738555908,0.9974995229496413
WRD25,hrnet32,jpeg_50,18,1,0.0,0.39528584480285645,0.6047140955924988,0.9681261250338763
WRD25,hrnet32,jpeg_50,19,1,0.439279705286026,0.5372093319892883,0.023511094972491264,1.1301170883123277
WRD25,hrnet32,jpeg_50,20,1,0.4979972839355469,0.4780814051628113,0.023921318352222443,1.1387102695766331
WRD25,hrnet32,jpeg_50,21,1,0.0289713516831398,0.6550102233886719,0.31601840257644653,1.0730436497716829
WRD25,hrnet32,jpeg_50,22,1,0.05883035063743591,0.38229256868362427,0.5588771104812622,1.2399125347715199
WRD25,hrnet32,jpeg_50,23,1,0.023665208369493484,0.580448567867279,0.3958861827850342,1.112568033846529
WRD25,hrnet32,jpeg_50,24,1,0.029499391093850136,0.545579731464386,0.42492082715034485,1.1515266439679204
WRD25,hrnet32,jpeg_50,25,2,0.3890759348869324,0.34119588136672974,0.2697281837463379,1.569080033585124
WRD25,hrnet32,jpeg_50,26,2,0.42482396960258484,0.38129696249961853,0.19387896358966827,1.5139406630850192
WRD25,hrnet32,jpeg_50,27,2,0.5007603764533997,0.24743062257766724,0.25180894136428833,1.4992102268369234
WRD25,hrnet32,jpeg_50,28,2,0.426375150680542,0.37290695309638977,0.20071782171726227,1.5200615884586446
WRD25,hrnet32,jpeg_50,29,2,0.23908329010009766,0.6636784076690674,0.09723825007677078,1.2130428249266703
WRD25,hrnet32,jpeg_50,30,2,0.1648143231868744,0.6757544279098511,0.15943123400211334,1.2331198273824517
WRD25,hrnet32,jpeg_50,31,2,0.2782800793647766,0.5180106163024902,0.20370933413505554,1.4726973933779361
WRD25,hrnet32,jpeg_50,32,2,0.29512178897857666,0.5729437470436096,0.13193447887897491,1.3655033482777008
WRD25,hrnet32,jpeg_50,33,2,0.3392794132232666,0.4462149143218994,0.2145056277513504,1.524967616316262
WRD25,hrnet32,jpeg_50,34,2,0.6282166838645935,0.33252742886543274,0.03925585374236107,1.1328902974473747
WRD25,hrnet32,jpeg_50,35,2,0.3953542113304138,0.45526206493377686,0.14938373863697052,1.4558661608021244
WRD25,hrnet32,jpeg_50,36,3,0.0162497665733099,0.4835208058357239,0.5002294182777405,1.1033769228350758
WRD25,hrnet32,jpeg_50,37,3,0.4971497654914856,0.2184813767671585,0.2843688130378723,1.4965813662930099
WRD25,hrnet32,jpeg_50,38,3,0.015368619002401829,0.3471789062023163,0.6374524831771851,1.036555626853952
WRD25,hrnet32,jpeg_50,39,3,0.5567751526832581,0.3780299723148346,0.0651947408914566,1.2577284366493267
WRD25,hrnet32,jpeg_50,40,3,0.3853592276573181,0.29698312282562256,0.31765758991241455,1.575878328416115
WRD25,hrnet32,jpeg_50,41,4,0.743399441242218,0.24625852704048157,0.010342077352106571,0.884102916556705
WRD25,hrnet32,jpeg_50,42,4,0.9678134918212891,0.031086120754480362,0.00110042083542794,0.21216096053012898
WRD25,hrnet32,jpeg_50,43,4,0.015102800913155079,0.7483230233192444,0.23657411336898804,0.896344202592453
WRD25,hrnet32,jpeg_50,44,4,0.007826410233974457,0.7782986760139465,0.2138749659061432,0.8121070019870723
WRD25,hrnet32,jpeg_50,45,4,0.6163520216941833,0.0572880394756794,0.3263598382472992,1.1938922052912095
WRD25,hrnet32,jpeg_50,46,5,0.54118412733078,0.435720831155777,0.02309499867260456,1.1271581807479945
WRD25,hrnet32,jpeg_50,47,5,0.04641781374812126,0.5315095782279968,0.4220726191997528,1.2154831229774934
WRD25,hrnet32,jpeg_50,48,5,0.015860477462410927,0.638114333152771,0.34602513909339905,1.0381730871269688
WRD25,hrnet32,jpeg_50,49,5,0.00828514713793993,0.6335064172744751,0.3582085072994232,1.005054379549054
WRD25,hrnet32,jpeg_50,50,6,0.5660532712936401,0.26698893308639526,0.16695784032344818,1.4045370135430826
WRD25,hrnet32,jpeg_50,51,6,0.4233168065547943,0.519914448261261,0.0567687526345253,1.2505648737440178
WRD25,hrnet32,jpeg_50,52,6,0.03386111184954643,0.44328948855400085,0.5228493213653564,1.1748075867481473
WRD25,hrnet32,jpeg_50,53,7,0.3756473958492279,0.4251835346221924,0.1991690844297409,1.5188823651376804
WRD25,hrnet32,jpeg_50,54,7,0.005135956220328808,0.5312755703926086,0.46358850598335266,1.0379898150578264
WRD25,hrnet32,jpeg_50,55,7,0.005543855484575033,0.47069650888442993,0.5237596035003662,1.0419392542651202
WRD25,hrnet32,jpeg_50,56,7,0.007318578660488129,0.43403202295303345,0.5586494207382202,1.0438061996900205
WRD25,hrnet32,jpeg_50,57,7,0.4657253623008728,0.2786158323287964,0.2556587755680084,1.5301705720405137
WRD25,hrnet32,jpeg_50,58,7,0.5611478090286255,0.41087377071380615,0.027978384867310524,1.1393456264981456
WRD25,hrnet32,jpeg_50,59,7,0.178426593542099,0.5267065763473511,0.29486677050590515,1.4503564956609991
WRD25,hrnet32,jpeg_50,60,7,0.25010406970977783,0.39111995697021484,0.3587760627269745,1.5603323329853982
WRD25,hrnet32,jpeg_50,61,7,0.45215100049972534,0.37548696994781494,0.17236194014549255,1.4855876452370922
WRD25,hrnet32,jpeg_50,62,7,0.30270087718963623,0.4369300603866577,0.26036909222602844,1.5492638923660433
WRD25,hrnet32,jpeg_50,63,7,0.4284796714782715,0.407240092754364,0.16428013145923615,1.4797818315333189
WRD25,hrnet32,jpeg_50,64,7,0.434971421957016,0.044218163937330246,0.5208104848861694,1.2115220611926503
WRD25,hrnet32,jpeg_50,65,7,0.24898603558540344,0.5931764841079712,0.15783752501010895,1.3667689986764786
WRD25,hrnet32,jpeg_50,66,7,0.5466586947441101,0.06861952692270279,0.3847218453884125,1.2717176806897776
WRD25,hrnet32,jpeg_50,67,7,0.038010094314813614,0.4754258394241333,0.48656409978866577,1.1949898219036246
WRD25,hrnet32,jpeg_50,68,7,0.6001541018486023,0.09097728878259659,0.3088685870170593,1.2802140149373382
WRD25,hrnet32,jpeg_50,69,8,0.17918632924556732,0.5603337287902832,0.2604799270629883,1.4182320855613573
WRD25,hrnet32,jpeg_50,70,8,0.20925991237163544,0.5412887334823608,0.24945123493671417,1.451243212942709
WRD25,hrnet32,jpeg_50,71,8,0.2226511687040329,0.4473859965801239,0.32996290922164917,1.529483848126667
WRD25,hrnet32,jpeg_50,72,8,0.4964730739593506,0.24471303820610046,0.2588137984275818,1.503206109090847
WRD25,hrnet32,jpeg_50,73,8,0.5470135807991028,0.23024901747703552,0.2227374166250229,1.4465096326905957
WRD25,hrnet32,jpeg_50,74,8,0.4448467493057251,0.37467440962791443,0.18047890067100525,1.4963050833701035
WRD25,hrnet32,jpeg_50,75,8,0.6530576944351196,0.20939892530441284,0.13754335045814514,1.267436609126515
WRD25,hrnet32,jpeg_50,76,8,0.6141795516014099,0.15038393437862396,0.2354366034269333,1.3342331790977071
WRD25,hrnet32,jpeg_50,77,8,0.6251757144927979,0.17161676287651062,0.20320764183998108,1.3272059332613004
WRD25,hrnet32,jpeg_50,78,8,0.686161994934082,0.13859324157238007,0.17524473369121552,1.208297506687368
WRD25,hrnet32,jpeg_50,79,8,0.33106204867362976,0.47633546590805054,0.1926025003194809,1.4953233469246212
WRD25,hrnet32,jpeg_50,80,8,0.2081775963306427,0.5212057828903198,0.27061671018600464,1.4716059376262756
WRD25,hrnet32,jpeg_50,81,8,0.20130357146263123,0.2645070552825928,0.5341894030570984,1.456229980198617
WRD25,hrnet32,jpeg_50,82,8,0.41610997915267944,0.37664222717285156,0.20724783837795258,1.5275232121601128
WRD25,hrnet32,jpeg_50,83,8,0.3865211308002472,0.26694968342781067,0.3465292155742645,1.5685292012007546
WRD25,hrnet32,jpeg_50,84,8,0.29387009143829346,0.4519577920436859,0.2541721761226654,1.5392962162743271
WRD25,hrnet32,jpeg_50,85,8,0.6056961417198181,0.22217069566249847,0.17213313281536102,1.3572319175315197
WRD25,hrnet32,jpeg_50,86,9,0.030874399468302727,0.2664038836956024,0.7027217149734497,1.020960107297075
WRD25,hrnet32,jpeg_50,87,9,0.030808476731181145,0.3195490539073944,0.6496425271034241,1.0848785379653552
WRD25,hrnet32,jpeg_50,88,9,0.3171965181827545,0.022958241403102875,0.6598453521728516,1.0462316931190025
WRD25,hrnet32,jpeg_50,89,9,0.4219706058502197,0.09702114760875702,0.4810082018375397,1.359673617841224
WRD25,hrnet32,jpeg_50,90,9,0.023536797612905502,0.33853214979171753,0.637931227684021,1.0700271644996757
WRD25,hrnet32,jpeg_50,91,9,0.04262461140751839,0.35912615060806274,0.5982492566108704,1.168032081314074
WRD25,hrnet32,jpeg_50,92,9,0.4582534432411194,0.01054833922535181,0.531198263168335,1.0699757161340746
WRD25,hrnet32,jpeg_50,93,9,0.21813437342643738,0.6950341463088989,0.0868314653635025,1.1500991690248141
WRD25,hrnet32,jpeg_50,94,9,0.02295825071632862,0.4454641342163086,0.5315777063369751,1.1293024339639546
WRD25,hrnet32,jpeg_50,95,9,0.2467980831861496,0.413645476102829,0.33955636620521545,1.5541000200707313
WRD25,hrnet32,jpeg_50,96,9,0.05047234147787094,0.2533089518547058,0.696218729019165,1.082961767082078
WRD25,hrnet32,jpeg_50,97,10,0.5369861721992493,0.3395499289035797,0.12346396595239639,1.383416166069695
WRD25,hrnet32,jpeg_50,98,10,0.15356679260730743,0.659096896648407,0.18733640015125275,1.2641665032546625
WRD25,hrnet32,jpeg_50,99,10,0.6988921165466309,0.24002398550510406,0.0610838308930397,1.1017325468346373
WRD25,hrnet32,jpeg_50,100,10,0.46801242232322693,0.41372212767601013,0.11826543509960175,1.40367601674117
WRD25,hrnet32,jpeg_50,101,10,0.7428785562515259,0.12496784329414368,0.13215358555316925,1.0793479872240548
WRD25,hrnet32,jpeg_50,102,10,0.3220074474811554,0.5057576298713684,0.17223477363586426,1.4608868548236926
WRD25,hrnet32,jpeg_50,103,10,0.24839343130588531,0.5216419696807861,0.22996456921100616,1.4764938797807123
WRD25,hrnet32,jpeg_50,104,10,0.2140018343925476,0.5099660158157349,0.276032030582428,1.4840680753920803
WRD25,hrnet32,jpeg_50,105,10,0.7385043501853943,0.20710597932338715,0.054389722645282745,1.0218826432240087
WRD25,hrnet32,jpeg_50,106,10,0.5390211343765259,0.3751024007797241,0.0858764573931694,1.315359547555866
WRD25,hrnet32,jpeg_50,107,11,0.11031407117843628,0.4839286506175995,0.4057573676109314,1.3855875525419172
WRD25,hrnet32,jpeg_50,108,11,0.38278359174728394,0.3700510263442993,0.24716542661190033,1.5594336637404278
WRD25,hrnet32,jpeg_50,109,11,0.3433080315589905,0.37449461221694946,0.28219738602638245,1.5752525508877389
WRD25,hrnet32,jpeg_50,110,11,0.36975690722465515,0.309908002614975,0.3203350901603699,1.5806039030953347
WRD25,hrnet32,jpeg_50,111,11,0.4478665888309479,0.2713445723056793,0.2807888388633728,1.5441604238304016
WRD25,hrnet32,jpeg_50,112,11,0.3292899429798126,0.3805466890335083,0.2901633679866791,1.5760966348318837
WRD25,hrnet32,jpeg_50,113,11,0.31072238087654114,0.46982714533805847,0.2194504290819168,1.516153231451069
WRD25,hrnet32,jpeg_50,114,12,0.5888388156890869,0.37829986214637756,0.03286140784621239,1.1423557013600372
WRD25,hrnet32,jpeg_50,115,13,0.663478434085846,0.32129329442977905,0.015228237956762314,1.0109235012445645
WRD25,hrnet32,jpeg_50,116,13,0.7218834757804871,0.01804615929722786,0.26007047295570374,0.9492521915816138
WRD25,hrnet32,jpeg_50,117,13,0.028529558330774307,0.4713221490383148,0.5001482367515564,1.157816553842005
WRD25,hrnet32,jpeg_50,118,13,0.016875332221388817,0.487331748008728,0.49579301476478577,1.1065893228361383
WRD25,hrnet32,jpeg_50,119,13,0.012991623021662235,0.5144203305244446,0.47258803248405457,1.0857588085958958
WRD25,hrnet32,jpeg_50,120,13,0.35615235567092896,0.3884419798851013,0.2554056644439697,1.5633179642050545
WRD25,hrnet32,jpeg_50,121,14,0.30560553073883057,0.6780027151107788,0.016391780227422714,0.9999953241260465
WRD25,hrnet32,jpeg_50,122,14,0.4775373935699463,0.49776342511177063,0.02469916269183159,1.1420664430447474
WRD25,hrnet32,jpeg_50,123,14,0.44320106506347656,0.5341711044311523,0.02262786775827408,1.1272068718957633
WRD25,hrnet32,jpeg_50,124,14,0.38700976967811584,0.582682728767395,0.030307527631521225,1.1369456077627766
WRD25,hrnet32,jpeg_50,125,14,0.7324524521827698,0.014894800260663033,0.25265276432037354,0.9208679271613216
WRD25,hrnet32,jpeg_50,126,15,0.22787362337112427,0.3884592652320862,0.3836671710014343,1.5463910072855436
WRD25,hrnet32,jpeg_50,127,15,0.4257122576236725,0.16134385764598846,0.41294386982917786,1.4760307306062312
WRD25,hrnet32,jpeg_50,128,15,0.3113812804222107,0.22344529628753662,0.4651733934879303,1.5208470524841644
WRD25,hrnet32,jpeg_50,129,15,0.3960514962673187,0.0869770422577858,0.5169714689254761,1.327735165311178
WRD25,hrnet32,jpeg_50,130,15,0.3771548569202423,0.16000600159168243,0.46283912658691406,1.4680021451380196
WRD25,hrnet32,jpeg_50,131,15,0.34029480814933777,0.25096943974494934,0.4087357521057129,1.5573242564592888
WRD25,hrnet32,jpeg_50,132,15,0.36351892352104187,0.2676898241043091,0.36879122257232666,1.570412910110019
WRD25,hrnet32,jpeg_50,133,15,0.3917030990123749,0.16679219901561737,0.44150468707084656,1.4813731155398915
WRD25,hrnet32,jpeg_50,134,15,0.30811455845832825,0.2315407395362854,0.46034470200538635,1.5272489140889203
WRD25,hrnet32,jpeg_50,135,15,0.008847695775330067,0.4249635636806488,0.5661888122558594,1.0496408345003627
WRD25,hrnet32,jpeg_50,136,15,0.039657074958086014,0.400178462266922,0.5601645708084106,1.1817449320807754
WRD25,hrnet32,jpeg_50,137,15,0.4498472511768341,0.06771604716777802,0.48243677616119385,1.2888039919245853
WRD25,hrnet32,jpeg_50,138,15,0.5448147654533386,0.00893275998532772,0.44625261425971985,1.0576167839768276
WRD25,hrnet32,jpeg_50,139,15,0.001694876467809081,0.48208045959472656,0.5162246227264404,1.0155063513508733
WRD25,hrnet32,jpeg_50,140,15,0.5225065350532532,0.006358157377690077,0.4711352586746216,1.04726541641663
WRD25,hrnet32,jpeg_50,141,16,0.01616118662059307,0.4453127682209015,0.5385260581970215,1.0967653857508801
WRD25,hrnet32,jpeg_50,142,16,0.01648254692554474,0.38226544857025146,0.6012520790100098,1.0692558562879597
WRD25,hrnet32,jpeg_50,143,16,0.008232209831476212,0.6579983830451965,0.3337693214416504,0.9827147967468663
WRD25,hrnet32,jpeg_50,144,16,0.05971348285675049,0.5031508803367615,0.43713560700416565,1.2632469885215816
WRD25,hrnet32,jpeg_50,145,16,0.010449584573507309,0.5816511511802673,0.40789926052093506,1.0511877468980835
WRD25,hrnet32,jpeg_50,146,16,0.012728490866720676,0.5024610757827759,0.484810471534729,1.0854257953458395
WRD25,hrnet32,jpeg_50,147,16,0.03299511596560478,0.44425565004348755,0.5227491855621338,1.1716004683489545
WRD25,hrnet32,jpeg_50,148,17,0.017872126772999763,0.5253644585609436,0.45676329731941223,1.1079889363294053
WRD25,hrnet32,jpeg_50,149,17,0.0010030014673247933,0.5920588970184326,0.4069380760192871,0.9855458596693485
WRD25,hrnet32,jpeg_50,150,17,0.05496679246425629,0.5942196846008301,0.3508135974407196,1.2064284317969802
WRD25,hrnet32,jpeg_50,151,17,0.31027108430862427,0.4637645483016968,0.22596433758735657,1.5228425646109598
WRD25,hrnet32,jpeg_50,152,18,0.009588124230504036,0.5170831680297852,0.4733286201953888,1.067067198112636
WRD25,hrnet32,jpeg_50,153,18,0.5045198202133179,0.015372185036540031,0.4801080524921417,1.0987920946226142
WRD25,hrnet32,jpeg_50,154,18,0.6321622133255005,0.36306032538414,0.004777297843247652,0.9857826041657355
WRD25,hrnet32,jpeg_50,155,18,0.005349386017769575,0.4673173725605011,0.5273331999778748,1.0401023519771244
WRD25,hrnet32,jpeg_50,156,18,0.718077540397644,0.00039661070331931114,0.2815259099006653,0.8623861709203884
WRD25,hrnet32,jpeg_50,157,18,0.371195912361145,0.2848880887031555,0.3439159691333771,1.5763870287376984
WRD25,hrnet32,jpeg_50,158,18,0.04315933957695961,0.5665426850318909,0.39029785990715027,1.1898837727329825
WRD25,hrnet32,jpeg_50,159,18,0.7132819890975952,0.05098634585738182,0.23573164641857147,1.0580648825029877
WRD25,hrnet32,jpeg_50,160,18,0.10635220259428024,0.46912214159965515,0.4245256781578064,1.3808558308737795
WRD25,hrnet32,jpeg_50,161,18,0.3791074752807617,0.28918731212615967,0.3317053020000458,1.5761998481395487
WRD25,hrnet32,jpeg_50,162,18,0.02591063268482685,0.6012176275253296,0.3728718161582947,1.1085645958828576
WRD25,hrnet32,jpeg_50,163,18,0.049050744622945786,0.6468324065208435,0.30411678552627563,1.1421682769062418
WRD25,hrnet32,jpeg_50,164,18,0.4063490927219391,0.2694045305252075,0.324246346950531,1.5645347350327592
WRD25,hrnet32,jpeg_50,165,18,0.08491670340299606,0.5899832844734192,0.32509997487068176,1.2782460246534328
WRD25,hrnet32,jpeg_50,166,18,0.0003807816538028419,0.35067155957221985,0.6489476561546326,0.9393035607409621
WRD25,hrnet32,jpeg_50,167,18,0.002899566665291786,0.3666034936904907,0.6304969787597656,0.9747349114476547
WRD25,hrnet32,jpeg_50,168,18,0.43087393045425415,0.2876414656639099,0.28148460388183594,1.5552461748335076
WRD25,hrnet32,jpeg_50,169,18,0.6095930337905884,0.35565614700317383,0.03475083410739899,1.1341714432571366
WRD25,hrnet32,jpeg_50,170,19,0.06024118512868881,0.49317601323127747,0.44658276438713074,1.2664933486497696
WRD25,hrnet32,jpeg_50,171,19,0.022216135635972023,0.2658579349517822,0.7119259834289551,0.9791302500819717
WRD25,hrnet32,jpeg_50,172,19,0.4535536766052246,0.1500672996044159,0.3963789641857147,1.4571649205815076
WRD25,hrnet32,jpeg_50,173,19,0.6085569858551025,0.2699192464351654,0.12152378261089325,1.315554395452756
WRD25,hrnet32,jpeg_50,174,20,0.09294047206640244,0.16028594970703125,0.7467736601829529,1.0565018384588232
WRD25,hrnet32,jpeg_50,175,20,0.055564023554325104,0.23464258015155792,0.7097933888435364,1.073445309887251
WRD25,hrnet32,jpeg_50,176,20,0.0507240816950798,0.16116224229335785,0.7881136536598206,0.9133168901206706
WRD25,hrnet32,jpeg_50,177,20,0.06959240138530731,0.25621628761291504,0.6741913557052612,1.154391250958645
WRD25,hrnet32,jpeg_50,178,21,0.007551304996013641,0.5292139649391174,0.4632348120212555,1.053364841380421
WRD25,hrnet32,jpeg_50,179,21,0.0030008386820554733,0.7401064038276672,0.2568926513195038,0.8502044843545027
WRD25,hrnet32,jpeg_50,180,21,0.005872627720236778,0.6819902062416077,0.3121371865272522,0.9444177483796514
WRD25,hrnet32,jpeg_50,181,21,0.018705252557992935,0.551065981388092,0.4302287697792053,1.1046416955341591
WRD25,hrnet32,jpeg_50,182,21,0.08299561589956284,0.3519389033317566,0.5650654435157776,1.2935917586476657
WRD25,hrnet32,jpeg_50,183,21,0.42615029215812683,0.1475798636674881,0.42626985907554626,1.4561707485212785
WRD25,hrnet32,jpeg_50,184,21,0.05662308633327484,0.5078809857368469,0.43549591302871704,1.2532578952044993
WRD25,hrnet32,jpeg_50,185,22,0.029451802372932434,0.4865976870059967,0.4839504659175873,1.1621781745975501
WRD25,hrnet32,jpeg_50,186,22,0.2067883163690567,0.6750869154930115,0.11812476813793182,1.2168813074233202
WRD25,hrnet32,jpeg_50,187,22,0.48683619499206543,0.145298033952713,0.36786574125289917,1.440664949314219
WRD25,hrnet32,jpeg_50,188,22,0.04797687381505966,0.727155864238739,0.2248673141002655,1.0285650158023594
WRD25,hrnet32,jpeg_50,189,22,0.09371472150087357,0.599981427192688,0.30630385875701904,1.2851324686923926
WRD25,hrnet32,jpeg_50,190,23,0.02114388532936573,0.5018579959869385,0.47699806094169617,1.1262164818503624
WRD25,hrnet32,jpeg_50,191,23,0.049143265932798386,0.3808695077896118,0.5699872970581055,1.2062885780477497
WRD25,hrnet32,jpeg_50,192,23,0.050533391535282135,0.5455335974693298,0.40393295884132385,1.2228347520301726
WRD25,hrnet32,jpeg_50,193,23,0.42600196599960327,0.3720986843109131,0.20189936459064484,1.5211830937804118
WRD25,hrnet32,jpeg_50,194,24,0.3469108045101166,0.4615945518016815,0.19149461388587952,1.501318826196496
WRD25,hrnet32,jpeg_50,195,24,0.4571473002433777,0.5142527222633362,0.028599999845027924,1.1562985989881858
WRD25,hrnet32,jpeg_50,196,24,0.390117347240448,0.003815073287114501,0.6060675978660583,0.998290886042943
WRD25,hrnet32,jpeg_50,197,24,0.13293002545833588,0.5660073757171631,0.30106258392333984,1.3731464180554815
WRD25,hrnet32,jpeg_50,198,24,0.053630951792001724,0.44276365637779236,0.5036054253578186,1.2451707417366484
WRD25,hrnet32,jpeg_50,199,24,0.6189606785774231,0.023219095543026924,0.35782018303871155,1.0849539878652519
WRD25,hrnet32,rotation_45,0,0,0.7751862406730652,0.16907545924186707,0.05573838949203491,0.9505062157116319
WRD25,hrnet32,rotation_45,1,0,0.38954320549964905,0.14489085972309113,0.46556589007377625,1.4471329075053392
WRD25,hrnet32,rotation_45,2,0,0.8035112023353577,0.13353779911994934,0.06295106559991837,0.892631907309625
WRD25,hrnet32,rotation_45,3,0,0.6996528506278992,0.1217416450381279,0.17860546708106995,1.1742489317847924
WRD25,hrnet32,rotation_45,4,0,0.274228036403656,0.592829167842865,0.1329428255558014,1.3460516606219695
WRD25,hrnet32,rotation_45,5,0,0.8002755045890808,0.1168665662407875,0.0828578919172287,0.9169034534813296
WRD25,hrnet32,rotation_45,6,0,0.7623618841171265,0.11379191279411316,0.12384609878063202,1.028421400921166
WRD25,hrnet32,rotation_45,7,0,0.6513405442237854,0.1282447725534439,0.22041480243206024,1.2637379839292229
WRD25,hrnet32,rotation_45,8,0,0.42221441864967346,0.12542033195495605,0.45236536860466003,1.4185729897854957
WRD25,hrnet32,rotation_45,9,0,0.8147678375244141,0.11647261679172516,0.0687595084309578,0.8676560947198542
WRD25,hrnet32,rotation_45,10,0,0.3385201096534729,0.5535365343093872,0.10794338583946228,1.3479823542038187
WRD25,hrnet32,rotation_45,11,0,0.11969143897294998,0.7532756924629211,0.12703292071819305,1.0526116799273941
WRD25,hrnet32,rotation_45,12,0,0.68022620677948,0.11432502418756485,0.20544886589050293,1.2049159098304203
WRD25,hrnet32,rotation_45,13,0,0.2568511366844177,0.6122620105743408,0.13088688254356384,1.3210008598587681
WRD25,hrnet32,rotation_45,14,0,0.15763044357299805,0.1216619536280632,0.7207075953483582,1.1304265529442683
WRD25,hrnet32,rotation_45,15,0,0.15121397376060486,0.12324348837137222,0.7255426049232483,1.120185971102027
WRD25,hrnet32,rotation_45,16,0,0.20215590298175812,0.11705861240625381,0.6807854771614075,1.2061760455911013
WRD25,hrnet32,rotation_45,17,0,0.30507513880729675,0.1439930647611618,0.5509318113327026,1.3989471967805132
WRD25,hrnet32,rotation_45,18,1,0.1097627505660057,0.8262626528739929,0.0639745220541954,0.8311119098700716
WRD25,hrnet32,rotation_45,19,1,0.34713536500930786,0.5342695713043213,0.11859511584043503,1.3778346690251198
WRD25,hrnet32,rotation_45,20,1,0.15330000221729279,0.7343538999557495,0.11234613507986069,1.0962210056466466
WRD25,hrnet32,rotation_45,21,1,0.2672384977340698,0.1475582867860794,0.585203230381012,1.3684809479013655
WRD25,hrnet32,rotation_45,22,1,0.4747074544429779,0.3774447441101074,0.14784781634807587,1.4485549298597689
WRD25,hrnet32,rotation_45,23,1,0.13543444871902466,0.556655764579773,0.30790969729423523,1.3843597627325885
WRD25,hrnet32,rotation_45,24,1,0.533884584903717,0.32776743173599243,0.13834801316261292,1.4056342925585703
WRD25,hrnet32,rotation_45,25,2,0.12149310857057571,0.3162168264389038,0.5622900128364563,1.3617533870771357
WRD25,hrnet32,rotation_45,26,2,0.11243561655282974,0.12660567462444305,0.7609587907791138,1.031877306047609
WRD25,hrnet32,rotation_45,27,2,0.08861719816923141,0.507868230342865,0.4035145938396454,1.3345821101387103
WRD25,hrnet32,rotation_45,28,2,0.18844281136989594,0.6581931710243225,0.15336403250694275,1.2657426159346172
WRD25,hrnet32,rotation_45,29,2,0.10291935503482819,0.6382015943527222,0.25887903571128845,1.25584251656759
WRD25,hrnet32,rotation_45,30,2,0.11394299566745758,0.6422321796417236,0.24382489919662476,1.2637804342644423
WRD25,hrnet32,rotation_45,31,2,0.11621437966823578,0.7637410163879395,0.12004463374614716,1.0249778036842863
WRD25,hrnet32,rotation_45,32,2,0.13006453216075897,0.13838043808937073,0.731555163860321,1.1074834314598176
WRD25,hrnet32,rotation_45,33,2,0.7747808694839478,0.09996532648801804,0.125253826379776,0.9927502103379273
WRD25,hrnet32,rotation_45,34,2,0.14358411729335785,0.0697517842054367,0.7866640686988831,0.9423280559997862
WRD25,hrnet32,rotation_45,35,2,0.12731292843818665,0.11937599629163742,0.753311038017273,1.052492604087828
WRD25,hrnet32,rotation_45,36,3,0.11087682098150253,0.034223929047584534,0.8548991680145264,0.7117958185453741
WRD25,hrnet32,rotation_45,37,3,0.09216158092021942,0.2479366958141327,0.6599016785621643,1.2115729812153098
WRD25,hrnet32,rotation_45,38,3,0.08791115134954453,0.24217535555362701,0.6699134111404419,1.1910151268785347
WRD25,hrnet32,rotation_45,39,3,0.1274329125881195,0.7694385647773743,0.10312850773334503,1.007698583538192
WRD25,hrnet32,rotation_45,40,3,0.5525773763656616,0.11846574395895004,0.32895687222480774,1.3650989160157825
WRD25,hrnet32,rotation_45,41,4,0.815900981426239,0.10384560376405716,0.08025336265563965,0.8708745326450515
WRD25,hrnet32,rotation_45,42,4,0.12855376303195953,0.6112967729568481,0.26014941930770874,1.3198795439484226
WRD25,hrnet32,rotation_45,43,4,0.16421517729759216,0.7338775396347046,0.1019071638584137,1.0913460664474464
WRD25,hrnet32,rotation_45,44,4,0.8072735071182251,0.11920290440320969,0.07352356612682343,0.8919821246668657
WRD25,hrnet32,rotation_45,45,4,0.44884440302848816,0.4117817282676697,0.13937383890151978,1.4420710720513088
WRD25,hrnet32,rotation_45,46,5,0.07474599033594131,0.8392830491065979,0.08597112447023392,0.7961733863393362
WRD25,hrnet32,rotation_45,47,5,0.0757339745759964,0.8817753791809082,0.042490534484386444,0.6356254775237493
WRD25,hrnet32,rotation_45,48,5,0.07843427360057831,0.8660780191421509,0.05548758804798126,0.6991683344564024
WRD25,hrnet32,rotation_45,49,5,0.11884939670562744,0.08261453360319138,0.7985361218452454,0.9215834198110804
WRD25,hrnet32,rotation_45,50,6,0.10190538316965103,0.330863356590271,0.567231297492981,1.327693722838637
WRD25,hrnet32,rotation_45,51,6,0.08336737006902695,0.5664193630218506,0.3502131998538971,1.2934320645948394
WRD25,hrnet32,rotation_45,52,6,0.08496326208114624,0.7891716957092285,0.1258651614189148,0.9481311166167858
WRD25,hrnet32,rotation_45,53,7,0.47715499997138977,0.3992941975593567,0.12355092167854309,1.4109354565951306
WRD25,hrnet32,rotation_45,54,7,0.13904660940170288,0.09627043455839157,0.7646830081939697,1.0168421485503631
WRD25,hrnet32,rotation_45,55,7,0.12181595712900162,0.1185021698474884,0.759681761264801,1.035854149155622
WRD25,hrnet32,rotation_45,56,7,0.13595952093601227,0.2815273702144623,0.582513153553009,1.360358522164766
WRD25,hrnet32,rotation_45,57,7,0.558805525302887,0.1039862111210823,0.3372083604335785,1.337573419494877
WRD25,hrnet32,rotation_45,58,7,0.08414697647094727,0.1289421170949936,0.7869107723236084,0.9535915822673844
WRD25,hrnet32,rotation_45,59,7,0.25743567943573,0.11266085505485535,0.6299033761024475,1.2788791153289634
WRD25,hrnet32,rotation_45,60,7,0.32874050736427307,0.12455391883850098,0.5467056035995483,1.3781959354641966
WRD25,hrnet32,rotation_45,61,7,0.6296131610870361,0.13168573379516602,0.23870107531547546,1.2987303722737122
WRD25,hrnet32,rotation_45,62,7,0.39729171991348267,0.10095793008804321,0.5017504096031189,1.3622921284765819
WRD25,hrnet32,rotation_45,63,7,0.4555826485157013,0.40891432762145996,0.13550305366516113,1.4350182128857965
WRD25,hrnet32,rotation_45,64,7,0.40475741028785706,0.10494938492774963,0.4902932047843933,1.3736363719009734
WRD25,hrnet32,rotation_45,65,7,0.7355983853340149,0.13164108991622925,0.13276055455207825,1.097714344308589
WRD25,hrnet32,rotation_45,66,7,0.3579089939594269,0.4926155209541321,0.14947551488876343,1.4435958350227773
WRD25,hrnet32,rotation_45,67,7,0.42264145612716675,0.10545973479747772,0.47189879417419434,1.3786501372499322
WRD25,hrnet32,rotation_45,68,7,0.6519378423690796,0.12018649280071259,0.2278757095336914,1.255954423617697
WRD25,hrnet32,rotation_45,69,8,0.5998948812484741,0.26352953910827637,0.1365755796432495,1.3415509987209564
WRD25,hrnet32,rotation_45,70,8,0.7175083756446838,0.10322708636522293,0.17926456034183502,1.126367993118241
WRD25,hrnet32,rotation_45,71,8,0.5703920722007751,0.3025793731212616,0.12702856957912445,1.3619710850462083
WRD25,hrnet32,rotation_45,72,8,0.6105356812477112,0.27004867792129517,0.11941564828157425,1.3107753625654865
WRD25,hrnet32,rotation_45,73,8,0.12038667500019073,0.5794587731361389,0.30015456676483154,1.3449891322101548
WRD25,hrnet32,rotation_45,74,8,0.6060550212860107,0.1381710171699524,0.2557738721370697,1.335528175342233
WRD25,hrnet32,rotation_45,75,8,0.24319450557231903,0.6222123503684998,0.13459306955337524,1.3114112030411962
WRD25,hrnet32,rotation_45,76,8,0.8592777848243713,0.016371870413422585,0.12435036152601242,0.6591272379801099
WRD25,hrnet32,rotation_45,77,8,0.3430015742778778,0.11832381784915924,0.538674533367157,1.3746118682310264
WRD25,hrnet32,rotation_45,78,8,0.6888521313667297,0.1667882353067398,0.1443597376346588,1.2044748328350199
WRD25,hrnet32,rotation_45,79,8,0.5780563354492188,0.282773494720459,0.13917012512683868,1.3683223028842568
WRD25,hrnet32,rotation_45,80,8,0.3864300549030304,0.11019075661897659,0.503379225730896,1.3791804493216082
WRD25,hrnet32,rotation_45,81,8,0.4586047828197479,0.4173809289932251,0.12401439249515533,1.41537672992011
WRD25,hrnet32,rotation_45,82,8,0.36247721314430237,0.485883504152298,0.15163928270339966,1.4492930412492877
WRD25,hrnet32,rotation_45,83,8,0.4294773042201996,0.432046502828598,0.13847623765468597,1.4417524875656214
WRD25,hrnet32,rotation_45,84,8,0.35978007316589355,0.11576507240533829,0.5244548320770264,1.3790468295389176
WRD25,hrnet32,rotation_45,85,8,0.14437437057495117,0.7036814093589783,0.15194426476955414,1.1729232580787237
WRD25,hrnet32,rotation_45,86,9,0.721635639667511,0.1297951638698578,0.1485692411661148,1.1306629233864194
WRD25,hrnet32,rotation_45,87,9,0.1317872703075409,0.149114727973938,0.7190979719161987,1.1368074565349657
WRD25,hrnet32,rotation_45,88,9,0.3526274859905243,0.47175198793411255,0.17562057077884674,1.482320913212766
WRD25,hrnet32,rotation_45,89,9,0.706384003162384,0.14158432185649872,0.1520315557718277,1.1666941775927633
WRD25,hrnet32,rotation_45,90,9,0.6133519411087036,0.1463720053434372,0.240276038646698,1.3326335091299122
WRD25,hrnet32,rotation_45,91,9,0.3244447410106659,0.5375597476959229,0.13799554109573364,1.402565667742604
WRD25,hrnet32,rotation_45,92,9,0.5730576515197754,0.16621935367584229,0.2607230246067047,1.3962714373161713
WRD25,hrnet32,rotation_45,93,9,0.14888077974319458,0.2654148042201996,0.5857044458389282,1.3690295131468362
WRD25,hrnet32,rotation_45,94,9,0.33081650733947754,0.5111004710197449,0.15808306634426117,1.443556247415692
WRD25,hrnet32,rotation_45,95,9,0.46345123648643494,0.19496124982833862,0.3415874242782593,1.503415960730332
WRD25,hrnet32,rotation_45,96,9,0.543448805809021,0.13319040834903717,0.323360800743103,1.3921782451520412
WRD25,hrnet32,rotation_45,97,10,0.7654643654823303,0.12473195791244507,0.10980372130870819,1.0196843733847938
WRD25,hrnet32,rotation_45,98,10,0.21520879864692688,0.6649773120880127,0.11981399357318878,1.2351311668116578
WRD25,hrnet32,rotation_45,99,10,0.8579267263412476,0.10748222470283508,0.03459104150533676,0.7034106812091689
WRD25,hrnet32,rotation_45,100,10,0.6088963747024536,0.2875417470932007,0.10356175899505615,1.2916470693528592
WRD25,hrnet32,rotation_45,101,10,0.2337360382080078,0.6599293947219849,0.10633451491594315,1.2296734716659037
WRD25,hrnet32,rotation_45,102,10,0.7568728923797607,0.1442563384771347,0.0988706648349762,1.0371813750800913
WRD25,hrnet32,rotation_45,103,10,0.8339740037918091,0.09338347613811493,0.07264244556427002,0.8126845077772816
WRD25,hrnet32,rotation_45,104,10,0.6703582406044006,0.230876624584198,0.09876515716314316,1.2049143782219125
WRD25,hrnet32,rotation_45,105,10,0.13682307302951813,0.7829785943031311,0.08019833266735077,0.9609308472202831
WRD25,hrnet32,rotation_45,106,10,0.9083309173583984,0.00433456152677536,0.08733450621366501,0.46720257576539687
WRD25,hrnet32,rotation_45,107,11,0.46766841411590576,0.16509422659873962,0.367237389087677,1.4725285753766593
WRD25,hrnet32,rotation_45,108,11,0.0826113298535347,0.7657026648521423,0.1516861617565155,1.0048149072382766
WRD25,hrnet32,rotation_45,109,11,0.09036973118782043,0.5723602175712585,0.33726999163627625,1.3030038647365396
WRD25,hrnet32,rotation_45,110,11,0.085104800760746,0.38443657755851746,0.5304586291313171,1.317927120525746
WRD25,hrnet32,rotation_45,111,11,0.08959034830331802,0.4726429283618927,0.4377667307853699,1.344546633854217
WRD25,hrnet32,rotation_45,112,11,0.08345703035593033,0.5690861940383911,0.34745678305625916,1.2917431222792783
WRD25,hrnet32,rotation_45,113,11,0.5441451668739319,0.28400754928588867,0.17184731364250183,1.4301120737411457
WRD25,hrnet32,rotation_45,114,12,0.03519415110349655,0.08965033292770386,0.875155508518219,0.6502482733997544
WRD25,hrnet32,rotation_45,115,13,0.12213006615638733,0.6315774321556091,0.24629256129264832,1.2870926427803169
WRD25,hrnet32,rotation_45,116,13,0.1251867115497589,0.5985890030860901,0.27622416615486145,1.3311598081688616
WRD25,hrnet32,rotation_45,117,13,0.11815302073955536,0.44835925102233887,0.4334877133369446,1.405694437575663
WRD25,hrnet32,rotation_45,118,13,0.1404086798429489,0.6777364015579224,0.18185484409332275,1.2252338444605413
WRD25,hrnet32,rotation_45,119,13,0.12651672959327698,0.746340811252594,0.12714244425296783,1.0706845019280908
WRD25,hrnet32,rotation_45,120,13,0.2365582287311554,0.1680164486169815,0.5954254269599915,1.369721478298769
WRD25,hrnet32,rotation_45,121,14,0.12610048055648804,0.445107102394104,0.4287923276424408,1.4203257347549698
WRD25,hrnet32,rotation_45,122,14,0.11879704147577286,0.6495661735534668,0.23163676261901855,1.2582061481858875
WRD25,hrnet32,rotation_45,123,14,0.10833488404750824,0.6458092331886292,0.24585595726966858,1.2523983364712707
WRD25,hrnet32,rotation_45,124,14,0.6284086108207703,0.10162581503391266,0.26996538043022156,1.2664104412510242
WRD25,hrnet32,rotation_45,125,14,0.24525922536849976,0.5848532319068909,0.1698874682188034,1.3843448658952833
WRD25,hrnet32,rotation_45,126,15,0.31039053201675415,0.13939633965492249,0.5502130389213562,1.3944069604037463
WRD25,hrnet32,rotation_45,127,15,0.48343029618263245,0.39083296060562134,0.12573674321174622,1.4128045814187447
WRD25,hrnet32,rotation_45,128,15,0.29511570930480957,0.5482399463653564,0.15664437413215637,1.4139200937932979
WRD25,hrnet32,rotation_45,129,15,0.13431566953659058,0.6645703911781311,0.20111395418643951,1.2461474014967149
WRD25,hrnet32,rotation_45,130,15,0.20919956266880035,0.6651771068572998,0.12562336027622223,1.2393922800191384
WRD25,hrnet32,rotation_45,131,15,0.3749845623970032,0.4895361661911011,0.1354791522026062,1.4258152298712816
WRD25,hrnet32,rotation_45,132,15,0.1259772777557373,0.6892667412757874,0.18475601077079773,1.1966824193863044
WRD25,hrnet32,rotation_45,133,15,0.1393999457359314,0.3237224221229553,0.5368776917457581,1.4047825827932194
WRD25,hrnet32,rotation_45,134,15,0.2919396758079529,0.5738365054130554,0.13422371447086334,1.3672534481020864
WRD25,hrnet32,rotation_45,135,15,0.6280608177185059,0.14115887880325317,0.23078030347824097,1.3083568019444176
WRD25,hrnet32,rotation_45,136,15,0.6204042434692383,0.15553849935531616,0.22405727207660675,1.3283811086413004
WRD25,hrnet32,rotation_45,137,15,0.3198294937610626,0.1344509869813919,0.5457196235656738,1.3920471963179473
WRD25,hrnet32,rotation_45,138,15,0.2918100357055664,0.546820878982544,0.161369189620018,1.4193743269805885
WRD25,hrnet32,rotation_45,139,15,0.3882158696651459,0.16456963121891022,0.4472145140171051,1.4775526905480243
WRD25,hrnet32,rotation_45,140,15,0.5147325396537781,0.34282413125038147,0.14244331419467926,1.4231309397068368
WRD25,hrnet32,rotation_45,141,16,0.9162676930427551,0.0763198509812355,0.007412418723106384,0.4513282726433876
WRD25,hrnet32,rotation_45,142,16,0.9027358889579773,0.08124686777591705,0.016017159447073936,0.5230347790099333
WRD25,hrnet32,rotation_45,143,16,0.04170234501361847,0.8688488602638245,0.08944883942604065,0.6789064666577422
WRD25,hrnet32,rotation_45,144,16,0.09157082438468933,0.8260120153427124,0.08241716772317886,0.840387248594222
WRD25,hrnet32,rotation_45,145,16,0.07575804740190506,0.8199296593666077,0.10431239753961563,0.8570214568437113
WRD25,hrnet32,rotation_45,146,16,0.8846431970596313,0.09630486369132996,0.019051803275942802,0.5904431698948776
WRD25,hrnet32,rotation_45,147,16,0.10318487882614136,0.09226164221763611,0.8045535683631897,0.9077329866875378
WRD25,hrnet32,rotation_45,148,17,0.09913228452205658,0.02739804796874523,0.8734697699546814,0.6432221062297185
WRD25,hrnet32,rotation_45,149,17,0.2874343991279602,0.11026439815759659,0.6023011803627014,1.3083026610915067
WRD25,hrnet32,rotation_45,150,17,0.07107044756412506,0.08388455212116241,0.8450449705123901,0.7762922764639917
WRD25,hrnet32,rotation_45,151,17,0.4492686688899994,0.12050186097621918,0.4302294850349426,1.4100025354348857
WRD25,hrnet32,rotation_45,152,18,0.548088550567627,0.11004507541656494,0.3418663442134857,1.355221042859131
WRD25,hrnet32,rotation_45,153,18,0.09712359309196472,0.01625998690724373,0.8866164088249207,0.5772851554323171
WRD25,hrnet32,rotation_45,154,18,0.11124258488416672,0.8198140263557434,0.06894329935312271,0.8534392563727121
WRD25,hrnet32,rotation_45,155,18,0.025924207642674446,0.08374027162790298,0.8903354406356812,0.5854278383376417
WRD25,hrnet32,rotation_45,156,18,0.10014553368091583,0.13632556796073914,0.7635290026664734,1.0215846914232383
WRD25,hrnet32,rotation_45,157,18,0.25453609228134155,0.6269868612289429,0.11847705394029617,1.2893320205687429
WRD25,hrnet32,rotation_45,158,18,0.18799857795238495,0.11421427130699158,0.6977871656417847,1.1730651355071724
WRD25,hrnet32,rotation_45,159,18,0.8274728059768677,0.10676506906747818,0.06576217710971832,0.8288836653342544
WRD25,hrnet32,rotation_45,160,18,0.6432545781135559,0.23266686499118805,0.12407860159873962,1.272468876751718
WRD25,hrnet32,rotation_45,161,18,0.11325205117464066,0.17907729744911194,0.7076706290245056,1.1532564119622297
WRD25,hrnet32,rotation_45,162,18,0.13154743611812592,0.31691181659698486,0.551540732383728,1.3838203876928852
WRD25,hrnet32,rotation_45,163,18,0.737541913986206,0.1362789124250412,0.12617918848991394,1.0926107426870717
WRD25,hrnet32,rotation_45,164,18,0.6760339736938477,0.1175541803240776,0.20641186833381653,1.2148003904465916
WRD25,hrnet32,rotation_45,165,18,0.15331582725048065,0.11765247583389282,0.7290318012237549,1.1104231819145491
WRD25,hrnet32,rotation_45,166,18,0.1168307438492775,0.7242396473884583,0.15892960131168365,1.1207155336182455
WRD25,hrnet32,rotation_45,167,18,0.08726046234369278,0.8990728855133057,0.013666662387549877,0.5296674181758064
WRD25,hrnet32,rotation_45,168,18,0.6183007955551147,0.12894859910011292,0.2527506351470947,1.3114366498103724
WRD25,hrnet32,rotation_45,169,18,0.3252497911453247,0.10709898918867111,0.5676512718200684,1.3359339853600778
WRD25,hrnet32,rotation_45,170,19,0.09896296262741089,0.11831694096326828,0.7827200889587402,0.971204193810685
WRD25,hrnet32,rotation_45,171,19,0.08968229591846466,0.25244078040122986,0.6578769683837891,1.2107810458164763
WRD25,hrnet32,rotation_45,172,19,0.08747494220733643,0.19043733179569244,0.7220876812934875,1.102319440916889
WRD25,hrnet32,rotation_45,173,19,0.7516013383865356,0.13029180467128754,0.11810692399740219,1.0566976439739828
WRD25,hrnet32,rotation_45,174,20,0.17338904738426208,0.7451336979866028,0.08147712796926498,1.049309309056506
WRD25,hrnet32,rotation_45,175,20,0.04820660501718521,0.8885380625724792,0.063255175948143,0.6143012337393523
WRD25,hrnet32,rotation_45,176,20,0.0752750113606453,0.23822154104709625,0.6865034103393555,1.1464704734519224
WRD25,hrnet32,rotation_45,177,20,0.05712488293647766,0.908905029296875,0.03397009149193764,0.5269166799397297
WRD25,hrnet32,rotation_45,178,21,0.11238426715135574,0.8835413455963135,0.00407431973144412,0.5445767054324552
WRD25,hrnet32,rotation_45,179,21,0.8597425222396851,0.10607518255710602,0.034182287752628326,0.6972810008053133
WRD25,hrnet32,rotation_45,180,21,0.1128963977098465,0.7164982557296753,0.17060528695583344,1.1351468264312596
WRD25,hrnet32,rotation_45,181,21,0.2884489595890045,0.12546683847904205,0.5860841870307922,1.344856797452478
WRD25,hrnet32,rotation_45,182,21,0.4759078621864319,0.11149375885725021,0.4125984013080597,1.3896546588639804
WRD25,hrnet32,rotation_45,183,21,0.7849403023719788,0.0869171991944313,0.12814263999462128,0.9603675443208421
WRD25,hrnet32,rotation_45,184,21,0.5054655075073242,0.34147337079048157,0.15306104719638824,1.44133607198592
WRD25,hrnet32,rotation_45,185,22,0.0095590241253376,0.8746083974838257,0.11583258211612701,0.5934108180843107
WRD25,hrnet32,rotation_45,186,22,0.11790220439434052,0.8227311372756958,0.059366580098867416,0.8371263750185842
WRD25,hrnet32,rotation_45,187,22,0.11479490995407104,0.7735574841499329,0.1116476058959961,0.9981690338201041
WRD25,hrnet32,rotation_45,188,22,0.1567981094121933,0.23556749522686005,0.6076343655586243,1.3471900161666843
WRD25,hrnet32,rotation_45,189,22,0.6645681262016296,0.15493720769882202,0.1804945319890976,1.2544057687242567
WRD25,hrnet32,rotation_45,190,23,0.12471511214971542,0.4459938704967499,0.42929109930992126,1.4178190641146708
WRD25,hrnet32,rotation_45,191,23,0.13719868659973145,0.6463078260421753,0.21649350225925446,1.278081313223193
WRD25,hrnet32,rotation_45,192,23,0.5579615831375122,0.28576818108558655,0.1562701016664505,1.40455135476027
WRD25,hrnet32,rotation_45,193,23,0.5978599786758423,0.2435159683227539,0.15862414240837097,1.3613039770235145
WRD25,hrnet32,rotation_45,194,24,0.12566126883029938,0.6503602862358093,0.2239784449338913,1.2631714576663655
WRD25,hrnet32,rotation_45,195,24,0.35447627305984497,0.11156336218118668,0.5339603424072266,1.3667134368678775
WRD25,hrnet32,rotation_45,196,24,0.16305898129940033,0.11021452397108078,0.7267265319824219,1.1119782996566734
WRD25,hrnet32,rotation_45,197,24,0.4438316822052002,0.10951012372970581,0.44665828347206116,1.3889199573203241
WRD25,hrnet32,rotation_45,198,24,0.2886143624782562,0.09733755141496658,0.6140481233596802,1.276591109975496
WRD25,hrnet32,rotation_45,199,24,0.4706297218799591,0.17771388590335846,0.35165634751319885,1.4848755583084663
WRD25,hrnet32,rotation_180,0,0,0.2001778930425644,0.41237616539001465,0.387445867061615,1.5215452299530692
WRD25,hrnet32,rotation_180,1,0,0.177105113863945,0.6313035488128662,0.19159133732318878,1.3179517089771906
WRD25,hrnet32,rotation_180,2,0,0.3454981744289398,0.060066066682338715,0.5944356918334961,1.2195103895981845
WRD25,hrnet32,rotation_180,3,0,0.6923134922981262,0.23560522496700287,0.07208125293254852,1.1321351458347975
WRD25,hrnet32,rotation_180,4,0,0.6904240846633911,0.30263832211494446,0.006937569472938776,0.9405950339471765
WRD25,hrnet32,rotation_180,5,0,0.528448760509491,0.1923375129699707,0.27921369671821594,1.457602885878637
WRD25,hrnet32,rotation_180,6,0,0.023958425968885422,0.5294934511184692,0.446548193693161,1.1340740442319974
WRD25,hrnet32,rotation_180,7,0,0.014264356344938278,0.5085286498069763,0.4772070646286011,1.0929103115674028
WRD25,hrnet32,rotation_180,8,0,0.012941227294504642,0.4506816864013672,0.5363771319389343,1.081399947011092
WRD25,hrnet32,rotation_180,9,0,0.4239729642868042,0.31978437304496765,0.25624269247055054,1.5542178580630093
WRD25,hrnet32,rotation_180,10,0,0.09379437565803528,0.4086785912513733,0.4975271224975586,1.3489214733110422
WRD25,hrnet32,rotation_180,11,0,0.2794652581214905,0.527440071105957,0.1930946409702301,1.4589347072944936
WRD25,hrnet32,rotation_180,12,0,0.4218269884586334,0.15305666625499725,0.4251163601875305,1.464371160205002
WRD25,hrnet32,rotation_180,13,0,0.008086225017905235,0.42276185750961304,0.5691519975662231,1.0440926474722032
WRD25,hrnet32,rotation_180,14,0,0.060040608048439026,0.327781617641449,0.6121777892112732,1.2045118111918887
WRD25,hrnet32,rotation_180,15,0,0.5343292951583862,0.007212835364043713,0.4584578573703766,1.0502896945037818
WRD25,hrnet32,rotation_180,16,0,0.5841087698936462,0.39994150400161743,0.015949729830026627,1.077091300082077
WRD25,hrnet32,rotation_180,17,0,0.012132279574871063,0.43937134742736816,0.5484963059425354,1.0737730623054342
WRD25,hrnet32,rotation_180,18,1,0.013386877253651619,0.4151099622249603,0.571503221988678,1.071145099542856
WRD25,hrnet32,rotation_180,19,1,0.2764848470687866,0.702180027961731,0.021335121244192123,0.989400370416827
WRD25,hrnet32,rotation_180,20,1,0.7892932295799255,0.20608295500278473,0.004623832646757364,0.7749059422451251
WRD25,hrnet32,rotation_180,21,1,0.018713923171162605,0.2188078910112381,0.7624781131744385,0.8854035718517677
WRD25,hrnet32,rotation_180,22,1,0.01763475500047207,0.42469269037246704,0.5576725006103516,1.0972862955738536
WRD25,hrnet32,rotation_180,23,1,0.005058446433395147,0.3085781931877136,0.6863634586334229,0.9346847012340638
WRD25,hrnet32,rotation_180,24,1,0.6379120349884033,0.02182205766439438,0.34026584029197693,1.0633503996175073
WRD25,hrnet32,rotation_180,25,2,0.0026696997229009867,0.45762935280799866,0.5397009253501892,1.0191229339759174
WRD25,hrnet32,rotation_180,26,2,0.2785474359989166,0.5467489957809448,0.17470355331897736,1.4296204697692698
WRD25,hrnet32,rotation_180,27,2,0.4042032063007355,0.19839800894260406,0.3973987102508545,1.520272859140427
WRD25,hrnet32,rotation_180,28,2,0.12192246317863464,0.38605427742004395,0.4920232594013214,1.4036917480236268
WRD25,hrnet32,rotation_180,29,2,0.09058530628681183,0.5498001575469971,0.3596145808696747,1.3189318167951378
WRD25,hrnet32,rotation_180,30,2,0.7095699906349182,0.22889015078544617,0.061539988964796066,1.0856712379971465
WRD25,hrnet32,rotation_180,31,2,0.07114531844854355,0.13127194344997406,0.7975828051567078,0.9160736904463029
WRD25,hrnet32,rotation_180,32,2,0.20859640836715698,0.7301130294799805,0.06129055842757225,1.0499024975460665
WRD25,hrnet32,rotation_180,33,2,0.06664452701807022,0.19143754243850708,0.7419178485870361,1.0365144700592863
WRD25,hrnet32,rotation_180,34,2,0.7670842409133911,0.10131730884313583,0.13159842789173126,1.0131274463750328
WRD25,hrnet32,rotation_180,35,2,0.005813896656036377,0.40245330333709717,0.5917327404022217,1.0195709752095528
WRD25,hrnet32,rotation_180,36,3,0.34040942788124084,0.6575965881347656,0.001993961166590452,0.9447713292245918
WRD25,hrnet32,rotation_180,37,3,0.039990395307540894,0.7041933536529541,0.2558163106441498,1.045159312661514
WRD25,hrnet32,rotation_180,38,3,0.4256885051727295,0.4668785333633423,0.10743303596973419,1.3833196349863564
WRD25,hrnet32,rotation_180,39,3,0.4616042971611023,0.46124958992004395,0.07714614272117615,1.3148964941051045
WRD25,hrnet32,rotation_180,40,3,0.42744356393814087,0.355274498462677,0.21728196740150452,1.5330845091526262
WRD25,hrnet32,rotation_180,41,4,0.00037227754364721477,0.596316397190094,0.40331125259399414,0.9773549703218537
WRD25,hrnet32,rotation_180,42,4,0.04487378150224686,0.6097535490989685,0.3453725576400757,1.1658499218575828
WRD25,hrnet32,rotation_180,43,4,0.24628111720085144,0.7443189024925232,0.009399998001754284,0.8782639308123333
WRD25,hrnet32,rotation_180,44,4,0.0064577930606901646,0.22475145757198334,0.7687907814979553,0.822633843220597
WRD25,hrnet32,rotation_180,45,4,0.5658684968948364,0.030822010710835457,0.4033094048500061,1.1479141686770349
WRD25,hrnet32,rotation_180,46,5,0.9882714748382568,0.008753124624490738,0.002975290874019265,0.10162804246253504
WRD25,hrnet32,rotation_180,47,5,0.4664125144481659,0.0014829860301688313,0.5321044921875,1.011471152154558
WRD25,hrnet32,rotation_180,48,5,0.0031903223134577274,0.4382600486278534,0.5585496425628662,1.0173628354642856
WRD25,hrnet32,rotation_180,49,5,0.37632712721824646,0.6148943901062012,0.008778509683907032,1.0219754965077472
WRD25,hrnet32,rotation_180,50,6,0.34456974267959595,0.1583121418952942,0.4971179962158203,1.4518897583816819
WRD25,hrnet32,rotation_180,51,6,0.3784930109977722,0.6126416325569153,0.008865396492183208,1.0240267803540988
WRD25,hrnet32,rotation_180,52,6,0.4429247975349426,0.5362498760223389,0.020825276151299477,1.1187982247672306
WRD25,hrnet32,rotation_180,53,7,0.3992750644683838,0.06467752903699875,0.5360473394393921,1.266583192937809
WRD25,hrnet32,rotation_180,54,7,0.08110672235488892,0.4027557671070099,0.5161375999450684,1.314842588641571
WRD25,hrnet32,rotation_180,55,7,0.0151672987267375,0.35134798288345337,0.6334847211837769,1.0390727222266878
WRD25,hrnet32,rotation_180,56,7,0.012396692298352718,0.44878193736076355,0.5388213992118835,1.0779663810266915
WRD25,hrnet32,rotation_180,57,7,0.5589523315429688,0.38416963815689087,0.05687796697020531,1.2345458786756378
WRD25,hrnet32,rotation_180,58,7,0.0014342006761580706,0.4492994248867035,0.5492664575576782,1.006949044922127
WRD25,hrnet32,rotation_180,59,7,0.022140825167298317,0.30054306983947754,0.6773161888122559,1.023678681673674
WRD25,hrnet32,rotation_180,60,7,0.3679675757884979,0.11500794440507889,0.5170243978500366,1.3816349027185901
WRD25,hrnet32,rotation_180,61,7,0.10497461259365082,0.5620898008346558,0.332935631275177,1.3367978271717051
WRD25,hrnet32,rotation_180,62,7,0.24248217046260834,0.34403806924819946,0.413479745388031,1.5520632156393983
WRD25,hrnet32,rotation_180,63,7,0.7183196544647217,0.2331751435995102,0.04850511625409126,1.0444028430606673
WRD25,hrnet32,rotation_180,64,7,0.3676310181617737,0.11988702416419983,0.5124819278717041,1.3918736874602387
WRD25,hrnet32,rotation_180,65,7,0.4641970694065094,0.4473269283771515,0.08847604691982269,1.342661207500674
WRD25,hrnet32,rotation_180,66,7,0.687772810459137,0.20529785752296448,0.10692936182022095,1.1852139701635516
WRD25,hrnet32,rotation_180,67,7,0.14093518257141113,0.7830584049224854,0.07600653171539307,0.957250587266073
WRD25,hrnet32,rotation_180,68,7,0.2710937261581421,0.26595935225486755,0.46294689178466797,1.5330526081370701
WRD25,hrnet32,rotation_180,69,8,0.5379785299301147,0.16063843667507172,0.30138301849365234,1.4264310550863768
WRD25,hrnet32,rotation_180,70,8,0.2502310872077942,0.483751118183136,0.266017884016037,1.5151386783602154
WRD25,hrnet32,rotation_180,71,8,0.2889502942562103,0.27780720591545105,0.4332425892353058,1.5537020175681602
WRD25,hrnet32,rotation_180,72,8,0.4562782347202301,0.3021116852760315,0.24161005020141602,1.5333326804042502
WRD25,hrnet32,rotation_180,73,8,0.335988312959671,0.45790427923202515,0.20610745251178741,1.5143097526605154
WRD25,hrnet32,rotation_180,74,8,0.17492346465587616,0.2860236167907715,0.5390527844429016,1.4370343138012025
WRD25,hrnet32,rotation_180,75,8,0.4955558478832245,0.14450451731681824,0.35993966460227966,1.435837319430102
WRD25,hrnet32,rotation_180,76,8,0.18746492266654968,0.20419561862945557,0.6083394289016724,1.3570076605716215
WRD25,hrnet32,rotation_180,77,8,0.124760203063488,0.47319501638412476,0.40204477310180664,1.4139538102205897
WRD25,hrnet32,rotation_180,78,8,0.256086140871048,0.592353105545044,0.15156079828739166,1.3633444717604684
WRD25,hrnet32,rotation_180,79,8,0.5017139315605164,0.24984551966190338,0.24844062328338623,1.4982747728691288
WRD25,hrnet32,rotation_180,80,8,0.23784102499485016,0.28310802578926086,0.47905099391937256,1.516841439316131
WRD25,hrnet32,rotation_180,81,8,0.35129526257514954,0.37144073843955994,0.27726396918296814,1.5740268588971136
WRD25,hrnet32,rotation_180,82,8,0.5143822431564331,0.32560786604881287,0.16000986099243164,1.443457873034854
WRD25,hrnet32,rotation_180,83,8,0.3233291506767273,0.43992215394973755,0.23674868047237396,1.5399447965050699
WRD25,hrnet32,rotation_180,84,8,0.27449852228164673,0.46365585923194885,0.2618456482887268,1.5323141490111696
WRD25,hrnet32,rotation_180,85,8,0.42448297142982483,0.1586306244134903,0.41688644886016846,1.4723433755065523
WRD25,hrnet32,rotation_180,86,9,0.40312692523002625,0.43542957305908203,0.16144350171089172,1.4754103770291298
WRD25,hrnet32,rotation_180,87,9,0.026739250868558884,0.37541571259498596,0.5978450179100037,1.114031662624588
WRD25,hrnet32,rotation_180,88,9,0.03530922904610634,0.49785321950912476,0.46683749556541443,1.1843267200559522
WRD25,hrnet32,rotation_180,89,9,0.13876408338546753,0.49031171202659607,0.3709241449832916,1.4302520311748874
WRD25,hrnet32,rotation_180,90,9,0.28771883249282837,0.6525142192840576,0.05976688116788864,1.1619267854500035
WRD25,hrnet32,rotation_180,91,9,0.5158423185348511,0.029988890513777733,0.45416876673698425,1.1615167823596602
WRD25,hrnet32,rotation_180,92,9,0.41917896270751953,0.4877466559410095,0.09307432919740677,1.349831745875618
WRD25,hrnet32,rotation_180,93,9,0.7791931629180908,0.17258350551128387,0.048223283141851425,0.9288389437856264
WRD25,hrnet32,rotation_180,94,9,0.4293119013309479,0.5314478278160095,0.03924022987484932,1.1917104625365909
WRD25,hrnet32,rotation_180,95,9,0.37166640162467957,0.39872464537620544,0.22960896790027618,1.5470343726979563
WRD25,hrnet32,rotation_180,96,9,0.49578896164894104,0.41433683037757874,0.08987417072057724,1.3409101384920088
WRD25,hrnet32,rotation_180,97,10,0.36900925636291504,0.6191800236701965,0.011810723692178726,1.0345741862004048
WRD25,hrnet32,rotation_180,98,10,0.6722730994224548,0.25229522585868835,0.07543172687292099,1.1676573949820168
WRD25,hrnet32,rotation_180,99,10,0.532457709312439,0.04812557250261307,0.41941672563552856,1.220548462557821
WRD25,hrnet32,rotation_180,100,10,0.3927942216396332,0.5769758224487305,0.030229972675442696,1.1399269862837933
WRD25,hrnet32,rotation_180,101,10,0.5231753587722778,0.36407047510147095,0.11275412887334824,1.374720832834585
WRD25,hrnet32,rotation_180,102,10,0.7079808115959167,0.16866888105869293,0.12335027009248734,1.1582406151131779
WRD25,hrnet32,rotation_180,103,10,0.6470203399658203,0.3057645559310913,0.047215092927217484,1.1370750926606656
WRD25,hrnet32,rotation_180,104,10,0.6928361654281616,0.22611987590789795,0.08104401081800461,1.1455848457408853
WRD25,hrnet32,rotation_180,105,10,0.40841394662857056,0.5152146816253662,0.07637132704257965,1.303962867738388
WRD25,hrnet32,rotation_180,106,10,0.30356329679489136,0.6524739265441895,0.04396279528737068,1.1222024161816893
WRD25,hrnet32,rotation_180,107,11,0.5111986398696899,0.24290071427822113,0.24590067565441132,1.4884262091920246
WRD25,hrnet32,rotation_180,108,11,0.3045124113559723,0.1908440738916397,0.5046435594558716,1.4763104842774186
WRD25,hrnet32,rotation_180,109,11,0.254141628742218,0.2681475281715393,0.4777108430862427,1.5205842396572493
WRD25,hrnet32,rotation_180,110,11,0.1909950226545334,0.36579430103302,0.44321075081825256,1.507201193833855
WRD25,hrnet32,rotation_180,111,11,0.30859246850013733,0.5018702745437622,0.18953727185726166,1.4773938798050252
WRD25,hrnet32,rotation_180,112,11,0.31188422441482544,0.4062957763671875,0.28181999921798706,1.5671200306576916
WRD25,hrnet32,rotation_180,113,11,0.17022055387496948,0.06906671077013016,0.7607126235961914,1.0013035649157584
WRD25,hrnet32,rotation_180,114,12,0.4493787884712219,0.49523234367370605,0.055388905107975006,1.251866726317685
WRD25,hrnet32,rotation_180,115,13,0.5577383041381836,0.42766425013542175,0.014597400091588497,1.0829031141658008
WRD25,hrnet32,rotation_180,116,13,0.29804903268814087,0.6900949478149414,0.011856038123369217,0.9656568456013702
WRD25,hrnet32,rotation_180,117,13,0.03050459548830986,0.4562264382839203,0.5132689476013184,1.1639891025390816
WRD25,hrnet32,rotation_180,118,13,0.4704417586326599,0.5127809643745422,0.016777275130152702,1.1048488897701434
WRD25,hrnet32,rotation_180,119,13,0.014129864983260632,0.4746626317501068,0.5112074613571167,1.0919626665025075
WRD25,hrnet32,rotation_180,120,13,0.583355724811554,0.12417170405387878,0.29247260093688965,1.3460328431818818
WRD25,hrnet32,rotation_180,121,14,0.1356476992368698,0.8518287539482117,0.012523548677563667,0.6671673297549339
WRD25,hrnet32,rotation_180,122,14,0.18645180761814117,0.8016923666000366,0.011855794116854668,0.7832957194974532
WRD25,hrnet32,rotation_180,123,14,0.41020163893699646,0.5799124836921692,0.009885881096124649,1.049062265264681
WRD25,hrnet32,rotation_180,124,14,0.3938322961330414,0.5915404558181763,0.014627208933234215,1.0666659712644133
WRD25,hrnet32,rotation_180,125,14,0.6014388799667358,0.37024131417274475,0.028319865465164185,1.1175102905732188
WRD25,hrnet32,rotation_180,126,15,0.25132787227630615,0.5812245607376099,0.1674475371837616,1.387452794370848
WRD25,hrnet32,rotation_180,127,15,0.25847867131233215,0.5844139456748962,0.15710748732089996,1.3769090367210046
WRD25,hrnet32,rotation_180,128,15,0.19086290895938873,0.5021679401397705,0.30696913599967957,1.4781042732845622
WRD25,hrnet32,rotation_180,129,15,0.18564127385616302,0.3038097620010376,0.510549008846283,1.4683454803226952
WRD25,hrnet32,rotation_180,130,15,0.2775857746601105,0.3622414767742157,0.36017268896102905,1.5745503256028006
WRD25,hrnet32,rotation_180,131,15,0.36532554030418396,0.2787688970565796,0.35590553283691406,1.5749102712500012
WRD25,hrnet32,rotation_180,132,15,0.25581786036491394,0.545854389667511,0.19832782447338104,1.4428064237839457
WRD25,hrnet32,rotation_180,133,15,0.5250383615493774,0.3122892677783966,0.16267240047454834,1.4385686384351146
WRD25,hrnet32,rotation_180,134,15,0.29316219687461853,0.5225825905799866,0.18425513803958893,1.457865794781056
WRD25,hrnet32,rotation_180,135,15,0.49276500940322876,0.4693877696990967,0.037847187370061874,1.1940760810962974
WRD25,hrnet32,rotation_180,136,15,0.5557641386985779,0.3932945132255554,0.05094131454825401,1.2192787457072753
WRD25,hrnet32,rotation_180,137,15,0.40908530354499817,0.0107673779129982,0.5801474452018738,1.0536254700267313
WRD25,hrnet32,rotation_180,138,15,0.39834678173065186,0.5574563145637512,0.04419689625501633,1.1978223889675421
WRD25,hrnet32,rotation_180,139,15,0.59187251329422,0.39404624700546265,0.014081311412155628,1.0638625384749083
WRD25,hrnet32,rotation_180,140,15,0.5956683158874512,0.396903395652771,0.00742823863402009,1.0268797678831458
WRD25,hrnet32,rotation_180,141,16,1.6525729733984917e-05,0.33175188302993774,0.6682315468788147,0.9169830146835236
WRD25,hrnet32,rotation_180,142,16,0.8177785277366638,0.17556911706924438,0.0066523365676403046,0.7261021459266889
WRD25,hrnet32,rotation_180,143,16,0.0008302413625642657,0.13952288031578064,0.8596467971801758,0.592502002254631
WRD25,hrnet32,rotation_180,144,16,0.4161340296268463,0.542704701423645,0.04116124287247658,1.1943426897968874
WRD25,hrnet32,rotation_180,145,16,0.01048970129340887,0.5812596082687378,0.4082506597042084,1.0515997527794663
WRD25,hrnet32,rotation_180,146,16,0.4157719016075134,0.56876140832901,0.015466664917767048,1.0824821825173405
WRD25,hrnet32,rotation_180,147,16,0.7467781901359558,0.24781902134418488,0.005402752663940191,0.8540438049815995
WRD25,hrnet32,rotation_180,148,17,0.0011756455060094595,0.4455265402793884,0.5532978177070618,1.0035568154743082
WRD25,hrnet32,rotation_180,149,17,0.7912682294845581,0.20434246957302094,0.004389279522001743,0.769771838195022
WRD25,hrnet32,rotation_180,150,17,0.3662099242210388,0.6292352080345154,0.004554860759526491,0.9866977414216367
WRD25,hrnet32,rotation_180,151,17,0.5029710531234741,0.3082619607448578,0.18876692652702332,1.4760755637755136
WRD25,hrnet32,rotation_180,152,18,0.0063635604456067085,0.5176896452903748,0.4759467840194702,1.0479507174871157
WRD25,hrnet32,rotation_180,153,18,0.6303590536117554,0.34693485498428345,0.022706132382154465,1.0735181825493472
WRD25,hrnet32,rotation_180,154,18,0.02213812805712223,0.3924625813961029,0.5853992700576782,1.1035039582436799
WRD25,hrnet32,rotation_180,155,18,0.44930219650268555,0.5416743755340576,0.009023410268127918,1.0590036631167021
WRD25,hrnet32,rotation_180,156,18,0.009270320646464825,0.15257379412651062,0.8381558656692505,0.6899346335014322
WRD25,hrnet32,rotation_180,157,18,0.3473476469516754,0.5747466087341309,0.07790569961071014,1.2759778417389973
WRD25,hrnet32,rotation_180,158,18,0.049053583294153214,0.6666680574417114,0.2842783033847809,1.119190495991104
WRD25,hrnet32,rotation_180,159,18,0.8775834441184998,0.029879659414291382,0.09253688156604767,0.6344164946158272
WRD25,hrnet32,rotation_180,160,18,0.2803741693496704,0.24842184782028198,0.4712040424346924,1.5250085101495177
WRD25,hrnet32,rotation_180,161,18,0.1992613524198532,0.3183761239051819,0.48236244916915894,1.4967894608179155
WRD25,hrnet32,rotation_180,162,18,0.5062395930290222,0.06717508286237717,0.4265853762626648,1.2832046055693187
WRD25,hrnet32,rotation_180,163,18,0.7799367308616638,0.18921954929828644,0.030843697488307953,0.8889436920359997
WRD25,hrnet32,rotation_180,164,18,0.12544181942939758,0.7402958273887634,0.13426238298416138,1.0857877214680327
WRD25,hrnet32,rotation_180,165,18,0.05352730304002762,0.17618697881698608,0.7702857851982117,0.9574327654404904
WRD25,hrnet32,rotation_180,166,18,0.00014341955829877406,0.45209801197052,0.5477585792541504,0.9952825147250984
WRD25,hrnet32,rotation_180,167,18,0.0007986833807080984,0.6024737358093262,0.39672768115997314,0.9777918533039703
WRD25,hrnet32,rotation_180,168,18,0.9170591831207275,0.03636370599269867,0.04657706618309021,0.4944886140075202
WRD25,hrnet32,rotation_180,169,18,0.576221227645874,0.4104526937007904,0.01332605816423893,1.0686014317227108
WRD25,hrnet32,rotation_180,170,19,0.043874748051166534,0.8222948908805847,0.13383039832115173,0.8183184444907715
WRD25,hrnet32,rotation_180,171,19,0.5802403092384338,0.4069138169288635,0.012845889665186405,1.0642052105662267
WRD25,hrnet32,rotation_180,172,19,0.6446809768676758,0.019168710336089134,0.3361503779888153,1.0463679519211915
WRD25,hrnet32,rotation_180,173,19,0.25277477502822876,0.6785918474197388,0.06863342970609665,1.1463821105863004
WRD25,hrnet32,rotation_180,174,20,0.19053958356380463,0.7152956128120422,0.09416481107473373,1.1224819635346583
WRD25,hrnet32,rotation_180,175,20,0.3962038457393646,0.39057090878486633,0.21322517096996307,1.5343482283814294
WRD25,hrnet32,rotation_180,176,20,0.16121196746826172,0.421360582113266,0.4174274206161499,1.4759758332378414
WRD25,hrnet32,rotation_180,177,20,0.6745340824127197,0.2630658447742462,0.06240004673600197,1.1397018574833715
WRD25,hrnet32,rotation_180,178,21,0.25136348605155945,0.7453697323799133,0.0032667750492691994,0.8437470679287693
WRD25,hrnet32,rotation_180,179,21,0.7673232555389404,0.22912760078907013,0.0035491520538926125,0.8091475679902993
WRD25,hrnet32,rotation_180,180,21,0.806568443775177,0.1913803070783615,0.0020512237679213285,0.7249929452345589
WRD25,hrnet32,rotation_180,181,21,0.3475763499736786,0.010876593180000782,0.6415470838546753,1.0116876624600375
WRD25,hrnet32,rotation_180,182,21,0.1298084557056427,0.45694872736930847,0.4132428467273712,1.4255200426793437
WRD25,hrnet32,rotation_180,183,21,0.4817931652069092,0.41899076104164124,0.09921597689390182,1.364128373092095
WRD25,hrnet32,rotation_180,184,21,0.06882693618535995,0.4660845696926117,0.46508854627609253,1.292702964970791
WRD25,hrnet32,rotation_180,185,22,0.06150732561945915,0.6527431011199951,0.28574955463409424,1.1655564216950256
WRD25,hrnet32,rotation_180,186,22,0.16407102346420288,0.7312180995941162,0.10471085458993912,1.0989581560228139
WRD25,hrnet32,rotation_180,187,22,0.7306474447250366,0.2454705387353897,0.023881958797574043,0.9568931368911502
WRD25,hrnet32,rotation_180,188,22,0.23338909447193146,0.7176044583320618,0.04900643974542618,1.0466950610082053
WRD25,hrnet32,rotation_180,189,22,0.05157459154725075,0.6172364354133606,0.33118894696235657,1.1782616864915885
WRD25,hrnet32,rotation_180,190,23,0.00721787242218852,0.5413525700569153,0.4514296054840088,1.0486237240872098
WRD25,hrnet32,rotation_180,191,23,0.5464257597923279,0.4400712549686432,0.01350291259586811,1.0814194070071679
WRD25,hrnet32,rotation_180,192,23,0.3565658926963806,0.5821136236190796,0.06132039800286293,1.2318652655291955
WRD25,hrnet32,rotation_180,193,23,0.5614988803863525,0.35609909892082214,0.08240187913179398,1.2947358753216422
WRD25,hrnet32,rotation_180,194,24,0.3032301068305969,0.4673234522342682,0.2294464111328125,1.5221974075487714
WRD25,hrnet32,rotation_180,195,24,0.0047487481497228146,0.6738730669021606,0.3213781714439392,0.9466967431601119
WRD25,hrnet32,rotation_180,196,24,0.0027810516767203808,0.5988060832023621,0.3984128534793854,0.9955901389690832
WRD25,hrnet32,rotation_180,197,24,0.5841290354728699,0.17138734459877014,0.2444835603237152,1.3860354332272908
WRD25,hrnet32,rotation_180,198,24,0.29588738083839417,0.6655941009521484,0.038518503308296204,1.0917039831566362
WRD25,hrnet32,rotation_180,199,24,0.023501574993133545,0.5947932600975037,0.381705105304718,1.103358185787176
WRD25,hrnet32,red_channel_shift_-45,0,0,0.47571611404418945,0.32030779123306274,0.20397606492042542,1.5038060167923557
WRD25,hrnet32,red_channel_shift_-45,1,0,0.5134848952293396,0.13531289994716644,0.35120224952697754,1.4144171284526081
WRD25,hrnet32,red_channel_shift_-45,2,0,0.43076732754707336,0.2598724961280823,0.3093601167201996,1.5522505823850543
WRD25,hrnet32,red_channel_shift_-45,3,0,0.495608389377594,0.17746442556381226,0.32692715525627136,1.4719032485210577
WRD25,hrnet32,red_channel_shift_-45,4,0,0.5700907707214355,0.02198087051510811,0.40792834758758545,1.110956514284108
WRD25,hrnet32,red_channel_shift_-45,5,0,0.5667046904563904,0.08434698730707169,0.34894829988479614,1.2952509590331331
WRD25,hrnet32,red_channel_shift_-45,6,0,0.5708288550376892,0.04793384671211243,0.3812371492385864,1.2022033544905608
WRD25,hrnet32,red_channel_shift_-45,7,0,0.5213049650192261,0.44159039855003357,0.0371045283973217,1.1869849530412313
WRD25,hrnet32,red_channel_shift_-45,8,0,0.5837723612785339,0.3816458284854889,0.034581780433654785,1.1515375438848907
WRD25,hrnet32,red_channel_shift_-45,9,0,0.5095192193984985,0.12778997421264648,0.3626907765865326,1.4056410362560623
WRD25,hrnet32,red_channel_shift_-45,10,0,0.5380206108093262,0.03880530968308449,0.423174113035202,1.1880600218508253
WRD25,hrnet32,red_channel_shift_-45,11,0,0.4201800525188446,0.27737635374069214,0.30244356393814087,1.5605755980351308
WRD25,hrnet32,red_channel_shift_-45,12,0,0.5540380477905273,0.005239502992480993,0.44072243571281433,1.0326645566871353
WRD25,hrnet32,red_channel_shift_-45,13,0,0.5853358507156372,0.008587734773755074,0.4060763418674469,1.0391807313803683
WRD25,hrnet32,red_channel_shift_-45,14,0,0.5143546462059021,0.049832746386528015,0.4358125925064087,1.2311646907268503
WRD25,hrnet32,red_channel_shift_-45,15,0,0.5274389982223511,0.4613264501094818,0.011234461329877377,1.0744444709782184
WRD25,hrnet32,red_channel_shift_-45,16,0,0.507108747959137,0.0006533838459290564,0.4922378957271576,1.0070419693947616
WRD25,hrnet32,red_channel_shift_-45,17,0,0.5919246077537537,0.0030299166683107615,0.4050455391407013,1.0012656744548976
WRD25,hrnet32,red_channel_shift_-45,18,1,0.47622185945510864,0.008550835773348808,0.5152272582054138,1.0613671345533313
WRD25,hrnet32,red_channel_shift_-45,19,1,0.14607630670070648,0.3813168406486511,0.4726068377494812,1.4468037631776296
WRD25,hrnet32,red_channel_shift_-45,20,1,0.31330177187919617,0.6432929635047913,0.043405238538980484,1.1304614576281085
WRD25,hrnet32,red_channel_shift_-45,21,1,0.02221856266260147,0.6744999289512634,0.3032815754413605,1.027245961255314
WRD25,hrnet32,red_channel_shift_-45,22,1,0.044030576944351196,0.43911537528038025,0.5168539881706238,1.2118807094778798
WRD25,hrnet32,red_channel_shift_-45,23,1,0.014552307315170765,0.5970890522003174,0.3883586823940277,1.0629608664409917
WRD25,hrnet32,red_channel_shift_-45,24,1,0.03126766160130501,0.6014359593391418,0.36729633808135986,1.1282134666667403
WRD25,hrnet32,red_channel_shift_-45,25,2,0.5780280828475952,0.402779221534729,0.019192731007933617,1.0949815099865496
WRD25,hrnet32,red_channel_shift_-45,26,2,0.46613678336143494,0.3535902500152588,0.18027302622795105,1.4892191103115802
WRD25,hrnet32,red_channel_shift_-45,27,2,0.5105171799659729,0.4653487503528595,0.024134041741490364,1.1384188900929855
WRD25,hrnet32,red_channel_shift_-45,28,2,0.5898112058639526,0.1904706507921219,0.21971820294857025,1.3852827488180457
WRD25,hrnet32,red_channel_shift_-45,29,2,0.431905597448349,0.44098472595214844,0.1271095722913742,1.4222798814800277
WRD25,hrnet32,red_channel_shift_-45,30,2,0.46623677015304565,0.41823455691337585,0.11552874743938446,1.3989613974349997
WRD25,hrnet32,red_channel_shift_-45,31,2,0.03228769451379776,0.9197635650634766,0.047948721796274185,0.4810288496161465
WRD25,hrnet32,red_channel_shift_-45,32,2,0.6103008985519409,0.3439761996269226,0.04572296142578125,1.1678853297914071
WRD25,hrnet32,red_channel_shift_-45,33,2,0.021116068586707115,0.891228437423706,0.08765560388565063,0.5734315365029858
WRD25,hrnet32,red_channel_shift_-45,34,2,0.5571609139442444,0.3221074342727661,0.12073159217834473,1.3648456962739939
WRD25,hrnet32,red_channel_shift_-45,35,2,0.4498019516468048,0.4908740818500519,0.05932381749153137,1.2641370593820256
WRD25,hrnet32,red_channel_shift_-45,36,3,0.004056631121784449,0.5421577095985413,0.4537857174873352,1.0283521001982003
WRD25,hrnet32,red_channel_shift_-45,37,3,0.7149980068206787,0.06595739722251892,0.2190445512533188,1.0846189200856862
WRD25,hrnet32,red_channel_shift_-45,38,3,0.5978812575340271,0.03536827117204666,0.36675044894218445,1.1449291489362978
WRD25,hrnet32,red_channel_shift_-45,39,3,0.5476099848747253,0.01793423853814602,0.4344558119773865,1.1023193834701905
WRD25,hrnet32,red_channel_shift_-45,40,3,0.4499148428440094,0.47150853276252747,0.07857665419578552,1.318202246385017
WRD25,hrnet32,red_channel_shift_-45,41,4,0.8596521019935608,0.13200615346431732,0.008341880515217781,0.6307915736209635
WRD25,hrnet32,red_channel_shift_-45,42,4,0.6636898517608643,0.01822788454592228,0.3180822432041168,1.0234740093249197
WRD25,hrnet32,red_channel_shift_-45,43,4,0.022072333842515945,0.7388253211975098,0.239102303981781,0.9376535712951295
WRD25,hrnet32,red_channel_shift_-45,44,4,0.9489765167236328,0.011669115163385868,0.03935444355010986,0.3303101051120253
WRD25,hrnet32,red_channel_shift_-45,45,4,0.6998411417007446,0.04593396559357643,0.25422489643096924,1.0667960628782671
WRD25,hrnet32,red_channel_shift_-45,46,5,0.4880622625350952,0.5011628270149231,0.010774984024465084,1.0749879555798896
WRD25,hrnet32,red_channel_shift_-45,47,5,0.0040562027134001255,0.40629127621650696,0.5896526575088501,1.0095220109155174
WRD25,hrnet32,red_channel_shift_-45,48,5,0.00011747454118449241,0.5209718942642212,0.4789105951786041,1.000308967655585
WRD25,hrnet32,red_channel_shift_-45,49,5,0.3155135214328766,0.6522026062011719,0.0322839729487896,1.0871429426550314
WRD25,hrnet32,red_channel_shift_-45,50,6,0.5068652033805847,0.33161303400993347,0.1615217626094818,1.44979726248997
WRD25,hrnet32,red_channel_shift_-45,51,6,0.4094444513320923,0.38593751192092896,0.20461800694465637,1.5259492940812014
WRD25,hrnet32,red_channel_shift_-45,52,6,0.028208985924720764,0.33729276061058044,0.6344983577728271,1.090490485140781
WRD25,hrnet32,red_channel_shift_-45,53,7,0.26856064796447754,0.4606640636920929,0.2707752585411072,1.5348601392546972
WRD25,hrnet32,red_channel_shift_-45,54,7,0.4309457838535309,0.021003779023885727,0.5480503439903259,1.1159075599814645
WRD25,hrnet32,red_channel_shift_-45,55,7,0.05038243532180786,0.4573132395744324,0.49230438470840454,1.236706580925479
WRD25,hrnet32,red_channel_shift_-45,56,7,0.6483420729637146,0.036771662533283234,0.31488633155822754,1.1054985594569064
WRD25,hrnet32,red_channel_shift_-45,57,7,0.348337858915329,0.5717400908470154,0.07992206513881683,1.2824599580042304
WRD25,hrnet32,red_channel_shift_-45,58,7,0.515958309173584,0.41428419947624207,0.06975752860307693,1.287228359777597
WRD25,hrnet32,red_channel_shift_-45,59,7,0.4840346574783325,0.31492525339126587,0.2010401487350464,1.4969470988123281
WRD25,hrnet32,red_channel_shift_-45,60,7,0.18975479900836945,0.4022054970264435,0.4080396890640259,1.5111731370674173
WRD25,hrnet32,red_channel_shift_-45,61,7,0.2906014919281006,0.42086297273635864,0.28853562474250793,1.5609852769077979
WRD25,hrnet32,red_channel_shift_-45,62,7,0.29297614097595215,0.44147273898124695,0.26555106043815613,1.5476490306712825
WRD25,hrnet32,red_channel_shift_-45,63,7,0.27261781692504883,0.5130032300949097,0.2143789827823639,1.4814728821183742
WRD25,hrnet32,red_channel_shift_-45,64,7,0.2384524792432785,0.6018321514129639,0.15971538424491882,1.3567307703019793
WRD25,hrnet32,red_channel_shift_-45,65,7,0.48797646164894104,0.28626370429992676,0.2257598638534546,1.5064370372486566
WRD25,hrnet32,red_channel_shift_-45,66,7,0.3341549336910248,0.5312837362289429,0.13456134498119354,1.4025790684585493
WRD25,hrnet32,red_channel_shift_-45,67,7,0.6649878621101379,0.039544086903333664,0.2954680621623993,1.0954093783607837
WRD25,hrnet32,red_channel_shift_-45,68,7,0.38111403584480286,0.2614172101020813,0.35746872425079346,1.566914087115086
WRD25,hrnet32,red_channel_shift_-45,69,8,0.3221227526664734,0.528514564037323,0.1493627429008484,1.4223943633024057
WRD25,hrnet32,red_channel_shift_-45,70,8,0.3804396092891693,0.4633157551288605,0.15624462068080902,1.463123207308116
WRD25,hrnet32,red_channel_shift_-45,71,8,0.33302900195121765,0.4937213361263275,0.17324970662593842,1.4691612897948048
WRD25,hrnet32,red_channel_shift_-45,72,8,0.2551855444908142,0.5471227765083313,0.19769158959388733,1.4411811135604815
WRD25,hrnet32,red_channel_shift_-45,73,8,0.35265713930130005,0.44399720430374146,0.2033456563949585,1.5176525044394278
WRD25,hrnet32,red_channel_shift_-45,74,8,0.3270099461078644,0.4130420684814453,0.2599480152130127,1.5594891036245373
WRD25,hrnet32,red_channel_shift_-45,75,8,0.5097402334213257,0.3976193964481354,0.09264034032821655,1.3425621729234516
WRD25,hrnet32,red_channel_shift_-45,76,8,0.44246309995651245,0.4155222773551941,0.14201465249061584,1.4468658048992
WRD25,hrnet32,red_channel_shift_-45,77,8,0.45268651843070984,0.2409791350364685,0.30633440613746643,1.5352017401666007
WRD25,hrnet32,red_channel_shift_-45,78,8,0.3028794527053833,0.3631015419960022,0.3340189754962921,1.5810273972747226
WRD25,hrnet32,red_channel_shift_-45,79,8,0.5749015808105469,0.23001576960086823,0.19508269429206848,1.406776519124421
WRD25,hrnet32,red_channel_shift_-45,80,8,0.23104070127010345,0.47555920481681824,0.2934001088142395,1.5173550968664253
WRD25,hrnet32,red_channel_shift_-45,81,8,0.3425804674625397,0.32739850878715515,0.3300209641456604,1.5846786412180887
WRD25,hrnet32,red_channel_shift_-45,82,8,0.43700408935546875,0.2534502446651459,0.30954575538635254,1.547476355993866
WRD25,hrnet32,red_channel_shift_-45,83,8,0.498849481344223,0.3593766987323761,0.14177381992340088,1.430668791920057
WRD25,hrnet32,red_channel_shift_-45,84,8,0.25749751925468445,0.5007890462875366,0.24171340465545654,1.4988490835908888
WRD25,hrnet32,red_channel_shift_-45,85,8,0.2887129485607147,0.5013059377670288,0.20998118817806244,1.4896853194538462
WRD25,hrnet32,red_channel_shift_-45,86,9,0.49471011757850647,0.06266281008720398,0.44262704253196716,1.2731743671656173
WRD25,hrnet32,red_channel_shift_-45,87,9,0.034354135394096375,0.5325864553451538,0.433059424161911,1.1740113332315465
WRD25,hrnet32,red_channel_shift_-45,88,9,0.28232571482658386,0.5827018618583679,0.1349724978208542,1.3591172503104154
WRD25,hrnet32,red_channel_shift_-45,89,9,0.37968355417251587,0.11260183900594711,0.5077145099639893,1.3817412585774282
WRD25,hrnet32,red_channel_shift_-45,90,9,0.20501823723316193,0.6456496119499207,0.14933209121227264,1.2859049307431043
WRD25,hrnet32,red_channel_shift_-45,91,9,0.39584213495254517,0.09458687156438828,0.5095710754394531,1.3466786924760865
WRD25,hrnet32,red_channel_shift_-45,92,9,0.46551525592803955,0.10962778329849243,0.4248570501804352,1.387824675947953
WRD25,hrnet32,red_channel_shift_-45,93,9,0.19265583157539368,0.6270021200180054,0.18034197390079498,1.325650666131436
WRD25,hrnet32,red_channel_shift_-45,94,9,0.02977234311401844,0.4605174660682678,0.5097102522850037,1.1616765836861833
WRD25,hrnet32,red_channel_shift_-45,95,9,0.13659508526325226,0.45986929535865784,0.4035356044769287,1.4360033976746998
WRD25,hrnet32,red_channel_shift_-45,96,9,0.18562568724155426,0.11856837570667267,0.6958059668540955,1.1798002205111304
WRD25,hrnet32,red_channel_shift_-45,97,10,0.5219972729682922,0.3659018874168396,0.11210078746080399,1.3742209505736143
WRD25,hrnet32,red_channel_shift_-45,98,10,0.5269907116889954,0.3021879494190216,0.17082132399082184,1.4442395248917441
WRD25,hrnet32,red_channel_shift_-45,99,10,0.29811638593673706,0.6282678842544556,0.0736156776547432,1.2188886260133462
WRD25,hrnet32,red_channel_shift_-45,100,10,0.7311405539512634,0.04775902256369591,0.2211003452539444,1.021270299001583
WRD25,hrnet32,red_channel_shift_-45,101,10,0.5244563817977905,0.3961004316806793,0.07944328337907791,1.3078190669889187
WRD25,hrnet32,red_channel_shift_-45,102,10,0.4743110239505768,0.3696333169937134,0.15605570375919342,1.4593439309373464
WRD25,hrnet32,red_channel_shift_-45,103,10,0.8935196399688721,0.04960731789469719,0.05687291547656059,0.5953295224411954
WRD25,hrnet32,red_channel_shift_-45,104,10,0.13713140785694122,0.5987882018089294,0.2640804648399353,1.343387527457799
WRD25,hrnet32,red_channel_shift_-45,105,10,0.5895834565162659,0.3477132320404053,0.06270332634449005,1.2298443422799468
WRD25,hrnet32,red_channel_shift_-45,106,10,0.5493959188461304,0.35725101828575134,0.09335305541753769,1.3246128895506835
WRD25,hrnet32,red_channel_shift_-45,107,11,0.7258465886116028,0.25750595331192017,0.016647305339574814,0.9379161351085532
WRD25,hrnet32,red_channel_shift_-45,108,11,0.4112962782382965,0.4122608006000519,0.17644304037094116,1.4957897102097801
WRD25,hrnet32,red_channel_shift_-45,109,11,0.3246264159679413,0.42589321732521057,0.24948035180568695,1.5510866227546098
WRD25,hrnet32,red_channel_shift_-45,110,11,0.374063640832901,0.4014786183834076,0.22445766627788544,1.543067081625206
WRD25,hrnet32,red_channel_shift_-45,111,11,0.37274298071861267,0.2527354061603546,0.3745216727256775,1.5628464551489467
WRD25,hrnet32,red_channel_shift_-45,112,11,0.343159019947052,0.4658895432949066,0.19095149636268616,1.4990242093748058
WRD25,hrnet32,red_channel_shift_-45,113,11,0.8018592000007629,0.16984699666500092,0.028293659910559654,0.8353968852962684
WRD25,hrnet32,red_channel_shift_-45,114,12,0.4913483262062073,0.4210584759712219,0.08759325742721558,1.3368817674395292
WRD25,hrnet32,red_channel_shift_-45,115,13,0.765788197517395,0.20589348673820496,0.02831830084323883,0.9098746264558459
WRD25,hrnet32,red_channel_shift_-45,116,13,0.7112604975700378,0.2494216412305832,0.039317771792411804,1.0328586950423968
WRD25,hrnet32,red_channel_shift_-45,117,13,0.06926893442869186,0.46585437655448914,0.4648766815662384,1.2939198424308977
WRD25,hrnet32,red_channel_shift_-45,118,13,0.013211185112595558,0.4463272988796234,0.5404614806175232,1.0817000851234622
WRD25,hrnet32,red_channel_shift_-45,119,13,0.46626588702201843,0.03159858658909798,0.5021356344223022,1.1697891889004985
WRD25,hrnet32,red_channel_shift_-45,120,13,0.6374775171279907,0.12835024297237396,0.2341722846031189,1.2846695349126296
WRD25,hrnet32,red_channel_shift_-45,121,14,0.3405567705631256,0.5962131023406982,0.06323014944791794,1.2259320798801085
WRD25,hrnet32,red_channel_shift_-45,122,14,0.5195401310920715,0.42804139852523804,0.05241845175623894,1.2377812684964729
WRD25,hrnet32,red_channel_shift_-45,123,14,0.6036754846572876,0.3641189634799957,0.032205600291490555,1.129907782063391
WRD25,hrnet32,red_channel_shift_-45,124,14,0.43998983502388,0.4672526717185974,0.09275743365287781,1.35225893250773
WRD25,hrnet32,red_channel_shift_-45,125,14,0.6399528384208679,0.06789939105510712,0.29214778542518616,1.1942157797197206
WRD25,hrnet32,red_channel_shift_-45,126,15,0.35565972328186035,0.31374889612197876,0.3305913805961609,1.583044019356147
WRD25,hrnet32,red_channel_shift_-45,127,15,0.4217195510864258,0.30230703949928284,0.2759733498096466,1.5596609840522278
WRD25,hrnet32,red_channel_shift_-45,128,15,0.3017725348472595,0.38760682940483093,0.31062066555023193,1.5755387256658056
WRD25,hrnet32,red_channel_shift_-45,129,15,0.4141634404659271,0.14589855074882507,0.4399380385875702,1.4530208149259254
WRD25,hrnet32,red_channel_shift_-45,130,15,0.4109775722026825,0.19370093941688538,0.39532148838043213,1.5152294137149416
WRD25,hrnet32,red_channel_shift_-45,131,15,0.4172811210155487,0.25573715567588806,0.3269817531108856,1.5565857243863666
WRD25,hrnet32,red_channel_shift_-45,132,15,0.4111347198486328,0.308273583650589,0.2805917263031006,1.5650187183628326
WRD25,hrnet32,red_channel_shift_-45,133,15,0.3314255177974701,0.2750266194343567,0.3935478627681732,1.569714187363938
WRD25,hrnet32,red_channel_shift_-45,134,15,0.4445165693759918,0.17959606647491455,0.375887393951416,1.495450397979349
WRD25,hrnet32,red_channel_shift_-45,135,15,0.4927765130996704,0.019551485776901245,0.48767203092575073,1.1193441483067001
WRD25,hrnet32,red_channel_shift_-45,136,15,0.07876578718423843,0.4493766725063324,0.4718574285507202,1.3186538329698656
WRD25,hrnet32,red_channel_shift_-45,137,15,0.007626511622220278,0.507154643535614,0.48521891236305237,1.0566350475139346
WRD25,hrnet32,red_channel_shift_-45,138,15,0.5759023427963257,0.05315157026052475,0.3709460198879242,1.2142276801451517
WRD25,hrnet32,red_channel_shift_-45,139,15,0.0016773799434304237,0.5472083687782288,0.4511142671108246,1.00952275554246
WRD25,hrnet32,red_channel_shift_-45,140,15,0.5612703561782837,0.033170271664857864,0.4055592715740204,1.1587104722646342
WRD25,hrnet32,red_channel_shift_-45,141,16,0.011687870137393475,0.5803129076957703,0.4079991579055786,1.0583151335254009
WRD25,hrnet32,red_channel_shift_-45,142,16,0.007790641393512487,0.6760537624359131,0.3161556124687195,0.9616216604199743
WRD25,hrnet32,red_channel_shift_-45,143,16,0.012300406582653522,0.41769978404045105,0.5699997544288635,1.0663756606349613
WRD25,hrnet32,red_channel_shift_-45,144,16,0.027546847239136696,0.4751613140106201,0.49729183316230774,1.1540259592528797
WRD25,hrnet32,red_channel_shift_-45,145,16,0.027284858748316765,0.37963396310806274,0.5930812954902649,1.1192395746406862
WRD25,hrnet32,red_channel_shift_-45,146,16,0.00613390002399683,0.3956420421600342,0.5982240438461304,1.0177699667436393
WRD25,hrnet32,red_channel_shift_-45,147,16,0.02649090252816677,0.3186020851135254,0.6549071073532104,1.0644283015670486
WRD25,hrnet32,red_channel_shift_-45,148,17,0.03575104475021362,0.30906200408935547,0.6551868319511414,1.0950539281149876
WRD25,hrnet32,red_channel_shift_-45,149,17,0.007446621544659138,0.8259291052818298,0.16662421822547913,0.7113024099728353
WRD25,hrnet32,red_channel_shift_-45,150,17,0.01417388767004013,0.6248570084571838,0.36096903681755066,1.0415843093119015
WRD25,hrnet32,red_channel_shift_-45,151,17,0.31270483136177063,0.45550692081451416,0.2317882478237152,1.530067130596038
WRD25,hrnet32,red_channel_shift_-45,152,18,0.025632521137595177,0.6222776770591736,0.3520897626876831,1.0916001995962277
WRD25,hrnet32,red_channel_shift_-45,153,18,0.7872146368026733,0.028964700177311897,0.18382076919078827,0.8689102865704819
WRD25,hrnet32,red_channel_shift_-45,154,18,0.5826289653778076,0.410876989364624,0.00649404339492321,1.0285085357671417
WRD25,hrnet32,red_channel_shift_-45,155,18,0.007749705575406551,0.44271349906921387,0.5495367646217346,1.0494136521449413
WRD25,hrnet32,red_channel_shift_-45,156,18,0.6869292259216309,0.291685551404953,0.02138529159128666,1.0092598490415838
WRD25,hrnet32,red_channel_shift_-45,157,18,0.16419917345046997,0.35707220435142517,0.4787285327911377,1.4672431476577859
WRD25,hrnet32,red_channel_shift_-45,158,18,0.04581494629383087,0.5957297086715698,0.3584553897380829,1.1795198714294202
WRD25,hrnet32,red_channel_shift_-45,159,18,0.7035701274871826,0.04333241283893585,0.2530975341796875,1.0548002396391982
WRD25,hrnet32,red_channel_shift_-45,160,18,0.6289862990379333,0.12341473996639252,0.24759891629219055,1.2918904946473122
WRD25,hrnet32,red_channel_shift_-45,161,18,0.5770975947380066,0.2525201737880707,0.17038221657276154,1.3941016396183386
WRD25,hrnet32,red_channel_shift_-45,162,18,0.6669104695320129,0.05120951309800148,0.2818800210952759,1.1242753908104786
WRD25,hrnet32,red_channel_shift_-45,163,18,0.09128904342651367,0.5603636503219604,0.3483472764492035,1.3134551742803464
WRD25,hrnet32,red_channel_shift_-45,164,18,0.46966803073883057,0.20961043238639832,0.32072147727012634,1.5107582724621582
WRD25,hrnet32,red_channel_shift_-45,165,18,0.0811205729842186,0.6020187735557556,0.3168606758117676,1.2600937271321637
WRD25,hrnet32,red_channel_shift_-45,166,18,0.0027201231569051743,0.3195006549358368,0.6777791380882263,0.929424714384329
WRD25,hrnet32,red_channel_shift_-45,167,18,0.37436574697494507,0.024242151528596878,0.6013920903205872,1.10194200507358
WRD25,hrnet32,red_channel_shift_-45,168,18,0.45662781596183777,0.24507783353328705,0.2982943654060364,1.5341718991164017
WRD25,hrnet32,red_channel_shift_-45,169,18,0.605955958366394,0.3505282402038574,0.043515827506780624,1.1648638869562804
WRD25,hrnet32,red_channel_shift_-45,170,19,0.12459153681993484,0.8327792286872864,0.04262927919626236,0.7882606618065227
WRD25,hrnet32,red_channel_shift_-45,171,19,0.6918761730194092,0.30333051085472107,0.004793331027030945,0.9266474772088457
WRD25,hrnet32,red_channel_shift_-45,172,19,0.5956929922103882,0.07742772251367569,0.32687926292419434,1.258294664683382
WRD25,hrnet32,red_channel_shift_-45,173,19,0.7440191507339478,0.18648487329483032,0.06949593871831894,1.0365642261838741
WRD25,hrnet32,red_channel_shift_-45,174,20,0.04821567237377167,0.31359753012657166,0.6381868124008179,1.1490781481839707
WRD25,hrnet32,red_channel_shift_-45,175,20,0.09752623736858368,0.26012784242630005,0.6423459053039551,1.243039535255079
WRD25,hrnet32,red_channel_shift_-45,176,20,0.04238287732005119,0.15341822803020477,0.8041988611221313,0.861015625388202
WRD25,hrnet32,red_channel_shift_-45,177,20,0.07013049721717834,0.3599611222743988,0.5699084401130676,1.2617898700864028
WRD25,hrnet32,red_channel_shift_-45,178,21,0.0074163153767585754,0.401695191860199,0.5908883810043335,1.0295417036025911
WRD25,hrnet32,red_channel_shift_-45,179,21,0.0010031952988356352,0.606584370136261,0.392412394285202,0.9770567161702381
WRD25,hrnet32,red_channel_shift_-45,180,21,0.005251313094049692,0.6186032295227051,0.37614548206329346,0.9990122925085787
WRD25,hrnet32,red_channel_shift_-45,181,21,0.4790205955505371,0.07853154838085175,0.44244787096977234,1.3174048529482612
WRD25,hrnet32,red_channel_shift_-45,182,21,0.12293381243944168,0.41712379455566406,0.4599423408508301,1.413293319134119
WRD25,hrnet32,red_channel_shift_-45,183,21,0.5310260653495789,0.2953406572341919,0.17363326251506805,1.4431477258217402
WRD25,hrnet32,red_channel_shift_-45,184,21,0.6500599980354309,0.12824738025665283,0.2216925472021103,1.2657344318147792
WRD25,hrnet32,red_channel_shift_-45,185,22,0.08618886023759842,0.3010959029197693,0.6127151846885681,1.2592165244642675
WRD25,hrnet32,red_channel_shift_-45,186,22,0.4338509440422058,0.540692150592804,0.025456856936216354,1.1371462976312716
WRD25,hrnet32,red_channel_shift_-45,187,22,0.047570496797561646,0.19130833446979523,0.7611212730407715,0.9652127834529858
WRD25,hrnet32,red_channel_shift_-45,188,22,0.06027831882238388,0.7216629981994629,0.2180587351322174,1.0629986023630194
WRD25,hrnet32,red_channel_shift_-45,189,22,0.11005418747663498,0.6549155116081238,0.2350301742553711,1.2412824163853697
WRD25,hrnet32,red_channel_shift_-45,190,23,0.023388734087347984,0.48626723885536194,0.4903441369533539,1.1366652281008178
WRD25,hrnet32,red_channel_shift_-45,191,23,0.03289709612727165,0.5058149099349976,0.4612879157066345,1.174342349416242
WRD25,hrnet32,red_channel_shift_-45,192,23,0.7069939374923706,0.0666043609380722,0.22640171647071838,1.0991542161257704
WRD25,hrnet32,red_channel_shift_-45,193,23,0.6831985712051392,0.18586550652980804,0.13093604147434235,1.2107657340009155
WRD25,hrnet32,red_channel_shift_-45,194,24,0.732389509677887,0.11687633395195007,0.15073418617248535,1.1025271395563678
WRD25,hrnet32,red_channel_shift_-45,195,24,0.275194376707077,0.6912608742713928,0.03354472294449806,1.0447955346572948
WRD25,hrnet32,red_channel_shift_-45,196,24,0.26193368434906006,0.7129864692687988,0.025079861283302307,0.9875794655626161
WRD25,hrnet32,red_channel_shift_-45,197,24,0.33966803550720215,0.5396124124526978,0.12071959674358368,1.377620419197761
WRD25,hrnet32,red_channel_shift_-45,198,24,0.4536609649658203,0.37747979164123535,0.16885924339294434,1.4811853033817184
WRD25,hrnet32,red_channel_shift_-45,199,24,0.24386976659297943,0.42267298698425293,0.33345723152160645,1.549935768173595
WRD25,hrnet32,red_channel_shift_45,0,0,0.43363329768180847,0.27063488960266113,0.2957318127155304,1.5528178333006464
WRD25,hrnet32,red_channel_shift_45,1,0,0.23526857793331146,0.34180229902267456,0.4229290783405304,1.5455947095038178
WRD25,hrnet32,red_channel_shift_45,2,0,0.25998127460479736,0.24710148572921753,0.4929172396659851,1.5067019987523491
WRD25,hrnet32,red_channel_shift_45,3,0,0.4574659764766693,0.14169421792030334,0.4008396863937378,1.4442676505736816
WRD25,hrnet32,red_channel_shift_45,4,0,0.4397139847278595,0.09348639100790024,0.46679967641830444,1.3539308310257596
WRD25,hrnet32,red_channel_shift_45,5,0,0.45524123311042786,0.11973825097084045,0.4250205457210541,1.408121189657325
WRD25,hrnet32,red_channel_shift_45,6,0,0.46239787340164185,0.050616055727005005,0.48698610067367554,1.2379326998272884
WRD25,hrnet32,red_channel_shift_45,7,0,0.4530910849571228,0.0030109656509011984,0.5438978672027588,1.0205705324856873
WRD25,hrnet32,red_channel_shift_45,8,0,0.4994005560874939,0.003906480502337217,0.4966930150985718,1.0329645582632514
WRD25,hrnet32,red_channel_shift_45,9,0,0.37715837359428406,0.11806542426347733,0.5047761797904968,1.3923411889014186
WRD25,hrnet32,red_channel_shift_45,10,0,0.37274616956710815,0.44916483759880066,0.17808900773525238,1.4926568967690568
WRD25,hrnet32,red_channel_shift_45,11,0,0.30988046526908875,0.15310676395893097,0.5370126962661743,1.4199700371301271
WRD25,hrnet32,red_channel_shift_45,12,0,0.4552869200706482,0.5324195027351379,0.012293657287955284,1.0789982494263977
WRD25,hrnet32,red_channel_shift_45,13,0,0.4868600070476532,0.010940464213490486,0.5021994113922119,1.075853200999849
WRD25,hrnet32,red_channel_shift_45,14,0,0.4112014174461365,0.02644014172255993,0.5623584389686584,1.1327742933480935
WRD25,hrnet32,red_channel_shift_45,15,0,0.4602070748806,0.003514447482302785,0.536278486251831,1.0260052561399111
WRD25,hrnet32,red_channel_shift_45,16,0,0.0013108118437230587,0.4364878535270691,0.5622013211250305,1.0016851090445797
WRD25,hrnet32,red_channel_shift_45,17,0,0.5250788331031799,0.4504694640636444,0.024451686069369316,1.137182136470401
WRD25,hrnet32,red_channel_shift_45,18,1,0.0,0.5157579183578491,0.48424220085144043,0.9992834133494755
WRD25,hrnet32,red_channel_shift_45,19,1,0.4886731207370758,0.48634323477745056,0.02498367801308632,1.1435869576614945
WRD25,hrnet32,red_channel_shift_45,20,1,0.5499101877212524,0.43354737758636475,0.01654239185154438,1.0950626021065
WRD25,hrnet32,red_channel_shift_45,21,1,0.023854009807109833,0.6672877669334412,0.3088582158088684,1.0415155401258294
WRD25,hrnet32,red_channel_shift_45,22,1,0.051229532808065414,0.4257400631904602,0.5230303406715393,1.2331584372659679
WRD25,hrnet32,red_channel_shift_45,23,1,0.016569916158914566,0.5626458525657654,0.42078426480293274,1.090338985779045
WRD25,hrnet32,red_channel_shift_45,24,1,0.027411101385951042,0.5574610233306885,0.4151279330253601,1.1387470381366986
WRD25,hrnet32,red_channel_shift_45,25,2,0.2276323288679123,0.47829538583755493,0.29407230019569397,1.5142248110108003
WRD25,hrnet32,red_channel_shift_45,26,2,0.41413450241088867,0.34705284237861633,0.2388126403093338,1.5499775587726878
WRD25,hrnet32,red_channel_shift_45,27,2,0.36990171670913696,0.611634373664856,0.018463853746652603,1.0708729133495651
WRD25,hrnet32,red_channel_shift_45,28,2,0.4567851126194,0.4262656271457672,0.1169491782784462,1.4028171354202252
WRD25,hrnet32,red_channel_shift_45,29,2,0.4056389629840851,0.5351171493530273,0.05924391746520996,1.252296733764699
WRD25,hrnet32,red_channel_shift_45,30,2,0.3973875939846039,0.5233421921730042,0.07927022874355316,1.3078641502720734
WRD25,hrnet32,red_channel_shift_45,31,2,0.05023547634482384,0.7188950777053833,0.23086945712566376,1.0473276916281635
WRD25,hrnet32,red_channel_shift_45,32,2,0.048909854143857956,0.7198709845542908,0.2312191277742386,1.042784861124924
WRD25,hrnet32,red_channel_shift_45,33,2,0.05550986900925636,0.6541725397109985,0.2903175354003906,1.150072034051794
WRD25,hrnet32,red_channel_shift_45,34,2,0.5823341608047485,0.3673010468482971,0.050364769995212555,1.2021496540945145
WRD25,hrnet32,red_channel_shift_45,35,2,0.48563456535339355,0.41311022639274597,0.10125517845153809,1.3674804820328887
WRD25,hrnet32,red_channel_shift_45,36,3,0.0029186096508055925,0.4433671236038208,0.5537142753601074,1.0170347994243034
WRD25,hrnet32,red_channel_shift_45,37,3,0.3750241994857788,0.24859647452831268,0.37637943029403687,1.5604477480584413
WRD25,hrnet32,red_channel_shift_45,38,3,0.28805798292160034,0.35005223751068115,0.36188969016075134,1.5779994260430383
WRD25,hrnet32,red_channel_shift_45,39,3,0.6068720817565918,0.047102879732847214,0.3460249900817871,1.1746865785512943
WRD25,hrnet32,red_channel_shift_45,40,3,0.43007150292396545,0.37892577052116394,0.1910027414560318,1.5102276387928415
WRD25,hrnet32,red_channel_shift_45,41,4,0.6533485054969788,0.3198803663253784,0.026771066710352898,1.0670452097639918
WRD25,hrnet32,red_channel_shift_45,42,4,0.9027111530303955,0.092110276222229,0.005178555380553007,0.4895244657538933
WRD25,hrnet32,red_channel_shift_45,43,4,0.016414785757660866,0.7401217818260193,0.24346330761909485,0.9148888811577551
WRD25,hrnet32,red_channel_shift_45,44,4,0.8026309609413147,0.01623576134443283,0.1811332255601883,0.7975750394684412
WRD25,hrnet32,red_channel_shift_45,45,4,0.01493697240948677,0.4664340913295746,0.5186289548873901,1.095047135841218
WRD25,hrnet32,red_channel_shift_45,46,5,0.0,0.4266253709793091,0.5733745694160461,0.9844093040885744
WRD25,hrnet32,red_channel_shift_45,47,5,0.0014444893458858132,0.5847997665405273,0.4137556552886963,0.9930281243861074
WRD25,hrnet32,red_channel_shift_45,48,5,0.002504541538655758,0.37150654196739197,0.6259889006614685,0.9753921412041899
WRD25,hrnet32,red_channel_shift_45,49,5,0.002829142613336444,0.5937192440032959,0.4034517705440521,0.998847180071152
WRD25,hrnet32,red_channel_shift_45,50,6,0.44414398074150085,0.30465471744537354,0.2512013614177704,1.5431214344252675
WRD25,hrnet32,red_channel_shift_45,51,6,0.0027591504622250795,0.29519376158714294,0.7020469903945923,0.9013735827065557
WRD25,hrnet32,red_channel_shift_45,52,6,0.013286394067108631,0.2748669385910034,0.711846649646759,0.944019028051662
WRD25,hrnet32,red_channel_shift_45,53,7,0.4617581069469452,0.22666043043136597,0.31158143281936646,1.5243126406176146
WRD25,hrnet32,red_channel_shift_45,54,7,0.5794374942779541,0.007685135118663311,0.4128773510456085,1.03707505701406
WRD25,hrnet32,red_channel_shift_45,55,7,0.014902641996741295,0.43647804856300354,0.5486193895339966,1.0876411784233424
WRD25,hrnet32,red_channel_shift_45,56,7,0.006971406284719706,0.4775106906890869,0.5155179500579834,1.0519469570037407
WRD25,hrnet32,red_channel_shift_45,57,7,0.3579648435115814,0.5323395133018494,0.10969561338424683,1.3645054164614603
WRD25,hrnet32,red_channel_shift_45,58,7,0.5206639170646667,0.45141923427581787,0.027916839346289635,1.1523569193691119
WRD25,hrnet32,red_channel_shift_45,59,7,0.6876452565193176,0.015126863494515419,0.29722779989242554,0.9832332895613324
WRD25,hrnet32,red_channel_shift_45,60,7,0.3166911005973816,0.4056519865989685,0.27765682339668274,1.5666583420616778
WRD25,hrnet32,red_channel_shift_45,61,7,0.47091883420944214,0.40138527750968933,0.12769588828086853,1.4193867756306493
WRD25,hrnet32,red_channel_shift_45,62,7,0.4157876968383789,0.4248330891132355,0.15937933325767517,1.4733730818050113
WRD25,hrnet32,red_channel_shift_45,63,7,0.4202437698841095,0.4724055528640747,0.10735068470239639,1.3823220865156092
WRD25,hrnet32,red_channel_shift_45,64,7,0.40605953335762024,0.4946850538253784,0.09925535321235657,1.3610749933607287
WRD25,hrnet32,red_channel_shift_45,65,7,0.18629027903079987,0.6330739259719849,0.18063578009605408,1.3151457738225463
WRD25,hrnet32,red_channel_shift_45,66,7,0.046004828065633774,0.5883064270019531,0.3656888008117676,1.1853515220317585
WRD25,hrnet32,red_channel_shift_45,67,7,0.41748887300491333,0.3005589246749878,0.2819522023200989,1.5623481995321062
WRD25,hrnet32,red_channel_shift_45,68,7,0.5830307602882385,0.283208966255188,0.13376036286354065,1.3574728726687675
WRD25,hrnet32,red_channel_shift_45,69,8,0.5843818783760071,0.21464626491069794,0.2009718418121338,1.3946500111454154
WRD25,hrnet32,red_channel_shift_45,70,8,0.4760766327381134,0.3604222536087036,0.1635010689496994,1.4675471052317324
WRD25,hrnet32,red_channel_shift_45,71,8,0.44764643907546997,0.3184822201728821,0.2338714450597763,1.5350443262696962
WRD25,hrnet32,red_channel_shift_45,72,8,0.14317050576210022,0.5312041640281677,0.32562538981437683,1.4133821766879833
WRD25,hrnet32,red_channel_shift_45,73,8,0.3393622040748596,0.4703350067138672,0.19030284881591797,1.4964522176000916
WRD25,hrnet32,red_channel_shift_45,74,8,0.31499752402305603,0.5077042579650879,0.17729803919792175,1.4639669907225397
WRD25,hrnet32,red_channel_shift_45,75,8,0.5480393767356873,0.36922332644462585,0.08273730427026749,1.3037068135019148
WRD25,hrnet32,red_channel_shift_45,76,8,0.5923258066177368,0.32626432180404663,0.08140984922647476,1.2693243626429551
WRD25,hrnet32,red_channel_shift_45,77,8,0.5402525663375854,0.2088525891304016,0.25089484453201294,1.4522900814418875
WRD25,hrnet32,red_channel_shift_45,78,8,0.3470616638660431,0.40068021416664124,0.2522580921649933,1.5598036017711934
WRD25,hrnet32,red_channel_shift_45,79,8,0.7013352513313293,0.2342943698167801,0.06437031179666519,1.10422312112975
WRD25,hrnet32,red_channel_shift_45,80,8,0.18843373656272888,0.5289847254753113,0.2825815677642822,1.4549233105331458
WRD25,hrnet32,red_channel_shift_45,81,8,0.34473827481269836,0.26260870695114136,0.39265307784080505,1.5658013128961605
WRD25,hrnet32,red_channel_shift_45,82,8,0.5935547947883606,0.14658807218074799,0.25985708832740784,1.3579669384164323
WRD25,hrnet32,red_channel_shift_45,83,8,0.5851333141326904,0.10618840157985687,0.30867817997932434,1.319418846340069
WRD25,hrnet32,red_channel_shift_45,84,8,0.70428866147995,0.17754264175891876,0.1181686744093895,1.16303827923215
WRD25,hrnet32,red_channel_shift_45,85,8,0.6696801781654358,0.14576125144958496,0.18455852568149567,1.242277864883207
WRD25,hrnet32,red_channel_shift_45,86,9,0.5222811102867126,0.14066064357757568,0.33705824613571167,1.416280042003857
WRD25,hrnet32,red_channel_shift_45,87,9,0.03946547955274582,0.46748778223991394,0.49304676055908203,1.1998799122275003
WRD25,hrnet32,red_channel_shift_45,88,9,0.7223974466323853,0.029545551165938377,0.248057022690773,0.987926843423125
WRD25,hrnet32,red_channel_shift_45,89,9,0.11857535690069199,0.3929131031036377,0.4885115325450897,1.399182473940976
WRD25,hrnet32,red_channel_shift_45,90,9,0.04761822521686554,0.46255287528038025,0.48982882499694824,1.2280100835943442
WRD25,hrnet32,red_channel_shift_45,91,9,0.06446857005357742,0.3442135751247406,0.5913179516792297,1.232820762470587
WRD25,hrnet32,red_channel_shift_45,92,9,0.564426600933075,0.016288669779896736,0.4192846715450287,1.088268772891129
WRD25,hrnet32,red_channel_shift_45,93,9,0.4703291356563568,0.07344511896371841,0.45622560381889343,1.3050506386288945
WRD25,hrnet32,red_channel_shift_45,94,9,0.03042992763221264,0.3439728021621704,0.6255972385406494,1.106247030490135
WRD25,hrnet32,red_channel_shift_45,95,9,0.40500038862228394,0.17042623460292816,0.4245733916759491,1.4879195032316765
WRD25,hrnet32,red_channel_shift_45,96,9,0.039217911660671234,0.408400297164917,0.5523817539215088,1.1838536730082283
WRD25,hrnet32,red_channel_shift_45,97,10,0.5422430634498596,0.341522216796875,0.11623477935791016,1.36903201594825
WRD25,hrnet32,red_channel_shift_45,98,10,0.44601279497146606,0.3480466306209564,0.20594066381454468,1.5189700029047097
WRD25,hrnet32,red_channel_shift_45,99,10,0.607667088508606,0.2723102271556854,0.12002261728048325,1.314840198043587
WRD25,hrnet32,red_channel_shift_45,100,10,0.44821906089782715,0.3562127947807312,0.1955682337284088,1.509799785107873
WRD25,hrnet32,red_channel_shift_45,101,10,0.5043598413467407,0.3776821494102478,0.11795805394649506,1.392335498431554
WRD25,hrnet32,red_channel_shift_45,102,10,0.4587237536907196,0.2814052700996399,0.2598709464073181,1.535736553109495
WRD25,hrnet32,red_channel_shift_45,103,10,0.35906150937080383,0.3195111155509949,0.3214274048805237,1.5828357725783166
WRD25,hrnet32,red_channel_shift_45,104,10,0.18609556555747986,0.47247007489204407,0.3414343595504761,1.49185210468441
WRD25,hrnet32,red_channel_shift_45,105,10,0.2663686275482178,0.46848970651626587,0.26514163613319397,1.5286414396897048
WRD25,hrnet32,red_channel_shift_45,106,10,0.3742469549179077,0.3859589695930481,0.23979413509368896,1.554773456185711
WRD25,hrnet32,red_channel_shift_45,107,11,0.27421578764915466,0.09993334114551544,0.6258508563041687,1.26706673118581
WRD25,hrnet32,red_channel_shift_45,108,11,0.31932365894317627,0.35687586665153503,0.3238004446029663,1.5831609798596782
WRD25,hrnet32,red_channel_shift_45,109,11,0.20954975485801697,0.4452238082885742,0.3452264368534088,1.521921678266029
WRD25,hrnet32,red_channel_shift_45,110,11,0.21256713569164276,0.3746199607849121,0.4128129184246063,1.5324572128419804
WRD25,hrnet32,red_channel_shift_45,111,11,0.39977309107780457,0.18874922394752502,0.411477655172348,1.5099765515200199
WRD25,hrnet32,red_channel_shift_45,112,11,0.30818337202072144,0.340119868516922,0.3516969084739685,1.5827421971905098
WRD25,hrnet32,red_channel_shift_45,113,11,0.32888421416282654,0.2759837210178375,0.3951319754123688,1.569558039150155
WRD25,hrnet32,red_channel_shift_45,114,12,0.0005213207914493978,0.8830491304397583,0.11642959713935852,0.525354070281724
WRD25,hrnet32,red_channel_shift_45,115,13,0.7135415077209473,0.277788370847702,0.008670070208609104,0.9201697661181512
WRD25,hrnet32,red_channel_shift_45,116,13,0.754438042640686,0.23378005623817444,0.011781974695622921,0.8723732882103588
WRD25,hrnet32,red_channel_shift_45,117,13,0.02899162657558918,0.48560631275177,0.48540204763412476,1.160317775334116
WRD25,hrnet32,red_channel_shift_45,118,13,0.009144198149442673,0.5088827610015869,0.48197314143180847,1.0653933440105923
WRD25,hrnet32,red_channel_shift_45,119,13,0.012058674357831478,0.5186940431594849,0.4692471921443939,1.0803064388909194
WRD25,hrnet32,red_channel_shift_45,120,13,0.6981754302978516,0.1836702674627304,0.11815427988767624,1.174993717955084
WRD25,hrnet32,red_channel_shift_45,121,14,0.0007140047964639962,0.3510785698890686,0.6482073664665222,0.9430743295546197
WRD25,hrnet32,red_channel_shift_45,122,14,0.5406708717346191,0.43397432565689087,0.025354774668812752,1.1367351097124339
WRD25,hrnet32,red_channel_shift_45,123,14,0.6624936461448669,0.32178428769111633,0.015722088515758514,1.0141132380880473
WRD25,hrnet32,red_channel_shift_45,124,14,0.5954999923706055,0.38004183769226074,0.02445814199745655,1.1067193406617277
WRD25,hrnet32,red_channel_shift_45,125,14,0.7053877711296082,0.011237540282309055,0.28337469696998596,0.9434600172899885
WRD25,hrnet32,red_channel_shift_45,126,15,0.36571720242500305,0.13520562648773193,0.4990772008895874,1.4214438891195194
WRD25,hrnet32,red_channel_shift_45,127,15,0.3028491139411926,0.21868854761123657,0.4784623682498932,1.510359200834154
WRD25,hrnet32,red_channel_shift_45,128,15,0.23375828564167023,0.18512260913848877,0.5811191201210022,1.3957272781091419
WRD25,hrnet32,red_channel_shift_45,129,15,0.01909988559782505,0.3961431682109833,0.5847568511962891,1.0909311511265427
WRD25,hrnet32,red_channel_shift_45,130,15,0.3878842294216156,0.08086103200912476,0.5312546491622925,1.308146981779518
WRD25,hrnet32,red_channel_shift_45,131,15,0.2477564811706543,0.29019829630851746,0.4620453119277954,1.5313762479905644
WRD25,hrnet32,red_channel_shift_45,132,15,0.22232608497142792,0.25259000062942505,0.5250838398933411,1.4717077625872776
WRD25,hrnet32,red_channel_shift_45,133,15,0.3932502567768097,0.14211878180503845,0.46463099122047424,1.443352885751046
WRD25,hrnet32,red_channel_shift_45,134,15,0.35565438866615295,0.12501080334186554,0.5193347334861755,1.3963664194249366
WRD25,hrnet32,red_channel_shift_45,135,15,0.013549402356147766,0.3612731397151947,0.6251774430274963,1.0383935097697654
WRD25,hrnet32,red_channel_shift_45,136,15,0.02684909664094448,0.37379056215286255,0.5993602871894836,1.113424975574328
WRD25,hrnet32,red_channel_shift_45,137,15,0.006729640532284975,0.36804941296577454,0.6252208948135376,1.002919820575166
WRD25,hrnet32,red_channel_shift_45,138,15,0.48756271600723267,0.027680328115820885,0.4847568869590759,1.154935806619219
WRD25,hrnet32,red_channel_shift_45,139,15,0.004930824972689152,0.437176376581192,0.5578927397727966,1.0293649593462273
WRD25,hrnet32,red_channel_shift_45,140,15,0.01754307746887207,0.4129144847393036,0.569542407989502,1.0917814963093853
WRD25,hrnet32,red_channel_shift_45,141,16,0.01687808148562908,0.6264981627464294,0.3566237688064575,1.0525237298485333
WRD25,hrnet32,red_channel_shift_45,142,16,0.01022143755108118,0.7128881812095642,0.2768903076648712,0.9286267667432011
WRD25,hrnet32,red_channel_shift_45,143,16,0.010775321163237095,0.740024983882904,0.249199777841568,0.8914139759543307
WRD25,hrnet32,red_channel_shift_45,144,16,0.015634585171937943,0.7251559495925903,0.25920936465263367,0.9348932735260425
WRD25,hrnet32,red_channel_shift_45,145,16,0.012184877879917622,0.6404733657836914,0.3473418354988098,1.0190653141131312
WRD25,hrnet32,red_channel_shift_45,146,16,0.0027481194119900465,0.5927949547767639,0.40445688366889954,0.9987779765658209
WRD25,hrnet32,red_channel_shift_45,147,16,0.004718960262835026,0.571973979473114,0.4233071208000183,1.022459063882452
WRD25,hrnet32,red_channel_shift_45,148,17,0.012869924306869507,0.6608810424804688,0.32624906301498413,1.0029260235901074
WRD25,hrnet32,red_channel_shift_45,149,17,0.0010863285278901458,0.625973105430603,0.37294068932533264,0.9644340360717212
WRD25,hrnet32,red_channel_shift_45,150,17,0.0021457085385918617,0.5175779461860657,0.4802762567996979,1.0189607540883356
WRD25,hrnet32,red_channel_shift_45,151,17,0.29693710803985596,0.48722073435783386,0.2158420979976654,1.5030177278701968
WRD25,hrnet32,red_channel_shift_45,152,18,0.013749937526881695,0.5645129680633545,0.42173707485198975,1.0760234005236888
WRD25,hrnet32,red_channel_shift_45,153,18,0.6358981132507324,0.00721255037933588,0.35688936710357666,0.9971436140637362
WRD25,hrnet32,red_channel_shift_45,154,18,0.457221657037735,0.4954349398612976,0.04734346643090248,1.2265537034805434
WRD25,hrnet32,red_channel_shift_45,155,18,0.003718135878443718,0.466980904340744,0.5293009281158447,1.028832001314529
WRD25,hrnet32,red_channel_shift_45,156,18,0.5354746580123901,0.42363202571868896,0.04089330509305,1.1960504393392168
WRD25,hrnet32,red_channel_shift_45,157,18,0.4538554847240448,0.4132029116153717,0.1329415738582611,1.4311336498527616
WRD25,hrnet32,red_channel_shift_45,158,18,0.02466995269060135,0.619289755821228,0.35604026913642883,1.0903480915884272
WRD25,hrnet32,red_channel_shift_45,159,18,0.8504331111907959,0.02234065718948841,0.12722629308700562,0.6997309249470569
WRD25,hrnet32,red_channel_shift_45,160,18,0.4288942813873291,0.14925211668014526,0.421853631734848,1.4586714028124357
WRD25,hrnet32,red_channel_shift_45,161,18,0.4601401388645172,0.3421538770198822,0.19770590960979462,1.5070484736319563
WRD25,hrnet32,red_channel_shift_45,162,18,0.01900475285947323,0.6598882675170898,0.32110702991485596,1.0306526998512808
WRD25,hrnet32,red_channel_shift_45,163,18,0.04150315374135971,0.7160109281539917,0.24248594045639038,1.0312526087052778
WRD25,hrnet32,red_channel_shift_45,164,18,0.4288312494754791,0.18099766969680786,0.3901710510253906,1.4999401656649658
WRD25,hrnet32,red_channel_shift_45,165,18,0.0665806457400322,0.7135945558547974,0.21982483565807343,1.0880853036178684
WRD25,hrnet32,red_channel_shift_45,166,18,0.0009291708120144904,0.5290931463241577,0.4699777662754059,1.0072444491837471
WRD25,hrnet32,red_channel_shift_45,167,18,0.005619701463729143,0.3649439215660095,0.6294363141059875,0.9931099487064662
WRD25,hrnet32,red_channel_shift_45,168,18,0.4645230770111084,0.2691710889339447,0.26630571484565735,1.531831178530735
WRD25,hrnet32,red_channel_shift_45,169,18,0.6188421845436096,0.34307506680488586,0.03808276727795601,1.1375123161747653
WRD25,hrnet32,red_channel_shift_45,170,19,0.029554292559623718,0.546812117099762,0.42363354563713074,1.1512886397765691
WRD25,hrnet32,red_channel_shift_45,171,19,0.0005348616978153586,0.5901010632514954,0.40936410427093506,0.9823435026504702
WRD25,hrnet32,red_channel_shift_45,172,19,0.0024407762102782726,0.3781607747077942,0.6193983554840088,0.9797563394633751
WRD25,hrnet32,red_channel_shift_45,173,19,0.5468197464942932,0.3236418664455414,0.12953855097293854,1.3848922087909172
WRD25,hrnet32,red_channel_shift_45,174,20,0.06671614199876785,0.21170227229595184,0.721581757068634,1.0744670147296096
WRD25,hrnet32,red_channel_shift_45,175,20,0.16993792355060577,0.3146705627441406,0.5153914093971252,1.4522632252106729
WRD25,hrnet32,red_channel_shift_45,176,20,0.14291928708553314,0.34081166982650757,0.5162690281867981,1.4228201194954575
WRD25,hrnet32,red_channel_shift_45,177,20,0.06931989639997482,0.3703657388687134,0.5603142976760864,1.2658980675268456
WRD25,hrnet32,red_channel_shift_45,178,21,0.0066691432148218155,0.5740657448768616,0.41926509141921997,1.0336536833809227
WRD25,hrnet32,red_channel_shift_45,179,21,0.0037391064688563347,0.7178847789764404,0.27837613224983215,0.8869979420374383
WRD25,hrnet32,red_channel_shift_45,180,21,0.006302963010966778,0.6834037899971008,0.31029313802719116,0.9452582352963903
WRD25,hrnet32,red_channel_shift_45,181,21,0.017375370487570763,0.6419475078582764,0.3406771421432495,1.0413482429367593
WRD25,hrnet32,red_channel_shift_45,182,21,0.08252134919166565,0.442195862531662,0.47528284788131714,1.3276193321499987
WRD25,hrnet32,red_channel_shift_45,183,21,0.5186538696289062,0.09587676078081131,0.38546937704086304,1.3457066672175781
WRD25,hrnet32,red_channel_shift_45,184,21,0.0519258938729763,0.572622537612915,0.3754514753818512,1.2128001246285667
WRD25,hrnet32,red_channel_shift_45,185,22,0.0291854627430439,0.7609668970108032,0.20984774827957153,0.9213979443349803
WRD25,hrnet32,red_channel_shift_45,186,22,0.008836732245981693,0.6533833742141724,0.3377799391746521,0.9903737610260144
WRD25,hrnet32,red_channel_shift_45,187,22,0.03751240670681,0.443947434425354,0.5185402035713196,1.189081376294225
WRD25,hrnet32,red_channel_shift_45,188,22,0.04880007356405258,0.7352260947227478,0.21597379446029663,1.0164034698930253
WRD25,hrnet32,red_channel_shift_45,189,22,0.08705087751150131,0.6813654899597168,0.23158369958400726,1.1724611814034047
WRD25,hrnet32,red_channel_shift_45,190,23,0.00735399080440402,0.5657351613044739,0.42691075801849365,1.0412851204115527
WRD25,hrnet32,red_channel_shift_45,191,23,0.019059309735894203,0.5772629976272583,0.40367773175239563,1.0947914885359724
WRD25,hrnet32,red_channel_shift_45,192,23,0.03430318459868431,0.5953330993652344,0.3703637719154358,1.1430750736307596
WRD25,hrnet32,red_channel_shift_45,193,23,0.5615190267562866,0.27895650267601013,0.15952438116073608,1.4037681974067993
WRD25,hrnet32,red_channel_shift_45,194,24,0.3554280400276184,0.42693158984184265,0.2176404446363449,1.5334744766057173
WRD25,hrnet32,red_channel_shift_45,195,24,0.4159781336784363,0.5601658821105957,0.023855872452259064,1.1232988035903597
WRD25,hrnet32,red_channel_shift_45,196,24,0.39381328225135803,0.5798585414886475,0.026328150182962418,1.1234998847631346
WRD25,hrnet32,red_channel_shift_45,197,24,0.17349739372730255,0.6514387130737305,0.175063818693161,1.2813327119777567
WRD25,hrnet32,red_channel_shift_45,198,24,0.004166608210653067,0.5258672833442688,0.4699661135673523,1.0325122056644176
WRD25,hrnet32,red_channel_shift_45,199,24,0.6877199411392212,0.011203078553080559,0.3010770380496979,0.9654416687814373
WRD25,hrnet32,green_channel_shift_-45,0,0,0.5521594285964966,0.24589934945106506,0.20194114744663239,1.4368587504194703
WRD25,hrnet32,green_channel_shift_-45,1,0,0.42291373014450073,0.17038920521736145,0.4066970646381378,1.4879764601442265
WRD25,hrnet32,green_channel_shift_-45,2,0,0.3522872030735016,0.2622741758823395,0.3854385316371918,1.5668096430743654
WRD25,hrnet32,green_channel_shift_-45,3,0,0.5143457651138306,0.17404049634933472,0.31161370873451233,1.4565601682051015
WRD25,hrnet32,green_channel_shift_-45,4,0,0.0,0.5400238633155823,0.4599762260913849,0.9953729315142007
WRD25,hrnet32,green_channel_shift_-45,5,0,0.5432788133621216,0.09733687341213226,0.35938429832458496,1.335944981932174
WRD25,hrnet32,green_channel_shift_-45,6,0,0.5053530335426331,0.09031886607408524,0.4043281376361847,1.3391046151792176
WRD25,hrnet32,green_channel_shift_-45,7,0,0.5336359143257141,0.0037281871773302555,0.4626358151435852,1.0280638279755427
WRD25,hrnet32,green_channel_shift_-45,8,0,0.5847620368003845,0.3860624432563782,0.02917550690472126,1.1315204432047692
WRD25,hrnet32,green_channel_shift_-45,9,0,0.4433303773403168,0.14211632311344147,0.41455331444740295,1.4469417721573226
WRD25,hrnet32,green_channel_shift_-45,10,0,0.004852457903325558,0.44909659028053284,0.5460509657859802,1.0326076627513825
WRD25,hrnet32,green_channel_shift_-45,11,0,0.47952648997306824,0.07571127265691757,0.444762259721756,1.3102296043311406
WRD25,hrnet32,green_channel_shift_-45,12,0,0.2797992527484894,0.22593146562576294,0.49426940083503723,1.5014891509231456
WRD25,hrnet32,green_channel_shift_-45,13,0,0.5063575506210327,0.10222897678613663,0.39141350984573364,1.363147763628009
WRD25,hrnet32,green_channel_shift_-45,14,0,0.5442605018615723,0.012393487617373466,0.4433460533618927,1.0764278322000727
WRD25,hrnet32,green_channel_shift_-45,15,0,0.5493633151054382,0.4424283504486084,0.008208435028791428,1.0521255590844685
WRD25,hrnet32,green_channel_shift_-45,16,0,0.0001967011485248804,0.528469979763031,0.47133341431617737,1.0001521290033069
WRD25,hrnet32,green_channel_shift_-45,17,0,0.0,0.5625016689300537,0.4374983310699463,0.9886988065435589
WRD25,hrnet32,green_channel_shift_-45,18,1,0.0007332097738981247,0.5593384504318237,0.4399283230304718,0.9976417506272566
WRD25,hrnet32,green_channel_shift_-45,19,1,0.6393442153930664,0.34131482243537903,0.019340911880135536,1.0520032375289956
WRD25,hrnet32,green_channel_shift_-45,20,1,0.0,0.6697525382041931,0.33024752140045166,0.9151790476095267
WRD25,hrnet32,green_channel_shift_-45,21,1,0.01830742135643959,0.7061996459960938,0.27549299597740173,0.9724605433766228
WRD25,hrnet32,green_channel_shift_-45,22,1,0.04628131538629532,0.4651806056499481,0.4885380268096924,1.2236911334346503
WRD25,hrnet32,green_channel_shift_-45,23,1,0.021502645686268806,0.580278754234314,0.39821866154670715,1.1037155882210676
WRD25,hrnet32,green_channel_shift_-45,24,1,0.025223031640052795,0.663418173789978,0.3113586902618408,1.0507876458473344
WRD25,hrnet32,green_channel_shift_-45,25,2,0.5378155708312988,0.30705249309539795,0.15513192117214203,1.421354337353538
WRD25,hrnet32,green_channel_shift_-45,26,2,0.44787806272506714,0.3680602014064789,0.18406175076961517,1.4991793887045661
WRD25,hrnet32,green_channel_shift_-45,27,2,0.6100053191184998,0.12001367658376694,0.2699809670448303,1.3121010106677167
WRD25,hrnet32,green_channel_shift_-45,28,2,0.6193210482597351,0.3070537745952606,0.07362508028745651,1.2282462161684264
WRD25,hrnet32,green_channel_shift_-45,29,2,0.49093976616859436,0.4739556908607483,0.03510447219014168,1.1840572804858964
WRD25,hrnet32,green_channel_shift_-45,30,2,0.4914144277572632,0.32935214042663574,0.17923343181610107,1.4759285772491344
WRD25,hrnet32,green_channel_shift_-45,31,2,0.04610314592719078,0.8570877313613892,0.0968092754483223,0.7214633648691393
WRD25,hrnet32,green_channel_shift_-45,32,2,0.042708128690719604,0.8530290126800537,0.10426297038793564,0.7299967166500214
WRD25,hrnet32,green_channel_shift_-45,33,2,0.029516389593482018,0.7423375248908997,0.22814609110355377,0.9555088471780411
WRD25,hrnet32,green_channel_shift_-45,34,2,0.9134287238121033,0.07675810158252716,0.009813183918595314,0.469067476011989
WRD25,hrnet32,green_channel_shift_-45,35,2,0.4912821650505066,0.4902724623680115,0.018445337191224098,1.1141741756314876
WRD25,hrnet32,green_channel_shift_-45,36,3,0.0015175497392192483,0.4478580951690674,0.550624430179596,1.0072373478314638
WRD25,hrnet32,green_channel_shift_-45,37,3,0.45293131470680237,0.3473118543624878,0.19975689053535461,1.511599650453173
WRD25,hrnet32,green_channel_shift_-45,38,3,0.48699402809143066,0.2561652362346649,0.25684064626693726,1.512517156098761
WRD25,hrnet32,green_channel_shift_-45,39,3,0.03856774792075157,0.6879933476448059,0.27343884110450745,1.0638521048249006
WRD25,hrnet32,green_channel_shift_-45,40,3,0.37113356590270996,0.5499909520149231,0.07887548208236694,1.2941172480693375
WRD25,hrnet32,green_channel_shift_-45,41,4,0.6915355920791626,0.297424852848053,0.011039633303880692,0.9600694935405072
WRD25,hrnet32,green_channel_shift_-45,42,4,0.29646027088165283,0.5593864321708679,0.14415322244167328,1.3916409098441704
WRD25,hrnet32,green_channel_shift_-45,43,4,0.012667839415371418,0.8084651827812195,0.1788669377565384,0.7719659784119898
WRD25,hrnet32,green_channel_shift_-45,44,4,0.007139208726584911,0.5417358875274658,0.45112475752830505,1.0480529155847609
WRD25,hrnet32,green_channel_shift_-45,45,4,0.01358567364513874,0.5455807447433472,0.44083371758461,1.0820970457544479
WRD25,hrnet32,green_channel_shift_-45,46,5,0.9922260046005249,0.0,0.0077740284614264965,0.06564541059381267
WRD25,hrnet32,green_channel_shift_-45,47,5,0.017050283029675484,0.4447598159313202,0.5381899476051331,1.1010758755899925
WRD25,hrnet32,green_channel_shift_-45,48,5,0.0011711069382727146,0.7680000066757202,0.2308289110660553,0.7921024655965793
WRD25,hrnet32,green_channel_shift_-45,49,5,0.003411748679354787,0.9294984340667725,0.06708985567092896,0.387499972911988
WRD25,hrnet32,green_channel_shift_-45,50,6,0.40307098627090454,0.4280124306678772,0.1689164936542511,1.4857636708187034
WRD25,hrnet32,green_channel_shift_-45,51,6,0.0018304107943549752,0.3813936710357666,0.6167759895324707,0.977033929244965
WRD25,hrnet32,green_channel_shift_-45,52,6,0.014909448102116585,0.40341514348983765,0.5816754102706909,1.0735065158724963
WRD25,hrnet32,green_channel_shift_-45,53,7,0.7356374263763428,0.1398913562297821,0.12447132915258408,1.0969720600250006
WRD25,hrnet32,green_channel_shift_-45,54,7,0.008618887513875961,0.5937513709068298,0.39762967824935913,1.0347001750189466
WRD25,hrnet32,green_channel_shift_-45,55,7,0.015962643548846245,0.5454797744750977,0.438557505607605,1.0937682609517942
WRD25,hrnet32,green_channel_shift_-45,56,7,0.00688190059736371,0.41875165700912476,0.5743663907051086,1.0347830245983332
WRD25,hrnet32,green_channel_shift_-45,57,7,0.43049681186676025,0.34573131799697876,0.2237718552350998,1.5365328662561475
WRD25,hrnet32,green_channel_shift_-45,58,7,0.4856796860694885,0.48206955194473267,0.032250694930553436,1.173295943998503
WRD25,hrnet32,green_channel_shift_-45,59,7,0.40394678711891174,0.4132184684276581,0.18283477425575256,1.5033286944676076
WRD25,hrnet32,green_channel_shift_-45,60,7,0.5495783090591431,0.05270763486623764,0.3977140784263611,1.227443765852118
WRD25,hrnet32,green_channel_shift_-45,61,7,0.704849898815155,0.23884809017181396,0.05630197376012802,1.0827873652313829
WRD25,hrnet32,green_channel_shift_-45,62,7,0.36347463726997375,0.5004861354827881,0.13603918254375458,1.4219920562636488
WRD25,hrnet32,green_channel_shift_-45,63,7,0.5319666266441345,0.36192402243614197,0.10610939562320709,1.358482537713783
WRD25,hrnet32,green_channel_shift_-45,64,7,0.4622899293899536,0.45947620272636414,0.07823390513658524,1.3176853596024838
WRD25,hrnet32,green_channel_shift_-45,65,7,0.3641968071460724,0.4690943658351898,0.166708841919899,1.473860880149808
WRD25,hrnet32,green_channel_shift_-45,66,7,0.06481198221445084,0.7327207922935486,0.20246727764606476,1.0511304200551086
WRD25,hrnet32,green_channel_shift_-45,67,7,0.032552141696214676,0.6074452996253967,0.3600025773048401,1.1283174425120914
WRD25,hrnet32,green_channel_shift_-45,68,7,0.252225399017334,0.4823128581047058,0.265461802482605,1.5165401740677287
WRD25,hrnet32,green_channel_shift_-45,69,8,0.5795996785163879,0.3030259907245636,0.11737430840730667,1.3408104001167027
WRD25,hrnet32,green_channel_shift_-45,70,8,0.33489543199539185,0.5645514726638794,0.10055307298898697,1.327422777456103
WRD25,hrnet32,green_channel_shift_-45,71,8,0.41193345189094543,0.4018513858318329,0.18621507287025452,1.5071810362816116
WRD25,hrnet32,green_channel_shift_-45,72,8,0.514802098274231,0.38283565640449524,0.102362260222435,1.3600313266882647
WRD25,hrnet32,green_channel_shift_-45,73,8,0.346160888671875,0.4605023264884949,0.1933368444442749,1.503332385233374
WRD25,hrnet32,green_channel_shift_-45,74,8,0.416506826877594,0.4251425266265869,0.15835058689117432,1.47193450182466
WRD25,hrnet32,green_channel_shift_-45,75,8,0.49749669432640076,0.42783400416374207,0.07466922700405121,1.3046556248557561
WRD25,hrnet32,green_channel_shift_-45,76,8,0.5576165318489075,0.3761797249317169,0.06620369106531143,1.2597981613588072
WRD25,hrnet32,green_channel_shift_-45,77,8,0.5685791373252869,0.3114531636238098,0.11996757239103317,1.3543091156025615
WRD25,hrnet32,green_channel_shift_-45,78,8,0.2833625078201294,0.5455660223960876,0.17107152938842773,1.4282106827458643
WRD25,hrnet32,green_channel_shift_-45,79,8,0.3754795789718628,0.339806467294693,0.28471407294273376,1.5757968492084764
WRD25,hrnet32,green_channel_shift_-45,80,8,0.30599063634872437,0.5039143562316895,0.190094992518425,1.4763288740440772
WRD25,hrnet32,green_channel_shift_-45,81,8,0.2621592581272125,0.47249075770378113,0.2653498947620392,1.5253106395561522
WRD25,hrnet32,green_channel_shift_-45,82,8,0.5239725112915039,0.3014315068721771,0.1745959222316742,1.4496938587947712
WRD25,hrnet32,green_channel_shift_-45,83,8,0.5113850831985474,0.2804223597049713,0.20819257199764252,1.4805104647111005
WRD25,hrnet32,green_channel_shift_-45,84,8,0.40861576795578003,0.4312361776828766,0.16014805436134338,1.4740760388643555
WRD25,hrnet32,green_channel_shift_-45,85,8,0.6557674407958984,0.23484687507152557,0.1093856692314148,1.2392873465937342
WRD25,hrnet32,green_channel_shift_-45,86,9,0.019320016726851463,0.4182874858379364,0.5623924732208252,1.102955168369628
WRD25,hrnet32,green_channel_shift_-45,87,9,0.0344727523624897,0.5883464813232422,0.37718087434768677,1.1482913047518608
WRD25,hrnet32,green_channel_shift_-45,88,9,0.43184712529182434,0.01763750985264778,0.550515353679657,1.0999586959619152
WRD25,hrnet32,green_channel_shift_-45,89,9,0.41006720066070557,0.22828041017055511,0.3616524338722229,1.544528758261431
WRD25,hrnet32,green_channel_shift_-45,90,9,0.3666141629219055,0.04111632704734802,0.5922695398330688,1.1676030471852883
WRD25,hrnet32,green_channel_shift_-45,91,9,0.0324232243001461,0.3637430667877197,0.6038336753845215,1.1305524805474212
WRD25,hrnet32,green_channel_shift_-45,92,9,0.010431968607008457,0.6250079274177551,0.3645601272583008,1.0231770948257475
WRD25,hrnet32,green_channel_shift_-45,93,9,0.38000065088272095,0.5579878091812134,0.062011659145355225,1.248856559314342
WRD25,hrnet32,green_channel_shift_-45,94,9,0.019977085292339325,0.37860533595085144,0.601417601108551,1.0844717675273803
WRD25,hrnet32,green_channel_shift_-45,95,9,0.37136390805244446,0.1739722341299057,0.4546639025211334,1.4866692984238539
WRD25,hrnet32,green_channel_shift_-45,96,9,0.028430461883544922,0.3948568105697632,0.5767127871513367,1.1333284840904374
WRD25,hrnet32,green_channel_shift_-45,97,10,0.458905428647995,0.40262335538864136,0.13847118616104126,1.439095617833603
WRD25,hrnet32,green_channel_shift_-45,98,10,0.48301130533218384,0.43194013833999634,0.08504853397607803,1.33261690694522
WRD25,hrnet32,green_channel_shift_-45,99,10,0.6074770092964172,0.3610866367816925,0.03143634647130966,1.1243945714003116
WRD25,hrnet32,green_channel_shift_-45,100,10,0.5502726435661316,0.39260295033454895,0.057124409824609756,1.2396895120839275
WRD25,hrnet32,green_channel_shift_-45,101,10,0.5307555198669434,0.4276050627231598,0.041639480739831924,1.2000956535342828
WRD25,hrnet32,green_channel_shift_-45,102,10,0.5686612129211426,0.31719982624053955,0.11413890868425369,1.3459317711651049
WRD25,hrnet32,green_channel_shift_-45,103,10,0.6161045432090759,0.3126988112926483,0.07119666785001755,1.2263540347444997
WRD25,hrnet32,green_channel_shift_-45,104,10,0.09070901572704315,0.5807531476020813,0.32853785157203674,1.2969907807854946
WRD25,hrnet32,green_channel_shift_-45,105,10,0.3446461856365204,0.5063999891281128,0.1489538699388504,1.4359499132694522
WRD25,hrnet32,green_channel_shift_-45,106,10,0.5412956476211548,0.39152267575263977,0.0671815350651741,1.270713134550579
WRD25,hrnet32,green_channel_shift_-45,107,11,0.5809338688850403,0.2710961699485779,0.14796991646289825,1.3735981264336599
WRD25,hrnet32,green_channel_shift_-45,108,11,0.23897552490234375,0.5288085341453552,0.23221592605113983,1.4687255008291675
WRD25,hrnet32,green_channel_shift_-45,109,11,0.22785447537899017,0.4640890955924988,0.30805638432502747,1.523496015065295
WRD25,hrnet32,green_channel_shift_-45,110,11,0.2534133195877075,0.3988245725631714,0.3477621078491211,1.5607089027642371
WRD25,hrnet32,green_channel_shift_-45,111,11,0.14678150415420532,0.4225710332393646,0.43064746260643005,1.4548904107981793
WRD25,hrnet32,green_channel_shift_-45,112,11,0.19514216482639313,0.6270744204521179,0.17778339982032776,1.3252344705604853
WRD25,hrnet32,green_channel_shift_-45,113,11,0.3140137493610382,0.5893349051475525,0.09665130823850632,1.3001349765831975
WRD25,hrnet32,green_channel_shift_-45,114,12,0.27143019437789917,0.6528877019882202,0.07568210363388062,1.1940740413280566
WRD25,hrnet32,green_channel_shift_-45,115,13,0.7734531164169312,0.21960130333900452,0.006945601664483547,0.8167276931468784
WRD25,hrnet32,green_channel_shift_-45,116,13,0.8251170516014099,0.009939044713973999,0.16494379937648773,0.7237965307230523
WRD25,hrnet32,green_channel_shift_-45,117,13,0.03154042735695839,0.5019330978393555,0.46652644872665405,1.1695847678529325
WRD25,hrnet32,green_channel_shift_-45,118,13,0.009727133437991142,0.5133275985717773,0.47694528102874756,1.0682871731004253
WRD25,hrnet32,green_channel_shift_-45,119,13,0.01213694829493761,0.46615010499954224,0.5217128992080688,1.0802557728654525
WRD25,hrnet32,green_channel_shift_-45,120,13,0.5380110144615173,0.27946779131889343,0.18252113461494446,1.443031336692986
WRD25,hrnet32,green_channel_shift_-45,121,14,0.00014128000475466251,0.42395609617233276,0.5759026408195496,0.9851480238868442
WRD25,hrnet32,green_channel_shift_-45,122,14,0.535396158695221,0.4420565366744995,0.02254735678434372,1.126527013842575
WRD25,hrnet32,green_channel_shift_-45,123,14,0.6540076732635498,0.32973363995552063,0.01625875197350979,1.0250590323017452
WRD25,hrnet32,green_channel_shift_-45,124,14,0.5867323279380798,0.39480823278427124,0.018459400162100792,1.0869958554550285
WRD25,hrnet32,green_channel_shift_-45,125,14,0.7995630502700806,0.0068951379507780075,0.1935417801141739,0.7660957649264173
WRD25,hrnet32,green_channel_shift_-45,126,15,0.2897339165210724,0.3295186161994934,0.3807474672794342,1.5759757078465548
WRD25,hrnet32,green_channel_shift_-45,127,15,0.2615276277065277,0.35116806626319885,0.3873043656349182,1.566239150018676
WRD25,hrnet32,green_channel_shift_-45,128,15,0.5535990595817566,0.03050333447754383,0.4158976078033447,1.1522503325561586
WRD25,hrnet32,green_channel_shift_-45,129,15,0.0014602907467633486,0.512337863445282,0.4862018823623657,1.0139066527040628
WRD25,hrnet32,green_channel_shift_-45,130,15,0.47239887714385986,0.051989756524562836,0.4756114184856415,1.2427922969787182
WRD25,hrnet32,green_channel_shift_-45,131,15,0.2385244220495224,0.38142624497413635,0.38004934787750244,1.5540516015648054
WRD25,hrnet32,green_channel_shift_-45,132,15,0.4002055823802948,0.282704621553421,0.31708985567092896,1.569442417485483
WRD25,hrnet32,green_channel_shift_-45,133,15,0.36184272170066833,0.2820863425731659,0.35607093572616577,1.5761582313674385
WRD25,hrnet32,green_channel_shift_-45,134,15,0.24616648256778717,0.3780718743801117,0.3757616877555847,1.5589738146781031
WRD25,hrnet32,green_channel_shift_-45,135,15,0.002273074584081769,0.46626386046409607,0.5314631462097168,1.017887145262772
WRD25,hrnet32,green_channel_shift_-45,136,15,0.02262505702674389,0.45693808794021606,0.5204368233680725,1.130333055710091
WRD25,hrnet32,green_channel_shift_-45,137,15,0.00442001037299633,0.4673340618610382,0.5282458662986755,1.0338248126010643
WRD25,hrnet32,green_channel_shift_-45,138,15,0.39468997716903687,0.23606428503990173,0.3692457377910614,1.5517581178325088
WRD25,hrnet32,green_channel_shift_-45,139,15,0.00045700647751800716,0.5454957485198975,0.45404720306396484,0.9992291603442409
WRD25,hrnet32,green_channel_shift_-45,140,15,0.0026999711990356445,0.5526384115219116,0.44466161727905273,1.0157789194996796
WRD25,hrnet32,green_channel_shift_-45,141,16,0.009627836756408215,0.5236302614212036,0.46674200892448425,1.0663294025228969
WRD25,hrnet32,green_channel_shift_-45,142,16,0.006857822183519602,0.49652549624443054,0.4966166615486145,1.0522961736551935
WRD25,hrnet32,green_channel_shift_-45,143,16,0.008758308365941048,0.41100093722343445,0.5802407264709473,1.0427400270893747
WRD25,hrnet32,green_channel_shift_-45,144,16,0.04006331041455269,0.5086398720741272,0.45129677653312683,1.2000466618006498
WRD25,hrnet32,green_channel_shift_-45,145,16,0.01575222611427307,0.8362479209899902,0.14799989759922028,0.718015706012292
WRD25,hrnet32,green_channel_shift_-45,146,16,0.004845570307224989,0.5187944173812866,0.476360023021698,1.0380806712870743
WRD25,hrnet32,green_channel_shift_-45,147,16,0.003513795556500554,0.6889045238494873,0.3075816333293915,0.922202388185174
WRD25,hrnet32,green_channel_shift_-45,148,17,0.015521228313446045,0.7167493104934692,0.2677294611930847,0.9466400378215589
WRD25,hrnet32,green_channel_shift_-45,149,17,0.5847512483596802,0.38844436407089233,0.026804370805621147,1.1225385268526396
WRD25,hrnet32,green_channel_shift_-45,150,17,0.01650261878967285,0.5161361694335938,0.467361181974411,1.1030771607594527
WRD25,hrnet32,green_channel_shift_-45,151,17,0.2947297692298889,0.5231680870056152,0.18210212886333466,1.4559103018624515
WRD25,hrnet32,green_channel_shift_-45,152,18,0.010463870130479336,0.754016101360321,0.23552003502845764,0.8672846394262284
WRD25,hrnet32,green_channel_shift_-45,153,18,0.01017319317907095,0.43206632137298584,0.5577605962753296,1.060221042130074
WRD25,hrnet32,green_channel_shift_-45,154,18,0.5072337985038757,0.009608878754079342,0.4831572473049164,1.0681578364099023
WRD25,hrnet32,green_channel_shift_-45,155,18,0.0028272366616874933,0.4047309458255768,0.592441737651825,0.9995406224492731
WRD25,hrnet32,green_channel_shift_-45,156,18,0.33865290880203247,0.6021304130554199,0.05921673774719238,1.2111641899731849
WRD25,hrnet32,green_channel_shift_-45,157,18,0.621370792388916,0.2878454327583313,0.09078379720449448,1.2579484904471772
WRD25,hrnet32,green_channel_shift_-45,158,18,0.04874637722969055,0.6047958135604858,0.3464578688144684,1.181051377333668
WRD25,hrnet32,green_channel_shift_-45,159,18,0.7801546454429626,0.0325140580534935,0.18733130395412445,0.8927920418936348
WRD25,hrnet32,green_channel_shift_-45,160,18,0.37116414308547974,0.30105847120285034,0.3277773857116699,1.5795784445426448
WRD25,hrnet32,green_channel_shift_-45,161,18,0.39620527625083923,0.4036628305912018,0.20013189315795898,1.5220097533517767
WRD25,hrnet32,green_channel_shift_-45,162,18,0.7625967860221863,0.018901070579886436,0.21850207448005676,0.885852077746943
WRD25,hrnet32,green_channel_shift_-45,163,18,0.03635566309094429,0.7016542553901672,0.2619900703430176,1.0387778463569064
WRD25,hrnet32,green_channel_shift_-45,164,18,0.5113294720649719,0.17485445737838745,0.3138160705566406,1.459398166380119
WRD25,hrnet32,green_channel_shift_-45,165,18,0.06154681742191315,0.7041860222816467,0.23426711559295654,1.0943522381514597
WRD25,hrnet32,green_channel_shift_-45,166,18,0.0,0.6229649782180786,0.3770350217819214,0.9559210105815786
WRD25,hrnet32,green_channel_shift_-45,167,18,0.0011845520930364728,0.5321606397628784,0.46665480732917786,1.00893772933408
WRD25,hrnet32,green_channel_shift_-45,168,18,0.528357982635498,0.1693188101053238,0.30232325196266174,1.4418938698462318
WRD25,hrnet32,green_channel_shift_-45,169,18,0.5405106544494629,0.4213015139102936,0.03818787261843681,1.1850477756679656
WRD25,hrnet32,green_channel_shift_-45,170,19,0.03654105216264725,0.7779451012611389,0.1855139136314392,0.9071507104969406
WRD25,hrnet32,green_channel_shift_-45,171,19,0.5633599758148193,0.3149835765361786,0.12165635824203491,1.361085069456668
WRD25,hrnet32,green_channel_shift_-45,172,19,0.0024976085405796766,0.7970414161682129,0.20046095550060272,0.7472330007815668
WRD25,hrnet32,green_channel_shift_-45,173,19,0.6339214444160461,0.24686338007450104,0.11921519041061401,1.2809005355420238
WRD25,hrnet32,green_channel_shift_-45,174,20,0.046627480536699295,0.17744898796081543,0.7759235501289368,0.9328675067715284
WRD25,hrnet32,green_channel_shift_-45,175,20,0.0777350440621376,0.4186461567878723,0.5036188364028931,1.3107573049999037
WRD25,hrnet32,green_channel_shift_-45,176,20,0.13078495860099792,0.4626246690750122,0.4065902531147003,1.4261945581649442
WRD25,hrnet32,green_channel_shift_-45,177,20,0.08295321464538574,0.34339770674705505,0.5736491084098816,1.2873956087481173
WRD25,hrnet32,green_channel_shift_-45,178,21,0.02471970021724701,0.3421527147293091,0.6331275701522827,1.0788717608593426
WRD25,hrnet32,green_channel_shift_-45,179,21,0.002690928289666772,0.7964655756950378,0.20084352791309357,0.7495914827649581
WRD25,hrnet32,green_channel_shift_-45,180,21,0.008759165182709694,0.8267198801040649,0.16452111303806305,0.7151842148984453
WRD25,hrnet32,green_channel_shift_-45,181,21,0.028479628264904022,0.7633163332939148,0.20820392668247223,0.9149954716125608
WRD25,hrnet32,green_channel_shift_-45,182,21,0.07434455305337906,0.5093569159507751,0.416298508644104,1.3008269539195596
WRD25,hrnet32,green_channel_shift_-45,183,21,0.6312428116798401,0.04152987152338028,0.32722732424736023,1.1369576133353958
WRD25,hrnet32,green_channel_shift_-45,184,21,0.059987761080265045,0.6510225534439087,0.28898969292640686,1.1641827067866144
WRD25,hrnet32,green_channel_shift_-45,185,22,0.03979189693927765,0.25974783301353455,0.7004603147506714,1.0500229265954464
WRD25,hrnet32,green_channel_shift_-45,186,22,0.3583190143108368,0.014698305167257786,0.6269826292991638,1.0423177886996493
WRD25,hrnet32,green_channel_shift_-45,187,22,0.05922350659966469,0.37606045603752136,0.564716100692749,1.2376557337406715
WRD25,hrnet32,green_channel_shift_-45,188,22,0.05121118947863579,0.7575095295906067,0.19127923250198364,0.9795091821412265
WRD25,hrnet32,green_channel_shift_-45,189,22,0.09871261566877365,0.7189258933067322,0.1823614537715912,1.1197519300961138
WRD25,hrnet32,green_channel_shift_-45,190,23,0.014542639255523682,0.5313364267349243,0.454120934009552,1.090677839939463
WRD25,hrnet32,green_channel_shift_-45,191,23,0.029873592779040337,0.48818862438201904,0.4819377362728119,1.1638548942943139
WRD25,hrnet32,green_channel_shift_-45,192,23,0.0441894568502903,0.665969729423523,0.28984078764915466,1.1072807172246526
WRD25,hrnet32,green_channel_shift_-45,193,23,0.3654175102710724,0.3729366362094879,0.2616458833217621,1.5675187672171091
WRD25,hrnet32,green_channel_shift_-45,194,24,0.2746313512325287,0.49013012647628784,0.23523849248886108,1.5073911403427425
WRD25,hrnet32,green_channel_shift_-45,195,24,0.42122775316238403,0.5530704855918884,0.025701794773340225,1.133744789870408
WRD25,hrnet32,green_channel_shift_-45,196,24,0.6597427129745483,0.21434944868087769,0.125907763838768,1.2485473811222665
WRD25,hrnet32,green_channel_shift_-45,197,24,0.5926591157913208,0.05326526239514351,0.35407567024230957,1.2030017320027677
WRD25,hrnet32,green_channel_shift_-45,198,24,0.19048164784908295,0.2190084457397461,0.5905098915100098,1.3842873558108357
WRD25,hrnet32,green_channel_shift_-45,199,24,0.450602263212204,0.21575118601322174,0.3336465358734131,1.5239532777557292
WRD25,hrnet32,green_channel_shift_45,0,0,0.3429076671600342,0.424625039100647,0.23246730864048004,1.543532515121477
WRD25,hrnet32,green_channel_shift_45,1,0,0.5033355355262756,0.2064318209886551,0.2902326285839081,1.4863839235505163
WRD25,hrnet32,green_channel_shift_45,2,0,0.3212634325027466,0.3424972593784332,0.33623939752578735,1.5844450509671253
WRD25,hrnet32,green_channel_shift_45,3,0,0.44498884677886963,0.14776445925235748,0.40724682807922363,1.455246899662812
WRD25,hrnet32,green_channel_shift_45,4,0,0.4846254587173462,0.04185216501355171,0.4735223948955536,1.208775804913637
WRD25,hrnet32,green_channel_shift_45,5,0,0.4552733600139618,0.15670669078826904,0.3880199193954468,1.4657926130996162
WRD25,hrnet32,green_channel_shift_45,6,0,0.4423791766166687,0.09788757562637329,0.4597332775592804,1.3641349605243969
WRD25,hrnet32,green_channel_shift_45,7,0,0.000551870558410883,0.44546470046043396,0.5539833903312683,0.9977009166987234
WRD25,hrnet32,green_channel_shift_45,8,0,0.5077078938484192,0.01242429856210947,0.47986769676208496,1.083476565477263
WRD25,hrnet32,green_channel_shift_45,9,0,0.4008042812347412,0.15434759855270386,0.44484806060791016,1.464611027546403
WRD25,hrnet32,green_channel_shift_45,10,0,0.45103657245635986,0.023117678239941597,0.5258457064628601,1.1313503735963732
WRD25,hrnet32,green_channel_shift_45,11,0,0.4299205243587494,0.03931611031293869,0.5307633876800537,1.1921817512219741
WRD25,hrnet32,green_channel_shift_45,12,0,0.4680500030517578,0.026644136756658554,0.5053059458732605,1.1495994739093038
WRD25,hrnet32,green_channel_shift_45,13,0,0.5213834047317505,0.02045721746981144,0.45815935730934143,1.1205971391571112
WRD25,hrnet32,green_channel_shift_45,14,0,0.44109565019607544,0.021060889586806297,0.5378434658050537,1.1193870708387028
WRD25,hrnet32,green_channel_shift_45,15,0,0.45705446600914,0.013709929771721363,0.5292355418205261,1.0869649139163178
WRD25,hrnet32,green_channel_shift_45,16,0,0.44317004084587097,0.005715563893318176,0.5511143803596497,1.0366225432661107
WRD25,hrnet32,green_channel_shift_45,17,0,0.5494925379753113,0.002347306814044714,0.44816017150878906,1.0141011452766902
WRD25,hrnet32,green_channel_shift_45,18,1,0.0334138423204422,0.47978028655052185,0.4868059456348419,1.177782577742862
WRD25,hrnet32,green_channel_shift_45,19,1,0.4609162509441376,0.47030434012413025,0.06877950578927994,1.2925046127120996
WRD25,hrnet32,green_channel_shift_45,20,1,0.36256447434425354,0.5901146531105042,0.04732086881995201,1.1879968953977822
WRD25,hrnet32,green_channel_shift_45,21,1,0.03311627358198166,0.637377142906189,0.32950660586357117,1.104710108285629
WRD25,hrnet32,green_channel_shift_45,22,1,0.044028546661138535,0.3553975522518158,0.6005739569664001,1.170569717273477
WRD25,hrnet32,green_channel_shift_45,23,1,0.01774189993739128,0.5382809042930603,0.4439772069454193,1.104284045650252
WRD25,hrnet32,green_channel_shift_45,24,1,0.03301319479942322,0.4518046975135803,0.5151820778846741,1.1732730816769101
WRD25,hrnet32,green_channel_shift_45,25,2,0.5753355622291565,0.40575847029685974,0.018905943259596825,1.0950972925091997
WRD25,hrnet32,green_channel_shift_45,26,2,0.5988911986351013,0.33787381649017334,0.06323496997356415,1.223756104038824
WRD25,hrnet32,green_channel_shift_45,27,2,0.4273356795310974,0.5488536357879639,0.023810695856809616,1.1275817310120277
WRD25,hrnet32,green_channel_shift_45,28,2,0.4433395266532898,0.4370734989643097,0.11958705633878708,1.4085534610850765
WRD25,hrnet32,green_channel_shift_45,29,2,0.40054723620414734,0.503668487071991,0.09578422456979752,1.3512015571300875
WRD25,hrnet32,green_channel_shift_45,30,2,0.4622681140899658,0.40923836827278137,0.1284935176372528,1.4224695477860667
WRD25,hrnet32,green_channel_shift_45,31,2,0.029555704444646835,0.9167772531509399,0.053667135536670685,0.4915452804322089
WRD25,hrnet32,green_channel_shift_45,32,2,0.5532696843147278,0.3775377571582794,0.06919252872467041,1.2696339245265165
WRD25,hrnet32,green_channel_shift_45,33,2,0.6558514833450317,0.2896413505077362,0.05450717359781265,1.1456936499701373
WRD25,hrnet32,green_channel_shift_45,34,2,0.6394518613815308,0.2697974741458893,0.09075066447257996,1.2366106310830045
WRD25,hrnet32,green_channel_shift_45,35,2,0.49041658639907837,0.44734030961990356,0.06224307417869568,1.2726145502545714
WRD25,hrnet32,green_channel_shift_45,36,3,0.008250247687101364,0.4937869906425476,0.4979626536369324,1.0606932574101267
WRD25,hrnet32,green_channel_shift_45,37,3,0.48653292655944824,0.43899005651474,0.07447706907987595,1.306173797054117
WRD25,hrnet32,green_channel_shift_45,38,3,0.5570158362388611,0.07104136794805527,0.3719426989555359,1.271980575666746
WRD25,hrnet32,green_channel_shift_45,39,3,0.5378634333610535,0.026882249861955643,0.4352542757987976,1.1438056174565348
WRD25,hrnet32,green_channel_shift_45,40,3,0.5376527309417725,0.33014726638793945,0.1321999579668045,1.395099945907337
WRD25,hrnet32,green_channel_shift_45,41,4,0.6903027296066284,0.28693506121635437,0.022762224078178406,1.0101509948486915
WRD25,hrnet32,green_channel_shift_45,42,4,0.6128997206687927,0.36902445554733276,0.01807584799826145,1.0682677072577325
WRD25,hrnet32,green_channel_shift_45,43,4,0.022722752764821053,0.8002376556396484,0.17703959345817566,0.8235553246227536
WRD25,hrnet32,green_channel_shift_45,44,4,0.9615684151649475,0.011743308044970036,0.0266882311552763,0.26918075845209544
WRD25,hrnet32,green_channel_shift_45,45,4,0.021827589720487595,0.5514897704124451,0.4266826808452606,1.1182365185727052
WRD25,hrnet32,green_channel_shift_45,46,5,0.4799875319004059,0.5097923874855042,0.010220112279057503,1.071381211102707
WRD25,hrnet32,green_channel_shift_45,47,5,0.009578005410730839,0.6358582377433777,0.3545636832714081,1.0099737236603372
WRD25,hrnet32,green_channel_shift_45,48,5,0.008392881602048874,0.49620985984802246,0.49539732933044434,1.0615465472909325
WRD25,hrnet32,green_channel_shift_45,49,5,0.6360974907875061,0.03625011444091797,0.3276523947715759,1.1160989759153164
WRD25,hrnet32,green_channel_shift_45,50,6,0.312494158744812,0.5910906791687012,0.09641516208648682,1.2981293513375864
WRD25,hrnet32,green_channel_shift_45,51,6,0.34063446521759033,0.4696897268295288,0.18967583775520325,1.496227228236735
WRD25,hrnet32,green_channel_shift_45,52,6,0.046764496713876724,0.4184263050556183,0.5348092913627625,1.2154503231016303
WRD25,hrnet32,green_channel_shift_45,53,7,0.329032838344574,0.42310822010040283,0.2478589117527008,1.5514978907072976
WRD25,hrnet32,green_channel_shift_45,54,7,0.3912976384162903,0.5749421715736389,0.03376031294465065,1.1538206769974653
WRD25,hrnet32,green_channel_shift_45,55,7,0.031413476914167404,0.40325307846069336,0.5653334856033325,1.1503613323142932
WRD25,hrnet32,green_channel_shift_45,56,7,0.34468159079551697,0.006413600407540798,0.6489048600196838,0.981246045522758
WRD25,hrnet32,green_channel_shift_45,57,7,0.30655160546302795,0.16386060416698456,0.5295877456665039,1.436165560957087
WRD25,hrnet32,green_channel_shift_45,58,7,0.402840793132782,0.46583205461502075,0.13132721185684204,1.42644179666685
WRD25,hrnet32,green_channel_shift_45,59,7,0.507401704788208,0.39731037616729736,0.09528786689043045,1.3489024933916003
WRD25,hrnet32,green_channel_shift_45,60,7,0.24724005162715912,0.36638835072517395,0.3863716125488281,1.559251566573943
WRD25,hrnet32,green_channel_shift_45,61,7,0.20622195303440094,0.4079335331916809,0.3858445882797241,1.5275333783020335
WRD25,hrnet32,green_channel_shift_45,62,7,0.35602498054504395,0.1843966692686081,0.459578275680542,1.495695096171107
WRD25,hrnet32,green_channel_shift_45,63,7,0.3478848338127136,0.4110861122608185,0.24102900922298431,1.5519175075713134
WRD25,hrnet32,green_channel_shift_45,64,7,0.2399655133485794,0.5762895941734314,0.1837448924779892,1.401454419707359
WRD25,hrnet32,green_channel_shift_45,65,7,0.6165465712547302,0.29743367433547974,0.08601969480514526,1.2549343414518317
WRD25,hrnet32,green_channel_shift_45,66,7,0.27122053503990173,0.5978694558143616,0.13090993463993073,1.3382448531230045
WRD25,hrnet32,green_channel_shift_45,67,7,0.521977961063385,0.08216685801744461,0.3958551287651062,1.315060436165533
WRD25,hrnet32,green_channel_shift_45,68,7,0.42049044370651245,0.2631608843803406,0.316348671913147,1.557664821750807
WRD25,hrnet32,green_channel_shift_45,69,8,0.31834158301353455,0.444406658411026,0.23725159466266632,1.538089279533037
WRD25,hrnet32,green_channel_shift_45,70,8,0.2785376310348511,0.5688472986221313,0.15261511504650116,1.3905129876860691
WRD25,hrnet32,green_channel_shift_45,71,8,0.4104851186275482,0.44717302918434143,0.14234183728694916,1.4468649098783928
WRD25,hrnet32,green_channel_shift_45,72,8,0.3700960576534271,0.4566483795642853,0.17325550317764282,1.48529431814824
WRD25,hrnet32,green_channel_shift_45,73,8,0.32235339283943176,0.4908016324043274,0.18684497475624084,1.4826251570801285
WRD25,hrnet32,green_channel_shift_45,74,8,0.27693819999694824,0.5324817299842834,0.19057999551296234,1.4528986996771642
WRD25,hrnet32,green_channel_shift_45,75,8,0.43104493618011475,0.4539481997489929,0.11500700563192368,1.3994016303045878
WRD25,hrnet32,green_channel_shift_45,76,8,0.5154156684875488,0.3112153708934784,0.17336894571781158,1.4552184817198668
WRD25,hrnet32,green_channel_shift_45,77,8,0.4044240713119507,0.3341013789176941,0.26147449016571045,1.5626511934689928
WRD25,hrnet32,green_channel_shift_45,78,8,0.3874514400959015,0.36454349756240845,0.2480049878358841,1.5595923241895873
WRD25,hrnet32,green_channel_shift_45,79,8,0.42991575598716736,0.4167298376560211,0.1533544957637787,1.4646689957381618
WRD25,hrnet32,green_channel_shift_45,80,8,0.45479297637939453,0.31278279423713684,0.23242424428462982,1.5307272374575718
WRD25,hrnet32,green_channel_shift_45,81,8,0.3062499463558197,0.40939274430274963,0.2843572795391083,1.566202233152504
WRD25,hrnet32,green_channel_shift_45,82,8,0.48112261295318604,0.26576897501945496,0.253108412027359,1.5176260589451516
WRD25,hrnet32,green_channel_shift_45,83,8,0.527681291103363,0.2447933852672577,0.22752541303634644,1.4696511910836547
WRD25,hrnet32,green_channel_shift_45,84,8,0.5680961012840271,0.19911138713359833,0.2327924370765686,1.4165858118062888
WRD25,hrnet32,green_channel_shift_45,85,8,0.6286231279373169,0.20731566846370697,0.1640612632036209,1.3194580600158843
WRD25,hrnet32,green_channel_shift_45,86,9,0.3848640024662018,0.08650527894496918,0.5286307334899902,1.3218013900517331
WRD25,hrnet32,green_channel_shift_45,87,9,0.05206356570124626,0.4083828330039978,0.5395536422729492,1.2299002977663036
WRD25,hrnet32,green_channel_shift_45,88,9,0.5645374059677124,0.0576048381626606,0.37785786390304565,1.2334055817170262
WRD25,hrnet32,green_channel_shift_45,89,9,0.4371500313282013,0.10802745819091797,0.45482251048088074,1.385657307691784
WRD25,hrnet32,green_channel_shift_45,90,9,0.45742037892341614,0.39315736293792725,0.14942233264446259,1.4554648181647927
WRD25,hrnet32,green_channel_shift_45,91,9,0.40591660141944885,0.08567284047603607,0.5084105730056763,1.327880869789188
WRD25,hrnet32,green_channel_shift_45,92,9,0.3524402678012848,0.44145894050598145,0.20610080659389496,1.5206470431148453
WRD25,hrnet32,green_channel_shift_45,93,9,0.4679906964302063,0.3420788645744324,0.1899304836988449,1.4972207012606489
WRD25,hrnet32,green_channel_shift_45,94,9,0.03108883462846279,0.40711790323257446,0.561793327331543,1.150846372736493
WRD25,hrnet32,green_channel_shift_45,95,9,0.1747332513332367,0.33913543820381165,0.4861313998699188,1.4746974125628924
WRD25,hrnet32,green_channel_shift_45,96,9,0.3892160952091217,0.10104115307331085,0.5097427368164062,1.3595544110649707
WRD25,hrnet32,green_channel_shift_45,97,10,0.5621652603149414,0.35262346267700195,0.08521118760108948,1.300136572272978
WRD25,hrnet32,green_channel_shift_45,98,10,0.450749933719635,0.4700208604335785,0.07922927290201187,1.3199374023118757
WRD25,hrnet32,green_channel_shift_45,99,10,0.4769764542579651,0.4604320824146271,0.06259152293205261,1.2748453608834247
WRD25,hrnet32,green_channel_shift_45,100,10,0.513338565826416,0.030514590442180634,0.45614680647850037,1.1640162580980893
WRD25,hrnet32,green_channel_shift_45,101,10,0.44275805354118347,0.5030132532119751,0.05422874912619591,1.2470959802700246
WRD25,hrnet32,green_channel_shift_45,102,10,0.3253970444202423,0.49087339639663696,0.18372948467731476,1.4800719934804556
WRD25,hrnet32,green_channel_shift_45,103,10,0.37975654006004333,0.48850536346435547,0.13173805177211761,1.4205964765921415
WRD25,hrnet32,green_channel_shift_45,104,10,0.13661420345306396,0.5137272477149963,0.3496584892272949,1.4160609185918025
WRD25,hrnet32,green_channel_shift_45,105,10,0.49468836188316345,0.41593489050865173,0.08937664330005646,1.3400899569567843
WRD25,hrnet32,green_channel_shift_45,106,10,0.3922696113586426,0.5068037509918213,0.10092668235301971,1.360445965043676
WRD25,hrnet32,green_channel_shift_45,107,11,0.3264230191707611,0.06134829670190811,0.6122286915779114,1.207643635085856
WRD25,hrnet32,green_channel_shift_45,108,11,0.3273526132106781,0.321498841047287,0.3511485457420349,1.583902981977913
WRD25,hrnet32,green_channel_shift_45,109,11,0.3098461627960205,0.36569371819496155,0.3244602084159851,1.581371526179518
WRD25,hrnet32,green_channel_shift_45,110,11,0.379717081785202,0.2422126829624176,0.3780701756477356,1.5564853163646803
WRD25,hrnet32,green_channel_shift_45,111,11,0.3299345076084137,0.22231797873973846,0.4477475583553314,1.5291353783867792
WRD25,hrnet32,green_channel_shift_45,112,11,0.29344141483306885,0.3011094629764557,0.4054490923881531,1.5685285590982552
WRD25,hrnet32,green_channel_shift_45,113,11,0.5140050649642944,0.4204028248786926,0.06559216976165771,1.2768877133586758
WRD25,hrnet32,green_channel_shift_45,114,12,0.46547406911849976,0.4253973960876465,0.10912857949733734,1.386852346989054
WRD25,hrnet32,green_channel_shift_45,115,13,0.7197510004043579,0.2600018382072449,0.020247163251042366,0.9606741213456309
WRD25,hrnet32,green_channel_shift_45,116,13,0.7254484295845032,0.017647191882133484,0.2569044530391693,0.9424187834811677
WRD25,hrnet32,green_channel_shift_45,117,13,0.05746868625283241,0.48570966720581055,0.45682162046432495,1.2592060310342907
WRD25,hrnet32,green_channel_shift_45,118,13,0.016294166445732117,0.41532278060913086,0.568382978439331,1.0865507617694383
WRD25,hrnet32,green_channel_shift_45,119,13,0.4998903274536133,0.0437563993036747,0.4563533067703247,1.2140709105467764
WRD25,hrnet32,green_channel_shift_45,120,13,0.5497550964355469,0.21002569794654846,0.24021920561790466,1.4416284155819468
WRD25,hrnet32,green_channel_shift_45,121,14,0.30326011776924133,0.6305749416351318,0.06616493314504623,1.2007402885651457
WRD25,hrnet32,green_channel_shift_45,122,14,0.49697345495224,0.44431158900260925,0.05871492996811867,1.261481093238549
WRD25,hrnet32,green_channel_shift_45,123,14,0.5994902849197388,0.360713928937912,0.03979587182402611,1.158275344624129
WRD25,hrnet32,green_channel_shift_45,124,14,0.4841481149196625,0.431586891412735,0.08426506072282791,1.3305894221821504
WRD25,hrnet32,green_channel_shift_45,125,14,0.6187990307807922,0.019061077386140823,0.36213991045951843,1.0680649908590827
WRD25,hrnet32,green_channel_shift_45,126,15,0.34208664298057556,0.3213694989681244,0.33654382824897766,1.5844623689886213
WRD25,hrnet32,green_channel_shift_45,127,15,0.2984378933906555,0.36914384365081787,0.3324183225631714,1.5795476685522818
WRD25,hrnet32,green_channel_shift_45,128,15,0.14246854186058044,0.43622249364852905,0.4213089942932129,1.448011719966618
WRD25,hrnet32,green_channel_shift_45,129,15,0.36786124110221863,0.15730206668376923,0.47483664751052856,1.460691643954584
WRD25,hrnet32,green_channel_shift_45,130,15,0.3193972110748291,0.2382383942604065,0.4423644542694092,1.5394785273698142
WRD25,hrnet32,green_channel_shift_45,131,15,0.33136484026908875,0.27635860443115234,0.3922765552997589,1.5703801220565026
WRD25,hrnet32,green_channel_shift_45,132,15,0.2840782105922699,0.26697802543640137,0.4489438235759735,1.5431387852165628
WRD25,hrnet32,green_channel_shift_45,133,15,0.40319839119911194,0.20266979932785034,0.39413172006607056,1.524491510766856
WRD25,hrnet32,green_channel_shift_45,134,15,0.3312508165836334,0.2876916229724884,0.38105762004852295,1.5755147886402434
WRD25,hrnet32,green_channel_shift_45,135,15,0.43670299649238586,0.030612239614129066,0.5326848030090332,1.1599742145419878
WRD25,hrnet32,green_channel_shift_45,136,15,0.3904688358306885,0.12813256680965424,0.4813986122608185,1.4173085925766105
WRD25,hrnet32,green_channel_shift_45,137,15,0.40142276883125305,0.19128692150115967,0.4072902500629425,1.512838233029333
WRD25,hrnet32,green_channel_shift_45,138,15,0.6037996411323547,0.029082506895065308,0.3671177923679352,1.1186457279990545
WRD25,hrnet32,green_channel_shift_45,139,15,0.5074262619018555,0.005233546253293753,0.48734012246131897,1.0416642838342272
WRD25,hrnet32,green_channel_shift_45,140,15,0.4282861649990082,0.1669328659772873,0.4047809839248657,1.4832288160559264
WRD25,hrnet32,green_channel_shift_45,141,16,0.01133172307163477,0.4108993411064148,0.5777689218521118,1.057751937132673
WRD25,hrnet32,green_channel_shift_45,142,16,0.022440064698457718,0.30541783571243286,0.6721420884132385,1.0307817507019272
WRD25,hrnet32,green_channel_shift_45,143,16,0.01563950628042221,0.5150389671325684,0.4693215787410736,1.0990300846202044
WRD25,hrnet32,green_channel_shift_45,144,16,0.023385563865303993,0.37877577543258667,0.5978386402130127,1.1009149133942406
WRD25,hrnet32,green_channel_shift_45,145,16,0.02757619321346283,0.2934461236000061,0.6789776086807251,1.0411661269472405
WRD25,hrnet32,green_channel_shift_45,146,16,0.010299128480255604,0.22930759191513062,0.7603933215141296,0.8556789358046748
WRD25,hrnet32,green_channel_shift_45,147,16,0.014235345646739006,0.32813194394111633,0.6576327085494995,1.012482003419671
WRD25,hrnet32,green_channel_shift_45,148,17,0.02240857109427452,0.621213972568512,0.356377512216568,1.0799435724590265
WRD25,hrnet32,green_channel_shift_45,149,17,0.0039534373208880424,0.697650671005249,0.29839590191841125,0.9145464493733972
WRD25,hrnet32,green_channel_shift_45,150,17,0.017881888896226883,0.5398374199867249,0.4422807991504669,1.1044931017184463
WRD25,hrnet32,green_channel_shift_45,151,17,0.3239538371562958,0.44746971130371094,0.2285764515399933,1.5326175977127718
WRD25,hrnet32,green_channel_shift_45,152,18,0.02157973125576973,0.5881205797195435,0.3902997374534607,1.0995899713506563
WRD25,hrnet32,green_channel_shift_45,153,18,0.47551724314689636,0.03041224554181099,0.4940705895423889,1.1657866884712975
WRD25,hrnet32,green_channel_shift_45,154,18,0.46111932396888733,0.4692341685295105,0.06964632123708725,1.294905059345196
WRD25,hrnet32,green_channel_shift_45,155,18,0.007517257705330849,0.432373046875,0.5601096749305725,1.0444335048707787
WRD25,hrnet32,green_channel_shift_45,156,18,0.6151614189147949,0.0015738564543426037,0.38326478004455566,0.9761404355829996
WRD25,hrnet32,green_channel_shift_45,157,18,0.17787162959575653,0.3088677227497101,0.5132606625556946,1.4604845714239718
WRD25,hrnet32,green_channel_shift_45,158,18,0.0510379821062088,0.5270180106163025,0.4219439923763275,1.231342356840846
WRD25,hrnet32,green_channel_shift_45,159,18,0.6681735515594482,0.03156788647174835,0.30025845766067505,1.067224070564867
WRD25,hrnet32,green_channel_shift_45,160,18,0.45553362369537354,0.322576105594635,0.22189036011695862,1.525245051053948
WRD25,hrnet32,green_channel_shift_45,161,18,0.5632461309432983,0.2620182931423187,0.17473557591438293,1.4125135775968096
WRD25,hrnet32,green_channel_shift_45,162,18,0.6462333798408508,0.07706375420093536,0.2767029106616974,1.2049053151420577
WRD25,hrnet32,green_channel_shift_45,163,18,0.049428269267082214,0.5491962432861328,0.4013756513595581,1.2178858103170045
WRD25,hrnet32,green_channel_shift_45,164,18,0.6368103623390198,0.11273647844791412,0.2504531443119049,1.2698606309871714
WRD25,hrnet32,green_channel_shift_45,165,18,0.07034799456596375,0.5642421841621399,0.36540988087654114,1.2659587464243758
WRD25,hrnet32,green_channel_shift_45,166,18,0.01767997071146965,0.6320984959602356,0.3502214252948761,1.0513539099305862
WRD25,hrnet32,green_channel_shift_45,167,18,0.028243646025657654,0.33783984184265137,0.6339165568351746,1.0911438551170007
WRD25,hrnet32,green_channel_shift_45,168,18,0.37919968366622925,0.1851591169834137,0.43564122915267944,1.5032526301601277
WRD25,hrnet32,green_channel_shift_45,169,18,0.5541641116142273,0.28097137808799744,0.16486439108848572,1.4152891172865925
WRD25,hrnet32,green_channel_shift_45,170,19,0.583692729473114,0.02701520174741745,0.3892921805381775,1.1239725060473549
WRD25,hrnet32,green_channel_shift_45,171,19,0.6213192939758301,0.30654722452163696,0.07213354110717773,1.22312357800109
WRD25,hrnet32,green_channel_shift_45,172,19,0.5593560934066772,0.05477282404899597,0.38587114214897156,1.2284635642172015
WRD25,hrnet32,green_channel_shift_45,173,19,0.6615322828292847,0.22349725663661957,0.11497054994106293,1.2362623074254167
WRD25,hrnet32,green_channel_shift_45,174,20,0.06117864325642586,0.17058007419109344,0.768241286277771,0.9740469253600214
WRD25,hrnet32,green_channel_shift_45,175,20,0.11429374665021896,0.5598713159561157,0.32583487033843994,1.3532960277230675
WRD25,hrnet32,green_channel_shift_45,176,20,0.09464288502931595,0.4046357274055481,0.500721275806427,1.3497674497348884
WRD25,hrnet32,green_channel_shift_45,177,20,0.11094792187213898,0.24113795161247253,0.6479141712188721,1.2524391708908507
WRD25,hrnet32,green_channel_shift_45,178,21,0.008554310537874699,0.41880548000335693,0.5726401805877686,1.0452068859586232
WRD25,hrnet32,green_channel_shift_45,179,21,0.0010792965767905116,0.5382583141326904,0.4606624245643616,1.006761776647398
WRD25,hrnet32,green_channel_shift_45,180,21,0.02723669819533825,0.5221631526947021,0.45060011744499207,1.1493010710043383
WRD25,hrnet32,green_channel_shift_45,181,21,0.4738832116127014,0.05831990763545036,0.46779686212539673,1.2623908774110508
WRD25,hrnet32,green_channel_shift_45,182,21,0.09797902405261993,0.37626633048057556,0.5257546305656433,1.3466238495233898
WRD25,hrnet32,green_channel_shift_45,183,21,0.5508681535720825,0.06412240862846375,0.38500943779945374,1.258158441209976
WRD25,hrnet32,green_channel_shift_45,184,21,0.05637122318148613,0.5788593292236328,0.36476945877075195,1.2211524545937085
WRD25,hrnet32,green_channel_shift_45,185,22,0.11418920755386353,0.5071208477020264,0.3786899745464325,1.3847552481254608
WRD25,hrnet32,green_channel_shift_45,186,22,0.5251882076263428,0.012437145225703716,0.46237465739250183,1.0812271096791477
WRD25,hrnet32,green_channel_shift_45,187,22,0.06506190448999405,0.30202919244766235,0.632908821105957,1.1958295289582714
WRD25,hrnet32,green_channel_shift_45,188,22,0.05500407516956329,0.7285561561584473,0.21643982827663422,1.0409139892185264
WRD25,hrnet32,green_channel_shift_45,189,22,0.09587818384170532,0.6367376446723938,0.26738423109054565,1.247820595096019
WRD25,hrnet32,green_channel_shift_45,190,23,0.023698920384049416,0.5103839039802551,0.4659172594547272,1.1365728717264512
WRD25,hrnet32,green_channel_shift_45,191,23,0.027581941336393356,0.5390309691429138,0.43338701128959656,1.1462391873298996
WRD25,hrnet32,green_channel_shift_45,192,23,0.04822070896625519,0.6315001249313354,0.32027918100357056,1.1557933533404197
WRD25,hrnet32,green_channel_shift_45,193,23,0.6834558248519897,0.04809148237109184,0.26845264434814453,1.0951446085678138
WRD25,hrnet32,green_channel_shift_45,194,24,0.3238465487957001,0.3676736056804657,0.308479905128479,1.5809260576831423
WRD25,hrnet32,green_channel_shift_45,195,24,0.22720497846603394,0.70455402135849,0.06824099272489548,1.106014585693529
WRD25,hrnet32,green_channel_shift_45,196,24,0.2806761562824249,0.6851586103439331,0.0341651476919651,1.05466239019884
WRD25,hrnet32,green_channel_shift_45,197,24,0.22009791433811188,0.6316980719566345,0.14820405840873718,1.307472681478709
WRD25,hrnet32,green_channel_shift_45,198,24,0.06522704660892487,0.34050244092941284,0.5942704677581787,1.2323028631179185
WRD25,hrnet32,green_channel_shift_45,199,24,0.5884127616882324,0.021203892305493355,0.39038339257240295,1.0978424528960415
WRD25,hrnet32,blue_channel_shift_-45,0,0,0.3088197112083435,0.43745702505111694,0.2537233233451843,1.5473280083817784
WRD25,hrnet32,blue_channel_shift_-45,1,0,0.5002896785736084,0.14987607300281525,0.34983423352241516,1.440344648707677
WRD25,hrnet32,blue_channel_shift_-45,2,0,0.25928378105163574,0.2810644805431366,0.4596518278121948,1.535012270587716
WRD25,hrnet32,blue_channel_shift_-45,3,0,0.46251627802848816,0.12483441084623337,0.41264933347702026,1.4162142178481802
WRD25,hrnet32,blue_channel_shift_-45,4,0,0.5094799995422363,0.028218867257237434,0.462301105260849,1.1555076228641705
WRD25,hrnet32,blue_channel_shift_-45,5,0,0.4025963246822357,0.18505080044269562,0.41235288977622986,1.505867472232672
WRD25,hrnet32,blue_channel_shift_-45,6,0,0.438385933637619,0.07913185656070709,0.48248225450515747,1.3184571917061025
WRD25,hrnet32,blue_channel_shift_-45,7,0,0.4667460024356842,0.004144593607634306,0.5291094183921814,1.0318060091832464
WRD25,hrnet32,blue_channel_shift_-45,8,0,0.5134285688400269,0.0070002516731619835,0.4795711040496826,1.052341100959194
WRD25,hrnet32,blue_channel_shift_-45,9,0,0.4141238033771515,0.12223028391599655,0.4636458456516266,1.4114912107339825
WRD25,hrnet32,blue_channel_shift_-45,10,0,0.45352664589881897,0.009985198266804218,0.5364881753921509,1.0656890774656698
WRD25,hrnet32,blue_channel_shift_-45,11,0,0.4295482337474823,0.02160719409584999,0.548844575881958,1.1182457956269174
WRD25,hrnet32,blue_channel_shift_-45,12,0,0.4945370852947235,0.010468066670000553,0.4949948489665985,1.073412174850822
WRD25,hrnet32,blue_channel_shift_-45,13,0,0.4871581792831421,0.02156314067542553,0.49127861857414246,1.128553755563119
WRD25,hrnet32,blue_channel_shift_-45,14,0,0.43387994170188904,0.052663758397102356,0.5134563446044922,1.240115170049895
WRD25,hrnet32,blue_channel_shift_-45,15,0,0.46471911668777466,0.013186316937208176,0.5220945477485657,1.0856499182333934
WRD25,hrnet32,blue_channel_shift_-45,16,0,0.4450198709964752,0.005009532440453768,0.5499705672264099,1.0324776766719221
WRD25,hrnet32,blue_channel_shift_-45,17,0,0.5376046895980835,0.006481122225522995,0.45591410994529724,1.04510289692093
WRD25,hrnet32,blue_channel_shift_-45,18,1,0.0,0.37916266918182373,0.620837390422821,0.9574484816172664
WRD25,hrnet32,blue_channel_shift_-45,19,1,0.39380165934562683,0.5700499415397644,0.03614842891693115,1.164817523159031
WRD25,hrnet32,blue_channel_shift_-45,20,1,0.42403608560562134,0.5601426362991333,0.01582135260105133,1.087844181389916
WRD25,hrnet32,blue_channel_shift_-45,21,1,0.02855697087943554,0.6932563781738281,0.27818670868873596,1.0264085523501612
WRD25,hrnet32,blue_channel_shift_-45,22,1,0.05718512460589409,0.39488908648490906,0.5479258894920349,1.2409845500115058
WRD25,hrnet32,blue_channel_shift_-45,23,1,0.01964152418076992,0.58280348777771,0.3975549638271332,1.094378619729891
WRD25,hrnet32,blue_channel_shift_-45,24,1,0.03898097202181816,0.4673548936843872,0.4936641454696655,1.1980997252924275
WRD25,hrnet32,blue_channel_shift_-45,25,2,0.4915440082550049,0.4123097062110901,0.09614620357751846,1.355495896271719
WRD25,hrnet32,blue_channel_shift_-45,26,2,0.600422739982605,0.08159158378839493,0.3179856240749359,1.2624895292550766
WRD25,hrnet32,blue_channel_shift_-45,27,2,0.5070973634719849,0.4676412343978882,0.025261303409934044,1.1436263164508702
WRD25,hrnet32,blue_channel_shift_-45,28,2,0.3025743067264557,0.4227226972579956,0.2747029662132263,1.5590060562860173
WRD25,hrnet32,blue_channel_shift_-45,29,2,0.24209868907928467,0.37728220224380493,0.38061919808387756,1.5564036401809194
WRD25,hrnet32,blue_channel_shift_-45,30,2,0.5121670961380005,0.35671278834342957,0.13112010061740875,1.4092108122906533
WRD25,hrnet32,blue_channel_shift_-45,31,2,0.041853226721286774,0.7899428009986877,0.16820396482944489,0.8929212765751098
WRD25,hrnet32,blue_channel_shift_-45,32,2,0.6233475208282471,0.2996196150779724,0.07703293859958649,1.2309298555417143
WRD25,hrnet32,blue_channel_shift_-45,33,2,0.016224175691604614,0.8592723608016968,0.1245034709572792,0.6587092174501263
WRD25,hrnet32,blue_channel_shift_-45,34,2,0.5781750679016113,0.34220197796821594,0.0796230360865593,1.277093420008014
WRD25,hrnet32,blue_channel_shift_-45,35,2,0.37131306529045105,0.5288183689117432,0.09986849129199982,1.3487268145606972
WRD25,hrnet32,blue_channel_shift_-45,36,3,0.007799210026860237,0.48284611105918884,0.5093545913696289,1.0575113746623614
WRD25,hrnet32,blue_channel_shift_-45,37,3,0.3707314431667328,0.5049962401390076,0.12427230924367905,1.4023379342654052
WRD25,hrnet32,blue_channel_shift_-45,38,3,0.48482048511505127,0.12606443464756012,0.38911500573158264,1.412905336491133
WRD25,hrnet32,blue_channel_shift_-45,39,3,0.5552918314933777,0.03377976641058922,0.4109283983707428,1.1636094024368306
WRD25,hrnet32,blue_channel_shift_-45,40,3,0.3449608385562897,0.5395873188972473,0.11545196175575256,1.3695479696969193
WRD25,hrnet32,blue_channel_shift_-45,41,4,0.8567330241203308,0.002079245401546359,0.14118769764900208,0.6084058802414777
WRD25,hrnet32,blue_channel_shift_-45,42,4,0.973395586013794,0.02470911480486393,0.0018952899845317006,0.1869240298805531
WRD25,hrnet32,blue_channel_shift_-45,43,4,0.020241284742951393,0.7887992262840271,0.19095946848392487,0.8400085313773328
WRD25,hrnet32,blue_channel_shift_-45,44,4,0.9332885146141052,0.01163471955806017,0.05507664754986763,0.3980714136740809
WRD25,hrnet32,blue_channel_shift_-45,45,4,0.6994598507881165,0.0969473198056221,0.20359273254871368,1.154588602297794
WRD25,hrnet32,blue_channel_shift_-45,46,5,0.47141024470329285,0.5170350074768066,0.011554710566997528,1.0778577667963656
WRD25,hrnet32,blue_channel_shift_-45,47,5,0.005343247205018997,0.6456688642501831,0.3489878475666046,0.9778602553024387
WRD25,hrnet32,blue_channel_shift_-45,48,5,0.002772991545498371,0.5182045102119446,0.47902247309684753,1.0236659729337103
WRD25,hrnet32,blue_channel_shift_-45,49,5,0.003822833299636841,0.2857220470905304,0.7104551196098328,0.8974771771625689
WRD25,hrnet32,blue_channel_shift_-45,50,6,0.5219805240631104,0.25611498951911926,0.22190456092357635,1.4748573999945427
WRD25,hrnet32,blue_channel_shift_-45,51,6,0.0035564827267080545,0.3095880448818207,0.6868555545806885,0.9248473411047322
WRD25,hrnet32,blue_channel_shift_-45,52,6,0.019959744065999985,0.28218838572502136,0.6978519558906555,0.9899679396482353
WRD25,hrnet32,blue_channel_shift_-45,53,7,0.29222768545150757,0.44200795888900757,0.26576435565948486,1.54736071148497
WRD25,hrnet32,blue_channel_shift_-45,54,7,0.48370611667633057,0.4765058159828186,0.03978805989027023,1.201492599782651
WRD25,hrnet32,blue_channel_shift_-45,55,7,0.005265836138278246,0.5696394443511963,0.4250947833061218,1.0269640906706154
WRD25,hrnet32,blue_channel_shift_-45,56,7,0.01643061265349388,0.5646951794624329,0.4188741445541382,1.0888174614294654
WRD25,hrnet32,blue_channel_shift_-45,57,7,0.3316985070705414,0.3056029975414276,0.3626984655857086,1.5814308804349744
WRD25,hrnet32,blue_channel_shift_-45,58,7,0.5254158973693848,0.4394893944263458,0.035094767808914185,1.178709231623304
WRD25,hrnet32,blue_channel_shift_-45,59,7,0.5621336698532104,0.02004261501133442,0.4178237318992615,1.1062516733149819
WRD25,hrnet32,blue_channel_shift_-45,60,7,0.2111678123474121,0.37412896752357483,0.41470327973365784,1.5310351247419747
WRD25,hrnet32,blue_channel_shift_-45,61,7,0.5785906314849854,0.2087043672800064,0.21270497143268585,1.4034862532305867
WRD25,hrnet32,blue_channel_shift_-45,62,7,0.3382243514060974,0.41940727829933167,0.2423684149980545,1.5503012204420787
WRD25,hrnet32,blue_channel_shift_-45,63,7,0.3437596559524536,0.4299824833869934,0.22625784575939178,1.53822742013939
WRD25,hrnet32,blue_channel_shift_-45,64,7,0.3337996304035187,0.5603376030921936,0.10586275160312653,1.3395896645732197
WRD25,hrnet32,blue_channel_shift_-45,65,7,0.22367414832115173,0.6082180142402649,0.16810789704322815,1.352017842510778
WRD25,hrnet32,blue_channel_shift_-45,66,7,0.048868514597415924,0.6458415985107422,0.3052898347377777,1.1427625177418226
WRD25,hrnet32,blue_channel_shift_-45,67,7,0.03254580497741699,0.5258341431617737,0.4416201710700989,1.1691621041929765
WRD25,hrnet32,blue_channel_shift_-45,68,7,0.6231656074523926,0.09427457302808762,0.28255972266197205,1.2615975053312598
WRD25,hrnet32,blue_channel_shift_-45,69,8,0.28979018330574036,0.4507495164871216,0.2594602108001709,1.5410315040618576
WRD25,hrnet32,blue_channel_shift_-45,70,8,0.4517180919647217,0.4273698031902313,0.12091215699911118,1.410578468081769
WRD25,hrnet32,blue_channel_shift_-45,71,8,0.5119919776916504,0.33984601497650146,0.14816199243068695,1.431791206998747
WRD25,hrnet32,blue_channel_shift_-45,72,8,0.26793259382247925,0.5310611128807068,0.20100636780261993,1.4592397283944276
WRD25,hrnet32,blue_channel_shift_-45,73,8,0.37055453658103943,0.4276379346847534,0.20180755853652954,1.520773630062244
WRD25,hrnet32,blue_channel_shift_-45,74,8,0.29386475682258606,0.527315080165863,0.17882011830806732,1.45012883009453
WRD25,hrnet32,blue_channel_shift_-45,75,8,0.48679929971694946,0.4246768057346344,0.08852387964725494,1.3399429907561848
WRD25,hrnet32,blue_channel_shift_-45,76,8,0.44256341457366943,0.40908920764923096,0.14834736287593842,1.4563923969125765
WRD25,hrnet32,blue_channel_shift_-45,77,8,0.5807280540466309,0.21844305098056793,0.20082883536815643,1.399851238696299
WRD25,hrnet32,blue_channel_shift_-45,78,8,0.33447495102882385,0.30578234791755676,0.3597426116466522,1.5817988681791064
WRD25,hrnet32,blue_channel_shift_-45,79,8,0.3693488538265228,0.5253596305847168,0.10529156029224396,1.3605328994007841
WRD25,hrnet32,blue_channel_shift_-45,80,8,0.19316576421260834,0.5541737079620361,0.2526605427265167,1.4315973965951108
WRD25,hrnet32,blue_channel_shift_-45,81,8,0.22549039125442505,0.33490124344825745,0.4396083950996399,1.5343340456534265
WRD25,hrnet32,blue_channel_shift_-45,82,8,0.48441535234451294,0.3446779251098633,0.17090673744678497,1.4717977575098289
WRD25,hrnet32,blue_channel_shift_-45,83,8,0.5349158644676208,0.31830617785453796,0.14677797257900238,1.4148348225543135
WRD25,hrnet32,blue_channel_shift_-45,84,8,0.5511942505836487,0.2758186459541321,0.17298708856105804,1.4240826770626016
WRD25,hrnet32,blue_channel_shift_-45,85,8,0.5132796168327332,0.34598079323768616,0.14073964953422546,1.4217855745936094
WRD25,hrnet32,blue_channel_shift_-45,86,9,0.029487913474440575,0.5016248226165771,0.4688872694969177,1.1615325753833257
WRD25,hrnet32,blue_channel_shift_-45,87,9,0.043339308351278305,0.41153204441070557,0.5451287031173706,1.2005573660281574
WRD25,hrnet32,blue_channel_shift_-45,88,9,0.6724708080291748,0.0197601355612278,0.30776894092559814,1.0200594950517115
WRD25,hrnet32,blue_channel_shift_-45,89,9,0.4486684799194336,0.06091705709695816,0.4904145300388336,1.2688184143585644
WRD25,hrnet32,blue_channel_shift_-45,90,9,0.4363900423049927,0.052199188619852066,0.5114107728004456,1.239179414828703
WRD25,hrnet32,blue_channel_shift_-45,91,9,0.3807971179485321,0.06323987990617752,0.5559629201889038,1.2531671212015574
WRD25,hrnet32,blue_channel_shift_-45,92,9,0.40511247515678406,0.0926472395658493,0.5022402405738831,1.3450832571696696
WRD25,hrnet32,blue_channel_shift_-45,93,9,0.4088943898677826,0.43982353806495667,0.15128211677074432,1.460944167417631
WRD25,hrnet32,blue_channel_shift_-45,94,9,0.0344562828540802,0.45545417070388794,0.5100895762443542,1.1795820780533108
WRD25,hrnet32,blue_channel_shift_-45,95,9,0.2824699282646179,0.3040392994880676,0.41349083185195923,1.5642340215122514
WRD25,hrnet32,blue_channel_shift_-45,96,9,0.06633926182985306,0.39186087250709534,0.5417998433113098,1.2683274579554704
WRD25,hrnet32,blue_channel_shift_-45,97,10,0.5792220830917358,0.33086276054382324,0.08991524577140808,1.2967555277162195
WRD25,hrnet32,blue_channel_shift_-45,98,10,0.4432503879070282,0.48247605562210083,0.07427363097667694,1.3062003652281298
WRD25,hrnet32,blue_channel_shift_-45,99,10,0.5293219685554504,0.3864694833755493,0.08420867472887039,1.316489308776564
WRD25,hrnet32,blue_channel_shift_-45,100,10,0.47420045733451843,0.40826985239982605,0.11752966791391373,1.4011318692356867
WRD25,hrnet32,blue_channel_shift_-45,101,10,0.48722323775291443,0.45621079206466675,0.05656592547893524,1.256357904580857
WRD25,hrnet32,blue_channel_shift_-45,102,10,0.448820561170578,0.4286942183971405,0.1224852129817009,1.4136443705293125
WRD25,hrnet32,blue_channel_shift_-45,103,10,0.4895319640636444,0.36514216661453247,0.14532580971717834,1.4395870559547594
WRD25,hrnet32,blue_channel_shift_-45,104,10,0.07464471459388733,0.6630682945251465,0.2622870206832886,1.1789224701556118
WRD25,hrnet32,blue_channel_shift_-45,105,10,0.592729926109314,0.3047085106372833,0.10256156325340271,1.3066281341715325
WRD25,hrnet32,blue_channel_shift_-45,106,10,0.6215367913246155,0.31082767248153687,0.06763559579849243,1.213263405947629
WRD25,hrnet32,blue_channel_shift_-45,107,11,0.31842583417892456,0.09753995388746262,0.5840341448783875,1.3063752206617627
WRD25,hrnet32,blue_channel_shift_-45,108,11,0.35043177008628845,0.33611607551574707,0.3134520947933197,1.5834507668279068
WRD25,hrnet32,blue_channel_shift_-45,109,11,0.3186143934726715,0.4013928174972534,0.27999284863471985,1.568567984733738
WRD25,hrnet32,blue_channel_shift_-45,110,11,0.4222566485404968,0.27233678102493286,0.3054065406322479,1.5588668225424076
WRD25,hrnet32,blue_channel_shift_-45,111,11,0.33388200402259827,0.2577976584434509,0.4083203077316284,1.5602127058132973
WRD25,hrnet32,blue_channel_shift_-45,112,11,0.30926835536956787,0.45515337586402893,0.23557831346988678,1.5318242792812071
WRD25,hrnet32,blue_channel_shift_-45,113,11,0.0695447027683258,0.5778236389160156,0.3526315987110138,1.2549697627015206
WRD25,hrnet32,blue_channel_shift_-45,114,12,0.536605954170227,0.3839946985244751,0.07939951866865158,1.3023264400664172
WRD25,hrnet32,blue_channel_shift_-45,115,13,0.7036541104316711,0.2776743471622467,0.01867160201072693,0.97731778463559
WRD25,hrnet32,blue_channel_shift_-45,116,13,0.7447055578231812,0.015909209847450256,0.23938511312007904,0.9054878897706894
WRD25,hrnet32,blue_channel_shift_-45,117,13,0.04712650552392006,0.4677642285823822,0.48510926961898804,1.2267085552219925
WRD25,hrnet32,blue_channel_shift_-45,118,13,0.014414265751838684,0.4940795302391052,0.4915061891078949,1.0943884996445308
WRD25,hrnet32,blue_channel_shift_-45,119,13,0.5180156230926514,0.026172833517193794,0.45581158995628357,1.1457787810276365
WRD25,hrnet32,blue_channel_shift_-45,120,13,0.5803905129432678,0.15673862397670746,0.26287075877189636,1.3813051411636965
WRD25,hrnet32,blue_channel_shift_-45,121,14,0.35225269198417664,0.0004829858662560582,0.6472643613815308,0.9417782083199722
WRD25,hrnet32,blue_channel_shift_-45,122,14,0.5004100203514099,0.47817397117614746,0.02141593210399151,1.1275380263090171
WRD25,hrnet32,blue_channel_shift_-45,123,14,0.5639836192131042,0.4170694351196289,0.018946971744298935,1.1006096413068243
WRD25,hrnet32,blue_channel_shift_-45,124,14,0.5269917249679565,0.44863706827163696,0.024371258914470673,1.1364105227273793
WRD25,hrnet32,blue_channel_shift_-45,125,14,0.6425327658653259,0.02943067066371441,0.3280365467071533,1.087243856826431
WRD25,hrnet32,blue_channel_shift_-45,126,15,0.2901989221572876,0.36947888135910034,0.3403221368789673,1.5779149635361862
WRD25,hrnet32,blue_channel_shift_-45,127,15,0.318219393491745,0.302438884973526,0.3793417811393738,1.5779445865902777
WRD25,hrnet32,blue_channel_shift_-45,128,15,0.273481547832489,0.25745314359664917,0.4690653383731842,1.5278226252124538
WRD25,hrnet32,blue_channel_shift_-45,129,15,0.03851000964641571,0.46079403162002563,0.5006960034370422,1.1957135638762295
WRD25,hrnet32,blue_channel_shift_-45,130,15,0.4127409756183624,0.12940779328346252,0.4578513205051422,1.4247171525708908
WRD25,hrnet32,blue_channel_shift_-45,131,15,0.34729287028312683,0.27202507853507996,0.380682110786438,1.5712253464975805
WRD25,hrnet32,blue_channel_shift_-45,132,15,0.3321836590766907,0.2489069551229477,0.41890937089920044,1.5533945167427268
WRD25,hrnet32,blue_channel_shift_-45,133,15,0.3584480583667755,0.2588552236557007,0.3826967179775238,1.565586354424367
WRD25,hrnet32,blue_channel_shift_-45,134,15,0.3575355112552643,0.25164929032325745,0.3908151686191559,1.5611645281157922
WRD25,hrnet32,blue_channel_shift_-45,135,15,0.019817890599370003,0.41296544671058655,0.5672165751457214,1.1030156052206337
WRD25,hrnet32,blue_channel_shift_-45,136,15,0.0496184341609478,0.42230963706970215,0.528071939945221,1.2266478173589292
WRD25,hrnet32,blue_channel_shift_-45,137,15,0.014796821400523186,0.46596285700798035,0.5192403197288513,1.0942559544924022
WRD25,hrnet32,blue_channel_shift_-45,138,15,0.5734346508979797,0.0316154882311821,0.39494985342025757,1.1469480729603028
WRD25,hrnet32,blue_channel_shift_-45,139,15,0.004684115294367075,0.4933091104030609,0.5020068287849426,1.0382486736227503
WRD25,hrnet32,blue_channel_shift_-45,140,15,0.5064244866371155,0.0312974713742733,0.4622780680656433,1.1681082164034278
WRD25,hrnet32,blue_channel_shift_-45,141,16,0.028531834483146667,0.5845358371734619,0.3869323432445526,1.1292458248219908
WRD25,hrnet32,blue_channel_shift_-45,142,16,0.020527560263872147,0.5808586478233337,0.39861389994621277,1.0992614591490497
WRD25,hrnet32,blue_channel_shift_-45,143,16,0.018310533836483955,0.22918212413787842,0.7525072693824768,0.9014802421039246
WRD25,hrnet32,blue_channel_shift_-45,144,16,0.020519215613603592,0.5807114243507385,0.3987692892551422,1.099305606709102
WRD25,hrnet32,blue_channel_shift_-45,145,16,0.026575744152069092,0.36362457275390625,0.6097997426986694,1.1049414819918606
WRD25,hrnet32,blue_channel_shift_-45,146,16,0.003622543765231967,0.501508891582489,0.494868665933609,1.0309366946869192
WRD25,hrnet32,blue_channel_shift_-45,147,16,0.006413259543478489,0.4360719621181488,0.5575147271156311,1.0387940562719145
WRD25,hrnet32,blue_channel_shift_-45,148,17,0.019736595451831818,0.393559068441391,0.5867043733596802,1.0925902481880583
WRD25,hrnet32,blue_channel_shift_-45,149,17,0.001495727919973433,0.7009962201118469,0.2975080609321594,0.8936543027028891
WRD25,hrnet32,blue_channel_shift_-45,150,17,0.010318100452423096,0.5137574672698975,0.47592437267303467,1.0715330289156264
WRD25,hrnet32,blue_channel_shift_-45,151,17,0.30778056383132935,0.45394036173820496,0.23827913403511047,1.5335312569554327
WRD25,hrnet32,blue_channel_shift_-45,152,18,0.0099727101624012,0.4158264100551605,0.5742008090019226,1.0522852853700484
WRD25,hrnet32,blue_channel_shift_-45,153,18,0.5225091576576233,0.0192473866045475,0.4582434296607971,1.114906473763019
WRD25,hrnet32,blue_channel_shift_-45,154,18,0.6420515179634094,0.3488245904445648,0.009123936295509338,1.0022626432769135
WRD25,hrnet32,blue_channel_shift_-45,155,18,0.010451939888298512,0.45037293434143066,0.5391751527786255,1.0675663495774286
WRD25,hrnet32,blue_channel_shift_-45,156,18,0.6483729481697083,0.004084237851202488,0.34754273295402527,0.9676234821321581
WRD25,hrnet32,blue_channel_shift_-45,157,18,0.3885209858417511,0.4703260362148285,0.14115303754806519,1.4404683038987562
WRD25,hrnet32,blue_channel_shift_-45,158,18,0.04534875229001045,0.47399193048477173,0.48065924644470215,1.2209177933925206
WRD25,hrnet32,blue_channel_shift_-45,159,18,0.6263167858123779,0.050214312970638275,0.3234688341617584,1.1662036258723116
WRD25,hrnet32,blue_channel_shift_-45,160,18,0.3251569867134094,0.29087498784065247,0.3839681148529053,1.575451442476631
WRD25,hrnet32,blue_channel_shift_-45,161,18,0.45946434140205383,0.22998835146427155,0.3105473518371582,1.5270964132138853
WRD25,hrnet32,blue_channel_shift_-45,162,18,0.044544897973537445,0.5177938938140869,0.43766123056411743,1.2133571844168833
WRD25,hrnet32,blue_channel_shift_-45,163,18,0.0584527924656868,0.6419492959976196,0.29959794878959656,1.1709342858768572
WRD25,hrnet32,blue_channel_shift_-45,164,18,0.4023522138595581,0.33585724234580994,0.2617906332015991,1.5633193678720012
WRD25,hrnet32,blue_channel_shift_-45,165,18,0.09005533158779144,0.5059409141540527,0.40400373935699463,1.3383443471622267
WRD25,hrnet32,blue_channel_shift_-45,166,18,0.01078050583600998,0.29973307251930237,0.6894862651824951,0.961310902023657
WRD25,hrnet32,blue_channel_shift_-45,167,18,0.007139737252146006,0.2756989300251007,0.7171613574028015,0.9073567296488242
WRD25,hrnet32,blue_channel_shift_-45,168,18,0.38881564140319824,0.2704063355922699,0.34077808260917664,1.5693575789873417
WRD25,hrnet32,blue_channel_shift_-45,169,18,0.5970754027366638,0.35930386185646057,0.04362078756093979,1.1719409325106402
WRD25,hrnet32,blue_channel_shift_-45,170,19,0.07068900018930435,0.8603137135505676,0.06899738311767578,0.7230884448108785
WRD25,hrnet32,blue_channel_shift_-45,171,19,0.00796819943934679,0.7952884435653687,0.19674330949783325,0.7798372576130439
WRD25,hrnet32,blue_channel_shift_-45,172,19,0.44620320200920105,0.0625733956694603,0.49122336506843567,1.2734431307363487
WRD25,hrnet32,blue_channel_shift_-45,173,19,0.6067426204681396,0.25179702043533325,0.14146049320697784,1.3374935132542203
WRD25,hrnet32,blue_channel_shift_-45,174,20,0.056568946689367294,0.19773004949092865,0.745701014995575,1.012462349498499
WRD25,hrnet32,blue_channel_shift_-45,175,20,0.08871921896934509,0.25846704840660095,0.6528136730194092,1.2162012472564883
WRD25,hrnet32,blue_channel_shift_-45,176,20,0.13937480747699738,0.36891961097717285,0.4917055368423462,1.4305445982308265
WRD25,hrnet32,blue_channel_shift_-45,177,20,0.09022782742977142,0.47071555256843567,0.43905672430992126,1.3462071118292847
WRD25,hrnet32,blue_channel_shift_-45,178,21,0.010103147476911545,0.3570161461830139,0.632880687713623,1.0151762146449954
WRD25,hrnet32,blue_channel_shift_-45,179,21,0.0012684905668720603,0.6482862234115601,0.350445419549942,0.9477100991609178
WRD25,hrnet32,blue_channel_shift_-45,180,21,0.004349242430180311,0.7093077301979065,0.2863430380821228,0.9022089345664435
WRD25,hrnet32,blue_channel_shift_-45,181,21,0.018803196027874947,0.6243578195571899,0.35683897137641907,1.062578328870756
WRD25,hrnet32,blue_channel_shift_-45,182,21,0.09509948641061783,0.4031130373477936,0.5017874836921692,1.3503894104341887
WRD25,hrnet32,blue_channel_shift_-45,183,21,0.6745008826255798,0.05197368189692497,0.2735254466533661,1.1164746106116439
WRD25,hrnet32,blue_channel_shift_-45,184,21,0.09035254269838333,0.5238344669342041,0.38581302762031555,1.332127887446693
WRD25,hrnet32,blue_channel_shift_-45,185,22,0.04956422746181488,0.3250100910663605,0.6254256963729858,1.165293731269336
WRD25,hrnet32,blue_channel_shift_-45,186,22,0.02104012481868267,0.39593935012817383,0.5830205678939819,1.1002526198200278
WRD25,hrnet32,blue_channel_shift_-45,187,22,0.06211511790752411,0.3157755434513092,0.6221093535423279,1.2001533437898722
WRD25,hrnet32,blue_channel_shift_-45,188,22,0.06892360001802444,0.7030090689659119,0.22806721925735474,1.1097117522051902
WRD25,hrnet32,blue_channel_shift_-45,189,22,0.1162070706486702,0.617517352104187,0.2662755250930786,1.2986233469655497
WRD25,hrnet32,blue_channel_shift_-45,190,23,0.023543648421764374,0.46565482020378113,0.5108015537261963,1.1358496289324918
WRD25,hrnet32,blue_channel_shift_-45,191,23,0.02524906024336815,0.5660235285758972,0.40872734785079956,1.1263361700252612
WRD25,hrnet32,blue_channel_shift_-45,192,23,0.0442483015358448,0.6959236264228821,0.25982800126075745,1.0682087054252105
WRD25,hrnet32,blue_channel_shift_-45,193,23,0.029277315363287926,0.676049530506134,0.2946730852127075,1.0504264365582465
WRD25,hrnet32,blue_channel_shift_-45,194,24,0.3181425631046295,0.44712328910827637,0.23473402857780457,1.535682527723596
WRD25,hrnet32,blue_channel_shift_-45,195,24,0.3506098687648773,0.6262782216072083,0.023111850023269653,1.07857742639077
WRD25,hrnet32,blue_channel_shift_-45,196,24,0.00327110942453146,0.2791283428668976,0.7176005244255066,0.8844306180092372
WRD25,hrnet32,blue_channel_shift_-45,197,24,0.5116556882858276,0.010001429356634617,0.47834283113479614,1.0699924322357748
WRD25,hrnet32,blue_channel_shift_-45,198,24,0.044991668313741684,0.3670298457145691,0.5879784226417542,1.1825264784831657
WRD25,hrnet32,blue_channel_shift_-45,199,24,0.5928716659545898,0.025060808286070824,0.38206756114959717,1.1107808000662391
WRD25,hrnet32,blue_channel_shift_45,0,0,0.5304004549980164,0.2642051875591278,0.20539435744285583,1.4616043835965897
WRD25,hrnet32,blue_channel_shift_45,1,0,0.5109221339225769,0.16180546581745148,0.32727232575416565,1.4475435319384875
WRD25,hrnet32,blue_channel_shift_45,2,0,0.4656660556793213,0.30556052923202515,0.22877350449562073,1.5229424235991305
WRD25,hrnet32,blue_channel_shift_45,3,0,0.5527211427688599,0.14624781906604767,0.30103108286857605,1.3997953325641348
WRD25,hrnet32,blue_channel_shift_45,4,0,0.6176382303237915,0.008442826569080353,0.37391895055770874,1.0181825180108306
WRD25,hrnet32,blue_channel_shift_45,5,0,0.5799890160560608,0.12861208617687225,0.29139888286590576,1.3547443837816147
WRD25,hrnet32,blue_channel_shift_45,6,0,0.5739666819572449,0.09536086767911911,0.33067241311073303,1.3109689846433596
WRD25,hrnet32,blue_channel_shift_45,7,0,0.5563733577728271,0.00311450962908566,0.440512090921402,1.0175701191432156
WRD25,hrnet32,blue_channel_shift_45,8,0,0.6112509965896606,0.3568940758705139,0.03185494989156723,1.1229803831395566
WRD25,hrnet32,blue_channel_shift_45,9,0,0.5425872802734375,0.12290358543395996,0.3345092535018921,1.3787964035885198
WRD25,hrnet32,blue_channel_shift_45,10,0,0.4643120765686035,0.43115609884262085,0.10453177243471146,1.3777810062721065
WRD25,hrnet32,blue_channel_shift_45,11,0,0.49246272444725037,0.24454858899116516,0.2629886865615845,1.506889957761878
WRD25,hrnet32,blue_channel_shift_45,12,0,0.5698975920677185,0.010526956059038639,0.4195754826068878,1.0572021919594587
WRD25,hrnet32,blue_channel_shift_45,13,0,0.6072433590888977,0.007658433634787798,0.3850981891155243,1.0209991251768777
WRD25,hrnet32,blue_channel_shift_45,14,0,0.526336669921875,0.017215436324477196,0.45644786953926086,1.1047031356805137
WRD25,hrnet32,blue_channel_shift_45,15,0,0.5395157933235168,0.0,0.46048426628112793,0.9954897780896832
WRD25,hrnet32,blue_channel_shift_45,16,0,0.0,0.5255946516990662,0.47440534830093384,0.9981089978015899
WRD25,hrnet32,blue_channel_shift_45,17,0,0.6041889190673828,0.3752357065677643,0.020575422793626785,1.085117257934685
WRD25,hrnet32,blue_channel_shift_45,18,1,0.6890704035758972,0.02816956676542759,0.2827601432800293,1.0305746223496675
WRD25,hrnet32,blue_channel_shift_45,19,1,0.20916415750980377,0.3740698993206024,0.41676586866378784,1.5290542956726543
WRD25,hrnet32,blue_channel_shift_45,20,1,0.653283417224884,0.32987600564956665,0.01684056967496872,1.028285354243216
WRD25,hrnet32,blue_channel_shift_45,21,1,0.012413883581757545,0.7200360298156738,0.267549991607666,0.9287110772659593
WRD25,hrnet32,blue_channel_shift_45,22,1,0.039047472178936005,0.45504865050315857,0.5059037804603577,1.1969179564112709
WRD25,hrnet32,blue_channel_shift_45,23,1,0.013384931720793247,0.5736299157142639,0.41298505663871765,1.070140891666703
WRD25,hrnet32,blue_channel_shift_45,24,1,0.017370853573083878,0.6268526315689087,0.3557765483856201,1.0543924909225488
WRD25,hrnet32,blue_channel_shift_45,25,2,0.405285507440567,0.2882014811038971,0.3065130412578583,1.5682662948228063
WRD25,hrnet32,blue_channel_shift_45,26,2,0.6323278546333313,0.20971554517745972,0.1579565703868866,1.3112665347122894
WRD25,hrnet32,blue_channel_shift_45,27,2,0.4113614559173584,0.3009296655654907,0.2877088487148285,1.5656341551951762
WRD25,hrnet32,blue_channel_shift_45,28,2,0.5183314085006714,0.4005412757396698,0.08112732321023941,1.3140896429729383
WRD25,hrnet32,blue_channel_shift_45,29,2,0.23599174618721008,0.6999573111534119,0.06405085325241089,1.1057953270060912
WRD25,hrnet32,blue_channel_shift_45,30,2,0.18969601392745972,0.6618068814277649,0.14849714934825897,1.257642961398734
WRD25,hrnet32,blue_channel_shift_45,31,2,0.050874289125204086,0.8103283643722534,0.13879728317260742,0.8599000451645897
WRD25,hrnet32,blue_channel_shift_45,32,2,0.042868901044130325,0.8869157433509827,0.07021547108888626,0.6174162072847827
WRD25,hrnet32,blue_channel_shift_45,33,2,0.056507233530282974,0.7511387467384338,0.19235406816005707,1.0018023818060275
WRD25,hrnet32,blue_channel_shift_45,34,2,0.8512309193611145,0.13004907965660095,0.018720023334026337,0.6879640890375068
WRD25,hrnet32,blue_channel_shift_45,35,2,0.7018277645111084,0.2927592396736145,0.005412926431745291,0.9180891573415513
WRD25,hrnet32,blue_channel_shift_45,36,3,0.0015977942384779453,0.4814525246620178,0.5169495940208435,1.014637952787687
WRD25,hrnet32,blue_channel_shift_45,37,3,0.2732769846916199,0.3150685131549835,0.4116545021533966,1.5635634122068862
WRD25,hrnet32,blue_channel_shift_45,38,3,0.44980156421661377,0.38524240255355835,0.16495612263679504,1.4774752838727927
WRD25,hrnet32,blue_channel_shift_45,39,3,0.6665522456169128,0.03398989513516426,0.2994578182697296,1.076830747227225
WRD25,hrnet32,blue_channel_shift_45,40,3,0.4229642152786255,0.5219991207122803,0.05503658205270767,1.2448811242911597
WRD25,hrnet32,blue_channel_shift_45,41,4,0.6682222485542297,0.0006502345786429942,0.33112749457359314,0.9235184332727839
WRD25,hrnet32,blue_channel_shift_45,42,4,0.8406806588172913,0.1508299857378006,0.00848944578319788,0.6805055769197549
WRD25,hrnet32,blue_channel_shift_45,43,4,0.013455962762236595,0.7876796126365662,0.19886435568332672,0.8182326262456914
WRD25,hrnet32,blue_channel_shift_45,44,4,0.010157986544072628,0.8166764378547668,0.17316554486751556,0.7439315740169685
WRD25,hrnet32,blue_channel_shift_45,45,4,0.6165674328804016,0.10972403734922409,0.2737084925174713,1.2916057522611526
WRD25,hrnet32,blue_channel_shift_45,46,5,0.99781334400177,0.0,0.002186723053455353,0.02247542657944921
WRD25,hrnet32,blue_channel_shift_45,47,5,0.009202721528708935,0.5764129161834717,0.4143843352794647,1.0470576461311865
WRD25,hrnet32,blue_channel_shift_45,48,5,0.6393094062805176,0.35574910044670105,0.0049415030516684055,0.9809212324461836
WRD25,hrnet32,blue_channel_shift_45,49,5,0.02202039584517479,0.28476816415786743,0.6932114362716675,1.0037166617865911
WRD25,hrnet32,blue_channel_shift_45,50,6,0.573857843875885,0.3554876148700714,0.07065446674823761,1.2603454652073447
WRD25,hrnet32,blue_channel_shift_45,51,6,0.0005771017167717218,0.3240969479084015,0.6753259301185608,0.9154962967966562
WRD25,hrnet32,blue_channel_shift_45,52,6,0.005995927844196558,0.7170341610908508,0.27696990966796875,0.9013589224229882
WRD25,hrnet32,blue_channel_shift_45,53,7,0.5639435052871704,0.27174800634384155,0.16430845856666565,1.404932880136394
WRD25,hrnet32,blue_channel_shift_45,54,7,0.5010619759559631,0.27571287751197815,0.22322525084018707,1.4949444307216526
WRD25,hrnet32,blue_channel_shift_45,55,7,0.7306366562843323,0.020063523203134537,0.2492998242378235,0.9435654755541598
WRD25,hrnet32,blue_channel_shift_45,56,7,0.005196775309741497,0.7084834575653076,0.286319762468338,0.9082946607490334
WRD25,hrnet32,blue_channel_shift_45,57,7,0.3983744978904724,0.48495033383369446,0.11667519062757492,1.3969217164939485
WRD25,hrnet32,blue_channel_shift_45,58,7,0.5421060919761658,0.42926904559135437,0.028624840080738068,1.1493467069070495
WRD25,hrnet32,blue_channel_shift_45,59,7,0.213204026222229,0.5185450315475464,0.2682509124279022,1.4759124569904167
WRD25,hrnet32,blue_channel_shift_45,60,7,0.5390404462814331,0.3758755028247833,0.08508402854204178,1.3136575483085642
WRD25,hrnet32,blue_channel_shift_45,61,7,0.7748194932937622,0.1609942615032196,0.06418634951114655,0.9636729813750962
WRD25,hrnet32,blue_channel_shift_45,62,7,0.30584797263145447,0.44019603729248047,0.25395599007606506,1.5459847537863203
WRD25,hrnet32,blue_channel_shift_45,63,7,0.5320451259613037,0.38057735562324524,0.08737748861312866,1.3220594255650824
WRD25,hrnet32,blue_channel_shift_45,64,7,0.5237381458282471,0.3941248059272766,0.08213712275028229,1.3142808982737264
WRD25,hrnet32,blue_channel_shift_45,65,7,0.8802915215492249,0.013822396285831928,0.10588616132736206,0.5903147725800011
WRD25,hrnet32,blue_channel_shift_45,66,7,0.46955016255378723,0.38381722569465637,0.14663255214691162,1.448492640062483
WRD25,hrnet32,blue_channel_shift_45,67,7,0.6348012089729309,0.030190927907824516,0.335007905960083,1.0971998086815373
WRD25,hrnet32,blue_channel_shift_45,68,7,0.25302496552467346,0.47980064153671265,0.2671743631362915,1.518744091413359
WRD25,hrnet32,blue_channel_shift_45,69,8,0.36064615845680237,0.3966936767101288,0.24266022443771362,1.5555378525431716
WRD25,hrnet32,blue_channel_shift_45,70,8,0.4215107560157776,0.43591180443763733,0.1425774246454239,1.4481973499712946
WRD25,hrnet32,blue_channel_shift_45,71,8,0.43860840797424316,0.31937453150749207,0.2420169860124588,1.5427754820543575
WRD25,hrnet32,blue_channel_shift_45,72,8,0.306374192237854,0.5077550411224365,0.18587076663970947,1.4705740836089387
WRD25,hrnet32,blue_channel_shift_45,73,8,0.33775216341018677,0.48832955956459045,0.17391826212406158,1.4727618061009964
WRD25,hrnet32,blue_channel_shift_45,74,8,0.35209232568740845,0.47838684916496277,0.16952092945575714,1.4731785345913309
WRD25,hrnet32,blue_channel_shift_45,75,8,0.5236616730690002,0.2643306851387024,0.21200773119926453,1.4705680936324352
WRD25,hrnet32,blue_channel_shift_45,76,8,0.2855672240257263,0.6098699569702148,0.10456278175115585,1.2920501849723358
WRD25,hrnet32,blue_channel_shift_45,77,8,0.5959005951881409,0.22915171086788177,0.17494775354862213,1.372137087586439
WRD25,hrnet32,blue_channel_shift_45,78,8,0.299272358417511,0.4822028577327728,0.21852481365203857,1.507762573320997
WRD25,hrnet32,blue_channel_shift_45,79,8,0.4859103858470917,0.43195125460624695,0.08213826268911362,1.325241259448563
WRD25,hrnet32,blue_channel_shift_45,80,8,0.2543766498565674,0.49894067645072937,0.24668273329734802,1.5009708901536456
WRD25,hrnet32,blue_channel_shift_45,81,8,0.261717289686203,0.438580185174942,0.2997024953365326,1.5486521231108679
WRD25,hrnet32,blue_channel_shift_45,82,8,0.3754422068595886,0.4057716131210327,0.21878622472286224,1.538309156578299
WRD25,hrnet32,blue_channel_shift_45,83,8,0.540594220161438,0.3175690472126007,0.1418367326259613,1.404898116748778
WRD25,hrnet32,blue_channel_shift_45,84,8,0.2949596345424652,0.4339284598827362,0.27111193537712097,1.552713682181698
WRD25,hrnet32,blue_channel_shift_45,85,8,0.5495288968086243,0.35315680503845215,0.09731420129537582,1.3320461930785998
WRD25,hrnet32,blue_channel_shift_45,86,9,0.5086971521377563,0.10229595750570297,0.38900691270828247,1.3623899097373888
WRD25,hrnet32,blue_channel_shift_45,87,9,0.04537314921617508,0.4332664906978607,0.5213603377342224,1.2151617528464382
WRD25,hrnet32,blue_channel_shift_45,88,9,0.5599415302276611,0.029290884733200073,0.4107675552368164,1.1449301038124724
WRD25,hrnet32,blue_channel_shift_45,89,9,0.33956047892570496,0.09644235670566559,0.5639971494674683,1.3205352514103894
WRD25,hrnet32,blue_channel_shift_45,90,9,0.41226717829704285,0.10077273845672607,0.4869600236415863,1.3661870421739053
WRD25,hrnet32,blue_channel_shift_45,91,9,0.05537978187203407,0.3888249397277832,0.5557953715324402,1.23204292314813
WRD25,hrnet32,blue_channel_shift_45,92,9,0.5666712522506714,0.02603127248585224,0.4072975218296051,1.1291525070227926
WRD25,hrnet32,blue_channel_shift_45,93,9,0.232566699385643,0.5990655422210693,0.16836780309677124,1.3649818196173547
WRD25,hrnet32,blue_channel_shift_45,94,9,0.031632497906684875,0.3550480902194977,0.6133192777633667,1.1205862714606671
WRD25,hrnet32,blue_channel_shift_45,95,9,0.1221054419875145,0.49074020981788635,0.3871542811393738,1.404440110532101
WRD25,hrnet32,blue_channel_shift_45,96,9,0.039959292858839035,0.3242824375629425,0.6357583403587341,1.1279142537554323
WRD25,hrnet32,blue_channel_shift_45,97,10,0.46513131260871887,0.49129098653793335,0.0435776524245739,1.2143678872813584
WRD25,hrnet32,blue_channel_shift_45,98,10,0.3958531320095062,0.49757012724876404,0.10657672584056854,1.3745547096744621
WRD25,hrnet32,blue_channel_shift_45,99,10,0.49763602018356323,0.4617469012737274,0.040617138147354126,1.2035288000243558
WRD25,hrnet32,blue_channel_shift_45,100,10,0.941902220249176,0.04832048714160919,0.00977722555398941,0.35782973920983047
WRD25,hrnet32,blue_channel_shift_45,101,10,0.6175906658172607,0.34434276819229126,0.03806665539741516,1.1385211438214184
WRD25,hrnet32,blue_channel_shift_45,102,10,0.6505054831504822,0.26569661498069763,0.08379796892404556,1.2113437708631312
WRD25,hrnet32,blue_channel_shift_45,103,10,0.5875584483146667,0.3177555203437805,0.09468597173690796,1.2983425192149345
WRD25,hrnet32,blue_channel_shift_45,104,10,0.254888117313385,0.5827960968017578,0.16231584548950195,1.382391681648086
WRD25,hrnet32,blue_channel_shift_45,105,10,0.6094098091125488,0.33420100808143616,0.056389108300209045,1.1978021197197128
WRD25,hrnet32,blue_channel_shift_45,106,10,0.5662639737129211,0.36739787459373474,0.06633811444044113,1.2549791426861507
WRD25,hrnet32,blue_channel_shift_45,107,11,0.5508531928062439,0.35043865442276,0.0987081453204155,1.3337618522127694
WRD25,hrnet32,blue_channel_shift_45,108,11,0.4643723666667938,0.3244988024234772,0.2111288160085678,1.5145211708991697
WRD25,hrnet32,blue_channel_shift_45,109,11,0.4367853105068207,0.2175566703081131,0.3456580340862274,1.5304510556462056
WRD25,hrnet32,blue_channel_shift_45,110,11,0.364393025636673,0.2925260066986084,0.34308090806007385,1.5789727549303167
WRD25,hrnet32,blue_channel_shift_45,111,11,0.4036473333835602,0.3226773142814636,0.2736753821372986,1.5664891228477338
WRD25,hrnet32,blue_channel_shift_45,112,11,0.4674336612224579,0.14321589469909668,0.38935044407844543,1.4442431526362294
WRD25,hrnet32,blue_channel_shift_45,113,11,0.3389347791671753,0.3379221260547638,0.3231430649757385,1.5846225746854765
WRD25,hrnet32,blue_channel_shift_45,114,12,0.6220588684082031,0.3434966504573822,0.03444454073905945,1.1229652982526113
WRD25,hrnet32,blue_channel_shift_45,115,13,0.6701982021331787,0.3214299976825714,0.008371715433895588,0.9710164362358029
WRD25,hrnet32,blue_channel_shift_45,116,13,0.7533783912658691,0.009144666604697704,0.23747704923152924,0.8622915330098392
WRD25,hrnet32,blue_channel_shift_45,117,13,0.029684068635106087,0.5333405137062073,0.43697550892829895,1.156206011591205
WRD25,hrnet32,blue_channel_shift_45,118,13,0.0078921252861619,0.5213621854782104,0.470745712518692,1.0567145514268141
WRD25,hrnet32,blue_channel_shift_45,119,13,0.009545901790261269,0.5424031615257263,0.44805094599723816,1.0617281847853715
WRD25,hrnet32,blue_channel_shift_45,120,13,0.6395856142044067,0.14902469515800476,0.2113897204399109,1.295617334412937
WRD25,hrnet32,blue_channel_shift_45,121,14,0.5100283622741699,0.4731205105781555,0.01685110479593277,1.1055242970643582
WRD25,hrnet32,blue_channel_shift_45,122,14,0.5262202024459839,0.4456794857978821,0.02810019627213478,1.1518528365334288
WRD25,hrnet32,blue_channel_shift_45,123,14,0.7033712863922119,0.28208526968955994,0.014543503522872925,0.9608569663950146
WRD25,hrnet32,blue_channel_shift_45,124,14,0.43055763840675354,0.5310044288635254,0.03843800351023674,1.189063224105209
WRD25,hrnet32,blue_channel_shift_45,125,14,0.6966586112976074,0.03719372674822807,0.2661477029323578,1.0481789120169611
WRD25,hrnet32,blue_channel_shift_45,126,15,0.45215752720832825,0.2404947429895401,0.3073476552963257,1.5353284934630713
WRD25,hrnet32,blue_channel_shift_45,127,15,0.5192598700523376,0.19017153978347778,0.29056861996650696,1.4644333314824554
WRD25,hrnet32,blue_channel_shift_45,128,15,0.4119837284088135,0.3001432716846466,0.2878729999065399,1.5653619373900374
WRD25,hrnet32,blue_channel_shift_45,129,15,0.39142289757728577,0.23184195160865784,0.3767351508140564,1.5491638978781612
WRD25,hrnet32,blue_channel_shift_45,130,15,0.5525992512702942,0.10821109265089035,0.33918964862823486,1.3490861504857254
WRD25,hrnet32,blue_channel_shift_45,131,15,0.4004583954811096,0.247394859790802,0.35214680433273315,1.5574894244250759
WRD25,hrnet32,blue_channel_shift_45,132,15,0.5295242667198181,0.2203494906425476,0.2501262426376343,1.4665987710420918
WRD25,hrnet32,blue_channel_shift_45,133,15,0.4303129017353058,0.31237366795539856,0.25731343030929565,1.5517843809399476
WRD25,hrnet32,blue_channel_shift_45,134,15,0.45203477144241333,0.25380727648735046,0.2941579520702362,1.5391714069944364
WRD25,hrnet32,blue_channel_shift_45,135,15,0.009900706820189953,0.4490044116973877,0.541094958782196,1.064045832570625
WRD25,hrnet32,blue_channel_shift_45,136,15,0.08004280924797058,0.4183580279350281,0.5015990734100342,1.3168466293628676
WRD25,hrnet32,blue_channel_shift_45,137,15,0.3889888525009155,0.3334525227546692,0.27755868434906006,1.571461638407589
WRD25,hrnet32,blue_channel_shift_45,138,15,0.4407605230808258,0.23697209358215332,0.3222673833370209,1.539668992217528
WRD25,hrnet32,blue_channel_shift_45,139,15,0.00036756746703758836,0.5298386812210083,0.4697938561439514,1.0017532029978287
WRD25,hrnet32,blue_channel_shift_45,140,15,0.41661879420280457,0.22615830600261688,0.3572229743003845,1.541803914701624
WRD25,hrnet32,blue_channel_shift_45,141,16,0.005283149890601635,0.2643894553184509,0.7303274869918823,0.8785160667419863
WRD25,hrnet32,blue_channel_shift_45,142,16,0.005294544622302055,0.5841931700706482,0.4105122983455658,1.0203693036265213
WRD25,hrnet32,blue_channel_shift_45,143,16,0.0036589254159480333,0.408974289894104,0.5873668789863586,1.0080616788713477
WRD25,hrnet32,blue_channel_shift_45,144,16,0.05533149838447571,0.47224825620651245,0.47242027521133423,1.253295386659426
WRD25,hrnet32,blue_channel_shift_45,145,16,0.024582864716649055,0.5049521327018738,0.4704650044441223,1.140988412400093
WRD25,hrnet32,blue_channel_shift_45,146,16,0.007038407027721405,0.4789426028728485,0.5140189528465271,1.052514441432591
WRD25,hrnet32,blue_channel_shift_45,147,16,0.004990634974092245,0.6755644679069519,0.3194448947906494,0.9463405940533762
WRD25,hrnet32,blue_channel_shift_45,148,17,0.014305314049124718,0.6884340047836304,0.29726067185401917,0.9787157512943253
WRD25,hrnet32,blue_channel_shift_45,149,17,0.5957056283950806,0.32129162549972534,0.08300268650054932,1.2695154296722704
WRD25,hrnet32,blue_channel_shift_45,150,17,0.008733067661523819,0.7227896451950073,0.26847732067108154,0.9075840201106653
WRD25,hrnet32,blue_channel_shift_45,151,17,0.3140160143375397,0.4793030321598053,0.2066810131072998,1.5033853020787065
WRD25,hrnet32,blue_channel_shift_45,152,18,0.01509855967015028,0.7317469716072083,0.2531544268131256,0.9227801856452774
WRD25,hrnet32,blue_channel_shift_45,153,18,0.6212711930274963,0.011267151683568954,0.367461621761322,1.030285483724156
WRD25,hrnet32,blue_channel_shift_45,154,18,0.5593399405479431,0.39049604535102844,0.050164032727479935,1.2151633884402877
WRD25,hrnet32,blue_channel_shift_45,155,18,0.0031149559654295444,0.4558747112751007,0.541010320186615,1.0220577662019865
WRD25,hrnet32,blue_channel_shift_45,156,18,0.3966079652309418,0.5217229723930359,0.08166909217834473,1.3140297768682878
WRD25,hrnet32,blue_channel_shift_45,157,18,0.5670002102851868,0.32556334137916565,0.10743644088506699,1.3369963464023846
WRD25,hrnet32,blue_channel_shift_45,158,18,0.06170042231678963,0.5867969393730164,0.3515026569366455,1.2294378154668135
WRD25,hrnet32,blue_channel_shift_45,159,18,0.8480880856513977,0.02438393607735634,0.12752804160118103,0.7111500408596301
WRD25,hrnet32,blue_channel_shift_45,160,18,0.5872682929039001,0.21186226606369019,0.20086945593357086,1.3904331214465966
WRD25,hrnet32,blue_channel_shift_45,161,18,0.6344730854034424,0.2514248788356781,0.11410199850797653,1.2745590641262898
WRD25,hrnet32,blue_channel_shift_45,162,18,0.45148390531539917,0.35778576135635376,0.19073037803173065,1.5044233700519216
WRD25,hrnet32,blue_channel_shift_45,163,18,0.04624691233038902,0.6830611824989319,0.27069199085235596,1.0910354279112195
WRD25,hrnet32,blue_channel_shift_45,164,18,0.37234851717948914,0.37550094723701477,0.2521505355834961,1.5625087628199632
WRD25,hrnet32,blue_channel_shift_45,165,18,0.08485592901706696,0.6171610355377197,0.2979830205440521,1.2521926433164636
WRD25,hrnet32,blue_channel_shift_45,166,18,0.25878632068634033,0.7265110611915588,0.014702596701681614,0.9290631430707118
WRD25,hrnet32,blue_channel_shift_45,167,18,0.0014245541533455253,0.38003891706466675,0.6185365915298462,0.9726092828670058
WRD25,hrnet32,blue_channel_shift_45,168,18,0.5504553914070129,0.13722127676010132,0.31232327222824097,1.3916614961472507
WRD25,hrnet32,blue_channel_shift_45,169,18,0.5942139029502869,0.36627402901649475,0.03951206058263779,1.161143141664577
WRD25,hrnet32,blue_channel_shift_45,170,19,0.11789385229349136,0.33574408292770386,0.5463621020317078,1.3687540976214103
WRD25,hrnet32,blue_channel_shift_45,171,19,0.03152531012892723,0.45922979712486267,0.5092449188232422,1.1685951238066483
WRD25,hrnet32,blue_channel_shift_45,172,19,0.018292289227247238,0.5464656352996826,0.43524202704429626,1.1043401119000746
WRD25,hrnet32,blue_channel_shift_45,173,19,0.4438150227069855,0.3959202468395233,0.1602647304534912,1.4727061886569717
WRD25,hrnet32,blue_channel_shift_45,174,20,0.043807052075862885,0.22373844683170319,0.7324544787406921,1.0099990151099374
WRD25,hrnet32,blue_channel_shift_45,175,20,0.07118890434503555,0.43887612223625183,0.4899349510669708,1.2971302151383697
WRD25,hrnet32,blue_channel_shift_45,176,20,0.12465042620897293,0.43618375062942505,0.43916577100753784,1.417924516485498
WRD25,hrnet32,blue_channel_shift_45,177,20,0.08631309866905212,0.32469338178634644,0.588993489742279,1.2817834909581047
WRD25,hrnet32,blue_channel_shift_45,178,21,0.41627687215805054,0.018686307594180107,0.5650368332862854,1.0989833753360223
WRD25,hrnet32,blue_channel_shift_45,179,21,0.6770414113998413,0.015330394729971886,0.30762821435928345,0.9965594425016828
WRD25,hrnet32,blue_channel_shift_45,180,21,0.02274838089942932,0.8301466703414917,0.1471048891544342,0.7538656530365342
WRD25,hrnet32,blue_channel_shift_45,181,21,0.03198980540037155,0.7002865672111511,0.26772359013557434,1.0277960901064047
WRD25,hrnet32,blue_channel_shift_45,182,21,0.07971035689115524,0.47024646401405334,0.4500431716442108,1.3211274736475782
WRD25,hrnet32,blue_channel_shift_45,183,21,0.5448130965232849,0.31167590618133545,0.14351092278957367,1.4034897599787528
WRD25,hrnet32,blue_channel_shift_45,184,21,0.0625574141740799,0.5794005990028381,0.3580419719219208,1.2368940193061686
WRD25,hrnet32,blue_channel_shift_45,185,22,0.05669385939836502,0.3359101712703705,0.6073959469795227,1.200317626388896
WRD25,hrnet32,blue_channel_shift_45,186,22,0.8227112293243408,0.12065871059894562,0.0566299669444561,0.8343346956390805
WRD25,hrnet32,blue_channel_shift_45,187,22,0.05066101253032684,0.4686347544193268,0.4807042181491852,1.2384265817700406
WRD25,hrnet32,blue_channel_shift_45,188,22,0.045123565942049026,0.7685974836349487,0.18627899885177612,0.9451641353598514
WRD25,hrnet32,blue_channel_shift_45,189,22,0.08457633852958679,0.7589336037635803,0.1564899981021881,1.0221623306185053
WRD25,hrnet32,blue_channel_shift_45,190,23,0.014501668512821198,0.6156042218208313,0.3698940873146057,1.0501775898702523
WRD25,hrnet32,blue_channel_shift_45,191,23,0.023530617356300354,0.5967212915420532,0.3797481060028076,1.1022294206172567
WRD25,hrnet32,blue_channel_shift_45,192,23,0.02890457957983017,0.638642430305481,0.3324529826641083,1.089120611686266
WRD25,hrnet32,blue_channel_shift_45,193,23,0.632885217666626,0.23958182334899902,0.127532958984375,1.2904783512849882
WRD25,hrnet32,blue_channel_shift_45,194,24,0.3264996111392975,0.40486761927604675,0.2686326801776886,1.5647940479112314
WRD25,hrnet32,blue_channel_shift_45,195,24,0.33176207542419434,0.6432216763496399,0.025016270577907562,1.0706859463526024
WRD25,hrnet32,blue_channel_shift_45,196,24,0.45485034584999084,0.5086955428123474,0.03645411133766174,1.187165455342867
WRD25,hrnet32,blue_channel_shift_45,197,24,0.22068524360656738,0.6022656559944153,0.17704911530017853,1.363883853550334
WRD25,hrnet32,blue_channel_shift_45,198,24,0.2451968640089035,0.4713878929615021,0.283415287733078,1.5242537519473889
WRD25,hrnet32,blue_channel_shift_45,199,24,0.7070833444595337,0.011742738075554371,0.281173974275589,0.9435501019778075
WRD25,hrnet32,gaussian_noise_0.1,0,0,0.6205753087997437,0.16677600145339966,0.2126486748456955,1.333048939857998
WRD25,hrnet32,gaussian_noise_0.1,1,0,0.5893640518188477,0.020941123366355896,0.38969486951828003,1.0961707207648854
WRD25,hrnet32,gaussian_noise_0.1,2,0,0.27520751953125,0.2223464399576187,0.5024461150169373,1.4934778706269438
WRD25,hrnet32,gaussian_noise_0.1,3,0,0.0,0.45609042048454285,0.5439095497131348,0.9944296542066442
WRD25,hrnet32,gaussian_noise_0.1,4,0,0.0,0.38775262236595154,0.6122474670410156,0.963333892164358
WRD25,hrnet32,gaussian_noise_0.1,5,0,0.49787142872810364,0.0010498410556465387,0.5010787844657898,1.0108453563706752
WRD25,hrnet32,gaussian_noise_0.1,6,0,0.46793997287750244,0.08416623622179031,0.44789379835128784,1.3322089141432976
WRD25,hrnet32,gaussian_noise_0.1,7,0,0.0,0.4513942301273346,0.5486058592796326,0.9931724204023332
WRD25,hrnet32,gaussian_noise_0.1,8,0,0.5304504632949829,0.4348781108856201,0.03467146307229996,1.175795177770332
WRD25,hrnet32,gaussian_noise_0.1,9,0,0.4590153396129608,0.09890773892402649,0.44207701086997986,1.3663861664743187
WRD25,hrnet32,gaussian_noise_0.1,10,0,0.37962138652801514,0.609031617641449,0.011347024701535702,1.0394975200194776
WRD25,hrnet32,gaussian_noise_0.1,11,0,0.36758047342300415,0.006527678109705448,0.6258918642997742,1.001235574834623
WRD25,hrnet32,gaussian_noise_0.1,12,0,0.5006527900695801,0.002941208193078637,0.4964059293270111,1.0260164888023724
WRD25,hrnet32,gaussian_noise_0.1,13,0,0.4945223033428192,0.10453280806541443,0.40094488859176636,1.3716020113431266
WRD25,hrnet32,gaussian_noise_0.1,14,0,0.1602364331483841,0.2529519200325012,0.5868115425109863,1.3761969780462988
WRD25,hrnet32,gaussian_noise_0.1,15,0,0.0001860004267655313,0.4202651381492615,0.5795488357543945,0.9840041530252681
WRD25,hrnet32,gaussian_noise_0.1,16,0,0.0,0.4129050076007843,0.5870950222015381,0.9780007119568208
WRD25,hrnet32,gaussian_noise_0.1,17,0,0.0,0.4574337303638458,0.5425663590431213,0.9947656582084152
WRD25,hrnet32,gaussian_noise_0.1,18,1,0.014686948619782925,0.5963990092277527,0.38891395926475525,1.0640249356339622
WRD25,hrnet32,gaussian_noise_0.1,19,1,0.34526488184928894,0.6004704236984253,0.054264653474092484,1.1996810340527708
WRD25,hrnet32,gaussian_noise_0.1,20,1,0.41971901059150696,0.5109674334526062,0.06931346654891968,1.2875791259242624
WRD25,hrnet32,gaussian_noise_0.1,21,1,0.014733466319739819,0.6838806867599487,0.30138590931892395,0.9860345965391335
WRD25,hrnet32,gaussian_noise_0.1,22,1,0.04937738925218582,0.3954346179962158,0.5551878809928894,1.2149108485797826
WRD25,hrnet32,gaussian_noise_0.1,23,1,0.019031234085559845,0.5781262516975403,0.40284252166748047,1.0942201502951954
WRD25,hrnet32,gaussian_noise_0.1,24,1,0.026699859648942947,0.6053097248077393,0.3679904639720917,1.1086969772183075
WRD25,hrnet32,gaussian_noise_0.1,25,2,0.4378882646560669,0.39398691058158875,0.16812485456466675,1.4836003205792891
WRD25,hrnet32,gaussian_noise_0.1,26,2,0.3336663246154785,0.49399352073669434,0.17234016954898834,1.4681447272574724
WRD25,hrnet32,gaussian_noise_0.1,27,2,0.3923720419406891,0.2987682819366455,0.3088597059249878,1.5738203231355445
WRD25,hrnet32,gaussian_noise_0.1,28,2,0.7445858716964722,0.19108055531978607,0.0643334835767746,1.027716093549001
WRD25,hrnet32,gaussian_noise_0.1,29,2,0.22417686879634857,0.6796813011169434,0.09614183753728867,1.1870781413677067
WRD25,hrnet32,gaussian_noise_0.1,30,2,0.25739920139312744,0.6484398245811462,0.09416097402572632,1.2301821948125031
WRD25,hrnet32,gaussian_noise_0.1,31,2,0.05934038385748863,0.1960328370332718,0.7446267604827881,1.0194152306045583
WRD25,hrnet32,gaussian_noise_0.1,32,2,0.6314007043838501,0.193201944231987,0.1753973513841629,1.3175691993625753
WRD25,hrnet32,gaussian_noise_0.1,33,2,0.3241182267665863,0.5477304458618164,0.12815140187740326,1.3823582914314347
WRD25,hrnet32,gaussian_noise_0.1,34,2,0.6003490686416626,0.36421605944633484,0.03543486073613167,1.1433937973765795
WRD25,hrnet32,gaussian_noise_0.1,35,2,0.8037536144256592,0.15048398077487946,0.045762576162815094,0.8681222611290094
WRD25,hrnet32,gaussian_noise_0.1,36,3,0.0079377805814147,0.5094839930534363,0.4825781285762787,1.0583242851289534
WRD25,hrnet32,gaussian_noise_0.1,37,3,0.48185965418815613,0.369223952293396,0.1489163190126419,1.4474209495395813
WRD25,hrnet32,gaussian_noise_0.1,38,3,0.5412183403968811,0.450344979763031,0.008436672389507294,1.0557885642258618
WRD25,hrnet32,gaussian_noise_0.1,39,3,0.6709825396537781,0.24792709946632385,0.08109036087989807,1.1789832376998641
WRD25,hrnet32,gaussian_noise_0.1,40,3,0.7684407830238342,0.01187101285904646,0.2196882665157318,0.8482766967620243
WRD25,hrnet32,gaussian_noise_0.1,41,4,0.0013772690435871482,0.5496677756309509,0.4489549994468689,1.0063586349379705
WRD25,hrnet32,gaussian_noise_0.1,42,4,0.2725588083267212,0.4898323714733124,0.23760873079299927,1.5081407776551778
WRD25,hrnet32,gaussian_noise_0.1,43,4,0.012055507861077785,0.7161048650741577,0.27183961868286133,0.9326659686593273
WRD25,hrnet32,gaussian_noise_0.1,44,4,0.4835067391395569,0.42514339089393616,0.09134994447231293,1.3469038201537957
WRD25,hrnet32,gaussian_noise_0.1,45,4,0.2164045125246048,0.28546878695487976,0.49812665581703186,1.4949856041247271
WRD25,hrnet32,gaussian_noise_0.1,46,5,0.6839213371276855,0.017832115292549133,0.2982465624809265,0.9990155056669864
WRD25,hrnet32,gaussian_noise_0.1,47,5,0.023465964943170547,0.2247479259967804,0.7517861723899841,0.9204892009889443
WRD25,hrnet32,gaussian_noise_0.1,48,5,0.010719415731728077,0.3035902678966522,0.6856904029846191,0.9655290571407147
WRD25,hrnet32,gaussian_noise_0.1,49,5,0.06740673631429672,0.45509135723114014,0.47750186920166016,1.288375479716347
WRD25,hrnet32,gaussian_noise_0.1,50,6,0.40037983655929565,0.2639750838279724,0.33564504981040955,1.5645983620120294
WRD25,hrnet32,gaussian_noise_0.1,51,6,0.3214167356491089,0.4805675745010376,0.1980157196521759,1.4969918302392822
WRD25,hrnet32,gaussian_noise_0.1,52,6,0.014896277338266373,0.4911338984966278,0.4939698576927185,1.0968318315304573
WRD25,hrnet32,gaussian_noise_0.1,53,7,0.4416058659553528,0.39516693353652954,0.16322724521160126,1.4768872460544238
WRD25,hrnet32,gaussian_noise_0.1,54,7,0.6958876848220825,0.29092898964881897,0.013183397240936756,0.9645530790574618
WRD25,hrnet32,gaussian_noise_0.1,55,7,0.012854455038905144,0.6712438464164734,0.31590166687965393,0.9919442902840403
WRD25,hrnet32,gaussian_noise_0.1,56,7,0.004412880167365074,0.5407164692878723,0.45487070083618164,1.0311199802604627
WRD25,hrnet32,gaussian_noise_0.1,57,7,0.5241928100585938,0.44092240929603577,0.034884802997112274,1.1782523701831418
WRD25,hrnet32,gaussian_noise_0.1,58,7,0.5858340859413147,0.35850638151168823,0.05565957725048065,1.2144436368637717
WRD25,hrnet32,gaussian_noise_0.1,59,7,0.1360759139060974,0.6265009641647339,0.23742318153381348,1.3067319727570572
WRD25,hrnet32,gaussian_noise_0.1,60,7,0.14662201702594757,0.361054390668869,0.4923236072063446,1.440076310768048
WRD25,hrnet32,gaussian_noise_0.1,61,7,0.6522625684738159,0.2889311611652374,0.05880621448159218,1.1600310682694666
WRD25,hrnet32,gaussian_noise_0.1,62,7,0.3466261923313141,0.20145362615585327,0.45192015171051025,1.5133279844291543
WRD25,hrnet32,gaussian_noise_0.1,63,7,0.24287325143814087,0.5913676619529724,0.1657591164112091,1.3738485442846313
WRD25,hrnet32,gaussian_noise_0.1,64,7,0.35460326075553894,0.1786159723997116,0.4667808413505554,1.4873381044870344
WRD25,hrnet32,gaussian_noise_0.1,65,7,0.31823980808258057,0.40400853753089905,0.2777516841888428,1.5672530525053774
WRD25,hrnet32,gaussian_noise_0.1,66,7,0.22203949093818665,0.4356524646282196,0.3423081636428833,1.5337360059367633
WRD25,hrnet32,gaussian_noise_0.1,67,7,0.22977286577224731,0.5048280358314514,0.26539909839630127,1.4932541430943775
WRD25,hrnet32,gaussian_noise_0.1,68,7,0.42713162302970886,0.28572916984558105,0.28713923692703247,1.5574903355611562
WRD25,hrnet32,gaussian_noise_0.1,69,8,0.5669429898262024,0.2355802208185196,0.1974768042564392,1.4176661031092364
WRD25,hrnet32,gaussian_noise_0.1,70,8,0.18823952972888947,0.6294088959693909,0.18235158920288086,1.3216485145753354
WRD25,hrnet32,gaussian_noise_0.1,71,8,0.5710926651954651,0.27603355050086975,0.15287387371063232,1.38840150763331
WRD25,hrnet32,gaussian_noise_0.1,72,8,0.5017281174659729,0.4046292006969452,0.09364262968301773,1.3473522547434025
WRD25,hrnet32,gaussian_noise_0.1,73,8,0.5823481678962708,0.2578912079334259,0.15976059436798096,1.3812076003938816
WRD25,hrnet32,gaussian_noise_0.1,74,8,0.23606179654598236,0.5951758623123169,0.16876234114170074,1.3704187105013421
WRD25,hrnet32,gaussian_noise_0.1,75,8,0.5501834750175476,0.2876516580581665,0.1621648520231247,1.416947005132699
WRD25,hrnet32,gaussian_noise_0.1,76,8,0.256247341632843,0.5744654536247253,0.16928721964359283,1.3965654700691954
WRD25,hrnet32,gaussian_noise_0.1,77,8,0.6700559854507446,0.2099534571170807,0.11999044567346573,1.2268927268206198
WRD25,hrnet32,gaussian_noise_0.1,78,8,0.1483369916677475,0.6056246161460876,0.2460383176803589,1.3442976905677386
WRD25,hrnet32,gaussian_noise_0.1,79,8,0.3081057667732239,0.48154017329216003,0.21035416424274445,1.5041018439293323
WRD25,hrnet32,gaussian_noise_0.1,80,8,0.6562926173210144,0.19575637578964233,0.14795097708702087,1.2672177327302503
WRD25,hrnet32,gaussian_noise_0.1,81,8,0.3403918743133545,0.25894904136657715,0.40065911412239075,1.5626677970314216
WRD25,hrnet32,gaussian_noise_0.1,82,8,0.33867835998535156,0.1786249577999115,0.48269665241241455,1.4801248688723572
WRD25,hrnet32,gaussian_noise_0.1,83,8,0.3368344008922577,0.2196188122034073,0.44354677200317383,1.5292928969479147
WRD25,hrnet32,gaussian_noise_0.1,84,8,0.33742642402648926,0.45993873476982117,0.202634796500206,1.5108994261227622
WRD25,hrnet32,gaussian_noise_0.1,85,8,0.3785281479358673,0.47652289271354675,0.14494894444942474,1.443986201821767
WRD25,hrnet32,gaussian_noise_0.1,86,9,0.3357359766960144,0.048776768147945404,0.6154871582984924,1.1721665340357705
WRD25,hrnet32,gaussian_noise_0.1,87,9,0.03355992212891579,0.25394827127456665,0.7124918103218079,1.0149499495695582
WRD25,hrnet32,gaussian_noise_0.1,88,9,0.3451295495033264,0.0332048125565052,0.6216657161712646,1.1191504370906442
WRD25,hrnet32,gaussian_noise_0.1,89,9,0.056269772350788116,0.3126693367958069,0.6310608983039856,1.1771593791790933
WRD25,hrnet32,gaussian_noise_0.1,90,9,0.024539466947317123,0.27646997570991516,0.6989904642105103,1.0051906024136443
WRD25,hrnet32,gaussian_noise_0.1,91,9,0.031908996403217316,0.38904738426208496,0.5790435671806335,1.1448945777337292
WRD25,hrnet32,gaussian_noise_0.1,92,9,0.4127771854400635,0.02185892127454281,0.565363883972168,1.1126548700609216
WRD25,hrnet32,gaussian_noise_0.1,93,9,0.24224857985973358,0.6880152225494385,0.06973612308502197,1.134603272629304
WRD25,hrnet32,gaussian_noise_0.1,94,9,0.020953107625246048,0.447092741727829,0.531954288482666,1.1204933100967513
WRD25,hrnet32,gaussian_noise_0.1,95,9,0.3028857409954071,0.19124265015125275,0.505871593952179,1.4756751726473045
WRD25,hrnet32,gaussian_noise_0.1,96,9,0.03156642988324165,0.18747176229953766,0.7809616327285767,0.8887159091904553
WRD25,hrnet32,gaussian_noise_0.1,97,10,0.2372717410326004,0.6154060959815979,0.14732211828231812,1.3304989986883085
WRD25,hrnet32,gaussian_noise_0.1,98,10,0.4869770407676697,0.4235682785511017,0.08945468813180923,1.3420045087677206
WRD25,hrnet32,gaussian_noise_0.1,99,10,0.19980183243751526,0.6456056237220764,0.15459254384040833,1.2881543236483113
WRD25,hrnet32,gaussian_noise_0.1,100,10,0.27824047207832336,0.5007690787315369,0.22099044919013977,1.4944829683924414
WRD25,hrnet32,gaussian_noise_0.1,101,10,0.41368424892425537,0.413286030292511,0.1730298101902008,1.4915590235248941
WRD25,hrnet32,gaussian_noise_0.1,102,10,0.5533128380775452,0.3091340661048889,0.1375531107187271,1.3896842119124717
WRD25,hrnet32,gaussian_noise_0.1,103,10,0.31977760791778564,0.5339739918708801,0.14624838531017303,1.4149412725504142
WRD25,hrnet32,gaussian_noise_0.1,104,10,0.16533759236335754,0.1971462070941925,0.6375163197517395,1.3051932912528421
WRD25,hrnet32,gaussian_noise_0.1,105,10,0.29548969864845276,0.598869264125824,0.10564099252223969,1.305257282977924
WRD25,hrnet32,gaussian_noise_0.1,106,10,0.443088561296463,0.3935355544090271,0.16337589919567108,1.4768306489997287
WRD25,hrnet32,gaussian_noise_0.1,107,11,0.26734861731529236,0.25221094489097595,0.4804404377937317,1.5181372064095235
WRD25,hrnet32,gaussian_noise_0.1,108,11,0.7991434931755066,0.035994865000247955,0.16486158967018127,0.8598864928432433
WRD25,hrnet32,gaussian_noise_0.1,109,11,0.6245021224021912,0.05422759801149368,0.32127028703689575,1.1784789981602417
WRD25,hrnet32,gaussian_noise_0.1,110,11,0.21597783267498016,0.332919180393219,0.4511030614376068,1.5238770022329495
WRD25,hrnet32,gaussian_noise_0.1,111,11,0.10518565773963928,0.5003979802131653,0.3944164216518402,1.3709598154400884
WRD25,hrnet32,gaussian_noise_0.1,112,11,0.24346376955509186,0.3779105544090271,0.3786257803440094,1.557288840436268
WRD25,hrnet32,gaussian_noise_0.1,113,11,0.3122333288192749,0.38126540184020996,0.30650126934051514,1.5776271276425193
WRD25,hrnet32,gaussian_noise_0.1,114,12,0.25290292501449585,0.6461891531944275,0.10090786218643188,1.2425673370871324
WRD25,hrnet32,gaussian_noise_0.1,115,13,0.6901084780693054,0.30014821887016296,0.009743393398821354,0.9555128589435252
WRD25,hrnet32,gaussian_noise_0.1,116,13,0.6866610646247864,0.2939440906047821,0.019394883885979652,1.0019372788396075
WRD25,hrnet32,gaussian_noise_0.1,117,13,0.028637556359171867,0.4961899518966675,0.4751724600791931,1.1585469490484601
WRD25,hrnet32,gaussian_noise_0.1,118,13,0.0160965658724308,0.47766420245170593,0.5062392354011536,1.1022281390122355
WRD25,hrnet32,gaussian_noise_0.1,119,13,0.003837795462459326,0.5205621719360352,0.4756000339984894,1.0310241998887104
WRD25,hrnet32,gaussian_noise_0.1,120,13,0.3594666123390198,0.4274510145187378,0.21308234333992004,1.5300089791480063
WRD25,hrnet32,gaussian_noise_0.1,121,14,0.4853818118572235,0.4987022876739502,0.01591588743031025,1.1018038937394041
WRD25,hrnet32,gaussian_noise_0.1,122,14,0.5196845531463623,0.4481659233570099,0.032149508595466614,1.169094388907175
WRD25,hrnet32,gaussian_noise_0.1,123,14,0.6090755462646484,0.37429291009902954,0.016631508246064186,1.0646247600105627
WRD25,hrnet32,gaussian_noise_0.1,124,14,0.26007479429244995,0.6653245091438293,0.07460062950849533,1.175804581367259
WRD25,hrnet32,gaussian_noise_0.1,125,14,0.6437279582023621,0.011745080351829529,0.3445270359516144,1.014026589436919
WRD25,hrnet32,gaussian_noise_0.1,126,15,0.36738285422325134,0.11319199949502945,0.5194251537322998,1.3773806013947263
WRD25,hrnet32,gaussian_noise_0.1,127,15,0.3659423589706421,0.13622009754180908,0.49783745408058167,1.4234485022056327
WRD25,hrnet32,gaussian_noise_0.1,128,15,0.32189252972602844,0.32307302951812744,0.3550345301628113,1.5834480415174825
WRD25,hrnet32,gaussian_noise_0.1,129,15,0.005489765200763941,0.44765156507492065,0.5468586087226868,1.0364807730257235
WRD25,hrnet32,gaussian_noise_0.1,130,15,0.3047628402709961,0.1657750904560089,0.5294620394706726,1.4379711228259697
WRD25,hrnet32,gaussian_noise_0.1,131,15,0.28491219878196716,0.20164990425109863,0.5134379267692566,1.4757123635879004
WRD25,hrnet32,gaussian_noise_0.1,132,15,0.335906982421875,0.24178001284599304,0.4223130941390991,1.5490894478538433
WRD25,hrnet32,gaussian_noise_0.1,133,15,0.39100581407546997,0.14208216965198517,0.4669119417667389,1.4427329246701897
WRD25,hrnet32,gaussian_noise_0.1,134,15,0.39227789640426636,0.12603145837783813,0.4816906750202179,1.4138115477628896
WRD25,hrnet32,gaussian_noise_0.1,135,15,0.004100944381207228,0.40613943338394165,0.5897595882415771,1.0097614564571185
WRD25,hrnet32,gaussian_noise_0.1,136,15,0.03360136225819588,0.3833320140838623,0.5830667018890381,1.1485477199902885
WRD25,hrnet32,gaussian_noise_0.1,137,15,0.3997497856616974,0.037129975855350494,0.5631201267242432,1.1717527117130102
WRD25,hrnet32,gaussian_noise_0.1,138,15,0.5110979080200195,0.005624692887067795,0.48327749967575073,1.043944630089317
WRD25,hrnet32,gaussian_noise_0.1,139,15,0.004989744629710913,0.46013951301574707,0.5348707437515259,1.0362940481934693
WRD25,hrnet32,gaussian_noise_0.1,140,15,0.01995372213423252,0.5060173273086548,0.47402894496917725,1.1204736196647738
WRD25,hrnet32,gaussian_noise_0.1,141,16,0.04109058901667595,0.5332506895065308,0.4256587326526642,1.1974532297827913
WRD25,hrnet32,gaussian_noise_0.1,142,16,0.030366457998752594,0.34973570704460144,0.6198978424072266,1.1108362930501383
WRD25,hrnet32,gaussian_noise_0.1,143,16,0.018871089443564415,0.4828421175479889,0.4982868432998657,1.1160077631719485
WRD25,hrnet32,gaussian_noise_0.1,144,16,0.026749690994620323,0.5636537075042725,0.4095965325832367,1.133405522493737
WRD25,hrnet32,gaussian_noise_0.1,145,16,0.011426091194152832,0.6194730401039124,0.3691009283065796,1.0324362731874395
WRD25,hrnet32,gaussian_noise_0.1,146,16,0.03201805800199509,0.3713604211807251,0.5966215133666992,1.1342327731951902
WRD25,hrnet32,gaussian_noise_0.1,147,16,0.014957715757191181,0.5756154656410217,0.4094269573688507,1.0768254265955588
WRD25,hrnet32,gaussian_noise_0.1,148,17,0.011360281147062778,0.29905417561531067,0.6895854473114014,0.9639498158238508
WRD25,hrnet32,gaussian_noise_0.1,149,17,0.0028258177917450666,0.4614705741405487,0.5357035994529724,1.021181766248875
WRD25,hrnet32,gaussian_noise_0.1,150,17,0.0009506145142950118,0.3376677632331848,0.6613816618919373,0.9329179177262472
WRD25,hrnet32,gaussian_noise_0.1,151,17,0.26993343234062195,0.5435008406639099,0.18656563758850098,1.4399877198144333
WRD25,hrnet32,gaussian_noise_0.1,152,18,0.004116842057555914,0.3981429636478424,0.5977402329444885,1.0053801583210424
WRD25,hrnet32,gaussian_noise_0.1,153,18,0.006745379418134689,0.3110487759113312,0.6822059750556946,0.9490851406374603
WRD25,hrnet32,gaussian_noise_0.1,154,18,0.5030843019485474,0.477633535861969,0.019282115623354912,1.1176320384020835
WRD25,hrnet32,gaussian_noise_0.1,155,18,0.0028447445947676897,0.3793902099132538,0.6177650690078735,0.9838063928367806
WRD25,hrnet32,gaussian_noise_0.1,156,18,0.5924669504165649,0.37489739060401917,0.03263554349541664,1.1392041134314903
WRD25,hrnet32,gaussian_noise_0.1,157,18,0.11747376620769501,0.473818838596344,0.4087073504924774,1.4011132852515904
WRD25,hrnet32,gaussian_noise_0.1,158,18,0.03715616837143898,0.4723760783672333,0.49046775698661804,1.1916964288933638
WRD25,hrnet32,gaussian_noise_0.1,159,18,0.6932459473609924,0.03400374576449394,0.2727503180503845,1.0435272462154765
WRD25,hrnet32,gaussian_noise_0.1,160,18,0.23999543488025665,0.505470871925354,0.25453364849090576,1.494134396707591
WRD25,hrnet32,gaussian_noise_0.1,161,18,0.42850011587142944,0.3984071612358093,0.17309272289276123,1.4908480741307446
WRD25,hrnet32,gaussian_noise_0.1,162,18,0.025486212223768234,0.5758357048034668,0.39867812395095825,1.1223764763125117
WRD25,hrnet32,gaussian_noise_0.1,163,18,0.0406753309071064,0.6577855348587036,0.3015391230583191,1.1069517295197744
WRD25,hrnet32,gaussian_noise_0.1,164,18,0.09562287479639053,0.46603572368621826,0.4383414089679718,1.35873011216753
WRD25,hrnet32,gaussian_noise_0.1,165,18,0.07591716200113297,0.6525810956954956,0.2715016305446625,1.1948946708928252
WRD25,hrnet32,gaussian_noise_0.1,166,18,0.001273810281418264,0.45329707860946655,0.5454290509223938,1.006672956401651
WRD25,hrnet32,gaussian_noise_0.1,167,18,0.005205455701798201,0.45684993267059326,0.5379446744918823,1.0369982267252922
WRD25,hrnet32,gaussian_noise_0.1,168,18,0.5630115866661072,0.29633229970932007,0.14065609872341156,1.3846037836532903
WRD25,hrnet32,gaussian_noise_0.1,169,18,0.5445237159729004,0.39837753772735596,0.057098787277936935,1.2423139700068349
WRD25,hrnet32,gaussian_noise_0.1,170,19,0.0507749579846859,0.5958224534988403,0.35340258479118347,1.1937470099426921
WRD25,hrnet32,gaussian_noise_0.1,171,19,0.4977168142795563,0.49108460545539856,0.011198592372238636,1.0774075812105983
WRD25,hrnet32,gaussian_noise_0.1,172,19,0.01139284297823906,0.6626128554344177,0.32599425315856934,0.9941426433808409
WRD25,hrnet32,gaussian_noise_0.1,173,19,0.6015242338180542,0.25864437222480774,0.13983134925365448,1.342580212189145
WRD25,hrnet32,gaussian_noise_0.1,174,20,0.07773257046937943,0.6815561056137085,0.2407112717628479,1.158007682751018
WRD25,hrnet32,gaussian_noise_0.1,175,20,0.05717351287603378,0.3766142427921295,0.5662122964859009,1.231256124317443
WRD25,hrnet32,gaussian_noise_0.1,176,20,0.04314745217561722,0.533619225025177,0.42323312163352966,1.2041875962039412
WRD25,hrnet32,gaussian_noise_0.1,177,20,0.057539332658052444,0.39974427223205566,0.5427163243293762,1.2443533566740592
WRD25,hrnet32,gaussian_noise_0.1,178,21,0.013969882391393185,0.25248730182647705,0.7335429191589355,0.9153723383081295
WRD25,hrnet32,gaussian_noise_0.1,179,21,0.007187364622950554,0.212138831615448,0.7806737422943115,0.8045769465148949
WRD25,hrnet32,gaussian_noise_0.1,180,21,0.1896202564239502,0.6786155104637146,0.13176429271697998,1.2197111060842407
WRD25,hrnet32,gaussian_noise_0.1,181,21,0.025052502751350403,0.5044919848442078,0.4704554080963135,1.1430285356803749
WRD25,hrnet32,gaussian_noise_0.1,182,21,0.06633970886468887,0.4871581196784973,0.4465022683143616,1.2844960868651434
WRD25,hrnet32,gaussian_noise_0.1,183,21,0.3778911828994751,0.36236682534217834,0.2597419321537018,1.5663799043752995
WRD25,hrnet32,gaussian_noise_0.1,184,21,0.04723287373781204,0.5191317796707153,0.43363529443740845,1.2217495233898694
WRD25,hrnet32,gaussian_noise_0.1,185,22,0.043985333293676376,0.615272045135498,0.3407426178455353,1.1586149502262417
WRD25,hrnet32,gaussian_noise_0.1,186,22,0.38659220933914185,0.5521560907363892,0.0612516775727272,1.2499681426051779
WRD25,hrnet32,gaussian_noise_0.1,187,22,0.06554952263832092,0.3372228443622589,0.5972275733947754,1.2306611764405164
WRD25,hrnet32,gaussian_noise_0.1,188,22,0.5695676803588867,0.22909384965896606,0.20133841037750244,1.415130626138089
WRD25,hrnet32,gaussian_noise_0.1,189,22,0.0919000506401062,0.6726172566413879,0.23548267781734467,1.192606502042779
WRD25,hrnet32,gaussian_noise_0.1,190,23,0.269063264131546,0.6590638756752014,0.07187285274267197,1.1790370432152169
WRD25,hrnet32,gaussian_noise_0.1,191,23,0.2333868145942688,0.595164954662323,0.17144830524921417,1.371681160140101
WRD25,hrnet32,gaussian_noise_0.1,192,23,0.47834867238998413,0.2730928957462311,0.2485583871603012,1.519465590624348
WRD25,hrnet32,gaussian_noise_0.1,193,23,0.5758970975875854,0.134344682097435,0.28975823521614075,1.3653628935787396
WRD25,hrnet32,gaussian_noise_0.1,194,24,0.21759970486164093,0.5928155183792114,0.18958470225334167,1.380791340280591
WRD25,hrnet32,gaussian_noise_0.1,195,24,0.5869484543800354,0.31408369541168213,0.0989677906036377,1.3061937043118723
WRD25,hrnet32,gaussian_noise_0.1,196,24,0.24032512307167053,0.7226248383522034,0.037050098180770874,1.0091654490563797
WRD25,hrnet32,gaussian_noise_0.1,197,24,0.22056259214878082,0.5149303078651428,0.26450708508491516,1.481550684959148
WRD25,hrnet32,gaussian_noise_0.1,198,24,0.03310776501893997,0.27544906735420227,0.6914432048797607,1.0432222484690983
WRD25,hrnet32,gaussian_noise_0.1,199,24,0.2948931157588959,0.2948702871799469,0.4102366268634796,1.5663879307678132
WRD25,hrnet32,shot_noise_15,0,0,0.2103484869003296,0.5593823790550232,0.23026899993419647,1.4297689312410582
WRD25,hrnet32,shot_noise_15,1,0,0.3123921751976013,0.25530707836151123,0.43230077624320984,1.5502865633161624
WRD25,hrnet32,shot_noise_15,2,0,0.31673237681388855,0.3918411433696747,0.2914264500141144,1.5733764859961599
WRD25,hrnet32,shot_noise_15,3,0,0.0,0.4360784888267517,0.5639215111732483,0.988178089764828
WRD25,hrnet32,shot_noise_15,4,0,0.44794780015945435,0.0,0.5520521998405457,0.9921680538558186
WRD25,hrnet32,shot_noise_15,5,0,0.4308314323425293,0.0176694393157959,0.5514990091323853,1.099758429562828
WRD25,hrnet32,shot_noise_15,6,0,0.41716939210891724,0.039187949150800705,0.5436426401138306,1.1873247227636003
WRD25,hrnet32,shot_noise_15,7,0,0.0009152102284133434,0.40323227643966675,0.5958525538444519,0.9826854918327304
WRD25,hrnet32,shot_noise_15,8,0,0.0,0.44434311985969543,0.555656909942627,0.9910434097097224
WRD25,hrnet32,shot_noise_15,9,0,0.38745638728141785,0.08950337022542953,0.5230403542518616,1.3306881824030417
WRD25,hrnet32,shot_noise_15,10,0,0.2222282588481903,0.4005271792411804,0.3772445619106293,1.5414843282000963
WRD25,hrnet32,shot_noise_15,11,0,0.277486115694046,0.13851699233055115,0.5839970111846924,1.3614083041733414
WRD25,hrnet32,shot_noise_15,12,0,0.44327273964881897,0.027032867074012756,0.5296944975852966,1.146708846830572
WRD25,hrnet32,shot_noise_15,13,0,0.44816717505455017,0.0,0.5518326759338379,0.9922340693674404
WRD25,hrnet32,shot_noise_15,14,0,0.39321455359458923,0.5547413229942322,0.05204411968588829,1.2230223687793453
WRD25,hrnet32,shot_noise_15,15,0,0.00020185259927529842,0.3446601927280426,0.6551380157470703,0.9318542326365757
WRD25,hrnet32,shot_noise_15,16,0,0.00016717772814445198,0.3726694583892822,0.6271634697914124,0.9549258739936336
WRD25,hrnet32,shot_noise_15,17,0,0.0,0.39022812247276306,0.6097719073295593,0.9649466020474895
WRD25,hrnet32,shot_noise_15,18,1,0.6967968344688416,0.22420595586299896,0.07899726927280426,1.1360912472317524
WRD25,hrnet32,shot_noise_15,19,1,0.10830220580101013,0.5463194251060486,0.3453783094882965,1.3535255121652066
WRD25,hrnet32,shot_noise_15,20,1,0.6026315093040466,0.2767263650894165,0.12064214050769806,1.3213199666581112
WRD25,hrnet32,shot_noise_15,21,1,0.2607017457485199,0.46866777539253235,0.2706303596496582,1.5283638721815525
WRD25,hrnet32,shot_noise_15,22,1,0.045357875525951385,0.3225826025009155,0.6320594549179077,1.1472879614416964
WRD25,hrnet32,shot_noise_15,23,1,0.022267447784543037,0.575888454914093,0.4018441140651703,1.1092537340272204
WRD25,hrnet32,shot_noise_15,24,1,0.018812259659171104,0.46109285950660706,0.5200949907302856,1.1133456151418606
WRD25,hrnet32,shot_noise_15,25,2,0.17854854464530945,0.5021244883537292,0.3193270266056061,1.4687529338764533
WRD25,hrnet32,shot_noise_15,26,2,0.3484961688518524,0.35014215111732483,0.30136168003082275,1.581584565654643
WRD25,hrnet32,shot_noise_15,27,2,0.379995733499527,0.17736929655075073,0.4426349997520447,1.4934748705054797
WRD25,hrnet32,shot_noise_15,28,2,0.29605793952941895,0.5660853981971741,0.137856587767601,1.3786952433196527
WRD25,hrnet32,shot_noise_15,29,2,0.3733072876930237,0.26473021507263184,0.36196258664131165,1.5689442732243692
WRD25,hrnet32,shot_noise_15,30,2,0.5244790315628052,0.10509485751390457,0.37042611837387085,1.3606207799535637
WRD25,hrnet32,shot_noise_15,31,2,0.10579599440097809,0.152184396982193,0.7420195937156677,1.075614033441898
WRD25,hrnet32,shot_noise_15,32,2,0.830768883228302,0.0414879210293293,0.12774328887462616,0.7919217876710113
WRD25,hrnet32,shot_noise_15,33,2,0.10107924044132233,0.31037867069244385,0.588542103767395,1.3082070132889703
WRD25,hrnet32,shot_noise_15,34,2,0.2569623589515686,0.2899148166179657,0.45312294363975525,1.5390940936580084
WRD25,hrnet32,shot_noise_15,35,2,0.4382927417755127,0.4464167356491089,0.11529053747653961,1.4003260561060982
WRD25,hrnet32,shot_noise_15,36,3,0.0027175552677363157,0.7394426465034485,0.25783976912498474,0.8493763846931349
WRD25,hrnet32,shot_noise_15,37,3,0.27649977803230286,0.2291950285434723,0.49430525302886963,1.5024045088001734
WRD25,hrnet32,shot_noise_15,38,3,0.2988286018371582,0.4570252597332001,0.2441461980342865,1.5336601532679
WRD25,hrnet32,shot_noise_15,39,3,0.6806952953338623,0.270289808511734,0.049014862626791,1.1011272371969298
WRD25,hrnet32,shot_noise_15,40,3,0.9998970031738281,0.0,0.00010305627802154049,0.0015135807050961746
WRD25,hrnet32,shot_noise_15,41,4,0.0024144831113517284,0.685758113861084,0.3118273913860321,0.9184387655454676
WRD25,hrnet32,shot_noise_15,42,4,0.1424746960401535,0.1279398798942566,0.7295854091644287,1.1119096604160186
WRD25,hrnet32,shot_noise_15,43,4,0.010036220774054527,0.2081347405910492,0.7818289995193481,0.8155372137363235
WRD25,hrnet32,shot_noise_15,44,4,0.004236940294504166,0.38457590341567993,0.6111871004104614,0.9977328284924945
WRD25,hrnet32,shot_noise_15,45,4,0.06205569952726364,0.4688739478588104,0.46907031536102295,1.273496075220176
WRD25,hrnet32,shot_noise_15,46,5,0.0008889829623512924,0.49504193663597107,0.5040690302848816,1.0093444810746308
WRD25,hrnet32,shot_noise_15,47,5,0.013352003879845142,0.3587758243083954,0.6278721690177917,1.0353035457880666
WRD25,hrnet32,shot_noise_15,48,5,0.003499105107039213,0.4726119041442871,0.5238889455795288,1.0281845228322826
WRD25,hrnet32,shot_noise_15,49,5,0.025710785761475563,0.389448881149292,0.5848403573036194,1.1182332981498322
WRD25,hrnet32,shot_noise_15,50,6,0.36816856265068054,0.2119176983833313,0.41991379857063293,1.5307620888817521
WRD25,hrnet32,shot_noise_15,51,6,0.44235706329345703,0.17919065058231354,0.37845227122306824,1.4955200399165949
WRD25,hrnet32,shot_noise_15,52,6,0.2965098023414612,0.5920699834823608,0.11142020672559738,1.3204802229426944
WRD25,hrnet32,shot_noise_15,53,7,0.39266088604927063,0.1301533579826355,0.47718560695648193,1.4217711938109625
WRD25,hrnet32,shot_noise_15,54,7,0.8426072001457214,0.08556800335645676,0.07182466983795166,0.784561336775713
WRD25,hrnet32,shot_noise_15,55,7,0.41673123836517334,0.2904528081417084,0.2928159236907959,1.5631619380267265
WRD25,hrnet32,shot_noise_15,56,7,0.41074925661087036,0.42096439003944397,0.1682865470647812,1.4853929802572987
WRD25,hrnet32,shot_noise_15,57,7,0.34236201643943787,0.26222342252731323,0.3954145312309265,1.5651053579689909
WRD25,hrnet32,shot_noise_15,58,7,0.4362550675868988,0.5307857990264893,0.03295918181538582,1.1693859900343868
WRD25,hrnet32,shot_noise_15,59,7,0.17523497343063354,0.39239761233329773,0.43236735463142395,1.4929084366283951
WRD25,hrnet32,shot_noise_15,60,7,0.16255030035972595,0.2296852022409439,0.607764482498169,1.3501327616286203
WRD25,hrnet32,shot_noise_15,61,7,0.6363059282302856,0.11539364606142044,0.24830041825771332,1.2735412252540776
WRD25,hrnet32,shot_noise_15,62,7,0.2415170669555664,0.1596822738647461,0.5988005995750427,1.3607213649127905
WRD25,hrnet32,shot_noise_15,63,7,0.2949061393737793,0.1603316217660904,0.5447623133659363,1.4203186517871038
WRD25,hrnet32,shot_noise_15,64,7,0.34140682220458984,0.24344225227832794,0.41515088081359863,1.5520823355730071
WRD25,hrnet32,shot_noise_15,65,7,0.4189290404319763,0.27323707938194275,0.30783385038375854,1.5605359752466732
WRD25,hrnet32,shot_noise_15,66,7,0.1959797739982605,0.5012656450271606,0.30275455117225647,1.482111686236107
WRD25,hrnet32,shot_noise_15,67,7,0.3276904225349426,0.2956697940826416,0.37663978338241577,1.577807397257034
WRD25,hrnet32,shot_noise_15,68,7,0.30120575428009033,0.3924921452999115,0.3063020706176758,1.5738660103879987
WRD25,hrnet32,shot_noise_15,69,8,0.6356618404388428,0.19616231322288513,0.16817575693130493,1.3090111566999714
WRD25,hrnet32,shot_noise_15,70,8,0.3073255121707916,0.3542691171169281,0.3384052813053131,1.5824744521459377
WRD25,hrnet32,shot_noise_15,71,8,0.4415905177593231,0.183441624045372,0.37496787309646606,1.5001814060405247
WRD25,hrnet32,shot_noise_15,72,8,0.41699448227882385,0.5292463898658752,0.05375919118523598,1.238768447688362
WRD25,hrnet32,shot_noise_15,73,8,0.582925021648407,0.33259516954421997,0.08447986096143723,1.2832821397914844
WRD25,hrnet32,shot_noise_15,74,8,0.3974519968032837,0.16716915369033813,0.4353788495063782,1.48277237064372
WRD25,hrnet32,shot_noise_15,75,8,0.7094830274581909,0.26959314942359924,0.02092394046485424,0.9778755728077654
WRD25,hrnet32,shot_noise_15,76,8,0.3299132287502289,0.38650020956993103,0.2835865914821625,1.573477789469512
WRD25,hrnet32,shot_noise_15,77,8,0.3706825077533722,0.31087878346443176,0.31843867897987366,1.5804466773683359
WRD25,hrnet32,shot_noise_15,78,8,0.6103607416152954,0.2147364765405655,0.1749028116464615,1.3512629745283282
WRD25,hrnet32,shot_noise_15,79,8,0.36326655745506287,0.23451833426952362,0.4022151231765747,1.5498565164827365
WRD25,hrnet32,shot_noise_15,80,8,0.4701997637748718,0.16481783986091614,0.3649824261665344,1.4713067098578017
WRD25,hrnet32,shot_noise_15,81,8,0.32369452714920044,0.35131576657295227,0.3249896764755249,1.5839200272226734
WRD25,hrnet32,shot_noise_15,82,8,0.3109174966812134,0.1600044071674347,0.5290780067443848,1.4329719288192984
WRD25,hrnet32,shot_noise_15,83,8,0.5085390210151672,0.2665463089942932,0.22491469979286194,1.488703634921999
WRD25,hrnet32,shot_noise_15,84,8,0.5412328243255615,0.2470174878835678,0.21174967288970947,1.4518983436675228
WRD25,hrnet32,shot_noise_15,85,8,0.36440613865852356,0.32677245140075684,0.3088214695453644,1.5815080429941801
WRD25,hrnet32,shot_noise_15,86,9,0.037903256714344025,0.2579199969768524,0.7041767239570618,1.0395030364647107
WRD25,hrnet32,shot_noise_15,87,9,0.03468305617570877,0.5086424946784973,0.45667439699172974,1.1806568149063785
WRD25,hrnet32,shot_noise_15,88,9,0.4739609658718109,0.028997773304581642,0.4970413148403168,1.159947012258896
WRD25,hrnet32,shot_noise_15,89,9,0.027349617332220078,0.35806018114089966,0.6145902872085571,1.1041841819669762
WRD25,hrnet32,shot_noise_15,90,9,0.025684965774416924,0.41415536403656006,0.5601596832275391,1.130740388482278
WRD25,hrnet32,shot_noise_15,91,9,0.03853319585323334,0.24533291161060333,0.7161338925361633,1.0233160523415008
WRD25,hrnet32,shot_noise_15,92,9,0.01299851294606924,0.37750113010406494,0.6095003485679626,1.0473669231755545
WRD25,hrnet32,shot_noise_15,93,9,0.013474898412823677,0.2799433171749115,0.7065816521644592,0.9519734889144928
WRD25,hrnet32,shot_noise_15,94,9,0.03306892514228821,0.5252618193626404,0.4416693449020386,1.1712678447357512
WRD25,hrnet32,shot_noise_15,95,9,0.31560105085372925,0.09821107238531113,0.5861879587173462,1.3056088308765517
WRD25,hrnet32,shot_noise_15,96,9,0.030122093856334686,0.38348105549812317,0.5863968133926392,1.1340304781955295
WRD25,hrnet32,shot_noise_15,97,10,0.5961491465568542,0.3200017511844635,0.08384906500577927,1.2707628899152799
WRD25,hrnet32,shot_noise_15,98,10,0.7807365655899048,0.15263251960277557,0.06663084030151367,0.9530849185515811
WRD25,hrnet32,shot_noise_15,99,10,0.6336526870727539,0.34749922156333923,0.018848124891519547,1.0549899436099262
WRD25,hrnet32,shot_noise_15,100,10,0.7018254995346069,0.2804376780986786,0.01773681491613388,0.976072712171145
WRD25,hrnet32,shot_noise_15,101,10,0.6634999513626099,0.2762916386127472,0.06020842492580414,1.149483105857892
WRD25,hrnet32,shot_noise_15,102,10,0.23160164058208466,0.3903179466724396,0.37808042764663696,1.5490506552279717
WRD25,hrnet32,shot_noise_15,103,10,0.4930197298526764,0.3205370306968689,0.18644320964813232,1.480948533595476
WRD25,hrnet32,shot_noise_15,104,10,0.580022931098938,0.1558440923690796,0.2641329765319824,1.3810496861687716
WRD25,hrnet32,shot_noise_15,105,10,0.3832719922065735,0.33121344447135925,0.28551456332206726,1.574603298762995
WRD25,hrnet32,shot_noise_15,106,10,0.3557175397872925,0.4325645864009857,0.2117178738117218,1.5276230970388796
WRD25,hrnet32,shot_noise_15,107,11,0.09202037006616592,0.6781446933746338,0.22983497381210327,1.1842691414280702
WRD25,hrnet32,shot_noise_15,108,11,0.010494601912796497,0.37786582112312317,0.6116396188735962,1.0333408599965237
WRD25,hrnet32,shot_noise_15,109,11,0.08575461804866791,0.5590878129005432,0.35515767335891724,1.3032930414173207
WRD25,hrnet32,shot_noise_15,110,11,0.016917696222662926,0.5700213313102722,0.4130610227584839,1.0886929251884871
WRD25,hrnet32,shot_noise_15,111,11,0.1017167791724205,0.8176494836807251,0.080633744597435,0.8657804418481118
WRD25,hrnet32,shot_noise_15,112,11,0.03779137134552002,0.5365293025970459,0.4256792366504669,1.1850487090642043
WRD25,hrnet32,shot_noise_15,113,11,0.141889289021492,0.5858701467514038,0.272240549325943,1.362642510347294
WRD25,hrnet32,shot_noise_15,114,12,0.09872512519359589,0.777206540107727,0.12406837940216064,0.9859450863486987
WRD25,hrnet32,shot_noise_15,115,13,0.0,0.6328129768371582,0.367186963558197,0.948487675384075
WRD25,hrnet32,shot_noise_15,116,13,0.7709316611289978,0.0025772415101528168,0.2264910787343979,0.7967653861309356
WRD25,hrnet32,shot_noise_15,117,13,0.02858051098883152,0.5424897074699402,0.42892974615097046,1.1490439329842947
WRD25,hrnet32,shot_noise_15,118,13,0.01684422418475151,0.36208948493003845,0.6210662722587585,1.0566960877950153
WRD25,hrnet32,shot_noise_15,119,13,0.00859014317393303,0.5079530477523804,0.48345673084259033,1.0622678120083227
WRD25,hrnet32,shot_noise_15,120,13,0.6765430569648743,0.16080324351787567,0.16265366971492767,1.2315504790807823
WRD25,hrnet32,shot_noise_15,121,14,0.7466937303543091,0.22148944437503815,0.03181682899594307,0.9545952344054248
WRD25,hrnet32,shot_noise_15,122,14,0.4172312021255493,0.38959506154060364,0.19317379593849182,1.514206998902597
WRD25,hrnet32,shot_noise_15,123,14,0.6927400827407837,0.20175303518772125,0.10550685971975327,1.1751273326323721
WRD25,hrnet32,shot_noise_15,124,14,0.5760849118232727,0.193769171833992,0.23014600574970245,1.4048923243002445
WRD25,hrnet32,shot_noise_15,125,14,0.3840727210044861,0.19654712080955505,0.4193801283836365,1.5173016550330423
WRD25,hrnet32,shot_noise_15,126,15,0.2789251506328583,0.15507443249225616,0.5660004019737244,1.395541251782229
WRD25,hrnet32,shot_noise_15,127,15,0.26877257227897644,0.19091801345348358,0.5403093695640564,1.4454397387534264
WRD25,hrnet32,shot_noise_15,128,15,0.23775142431259155,0.19358524680137634,0.5686633586883545,1.4144220541985024
WRD25,hrnet32,shot_noise_15,129,15,0.012007136829197407,0.3964231014251709,0.591569721698761,1.0538281586724163
WRD25,hrnet32,shot_noise_15,130,15,0.2501131594181061,0.1375311017036438,0.6123557686805725,1.326977682349416
WRD25,hrnet32,shot_noise_15,131,15,0.19363510608673096,0.25640347599983215,0.5499613881111145,1.4364885377166035
WRD25,hrnet32,shot_noise_15,132,15,0.45387014746665955,0.2867853045463562,0.25934457778930664,1.5389861188867613
WRD25,hrnet32,shot_noise_15,133,15,0.3507710099220276,0.10318467766046524,0.5460441708564758,1.3449076115300531
WRD25,hrnet32,shot_noise_15,134,15,0.3605043292045593,0.10958264768123627,0.5299130082130432,1.365680867917726
WRD25,hrnet32,shot_noise_15,135,15,0.012479092925786972,0.3133208751678467,0.6741999983787537,0.9869634223367177
WRD25,hrnet32,shot_noise_15,136,15,0.04116198047995567,0.3112679719924927,0.6475698947906494,1.1195102410941933
WRD25,hrnet32,shot_noise_15,137,15,0.029156900942325592,0.3051854372024536,0.6656576991081238,1.0620913952328823
WRD25,hrnet32,shot_noise_15,138,15,0.00982052180916071,0.4139651358127594,0.5762143731117249,1.0505159987955834
WRD25,hrnet32,shot_noise_15,139,15,0.003229516325518489,0.4106864631175995,0.5860840082168579,1.0057646887738894
WRD25,hrnet32,shot_noise_15,140,15,0.011960214003920555,0.45333996415138245,0.5346998572349548,1.0767262354783158
WRD25,hrnet32,shot_noise_15,141,16,0.020259596407413483,0.20235326886177063,0.7773872017860413,0.8628208238503702
WRD25,hrnet32,shot_noise_15,142,16,0.021935392171144485,0.19703051447868347,0.781033992767334,0.8610918175587448
WRD25,hrnet32,shot_noise_15,143,16,0.03830493241548538,0.267673134803772,0.694021999835968,1.0549567480922784
WRD25,hrnet32,shot_noise_15,144,16,0.01784881204366684,0.49714961647987366,0.4850015938282013,1.111228404804384
WRD25,hrnet32,shot_noise_15,145,16,0.020899925380945206,0.7932403683662415,0.18585972487926483,0.8329204570269467
WRD25,hrnet32,shot_noise_15,146,16,0.015137097798287868,0.7323349714279175,0.2525280714035034,0.9220351837170047
WRD25,hrnet32,shot_noise_15,147,16,0.016170591115951538,0.7825532555580139,0.20127618312835693,0.8385444081958542
WRD25,hrnet32,shot_noise_15,148,17,0.006540663540363312,0.3066813349723816,0.6867779493331909,0.9427021455455218
WRD25,hrnet32,shot_noise_15,149,17,0.3199918270111084,0.3908988833427429,0.2891092598438263,1.5733483193515214
WRD25,hrnet32,shot_noise_15,150,17,0.001705694361589849,0.34190821647644043,0.6563860177993774,0.9437456320902506
WRD25,hrnet32,shot_noise_15,151,17,0.39928266406059265,0.39194604754447937,0.2087712436914444,1.5303071351232598
WRD25,hrnet32,shot_noise_15,152,18,0.005953343119472265,0.4585287272930145,0.5355179309844971,1.0423119244132166
WRD25,hrnet32,shot_noise_15,153,18,0.007081334013491869,0.36268481612205505,0.6302338242530823,1.0010193919620738
WRD25,hrnet32,shot_noise_15,154,18,0.0029020952060818672,0.3361667990684509,0.6609309911727905,0.9480263981877555
WRD25,hrnet32,shot_noise_15,155,18,0.004616941325366497,0.21082675457000732,0.7845562100410461,0.7839464968320925
WRD25,hrnet32,shot_noise_15,156,18,0.0007123403484001756,0.35678794980049133,0.6424996852874756,0.9480058530195807
WRD25,hrnet32,shot_noise_15,157,18,0.27989721298217773,0.40947404503822327,0.3106288015842438,1.565595260868641
WRD25,hrnet32,shot_noise_15,158,18,0.3707255721092224,0.4237971305847168,0.20547731220722198,1.5247119711821675
WRD25,hrnet32,shot_noise_15,159,18,0.35358574986457825,0.4013294577598572,0.24508480727672577,1.5561300048093696
WRD25,hrnet32,shot_noise_15,160,18,0.5550527572631836,0.23822586238384247,0.20672138035297394,1.434573990383185
WRD25,hrnet32,shot_noise_15,161,18,0.5045488476753235,0.2870892882347107,0.20836195349693298,1.4863292214421848
WRD25,hrnet32,shot_noise_15,162,18,0.029822295531630516,0.6184355616569519,0.35174205899238586,1.110107341833478
WRD25,hrnet32,shot_noise_15,163,18,0.03141793981194496,0.6469941735267639,0.3215879201889038,1.0896203164818319
WRD25,hrnet32,shot_noise_15,164,18,0.4052973985671997,0.23913848400115967,0.3555641174316406,1.552119566448581
WRD25,hrnet32,shot_noise_15,165,18,0.05207589641213417,0.5945732593536377,0.3533508777618408,1.198304126355342
WRD25,hrnet32,shot_noise_15,166,18,0.0009128441452048719,0.32506996393203735,0.6740172505378723,0.9198254689118521
WRD25,hrnet32,shot_noise_15,167,18,0.00029821775387972593,0.2043435275554657,0.7953582406044006,0.7343548962329342
WRD25,hrnet32,shot_noise_15,168,18,0.31197232007980347,0.11579052358865738,0.5722371339797974,1.3452598616855238
WRD25,hrnet32,shot_noise_15,169,18,0.43303027749061584,0.28031453490257263,0.286655068397522,1.5539387559177553
WRD25,hrnet32,shot_noise_15,170,19,0.028973782435059547,0.6762879490852356,0.2947382628917694,1.0491273568899595
WRD25,hrnet32,shot_noise_15,171,19,0.32760241627693176,0.3864646852016449,0.28593283891677856,1.5739724105370407
WRD25,hrnet32,shot_noise_15,172,19,0.47558680176734924,0.20549124479293823,0.3189220130443573,1.5048538364649842
WRD25,hrnet32,shot_noise_15,173,19,0.44277051091194153,0.13630113005638123,0.42092829942703247,1.4377696112748688
WRD25,hrnet32,shot_noise_15,174,20,0.46659010648727417,0.4656050503253937,0.06780489534139633,1.2898723786396509
WRD25,hrnet32,shot_noise_15,175,20,0.04837670177221298,0.8513926267623901,0.1002306416630745,0.7416211582761637
WRD25,hrnet32,shot_noise_15,176,20,0.145321324467659,0.5162003636360168,0.33847832679748535,1.4258323596404452
WRD25,hrnet32,shot_noise_15,177,20,0.054839931428432465,0.8727672696113586,0.07239271700382233,0.6752798956202235
WRD25,hrnet32,shot_noise_15,178,21,0.012066344730556011,0.5379297733306885,0.450003981590271,1.0764811849901315
WRD25,hrnet32,shot_noise_15,179,21,0.009017945267260075,0.62513267993927,0.3658493459224701,1.0156819790093503
WRD25,hrnet32,shot_noise_15,180,21,0.011520697735249996,0.3108189105987549,0.6776604056358337,0.9785995111728765
WRD25,hrnet32,shot_noise_15,181,21,0.024302711710333824,0.5922053456306458,0.38349196314811707,1.1082025287688122
WRD25,hrnet32,shot_noise_15,182,21,0.06335529685020447,0.46958866715431213,0.46705594658851624,1.2772624293148094
WRD25,hrnet32,shot_noise_15,183,21,0.7517044544219971,0.015484479255974293,0.23281101882457733,0.8921801363179895
WRD25,hrnet32,shot_noise_15,184,21,0.026097893714904785,0.5272942781448364,0.44660791754722595,1.1435031082698885
WRD25,hrnet32,shot_noise_15,185,22,0.031525928527116776,0.42247146368026733,0.5460025072097778,1.1590645494534249
WRD25,hrnet32,shot_noise_15,186,22,0.044807832688093185,0.7354713082313538,0.21972070634365082,1.0071140305886421
WRD25,hrnet32,shot_noise_15,187,22,0.0682704746723175,0.7209650278091431,0.21076443791389465,1.0781179226121627
WRD25,hrnet32,shot_noise_15,188,22,0.7484751343727112,0.14507107436656952,0.10645375400781631,1.060916987657591
WRD25,hrnet32,shot_noise_15,189,22,0.08789155632257462,0.5180094242095947,0.3940989673137665,1.3293208343353409
WRD25,hrnet32,shot_noise_15,190,23,0.03122110478579998,0.4691300392150879,0.49964889883995056,1.1685644110915046
WRD25,hrnet32,shot_noise_15,191,23,0.5137469172477722,0.3817315697669983,0.10452163219451904,1.364555082969192
WRD25,hrnet32,shot_noise_15,192,23,0.7355133295059204,0.0847022533416748,0.17978452146053314,1.0727108940934775
WRD25,hrnet32,shot_noise_15,193,23,0.0820549726486206,0.6253728866577148,0.2925720512866974,1.2382737864468178
WRD25,hrnet32,shot_noise_15,194,24,0.655846118927002,0.2902619242668152,0.05389193817973137,1.14421140843859
WRD25,hrnet32,shot_noise_15,195,24,0.30942538380622864,0.33501461148262024,0.3555598855018616,1.582642687708485
WRD25,hrnet32,shot_noise_15,196,24,0.6797803640365601,0.31348949670791626,0.006730180699378252,0.9517294167149226
WRD25,hrnet32,shot_noise_15,197,24,0.5453833937644958,0.2790873348712921,0.17552924156188965,1.4314988062573972
WRD25,hrnet32,shot_noise_15,198,24,0.3882685899734497,0.2511569857597351,0.3605743646621704,1.5612108040899209
WRD25,hrnet32,shot_noise_15,199,24,0.4365803003311157,0.22235731780529022,0.34106239676475525,1.5336066767757022
WRD25,hrnet32,impulse_noise_0.05,0,0,0.32240182161331177,0.4618481993675232,0.21575002372264862,1.5185997601755479
WRD25,hrnet32,impulse_noise_0.05,1,0,0.32437562942504883,0.1879080832004547,0.4877162277698517,1.4853053837308827
WRD25,hrnet32,impulse_noise_0.05,2,0,0.3353654742240906,0.42138028144836426,0.24325425922870636,1.5500882534454794
WRD25,hrnet32,impulse_noise_0.05,3,0,0.44847944378852844,0.33428284525871277,0.21723774075508118,1.5257930947368994
WRD25,hrnet32,impulse_noise_0.05,4,0,0.4071577191352844,0.2804422974586487,0.31240004301071167,1.5665829194726637
WRD25,hrnet32,impulse_noise_0.05,5,0,0.26368698477745056,0.16803796589374542,0.568274974822998,1.4028189500206911
WRD25,hrnet32,impulse_noise_0.05,6,0,0.4996206760406494,0.15870647132396698,0.3416728675365448,1.4509814201946314
WRD25,hrnet32,impulse_noise_0.05,7,0,0.49292775988578796,0.23957401514053345,0.2674981653690338,1.5058180649457555
WRD25,hrnet32,impulse_noise_0.05,8,0,0.2256007045507431,0.21327225863933563,0.5611270666122437,1.4278147749507355
WRD25,hrnet32,impulse_noise_0.05,9,0,0.4585064947605133,0.17425867915153503,0.36723488569259644,1.485803812088824
WRD25,hrnet32,impulse_noise_0.05,10,0,0.3856516480445862,0.23924517631530762,0.3751031458377838,1.5544320971592498
WRD25,hrnet32,impulse_noise_0.05,11,0,0.4236255884170532,0.48429933190345764,0.09207496792078018,1.3483562022551876
WRD25,hrnet32,impulse_noise_0.05,12,0,0.4118368625640869,0.0493713915348053,0.5387917160987854,1.22208248129287
WRD25,hrnet32,impulse_noise_0.05,13,0,0.31753766536712646,0.1371232569217682,0.545339047908783,1.3956313366896125
WRD25,hrnet32,impulse_noise_0.05,14,0,0.38661402463912964,0.5603222846984863,0.053063757717609406,1.2230911849301895
WRD25,hrnet32,impulse_noise_0.05,15,0,0.4528808295726776,0.16311000287532806,0.38400915265083313,1.4744949607154498
WRD25,hrnet32,impulse_noise_0.05,16,0,0.15454906225204468,0.25207820534706116,0.5933728218078613,1.36428315804473
WRD25,hrnet32,impulse_noise_0.05,17,0,0.5001794695854187,0.23193827271461487,0.26788222789764404,1.4979542269370074
WRD25,hrnet32,impulse_noise_0.05,18,1,0.11892379820346832,0.690065324306488,0.19101083278656006,1.1908266467010706
WRD25,hrnet32,impulse_noise_0.05,19,1,0.1835249662399292,0.6037634015083313,0.21271154284477234,1.3633908356967703
WRD25,hrnet32,impulse_noise_0.05,20,1,0.0928206592798233,0.6837133169174194,0.22346599400043488,1.1764669210573953
WRD25,hrnet32,impulse_noise_0.05,21,1,0.21838021278381348,0.47844600677490234,0.30317384004592896,1.5102246058755089
WRD25,hrnet32,impulse_noise_0.05,22,1,0.09045987576246262,0.29836830496788025,0.6111718416213989,1.2683352692402883
WRD25,hrnet32,impulse_noise_0.05,23,1,0.29368478059768677,0.05120952054858208,0.655105710029602,1.1384384287925353
WRD25,hrnet32,impulse_noise_0.05,24,1,0.0631195455789566,0.19511091709136963,0.7417694926261902,1.0312508596969736
WRD25,hrnet32,impulse_noise_0.05,25,2,0.137543722987175,0.44097474217414856,0.42148154973983765,1.4399081502863447
WRD25,hrnet32,impulse_noise_0.05,26,2,0.4771391749382019,0.4081476330757141,0.11471318453550339,1.395375157148852
WRD25,hrnet32,impulse_noise_0.05,27,2,0.4737400710582733,0.0693284198641777,0.4569315016269684,1.2938650201631772
WRD25,hrnet32,impulse_noise_0.05,28,2,0.35952460765838623,0.3951701819896698,0.24530524015426636,1.5572317934251607
WRD25,hrnet32,impulse_noise_0.05,29,2,0.3291943073272705,0.45007601380348206,0.22072963416576385,1.5271869002757685
WRD25,hrnet32,impulse_noise_0.05,30,2,0.42373642325401306,0.4274369478225708,0.14882653951644897,1.4580577874541991
WRD25,hrnet32,impulse_noise_0.05,31,2,0.5529105067253113,0.3494848310947418,0.0976046472787857,1.3303859918463585
WRD25,hrnet32,impulse_noise_0.05,32,2,0.427527517080307,0.46941301226615906,0.10305936634540558,1.3741484113719145
WRD25,hrnet32,impulse_noise_0.05,33,2,0.16301846504211426,0.6477665901184082,0.18921485543251038,1.2868734910780761
WRD25,hrnet32,impulse_noise_0.05,34,2,0.1143101379275322,0.6508700847625732,0.23481976985931396,1.2517868108392012
WRD25,hrnet32,impulse_noise_0.05,35,2,0.33780965209007263,0.3383238911628723,0.32386642694473267,1.5846698926195395
WRD25,hrnet32,impulse_noise_0.05,36,3,0.027813276275992393,0.4240376353263855,0.5481491088867188,1.1440303131378995
WRD25,hrnet32,impulse_noise_0.05,37,3,0.0949983298778534,0.386508971452713,0.5184926986694336,1.3440044632386612
WRD25,hrnet32,impulse_noise_0.05,38,3,0.3418944180011749,0.4738522469997406,0.18425336480140686,1.489574875397745
WRD25,hrnet32,impulse_noise_0.05,39,3,0.48118045926094055,0.45283475518226624,0.06598471850156784,1.2841521731200525
WRD25,hrnet32,impulse_noise_0.05,40,3,0.5171216130256653,0.1543254405260086,0.32855290174484253,1.4356472178265265
WRD25,hrnet32,impulse_noise_0.05,41,4,0.17950281500816345,0.6114668846130371,0.20903027057647705,1.3507592041134533
WRD25,hrnet32,impulse_noise_0.05,42,4,0.42074325680732727,0.5255703330039978,0.053686484694480896,1.2397750350355259
WRD25,hrnet32,impulse_noise_0.05,43,4,0.22286054491996765,0.6313154101371765,0.1458241492509842,1.30664412105467
WRD25,hrnet32,impulse_noise_0.05,44,4,0.07537609338760376,0.7694004774093628,0.15522350370883942,0.9892918648585909
WRD25,hrnet32,impulse_noise_0.05,45,4,0.20743407309055328,0.26331979036331177,0.5292461514472961,1.4634873861642546
WRD25,hrnet32,impulse_noise_0.05,46,5,0.39167529344558716,0.5061222314834595,0.10220244526863098,1.363183577876869
WRD25,hrnet32,impulse_noise_0.05,47,5,0.03229871764779091,0.5031524896621704,0.464548796415329,1.1723820734315833
WRD25,hrnet32,impulse_noise_0.05,48,5,0.432455450296402,0.551896333694458,0.01564808562397957,1.0901247297233285
WRD25,hrnet32,impulse_noise_0.05,49,5,0.1418682485818863,0.5421525835990906,0.3159792721271515,1.4037297918218252
WRD25,hrnet32,impulse_noise_0.05,50,6,0.3103201687335968,0.5765581727027893,0.1131216436624527,1.337587359271411
WRD25,hrnet32,impulse_noise_0.05,51,6,0.37706154584884644,0.35044243931770325,0.27249598503112793,1.5718247422191904
WRD25,hrnet32,impulse_noise_0.05,52,6,0.18374304473400116,0.33919256925582886,0.4770643413066864,1.4875750711283326
WRD25,hrnet32,impulse_noise_0.05,53,7,0.3688172399997711,0.2544389069080353,0.3767438530921936,1.5637384182439007
WRD25,hrnet32,impulse_noise_0.05,54,7,0.009776026010513306,0.6451209187507629,0.345102995634079,1.0029166259620934
WRD25,hrnet32,impulse_noise_0.05,55,7,0.008541841991245747,0.5757237076759338,0.4157344400882721,1.0437168990914722
WRD25,hrnet32,impulse_noise_0.05,56,7,0.4465494751930237,0.4411446452140808,0.11230596154928207,1.3945027734365556
WRD25,hrnet32,impulse_noise_0.05,57,7,0.5273106694221497,0.1236804872751236,0.3490087687969208,1.3898150741528728
WRD25,hrnet32,impulse_noise_0.05,58,7,0.42933911085128784,0.4857552945613861,0.08490555733442307,1.3318165845600949
WRD25,hrnet32,impulse_noise_0.05,59,7,0.40150073170661926,0.220306858420372,0.37819230556488037,1.5399178791552393
WRD25,hrnet32,impulse_noise_0.05,60,7,0.20864063501358032,0.3683675527572632,0.42299190163612366,1.5275136605793458
WRD25,hrnet32,impulse_noise_0.05,61,7,0.6541166305541992,0.24363377690315247,0.10224957019090652,1.2332862365485853
WRD25,hrnet32,impulse_noise_0.05,62,7,0.29939931631088257,0.44731205701828003,0.2532885670661926,1.5418848691905376
WRD25,hrnet32,impulse_noise_0.05,63,7,0.19985564053058624,0.6115115284919739,0.18863284587860107,1.3520717625743326
WRD25,hrnet32,impulse_noise_0.05,64,7,0.20923194289207458,0.05929283797740936,0.7314751148223877,1.0438598913435375
WRD25,hrnet32,impulse_noise_0.05,65,7,0.3650363087654114,0.25709301233291626,0.3778706192970276,1.5650749768823964
WRD25,hrnet32,impulse_noise_0.05,66,7,0.23210521042346954,0.3579932153224945,0.40990161895751953,1.5470248442940808
WRD25,hrnet32,impulse_noise_0.05,67,7,0.3517349362373352,0.3435332477092743,0.3047318756580353,1.5821967536341974
WRD25,hrnet32,impulse_noise_0.05,68,7,0.3668880760669708,0.38176998496055603,0.251341849565506,1.561842744028402
WRD25,hrnet32,impulse_noise_0.05,69,8,0.4854845106601715,0.2271355390548706,0.2873799204826355,1.5088073731021994
WRD25,hrnet32,impulse_noise_0.05,70,8,0.22440367937088013,0.5844898819923401,0.19110649824142456,1.3928867053673972
WRD25,hrnet32,impulse_noise_0.05,71,8,0.4603472948074341,0.30404579639434814,0.23560689389705658,1.528833342087857
WRD25,hrnet32,impulse_noise_0.05,72,8,0.40461674332618713,0.40677836537361145,0.18860489130020142,1.5099348154354062
WRD25,hrnet32,impulse_noise_0.05,73,8,0.5578934550285339,0.2153698354959488,0.22673656046390533,1.4322030526438605
WRD25,hrnet32,impulse_noise_0.05,74,8,0.19228626787662506,0.566308319568634,0.2414054572582245,1.4169462089164513
WRD25,hrnet32,impulse_noise_0.05,75,8,0.5624145269393921,0.21361348032951355,0.2239721417427063,1.4261390634703894
WRD25,hrnet32,impulse_noise_0.05,76,8,0.20192278921604156,0.5759114623069763,0.22216571867465973,1.4066995668335847
WRD25,hrnet32,impulse_noise_0.05,77,8,0.31102871894836426,0.4582204222679138,0.2307509183883667,1.5281249962598338
WRD25,hrnet32,impulse_noise_0.05,78,8,0.48582178354263306,0.19681258499622345,0.3173656761646271,1.493018499502894
WRD25,hrnet32,impulse_noise_0.05,79,8,0.44345933198928833,0.19833792746067047,0.35820272564888,1.513700684480301
WRD25,hrnet32,impulse_noise_0.05,80,8,0.20264635980129242,0.171161949634552,0.6261916160583496,1.3254446095473806
WRD25,hrnet32,impulse_noise_0.05,81,8,0.3564585745334625,0.10695289820432663,0.5365886092185974,1.3573139091341222
WRD25,hrnet32,impulse_noise_0.05,82,8,0.3855304419994354,0.5580178499221802,0.05645154044032097,1.233869341413574
WRD25,hrnet32,impulse_noise_0.05,83,8,0.35750606656074524,0.34961825609207153,0.2928756773471832,1.5794678862052818
WRD25,hrnet32,impulse_noise_0.05,84,8,0.6048859357833862,0.24328891932964325,0.15182507038116455,1.3477223470081174
WRD25,hrnet32,impulse_noise_0.05,85,8,0.5798314213752747,0.20775191485881805,0.2124166637659073,1.4016635321900712
WRD25,hrnet32,impulse_noise_0.05,86,9,0.30447936058044434,0.10932169109582901,0.5861988663673401,1.3231505074579921
WRD25,hrnet32,impulse_noise_0.05,87,9,0.1099570021033287,0.21748237311840057,0.6725606918334961,1.2137789849056724
WRD25,hrnet32,impulse_noise_0.05,88,9,0.16939674317836761,0.3149466812610626,0.515656590461731,1.451591950737319
WRD25,hrnet32,impulse_noise_0.05,89,9,0.18840621411800385,0.3786289095878601,0.4329647719860077,1.5070932035472704
WRD25,hrnet32,impulse_noise_0.05,90,9,0.18517827987670898,0.38634809851646423,0.42847368121147156,1.504525124927762
WRD25,hrnet32,impulse_noise_0.05,91,9,0.039141248911619186,0.2643257975578308,0.6965330243110657,1.05380114066973
WRD25,hrnet32,impulse_noise_0.05,92,9,0.11637600511312485,0.31809884309768677,0.5655251741409302,1.3518259619204764
WRD25,hrnet32,impulse_noise_0.05,93,9,0.16920678317546844,0.37503474950790405,0.4557585120201111,1.4810133963971746
WRD25,hrnet32,impulse_noise_0.05,94,9,0.06613783538341522,0.387618750333786,0.54624342918396,1.265674404689131
WRD25,hrnet32,impulse_noise_0.05,95,9,0.21734464168548584,0.19195155799388885,0.5907039046287537,1.3842884195278942
WRD25,hrnet32,impulse_noise_0.05,96,9,0.24212895333766937,0.34557294845581055,0.41229817271232605,1.5521906183285135
WRD25,hrnet32,impulse_noise_0.05,97,10,0.7603920102119446,0.11934618651866913,0.12026172876358032,1.0339930874131484
WRD25,hrnet32,impulse_noise_0.05,98,10,0.2402362823486328,0.575160562992096,0.18460315465927124,1.4032073099499933
WRD25,hrnet32,impulse_noise_0.05,99,10,0.5792551040649414,0.2566283941268921,0.16411657631397247,1.3877504685501956
WRD25,hrnet32,impulse_noise_0.05,100,10,0.37734684348106384,0.37608665227890015,0.24656647443771362,1.559222630398438
WRD25,hrnet32,impulse_noise_0.05,101,10,0.19200317561626434,0.5607028007507324,0.24729400873184204,1.423605534888043
WRD25,hrnet32,impulse_noise_0.05,102,10,0.19113799929618835,0.6190328001976013,0.1898292899131775,1.3396863129474437
WRD25,hrnet32,impulse_noise_0.05,103,10,0.46649956703186035,0.3404260575771332,0.19307440519332886,1.5005171220593936
WRD25,hrnet32,impulse_noise_0.05,104,10,0.8561963438987732,0.014431173913180828,0.1293724775314331,0.6617183970045558
WRD25,hrnet32,impulse_noise_0.05,105,10,0.6797994375228882,0.023996133357286453,0.29620447754859924,1.0275876899831569
WRD25,hrnet32,impulse_noise_0.05,106,10,0.32518118619918823,0.4529670178890228,0.22185178101062775,1.5264765832407137
WRD25,hrnet32,impulse_noise_0.05,107,11,0.15103302896022797,0.3800637423992157,0.46890315413475037,1.454668103844008
WRD25,hrnet32,impulse_noise_0.05,108,11,0.9892750382423401,0.0,0.010724780149757862,0.08556058613094412
WRD25,hrnet32,impulse_noise_0.05,109,11,0.47628000378608704,0.3589487671852112,0.16477128863334656,1.468902480340721
WRD25,hrnet32,impulse_noise_0.05,110,11,0.3417644798755646,0.34387511014938354,0.31436043977737427,1.5837777528903927
WRD25,hrnet32,impulse_noise_0.05,111,11,0.36741095781326294,0.3480111360549927,0.2845779061317444,1.5766563655414623
WRD25,hrnet32,impulse_noise_0.05,112,11,0.3773871958255768,0.23007044196128845,0.3925422728061676,1.5478484549343021
WRD25,hrnet32,impulse_noise_0.05,113,11,0.6066381335258484,0.1265573501586914,0.26680442690849304,1.3234212230713045
WRD25,hrnet32,impulse_noise_0.05,114,12,0.3980868458747864,0.48203176259994507,0.11988136917352676,1.4033540813415273
WRD25,hrnet32,impulse_noise_0.05,115,13,0.3400267958641052,0.43349120020866394,0.22648200392723083,1.5371796945720804
WRD25,hrnet32,impulse_noise_0.05,116,13,0.31901729106903076,0.4091266393661499,0.2718559503555298,1.5641947175241104
WRD25,hrnet32,impulse_noise_0.05,117,13,0.2511851191520691,0.41606995463371277,0.33274486660957336,1.5552637221004908
WRD25,hrnet32,impulse_noise_0.05,118,13,0.08246657997369766,0.7767882347106934,0.14074519276618958,0.9780963831803171
WRD25,hrnet32,impulse_noise_0.05,119,13,0.6392451524734497,0.18724584579467773,0.17350903153419495,1.303685461725459
WRD25,hrnet32,impulse_noise_0.05,120,13,0.2448485940694809,0.5136721134185791,0.24147924780845642,1.4857715994055505
WRD25,hrnet32,impulse_noise_0.05,121,14,0.5755218863487244,0.11447242647409439,0.3100057542324066,1.3404669436740297
WRD25,hrnet32,impulse_noise_0.05,122,14,0.022435016930103302,0.8232472538948059,0.15431766211986542,0.7699506423086858
WRD25,hrnet32,impulse_noise_0.05,123,14,0.2868933379650116,0.5600789189338684,0.1530276983976364,1.3996261384020152
WRD25,hrnet32,impulse_noise_0.05,124,14,0.25763753056526184,0.610999584197998,0.13136281073093414,1.3230409197325907
WRD25,hrnet32,impulse_noise_0.05,125,14,0.09361855685710907,0.4615527093410492,0.44482865929603577,1.3545929769413028
WRD25,hrnet32,impulse_noise_0.05,126,15,0.24583646655082703,0.20824411511421204,0.5459193587303162,1.4457403791361016
WRD25,hrnet32,impulse_noise_0.05,127,15,0.29240190982818604,0.18136803805828094,0.5262300968170166,1.4528370679555231
WRD25,hrnet32,impulse_noise_0.05,128,15,0.07672509551048279,0.2624712288379669,0.6608036756515503,1.1856772147727195
WRD25,hrnet32,impulse_noise_0.05,129,15,0.3903161585330963,0.15306149423122406,0.45662233233451843,1.4606390776114178
WRD25,hrnet32,impulse_noise_0.05,130,15,0.42652639746665955,0.22387970983982086,0.3495938181877136,1.537799058254576
WRD25,hrnet32,impulse_noise_0.05,131,15,0.4153411090373993,0.35662877559661865,0.22803017497062683,1.543307232107181
WRD25,hrnet32,impulse_noise_0.05,132,15,0.15607506036758423,0.2819737493991852,0.561951220035553,1.400473089716265
WRD25,hrnet32,impulse_noise_0.05,133,15,0.43067845702171326,0.1472945511341095,0.4220270812511444,1.4556704115462034
WRD25,hrnet32,impulse_noise_0.05,134,15,0.33330005407333374,0.3439609408378601,0.3227390944957733,1.5844751328113493
WRD25,hrnet32,impulse_noise_0.05,135,15,0.37394076585769653,0.3950430750846863,0.23101617395877838,1.5483445705017513
WRD25,hrnet32,impulse_noise_0.05,136,15,0.3918469548225403,0.14068123698234558,0.46747174859046936,1.4405318370065716
WRD25,hrnet32,impulse_noise_0.05,137,15,0.19153070449829102,0.19562993943691254,0.61283940076828,1.3500720520874754
WRD25,hrnet32,impulse_noise_0.05,138,15,0.36290425062179565,0.1487526297569275,0.48834308981895447,1.4445748673942114
WRD25,hrnet32,impulse_noise_0.05,139,15,0.39922896027565,0.11376737803220749,0.4870036840438843,1.3911272973361994
WRD25,hrnet32,impulse_noise_0.05,140,15,0.012349574826657772,0.4634600281715393,0.524190366268158,1.0809500366637566
WRD25,hrnet32,impulse_noise_0.05,141,16,0.028963079676032066,0.41838935017585754,0.5526475310325623,1.1467684294628078
WRD25,hrnet32,impulse_noise_0.05,142,16,0.06793492287397385,0.27407193183898926,0.6579930782318115,1.1726948188237027
WRD25,hrnet32,impulse_noise_0.05,143,16,0.044097527861595154,0.3884057402610779,0.5674965977668762,1.1923290120399683
WRD25,hrnet32,impulse_noise_0.05,144,16,0.07261936366558075,0.4619899392127991,0.465390682220459,1.3029950819115288
WRD25,hrnet32,impulse_noise_0.05,145,16,0.07190591841936111,0.5631734728813171,0.36492058634757996,1.2703050412264782
WRD25,hrnet32,impulse_noise_0.05,146,16,0.01462361216545105,0.39235666394233704,0.5930196642875671,1.0657740772060906
WRD25,hrnet32,impulse_noise_0.05,147,16,0.05153479427099228,0.3438151478767395,0.6046500205993652,1.1889303037081296
WRD25,hrnet32,impulse_noise_0.05,148,17,0.06993786245584488,0.5436561107635498,0.3864060342311859,1.2764829391234773
WRD25,hrnet32,impulse_noise_0.05,149,17,0.359261691570282,0.3362944722175598,0.3044438064098358,1.5816643750461639
WRD25,hrnet32,impulse_noise_0.05,150,17,0.2877841889858246,0.1104259267449379,0.6017898321151733,1.3090708687739885
WRD25,hrnet32,impulse_noise_0.05,151,17,0.18515150249004364,0.4938131868839264,0.32103532552719116,1.4794379337199164
WRD25,hrnet32,impulse_noise_0.05,152,18,0.01665974035859108,0.3557581603527069,0.6275821924209595,1.0506766751189118
WRD25,hrnet32,impulse_noise_0.05,153,18,0.01894901506602764,0.2949918806552887,0.6860591173171997,1.000914947886079
WRD25,hrnet32,impulse_noise_0.05,154,18,0.2904989421367645,0.44817280769348145,0.2613282799720764,1.5429500889174883
WRD25,hrnet32,impulse_noise_0.05,155,18,0.014349122531712055,0.22119726240634918,0.764453649520874,0.8655400044009944
WRD25,hrnet32,impulse_noise_0.05,156,18,0.53307044506073,0.3951014280319214,0.07182823121547699,1.2860325084208513
WRD25,hrnet32,impulse_noise_0.05,157,18,0.43348559737205505,0.13550344109535217,0.4310109317302704,1.4368319434148527
WRD25,hrnet32,impulse_noise_0.05,158,18,0.07875820249319077,0.40425702929496765,0.5169848203659058,1.3090550362103808
WRD25,hrnet32,impulse_noise_0.05,159,18,0.6476919054985046,0.05924588441848755,0.2930622100830078,1.166342240822766
WRD25,hrnet32,impulse_noise_0.05,160,18,0.2818760275840759,0.394565612077713,0.32355833053588867,1.571045476330415
WRD25,hrnet32,impulse_noise_0.05,161,18,0.4033488929271698,0.38457223773002625,0.21207889914512634,1.533036023903859
WRD25,hrnet32,impulse_noise_0.05,162,18,0.4373820722103119,0.24777159094810486,0.314846396446228,1.5454924867973197
WRD25,hrnet32,impulse_noise_0.05,163,18,0.05169365182518959,0.5005555748939514,0.4477507770061493,1.2397326048072153
WRD25,hrnet32,impulse_noise_0.05,164,18,0.16410773992538452,0.4358707070350647,0.40002158284187317,1.4788294912405813
WRD25,hrnet32,impulse_noise_0.05,165,18,0.10469920933246613,0.45279672741889954,0.44250401854515076,1.3789325932228897
WRD25,hrnet32,impulse_noise_0.05,166,18,0.147435262799263,0.7852181792259216,0.06734655052423477,0.9432345191849087
WRD25,hrnet32,impulse_noise_0.05,167,18,0.009226614609360695,0.40039560198783875,0.5903777480125427,1.0399530727759065
WRD25,hrnet32,impulse_noise_0.05,168,18,0.3140719532966614,0.28248146176338196,0.4034464657306671,1.5682772049145415
WRD25,hrnet32,impulse_noise_0.05,169,18,0.28653427958488464,0.34243127703666687,0.37103450298309326,1.5768404768995188
WRD25,hrnet32,impulse_noise_0.05,170,19,0.5231399536132812,0.11916300654411316,0.3576970100402832,1.3852381176429382
WRD25,hrnet32,impulse_noise_0.05,171,19,0.3243131935596466,0.3011859357357025,0.37450093030929565,1.5789475430364532
WRD25,hrnet32,impulse_noise_0.05,172,19,0.45393693447113037,0.424146443605423,0.12191668897867203,1.4121994428439357
WRD25,hrnet32,impulse_noise_0.05,173,19,0.6239268779754639,0.14957775175571442,0.22649537026882172,1.319865843198043
WRD25,hrnet32,impulse_noise_0.05,174,20,0.14713482558727264,0.8398682475090027,0.012996979989111423,0.6996812374638962
WRD25,hrnet32,impulse_noise_0.05,175,20,0.07767238467931747,0.7361652851104736,0.1861623078584671,1.0631578775172839
WRD25,hrnet32,impulse_noise_0.05,176,20,0.001605664729140699,0.8703525066375732,0.1280418485403061,0.5689451044598987
WRD25,hrnet32,impulse_noise_0.05,177,20,0.07693194597959518,0.7325931787490845,0.1904747486114502,1.0692199975678636
WRD25,hrnet32,impulse_noise_0.05,178,21,0.0787942185997963,0.7471824288368225,0.17402340471744537,1.042006774074417
WRD25,hrnet32,impulse_noise_0.05,179,21,0.7878671288490295,0.08835169672966003,0.12378111481666565,0.9533841838816972
WRD25,hrnet32,impulse_noise_0.05,180,21,0.6849664449691772,0.09325858950614929,0.22177495062351227,1.1749879137270365
WRD25,hrnet32,impulse_noise_0.05,181,21,0.6013289093971252,0.14258158206939697,0.25608953833580017,1.3452012508672975
WRD25,hrnet32,impulse_noise_0.05,182,21,0.10260386765003204,0.36073899269104004,0.5366570949554443,1.349553994958156
WRD25,hrnet32,impulse_noise_0.05,183,21,0.37125709652900696,0.1744007170200348,0.4543420672416687,1.4872310762259509
WRD25,hrnet32,impulse_noise_0.05,184,21,0.07119087129831314,0.2642035484313965,0.6646056771278381,1.170473803730421
WRD25,hrnet32,impulse_noise_0.05,185,22,0.09793074429035187,0.21873147785663605,0.6833376884460449,1.1832777693060423
WRD25,hrnet32,impulse_noise_0.05,186,22,0.3218395709991455,0.07060893625020981,0.6075515747070312,1.2331871025183372
WRD25,hrnet32,impulse_noise_0.05,187,22,0.17609567940235138,0.7101467251777649,0.11375752091407776,1.1486377530688674
WRD25,hrnet32,impulse_noise_0.05,188,22,0.3423751890659332,0.4433692991733551,0.21425557136535645,1.5258933462793836
WRD25,hrnet32,impulse_noise_0.05,189,22,0.1529204100370407,0.377635657787323,0.4694439470767975,1.4569884220893647
WRD25,hrnet32,impulse_noise_0.05,190,23,0.8122928142547607,0.16228681802749634,0.02542036399245262,0.8040437136008252
WRD25,hrnet32,impulse_noise_0.05,191,23,0.8623557686805725,0.11390538513660431,0.023738956078886986,0.6693376231445345
WRD25,hrnet32,impulse_noise_0.05,192,23,0.331539511680603,0.3597396910190582,0.30872082710266113,1.5821404510591361
WRD25,hrnet32,impulse_noise_0.05,193,23,0.49418097734451294,0.24649588763713837,0.2593231797218323,1.5054866650603143
WRD25,hrnet32,impulse_noise_0.05,194,24,0.7939181327819824,0.19510957598686218,0.010972329415380955,0.795753958832736
WRD25,hrnet32,impulse_noise_0.05,195,24,0.09762570261955261,0.8963789939880371,0.005995381157845259,0.5134133986609918
WRD25,hrnet32,impulse_noise_0.05,196,24,0.29917457699775696,0.6889219284057617,0.011903403326869011,0.9672932725166166
WRD25,hrnet32,impulse_noise_0.05,197,24,0.0,0.17058400809764862,0.8294158577919006,0.6590390555449079
WRD25,hrnet32,impulse_noise_0.05,198,24,0.4377326965332031,0.5530823469161987,0.009184997528791428,1.0564465447870501
WRD25,hrnet32,impulse_noise_0.05,199,24,0.5032954216003418,0.11494976282119751,0.3817547857761383,1.3876400373756714
WRD25,hrnet32,motion_blur_15,0,0,0.4797990918159485,0.22117429971694946,0.29902660846710205,1.5105868809726415
WRD25,hrnet32,motion_blur_15,1,0,0.446487694978714,0.1012628823518753,0.45224934816360474,1.3716965898764069
WRD25,hrnet32,motion_blur_15,2,0,0.3401786684989929,0.2447635978460312,0.4150577485561371,1.5527449429189235
WRD25,hrnet32,motion_blur_15,3,0,0.3838256001472473,0.19340379536151886,0.42277055978775024,1.51377715414191
WRD25,hrnet32,motion_blur_15,4,0,0.4084030091762543,0.07604741305112839,0.5155496001243591,1.3030659472156536
WRD25,hrnet32,motion_blur_15,5,0,0.3232710659503937,0.1845940351486206,0.4921348989009857,1.4800213597317444
WRD25,hrnet32,motion_blur_15,6,0,0.47335031628608704,0.05890036001801491,0.4677494168281555,1.264139782857566
WRD25,hrnet32,motion_blur_15,7,0,0.4757406413555145,0.021121222525835037,0.5031380653381348,1.126016010483457
WRD25,hrnet32,motion_blur_15,8,0,0.4732680916786194,0.4628414809703827,0.06389042735099792,1.278724474261453
WRD25,hrnet32,motion_blur_15,9,0,0.39475053548812866,0.2351854145526886,0.3700639605522156,1.5511814048565928
WRD25,hrnet32,motion_blur_15,10,0,0.2031375765800476,0.39387160539627075,0.40299078822135925,1.524946186793378
WRD25,hrnet32,motion_blur_15,11,0,0.4404456913471222,0.04315927252173424,0.5163950324058533,1.2090819084282383
WRD25,hrnet32,motion_blur_15,12,0,0.4491158723831177,0.10501125454902649,0.44587281346321106,1.379662813808345
WRD25,hrnet32,motion_blur_15,13,0,0.4870259761810303,0.4330431818962097,0.07993094623088837,1.3197188190016005
WRD25,hrnet32,motion_blur_15,14,0,0.40044161677360535,0.11815245449542999,0.4814058840274811,1.4005045920642294
WRD25,hrnet32,motion_blur_15,15,0,0.4711442291736603,0.0029231130611151457,0.5259326696395874,1.0237226942256106
WRD25,hrnet32,motion_blur_15,16,0,0.4165495038032532,0.03325846046209335,0.55019211769104,1.163850455711052
WRD25,hrnet32,motion_blur_15,17,0,0.42581111192703247,0.48086774349212646,0.09332120418548584,1.3517251398050554
WRD25,hrnet32,motion_blur_15,18,1,0.35033121705055237,0.3624765872955322,0.287192165851593,1.5777250601104893
WRD25,hrnet32,motion_blur_15,19,1,0.2133898288011551,0.47876209020614624,0.30784815549850464,1.5075198277011337
WRD25,hrnet32,motion_blur_15,20,1,0.13794444501399994,0.4390249252319336,0.4230305552482605,1.4406715746541718
WRD25,hrnet32,motion_blur_15,21,1,0.043202225118875504,0.5516111850738525,0.40518656373023987,1.197356326863932
WRD25,hrnet32,motion_blur_15,22,1,0.10337060689926147,0.30165451765060425,0.594974935054779,1.3057111603444156
WRD25,hrnet32,motion_blur_15,23,1,0.04899107292294502,0.5203357934951782,0.43067318201065063,1.2269974694586825
WRD25,hrnet32,motion_blur_15,24,1,0.5177614092826843,0.07685300707817078,0.40538546442985535,1.3042470121509364
WRD25,hrnet32,motion_blur_15,25,2,0.35430681705474854,0.4173068106174469,0.22838625311851501,1.5430867471424201
WRD25,hrnet32,motion_blur_15,26,2,0.5099287033081055,0.21124079823493958,0.27883055806159973,1.4830410905197415
WRD25,hrnet32,motion_blur_15,27,2,0.3910621702671051,0.22430846095085144,0.38462939858436584,1.5436100078304067
WRD25,hrnet32,motion_blur_15,28,2,0.3786247968673706,0.3374171853065491,0.2839580476284027,1.5751183875627444
WRD25,hrnet32,motion_blur_15,29,2,0.2020474374294281,0.5108016133308411,0.2871510088443756,1.4781276088722284
WRD25,hrnet32,motion_blur_15,30,2,0.348222017288208,0.3428212106227875,0.30895671248435974,1.5829783316493593
WRD25,hrnet32,motion_blur_15,31,2,0.05416512489318848,0.6894034743309021,0.25643131136894226,1.1012307873568614
WRD25,hrnet32,motion_blur_15,32,2,0.685000479221344,0.2096150815486908,0.1053844541311264,1.1885063539015193
WRD25,hrnet32,motion_blur_15,33,2,0.022665897384285927,0.6578628420829773,0.31947124004364014,1.047200410253573
WRD25,hrnet32,motion_blur_15,34,2,0.2592022716999054,0.49360236525535583,0.24719534814357758,1.5060741467037744
WRD25,hrnet32,motion_blur_15,35,2,0.468473345041275,0.21030522882938385,0.3212214708328247,1.5118376648528449
WRD25,hrnet32,motion_blur_15,36,3,0.46804991364479065,0.09265094250440598,0.4392990469932556,1.3519487678858264
WRD25,hrnet32,motion_blur_15,37,3,0.3098950982093811,0.3338419795036316,0.3562629520893097,1.5826316797074607
WRD25,hrnet32,motion_blur_15,38,3,0.32876327633857727,0.3232381343841553,0.3479984998703003,1.5842355555074845
WRD25,hrnet32,motion_blur_15,39,3,0.4747615456581116,0.03700836002826691,0.4882301092147827,1.1912590834386751
WRD25,hrnet32,motion_blur_15,40,3,0.522598147392273,0.2784161865711212,0.19898565113544464,1.4663502350801247
WRD25,hrnet32,motion_blur_15,41,4,0.6269941329956055,0.01238666009157896,0.36061930656433105,1.0313697870270873
WRD25,hrnet32,motion_blur_15,42,4,0.5459808707237244,0.412073016166687,0.04194609075784683,1.1956534596221302
WRD25,hrnet32,motion_blur_15,43,4,0.04036741703748703,0.4930580258369446,0.4665745496749878,1.203079553856001
WRD25,hrnet32,motion_blur_15,44,4,0.7217614650726318,0.03222659230232239,0.24601201713085175,0.9969545285487316
WRD25,hrnet32,motion_blur_15,45,4,0.5027440786361694,0.24080835282802582,0.25644758343696594,1.4968793338815751
WRD25,hrnet32,motion_blur_15,46,5,0.41238972544670105,0.4489385187625885,0.13867174088954926,1.4409588275840888
WRD25,hrnet32,motion_blur_15,47,5,0.13276219367980957,0.45794740319252014,0.40929025411605835,1.4302327000273778
WRD25,hrnet32,motion_blur_15,48,5,0.4481363296508789,0.11771038919687271,0.43415334820747375,1.404873172754435
WRD25,hrnet32,motion_blur_15,49,5,0.34215766191482544,0.5452917814254761,0.11255061626434326,1.3611716668306404
WRD25,hrnet32,motion_blur_15,50,6,0.4649379551410675,0.23733890056610107,0.29772311449050903,1.5265857657601463
WRD25,hrnet32,motion_blur_15,51,6,0.26477017998695374,0.45125913619995117,0.2839706838130951,1.541390505826497
WRD25,hrnet32,motion_blur_15,52,6,0.38389718532562256,0.2455713152885437,0.37053152918815613,1.5584409330558142
WRD25,hrnet32,motion_blur_15,53,7,0.4449371099472046,0.3120437264442444,0.24301910400390625,1.5400890594406482
WRD25,hrnet32,motion_blur_15,54,7,0.5945685505867004,0.22571136057376862,0.17972008883953094,1.3756992101745085
WRD25,hrnet32,motion_blur_15,55,7,0.46958109736442566,0.14098505675792694,0.3894338309764862,1.4404257491961578
WRD25,hrnet32,motion_blur_15,56,7,0.4791404902935028,0.024177605286240578,0.49668192863464355,1.1398889323793662
WRD25,hrnet32,motion_blur_15,57,7,0.25443708896636963,0.6043840050697327,0.14117881655693054,1.3402247927369126
WRD25,hrnet32,motion_blur_15,58,7,0.47216007113456726,0.2851651608943939,0.24267470836639404,1.5231324036529128
WRD25,hrnet32,motion_blur_15,59,7,0.09611774981021881,0.4812792241573334,0.42260313034057617,1.3576996189696056
WRD25,hrnet32,motion_blur_15,60,7,0.2055874913930893,0.4048973619937897,0.38951513171195984,1.5271609401304578
WRD25,hrnet32,motion_blur_15,61,7,0.5577560067176819,0.30932125449180603,0.1329226940870285,1.3804036137928208
WRD25,hrnet32,motion_blur_15,62,7,0.5140191912651062,0.30050307512283325,0.18547771871089935,1.4655873443813092
WRD25,hrnet32,motion_blur_15,63,7,0.46662437915802,0.37297576665878296,0.16039983928203583,1.4673148495847452
WRD25,hrnet32,motion_blur_15,64,7,0.3418852984905243,0.5700708031654358,0.08804377168416977,1.3002358826828826
WRD25,hrnet32,motion_blur_15,65,7,0.5463990569114685,0.17719027400016785,0.2764107584953308,1.4315971586109226
WRD25,hrnet32,motion_blur_15,66,7,0.42586907744407654,0.41289734840393066,0.16123375296592712,1.4758744219672586
WRD25,hrnet32,motion_blur_15,67,7,0.4219151437282562,0.0418960340321064,0.5361889004707336,1.199167797832392
WRD25,hrnet32,motion_blur_15,68,7,0.23049518465995789,0.5128792524337769,0.25662562251091003,1.4856305109652124
WRD25,hrnet32,motion_blur_15,69,8,0.5056191086769104,0.2635059654712677,0.23087488114833832,1.4927350075686547
WRD25,hrnet32,motion_blur_15,70,8,0.1729753166437149,0.34530919790267944,0.4817156195640564,1.4751871108268522
WRD25,hrnet32,motion_blur_15,71,8,0.296209454536438,0.2721206247806549,0.4316699504852295,1.5540792086502964
WRD25,hrnet32,motion_blur_15,72,8,0.36777496337890625,0.249000683426857,0.3832244575023651,1.5604604221095104
WRD25,hrnet32,motion_blur_15,73,8,0.3535231351852417,0.29907193779945374,0.34740501642227173,1.581043016503172
WRD25,hrnet32,motion_blur_15,74,8,0.47282370924949646,0.2429996281862259,0.284176766872406,1.5227218410139731
WRD25,hrnet32,motion_blur_15,75,8,0.3919733166694641,0.3604043424129486,0.24762243032455444,1.558909750194717
WRD25,hrnet32,motion_blur_15,76,8,0.4492500126361847,0.2886338233947754,0.2621161639690399,1.542384317642002
WRD25,hrnet32,motion_blur_15,77,8,0.3662978410720825,0.32020246982574463,0.31349971890449524,1.581438023209817
WRD25,hrnet32,motion_blur_15,78,8,0.49461281299591064,0.2535921037197113,0.2517951428890228,1.5052988658697513
WRD25,hrnet32,motion_blur_15,79,8,0.2882435619831085,0.35640275478363037,0.3553536832332611,1.5781968406745648
WRD25,hrnet32,motion_blur_15,80,8,0.5154006481170654,0.2415556013584137,0.2430436760187149,1.483911548918261
WRD25,hrnet32,motion_blur_15,81,8,0.18480174243450165,0.193950816988945,0.621247410774231,1.3357493705135535
WRD25,hrnet32,motion_blur_15,82,8,0.3518753945827484,0.3255954682826996,0.3225291669368744,1.5838459412193455
WRD25,hrnet32,motion_blur_15,83,8,0.31397485733032227,0.31630152463912964,0.3697235882282257,1.580729833563009
WRD25,hrnet32,motion_blur_15,84,8,0.4231793284416199,0.2675275504589081,0.30929315090179443,1.5575418200025273
WRD25,hrnet32,motion_blur_15,85,8,0.41361328959465027,0.26581430435180664,0.32057246565818787,1.561051649242844
WRD25,hrnet32,motion_blur_15,86,9,0.3915569484233856,0.19591455161571503,0.41252854466438293,1.5173724015884233
WRD25,hrnet32,motion_blur_15,87,9,0.23678447306156158,0.4113810360431671,0.3518344461917877,1.5495127963400623
WRD25,hrnet32,motion_blur_15,88,9,0.24621166288852692,0.14346784353256226,0.610320508480072,1.3344978864842145
WRD25,hrnet32,motion_blur_15,89,9,0.3588285446166992,0.16561517119407654,0.4755561351776123,1.470141849096664
WRD25,hrnet32,motion_blur_15,90,9,0.32809048891067505,0.12115432322025299,0.5507552027702332,1.3703741710533053
WRD25,hrnet32,motion_blur_15,91,9,0.4269179403781891,0.08913104981184006,0.48395106196403503,1.3418539758548547
WRD25,hrnet32,motion_blur_15,92,9,0.2544572651386261,0.21500150859355927,0.5305412411689758,1.4643708334699024
WRD25,hrnet32,motion_blur_15,93,9,0.23047077655792236,0.4944210350513458,0.2751082479953766,1.502642624773935
WRD25,hrnet32,motion_blur_15,94,9,0.4770282208919525,0.13387970626354218,0.3890920877456665,1.427652047385906
WRD25,hrnet32,motion_blur_15,95,9,0.16153283417224884,0.4515536427497864,0.3869135081768036,1.4728328993635174
WRD25,hrnet32,motion_blur_15,96,9,0.27277877926826477,0.10076294839382172,0.6264582872390747,1.2675409122071595
WRD25,hrnet32,motion_blur_15,97,10,0.4163319170475006,0.4371131360530853,0.14655490219593048,1.4542314256928022
WRD25,hrnet32,motion_blur_15,98,10,0.31952333450317383,0.40150904655456543,0.2789677381515503,1.5683335555197226
WRD25,hrnet32,motion_blur_15,99,10,0.3783069849014282,0.315211683511734,0.30648142099380493,1.5784421045411192
WRD25,hrnet32,motion_blur_15,100,10,0.49180737137794495,0.338255912065506,0.1699366420507431,1.4670147366954265
WRD25,hrnet32,motion_blur_15,101,10,0.48997050523757935,0.3930533528327942,0.11697619408369064,1.3959412809842908
WRD25,hrnet32,motion_blur_15,102,10,0.5880711674690247,0.22159945964813232,0.19032935798168182,1.3877170590510968
WRD25,hrnet32,motion_blur_15,103,10,0.6689802408218384,0.16125431656837463,0.1697654128074646,1.2468267101248678
WRD25,hrnet32,motion_blur_15,104,10,0.44301357865333557,0.3086676001548767,0.2483188509941101,1.542869919020237
WRD25,hrnet32,motion_blur_15,105,10,0.7264976501464844,0.18656304478645325,0.08693931251764297,1.0931595838374726
WRD25,hrnet32,motion_blur_15,106,10,0.37885478138923645,0.4129573702812195,0.20818781852722168,1.5287568809556573
WRD25,hrnet32,motion_blur_15,107,11,0.20911544561386108,0.537098228931427,0.25378647446632385,1.4558126509085851
WRD25,hrnet32,motion_blur_15,108,11,0.24797840416431427,0.4710255563259125,0.28099605441093445,1.5250631596127646
WRD25,hrnet32,motion_blur_15,109,11,0.1767575442790985,0.4784016013145447,0.3448408246040344,1.4804747333858823
WRD25,hrnet32,motion_blur_15,110,11,0.12267620861530304,0.37864580750465393,0.49867793917655945,1.4024452775016905
WRD25,hrnet32,motion_blur_15,111,11,0.15063121914863586,0.3666566014289856,0.48271214962005615,1.4493118148875357
WRD25,hrnet32,motion_blur_15,112,11,0.25608062744140625,0.4779996871948242,0.26591968536376953,1.5204695085782933
WRD25,hrnet32,motion_blur_15,113,11,0.5199540853500366,0.22092695534229279,0.2591190040111542,1.476702620657823
WRD25,hrnet32,motion_blur_15,114,12,0.9242432713508606,0.003648048499599099,0.07210870087146759,0.4081471583926257
WRD25,hrnet32,motion_blur_15,115,13,0.4346924126148224,0.4661078155040741,0.09919971972703934,1.366463433987319
WRD25,hrnet32,motion_blur_15,116,13,0.627801239490509,0.31950193643569946,0.0526968389749527,1.1713353828111477
WRD25,hrnet32,motion_blur_15,117,13,0.05905209481716156,0.39918622374534607,0.5417616367340088,1.248974650346344
WRD25,hrnet32,motion_blur_15,118,13,0.03536825627088547,0.42993277311325073,0.534699022769928,1.1770447273436804
WRD25,hrnet32,motion_blur_15,119,13,0.33564773201942444,0.05332291126251221,0.6110293865203857,1.1883967297214675
WRD25,hrnet32,motion_blur_15,120,13,0.4562506675720215,0.2845853269100189,0.259164035320282,1.5373619968750845
WRD25,hrnet32,motion_blur_15,121,14,0.2774842381477356,0.3241313099861145,0.3983844518661499,1.5690016377354836
WRD25,hrnet32,motion_blur_15,122,14,0.2571665942668915,0.4628612995147705,0.2799721658229828,1.5324566174284688
WRD25,hrnet32,motion_blur_15,123,14,0.23381876945495605,0.5699036717414856,0.19627755880355835,1.41358378067796
WRD25,hrnet32,motion_blur_15,124,14,0.3087838292121887,0.39090874791145325,0.3003074526786804,1.574389654864588
WRD25,hrnet32,motion_blur_15,125,14,0.5111352801322937,0.035823311656713486,0.45304134488105774,1.1844532236493448
WRD25,hrnet32,motion_blur_15,126,15,0.34411707520484924,0.3404262363910675,0.31545665860176086,1.5839011289357656
WRD25,hrnet32,motion_blur_15,127,15,0.3228398561477661,0.2941320538520813,0.3830280900001526,1.5761606235639096
WRD25,hrnet32,motion_blur_15,128,15,0.4395633935928345,0.17062218487262726,0.38981446623802185,1.4863500286901346
WRD25,hrnet32,motion_blur_15,129,15,0.3285655677318573,0.10379166901111603,0.5676427483558655,1.3305417471958936
WRD25,hrnet32,motion_blur_15,130,15,0.3748149573802948,0.21542036533355713,0.40976467728614807,1.535172840601804
WRD25,hrnet32,motion_blur_15,131,15,0.345682829618454,0.26002636551856995,0.39429083466529846,1.564454862294457
WRD25,hrnet32,motion_blur_15,132,15,0.1710093766450882,0.32619765400886536,0.5027929544448853,1.4616537111523713
WRD25,hrnet32,motion_blur_15,133,15,0.3863559067249298,0.208164781332016,0.405479371547699,1.5294621332615213
WRD25,hrnet32,motion_blur_15,134,15,0.3354075253009796,0.22673805058002472,0.4378543794155121,1.535723888161917
WRD25,hrnet32,motion_blur_15,135,15,0.4686462879180908,0.027750853449106216,0.5036028027534485,1.1543262881698186
WRD25,hrnet32,motion_blur_15,136,15,0.49290964007377625,0.056960079818964005,0.4501302242279053,1.256897052344276
WRD25,hrnet32,motion_blur_15,137,15,0.4674288332462311,0.08159277588129044,0.4509783685207367,1.3259613846739309
WRD25,hrnet32,motion_blur_15,138,15,0.5013155341148376,0.005756890866905451,0.492927610874176,1.0453076608305252
WRD25,hrnet32,motion_blur_15,139,15,0.4616968333721161,0.01185542345046997,0.5264477133750916,1.0779383558469453
WRD25,hrnet32,motion_blur_15,140,15,0.427835077047348,0.04837002977728844,0.523794949054718,1.2240702720210277
WRD25,hrnet32,motion_blur_15,141,16,0.04482380300760269,0.3708573281764984,0.5843189358711243,1.1844605401386579
WRD25,hrnet32,motion_blur_15,142,16,0.04452851414680481,0.3516026437282562,0.6038687229156494,1.169535759330238
WRD25,hrnet32,motion_blur_15,143,16,0.04289804771542549,0.2751205265522003,0.6819815039634705,1.083707660742027
WRD25,hrnet32,motion_blur_15,144,16,0.3620249330997467,0.1366124451160431,0.5013625621795654,1.4223933736215846
WRD25,hrnet32,motion_blur_15,145,16,0.1538885086774826,0.32403671741485596,0.522074818611145,1.4318496492936292
WRD25,hrnet32,motion_blur_15,146,16,0.0803484171628952,0.3119208812713623,0.6077307462692261,1.2531867138102377
WRD25,hrnet32,motion_blur_15,147,16,0.28199303150177,0.3824790120124817,0.3355279564857483,1.5739429931069442
WRD25,hrnet32,motion_blur_15,148,17,0.160011887550354,0.3057449758052826,0.5342430472373962,1.4289191018411553
WRD25,hrnet32,motion_blur_15,149,17,0.5787908434867859,0.24750787019729614,0.17370130121707916,1.3938444244599657
WRD25,hrnet32,motion_blur_15,150,17,0.41192546486854553,0.2225988209247589,0.36547568440437317,1.5402825416835362
WRD25,hrnet32,motion_blur_15,151,17,0.4729544520378113,0.33809614181518555,0.18894930183887482,1.4940683574121654
WRD25,hrnet32,motion_blur_15,152,18,0.10380008071660995,0.38153964281082153,0.5146602988243103,1.3628104511386705
WRD25,hrnet32,motion_blur_15,153,18,0.41835057735443115,0.10017487406730652,0.4814745783805847,1.3661778825554352
WRD25,hrnet32,motion_blur_15,154,18,0.36057013273239136,0.3218366503715515,0.3175932466983795,1.5825649804226514
WRD25,hrnet32,motion_blur_15,155,18,0.48927444219589233,0.14426307380199432,0.366462379693985,1.4382742622939595
WRD25,hrnet32,motion_blur_15,156,18,0.5590741634368896,0.2766381800174713,0.16428764164447784,1.409953044147787
WRD25,hrnet32,motion_blur_15,157,18,0.1417328417301178,0.4908669888973236,0.367400199174881,1.4341694714169704
WRD25,hrnet32,motion_blur_15,158,18,0.07603909820318222,0.3924340307712555,0.5315268039703369,1.296865624828187
WRD25,hrnet32,motion_blur_15,159,18,0.5578162670135498,0.08217090368270874,0.36001285910606384,1.296618846593549
WRD25,hrnet32,motion_blur_15,160,18,0.4452740550041199,0.3306187689304352,0.22410716116428375,1.5312227479307454
WRD25,hrnet32,motion_blur_15,161,18,0.46200889348983765,0.3911299407482147,0.1468612253665924,1.4508155647633245
WRD25,hrnet32,motion_blur_15,162,18,0.03654508665204048,0.6668074727058411,0.29664739966392517,1.0844029451395387
WRD25,hrnet32,motion_blur_15,163,18,0.04492541402578354,0.626637876033783,0.3284367024898529,1.151212272833734
WRD25,hrnet32,motion_blur_15,164,18,0.4560050070285797,0.205284982919693,0.33870992064476013,1.5145542522375506
WRD25,hrnet32,motion_blur_15,165,18,0.10377755761146545,0.5327991843223572,0.3634231984615326,1.3538495983439658
WRD25,hrnet32,motion_blur_15,166,18,0.32725322246551514,0.22739730775356293,0.44534948468208313,1.5329765762737186
WRD25,hrnet32,motion_blur_15,167,18,0.28660839796066284,0.185269296169281,0.5281223058700562,1.4537726823449537
WRD25,hrnet32,motion_blur_15,168,18,0.4692440330982208,0.27881762385368347,0.2519382834434509,1.5270424798108744
WRD25,hrnet32,motion_blur_15,169,18,0.3977590799331665,0.21834442019462585,0.3838966190814972,1.5386111275227727
WRD25,hrnet32,motion_blur_15,170,19,0.18385295569896698,0.2675143778324127,0.5486326813697815,1.4332814939789116
WRD25,hrnet32,motion_blur_15,171,19,0.39529407024383545,0.2967038154602051,0.3080020248889923,1.5726847875077286
WRD25,hrnet32,motion_blur_15,172,19,0.4556461274623871,0.2363458275794983,0.30800795555114746,1.531845021291192
WRD25,hrnet32,motion_blur_15,173,19,0.5615388751029968,0.24382323026657104,0.19463802874088287,1.4235180220675883
WRD25,hrnet32,motion_blur_15,174,20,0.04703637212514877,0.36308684945106506,0.589876651763916,1.1873265076819246
WRD25,hrnet32,motion_blur_15,175,20,0.08862781524658203,0.2571430206298828,0.6542292237281799,1.2141609948852932
WRD25,hrnet32,motion_blur_15,176,20,0.10638078302145004,0.4918076694011688,0.4018115997314453,1.3759720462607201
WRD25,hrnet32,motion_blur_15,177,20,0.06063558906316757,0.2599198520183563,0.6794446110725403,1.1292791500719954
WRD25,hrnet32,motion_blur_15,178,21,0.11218488961458206,0.28731271624565125,0.6005023717880249,1.3128491671930984
WRD25,hrnet32,motion_blur_15,179,21,0.06506741046905518,0.48056599497795105,0.45436662435531616,1.2816434426695071
WRD25,hrnet32,motion_blur_15,180,21,0.31224149465560913,0.41671112179756165,0.271047443151474,1.5610788728627538
WRD25,hrnet32,motion_blur_15,181,21,0.1956826001405716,0.5046309232711792,0.2996864318847656,1.4794381384776036
WRD25,hrnet32,motion_blur_15,182,21,0.08507983386516571,0.6177548766136169,0.29716530442237854,1.2519721669292436
WRD25,hrnet32,motion_blur_15,183,21,0.3796382248401642,0.32429245114326477,0.2960694432258606,1.5772213769807883
WRD25,hrnet32,motion_blur_15,184,21,0.06783265620470047,0.3881368041038513,0.5440305471420288,1.2710551742379306
WRD25,hrnet32,motion_blur_15,185,22,0.19304347038269043,0.3200575113296509,0.4868989586830139,1.489688105995775
WRD25,hrnet32,motion_blur_15,186,22,0.16566486656665802,0.6048144102096558,0.2295207530260086,1.355774518904092
WRD25,hrnet32,motion_blur_15,187,22,0.3970206677913666,0.24505724012851715,0.35792210698127747,1.556831061636959
WRD25,hrnet32,motion_blur_15,188,22,0.0797414630651474,0.655297040939331,0.26496145129203796,1.1982299477140317
WRD25,hrnet32,motion_blur_15,189,22,0.12714256346225739,0.5300628542900085,0.34279465675354004,1.3931980739049346
WRD25,hrnet32,motion_blur_15,190,23,0.14816036820411682,0.4285750091075897,0.4232647716999054,1.4570331329493489
WRD25,hrnet32,motion_blur_15,191,23,0.1559443473815918,0.3567788004875183,0.4872768223285675,1.4539614030471637
WRD25,hrnet32,motion_blur_15,192,23,0.04111732915043831,0.5694559812545776,0.38942664861679077,1.1817474384654454
WRD25,hrnet32,motion_blur_15,193,23,0.6669608950614929,0.20569027960300446,0.12734873592853546,1.2376215893876903
WRD25,hrnet32,motion_blur_15,194,24,0.270956814289093,0.4129003584384918,0.3161427974700928,1.562586855988829
WRD25,hrnet32,motion_blur_15,195,24,0.4705159664154053,0.28224697709083557,0.24723704159259796,1.5253032219437206
WRD25,hrnet32,motion_blur_15,196,24,0.23390896618366241,0.5372812747955322,0.22880975902080536,1.4586640800710398
WRD25,hrnet32,motion_blur_15,197,24,0.3890880346298218,0.29426151514053345,0.31665048003196716,1.5745284592589592
WRD25,hrnet32,motion_blur_15,198,24,0.2180759459733963,0.2698054909706116,0.5121185779571533,1.4834937266863184
WRD25,hrnet32,motion_blur_15,199,24,0.597987711429596,0.042920760810375214,0.3590914011001587,1.1691336150504066
WRD25,hrnet32,zoom_blur_1.2,0,0,0.5643251538276672,0.1819729506969452,0.2537018656730652,1.4151451631432461
WRD25,hrnet32,zoom_blur_1.2,1,0,0.2532092332839966,0.37303462624549866,0.3737560212612152,1.5631154091481798
WRD25,hrnet32,zoom_blur_1.2,2,0,0.30676746368408203,0.3863614797592163,0.30687111616134644,1.5760498113475567
WRD25,hrnet32,zoom_blur_1.2,3,0,0.36010321974754333,0.299436092376709,0.3404606580734253,1.5807670710353545
WRD25,hrnet32,zoom_blur_1.2,4,0,0.3512226939201355,0.30935075879096985,0.33942651748657227,1.58292649975829
WRD25,hrnet32,zoom_blur_1.2,5,0,0.21416446566581726,0.5632532238960266,0.22258231043815613,1.4250543822420825
WRD25,hrnet32,zoom_blur_1.2,6,0,0.4655231535434723,0.11285406351089478,0.4216228127479553,1.3940433361540745
WRD25,hrnet32,zoom_blur_1.2,7,0,0.40437161922454834,0.5297173261642456,0.06591106206178665,1.2723948990625265
WRD25,hrnet32,zoom_blur_1.2,8,0,0.19914263486862183,0.4737294316291809,0.32712796330451965,1.5015995717934225
WRD25,hrnet32,zoom_blur_1.2,9,0,0.43987706303596497,0.2831398546695709,0.2769831120967865,1.5496188327541636
WRD25,hrnet32,zoom_blur_1.2,10,0,0.16865770518779755,0.6179910898208618,0.21335113048553467,1.3376767995750642
WRD25,hrnet32,zoom_blur_1.2,11,0,0.49418169260025024,0.18416151404380798,0.3216567635536194,1.4784180314726052
WRD25,hrnet32,zoom_blur_1.2,12,0,0.3514587879180908,0.24192698299884796,0.40661418437957764,1.5534058509834736
WRD25,hrnet32,zoom_blur_1.2,13,0,0.3960878252983093,0.2609401047229767,0.342972069978714,1.564465543885299
WRD25,hrnet32,zoom_blur_1.2,14,0,0.5495112538337708,0.059611883014440536,0.3908769488334656,1.246894502636782
WRD25,hrnet32,zoom_blur_1.2,15,0,0.5292925238609314,0.026951564475893974,0.4437559247016907,1.1464832722735372
WRD25,hrnet32,zoom_blur_1.2,16,0,0.4413648247718811,0.0880599170923233,0.4705753028392792,1.3412257379516102
WRD25,hrnet32,zoom_blur_1.2,17,0,0.21099448204040527,0.48425358533859253,0.3047519028186798,1.5026674731352236
WRD25,hrnet32,zoom_blur_1.2,18,1,0.5850953459739685,0.4065646529197693,0.00834002997726202,1.0379238651763876
WRD25,hrnet32,zoom_blur_1.2,19,1,0.15081888437271118,0.5809643864631653,0.268216609954834,1.3759916486129664
WRD25,hrnet32,zoom_blur_1.2,20,1,0.37240487337112427,0.4527023732662201,0.17489266395568848,1.488237213817313
WRD25,hrnet32,zoom_blur_1.2,21,1,0.04718717187643051,0.5776630640029907,0.37514981627464294,1.1958519140518382
WRD25,hrnet32,zoom_blur_1.2,22,1,0.03610888868570328,0.45093560218811035,0.5129555463790894,1.1851684037073913
WRD25,hrnet32,zoom_blur_1.2,23,1,0.017499761655926704,0.5450446009635925,0.4374556839466095,1.1011469144496542
WRD25,hrnet32,zoom_blur_1.2,24,1,0.48440515995025635,0.048946067690849304,0.46664875745773315,1.2327177294577252
WRD25,hrnet32,zoom_blur_1.2,25,2,0.33363237977027893,0.4024675190448761,0.26390016078948975,1.5640246469489067
WRD25,hrnet32,zoom_blur_1.2,26,2,0.5360617637634277,0.16104193031787872,0.30289632081985474,1.4283885348783978
WRD25,hrnet32,zoom_blur_1.2,27,2,0.506666898727417,0.1725020408630371,0.3208310008049011,1.4605313012597363
WRD25,hrnet32,zoom_blur_1.2,28,2,0.39227989315986633,0.315492182970047,0.29222792387008667,1.5733326231492022
WRD25,hrnet32,zoom_blur_1.2,29,2,0.39395180344581604,0.44568631052970886,0.16036178171634674,1.472511741348199
WRD25,hrnet32,zoom_blur_1.2,30,2,0.21200260519981384,0.4932525157928467,0.2947448492050171,1.4968267487007587
WRD25,hrnet32,zoom_blur_1.2,31,2,0.0909966304898262,0.5461553335189819,0.36284810304641724,1.3219425557033895
WRD25,hrnet32,zoom_blur_1.2,32,2,0.04562893509864807,0.622930645942688,0.33144038915634155,1.1566430633741103
WRD25,hrnet32,zoom_blur_1.2,33,2,0.5895532965660095,0.23662099242210388,0.17382574081420898,1.3802237430779662
WRD25,hrnet32,zoom_blur_1.2,34,2,0.4943600594997406,0.31204521656036377,0.1935947686433792,1.4853450036658518
WRD25,hrnet32,zoom_blur_1.2,35,2,0.3858364224433899,0.36819902062416077,0.24596457183361053,1.5585570513248779
WRD25,hrnet32,zoom_blur_1.2,36,3,0.493746280670166,0.18431876599788666,0.3219350278377533,1.4788137640076489
WRD25,hrnet32,zoom_blur_1.2,37,3,0.46586769819259644,0.24186214804649353,0.2922701835632324,1.5273314767268715
WRD25,hrnet32,zoom_blur_1.2,38,3,0.33454105257987976,0.42968684434890747,0.23577220737934113,1.5435994185169983
WRD25,hrnet32,zoom_blur_1.2,39,3,0.5024879574775696,0.048562921583652496,0.44894906878471375,1.2295234214991833
WRD25,hrnet32,zoom_blur_1.2,40,3,0.331806480884552,0.4363791048526764,0.23181436955928802,1.5390457834839397
WRD25,hrnet32,zoom_blur_1.2,41,4,0.6221240758895874,0.008035721257328987,0.3698402941226959,1.012638188028787
WRD25,hrnet32,zoom_blur_1.2,42,4,0.6017317175865173,0.2166937291622162,0.18157464265823364,1.3659601954822944
WRD25,hrnet32,zoom_blur_1.2,43,4,0.03294814005494118,0.4967864453792572,0.47026538848876953,1.1754948439727582
WRD25,hrnet32,zoom_blur_1.2,44,4,0.399410605430603,0.42029517889022827,0.18029415607452393,1.5000421129192825
WRD25,hrnet32,zoom_blur_1.2,45,4,0.4176848530769348,0.23200878500938416,0.35030636191368103,1.5452182581738902
WRD25,hrnet32,zoom_blur_1.2,46,5,0.3033513128757477,0.571205735206604,0.1254429817199707,1.3592248782660217
WRD25,hrnet32,zoom_blur_1.2,47,5,0.05477483198046684,0.5422367453575134,0.40298840403556824,1.2367174767693094
WRD25,hrnet32,zoom_blur_1.2,48,5,0.3420759439468384,0.6105619072914124,0.04736212268471718,1.1723919497809125
WRD25,hrnet32,zoom_blur_1.2,49,5,0.10301751643419266,0.5742928981781006,0.3226895332336426,1.3238726473999127
WRD25,hrnet32,zoom_blur_1.2,50,6,0.4282569885253906,0.2949303090572357,0.2768126130104065,1.5564261177588516
WRD25,hrnet32,zoom_blur_1.2,51,6,0.34595203399658203,0.5216585993766785,0.13238926231861115,1.405718668870937
WRD25,hrnet32,zoom_blur_1.2,52,6,0.45040056109428406,0.13984820246696472,0.4097512364387512,1.44260668876939
WRD25,hrnet32,zoom_blur_1.2,53,7,0.570420503616333,0.19924761354923248,0.23033194243907928,1.4135991577699079
WRD25,hrnet32,zoom_blur_1.2,54,7,0.015521349385380745,0.3700544834136963,0.6144241690635681,1.0557573646189624
WRD25,hrnet32,zoom_blur_1.2,55,7,0.08784698694944382,0.5879048705101013,0.3242481052875519,1.2856292756078669
WRD25,hrnet32,zoom_blur_1.2,56,7,0.38564133644104004,0.511138379573822,0.10322033613920212,1.3631909382663023
WRD25,hrnet32,zoom_blur_1.2,57,7,0.586473822593689,0.26480159163475037,0.14872466027736664,1.3680188802864977
WRD25,hrnet32,zoom_blur_1.2,58,7,0.5191890597343445,0.29367682337760925,0.1871340274810791,1.462575837447435
WRD25,hrnet32,zoom_blur_1.2,59,7,0.5520801544189453,0.1407853662967682,0.3071345090866089,1.3944298680798712
WRD25,hrnet32,zoom_blur_1.2,60,7,0.23444969952106476,0.4689578115940094,0.29659244418144226,1.5230023166237079
WRD25,hrnet32,zoom_blur_1.2,61,7,0.46479296684265137,0.2924676537513733,0.24273936450481415,1.5282897539203122
WRD25,hrnet32,zoom_blur_1.2,62,7,0.4479959309101105,0.36918991804122925,0.1828140765428543,1.4978900172881207
WRD25,hrnet32,zoom_blur_1.2,63,7,0.3585585057735443,0.4550647735595703,0.1863766759634018,1.4991765822404841
WRD25,hrnet32,zoom_blur_1.2,64,7,0.436308890581131,0.2897818088531494,0.2739093005657196,1.5516320554172802
WRD25,hrnet32,zoom_blur_1.2,65,7,0.531156599521637,0.17537268996238708,0.29347068071365356,1.44434911378311
WRD25,hrnet32,zoom_blur_1.2,66,7,0.2141643762588501,0.47576335072517395,0.3100722134113312,1.509812628133667
WRD25,hrnet32,zoom_blur_1.2,67,7,0.4005514979362488,0.09770342707633972,0.5017450451850891,1.355765846831067
WRD25,hrnet32,zoom_blur_1.2,68,7,0.5787764191627502,0.11912606656551361,0.3020976185798645,1.3439560128119328
WRD25,hrnet32,zoom_blur_1.2,69,8,0.35591086745262146,0.39721453189849854,0.2468746155500412,1.5577773759454585
WRD25,hrnet32,zoom_blur_1.2,70,8,0.24374812841415405,0.47473061084747314,0.2815212905406952,1.521465053921521
WRD25,hrnet32,zoom_blur_1.2,71,8,0.2392605096101761,0.49406009912490845,0.26667946577072144,1.5047657222549131
WRD25,hrnet32,zoom_blur_1.2,72,8,0.4279600977897644,0.34042054414749146,0.23161934316158295,1.5419944291868675
WRD25,hrnet32,zoom_blur_1.2,73,8,0.33973804116249084,0.4119327962398529,0.24832920730113983,1.5552804718213207
WRD25,hrnet32,zoom_blur_1.2,74,8,0.2639392912387848,0.4865860044956207,0.24947470426559448,1.5126007503902634
WRD25,hrnet32,zoom_blur_1.2,75,8,0.3897808790206909,0.351190447807312,0.2590286433696747,1.5647979651728527
WRD25,hrnet32,zoom_blur_1.2,76,8,0.4743286967277527,0.3541578948497772,0.17151331901550293,1.477023643436736
WRD25,hrnet32,zoom_blur_1.2,77,8,0.42202258110046387,0.39177605509757996,0.18620136380195618,1.5064445535542434
WRD25,hrnet32,zoom_blur_1.2,78,8,0.6101977229118347,0.19345928728580475,0.19634293019771576,1.3544586614445886
WRD25,hrnet32,zoom_blur_1.2,79,8,0.3193107545375824,0.347011536359787,0.3336777985095978,1.584131176231876
WRD25,hrnet32,zoom_blur_1.2,80,8,0.4561924934387207,0.25699010491371155,0.28681737184524536,1.5370823320386435
WRD25,hrnet32,zoom_blur_1.2,81,8,0.22633947432041168,0.2796010971069336,0.49405941367149353,1.5017866621715381
WRD25,hrnet32,zoom_blur_1.2,82,8,0.4317852556705475,0.3637983202934265,0.20441651344299316,1.522061092878583
WRD25,hrnet32,zoom_blur_1.2,83,8,0.3475804328918457,0.2898796498775482,0.3625398874282837,1.5784587438197235
WRD25,hrnet32,zoom_blur_1.2,84,8,0.45538803935050964,0.300271213054657,0.2443407028913498,1.5347110242038524
WRD25,hrnet32,zoom_blur_1.2,85,8,0.43563634157180786,0.376449853181839,0.18791380524635315,1.5060586522990187
WRD25,hrnet32,zoom_blur_1.2,86,9,0.12728974223136902,0.3777391016483307,0.49497121572494507,1.4112742755453263
WRD25,hrnet32,zoom_blur_1.2,87,9,0.26334384083747864,0.38238057494163513,0.35427558422088623,1.5676329645515716
WRD25,hrnet32,zoom_blur_1.2,88,9,0.3769358694553375,0.25884702801704407,0.3642171025276184,1.5659970532956586
WRD25,hrnet32,zoom_blur_1.2,89,9,0.31226062774658203,0.17321020364761353,0.5145291686058044,1.4557259761887575
WRD25,hrnet32,zoom_blur_1.2,90,9,0.3485840857028961,0.49768704175949097,0.15372885763645172,1.4463155760194453
WRD25,hrnet32,zoom_blur_1.2,91,9,0.09778346866369247,0.35567405819892883,0.5465424060821533,1.3347976125677365
WRD25,hrnet32,zoom_blur_1.2,92,9,0.3027384579181671,0.2691269814968109,0.42813459038734436,1.555485829038667
WRD25,hrnet32,zoom_blur_1.2,93,9,0.19288934767246246,0.559349000453949,0.24776163697242737,1.4255219810395783
WRD25,hrnet32,zoom_blur_1.2,94,9,0.35716620087623596,0.43484067916870117,0.20799307525157928,1.5241320549457242
WRD25,hrnet32,zoom_blur_1.2,95,9,0.2837531268596649,0.4642937183380127,0.2519530951976776,1.5306619572011217
WRD25,hrnet32,zoom_blur_1.2,96,9,0.3488202691078186,0.1318526417016983,0.5193272233009338,1.4063302720599735
WRD25,hrnet32,zoom_blur_1.2,97,10,0.24432238936424255,0.6236749887466431,0.13200265169143677,1.3071755900002207
WRD25,hrnet32,zoom_blur_1.2,98,10,0.7046045064926147,0.17112639546394348,0.1242690458893776,1.1656004174425885
WRD25,hrnet32,zoom_blur_1.2,99,10,0.24494880437850952,0.34546133875846863,0.40958982706069946,1.5542911336394363
WRD25,hrnet32,zoom_blur_1.2,100,10,0.5167206525802612,0.28962594270706177,0.1936533898115158,1.4686326436182253
WRD25,hrnet32,zoom_blur_1.2,101,10,0.2604537308216095,0.4489395022392273,0.2906067669391632,1.542333892183768
WRD25,hrnet32,zoom_blur_1.2,102,10,0.5449235439300537,0.20481915771961212,0.250257283449173,1.4459673881529702
WRD25,hrnet32,zoom_blur_1.2,103,10,0.7291519641876221,0.1093413382768631,0.16150663793087006,1.1062339265091634
WRD25,hrnet32,zoom_blur_1.2,104,10,0.33877265453338623,0.43314772844314575,0.2280796617269516,1.5382250143427203
WRD25,hrnet32,zoom_blur_1.2,105,10,0.41768088936805725,0.25009962916374207,0.3322194218635559,1.5542955144062585
WRD25,hrnet32,zoom_blur_1.2,106,10,0.5798707008361816,0.1757802963256836,0.24434906244277954,1.3935345659542353
WRD25,hrnet32,zoom_blur_1.2,107,11,0.36624911427497864,0.30860212445259094,0.3251487612724304,1.581187679459773
WRD25,hrnet32,zoom_blur_1.2,108,11,0.5149875283241272,0.33880549669265747,0.14620685577392578,1.4276448141173976
WRD25,hrnet32,zoom_blur_1.2,109,11,0.28498920798301697,0.28365206718444824,0.43135881423950195,1.5550010736083868
WRD25,hrnet32,zoom_blur_1.2,110,11,0.36301329731941223,0.38704919815063477,0.249937504529953,1.5606858495506701
WRD25,hrnet32,zoom_blur_1.2,111,11,0.43526673316955566,0.37415313720703125,0.19058018922805786,1.508771740058747
WRD25,hrnet32,zoom_blur_1.2,112,11,0.44205960631370544,0.28478875756263733,0.2731516361236572,1.5480569882001702
WRD25,hrnet32,zoom_blur_1.2,113,11,0.25066688656806946,0.35343968868255615,0.39589348435401917,1.559930567572414
WRD25,hrnet32,zoom_blur_1.2,114,12,0.9006784558296204,0.004414060618728399,0.09490739554166794,0.4928931234231089
WRD25,hrnet32,zoom_blur_1.2,115,13,0.37260082364082336,0.58219313621521,0.04520614072680473,1.1870065748539673
WRD25,hrnet32,zoom_blur_1.2,116,13,0.6876322031021118,0.29510772228240967,0.017260117456316948,0.9921960506715282
WRD25,hrnet32,zoom_blur_1.2,117,13,0.5317861437797546,0.0748341828584671,0.393379807472229,1.2938837426104686
WRD25,hrnet32,zoom_blur_1.2,118,13,0.42744511365890503,0.041335660964250565,0.5312191843986511,1.1989282446523286
WRD25,hrnet32,zoom_blur_1.2,119,13,0.3800852298736572,0.5937056541442871,0.02620912715792656,1.1147197321774076
WRD25,hrnet32,zoom_blur_1.2,120,13,0.37475425004959106,0.2471676468849182,0.37807801365852356,1.5595797908761455
WRD25,hrnet32,zoom_blur_1.2,121,14,0.26984068751335144,0.6344332098960876,0.09572602808475494,1.2504576008746828
WRD25,hrnet32,zoom_blur_1.2,122,14,0.37736719846725464,0.5703108310699463,0.05232206732034683,1.2153226584369747
WRD25,hrnet32,zoom_blur_1.2,123,14,0.12279592454433441,0.5373820662498474,0.339821994304657,1.3821763535647633
WRD25,hrnet32,zoom_blur_1.2,124,14,0.4571928083896637,0.4762856364250183,0.06652160733938217,1.2860034657897044
WRD25,hrnet32,zoom_blur_1.2,125,14,0.4036385715007782,0.3198676109313965,0.2764938473701477,1.567123128847949
WRD25,hrnet32,zoom_blur_1.2,126,15,0.3561674654483795,0.3805833160877228,0.26324930787086487,1.5677770479523785
WRD25,hrnet32,zoom_blur_1.2,127,15,0.23120124638080597,0.4850543141365051,0.2837444543838501,1.5104269629151266
WRD25,hrnet32,zoom_blur_1.2,128,15,0.17154338955879211,0.4265342652797699,0.4019223749637604,1.4891523484379228
WRD25,hrnet32,zoom_blur_1.2,129,15,0.38751235604286194,0.2267339527606964,0.38575369119644165,1.5455374181995638
WRD25,hrnet32,zoom_blur_1.2,130,15,0.15053801238536835,0.5695894956588745,0.2798725366592407,1.3879197362984004
WRD25,hrnet32,zoom_blur_1.2,131,15,0.2828485667705536,0.3432072103023529,0.37394413352012634,1.5755040724556877
WRD25,hrnet32,zoom_blur_1.2,132,15,0.228429913520813,0.335806667804718,0.4357634484767914,1.5374670029042914
WRD25,hrnet32,zoom_blur_1.2,133,15,0.36563944816589355,0.38217297196388245,0.2521875500679016,1.5622756840206022
WRD25,hrnet32,zoom_blur_1.2,134,15,0.24685071408748627,0.3133188486099243,0.439830482006073,1.543995352220584
WRD25,hrnet32,zoom_blur_1.2,135,15,0.5098685622215271,0.10658543556928635,0.38354599475860596,1.3700171113509887
WRD25,hrnet32,zoom_blur_1.2,136,15,0.5055896639823914,0.08106479048728943,0.4133456349372864,1.3181645274588814
WRD25,hrnet32,zoom_blur_1.2,137,15,0.3578373193740845,0.08894162625074387,0.5532210469245911,1.3135239030369499
WRD25,hrnet32,zoom_blur_1.2,138,15,0.37893345952033997,0.09184512495994568,0.5292213559150696,1.332730468622529
WRD25,hrnet32,zoom_blur_1.2,139,15,0.5640127658843994,0.041148893535137177,0.3948383033275604,1.184742301159807
WRD25,hrnet32,zoom_blur_1.2,140,15,0.01656454987823963,0.490442156791687,0.4929932951927185,1.1051210966920435
WRD25,hrnet32,zoom_blur_1.2,141,16,0.02505004219710827,0.3374127745628357,0.6375371217727661,1.0761361293847025
WRD25,hrnet32,zoom_blur_1.2,142,16,0.005857743788510561,0.4777385890483856,0.5164036154747009,1.0449211075641167
WRD25,hrnet32,zoom_blur_1.2,143,16,0.05365944653749466,0.3963221311569214,0.5500184893608093,1.2299974354712415
WRD25,hrnet32,zoom_blur_1.2,144,16,0.37587976455688477,0.0820559486746788,0.5420643091201782,1.305503767597565
WRD25,hrnet32,zoom_blur_1.2,145,16,0.12775777280330658,0.42012590169906616,0.4521164000034332,1.4226523162317397
WRD25,hrnet32,zoom_blur_1.2,146,16,0.13268142938613892,0.4909818172454834,0.3763367831707001,1.4211015143128878
WRD25,hrnet32,zoom_blur_1.2,147,16,0.3971926271915436,0.404136061668396,0.19867132604122162,1.5205480457894405
WRD25,hrnet32,zoom_blur_1.2,148,17,0.050247691571712494,0.23470981419086456,0.7150424122810364,1.0536070977166785
WRD25,hrnet32,zoom_blur_1.2,149,17,0.6048545837402344,0.28994131088256836,0.10520412027835846,1.2983892418574388
WRD25,hrnet32,zoom_blur_1.2,150,17,0.18860726058483124,0.4545894265174866,0.3568033277988434,1.5014199320572703
WRD25,hrnet32,zoom_blur_1.2,151,17,0.4748055636882782,0.3515579104423523,0.1736365258693695,1.4790106458753112
WRD25,hrnet32,zoom_blur_1.2,152,18,0.2746589183807373,0.4801279306411743,0.24521315097808838,1.5175286089544227
WRD25,hrnet32,zoom_blur_1.2,153,18,0.4684617817401886,0.14118926227092743,0.39034903049468994,1.4410235950340788
WRD25,hrnet32,zoom_blur_1.2,154,18,0.4561399221420288,0.44246259331703186,0.10139745473861694,1.3718622096052482
WRD25,hrnet32,zoom_blur_1.2,155,18,0.4323726296424866,0.3790818750858307,0.18854546546936035,1.5073469225975784
WRD25,hrnet32,zoom_blur_1.2,156,18,0.471293181180954,0.39085811376571655,0.13784876465797424,1.4353072427137656
WRD25,hrnet32,zoom_blur_1.2,157,18,0.17582792043685913,0.5190594792366028,0.3051126301288605,1.4545115107954791
WRD25,hrnet32,zoom_blur_1.2,158,18,0.07773859053850174,0.49805670976638794,0.42420464754104614,1.3121513133281575
WRD25,hrnet32,zoom_blur_1.2,159,18,0.6180545687675476,0.0767197236418724,0.305225670337677,1.2358015449720032
WRD25,hrnet32,zoom_blur_1.2,160,18,0.47033241391181946,0.2482323795557022,0.2814352214336395,1.5256241099653223
WRD25,hrnet32,zoom_blur_1.2,161,18,0.3590872883796692,0.3124704360961914,0.32844239473342896,1.5825485310210565
WRD25,hrnet32,zoom_blur_1.2,162,18,0.2792794108390808,0.40859588980674744,0.312124639749527,1.5658448780836147
WRD25,hrnet32,zoom_blur_1.2,163,18,0.035280078649520874,0.7063515782356262,0.2583684027194977,1.028955129518435
WRD25,hrnet32,zoom_blur_1.2,164,18,0.3483954668045044,0.34949636459350586,0.3021082580089569,1.5817432541798633
WRD25,hrnet32,zoom_blur_1.2,165,18,0.12172083556652069,0.6521923542022705,0.22608685493469238,1.2569603176622182
WRD25,hrnet32,zoom_blur_1.2,166,18,0.17106100916862488,0.6617943048477173,0.16714461147785187,1.2612642033860704
WRD25,hrnet32,zoom_blur_1.2,167,18,0.48984798789024353,0.043660685420036316,0.4664912521839142,1.2147593991809749
WRD25,hrnet32,zoom_blur_1.2,168,18,0.322797030210495,0.41757360100746155,0.25962939858436584,1.5577813524472672
WRD25,hrnet32,zoom_blur_1.2,169,18,0.2181950956583023,0.46971559524536133,0.31208935379981995,1.5155804063287712
WRD25,hrnet32,zoom_blur_1.2,170,19,0.5741267800331116,0.12642879784107208,0.29944440722465515,1.357760991084509
WRD25,hrnet32,zoom_blur_1.2,171,19,0.3959931433200836,0.1959923803806305,0.4080144166946411,1.5177180521477434
WRD25,hrnet32,zoom_blur_1.2,172,19,0.59425950050354,0.11059736460447311,0.295143187046051,1.317119106118937
WRD25,hrnet32,zoom_blur_1.2,173,19,0.550631582736969,0.33129066228866577,0.11807779222726822,1.3659655211451769
WRD25,hrnet32,zoom_blur_1.2,174,20,0.12960512936115265,0.2862723767757416,0.5841225981712341,1.3517192628253765
WRD25,hrnet32,zoom_blur_1.2,175,20,0.10543817281723022,0.5514386296272278,0.34312307834625244,1.3452466838286576
WRD25,hrnet32,zoom_blur_1.2,176,20,0.37574175000190735,0.3553837239742279,0.2688744366168976,1.570561497646346
WRD25,hrnet32,zoom_blur_1.2,177,20,0.24950635433197021,0.2883599102497101,0.4621337950229645,1.531698717999185
WRD25,hrnet32,zoom_blur_1.2,178,21,0.28721883893013,0.025756575167179108,0.6870245337486267,1.0249662813246831
WRD25,hrnet32,zoom_blur_1.2,179,21,0.6882880926132202,0.05403204262256622,0.25767987966537476,1.1025178389425516
WRD25,hrnet32,zoom_blur_1.2,180,21,0.5692654252052307,0.1893536001443863,0.24138103425502777,1.4123025364307373
WRD25,hrnet32,zoom_blur_1.2,181,21,0.6108087301254272,0.11614076793193817,0.2730504870414734,1.3065092764457291
WRD25,hrnet32,zoom_blur_1.2,182,21,0.07327371835708618,0.5476312041282654,0.3790949881076813,1.2825166927314013
WRD25,hrnet32,zoom_blur_1.2,183,21,0.31265637278556824,0.43357381224632263,0.25376981496810913,1.5492328281097838
WRD25,hrnet32,zoom_blur_1.2,184,21,0.06732997298240662,0.5763501524925232,0.35631996393203735,1.2507505129165701
WRD25,hrnet32,zoom_blur_1.2,185,22,0.023287303745746613,0.5083451867103577,0.46836739778518677,1.135051849685074
WRD25,hrnet32,zoom_blur_1.2,186,22,0.44424551725387573,0.03799688443541527,0.5177575945854187,1.1909783814180481
WRD25,hrnet32,zoom_blur_1.2,187,22,0.5093473792076111,0.125998392701149,0.36465421319007874,1.4030031396967286
WRD25,hrnet32,zoom_blur_1.2,188,22,0.09133421629667282,0.6542258262634277,0.25443992018699646,1.2182449463945577
WRD25,hrnet32,zoom_blur_1.2,189,22,0.10825543850660324,0.5862146615982056,0.30552995204925537,1.3215498240722803
WRD25,hrnet32,zoom_blur_1.2,190,23,0.048711203038692474,0.44875749945640564,0.5025312304496765,1.2299917807719702
WRD25,hrnet32,zoom_blur_1.2,191,23,0.22391851246356964,0.11217621713876724,0.6639053225517273,1.2298113073589436
WRD25,hrnet32,zoom_blur_1.2,192,23,0.5304409861564636,0.09293121099472046,0.3766278624534607,1.334341997197666
WRD25,hrnet32,zoom_blur_1.2,193,23,0.5172102451324463,0.20509082078933716,0.27769890427589417,1.4740280518788171
WRD25,hrnet32,zoom_blur_1.2,194,24,0.23679669201374054,0.20393449068069458,0.5592687726020813,1.4288024004917728
WRD25,hrnet32,zoom_blur_1.2,195,24,0.30155622959136963,0.4788607060909271,0.21958307921886444,1.5105096905141226
WRD25,hrnet32,zoom_blur_1.2,196,24,0.14585168659687042,0.6497464179992676,0.20440199971199036,1.2774545240961046
WRD25,hrnet32,zoom_blur_1.2,197,24,0.3426513671875,0.27044761180877686,0.3869010806083679,1.5697213744962148
WRD25,hrnet32,zoom_blur_1.2,198,24,0.3766143321990967,0.13806137442588806,0.48532429337501526,1.43116111726165
WRD25,hrnet32,zoom_blur_1.2,199,24,0.5668162107467651,0.04203265532851219,0.39115110039711,1.1861346077503758
WRD25,hrnet32,contrast_0.5,0,0,0.28188034892082214,0.4685556888580322,0.24956397712230682,1.5271711152826106
WRD25,hrnet32,contrast_0.5,1,0,0.3250471353530884,0.32716724276542664,0.3477856516838074,1.5842842700195536
WRD25,hrnet32,contrast_0.5,2,0,0.3216811716556549,0.24200943112373352,0.43630945682525635,1.543803970585705
WRD25,hrnet32,contrast_0.5,3,0,0.4559445381164551,0.19813542068004608,0.34591999650001526,1.5091235134503223
WRD25,hrnet32,contrast_0.5,4,0,0.37271779775619507,0.30306217074394226,0.32422009110450745,1.579503378257777
WRD25,hrnet32,contrast_0.5,5,0,0.4379303455352783,0.17174582183361053,0.3903239369392395,1.487962168796932
WRD25,hrnet32,contrast_0.5,6,0,0.5179792046546936,0.05704190582036972,0.4249788522720337,1.2519196476113854
WRD25,hrnet32,contrast_0.5,7,0,0.5024508833885193,0.002127893501892686,0.49542126059532166,1.0197909618444272
WRD25,hrnet32,contrast_0.5,8,0,0.4652301073074341,0.12537464499473572,0.409395307302475,1.4166676927909623
WRD25,hrnet32,contrast_0.5,9,0,0.4457038342952728,0.10968027263879776,0.4446159601211548,1.3892695637213683
WRD25,hrnet32,contrast_0.5,10,0,0.4947660565376282,0.38652318716049194,0.1187107190489769,1.397318373366859
WRD25,hrnet32,contrast_0.5,11,0,0.4022257924079895,0.1510227471590042,0.44675150513648987,1.4596857957491223
WRD25,hrnet32,contrast_0.5,12,0,0.44833382964134216,0.10128025710582733,0.4503859579563141,1.3717571781643803
WRD25,hrnet32,contrast_0.5,13,0,0.4908909499645233,0.12377338111400604,0.38533562421798706,1.407142736263171
WRD25,hrnet32,contrast_0.5,14,0,0.5002922415733337,0.0414804108440876,0.45822733640670776,1.2062266590724007
WRD25,hrnet32,contrast_0.5,15,0,0.5311712026596069,0.002961686346679926,0.46586716175079346,1.0230934560171585
WRD25,hrnet32,contrast_0.5,16,0,0.0,0.47078147530555725,0.5292184948921204,0.9975352802953432
WRD25,hrnet32,contrast_0.5,17,0,0.5647056698799133,0.4154394268989563,0.019854925572872162,1.1043088202329472
WRD25,hrnet32,contrast_0.5,18,1,0.0,0.33811718225479126,0.6618828177452087,0.923005575285059
WRD25,hrnet32,contrast_0.5,19,1,0.11952431499958038,0.746491014957428,0.13398464024066925,1.0697061286093827
WRD25,hrnet32,contrast_0.5,20,1,0.35172802209854126,0.6173489689826965,0.030923090875148773,1.1148805655581702
WRD25,hrnet32,contrast_0.5,21,1,0.02974274940788746,0.5900768637657166,0.38018032908439636,1.130342693888971
WRD25,hrnet32,contrast_0.5,22,1,0.06149281561374664,0.3156763017177582,0.622830867767334,1.1979825084398652
WRD25,hrnet32,contrast_0.5,23,1,0.021743768826127052,0.5417500138282776,0.4365062415599823,1.1211954268131636
WRD25,hrnet32,contrast_0.5,24,1,0.034354738891124725,0.4570091664791107,0.5086360573768616,1.1794344219969437
WRD25,hrnet32,contrast_0.5,25,2,0.45856204628944397,0.3185303807258606,0.22290758788585663,1.524231623353214
WRD25,hrnet32,contrast_0.5,26,2,0.6456975936889648,0.2660084664821625,0.08829392492771149,1.2248423583742494
WRD25,hrnet32,contrast_0.5,27,2,0.3813852071762085,0.5806294679641724,0.03798528388142586,1.16500849527381
WRD25,hrnet32,contrast_0.5,28,2,0.33602920174598694,0.41338473558425903,0.25058606266975403,1.5558495810776773
WRD25,hrnet32,contrast_0.5,29,2,0.35635438561439514,0.5413784980773926,0.1022670790553093,1.3461682541870146
WRD25,hrnet32,contrast_0.5,30,2,0.3988996744155884,0.44693905115127563,0.1541612446308136,1.4640261710247904
WRD25,hrnet32,contrast_0.5,31,2,0.06708556413650513,0.4587417542934418,0.4741726815700531,1.287682509493313
WRD25,hrnet32,contrast_0.5,32,2,0.6558824777603149,0.271081805229187,0.07303569465875626,1.1853279595210464
WRD25,hrnet32,contrast_0.5,33,2,0.5339463949203491,0.279414564371109,0.1866389811038971,1.449314388014812
WRD25,hrnet32,contrast_0.5,34,2,0.5231760144233704,0.42254412174224854,0.0542798675596714,1.2422878603446899
WRD25,hrnet32,contrast_0.5,35,2,0.540012776851654,0.27524495124816895,0.18474222719669342,1.442433848677452
WRD25,hrnet32,contrast_0.5,36,3,0.037150658667087555,0.5135653614997864,0.44928401708602905,1.1888233071039696
WRD25,hrnet32,contrast_0.5,37,3,0.455545574426651,0.4204941391944885,0.12396033108234406,1.4156663116713866
WRD25,hrnet32,contrast_0.5,38,3,0.4365463852882385,0.553794801235199,0.009658724069595337,1.0588266503260209
WRD25,hrnet32,contrast_0.5,39,3,0.48741042613983154,0.4552428722381592,0.05734666436910629,1.2586822186238948
WRD25,hrnet32,contrast_0.5,40,3,0.3041796088218689,0.5882382988929749,0.10758213698863983,1.318627149554262
WRD25,hrnet32,contrast_0.5,41,4,0.5313345193862915,0.449402779340744,0.019262686371803284,1.1130746672258987
WRD25,hrnet32,contrast_0.5,42,4,0.6147066950798035,0.3099936544895172,0.07529974728822708,1.236294750913811
WRD25,hrnet32,contrast_0.5,43,4,0.013706151396036148,0.3507364094257355,0.6355574727058411,1.0305747864052321
WRD25,hrnet32,contrast_0.5,44,4,0.7089896202087402,0.029688965529203415,0.26132142543792725,1.0083596654218259
WRD25,hrnet32,contrast_0.5,45,4,0.5919371247291565,0.0564224049448967,0.35164037346839905,1.2120209039093375
WRD25,hrnet32,contrast_0.5,46,5,0.5973538160324097,0.39348942041397095,0.009156838059425354,1.0355194412374167
WRD25,hrnet32,contrast_0.5,47,5,0.002724700141698122,0.5236555933952332,0.4736196994781494,1.0226027894957515
WRD25,hrnet32,contrast_0.5,48,5,0.0,0.4665014445781708,0.5334985256195068,0.9967597296985087
WRD25,hrnet32,contrast_0.5,49,5,0.010876386426389217,0.22436915338039398,0.7647545337677002,0.8506024313096514
WRD25,hrnet32,contrast_0.5,50,6,0.4489035904407501,0.3342815339565277,0.21681487560272217,1.5253494478946998
WRD25,hrnet32,contrast_0.5,51,6,0.0019368311623111367,0.1702854186296463,0.8277777433395386,0.678081550478348
WRD25,hrnet32,contrast_0.5,52,6,0.031431782990694046,0.35850927233695984,0.6100589632987976,1.122419583906288
WRD25,hrnet32,contrast_0.5,53,7,0.44453075528144836,0.38237568736076355,0.17309358716011047,1.4882660414772175
WRD25,hrnet32,contrast_0.5,54,7,0.3290809392929077,0.008186660706996918,0.6627324819564819,0.9777633937075249
WRD25,hrnet32,contrast_0.5,55,7,0.008583561517298222,0.6660436987876892,0.3253727853298187,0.9764783579965759
WRD25,hrnet32,contrast_0.5,56,7,0.018343040719628334,0.5911421775817871,0.3905148208141327,1.0839030826355718
WRD25,hrnet32,contrast_0.5,57,7,0.46482712030410767,0.46303805708885193,0.07213489711284637,1.3017032329476461
WRD25,hrnet32,contrast_0.5,58,7,0.39022883772850037,0.5329536199569702,0.07681751996278763,1.298066696319843
WRD25,hrnet32,contrast_0.5,59,7,0.4637186527252197,0.40202027559280396,0.1342611312866211,1.4315739762158712
WRD25,hrnet32,contrast_0.5,60,7,0.3790028393268585,0.384929895401001,0.23606723546981812,1.5523384294254283
WRD25,hrnet32,contrast_0.5,61,7,0.6321089267730713,0.23493707180023193,0.13295401632785797,1.296267549479864
WRD25,hrnet32,contrast_0.5,62,7,0.4746585786342621,0.3819447457790375,0.1433967798948288,1.4424164160504314
WRD25,hrnet32,contrast_0.5,63,7,0.4120868146419525,0.44891679286956787,0.1389964371919632,1.4414713014080256
WRD25,hrnet32,contrast_0.5,64,7,0.41178905963897705,0.07887683063745499,0.5093340277671814,1.311867033106925
WRD25,hrnet32,contrast_0.5,65,7,0.6485366821289062,0.11134573817253113,0.24011753499507904,1.251992400185955
WRD25,hrnet32,contrast_0.5,66,7,0.5094184279441833,0.07056591659784317,0.4200155436992645,1.2912531134063572
WRD25,hrnet32,contrast_0.5,67,7,0.5251830220222473,0.03255411610007286,0.4422628879547119,1.1693560675548302
WRD25,hrnet32,contrast_0.5,68,7,0.6929681897163391,0.23834803700447083,0.0686836913228035,1.1251709056961698
WRD25,hrnet32,contrast_0.5,69,8,0.21537119150161743,0.48769983649253845,0.29692894220352173,1.5024576722029437
WRD25,hrnet32,contrast_0.5,70,8,0.24308478832244873,0.4702898859977722,0.28662532567977905,1.5245771615939359
WRD25,hrnet32,contrast_0.5,71,8,0.5261337161064148,0.2168850302696228,0.2569813132286072,1.4694445003619134
WRD25,hrnet32,contrast_0.5,72,8,0.21024467051029205,0.3453206419944763,0.4444347023963928,1.5227090952252433
WRD25,hrnet32,contrast_0.5,73,8,0.16691188514232635,0.44848135113716125,0.38460680842399597,1.48014340512396
WRD25,hrnet32,contrast_0.5,74,8,0.31489118933677673,0.42208775877952576,0.2630210816860199,1.5569626314970213
WRD25,hrnet32,contrast_0.5,75,8,0.6087711453437805,0.19176308810710907,0.1994658261537552,1.3567075049223507
WRD25,hrnet32,contrast_0.5,76,8,0.158456489443779,0.6846656203269958,0.15687796473503113,1.2145642077751158
WRD25,hrnet32,contrast_0.5,77,8,0.5885980129241943,0.20516911149024963,0.20623284578323364,1.388630756763014
WRD25,hrnet32,contrast_0.5,78,8,0.6693746447563171,0.14310726523399353,0.18751809000968933,1.2418731946076402
WRD25,hrnet32,contrast_0.5,79,8,0.48788782954216003,0.37516433000564575,0.13694795966148376,1.4285909615815386
WRD25,hrnet32,contrast_0.5,80,8,0.20666785538196564,0.5099350810050964,0.2833971679210663,1.4810784991602204
WRD25,hrnet32,contrast_0.5,81,8,0.3560056686401367,0.38316431641578674,0.26082998514175415,1.566446299416349
WRD25,hrnet32,contrast_0.5,82,8,0.36801382899284363,0.4061674475669861,0.22581878304481506,1.5434752912552823
WRD25,hrnet32,contrast_0.5,83,8,0.4227890372276306,0.24923552572727203,0.3279753625392914,1.5521681926798006
WRD25,hrnet32,contrast_0.5,84,8,0.5884395837783813,0.21197888255119324,0.19958153367042542,1.3886035647092634
WRD25,hrnet32,contrast_0.5,85,8,0.5880656242370605,0.16547437012195587,0.2464599460363388,1.3778791845433935
WRD25,hrnet32,contrast_0.5,86,9,0.3973621428012848,0.1272711157798767,0.4753667116165161,1.4175993276243273
WRD25,hrnet32,contrast_0.5,87,9,0.03819594159722328,0.4952002465724945,0.46660393476486206,1.1951492531090233
WRD25,hrnet32,contrast_0.5,88,9,0.34992682933807373,0.0955604836344719,0.5545126795768738,1.3255291141964132
WRD25,hrnet32,contrast_0.5,89,9,0.3310014009475708,0.10116754472255707,0.5678309798240662,1.3259693657701335
WRD25,hrnet32,contrast_0.5,90,9,0.27880197763442993,0.5385530591011047,0.18264494836330414,1.4425936460114017
WRD25,hrnet32,contrast_0.5,91,9,0.41198477149009705,0.09298986941576004,0.4950252175331116,1.3478899406739142
WRD25,hrnet32,contrast_0.5,92,9,0.4199192225933075,0.048236772418022156,0.5318440198898315,1.2211059495477923
WRD25,hrnet32,contrast_0.5,93,9,0.26944103837013245,0.5050668716430664,0.22549206018447876,1.4920402115261462
WRD25,hrnet32,contrast_0.5,94,9,0.03617472946643829,0.4127661883831024,0.5510589480400085,1.1739320530790611
WRD25,hrnet32,contrast_0.5,95,9,0.3561241030693054,0.3359397053718567,0.3079361915588379,1.5824158639923054
WRD25,hrnet32,contrast_0.5,96,9,0.2885954976081848,0.16248464584350586,0.5489198565483093,1.4183888836624412
WRD25,hrnet32,contrast_0.5,97,10,0.45168954133987427,0.4208913743495941,0.127419114112854,1.4221139560808327
WRD25,hrnet32,contrast_0.5,98,10,0.7972757816314697,0.1360660195350647,0.06665823608636856,0.9125740804715341
WRD25,hrnet32,contrast_0.5,99,10,0.36025625467300415,0.5019860863685608,0.1377575844526291,1.4236968218077821
WRD25,hrnet32,contrast_0.5,100,10,0.6669265031814575,0.3069462478160858,0.02612721174955368,1.0501554610504003
WRD25,hrnet32,contrast_0.5,101,10,0.5269827842712402,0.3685053884983063,0.10451187938451767,1.3582869514734695
WRD25,hrnet32,contrast_0.5,102,10,0.5225341320037842,0.35793888568878174,0.11952703446149826,1.3861462443478911
WRD25,hrnet32,contrast_0.5,103,10,0.38578057289123535,0.39209094643592834,0.22212836146354675,1.541869562322497
WRD25,hrnet32,contrast_0.5,104,10,0.2361093908548355,0.5073126554489136,0.25657790899276733,1.4919194396625777
WRD25,hrnet32,contrast_0.5,105,10,0.43950459361076355,0.5005319714546204,0.05996346473693848,1.264476475473911
WRD25,hrnet32,contrast_0.5,106,10,0.5034961700439453,0.43775859475135803,0.05874538794159889,1.2603843967691437
WRD25,hrnet32,contrast_0.5,107,11,0.3670371472835541,0.23427337408065796,0.39868947863578796,1.5501692441448232
WRD25,hrnet32,contrast_0.5,108,11,0.38333845138549805,0.4733448624610901,0.14331667125225067,1.4427087637311748
WRD25,hrnet32,contrast_0.5,109,11,0.36925429105758667,0.42131507396698,0.20943066477775574,1.5284875948371486
WRD25,hrnet32,contrast_0.5,110,11,0.4483257532119751,0.29620400071144104,0.25547030568122864,1.5417843181739133
WRD25,hrnet32,contrast_0.5,111,11,0.4723011255264282,0.4326484799385071,0.09505034238100052,1.356802176327831
WRD25,hrnet32,contrast_0.5,112,11,0.32592135667800903,0.52789306640625,0.14618562161922455,1.419233742759653
WRD25,hrnet32,contrast_0.5,113,11,0.213089257478714,0.22521638870239258,0.561694324016571,1.4270532041895025
WRD25,hrnet32,contrast_0.5,114,12,0.5378429889678955,0.4224584996700287,0.03969842940568924,1.19118443214994
WRD25,hrnet32,contrast_0.5,115,13,0.5247893929481506,0.454868346452713,0.020342327654361725,1.1194130644076266
WRD25,hrnet32,contrast_0.5,116,13,0.6511138081550598,0.3245096802711487,0.024376558139920235,1.0605653594838775
WRD25,hrnet32,contrast_0.5,117,13,0.046533726155757904,0.43448758125305176,0.5189787149429321,1.21954421160143
WRD25,hrnet32,contrast_0.5,118,13,0.010319149121642113,0.3963598608970642,0.5933210253715515,1.0441172042916096
WRD25,hrnet32,contrast_0.5,119,13,0.43490156531333923,0.0198952779173851,0.5452031493186951,1.1119834977476437
WRD25,hrnet32,contrast_0.5,120,13,0.5315584540367126,0.19154851138591766,0.2768929898738861,1.454287002884465
WRD25,hrnet32,contrast_0.5,121,14,0.25284379720687866,0.004189679864794016,0.7429664731025696,0.8531140854047321
WRD25,hrnet32,contrast_0.5,122,14,0.42513781785964966,0.5434414148330688,0.03142069652676582,1.159597233039851
WRD25,hrnet32,contrast_0.5,123,14,0.41217532753944397,0.5614878535270691,0.026336712762713432,1.1327550658395753
WRD25,hrnet32,contrast_0.5,124,14,0.33141157031059265,0.6328405141830444,0.03574783727526665,1.1175727570808935
WRD25,hrnet32,contrast_0.5,125,14,0.55965256690979,0.04653586447238922,0.39381155371665955,1.2040454196766466
WRD25,hrnet32,contrast_0.5,126,15,0.26891741156578064,0.389841765165329,0.3412408232688904,1.5686571672564735
WRD25,hrnet32,contrast_0.5,127,15,0.28716591000556946,0.34244316816329956,0.3703908920288086,1.5770755571599322
WRD25,hrnet32,contrast_0.5,128,15,0.3707922697067261,0.29503634572029114,0.3341713845729828,1.5787292447516514
WRD25,hrnet32,contrast_0.5,129,15,0.3678463399410248,0.22084924578666687,0.41130441427230835,1.5391165249048444
WRD25,hrnet32,contrast_0.5,130,15,0.4147425889968872,0.14121666550636292,0.44404080510139465,1.445478469430508
WRD25,hrnet32,contrast_0.5,131,15,0.3316856324672699,0.26414090394973755,0.40417349338531494,1.5636308457058457
WRD25,hrnet32,contrast_0.5,132,15,0.3726973235607147,0.23493245244026184,0.39237019419670105,1.5512136786271085
WRD25,hrnet32,contrast_0.5,133,15,0.31043684482574463,0.25304171442985535,0.4365215003490448,1.5475958878319707
WRD25,hrnet32,contrast_0.5,134,15,0.34525954723358154,0.3215680420398712,0.33317241072654724,1.5843551104824567
WRD25,hrnet32,contrast_0.5,135,15,0.500385582447052,0.0234051700681448,0.47620922327041626,1.1363177899328565
WRD25,hrnet32,contrast_0.5,136,15,0.43169721961021423,0.08619117736816406,0.4821116030216217,1.3354285231571223
WRD25,hrnet32,contrast_0.5,137,15,0.2948797941207886,0.36823099851608276,0.3368891775608063,1.5790566096214653
WRD25,hrnet32,contrast_0.5,138,15,0.6312371492385864,0.04072289913892746,0.3280399739742279,1.13454692648927
WRD25,hrnet32,contrast_0.5,139,15,0.5762026906013489,0.00022138675558380783,0.4235759675502777,0.9859125100766485
WRD25,hrnet32,contrast_0.5,140,15,0.3540240228176117,0.34480810165405273,0.30116793513298035,1.5814582810291085
WRD25,hrnet32,contrast_0.5,141,16,0.010376688092947006,0.2936992645263672,0.6959239840507507,0.9514941689471058
WRD25,hrnet32,contrast_0.5,142,16,0.010014443658292294,0.5557427406311035,0.4342428147792816,1.0600908433104999
WRD25,hrnet32,contrast_0.5,143,16,0.007809331174939871,0.2825734317302704,0.7096171379089355,0.9210670848971703
WRD25,hrnet32,contrast_0.5,144,16,0.06345225870609283,0.36316052079200745,0.5733872056007385,1.243215226963902
WRD25,hrnet32,contrast_0.5,145,16,0.03231886401772499,0.2639926075935364,0.7036885023117065,1.0240334989175652
WRD25,hrnet32,contrast_0.5,146,16,0.008050188422203064,0.34568002820014954,0.6462697982788086,0.9927699667011416
WRD25,hrnet32,contrast_0.5,147,16,0.014646911062300205,0.48838695883750916,0.4969661831855774,1.0955221480024457
WRD25,hrnet32,contrast_0.5,148,17,0.01688721962273121,0.4415546655654907,0.5415580868721008,1.0993490894589333
WRD25,hrnet32,contrast_0.5,149,17,0.706936776638031,0.19415010511875153,0.09891302138566971,1.1429727135229535
WRD25,hrnet32,contrast_0.5,150,17,0.006712850648909807,0.6860077381134033,0.307279497385025,0.9445492183526246
WRD25,hrnet32,contrast_0.5,151,17,0.3174338936805725,0.3844287395477295,0.29813727736473083,1.5762447740815932
WRD25,hrnet32,contrast_0.5,152,18,0.047229573130607605,0.28021207451820374,0.6725582480430603,1.107194737918438
WRD25,hrnet32,contrast_0.5,153,18,0.4776933491230011,0.023217743262648582,0.49908894300460815,1.1355888921844257
WRD25,hrnet32,contrast_0.5,154,18,0.4742867648601532,0.358618825674057,0.16709430515766144,1.4722955002756224
WRD25,hrnet32,contrast_0.5,155,18,0.014552529901266098,0.48079735040664673,0.5046500563621521,1.0946803818379491
WRD25,hrnet32,contrast_0.5,156,18,0.6751149296760559,0.28392621874809265,0.040958840399980545,1.0871859401652137
WRD25,hrnet32,contrast_0.5,157,18,0.5138849020004272,0.37263789772987366,0.11347728967666626,1.3805359974015619
WRD25,hrnet32,contrast_0.5,158,18,0.5523631572723389,0.08838839083909988,0.35924848914146423,1.312944579146668
WRD25,hrnet32,contrast_0.5,159,18,0.7103571891784668,0.06725075840950012,0.22239209711551666,1.0947025101343777
WRD25,hrnet32,contrast_0.5,160,18,0.5774848461151123,0.24232396483421326,0.18019118905067444,1.398506694092783
WRD25,hrnet32,contrast_0.5,161,18,0.5662064552307129,0.2901705503463745,0.14362306892871857,1.384684201914443
WRD25,hrnet32,contrast_0.5,162,18,0.5077716708183289,0.27599918842315674,0.21622920036315918,1.486805805890822
WRD25,hrnet32,contrast_0.5,163,18,0.10717004537582397,0.5546835064888,0.33814650774002075,1.3458874266646834
WRD25,hrnet32,contrast_0.5,164,18,0.36037370562553406,0.30631592869758606,0.33331042528152466,1.5817972049948674
WRD25,hrnet32,contrast_0.5,165,18,0.1204267293214798,0.6383641958236694,0.2412092089653015,1.27600274879391
WRD25,hrnet32,contrast_0.5,166,18,0.064610555768013,0.018208622932434082,0.9171807765960693,0.47497094894749897
WRD25,hrnet32,contrast_0.5,167,18,0.16215860843658447,0.0412156842648983,0.7966256737709045,0.8765223855359425
WRD25,hrnet32,contrast_0.5,168,18,0.4668428897857666,0.36873874068260193,0.16441835463047028,1.4720294588282679
WRD25,hrnet32,contrast_0.5,169,18,0.5612647533416748,0.39196184277534485,0.04677349328994751,1.2039496721404497
WRD25,hrnet32,contrast_0.5,170,19,0.038447245955467224,0.8319115042686462,0.1296413242816925,0.7837156444533393
WRD25,hrnet32,contrast_0.5,171,19,0.03605826199054718,0.6086342334747314,0.35530757904052734,1.1392673156218962
WRD25,hrnet32,contrast_0.5,172,19,0.0033525743056088686,0.6316776275634766,0.36496978998184204,0.9769188743330052
WRD25,hrnet32,contrast_0.5,173,19,0.5435975790023804,0.319472998380661,0.1369294673204422,1.3967426226698536
WRD25,hrnet32,contrast_0.5,174,20,0.060556381940841675,0.2337561845779419,0.7056875228881836,1.0900436610444522
WRD25,hrnet32,contrast_0.5,175,20,0.09013669192790985,0.2741886377334595,0.6356745362281799,1.2402776496960608
WRD25,hrnet32,contrast_0.5,176,20,0.0487123504281044,0.17482852935791016,0.7764590382575989,0.935652920145174
WRD25,hrnet32,contrast_0.5,177,20,0.062074560672044754,0.2785438597202301,0.6593815684318542,1.1587174010241825
WRD25,hrnet32,contrast_0.5,178,21,0.009617388248443604,0.2979908287525177,0.6923918724060059,0.9521292177682352
WRD25,hrnet32,contrast_0.5,179,21,0.0012676886981353164,0.5378597974777222,0.4608725607395172,1.008474619835575
WRD25,hrnet32,contrast_0.5,180,21,0.01071035023778677,0.7042973637580872,0.28499242663383484,0.9424140346551984
WRD25,hrnet32,contrast_0.5,181,21,0.6666401624679565,0.07439403980970383,0.25896579027175903,1.1736438332449073
WRD25,hrnet32,contrast_0.5,182,21,0.151222363114357,0.33753833174705505,0.5112393498420715,1.4358442057164242
WRD25,hrnet32,contrast_0.5,183,21,0.3640219271183014,0.43566107749938965,0.20031705498695374,1.5176090430157692
WRD25,hrnet32,contrast_0.5,184,21,0.576347291469574,0.1256389319896698,0.2980138957500458,1.3546785466712468
WRD25,hrnet32,contrast_0.5,185,22,0.08635425567626953,0.307452529668808,0.6061931252479553,1.2660534407841064
WRD25,hrnet32,contrast_0.5,186,22,0.1326376497745514,0.7815936803817749,0.08576864004135132,0.9683410842353974
WRD25,hrnet32,contrast_0.5,187,22,0.1953718215227127,0.04530267417430878,0.7593255043029785,0.9640928287215715
WRD25,hrnet32,contrast_0.5,188,22,0.04591196030378342,0.7272855639457703,0.2268024981021881,1.0236663355651177
WRD25,hrnet32,contrast_0.5,189,22,0.08841314911842346,0.6415210366249084,0.2700658142566681,1.2303114339405448
WRD25,hrnet32,contrast_0.5,190,23,0.016777243465185165,0.49687638878822327,0.4863463342189789,1.106082952303068
WRD25,hrnet32,contrast_0.5,191,23,0.023215070366859436,0.40290123224258423,0.5738836526870728,1.1142138150493723
WRD25,hrnet32,contrast_0.5,192,23,0.05706004053354263,0.543374240398407,0.39956575632095337,1.2427193043018387
WRD25,hrnet32,contrast_0.5,193,23,0.5738247632980347,0.27181267738342285,0.1543625295162201,1.3867382543341553
WRD25,hrnet32,contrast_0.5,194,24,0.31565672159194946,0.47977662086486816,0.20456671714782715,1.5017983655220393
WRD25,hrnet32,contrast_0.5,195,24,0.0725092738866806,0.850540816783905,0.07694993168115616,0.7578493164462929
WRD25,hrnet32,contrast_0.5,196,24,0.2101297676563263,0.7645211219787598,0.025349140167236328,0.9034810314969528
WRD25,hrnet32,contrast_0.5,197,24,0.21425879001617432,0.6905529499053955,0.09518823772668839,1.1680634234587222
WRD25,hrnet32,contrast_0.5,198,24,0.018682410940527916,0.340770423412323,0.6405472159385681,1.0481682657560787
WRD25,hrnet32,contrast_0.5,199,24,0.2446623593568802,0.3762354850769043,0.37910211086273193,1.558037829397591
WRD25,hrnet32,contrast_1.5,0,0,0.3165587782859802,0.39448702335357666,0.2889542877674103,1.5722391140446235
WRD25,hrnet32,contrast_1.5,1,0,0.36463311314582825,0.18342380225658417,0.4519430994987488,1.4973393043065606
WRD25,hrnet32,contrast_1.5,2,0,0.3412700295448303,0.24375170469284058,0.4149782657623291,1.5522816484666984
WRD25,hrnet32,contrast_1.5,3,0,0.4458635449409485,0.1535080075263977,0.4006285071372986,1.4632973620650613
WRD25,hrnet32,contrast_1.5,4,0,0.0,0.43761926889419556,0.5623807907104492,0.9887426038536266
WRD25,hrnet32,contrast_1.5,5,0,0.41541939973831177,0.16070961952209473,0.42387092113494873,1.4752334923897423
WRD25,hrnet32,contrast_1.5,6,0,0.45921769738197327,0.07166098058223724,0.46912139654159546,1.3003545457836854
WRD25,hrnet32,contrast_1.5,7,0,0.504021406173706,0.0012704788241535425,0.49470803141593933,1.0127211509886889
WRD25,hrnet32,contrast_1.5,8,0,0.5197526812553406,0.006398039869964123,0.47384917736053467,1.0479023882920733
WRD25,hrnet32,contrast_1.5,9,0,0.4352959096431732,0.14780482649803162,0.41689926385879517,1.4562281878783145
WRD25,hrnet32,contrast_1.5,10,0,0.23911772668361664,0.32033950090408325,0.4405428171157837,1.5406966331049525
WRD25,hrnet32,contrast_1.5,11,0,0.3675156235694885,0.1845780313014984,0.44790640473365784,1.4996858866799994
WRD25,hrnet32,contrast_1.5,12,0,0.0,0.4852563440799713,0.5147436857223511,0.9993726984160769
WRD25,hrnet32,contrast_1.5,13,0,0.5238089561462402,0.001563015510328114,0.4746280312538147,1.0135115426646903
WRD25,hrnet32,contrast_1.5,14,0,0.44925767183303833,0.04798489809036255,0.5027574300765991,1.2276197180013422
WRD25,hrnet32,contrast_1.5,15,0,0.4929865002632141,0.49642929434776306,0.010584298521280289,1.0740493038447223
WRD25,hrnet32,contrast_1.5,16,0,0.0003612696018535644,0.45880216360092163,0.54083651304245,0.9994291994572372
WRD25,hrnet32,contrast_1.5,17,0,0.0,0.47696447372436523,0.5230355262756348,0.9984683709476081
WRD25,hrnet32,contrast_1.5,18,1,0.00030928972410038114,0.7098667621612549,0.28982388973236084,0.8723930004869667
WRD25,hrnet32,contrast_1.5,19,1,0.25157320499420166,0.4241253137588501,0.32430145144462585,1.552555943740312
WRD25,hrnet32,contrast_1.5,20,1,0.0,0.6141489148139954,0.38585102558135986,0.9620698255564855
WRD25,hrnet32,contrast_1.5,21,1,0.02860207110643387,0.701951801776886,0.26944631338119507,1.0148233850488726
WRD25,hrnet32,contrast_1.5,22,1,0.05151885375380516,0.4517074227333069,0.49677368998527527,1.2397501947019531
WRD25,hrnet32,contrast_1.5,23,1,0.018665187060832977,0.5917263031005859,0.3896085321903229,1.0849690373131535
WRD25,hrnet32,contrast_1.5,24,1,0.034468621015548706,0.552686870098114,0.41284453868865967,1.167198649879238
WRD25,hrnet32,contrast_1.5,25,2,0.323300302028656,0.36001962423324585,0.31668007373809814,1.58263045287701
WRD25,hrnet32,contrast_1.5,26,2,0.49594196677207947,0.2359980046749115,0.26806002855300903,1.5025384110977646
WRD25,hrnet32,contrast_1.5,27,2,0.3335067927837372,0.28436723351478577,0.38212597370147705,1.5745816714705818
WRD25,hrnet32,contrast_1.5,28,2,0.46721068024635315,0.30713221430778503,0.22565709054470062,1.520662024906891
WRD25,hrnet32,contrast_1.5,29,2,0.12319216132164001,0.4311826229095459,0.4456251263618469,1.4151038017379318
WRD25,hrnet32,contrast_1.5,30,2,0.12449225038290024,0.6412895321846008,0.23421819508075714,1.2757141983285138
WRD25,hrnet32,contrast_1.5,31,2,0.050720520317554474,0.7163553833961487,0.23292411863803864,1.052533753502938
WRD25,hrnet32,contrast_1.5,32,2,0.04034546762704849,0.7724525928497314,0.18720191717147827,0.9271117934157111
WRD25,hrnet32,contrast_1.5,33,2,0.02071293629705906,0.7145630121231079,0.2647239565849304,0.9699141702137111
WRD25,hrnet32,contrast_1.5,34,2,0.7584906816482544,0.2192625105381012,0.022246798500418663,0.9046488052271371
WRD25,hrnet32,contrast_1.5,35,2,0.3657093942165375,0.4825342893600464,0.15175634622573853,1.4508185146468555
WRD25,hrnet32,contrast_1.5,36,3,0.003753326367586851,0.5656437873840332,0.43060287833213806,1.0186494399580561
WRD25,hrnet32,contrast_1.5,37,3,0.0513492152094841,0.2594456076622009,0.6892051696777344,1.0950643458179923
WRD25,hrnet32,contrast_1.5,38,3,0.005839331541210413,0.3241545259952545,0.6700059771537781,0.9572573382493388
WRD25,hrnet32,contrast_1.5,39,3,0.04722676798701286,0.491434782743454,0.46133849024772644,1.2265849068107575
WRD25,hrnet32,contrast_1.5,40,3,0.21375873684883118,0.5318213701248169,0.2544199228286743,1.4627043404191804
WRD25,hrnet32,contrast_1.5,41,4,0.7933314442634583,0.0008021062822081149,0.20586642622947693,0.7426455882917853
WRD25,hrnet32,contrast_1.5,42,4,0.562525749206543,0.11065252125263214,0.3268217146396637,1.3456239223818287
WRD25,hrnet32,contrast_1.5,43,4,0.01159482728689909,0.8133569359779358,0.1750481128692627,0.7570733517798754
WRD25,hrnet32,contrast_1.5,44,4,0.008321868255734444,0.7553025484085083,0.236375629901886,0.8551582026549289
WRD25,hrnet32,contrast_1.5,45,4,0.010371078737080097,0.46123915910720825,0.5283898115158081,1.0695828332947857
WRD25,hrnet32,contrast_1.5,46,5,0.0,0.8436728715896606,0.15632721781730652,0.6254502098287981
WRD25,hrnet32,contrast_1.5,47,5,0.0021192501299083233,0.5943598747253418,0.4035208821296692,0.993268806432803
WRD25,hrnet32,contrast_1.5,48,5,0.0017383141675963998,0.4448404014110565,0.5534212589263916,1.008168159385514
WRD25,hrnet32,contrast_1.5,49,5,0.02310926839709282,0.21531614661216736,0.7615745663642883,0.901889795146505
WRD25,hrnet32,contrast_1.5,50,6,0.582910418510437,0.2242017537355423,0.19288776814937592,1.3954655855308538
WRD25,hrnet32,contrast_1.5,51,6,0.0006866059848107398,0.37608596682548523,0.6232274174690247,0.962968438072727
WRD25,hrnet32,contrast_1.5,52,6,0.009426056407392025,0.3813517093658447,0.6092221140861511,1.0293846382287415
WRD25,hrnet32,contrast_1.5,53,7,0.3729637861251831,0.45748212933540344,0.1695539951324463,1.4809138532022428
WRD25,hrnet32,contrast_1.5,54,7,0.0030528984498232603,0.4302447736263275,0.5667023658752441,1.0133380884106062
WRD25,hrnet32,contrast_1.5,55,7,0.0037899070885032415,0.38136839866638184,0.6148416996002197,0.9923123964415338
WRD25,hrnet32,contrast_1.5,56,7,0.008138950914144516,0.42349958419799805,0.5683615803718567,1.0447307227713487
WRD25,hrnet32,contrast_1.5,57,7,0.2770472466945648,0.2474195957183838,0.4755331575870514,1.52153092288113
WRD25,hrnet32,contrast_1.5,58,7,0.6180950403213501,0.3573998510837555,0.024504953995347023,1.0906604607652113
WRD25,hrnet32,contrast_1.5,59,7,0.17788057029247284,0.47766998410224915,0.3444494903087616,1.4818967855437908
WRD25,hrnet32,contrast_1.5,60,7,0.10845518112182617,0.34033772349357605,0.5512070655822754,1.3504630297768578
WRD25,hrnet32,contrast_1.5,61,7,0.25390416383743286,0.4576650857925415,0.28843075037002563,1.5355707531616474
WRD25,hrnet32,contrast_1.5,62,7,0.2318805605173111,0.41442686319351196,0.35369256138801575,1.54592694127451
WRD25,hrnet32,contrast_1.5,63,7,0.4078525900840759,0.4686806797981262,0.12346667051315308,1.4127301961803265
WRD25,hrnet32,contrast_1.5,64,7,0.4273580014705658,0.5173601508140564,0.05528182163834572,1.2469471937649983
WRD25,hrnet32,contrast_1.5,65,7,0.36810413002967834,0.43354877829551697,0.19834710657596588,1.5164046100935826
WRD25,hrnet32,contrast_1.5,66,7,0.23774878680706024,0.5204254984855652,0.2418256402015686,1.478345335306277
WRD25,hrnet32,contrast_1.5,67,7,0.03246726095676422,0.5143800973892212,0.45315268635749817,1.1713539400441282
WRD25,hrnet32,contrast_1.5,68,7,0.23433621227741241,0.41427239775657654,0.3513913154602051,1.5474284713053885
WRD25,hrnet32,contrast_1.5,69,8,0.3974791467189789,0.3238438665866852,0.27867698669433594,1.5695330605355249
WRD25,hrnet32,contrast_1.5,70,8,0.19968950748443604,0.38674208521842957,0.413568377494812,1.5209684065770745
WRD25,hrnet32,contrast_1.5,71,8,0.33034607768058777,0.33723336458206177,0.33242067694664,1.584908539364136
WRD25,hrnet32,contrast_1.5,72,8,0.39590391516685486,0.23688915371894836,0.36720699071884155,1.5521608739101826
WRD25,hrnet32,contrast_1.5,73,8,0.4484905004501343,0.34363415837287903,0.2078753411769867,1.5194846152926447
WRD25,hrnet32,contrast_1.5,74,8,0.6326283812522888,0.16024135053157806,0.2071302831172943,1.3116754140885385
WRD25,hrnet32,contrast_1.5,75,8,0.4365865886211395,0.3246672749519348,0.23874609172344208,1.5422903304252062
WRD25,hrnet32,contrast_1.5,76,8,0.6165068745613098,0.2645992040634155,0.11889396607875824,1.3030105097644515
WRD25,hrnet32,contrast_1.5,77,8,0.4537752568721771,0.28320789337158203,0.26301681995391846,1.5395121236305167
WRD25,hrnet32,contrast_1.5,78,8,0.5489501357078552,0.2551974356174469,0.19585248827934265,1.4384764062884252
WRD25,hrnet32,contrast_1.5,79,8,0.2804037034511566,0.3630013167858124,0.3565950393676758,1.5755554515592132
WRD25,hrnet32,contrast_1.5,80,8,0.20457802712917328,0.4907401502132416,0.30468180775642395,1.4947255303548939
WRD25,hrnet32,contrast_1.5,81,8,0.4187096059322357,0.28604158759117126,0.295248806476593,1.5620332648473318
WRD25,hrnet32,contrast_1.5,82,8,0.4602825343608856,0.3557610511779785,0.18395639955997467,1.4950161275934408
WRD25,hrnet32,contrast_1.5,83,8,0.5311708450317383,0.306707501411438,0.16212163865566254,1.4333286532596115
WRD25,hrnet32,contrast_1.5,84,8,0.5265189409255981,0.24783441424369812,0.2256467640399933,1.470700736125929
WRD25,hrnet32,contrast_1.5,85,8,0.5069300532341003,0.36816683411598206,0.12490317225456238,1.4024499728194042
WRD25,hrnet32,contrast_1.5,86,9,0.40135738253593445,0.08519017696380615,0.513452410697937,1.3250850074597977
WRD25,hrnet32,contrast_1.5,87,9,0.04014069586992264,0.3101184368133545,0.6497408151626587,1.1142082583895032
WRD25,hrnet32,contrast_1.5,88,9,0.30461224913597107,0.03725748136639595,0.6581303477287292,1.096449912960127
WRD25,hrnet32,contrast_1.5,89,9,0.31815463304519653,0.07744312286376953,0.6044021844863892,1.2505252349573333
WRD25,hrnet32,contrast_1.5,90,9,0.03600866347551346,0.2810187041759491,0.6829726696014404,1.0630022880651282
WRD25,hrnet32,contrast_1.5,91,9,0.04683765023946762,0.329056054353714,0.6241063475608826,1.1589937397941938
WRD25,hrnet32,contrast_1.5,92,9,0.537063479423523,0.05102749913930893,0.41190916299819946,1.2277770341828784
WRD25,hrnet32,contrast_1.5,93,9,0.19478446245193481,0.6323337554931641,0.17288172245025635,1.3155877112823446
WRD25,hrnet32,contrast_1.5,94,9,0.03859022632241249,0.42687758803367615,0.5345322489738464,1.1884865266981055
WRD25,hrnet32,contrast_1.5,95,9,0.37875810265541077,0.22878491878509521,0.392456978559494,1.5469266700426538
WRD25,hrnet32,contrast_1.5,96,9,0.053801342844963074,0.2877451777458191,0.6584534645080566,1.1409017276767242
WRD25,hrnet32,contrast_1.5,97,10,0.4385843276977539,0.4275294542312622,0.1338861733675003,1.4340125626335891
WRD25,hrnet32,contrast_1.5,98,10,0.5251534581184387,0.3694919943809509,0.10535456985235214,1.3607516587058894
WRD25,hrnet32,contrast_1.5,99,10,0.3347882628440857,0.5387024283409119,0.12650933861732483,1.3866199968152781
WRD25,hrnet32,contrast_1.5,100,10,0.5886408090591431,0.06092444434762001,0.3504348695278168,1.2261131909867364
WRD25,hrnet32,contrast_1.5,101,10,0.36560964584350586,0.5404637455940247,0.09392651915550232,1.3310214106163138
WRD25,hrnet32,contrast_1.5,102,10,0.4800347685813904,0.4150819182395935,0.10488338768482208,1.3760008725752477
WRD25,hrnet32,contrast_1.5,103,10,0.8417016267776489,0.1181410551071167,0.04015733674168587,0.7595625882516212
WRD25,hrnet32,contrast_1.5,104,10,0.3234674036502838,0.45855942368507385,0.21797317266464233,1.5215575524138414
WRD25,hrnet32,contrast_1.5,105,10,0.6285428404808044,0.23943817615509033,0.13201904296875,1.300510551436974
WRD25,hrnet32,contrast_1.5,106,10,0.5239200592041016,0.375017374753952,0.10106252133846283,1.353418096895906
WRD25,hrnet32,contrast_1.5,107,11,0.24170975387096405,0.21391873061656952,0.5443713665008545,1.4487167194352464
WRD25,hrnet32,contrast_1.5,108,11,0.32030272483825684,0.3786614239215851,0.3010357916355133,1.577998675276033
WRD25,hrnet32,contrast_1.5,109,11,0.2884905934333801,0.38454195857048035,0.3269674479961395,1.574908526776183
WRD25,hrnet32,contrast_1.5,110,11,0.2624310255050659,0.4102984666824341,0.3272704482078552,1.561205340885174
WRD25,hrnet32,contrast_1.5,111,11,0.2712167203426361,0.2836092412471771,0.44517406821250916,1.5459356480317514
WRD25,hrnet32,contrast_1.5,112,11,0.24011200666427612,0.3883218467235565,0.37156617641448975,1.554847946846704
WRD25,hrnet32,contrast_1.5,113,11,0.013732846826314926,0.33862707018852234,0.6476401090621948,1.0198673471135002
WRD25,hrnet32,contrast_1.5,114,12,0.5992916226387024,0.36713066697120667,0.03357763588428497,1.137823441566884
WRD25,hrnet32,contrast_1.5,115,13,0.6441835761070251,0.3390880525112152,0.016728341579437256,1.0364978887497032
WRD25,hrnet32,contrast_1.5,116,13,0.7171944975852966,0.2556913197040558,0.02711419016122818,0.9881436302274973
WRD25,hrnet32,contrast_1.5,117,13,0.025240616872906685,0.47766730189323425,0.497092068195343,1.144411118604217
WRD25,hrnet32,contrast_1.5,118,13,0.01589907892048359,0.5182746648788452,0.4658263027667999,1.0998334175541922
WRD25,hrnet32,contrast_1.5,119,13,0.019423833116889,0.5079739093780518,0.4726022779941559,1.117848770663179
WRD25,hrnet32,contrast_1.5,120,13,0.6687973141670227,0.1009872779250145,0.23021556437015533,1.2099973254423824
WRD25,hrnet32,contrast_1.5,121,14,0.0,0.5223427414894104,0.4776571989059448,0.9985591383703792
WRD25,hrnet32,contrast_1.5,122,14,0.5460380911827087,0.4254815876483917,0.028480300679802895,1.1474129540653886
WRD25,hrnet32,contrast_1.5,123,14,0.6444805860519409,0.339752733707428,0.015766577795147896,1.0320058640043048
WRD25,hrnet32,contrast_1.5,124,14,0.5853791236877441,0.3882165253162384,0.026404326781630516,1.1206200584445778
WRD25,hrnet32,contrast_1.5,125,14,0.7498804926872253,0.015608496032655239,0.2345110923051834,0.8957367174911385
WRD25,hrnet32,contrast_1.5,126,15,0.20256966352462769,0.27743327617645264,0.5199970006942749,1.4703918404829828
WRD25,hrnet32,contrast_1.5,127,15,0.24185127019882202,0.38428494334220886,0.3738638162612915,1.5561507404742305
WRD25,hrnet32,contrast_1.5,128,15,0.17978879809379578,0.21927060186862946,0.6009405255317688,1.366634810528618
WRD25,hrnet32,contrast_1.5,129,15,0.00946042686700821,0.3742695152759552,0.6162701845169067,1.024650646369726
WRD25,hrnet32,contrast_1.5,130,15,0.3213961124420166,0.1444127857685089,0.5341910123825073,1.4126863269118872
WRD25,hrnet32,contrast_1.5,131,15,0.21356728672981262,0.2822617292404175,0.5041710734367371,1.4888913987905457
WRD25,hrnet32,contrast_1.5,132,15,0.23984120786190033,0.1845220923423767,0.5756367444992065,1.4025759987576685
WRD25,hrnet32,contrast_1.5,133,15,0.2860166132450104,0.22388006746768951,0.49010348320007324,1.5041383158877626
WRD25,hrnet32,contrast_1.5,134,15,0.23103532195091248,0.27694275975227356,0.49202191829681396,1.5047976151695148
WRD25,hrnet32,contrast_1.5,135,15,0.010972420684993267,0.4239857494831085,0.5650419592857361,1.0616390667580207
WRD25,hrnet32,contrast_1.5,136,15,0.04105408117175102,0.4192112982273102,0.5397346019744873,1.1950945968754971
WRD25,hrnet32,contrast_1.5,137,15,0.006217270158231258,0.41781407594680786,0.5759686231613159,1.0300606435727047
WRD25,hrnet32,contrast_1.5,138,15,0.5307989120483398,0.020857689902186394,0.4483434557914734,1.12035704384809
WRD25,hrnet32,contrast_1.5,139,15,0.0005360104260034859,0.494938462972641,0.5045254826545715,1.0059947409805807
WRD25,hrnet32,contrast_1.5,140,15,0.011760801076889038,0.5353859066963196,0.4528532922267914,1.075513659799047
WRD25,hrnet32,contrast_1.5,141,16,0.021343806758522987,0.7038240432739258,0.2748320400714874,0.9872118510598454
WRD25,hrnet32,contrast_1.5,142,16,0.01694158837199211,0.6059868931770325,0.3770714998245239,1.068157031240685
WRD25,hrnet32,contrast_1.5,143,16,0.014441392384469509,0.7428552508354187,0.24270333349704742,0.9026391718148437
WRD25,hrnet32,contrast_1.5,144,16,0.021839331835508347,0.7241449952125549,0.25401562452316284,0.9598753872308903
WRD25,hrnet32,contrast_1.5,145,16,0.020382137969136238,0.6552231907844543,0.3243948221206665,1.0410000114699924
WRD25,hrnet32,contrast_1.5,146,16,0.0050698500126600266,0.6678447127342224,0.3270854651927948,0.9549617536155026
WRD25,hrnet32,contrast_1.5,147,16,0.015958409756422043,0.6585521697998047,0.3254892826080322,1.0191984994760364
WRD25,hrnet32,contrast_1.5,148,17,0.02025088295340538,0.2841311991214752,0.6956179738044739,0.9939808273544177
WRD25,hrnet32,contrast_1.5,149,17,0.0016739977290853858,0.7114352583885193,0.2868906855583191,0.8817048887394197
WRD25,hrnet32,contrast_1.5,150,17,0.005695878993719816,0.5942444801330566,0.40005967020988464,1.0174329899261247
WRD25,hrnet32,contrast_1.5,151,17,0.2529914379119873,0.5486278533935547,0.19838064908981323,1.4397604814755436
WRD25,hrnet32,contrast_1.5,152,18,0.004775811452418566,0.5615379810333252,0.43368616700172424,1.02703884231168
WRD25,hrnet32,contrast_1.5,153,18,0.6184919476509094,0.01880243793129921,0.3627055287361145,1.0672003507640304
WRD25,hrnet32,contrast_1.5,154,18,0.6270901560783386,0.3658607602119446,0.007049100939184427,1.0033109758172423
WRD25,hrnet32,contrast_1.5,155,18,0.0017079024109989405,0.5428024530410767,0.45548972487449646,1.010940020800228
WRD25,hrnet32,contrast_1.5,156,18,0.7453889846801758,0.0020270727109164,0.25258389115333557,0.8355519395641773
WRD25,hrnet32,contrast_1.5,157,18,0.26226329803466797,0.4085582494735718,0.3291785418987274,1.5617061434086361
WRD25,hrnet32,contrast_1.5,158,18,0.040579069405794144,0.5062653422355652,0.453155517578125,1.2022400579890533
WRD25,hrnet32,contrast_1.5,159,18,0.70558100938797,0.0495392382144928,0.24487972259521484,1.0668263074380937
WRD25,hrnet32,contrast_1.5,160,18,0.22636088728904724,0.40074828267097473,0.37289077043533325,1.5445287502883513
WRD25,hrnet32,contrast_1.5,161,18,0.3943789005279541,0.3770069479942322,0.22861416637897491,1.546691249365956
WRD25,hrnet32,contrast_1.5,162,18,0.4030434787273407,0.4164707660675049,0.18048572540283203,1.5004940578736807
WRD25,hrnet32,contrast_1.5,163,18,0.03615600988268852,0.6316541433334351,0.3321898281574249,1.1199849908676405
WRD25,hrnet32,contrast_1.5,164,18,0.2689923346042633,0.3190726041793823,0.411935031414032,1.5624901399309932
WRD25,hrnet32,contrast_1.5,165,18,0.07033006101846695,0.6830876469612122,0.24658219516277313,1.1430062136487866
WRD25,hrnet32,contrast_1.5,166,18,0.0038769750390201807,0.4239625632762909,0.5721603631973267,1.016799821685047
WRD25,hrnet32,contrast_1.5,167,18,0.0008265762589871883,0.5092626810073853,0.4899107813835144,1.0085596532528203
WRD25,hrnet32,contrast_1.5,168,18,0.49194470047950745,0.22922387719154358,0.27883148193359375,1.5043684622002957
WRD25,hrnet32,contrast_1.5,169,18,0.6712075471878052,0.28829601407051086,0.040496498346328735,1.0907088874676234
WRD25,hrnet32,contrast_1.5,170,19,0.018554944545030594,0.23836034536361694,0.7430846691131592,0.9181836066419125
WRD25,hrnet32,contrast_1.5,171,19,0.0025419483426958323,0.3999328911304474,0.5975250601768494,0.9946091218515952
WRD25,hrnet32,contrast_1.5,172,19,0.0017016044585034251,0.4568198323249817,0.5414785146713257,1.0112190702177608
WRD25,hrnet32,contrast_1.5,173,19,0.654689371585846,0.24828167259693146,0.09702901542186737,1.22567132305038
WRD25,hrnet32,contrast_1.5,174,20,0.13799205422401428,0.44470226764678955,0.41730570793151855,1.4403356677446015
WRD25,hrnet32,contrast_1.5,175,20,0.13298974931240082,0.4463515877723694,0.42065876722335815,1.4320418710303107
WRD25,hrnet32,contrast_1.5,176,20,0.10983993858098984,0.399070143699646,0.49108996987342834,1.3827189336637844
WRD25,hrnet32,contrast_1.5,177,20,0.11433695256710052,0.2928556203842163,0.5928073525428772,1.323775290835768
WRD25,hrnet32,contrast_1.5,178,21,0.0061294580809772015,0.7767854332923889,0.21708515286445618,0.8065049851514643
WRD25,hrnet32,contrast_1.5,179,21,0.0038138129748404026,0.7647085189819336,0.2314777970314026,0.8152606212616224
WRD25,hrnet32,contrast_1.5,180,21,0.007485067471861839,0.7344585061073303,0.2580564320087433,0.8841779362289044
WRD25,hrnet32,contrast_1.5,181,21,0.02089347131550312,0.6028260588645935,0.3762805163860321,1.087378216914487
WRD25,hrnet32,contrast_1.5,182,21,0.07490682601928711,0.4264248013496399,0.4986684024333954,1.3049931100242707
WRD25,hrnet32,contrast_1.5,183,21,0.6039955019950867,0.06211287900805473,0.3338915705680847,1.2167483108112631
WRD25,hrnet32,contrast_1.5,184,21,0.0583946593105793,0.5312378406524658,0.41036751866340637,1.2514212849234354
WRD25,hrnet32,contrast_1.5,185,22,0.03010554239153862,0.7311119437217712,0.23878252506256104,0.9758705583041138
WRD25,hrnet32,contrast_1.5,186,22,0.22386743128299713,0.6622000932693481,0.11393257230520248,1.2342136994843669
WRD25,hrnet32,contrast_1.5,187,22,0.06969085335731506,0.4020152688026428,0.528294026851654,1.2826752490012905
WRD25,hrnet32,contrast_1.5,188,22,0.04848893731832504,0.7255566120147705,0.2259545922279358,1.0324039179925006
WRD25,hrnet32,contrast_1.5,189,22,0.09778760373592377,0.664142370223999,0.23806998133659363,1.2130668727189255
WRD25,hrnet32,contrast_1.5,190,23,0.018534032627940178,0.4981920123100281,0.48327404260635376,1.1144308916955974
WRD25,hrnet32,contrast_1.5,191,23,0.028934882953763008,0.5037859678268433,0.4672791063785553,1.1590967642474113
WRD25,hrnet32,contrast_1.5,192,23,0.028449153527617455,0.6352767944335938,0.33627402782440186,1.0906361538930067
WRD25,hrnet32,contrast_1.5,193,23,0.019368335604667664,0.7176877856254578,0.2629440128803253,0.9604124597426276
WRD25,hrnet32,contrast_1.5,194,24,0.35193055868148804,0.42036595940589905,0.22770355641841888,1.5419028078381303
WRD25,hrnet32,contrast_1.5,195,24,0.43440160155296326,0.5361079573631287,0.029490439221262932,1.154636902107727
WRD25,hrnet32,contrast_1.5,196,24,0.5577681660652161,0.0011832749005407095,0.44104865193367004,1.0021664046564889
WRD25,hrnet32,contrast_1.5,197,24,0.6115058660507202,0.00775448651984334,0.380739688873291,1.0186832504224779
WRD25,hrnet32,contrast_1.5,198,24,0.46753373742103577,0.3515777587890625,0.18088848888874054,1.4892475349605734
WRD25,hrnet32,contrast_1.5,199,24,0.6493401527404785,0.014785523526370525,0.3358743190765381,1.0230683432670538
WRD25,hrnet32,pixelate_0.25,0,0,0.5326482653617859,0.2835046052932739,0.18384717404842377,1.4488264541277616
WRD25,hrnet32,pixelate_0.25,1,0,0.35316771268844604,0.26962271332740784,0.3772096335887909,1.5707290411679837
WRD25,hrnet32,pixelate_0.25,2,0,0.3019683361053467,0.32492515444755554,0.3731064796447754,1.5793144620913238
WRD25,hrnet32,pixelate_0.25,3,0,0.38190966844558716,0.220925435423851,0.3971649706363678,1.5407127815962744
WRD25,hrnet32,pixelate_0.25,4,0,0.32216063141822815,0.32879242300987244,0.349046915769577,1.584118334491409
WRD25,hrnet32,pixelate_0.25,5,0,0.390280544757843,0.23859567940235138,0.3711237907409668,1.5537537405342405
WRD25,hrnet32,pixelate_0.25,6,0,0.5320983529090881,0.11600794643163681,0.3518935441970825,1.3750823686636195
WRD25,hrnet32,pixelate_0.25,7,0,0.5446870923042297,0.009382728487253189,0.4459301829338074,1.0601762523355904
WRD25,hrnet32,pixelate_0.25,8,0,0.5542190074920654,0.036243561655282974,0.4095374643802643,1.172825049047256
WRD25,hrnet32,pixelate_0.25,9,0,0.5075182318687439,0.10335096716880798,0.38913077116012573,1.3648693953488968
WRD25,hrnet32,pixelate_0.25,10,0,0.2557089328765869,0.4198911190032959,0.32439982891082764,1.5556309883765174
WRD25,hrnet32,pixelate_0.25,11,0,0.3948352038860321,0.025708142668008804,0.579456627368927,1.121291714539551
WRD25,hrnet32,pixelate_0.25,12,0,0.5277412533760071,0.08223055303096771,0.39002811908721924,1.3127973213869513
WRD25,hrnet32,pixelate_0.25,13,0,0.47764283418655396,0.1178092211484909,0.4045480191707611,1.4008476007536108
WRD25,hrnet32,pixelate_0.25,14,0,0.2539030909538269,0.3104691803455353,0.43562769889831543,1.5482860096811044
WRD25,hrnet32,pixelate_0.25,15,0,0.45284420251846313,0.0037543210200965405,0.5434015393257141,1.0259552733090196
WRD25,hrnet32,pixelate_0.25,16,0,0.46684640645980835,0.009142815135419369,0.5240108370780945,1.063532342505238
WRD25,hrnet32,pixelate_0.25,17,0,0.5500603318214417,0.03203694894909859,0.41790279746055603,1.159412924653847
WRD25,hrnet32,pixelate_0.25,18,1,0.5059390068054199,0.3050999939441681,0.1889609694480896,1.4740803163596172
WRD25,hrnet32,pixelate_0.25,19,1,0.4346405863761902,0.42867493629455566,0.13668455183506012,1.4387753486071495
WRD25,hrnet32,pixelate_0.25,20,1,0.6248437762260437,0.1132955327630043,0.26186078786849976,1.2860809254744199
WRD25,hrnet32,pixelate_0.25,21,1,0.08538206666707993,0.7266165018081665,0.18800142407417297,1.0911827908528546
WRD25,hrnet32,pixelate_0.25,22,1,0.08208063989877701,0.469007670879364,0.4489116072654724,1.3270703407375626
WRD25,hrnet32,pixelate_0.25,23,1,0.04678840935230255,0.556635320186615,0.39657625555992126,1.2063266458250221
WRD25,hrnet32,pixelate_0.25,24,1,0.05436181649565697,0.5431596040725708,0.4024786353111267,1.2351293438603301
WRD25,hrnet32,pixelate_0.25,25,2,0.3098425269126892,0.4022568166255951,0.2879005968570709,1.5694174866880413
WRD25,hrnet32,pixelate_0.25,26,2,0.5126492977142334,0.3719421923160553,0.11540840566158295,1.384394828396832
WRD25,hrnet32,pixelate_0.25,27,2,0.6664424538612366,0.2594580352306366,0.07409949600696564,1.1733819395361875
WRD25,hrnet32,pixelate_0.25,28,2,0.4449927806854248,0.3562184274196625,0.19878889620304108,1.5136004289958014
WRD25,hrnet32,pixelate_0.25,29,2,0.673132598400116,0.23422160744667053,0.09264577925205231,1.192828985577221
WRD25,hrnet32,pixelate_0.25,30,2,0.19760377705097198,0.6595340967178345,0.14286208152770996,1.2593530165015683
WRD25,hrnet32,pixelate_0.25,31,2,0.03779403865337372,0.7862024307250977,0.17600354552268982,0.8925587262118246
WRD25,hrnet32,pixelate_0.25,32,2,0.03709477558732033,0.8442807197570801,0.11862454563379288,0.7473088169014603
WRD25,hrnet32,pixelate_0.25,33,2,0.019908560439944267,0.7456863522529602,0.23440495133399963,0.9187777388753617
WRD25,hrnet32,pixelate_0.25,34,2,0.4555785655975342,0.3346186876296997,0.2098027914762497,1.517893687162779
WRD25,hrnet32,pixelate_0.25,35,2,0.5022976398468018,0.2644948959350586,0.23320747911930084,1.4962674220078356
WRD25,hrnet32,pixelate_0.25,36,3,0.31844598054885864,0.08721335232257843,0.5943406820297241,1.2787811743934883
WRD25,hrnet32,pixelate_0.25,37,3,0.538051187992096,0.38729381561279297,0.07465485483407974,1.2906079581943244
WRD25,hrnet32,pixelate_0.25,38,3,0.4217466115951538,0.43336358666419983,0.14488984644412994,1.4518992920479
WRD25,hrnet32,pixelate_0.25,39,3,0.5173624157905579,0.03299419581890106,0.4496433436870575,1.1727743244548605
WRD25,hrnet32,pixelate_0.25,40,3,0.39850959181785583,0.3407871127128601,0.2607032060623169,1.5638481707140004
WRD25,hrnet32,pixelate_0.25,41,4,0.6578570604324341,0.00822245143353939,0.33392053842544556,0.9828010626629478
WRD25,hrnet32,pixelate_0.25,42,4,0.2228497713804245,0.5641403794288635,0.21300986409187317,1.423796141390848
WRD25,hrnet32,pixelate_0.25,43,4,0.04101918265223503,0.6881471872329712,0.27083373069763184,1.0704465183610745
WRD25,hrnet32,pixelate_0.25,44,4,0.8246552348136902,0.032836731523275375,0.14250822365283966,0.7917785189267001
WRD25,hrnet32,pixelate_0.25,45,4,0.6864251494407654,0.03236997500061989,0.28120481967926025,1.0475057430714452
WRD25,hrnet32,pixelate_0.25,46,5,0.4435683786869049,0.44886308908462524,0.10756844282150269,1.3849467160887983
WRD25,hrnet32,pixelate_0.25,47,5,0.006465360522270203,0.6817465424537659,0.31178805232048035,0.9480478944066352
WRD25,hrnet32,pixelate_0.25,48,5,0.0013512264704331756,0.3799865245819092,0.6186621785163879,0.9719271967965328
WRD25,hrnet32,pixelate_0.25,49,5,0.0032238082494586706,0.6822517514228821,0.31452444195747375,0.927894431214614
WRD25,hrnet32,pixelate_0.25,50,6,0.17188340425491333,0.7036038041114807,0.12451281398534775,1.1677524455389572
WRD25,hrnet32,pixelate_0.25,51,6,0.42355266213417053,0.5242092609405518,0.0522380955517292,1.235865207717133
WRD25,hrnet32,pixelate_0.25,52,6,0.01698356308043003,0.3319648802280426,0.6510515809059143,1.0310832972429014
WRD25,hrnet32,pixelate_0.25,53,7,0.25698122382164,0.5203440189361572,0.2226746827363968,1.476689912010701
WRD25,hrnet32,pixelate_0.25,54,7,0.7126497030258179,0.009594232775270939,0.27775612473487854,0.9259366330025731
WRD25,hrnet32,pixelate_0.25,55,7,0.6790762543678284,0.24432772397994995,0.07659604400396347,1.1598204085738404
WRD25,hrnet32,pixelate_0.25,56,7,0.6259706020355225,0.2751877009868622,0.09884174913167953,1.2653234255506578
WRD25,hrnet32,pixelate_0.25,57,7,0.592535138130188,0.25412410497665405,0.15334074199199677,1.3644452170903443
WRD25,hrnet32,pixelate_0.25,58,7,0.6101251244544983,0.29915758967399597,0.09071725606918335,1.2698578730627856
WRD25,hrnet32,pixelate_0.25,59,7,0.19646719098091125,0.49621886014938354,0.3073139786720276,1.486001759469182
WRD25,hrnet32,pixelate_0.25,60,7,0.24121913313865662,0.4626043438911438,0.2961764633655548,1.5292955693050407
WRD25,hrnet32,pixelate_0.25,61,7,0.4587579369544983,0.2973933517932892,0.2438487559556961,1.5325013953056104
WRD25,hrnet32,pixelate_0.25,62,7,0.5667587518692017,0.20171648263931274,0.23152479529380798,1.4188627992946332
WRD25,hrnet32,pixelate_0.25,63,7,0.23686517775058746,0.48360058665275574,0.2795342206954956,1.5130771427019516
WRD25,hrnet32,pixelate_0.25,64,7,0.18963052332401276,0.4821055829524994,0.32826393842697144,1.489871648727357
WRD25,hrnet32,pixelate_0.25,65,7,0.702929675579071,0.14970459043979645,0.14736582338809967,1.174737331667379
WRD25,hrnet32,pixelate_0.25,66,7,0.1988597959280014,0.6527941823005676,0.14834614098072052,1.2734337235355389
WRD25,hrnet32,pixelate_0.25,67,7,0.5428967475891113,0.05322350561618805,0.4038797914981842,1.2319343750888077
WRD25,hrnet32,pixelate_0.25,68,7,0.45868656039237976,0.3369441628456116,0.20436932146549225,1.5127214247419287
WRD25,hrnet32,pixelate_0.25,69,8,0.6132097840309143,0.13713711500167847,0.24965310096740723,1.3255322292775125
WRD25,hrnet32,pixelate_0.25,70,8,0.4974323809146881,0.19191230833530426,0.310655415058136,1.4821180565299097
WRD25,hrnet32,pixelate_0.25,71,8,0.621046781539917,0.16156691312789917,0.21738626062870026,1.3302998838989404
WRD25,hrnet32,pixelate_0.25,72,8,0.5473302006721497,0.2700611352920532,0.1826087087392807,1.4339321982684337
WRD25,hrnet32,pixelate_0.25,73,8,0.4725109040737152,0.28266122937202454,0.2448277622461319,1.5233485093486199
WRD25,hrnet32,pixelate_0.25,74,8,0.6341789364814758,0.14353297650814056,0.22228816151618958,1.300903933980787
WRD25,hrnet32,pixelate_0.25,75,8,0.5537721514701843,0.1693185269832611,0.2769092619419098,1.418970286835123
WRD25,hrnet32,pixelate_0.25,76,8,0.38003697991371155,0.4675252437591553,0.1524377465248108,1.456943563879961
WRD25,hrnet32,pixelate_0.25,77,8,0.7300897836685181,0.1573217660188675,0.11258843541145325,1.1058732521468428
WRD25,hrnet32,pixelate_0.25,78,8,0.7865099310874939,0.1163368821144104,0.09715315699577332,0.9603459896035064
WRD25,hrnet32,pixelate_0.25,79,8,0.21558603644371033,0.5029585957527161,0.281455397605896,1.4907008163329092
WRD25,hrnet32,pixelate_0.25,80,8,0.20199063420295715,0.5805336833000183,0.21747563779354095,1.4002583656035519
WRD25,hrnet32,pixelate_0.25,81,8,0.35865744948387146,0.18081320822238922,0.46052926778793335,1.4918775286850043
WRD25,hrnet32,pixelate_0.25,82,8,0.3629571795463562,0.14884573221206665,0.4881969690322876,1.4447571636085448
WRD25,hrnet32,pixelate_0.25,83,8,0.49983057379722595,0.11654752492904663,0.38362187147140503,1.3917486621810387
WRD25,hrnet32,pixelate_0.25,84,8,0.6153241991996765,0.27015161514282227,0.11452426016330719,1.2992081377757094
WRD25,hrnet32,pixelate_0.25,85,8,0.6939499378204346,0.18014074862003326,0.12590929865837097,1.1876425585431742
WRD25,hrnet32,pixelate_0.25,86,9,0.6020373702049255,0.12391022592782974,0.2740524113178253,1.3258189303350303
WRD25,hrnet32,pixelate_0.25,87,9,0.09641309082508087,0.6829980611801147,0.2205888032913208,1.1820479936707686
WRD25,hrnet32,pixelate_0.25,88,9,0.20561252534389496,0.4912030100822449,0.3031844198703766,1.494992312973884
WRD25,hrnet32,pixelate_0.25,89,9,0.2491624653339386,0.1380847692489624,0.6127529144287109,1.326938049636007
WRD25,hrnet32,pixelate_0.25,90,9,0.2021433711051941,0.07791472971439362,0.7199419140815735,1.0944192856804578
WRD25,hrnet32,pixelate_0.25,91,9,0.30290529131889343,0.06751972436904907,0.6295750141143799,1.2047507104810786
WRD25,hrnet32,pixelate_0.25,92,9,0.048576220870018005,0.6148555874824524,0.3365682363510132,1.1721581519877111
WRD25,hrnet32,pixelate_0.25,93,9,0.2414061427116394,0.6553739309310913,0.10321998596191406,1.2326873178514228
WRD25,hrnet32,pixelate_0.25,94,9,0.12695859372615814,0.34495896100997925,0.528082549571991,1.3941647174023404
WRD25,hrnet32,pixelate_0.25,95,9,0.354984313249588,0.17121462523937225,0.4738010764122009,1.4769313904409551
WRD25,hrnet32,pixelate_0.25,96,9,0.23668880760669708,0.08246787637472153,0.6808434128761292,1.1665465867551266
WRD25,hrnet32,pixelate_0.25,97,10,0.6575528383255005,0.27702856063842773,0.06541868299245834,1.1680964579667648
WRD25,hrnet32,pixelate_0.25,98,10,0.5956898331642151,0.25596651434898376,0.14834362268447876,1.3568098309307106
WRD25,hrnet32,pixelate_0.25,99,10,0.2874346375465393,0.45867663621902466,0.2538887560367584,1.5348900694849803
WRD25,hrnet32,pixelate_0.25,100,10,0.594748318195343,0.20345188677310944,0.20179982483386993,1.379186706282101
WRD25,hrnet32,pixelate_0.25,101,10,0.6175215244293213,0.1845998913049698,0.19787849485874176,1.3419194765305462
WRD25,hrnet32,pixelate_0.25,102,10,0.5689071416854858,0.15655606985092163,0.274536669254303,1.3937574671954014
WRD25,hrnet32,pixelate_0.25,103,10,0.6867128610610962,0.21476681530475616,0.09852030128240585,1.178347725323079
WRD25,hrnet32,pixelate_0.25,104,10,0.6094775795936584,0.25445595383644104,0.13606643676757812,1.329356762017444
WRD25,hrnet32,pixelate_0.25,105,10,0.6736373901367188,0.30498912930488586,0.02137359417974949,1.0250232176415248
WRD25,hrnet32,pixelate_0.25,106,10,0.7879151701927185,0.19112855195999146,0.020956208929419518,0.8441136031045121
WRD25,hrnet32,pixelate_0.25,107,11,0.48636212944984436,0.3279130458831787,0.1857248842716217,1.4843337394369835
WRD25,hrnet32,pixelate_0.25,108,11,0.2295818030834198,0.6034647226333618,0.16695351898670197,1.3582579436857656
WRD25,hrnet32,pixelate_0.25,109,11,0.2907443940639496,0.5339565873146057,0.1752990335226059,1.4418688718286101
WRD25,hrnet32,pixelate_0.25,110,11,0.23994287848472595,0.6092144846916199,0.15084266662597656,1.3413062128260316
WRD25,hrnet32,pixelate_0.25,111,11,0.19373789429664612,0.669844388961792,0.1364177167415619,1.2380257672492343
WRD25,hrnet32,pixelate_0.25,112,11,0.21700480580329895,0.37941718101501465,0.40357810258865356,1.53711783357751
WRD25,hrnet32,pixelate_0.25,113,11,0.6015637516975403,0.18233156204223633,0.21610459685325623,1.3663971597009454
WRD25,hrnet32,pixelate_0.25,114,12,0.49508675932884216,0.427878201007843,0.07703506946563721,1.3110764489367035
WRD25,hrnet32,pixelate_0.25,115,13,0.8371325731277466,0.030558347702026367,0.13230909407138824,0.7545595521798625
WRD25,hrnet32,pixelate_0.25,116,13,0.8713472485542297,0.025009848177433014,0.10364289581775665,0.6451500207112959
WRD25,hrnet32,pixelate_0.25,117,13,0.06831149756908417,0.6045397520065308,0.32714882493019104,1.2307920344475152
WRD25,hrnet32,pixelate_0.25,118,13,0.7537145018577576,0.05566657707095146,0.19061897695064545,0.9952278115465827
WRD25,hrnet32,pixelate_0.25,119,13,0.7218238711357117,0.059698715806007385,0.21847745776176453,1.0616410238849725
WRD25,hrnet32,pixelate_0.25,120,13,0.30336570739746094,0.5154213309288025,0.181212916970253,1.4614389353119184
WRD25,hrnet32,pixelate_0.25,121,14,0.587127685546875,0.39747869968414307,0.01539359800517559,1.0728202594596876
WRD25,hrnet32,pixelate_0.25,122,14,0.5212427973747253,0.3947065770626068,0.08405068516731262,1.319592875567119
WRD25,hrnet32,pixelate_0.25,123,14,0.7729310393333435,0.19312681257724762,0.033942047506570816,0.9110460175902353
WRD25,hrnet32,pixelate_0.25,124,14,0.5950451493263245,0.37651798129081726,0.028436804190278053,1.1222933547777216
WRD25,hrnet32,pixelate_0.25,125,14,0.7690931558609009,0.024083321914076805,0.20682348310947418,0.8909958395891742
WRD25,hrnet32,pixelate_0.25,126,15,0.21590861678123474,0.48753786087036133,0.2965536117553711,1.5028212936333853
WRD25,hrnet32,pixelate_0.25,127,15,0.5112662315368652,0.13289177417755127,0.3558419346809387,1.4122191308426029
WRD25,hrnet32,pixelate_0.25,128,15,0.2725810706615448,0.30695173144340515,0.4204671084880829,1.559732349380406
WRD25,hrnet32,pixelate_0.25,129,15,0.23774223029613495,0.362118124961853,0.40013957023620605,1.552154654525428
WRD25,hrnet32,pixelate_0.25,130,15,0.3439269959926605,0.21733121573925018,0.4387418329715729,1.5296272369110226
WRD25,hrnet32,pixelate_0.25,131,15,0.24749870598316193,0.37189650535583496,0.3806047737598419,1.55971814382233
WRD25,hrnet32,pixelate_0.25,132,15,0.27855348587036133,0.32368215918540955,0.3977644443511963,1.5694217285480465
WRD25,hrnet32,pixelate_0.25,133,15,0.6147276163101196,0.08220908790826797,0.30306321382522583,1.249823022270288
WRD25,hrnet32,pixelate_0.25,134,15,0.26082852482795715,0.3464745879173279,0.39269688725471497,1.5650791874911565
WRD25,hrnet32,pixelate_0.25,135,15,0.4057914912700653,0.08934397995471954,0.5048645734786987,1.337141889480234
WRD25,hrnet32,pixelate_0.25,136,15,0.3225252330303192,0.1698436141014099,0.5076310634613037,1.4574784001395211
WRD25,hrnet32,pixelate_0.25,137,15,0.3701610863208771,0.21056094765663147,0.41927793622016907,1.5297868545324578
WRD25,hrnet32,pixelate_0.25,138,15,0.417142778635025,0.17166481912136078,0.4111923277378082,1.4898034094477872
WRD25,hrnet32,pixelate_0.25,139,15,0.4608972668647766,0.017787527292966843,0.5213151574134827,1.1083610502532502
WRD25,hrnet32,pixelate_0.25,140,15,0.5074491500854492,0.01732589490711689,0.4752248525619507,1.1080624356529594
WRD25,hrnet32,pixelate_0.25,141,16,0.07965263724327087,0.5866925716400146,0.33365488052368164,1.2704654811925744
WRD25,hrnet32,pixelate_0.25,142,16,0.04973156005144119,0.47531113028526306,0.47495725750923157,1.2355239008252443
WRD25,hrnet32,pixelate_0.25,143,16,0.08412157744169235,0.560563862323761,0.35531461238861084,1.2989533358643235
WRD25,hrnet32,pixelate_0.25,144,16,0.047259751707315445,0.6449936628341675,0.307746559381485,1.1393732101419698
WRD25,hrnet32,pixelate_0.25,145,16,0.04691692441701889,0.6646165251731873,0.28846651315689087,1.1161800628826084
WRD25,hrnet32,pixelate_0.25,146,16,0.11353933066129684,0.6363750100135803,0.25008559226989746,1.2713665530737936
WRD25,hrnet32,pixelate_0.25,147,16,0.08623136579990387,0.5667932629585266,0.3469754457473755,1.299011148390555
WRD25,hrnet32,pixelate_0.25,148,17,0.07637566328048706,0.5230128765106201,0.4006114602088928,1.3011669245039301
WRD25,hrnet32,pixelate_0.25,149,17,0.016117429360747337,0.3657667636871338,0.6181159019470215,1.0557159682914028
WRD25,hrnet32,pixelate_0.25,150,17,0.054887592792510986,0.46349215507507324,0.4816201627254486,1.2516685864397628
WRD25,hrnet32,pixelate_0.25,151,17,0.5022651553153992,0.3819643259048462,0.11577053368091583,1.3894663247742154
WRD25,hrnet32,pixelate_0.25,152,18,0.28644534945487976,0.309933602809906,0.40362104773521423,1.5687408769502098
WRD25,hrnet32,pixelate_0.25,153,18,0.5745059251785278,0.052930526435375214,0.37256357073783875,1.2144861064749732
WRD25,hrnet32,pixelate_0.25,154,18,0.739959716796875,0.026054957881569862,0.23398536443710327,0.9489263091284033
WRD25,hrnet32,pixelate_0.25,155,18,0.4871889352798462,0.07079356908798218,0.44201743602752686,1.2964999364991066
WRD25,hrnet32,pixelate_0.25,156,18,0.7909492254257202,0.025082074105739594,0.18396878242492676,0.8503162850826824
WRD25,hrnet32,pixelate_0.25,157,18,0.26768675446510315,0.5563008785247803,0.176012322306633,1.4207714715342767
WRD25,hrnet32,pixelate_0.25,158,18,0.07556365430355072,0.4450738728046417,0.47936248779296875,1.309869922099184
WRD25,hrnet32,pixelate_0.25,159,18,0.7591431140899658,0.03988960012793541,0.20096728205680847,0.9524353903450757
WRD25,hrnet32,pixelate_0.25,160,18,0.71391361951828,0.17629189789295197,0.10979454964399338,1.1384463095439128
WRD25,hrnet32,pixelate_0.25,161,18,0.6129801869392395,0.23214586079120636,0.15487393736839294,1.3386650611227424
WRD25,hrnet32,pixelate_0.25,162,18,0.07168310135602951,0.6493422389030457,0.2789747416973114,1.1908761797638707
WRD25,hrnet32,pixelate_0.25,163,18,0.11121644079685211,0.5062973499298096,0.3824862241744995,1.3798758842428271
WRD25,hrnet32,pixelate_0.25,164,18,0.6219038367271423,0.11873691529035568,0.259359210729599,1.2961337593992366
WRD25,hrnet32,pixelate_0.25,165,18,0.1397147923707962,0.41705521941185,0.44322994351387024,1.443202051369017
WRD25,hrnet32,pixelate_0.25,166,18,0.029970962554216385,0.4716376066207886,0.4983915090560913,1.1637429036156237
WRD25,hrnet32,pixelate_0.25,167,18,0.0037076526787132025,0.4077901244163513,0.5885022282600403,1.0077957539552658
WRD25,hrnet32,pixelate_0.25,168,18,0.4889204502105713,0.23465776443481445,0.27642184495925903,1.5082607493636946
WRD25,hrnet32,pixelate_0.25,169,18,0.4906984865665436,0.3133152723312378,0.1959863007068634,1.4893781096541252
WRD25,hrnet32,pixelate_0.25,170,19,0.0811590701341629,0.7810384631156921,0.13780257105827332,0.9665373219149132
WRD25,hrnet32,pixelate_0.25,171,19,0.5053309798240662,0.31419166922569275,0.1804773509502411,1.4681871654949668
WRD25,hrnet32,pixelate_0.25,172,19,0.6444652080535889,0.30591893196105957,0.04961583390831947,1.1462144740477411
WRD25,hrnet32,pixelate_0.25,173,19,0.628502607345581,0.32572507858276367,0.045772258192300797,1.1518731070225225
WRD25,hrnet32,pixelate_0.25,174,20,0.34132155776023865,0.17834991216659546,0.48032844066619873,1.4810580915151783
WRD25,hrnet32,pixelate_0.25,175,20,0.09862663596868515,0.3922985792160034,0.5090747475624084,1.3550564866883248
WRD25,hrnet32,pixelate_0.25,176,20,0.13501425087451935,0.3933885097503662,0.47159725427627563,1.4309090274397218
WRD25,hrnet32,pixelate_0.25,177,20,0.064361572265625,0.32776138186454773,0.6078771948814392,1.218727511209964
WRD25,hrnet32,pixelate_0.25,178,21,0.032873835414648056,0.39969000220298767,0.5674362182617188,1.1546371614144113
WRD25,hrnet32,pixelate_0.25,179,21,0.6792765855789185,0.06259753555059433,0.258125901222229,1.1335775236747287
WRD25,hrnet32,pixelate_0.25,180,21,0.06693845242261887,0.6005216240882874,0.33254000544548035,1.2311458352129871
WRD25,hrnet32,pixelate_0.25,181,21,0.07204048335552216,0.6216403841972351,0.3063191771507263,1.2226017330693217
WRD25,hrnet32,pixelate_0.25,182,21,0.12138991802930832,0.42966026067733765,0.4489498436450958,1.4116475534628847
WRD25,hrnet32,pixelate_0.25,183,21,0.5178179144859314,0.31947001814842224,0.1627121865749359,1.443827940231789
WRD25,hrnet32,pixelate_0.25,184,21,0.1217924952507019,0.5413566827774048,0.3368508219718933,1.378029032206269
WRD25,hrnet32,pixelate_0.25,185,22,0.10842672735452652,0.3280048668384552,0.5635683536529541,1.341292395124206
WRD25,hrnet32,pixelate_0.25,186,22,0.4908227324485779,0.3880821466445923,0.12109517306089401,1.402722343794056
WRD25,hrnet32,pixelate_0.25,187,22,0.08669149875640869,0.3929201066493988,0.5203884243965149,1.3257623818514785
WRD25,hrnet32,pixelate_0.25,188,22,0.0755973532795906,0.7666507363319397,0.15775194764137268,0.9958354948360248
WRD25,hrnet32,pixelate_0.25,189,22,0.12416373193264008,0.6450943946838379,0.23074181377887726,1.2698314094155478
WRD25,hrnet32,pixelate_0.25,190,23,0.1404380351305008,0.5630046129226685,0.29655736684799194,1.3843754567754574
WRD25,hrnet32,pixelate_0.25,191,23,0.6739358305931091,0.07186465710401535,0.2541995644569397,1.1589560823493126
WRD25,hrnet32,pixelate_0.25,192,23,0.7599334120750427,0.04590567201375961,0.19416092336177826,0.964162167716987
WRD25,hrnet32,pixelate_0.25,193,23,0.8325374722480774,0.04547102004289627,0.12199153006076813,0.793147022650013
WRD25,hrnet32,pixelate_0.25,194,24,0.77571702003479,0.07860209047794342,0.14568081498146057,0.9774986551240268
WRD25,hrnet32,pixelate_0.25,195,24,0.5510537028312683,0.20500369369983673,0.24394258856773376,1.4389731612743586
WRD25,hrnet32,pixelate_0.25,196,24,0.5286662578582764,0.38702404499053955,0.0843096449971199,1.3170075716929028
WRD25,hrnet32,pixelate_0.25,197,24,0.6810023188591003,0.17377588152885437,0.1452217847108841,1.2204396153604926
WRD25,hrnet32,pixelate_0.25,198,24,0.3549913465976715,0.40895703434944153,0.23605166375637054,1.5496085920989067
WRD25,hrnet32,pixelate_0.25,199,24,0.6812279224395752,0.024434687569737434,0.2943374514579773,1.027449295125259
WRD25,hrnet32,scratch_severe,0,0,0.7659866213798523,0.026859093457460403,0.20715422928333282,0.9052613724594905
WRD25,hrnet32,scratch_severe,1,0,0.5674372911453247,0.03791308403015137,0.39464959502220154,1.172220608914993
WRD25,hrnet32,scratch_severe,2,0,0.3586461544036865,0.04611709341406822,0.5952368378639221,1.1807760328363945
WRD25,hrnet32,scratch_severe,3,0,0.44120723009109497,0.06085063889622688,0.497942179441452,1.2674879132689192
WRD25,hrnet32,scratch_severe,4,0,0.4912775456905365,0.014886309392750263,0.49383610486984253,1.0967826172699335
WRD25,hrnet32,scratch_severe,5,0,0.42646682262420654,0.250159353017807,0.3233737647533417,1.551114473170077
WRD25,hrnet32,scratch_severe,6,0,0.5367376208305359,0.05705655366182327,0.4062058925628662,1.2455150716836787
WRD25,hrnet32,scratch_severe,7,0,0.4774170517921448,0.04491564258933067,0.47766733169555664,1.2194774149132526
WRD25,hrnet32,scratch_severe,8,0,0.5244316458702087,0.06213326007127762,0.413435161113739,1.2642241477963712
WRD25,hrnet32,scratch_severe,9,0,0.5247852206230164,0.00968592707067728,0.46552884578704834,1.0664586624911099
WRD25,hrnet32,scratch_severe,10,0,0.36708664894104004,0.08358656615018845,0.5493268966674805,1.3047884415485478
WRD25,hrnet32,scratch_severe,11,0,0.42333054542541504,0.03845681995153427,0.5382126569747925,1.1867899209890513
WRD25,hrnet32,scratch_severe,12,0,0.47985807061195374,0.1078164204955101,0.41232553124427795,1.3817869633223685
WRD25,hrnet32,scratch_severe,13,0,0.5182440280914307,0.09500788152217865,0.3867480456829071,1.3441289982065636
WRD25,hrnet32,scratch_severe,14,0,0.41820549964904785,0.06759440153837204,0.5142001509666443,1.2821454730173376
WRD25,hrnet32,scratch_severe,15,0,0.43905624747276306,0.02874044142663479,0.5322032570838928,1.152841137853112
WRD25,hrnet32,scratch_severe,16,0,0.41956183314323425,0.08010228723287582,0.5003358125686646,1.3173144285674276
WRD25,hrnet32,scratch_severe,17,0,0.5305421948432922,0.03895175829529762,0.43050616979599,1.1909885772159376
WRD25,hrnet32,scratch_severe,18,1,0.6362370252609253,0.055541470646858215,0.3082214891910553,1.170030019920869
WRD25,hrnet32,scratch_severe,19,1,0.5937067270278931,0.09471026808023453,0.311583012342453,1.2927992848794858
WRD25,hrnet32,scratch_severe,20,1,0.7654927968978882,0.09441950172185898,0.14008773863315582,1.01383680733273
WRD25,hrnet32,scratch_severe,21,1,0.6670117974281311,0.09545813500881195,0.23752999305725098,1.205779372036526
WRD25,hrnet32,scratch_severe,22,1,0.48505744338035583,0.0380726084113121,0.47686997056007385,1.1952614051791954
WRD25,hrnet32,scratch_severe,23,1,0.7343619465827942,0.06119018793106079,0.2044478803873062,1.0419678175289964
WRD25,hrnet32,scratch_severe,24,1,0.644646167755127,0.021865956485271454,0.33348798751831055,1.0572694386469617
WRD25,hrnet32,scratch_severe,25,2,0.01344527117908001,0.6252328157424927,0.3613220155239105,1.0378559163159604
WRD25,hrnet32,scratch_severe,26,2,0.014721899293363094,0.7445191740989685,0.24075886607170105,0.9010778045970086
WRD25,hrnet32,scratch_severe,27,2,0.6362444162368774,0.08465958386659622,0.27909597754478455,1.2304872850244406
WRD25,hrnet32,scratch_severe,28,2,0.03491251915693283,0.5260760188102722,0.4390113949775696,1.1778729357075504
WRD25,hrnet32,scratch_severe,29,2,0.4103452265262604,0.028960369527339935,0.5606943964958191,1.1433306703567925
WRD25,hrnet32,scratch_severe,30,2,0.6471100449562073,0.015913747251033783,0.33697617053985596,1.030203958573676
WRD25,hrnet32,scratch_severe,31,2,0.0767427459359169,0.5936142802238464,0.32964304089546204,1.2586447677569468
WRD25,hrnet32,scratch_severe,32,2,0.08742745965719223,0.7245799899101257,0.18799245357513428,1.09744476929
WRD25,hrnet32,scratch_severe,33,2,0.056624636054039,0.774843692779541,0.1685316562652588,0.9526659123968444
WRD25,hrnet32,scratch_severe,34,2,0.5274150967597961,0.07309328764677048,0.39949163794517517,1.2914932598470497
WRD25,hrnet32,scratch_severe,35,2,0.6964569091796875,0.04464409127831459,0.258899062871933,1.068456383021421
WRD25,hrnet32,scratch_severe,36,3,0.06565943360328674,0.08739630877971649,0.8469443321228027,0.7682560805679861
WRD25,hrnet32,scratch_severe,37,3,0.6478868126869202,0.03654639795422554,0.31556686758995056,1.1052727172731813
WRD25,hrnet32,scratch_severe,38,3,0.5021034479141235,0.4195001721382141,0.07839629799127579,1.3127589692844885
WRD25,hrnet32,scratch_severe,39,3,0.049632277339696884,0.5459501147270203,0.4044175446033478,1.2199395922459595
WRD25,hrnet32,scratch_severe,40,3,0.4063628613948822,0.0885343924164772,0.5051027536392212,1.3352932881040929
WRD25,hrnet32,scratch_severe,41,4,0.03265179693698883,0.8363479971885681,0.13100020587444305,0.7609627587421803
WRD25,hrnet32,scratch_severe,42,4,0.0860665962100029,0.7386232018470764,0.17531020939350128,1.067765157019097
WRD25,hrnet32,scratch_severe,43,4,0.0137919457629323,0.7298745512962341,0.25633347034454346,0.9202166240374533
WRD25,hrnet32,scratch_severe,44,4,0.7695690393447876,0.09567641466856003,0.13475458323955536,1.0043891799395421
WRD25,hrnet32,scratch_severe,45,4,0.6393941044807434,0.03359734266996384,0.32700851559638977,1.104361539411189
WRD25,hrnet32,scratch_severe,46,5,0.9476209878921509,0.04249061644077301,0.009888429194688797,0.3330272903017414
WRD25,hrnet32,scratch_severe,47,5,0.06370282918214798,0.023308036848902702,0.9129889607429504,0.4993628578759225
WRD25,hrnet32,scratch_severe,48,5,0.08995147049427032,0.043860722333192825,0.8661877512931824,0.6899236301858911
WRD25,hrnet32,scratch_severe,49,5,0.12530946731567383,0.02096744254231453,0.8537231087684631,0.6871750253874827
WRD25,hrnet32,scratch_severe,50,6,0.7750637531280518,0.04181789979338646,0.18311837315559387,0.9249231804148472
WRD25,hrnet32,scratch_severe,51,6,0.5178465843200684,0.06806499511003494,0.4140883684158325,1.2822454087530457
WRD25,hrnet32,scratch_severe,52,6,0.7802796363830566,0.10808847844600677,0.11163187772035599,0.9793356911118096
WRD25,hrnet32,scratch_severe,53,7,0.583953320980072,0.023545775562524796,0.3925008773803711,1.110111108324095
WRD25,hrnet32,scratch_severe,54,7,0.5440402626991272,0.012340685352683067,0.4436190128326416,1.0762201362703898
WRD25,hrnet32,scratch_severe,55,7,0.07058608531951904,0.579328715801239,0.35008513927459717,1.256309202668699
WRD25,hrnet32,scratch_severe,56,7,0.03392323479056358,0.49603280425071716,0.47004395723342896,1.179272668163155
WRD25,hrnet32,scratch_severe,57,7,0.47419610619544983,0.03496076166629791,0.49084311723709106,1.1835220203565875
WRD25,hrnet32,scratch_severe,58,7,0.6985810995101929,0.05258175730705261,0.24883714318275452,1.0842994207839582
WRD25,hrnet32,scratch_severe,59,7,0.5610564351081848,0.029655305668711662,0.4092882573604584,1.1458114620623723
WRD25,hrnet32,scratch_severe,60,7,0.40182361006736755,0.12272026389837265,0.47545620799064636,1.4099463593502093
WRD25,hrnet32,scratch_severe,61,7,0.01839963160455227,0.6701999306678772,0.31140053272247314,1.017125624635796
WRD25,hrnet32,scratch_severe,62,7,0.621952474117279,0.06493759900331497,0.3131099343299866,1.20682057117729
WRD25,hrnet32,scratch_severe,63,7,0.032095473259687424,0.362953782081604,0.6049507260322571,1.128587402075191
WRD25,hrnet32,scratch_severe,64,7,0.4294193983078003,0.04059641808271408,0.529984176158905,1.196805814493922
WRD25,hrnet32,scratch_severe,65,7,0.587280809879303,0.06403519958257675,0.3486839234828949,1.2348611948430288
WRD25,hrnet32,scratch_severe,66,7,0.6120912432670593,0.06269301474094391,0.32521581649780273,1.210987003790692
WRD25,hrnet32,scratch_severe,67,7,0.5649387836456299,0.030891889706254005,0.40416935086250305,1.1486251283662468
WRD25,hrnet32,scratch_severe,68,7,0.5024369359016418,0.05658234283328056,0.4409806728363037,1.2542537540927459
WRD25,hrnet32,scratch_severe,69,8,0.6255574822425842,0.1387270838022232,0.23571547865867615,1.3101347924885236
WRD25,hrnet32,scratch_severe,70,8,0.6490105986595154,0.03753538802266121,0.3134540319442749,1.1071515591695689
WRD25,hrnet32,scratch_severe,71,8,0.05531683191657066,0.4702420234680176,0.4744410812854767,1.2532365858510177
WRD25,hrnet32,scratch_severe,72,8,0.5551851391792297,0.05361517518758774,0.3911997079849243,1.2273440002261478
WRD25,hrnet32,scratch_severe,73,8,0.05010736733675003,0.5321270227432251,0.41776567697525024,1.2267895475390445
WRD25,hrnet32,scratch_severe,74,8,0.6521791219711304,0.09420951455831528,0.25361138582229614,1.225212331488649
WRD25,hrnet32,scratch_severe,75,8,0.6178113222122192,0.02280125766992569,0.35938742756843567,1.0842020361885893
WRD25,hrnet32,scratch_severe,76,8,0.640343964099884,0.0761457160115242,0.2835102677345276,1.2102525925154357
WRD25,hrnet32,scratch_severe,77,8,0.6608413457870483,0.02931823395192623,0.3098404109477997,1.0679799769756868
WRD25,hrnet32,scratch_severe,78,8,0.6292170286178589,0.201426699757576,0.1693563163280487,1.320050965866183
WRD25,hrnet32,scratch_severe,79,8,0.5128500461578369,0.04624629765748978,0.4409036934375763,1.220067278526527
WRD25,hrnet32,scratch_severe,80,8,0.46850618720054626,0.05137763172388077,0.4801163077354431,1.240740307334598
WRD25,hrnet32,scratch_severe,81,8,0.45045602321624756,0.2662529945373535,0.28329089283943176,1.542068713434238
WRD25,hrnet32,scratch_severe,82,8,0.42251822352409363,0.4953703284263611,0.08211149275302887,1.3232889371604704
WRD25,hrnet32,scratch_severe,83,8,0.48133623600006104,0.06175331771373749,0.45691046118736267,1.2721539037171048
WRD25,hrnet32,scratch_severe,84,8,0.5844913125038147,0.060818325728178024,0.3546903431415558,1.2288917161822983
WRD25,hrnet32,scratch_severe,85,8,0.7910019755363464,0.06593447178602219,0.1430635303258896,0.9275352895288078
WRD25,hrnet32,scratch_severe,86,9,0.31509342789649963,0.14404156804084778,0.5408650040626526,1.4072155139452858
WRD25,hrnet32,scratch_severe,87,9,0.23721496760845184,0.16701534390449524,0.5957696437835693,1.3687630631157865
WRD25,hrnet32,scratch_severe,88,9,0.30367860198020935,0.08938088268041611,0.606940507888794,1.270756474515784
WRD25,hrnet32,scratch_severe,89,9,0.2218451052904129,0.10503024607896805,0.6731247305870056,1.2077878636783759
WRD25,hrnet32,scratch_severe,90,9,0.2390308827161789,0.0696088969707489,0.6913601160049438,1.1292945856633272
WRD25,hrnet32,scratch_severe,91,9,0.10938193649053574,0.3613952696323395,0.5292227864265442,1.3657171294520623
WRD25,hrnet32,scratch_severe,92,9,0.3549310863018036,0.1255112737417221,0.5195575952529907,1.3969970446953688
WRD25,hrnet32,scratch_severe,93,9,0.1908954381942749,0.17799484729766846,0.6311097741127014,1.3183809553838892
WRD25,hrnet32,scratch_severe,94,9,0.02558567002415657,0.5842174887657166,0.39019691944122314,1.1181061597545967
WRD25,hrnet32,scratch_severe,95,9,0.0471857413649559,0.5244266986846924,0.42838743329048157,1.2201392486533105
WRD25,hrnet32,scratch_severe,96,9,0.1967020481824875,0.10905976593494415,0.6942381262779236,1.175604380364948
WRD25,hrnet32,scratch_severe,97,10,0.04729420319199562,0.7367695569992065,0.21593624353408813,1.010408050040747
WRD25,hrnet32,scratch_severe,98,10,0.04622500389814377,0.5039111971855164,0.44986382126808167,1.2217038133072697
WRD25,hrnet32,scratch_severe,99,10,0.04125938564538956,0.6327350735664368,0.3260055482387543,1.134730458191676
WRD25,hrnet32,scratch_severe,100,10,0.7946851849555969,0.19187362492084503,0.01344122551381588,0.8040394805996467
WRD25,hrnet32,scratch_severe,101,10,0.4174458980560303,0.5205297470092773,0.0620243065059185,1.2652158525111288
WRD25,hrnet32,scratch_severe,102,10,0.6007883548736572,0.3163038194179535,0.0829077810049057,1.2647154313783204
WRD25,hrnet32,scratch_severe,103,10,0.728831946849823,0.11199790239334106,0.15917004644870758,1.1083539793550687
WRD25,hrnet32,scratch_severe,104,10,0.010004410520195961,0.028372030705213547,0.9616235494613647,0.26656562080757273
WRD25,hrnet32,scratch_severe,105,10,0.8751876354217529,0.06254478543996811,0.06226755678653717,0.6678492975441046
WRD25,hrnet32,scratch_severe,106,10,0.035088468343019485,0.6823691725730896,0.2825423777103424,1.0610243199798988
WRD25,hrnet32,scratch_severe,107,11,0.4891965091228485,0.013202520087361336,0.49760088324546814,1.0880906686507488
WRD25,hrnet32,scratch_severe,108,11,0.28519272804260254,0.00023202681040856987,0.7145752906799316,0.8654537868777123
WRD25,hrnet32,scratch_severe,109,11,0.4887197017669678,0.4438687860965729,0.06741151958703995,1.2872207680088044
WRD25,hrnet32,scratch_severe,110,11,0.0009300721576437354,0.7655106782913208,0.23355939984321594,0.7945149044267024
WRD25,hrnet32,scratch_severe,111,11,0.004718602169305086,0.6479377150535583,0.34734368324279785,0.9720140256188745
WRD25,hrnet32,scratch_severe,112,11,0.042787279933691025,0.3027476668357849,0.6544650793075562,1.1166985861378027
WRD25,hrnet32,scratch_severe,113,11,0.08708186447620392,0.33540579676628113,0.5775122046470642,1.2926977028946527
WRD25,hrnet32,scratch_severe,114,12,0.874909520149231,0.0571330301463604,0.06795749813318253,0.6682325258372315
WRD25,hrnet32,scratch_severe,115,13,0.7136223912239075,0.09894256293773651,0.18743503093719482,1.1303218639297856
WRD25,hrnet32,scratch_severe,116,13,0.7704231142997742,0.07012255489826202,0.1594543606042862,0.9811011469889428
WRD25,hrnet32,scratch_severe,117,13,0.5194224119186401,0.10501401126384735,0.3755636215209961,1.3629242596677567
WRD25,hrnet32,scratch_severe,118,13,0.6808504462242126,0.053542353212833405,0.2656072676181793,1.1117210927813095
WRD25,hrnet32,scratch_severe,119,13,0.5710393190383911,0.08876574039459229,0.3401948809623718,1.300923061256714
WRD25,hrnet32,scratch_severe,120,13,0.18708844482898712,0.4991944134235382,0.31371718645095825,1.4774549497490717
WRD25,hrnet32,scratch_severe,121,14,0.6752486824989319,0.06618078052997589,0.2585706114768982,1.1463609682043345
WRD25,hrnet32,scratch_severe,122,14,0.4983613193035126,0.048587169498205185,0.4530515670776367,1.230220465771498
WRD25,hrnet32,scratch_severe,123,14,0.6753863096237183,0.0592278428375721,0.26538586616516113,1.1318254507499312
WRD25,hrnet32,scratch_severe,124,14,0.8850984573364258,0.05802435427904129,0.056877221912145615,0.6294191199514128
WRD25,hrnet32,scratch_severe,125,14,0.6224981546401978,0.029530128464102745,0.34797167778015137,1.105709310815429
WRD25,hrnet32,scratch_severe,126,15,0.5095123648643494,0.033138830214738846,0.45734864473342896,1.1747266624958594
WRD25,hrnet32,scratch_severe,127,15,0.43190205097198486,0.28621357679367065,0.28188449144363403,1.5546519989318228
WRD25,hrnet32,scratch_severe,128,15,0.37399354577064514,0.07828570902347565,0.5477208495140076,1.2940619375589804
WRD25,hrnet32,scratch_severe,129,15,0.39117005467414856,0.11448930203914642,0.49434059858322144,1.3901304077883985
WRD25,hrnet32,scratch_severe,130,15,0.48334425687789917,0.143988236784935,0.3726676404476166,1.4402495743524288
WRD25,hrnet32,scratch_severe,131,15,0.4327464997768402,0.08791004121303558,0.4793435037136078,1.3398270583535754
WRD25,hrnet32,scratch_severe,132,15,0.4340841472148895,0.15142284333705902,0.41449296474456787,1.461640416242406
WRD25,hrnet32,scratch_severe,133,15,0.5577978491783142,0.03663584217429161,0.40556636452674866,1.1725877500905209
WRD25,hrnet32,scratch_severe,134,15,0.4241776466369629,0.04033520817756653,0.5354870557785034,1.1941578277289184
WRD25,hrnet32,scratch_severe,135,15,0.4119713008403778,0.09331732243299484,0.49471136927604675,1.3486752861852258
WRD25,hrnet32,scratch_severe,136,15,0.4053935110569,0.1121692955493927,0.4824371039867401,1.3894267160305562
WRD25,hrnet32,scratch_severe,137,15,0.44001299142837524,0.04894808679819107,0.5110389590263367,1.2291336707561134
WRD25,hrnet32,scratch_severe,138,15,0.4825262725353241,0.1001887395977974,0.4172850251197815,1.3659896304048704
WRD25,hrnet32,scratch_severe,139,15,0.45488500595092773,0.08447428792715073,0.4606407582759857,1.3332512614438738
WRD25,hrnet32,scratch_severe,140,15,0.4882875084877014,0.09516245126724243,0.41655004024505615,1.3542011803842167
WRD25,hrnet32,scratch_severe,141,16,0.0256231427192688,0.30585333704948425,0.6685234308242798,1.0465633291002112
WRD25,hrnet32,scratch_severe,142,16,0.08017737418413162,0.7662844657897949,0.15353819727897644,1.0012531895701042
WRD25,hrnet32,scratch_severe,143,16,0.08434354513883591,0.09115301072597504,0.8245034217834473,0.8454313488241048
WRD25,hrnet32,scratch_severe,144,16,0.04942139983177185,0.819663941860199,0.13091477751731873,0.833595986117567
WRD25,hrnet32,scratch_severe,145,16,0.06366122514009476,0.08944552391767502,0.846893310546875,0.7675201048929191
WRD25,hrnet32,scratch_severe,146,16,0.9572255611419678,0.011760971508920193,0.03101355768740177,0.29116518800011326
WRD25,hrnet32,scratch_severe,147,16,0.06976199895143509,0.04733756557106972,0.8829004764556885,0.6349484634663487
WRD25,hrnet32,scratch_severe,148,17,0.568691074848175,0.3402429223060608,0.09106608480215073,1.3070868837167768
WRD25,hrnet32,scratch_severe,149,17,0.6727657318115234,0.07564643770456314,0.25158777832984924,1.1673326247746076
WRD25,hrnet32,scratch_severe,150,17,0.7374159097671509,0.006836308632045984,0.25574779510498047,0.8763363768919833
WRD25,hrnet32,scratch_severe,151,17,0.6638994216918945,0.04659293591976166,0.28950756788253784,1.1161897099426588
WRD25,hrnet32,scratch_severe,152,18,0.03925302252173424,0.5220744609832764,0.4386724531650543,1.1943745658141132
WRD25,hrnet32,scratch_severe,153,18,0.5825270414352417,0.026584705337882042,0.3908883035182953,1.1229853133887682
WRD25,hrnet32,scratch_severe,154,18,0.006509912665933371,0.6826722621917725,0.31081777811050415,0.9472488749215202
WRD25,hrnet32,scratch_severe,155,18,0.005034966394305229,0.37684428691864014,0.6181206703186035,0.9980176380200827
WRD25,hrnet32,scratch_severe,156,18,0.6442064642906189,0.02861887589097023,0.327174574136734,1.0827755984098106
WRD25,hrnet32,scratch_severe,157,18,0.642497181892395,0.05569262057542801,0.3018101155757904,1.163716616839091
WRD25,hrnet32,scratch_severe,158,18,0.6214699745178223,0.01413400936871767,0.36439600586891174,1.0440426845409534
WRD25,hrnet32,scratch_severe,159,18,0.5839507579803467,0.019168119877576828,0.3968811631202698,1.0916805740005588
WRD25,hrnet32,scratch_severe,160,18,0.6793460249900818,0.03982052579522133,0.28083333373069763,1.0786524799522494
WRD25,hrnet32,scratch_severe,161,18,0.7637898325920105,0.025109464302659035,0.21110068261623383,0.9041068656670506
WRD25,hrnet32,scratch_severe,162,18,0.6477527022361755,0.02641759254038334,0.3258296251296997,1.0714282836408482
WRD25,hrnet32,scratch_severe,163,18,0.6682388782501221,0.04679020494222641,0.28497081995010376,1.1114411027045077
WRD25,hrnet32,scratch_severe,164,18,0.613192081451416,0.050204548984766006,0.33660346269607544,1.1781093758050205
WRD25,hrnet32,scratch_severe,165,18,0.33051881194114685,0.6114717125892639,0.058009397238492966,1.2001070573003105
WRD25,hrnet32,scratch_severe,166,18,0.604144275188446,0.04281039163470268,0.35304537415504456,1.164146028850783
WRD25,hrnet32,scratch_severe,167,18,0.04020807147026062,0.9219849109649658,0.0378069169819355,0.4731076715005127
WRD25,hrnet32,scratch_severe,168,18,0.4407496452331543,0.05950133875012398,0.4997490644454956,1.26328931164353
WRD25,hrnet32,scratch_severe,169,18,0.5758020281791687,0.05821432173252106,0.36598366498947144,1.228096953471789
WRD25,hrnet32,scratch_severe,170,19,0.2909603714942932,0.02473972924053669,0.684299886226654,1.024784588346681
WRD25,hrnet32,scratch_severe,171,19,0.2836005687713623,0.6200950145721436,0.09630445390939713,1.268270862639587
WRD25,hrnet32,scratch_severe,172,19,0.029211292043328285,0.6485638618469238,0.32222485542297363,1.0805145223868349
WRD25,hrnet32,scratch_severe,173,19,0.7232940196990967,0.024485984817147255,0.2522200345993042,0.9702980912876611
WRD25,hrnet32,scratch_severe,174,20,0.05917298421263695,0.10816650837659836,0.8326603770256042,0.8084215341631913
WRD25,hrnet32,scratch_severe,175,20,0.3612827658653259,0.03576001524925232,0.6029572486877441,1.1425789237358226
WRD25,hrnet32,scratch_severe,176,20,0.11668827384710312,0.801622748374939,0.0816890224814415,0.9125704578360174
WRD25,hrnet32,scratch_severe,177,20,0.9271860718727112,0.05802652984857559,0.014787417836487293,0.4293506505681497
WRD25,hrnet32,scratch_severe,178,21,0.03622034937143326,0.8563085794448853,0.1074710413813591,0.71086804494923
WRD25,hrnet32,scratch_severe,179,21,0.6757769584655762,0.061622679233551025,0.2626003921031952,1.1363905713842988
WRD25,hrnet32,scratch_severe,180,21,0.711155116558075,0.07454454153776169,0.21430020034313202,1.1051840267298434
WRD25,hrnet32,scratch_severe,181,21,0.7689603567123413,0.18712684512138367,0.04391278699040413,0.9419188439118764
WRD25,hrnet32,scratch_severe,182,21,0.5652756690979004,0.07622893899679184,0.3584953248500824,1.2788480569057161
WRD25,hrnet32,scratch_severe,183,21,0.6481951475143433,0.04745735600590706,0.30434754490852356,1.1364504480323916
WRD25,hrnet32,scratch_severe,184,21,0.4386187493801117,0.09358210861682892,0.4677990972995758,1.3540548845781717
WRD25,hrnet32,scratch_severe,185,22,0.13623788952827454,0.776787281036377,0.08697490394115448,0.9812958117229204
WRD25,hrnet32,scratch_severe,186,22,0.8436139822006226,0.11188289523124695,0.044503048062324524,0.7603361268900115
WRD25,hrnet32,scratch_severe,187,22,0.12771596014499664,0.7151569724082947,0.15712694823741913,1.1446144868401507
WRD25,hrnet32,scratch_severe,188,22,0.6915254592895508,0.08729466050863266,0.22117988765239716,1.1565356942031326
WRD25,hrnet32,scratch_severe,189,22,0.09693962335586548,0.04010733217000961,0.8629530668258667,0.6959745472256953
WRD25,hrnet32,scratch_severe,190,23,0.133877694606781,0.780592679977417,0.0855296179652214,0.9707425359024702
WRD25,hrnet32,scratch_severe,191,23,0.09284047782421112,0.5835307240486145,0.32362884283065796,1.2985669776318454
WRD25,hrnet32,scratch_severe,192,23,0.7131446003913879,0.07922915369272232,0.20762626826763153,1.1085145898106477
WRD25,hrnet32,scratch_severe,193,23,0.8292375206947327,0.03749685361981392,0.13326574862003326,0.7891248176733847
WRD25,hrnet32,scratch_severe,194,24,0.8507558703422546,0.12290672957897186,0.026337353512644768,0.7082817916185331
WRD25,hrnet32,scratch_severe,195,24,0.8545134663581848,0.07322362810373306,0.07226278632879257,0.7439107269001749
WRD25,hrnet32,scratch_severe,196,24,0.0744679868221283,0.3044295012950897,0.6211023926734924,1.2281528580521706
WRD25,hrnet32,scratch_severe,197,24,0.5578617453575134,0.011976451613008976,0.43016180396080017,1.0697124035945211
WRD25,hrnet32,scratch_severe,198,24,0.015219885855913162,0.8258873224258423,0.15889275074005127,0.7415085330803677
WRD25,hrnet32,scratch_severe,199,24,0.5551327466964722,0.11188215017318726,0.33298513293266296,1.3531734403196434
WRD25,hrnet32,compound_mild,0,0,0.7614502310752869,0.029530538246035576,0.20901916921138763,0.9214760229367777
WRD25,hrnet32,compound_mild,1,0,0.5123723149299622,0.12989357113838196,0.3577341139316559,1.4073222967708956
WRD25,hrnet32,compound_mild,2,0,0.3184605836868286,0.21807555854320526,0.46346381306648254,1.5190526184501731
WRD25,hrnet32,compound_mild,3,0,0.35171565413475037,0.3038327097892761,0.3444516658782959,1.5820382509697843
WRD25,hrnet32,compound_mild,4,0,0.23488618433475494,0.2935420572757721,0.47157174348831177,1.5213888488284937
WRD25,hrnet32,compound_mild,5,0,0.21765348315238953,0.26865261793136597,0.5136939287185669,1.481899854248133
WRD25,hrnet32,compound_mild,6,0,0.5164272785186768,0.4270918071269989,0.05648089572787285,1.2507223980331459
WRD25,hrnet32,compound_mild,7,0,0.4971635937690735,0.013993761502206326,0.4888426959514618,1.0921909798047627
WRD25,hrnet32,compound_mild,8,0,0.48454567790031433,0.048575542867183685,0.46687883138656616,1.2315026662411435
WRD25,hrnet32,compound_mild,9,0,0.4879589378833771,0.046990178525447845,0.4650508463382721,1.2260837584608804
WRD25,hrnet32,compound_mild,10,0,0.2996988594532013,0.3200777769088745,0.38022342324256897,1.5774928016524123
WRD25,hrnet32,compound_mild,11,0,0.3378344476222992,0.21174338459968567,0.4504222869873047,1.5214187448669083
WRD25,hrnet32,compound_mild,12,0,0.4851287305355072,0.07014837116003036,0.44472286105155945,1.2950617935842688
WRD25,hrnet32,compound_mild,13,0,0.5152760148048401,0.3960953652858734,0.08862856775522232,1.3319722495763124
WRD25,hrnet32,compound_mild,14,0,0.35603493452072144,0.24282559752464294,0.40113934874534607,1.554942784241229
WRD25,hrnet32,compound_mild,15,0,0.4724457561969757,0.005965723190456629,0.5215885639190674,1.0449432847442046
WRD25,hrnet32,compound_mild,16,0,0.44467467069625854,0.033793576061725616,0.5215317606925964,1.1748651505023449
WRD25,hrnet32,compound_mild,17,0,0.4648926258087158,0.13005059957504272,0.40505677461624146,1.424555244336442
WRD25,hrnet32,compound_mild,18,1,0.3609227240085602,0.3970356285572052,0.2420416623353958,1.55513575530578
WRD25,hrnet32,compound_mild,19,1,0.25699588656425476,0.4774138927459717,0.26559022068977356,1.521011715538639
WRD25,hrnet32,compound_mild,20,1,0.38053280115127563,0.39723125100135803,0.22223594784736633,1.5417347328906457
WRD25,hrnet32,compound_mild,21,1,0.7728967666625977,0.08131956309080124,0.14578373730182648,0.9866479456620822
WRD25,hrnet32,compound_mild,22,1,0.10659091174602509,0.3403508961200714,0.5530580878257751,1.346071865125712
WRD25,hrnet32,compound_mild,23,1,0.040043629705905914,0.48237696290016174,0.4775794744491577,1.202431259490488
WRD25,hrnet32,compound_mild,24,1,0.5660727024078369,0.08687067031860352,0.3470565974712372,1.300801262730448
WRD25,hrnet32,compound_mild,25,2,0.2419707030057907,0.4899256229400635,0.268103688955307,1.508815289853378
WRD25,hrnet32,compound_mild,26,2,0.48336637020111084,0.23420588672161102,0.2824278771877289,1.512583713971861
WRD25,hrnet32,compound_mild,27,2,0.29472723603248596,0.26105859875679016,0.4442141652107239,1.5453154495050443
WRD25,hrnet32,compound_mild,28,2,0.37608587741851807,0.34812191128730774,0.2757922112941742,1.5730825556671
WRD25,hrnet32,compound_mild,29,2,0.2297055572271347,0.5593894124031067,0.21090498566627502,1.4298305747134377
WRD25,hrnet32,compound_mild,30,2,0.3901234269142151,0.44870319962501526,0.1611735224723816,1.4729826677880684
WRD25,hrnet32,compound_mild,31,2,0.03188040480017662,0.5739530920982361,0.3941665589809418,1.1476312106540478
WRD25,hrnet32,compound_mild,32,2,0.5668056011199951,0.2861887812614441,0.1470055729150772,1.3874411860510156
WRD25,hrnet32,compound_mild,33,2,0.3737090826034546,0.4135909378528595,0.2127000242471695,1.5324541614402387
WRD25,hrnet32,compound_mild,34,2,0.4248780608177185,0.4112913906574249,0.16383059322834015,1.4794054382306656
WRD25,hrnet32,compound_mild,35,2,0.3669869303703308,0.19777651131153107,0.43523648381233215,1.515488795582224
WRD25,hrnet32,compound_mild,36,3,0.4692676067352295,0.14210040867328644,0.3886319398880005,1.4421376247166338
WRD25,hrnet32,compound_mild,37,3,0.3103083074092865,0.3461020886898041,0.3435894846916199,1.5832141210639739
WRD25,hrnet32,compound_mild,38,3,0.37322771549224854,0.2809917628765106,0.345780611038208,1.5750508902583367
WRD25,hrnet32,compound_mild,39,3,0.5478531122207642,0.07480885088443756,0.3773379325866699,1.2860100422371359
WRD25,hrnet32,compound_mild,40,3,0.5241913199424744,0.3938632607460022,0.08194543421268463,1.3136605725171342
WRD25,hrnet32,compound_mild,41,4,0.3999001383781433,0.4232012927532196,0.1768985241651535,1.4958705484293529
WRD25,hrnet32,compound_mild,42,4,0.38145560026168823,0.4093639850616455,0.20918045938014984,1.530022224509801
WRD25,hrnet32,compound_mild,43,4,0.031858913600444794,0.47706055641174316,0.4910806119441986,1.1716248377387157
WRD25,hrnet32,compound_mild,44,4,0.02619725652039051,0.5014325976371765,0.47237008810043335,1.1481241327260021
WRD25,hrnet32,compound_mild,45,4,0.2210298776626587,0.4223872721195221,0.35658276081085205,1.5369990161995024
WRD25,hrnet32,compound_mild,46,5,0.4437430799007416,0.4568635821342468,0.09939341992139816,1.367538500481078
WRD25,hrnet32,compound_mild,47,5,0.1888020783662796,0.4201016426086426,0.3910962641239166,1.5094084028788801
WRD25,hrnet32,compound_mild,48,5,0.45708605647087097,0.19510336220264435,0.34781062602996826,1.506187941284637
WRD25,hrnet32,compound_mild,49,5,0.5800473093986511,0.1859966665506363,0.2339559942483902,1.3974250417915057
WRD25,hrnet32,compound_mild,50,6,0.43395671248435974,0.3124847114086151,0.25355851650238037,1.5489881547598325
WRD25,hrnet32,compound_mild,51,6,0.39969614148139954,0.1739097237586975,0.4263940751552582,1.4920386722133676
WRD25,hrnet32,compound_mild,52,6,0.3739091753959656,0.33640483021736145,0.2896859347820282,1.5772001830035873
WRD25,hrnet32,compound_mild,53,7,0.17941178381443024,0.576158344745636,0.24442988634109497,1.3998176824110684
WRD25,hrnet32,compound_mild,54,7,0.5811156034469604,0.26827552914619446,0.1506088525056839,1.3756483910468993
WRD25,hrnet32,compound_mild,55,7,0.5575433373451233,0.059824202209711075,0.38263243436813354,1.2433121237052362
WRD25,hrnet32,compound_mild,56,7,0.6028323769569397,0.10530911386013031,0.2918584644794464,1.300673903671965
WRD25,hrnet32,compound_mild,57,7,0.5079376101493835,0.36526885628700256,0.1267934888601303,1.404894622248781
WRD25,hrnet32,compound_mild,58,7,0.5172097086906433,0.3073272407054901,0.17546318471431732,1.4556225899722335
WRD25,hrnet32,compound_mild,59,7,0.16805970668792725,0.5042177438735962,0.3277225196361542,1.457971250668622
WRD25,hrnet32,compound_mild,60,7,0.18601751327514648,0.3718613386154175,0.4421211779117584,1.5026680431341015
WRD25,hrnet32,compound_mild,61,7,0.48341116309165955,0.3370913863182068,0.17949753999710083,1.4805557929479305
WRD25,hrnet32,compound_mild,62,7,0.38827142119407654,0.4513714611530304,0.16035719215869904,1.4713822972963353
WRD25,hrnet32,compound_mild,63,7,0.3355681896209717,0.49251940846443176,0.17191237211227417,1.4685596947766644
WRD25,hrnet32,compound_mild,64,7,0.2853398025035858,0.3335293233394623,0.3811309337615967,1.5749964147739965
WRD25,hrnet32,compound_mild,65,7,0.3992460072040558,0.35532376170158386,0.24543021619319916,1.5566790350108344
WRD25,hrnet32,compound_mild,66,7,0.4035959541797638,0.4796133041381836,0.1167907565832138,1.3985488742670449
WRD25,hrnet32,compound_mild,67,7,0.26582634449005127,0.4775142967700958,0.25665929913520813,1.520910288418766
WRD25,hrnet32,compound_mild,68,7,0.4865584075450897,0.23820672929286957,0.2752348482608795,1.510992259352814
WRD25,hrnet32,compound_mild,69,8,0.2931083142757416,0.43234702944755554,0.2745446264743805,1.55396816303498
WRD25,hrnet32,compound_mild,70,8,0.15900233387947083,0.5896496772766113,0.2513481080532074,1.3719145584307175
WRD25,hrnet32,compound_mild,71,8,0.5335636734962463,0.19837012887001038,0.2680661678314209,1.4556429828897746
WRD25,hrnet32,compound_mild,72,8,0.3266369104385376,0.29567572474479675,0.37768733501434326,1.5775933277140068
WRD25,hrnet32,compound_mild,73,8,0.2594933807849884,0.4658649265766144,0.27464166283607483,1.530460439263067
WRD25,hrnet32,compound_mild,74,8,0.45973479747772217,0.3183889091014862,0.22187623381614685,1.5230783283818043
WRD25,hrnet32,compound_mild,75,8,0.29473990201950073,0.44584929943084717,0.2594108283519745,1.544047435060613
WRD25,hrnet32,compound_mild,76,8,0.38818424940109253,0.3270670175552368,0.2847488224506378,1.573320417437374
WRD25,hrnet32,compound_mild,77,8,0.5616371631622314,0.27419260144233704,0.16417016088962555,1.4072389876918854
WRD25,hrnet32,compound_mild,78,8,0.6217858791351318,0.16639137268066406,0.21182268857955933,1.3310389099980282
WRD25,hrnet32,compound_mild,79,8,0.22543424367904663,0.41140854358673096,0.36315715312957764,1.5423629869949105
WRD25,hrnet32,compound_mild,80,8,0.5369738340377808,0.23181898891925812,0.23120728135108948,1.459077534108147
WRD25,hrnet32,compound_mild,81,8,0.22177298367023468,0.448972225189209,0.32925477623939514,1.528281107062242
WRD25,hrnet32,compound_mild,82,8,0.2697989046573639,0.15669383108615875,0.5735073685646057,1.388947302900681
WRD25,hrnet32,compound_mild,83,8,0.4438386559486389,0.4139111638069153,0.14225023984909058,1.447098153745467
WRD25,hrnet32,compound_mild,84,8,0.2469821572303772,0.4824218153953552,0.27059605717658997,1.5159090313904424
WRD25,hrnet32,compound_mild,85,8,0.27014169096946716,0.4418570101261139,0.28800126910209656,1.547954204695131
WRD25,hrnet32,compound_mild,86,9,0.2515588104724884,0.4627881646156311,0.2856530249118805,1.5316507828945642
WRD25,hrnet32,compound_mild,87,9,0.2828718423843384,0.52615886926651,0.19096927344799042,1.458926122421686
WRD25,hrnet32,compound_mild,88,9,0.31705352663993835,0.15938308835029602,0.5235633850097656,1.436475765279966
WRD25,hrnet32,compound_mild,89,9,0.290718674659729,0.15591925382614136,0.5533620715141296,1.4085963892302116
WRD25,hrnet32,compound_mild,90,9,0.18259482085704803,0.6404407024383545,0.1769644320011139,1.3018124084042133
WRD25,hrnet32,compound_mild,91,9,0.34968307614326477,0.16406260430812836,0.48625436425209045,1.4637106724695867
WRD25,hrnet32,compound_mild,92,9,0.4488455057144165,0.1769188642501831,0.374235600233078,1.4914859079459213
WRD25,hrnet32,compound_mild,93,9,0.28119224309921265,0.5668455958366394,0.15196216106414795,1.3919830152766013
WRD25,hrnet32,compound_mild,94,9,0.06487364321947098,0.4675392508506775,0.4675871431827545,1.2816214209702057
WRD25,hrnet32,compound_mild,95,9,0.39466047286987305,0.24807989597320557,0.3572596609592438,1.558798223651827
WRD25,hrnet32,compound_mild,96,9,0.30417415499687195,0.11558838188648224,0.5802375078201294,1.3377465928973309
WRD25,hrnet32,compound_mild,97,10,0.56047523021698,0.24598990380764008,0.19353485107421875,1.4244196812228396
WRD25,hrnet32,compound_mild,98,10,0.361142098903656,0.44140562415122986,0.19745232164859772,1.5135509386834114
WRD25,hrnet32,compound_mild,99,10,0.33817142248153687,0.4386846125125885,0.2231438308954239,1.5333154593505205
WRD25,hrnet32,compound_mild,100,10,0.39135441184043884,0.3820595145225525,0.22658610343933105,1.5453457886511746
WRD25,hrnet32,compound_mild,101,10,0.5434490442276001,0.3133699893951416,0.14318089187145233,1.404209886408913
WRD25,hrnet32,compound_mild,102,10,0.47262734174728394,0.3533742129802704,0.1739983856678009,1.4803088071308923
WRD25,hrnet32,compound_mild,103,10,0.5483643412590027,0.20642313361167908,0.24521256983280182,1.4424697563144169
WRD25,hrnet32,compound_mild,104,10,0.4767908751964569,0.15287522971630096,0.3703339993953705,1.4544378429165083
WRD25,hrnet32,compound_mild,105,10,0.6661206483840942,0.23594115674495697,0.09793825447559357,1.2103140975286848
WRD25,hrnet32,compound_mild,106,10,0.5309970378875732,0.25214314460754395,0.21685989201068878,1.4643123664662907
WRD25,hrnet32,compound_mild,107,11,0.13901928067207336,0.4604124426841736,0.4005683660507202,1.439642402541761
WRD25,hrnet32,compound_mild,108,11,0.3674791157245636,0.359953910112381,0.2725670039653778,1.5725008935626308
WRD25,hrnet32,compound_mild,109,11,0.41389018297195435,0.3542649745941162,0.23184484243392944,1.5460267075032021
WRD25,hrnet32,compound_mild,110,11,0.47065550088882446,0.20474480092525482,0.32459962368011475,1.5071119446794874
WRD25,hrnet32,compound_mild,111,11,0.3915502727031708,0.359176367521286,0.24927332997322083,1.559843654604758
WRD25,hrnet32,compound_mild,112,11,0.4020676016807556,0.3544018864631653,0.2435304820537567,1.5551637715574806
WRD25,hrnet32,compound_mild,113,11,0.4325036406517029,0.3612886369228363,0.20620764791965485,1.5233484250825093
WRD25,hrnet32,compound_mild,114,12,0.8497320413589478,0.12388503551483154,0.026382967829704285,0.7112345191719716
WRD25,hrnet32,compound_mild,115,13,0.4754590392112732,0.28688642382621765,0.23765455186367035,1.5194644332773524
WRD25,hrnet32,compound_mild,116,13,0.5310226678848267,0.3975224494934082,0.0714549645781517,1.285981508649093
WRD25,hrnet32,compound_mild,117,13,0.49062657356262207,0.06222052499651909,0.4471529722213745,1.2725223988362364
WRD25,hrnet32,compound_mild,118,13,0.047241147607564926,0.44792068004608154,0.5048381090164185,1.2248645515263166
WRD25,hrnet32,compound_mild,119,13,0.2947898507118225,0.5911319255828857,0.11407829076051712,1.3251158755384411
WRD25,hrnet32,compound_mild,120,13,0.3020508885383606,0.42138224840164185,0.27656683325767517,1.5598997484300834
WRD25,hrnet32,compound_mild,121,14,0.4182388484477997,0.16807061433792114,0.4136905074119568,1.4851835274680671
WRD25,hrnet32,compound_mild,122,14,0.34007319808006287,0.23956234753131866,0.4203645586967468,1.5486226333109232
WRD25,hrnet32,compound_mild,123,14,0.29910358786582947,0.556033194065094,0.14486315846443176,1.3954170065365537
WRD25,hrnet32,compound_mild,124,14,0.5239285826683044,0.07800263166427612,0.3980688750743866,1.3046671722252468
WRD25,hrnet32,compound_mild,125,14,0.47055986523628235,0.06298558413982391,0.4664545953273773,1.2761857283165667
WRD25,hrnet32,compound_mild,126,15,0.3619591295719147,0.2618600130081177,0.37618088722229004,1.5674825203840814
WRD25,hrnet32,compound_mild,127,15,0.45163431763648987,0.2518196403980255,0.2965460419654846,1.5389710807977726
WRD25,hrnet32,compound_mild,128,15,0.23803749680519104,0.2878171503543854,0.4741453528404236,1.520520669800674
WRD25,hrnet32,compound_mild,129,15,0.39539021253585815,0.11421815305948257,0.49039164185523987,1.3909273670665168
WRD25,hrnet32,compound_mild,130,15,0.23907192051410675,0.3482172191143036,0.4127108156681061,1.5504737912626143
WRD25,hrnet32,compound_mild,131,15,0.25682491064071655,0.34014543890953064,0.4030296504497528,1.5612494384002922
WRD25,hrnet32,compound_mild,132,15,0.31629398465156555,0.2641542851924896,0.4195517599582672,1.5583098052009048
WRD25,hrnet32,compound_mild,133,15,0.47939419746398926,0.28134024143218994,0.23926550149917603,1.5169247266669394
WRD25,hrnet32,compound_mild,134,15,0.34342846274375916,0.24174392223358154,0.4148276150226593,1.5513275403250761
WRD25,hrnet32,compound_mild,135,15,0.4848706126213074,0.014177185483276844,0.5009521842002869,1.0929932114230403
WRD25,hrnet32,compound_mild,136,15,0.40817227959632874,0.09350556880235672,0.498322069644928,1.3480806093082616
WRD25,hrnet32,compound_mild,137,15,0.42217570543289185,0.0769120380282402,0.5009121894836426,1.3094415208259167
WRD25,hrnet32,compound_mild,138,15,0.4936111569404602,0.04560542106628418,0.460783451795578,1.221007204759758
WRD25,hrnet32,compound_mild,139,15,0.4669483006000519,0.017634395509958267,0.5154173374176025,1.108583800410662
WRD25,hrnet32,compound_mild,140,15,0.5217373967170715,0.040344882756471634,0.4379177391529083,1.1982385544784533
WRD25,hrnet32,compound_mild,141,16,0.14922679960727692,0.2552157938480377,0.5955575108528137,1.357660835931287
WRD25,hrnet32,compound_mild,142,16,0.12640617787837982,0.39070433378219604,0.4828895926475525,1.41406269858397
WRD25,hrnet32,compound_mild,143,16,0.16193647682666779,0.2664966881275177,0.5715668201446533,1.3950091598959915
WRD25,hrnet32,compound_mild,144,16,0.28321802616119385,0.5112062096595764,0.2055758833885193,1.4794972974450324
WRD25,hrnet32,compound_mild,145,16,0.13648714125156403,0.5985913276672363,0.2649213969707489,1.3430066639468259
WRD25,hrnet32,compound_mild,146,16,0.1861206740140915,0.36706915497779846,0.446810245513916,1.5015198487384895
WRD25,hrnet32,compound_mild,147,16,0.5566232800483704,0.25173860788345337,0.19163812696933746,1.4282109802384872
WRD25,hrnet32,compound_mild,148,17,0.10650201886892319,0.5093594193458557,0.3841385245323181,1.3700710520291088
WRD25,hrnet32,compound_mild,149,17,0.32360565662384033,0.3896089792251587,0.2867853343486786,1.5733346078719523
WRD25,hrnet32,compound_mild,150,17,0.09996102005243301,0.5645610094070435,0.3354779779911041,1.3263846918229862
WRD25,hrnet32,compound_mild,151,17,0.5050053596496582,0.35579362511634827,0.13920100033283234,1.424189602795719
WRD25,hrnet32,compound_mild,152,18,0.16133011877536774,0.5162111520767212,0.3224586844444275,1.443569996737367
WRD25,hrnet32,compound_mild,153,18,0.4638362228870392,0.1286132037639618,0.4075506031513214,1.4223849722498394
WRD25,hrnet32,compound_mild,154,18,0.39259257912635803,0.2320115566253662,0.37539586424827576,1.5492121038117417
WRD25,hrnet32,compound_mild,155,18,0.3640182912349701,0.22716552019119263,0.4088161289691925,1.5439976405151352
WRD25,hrnet32,compound_mild,156,18,0.38989394903182983,0.3994055986404419,0.21070054173469543,1.5320364242105844
WRD25,hrnet32,compound_mild,157,18,0.32025063037872314,0.5054678916931152,0.17428140342235565,1.4628985979957625
WRD25,hrnet32,compound_mild,158,18,0.10033033788204193,0.506537139415741,0.39313259720802307,1.3593725198075615
WRD25,hrnet32,compound_mild,159,18,0.5808932185173035,0.13880233466625214,0.2803044319152832,1.3649933919731485
WRD25,hrnet32,compound_mild,160,18,0.38755643367767334,0.26853010058403015,0.3439135253429413,1.5689379377325618
WRD25,hrnet32,compound_mild,161,18,0.3304860591888428,0.3905603289604187,0.27895355224609375,1.5714528709749591
WRD25,hrnet32,compound_mild,162,18,0.6729321479797363,0.09458000957965851,0.23248781263828278,1.1956841577652078
WRD25,hrnet32,compound_mild,163,18,0.10515213012695312,0.5947775840759277,0.30007022619247437,1.3086289991869058
WRD25,hrnet32,compound_mild,164,18,0.5024483799934387,0.20630410313606262,0.29124754667282104,1.4870220922879902
WRD25,hrnet32,compound_mild,165,18,0.16924163699150085,0.47445404529571533,0.3563043177127838,1.4745632790422962
WRD25,hrnet32,compound_mild,166,18,0.3400023877620697,0.29293933510780334,0.36705830693244934,1.5788016379935588
WRD25,hrnet32,compound_mild,167,18,0.5039276480674744,0.14829307794570923,0.3477792739868164,1.4364914107016544
WRD25,hrnet32,compound_mild,168,18,0.4386763274669647,0.2570388615131378,0.3042847812175751,1.5475735888164117
WRD25,hrnet32,compound_mild,169,18,0.37014999985694885,0.36284300684928894,0.2670070230960846,1.5700774702067521
WRD25,hrnet32,compound_mild,170,19,0.10746824741363525,0.4216640591621399,0.47086775302886963,1.3828059616531059
WRD25,hrnet32,compound_mild,171,19,0.5683479905128479,0.08383690565824509,0.3478151261806488,1.2930480661948858
WRD25,hrnet32,compound_mild,172,19,0.48067960143089294,0.1426406353712082,0.37667977809906006,1.4393496364152703
WRD25,hrnet32,compound_mild,173,19,0.5755138993263245,0.3362123370170593,0.08827380836009979,1.2965650888864573
WRD25,hrnet32,compound_mild,174,20,0.07305020838975906,0.47597795724868774,0.4509718716144562,1.303667810870523
WRD25,hrnet32,compound_mild,175,20,0.14946021139621735,0.3316721022129059,0.5188676714897156,1.4290634486370424
WRD25,hrnet32,compound_mild,176,20,0.046923402696847916,0.4947400987148285,0.45833638310432434,1.2252545217790902
WRD25,hrnet32,compound_mild,177,20,0.06481339037418365,0.3816383183002472,0.5535482168197632,1.2585241173151984
WRD25,hrnet32,compound_mild,178,21,0.13642558455467224,0.4828106462955475,0.3807637393474579,1.429656202058148
WRD25,hrnet32,compound_mild,179,21,0.1342473030090332,0.7135725021362305,0.15218017995357513,1.1496786329538031
WRD25,hrnet32,compound_mild,180,21,0.4375156760215759,0.38119933009147644,0.18128500878810883,1.4987985414102893
WRD25,hrnet32,compound_mild,181,21,0.17680267989635468,0.5193984508514404,0.3037988245487213,1.4550186199719386
WRD25,hrnet32,compound_mild,182,21,0.1062028631567955,0.5111148953437805,0.38268226385116577,1.3687938587071873
WRD25,hrnet32,compound_mild,183,21,0.5451536178588867,0.23879218101501465,0.21605420112609863,1.4481351998175442
WRD25,hrnet32,compound_mild,184,21,0.07737666368484497,0.4520426094532013,0.4705807566642761,1.31522219032954
WRD25,hrnet32,compound_mild,185,22,0.15214505791664124,0.3181507885456085,0.5297041535377502,1.4245550299691279
WRD25,hrnet32,compound_mild,186,22,0.41659221053123474,0.14722104370594025,0.43618687987327576,1.4552961711990149
WRD25,hrnet32,compound_mild,187,22,0.17365100979804993,0.3270843029022217,0.49926474690437317,1.4662683030180297
WRD25,hrnet32,compound_mild,188,22,0.5717999935150146,0.17973846197128296,0.24846142530441284,1.4052828443085341
WRD25,hrnet32,compound_mild,189,22,0.11805590987205505,0.6302949786186218,0.2516491115093231,1.2845276016950076
WRD25,hrnet32,compound_mild,190,23,0.41136980056762695,0.11705107986927032,0.4715791940689087,1.4008093859094841
WRD25,hrnet32,compound_mild,191,23,0.17870186269283295,0.447536826133728,0.3737613260746002,1.493740197063971
WRD25,hrnet32,compound_mild,192,23,0.09136532247066498,0.5544537901878357,0.3541809618473053,1.317540521769332
WRD25,hrnet32,compound_mild,193,23,0.6921236515045166,0.037559088319540024,0.2703172266483307,1.0554408917377929
WRD25,hrnet32,compound_mild,194,24,0.5435597896575928,0.2726561725139618,0.18378403782844543,1.4383960544842906
WRD25,hrnet32,compound_mild,195,24,0.5763075351715088,0.1962614506483078,0.2274310141801834,1.405169894213261
WRD25,hrnet32,compound_mild,196,24,0.17831623554229736,0.5826786756515503,0.23900510370731354,1.3911176066465036
WRD25,hrnet32,compound_mild,197,24,0.14267362654209137,0.6096630692481995,0.2476632446050644,1.334730181320444
WRD25,hrnet32,compound_mild,198,24,0.5747448801994324,0.20818021893501282,0.2170749008655548,1.4089402370181747
WRD25,hrnet32,compound_mild,199,24,0.5866210460662842,0.04333117976784706,0.37004780769348145,1.1783562260565752
WRD25,hrnet32,compound_severe,0,0,0.24003037810325623,0.5230616331100464,0.23690806329250336,1.4753885589519715
WRD25,hrnet32,compound_severe,1,0,0.5095619559288025,0.23102501034736633,0.2594130039215088,1.4889882308795925
WRD25,hrnet32,compound_severe,2,0,0.158836230635643,0.56407630443573,0.27708756923675537,1.4006128199822638
WRD25,hrnet32,compound_severe,3,0,0.3566303849220276,0.5214707851409912,0.12189887464046478,1.3904410295733458
WRD25,hrnet32,compound_severe,4,0,0.2286083996295929,0.6238223314285278,0.14756926894187927,1.3187826993115634
WRD25,hrnet32,compound_severe,5,0,0.2116560935974121,0.5454880595207214,0.2428559511899948,1.446987275564536
WRD25,hrnet32,compound_severe,6,0,0.2527823746204376,0.5379625558853149,0.20925499498844147,1.4549127421442938
WRD25,hrnet32,compound_severe,7,0,0.22304581105709076,0.5604983568191528,0.21645593643188477,1.4288438484552597
WRD25,hrnet32,compound_severe,8,0,0.5746384263038635,0.3323694169521332,0.09299220144748688,1.3061357280640045
WRD25,hrnet32,compound_severe,9,0,0.3063175678253174,0.6093794107437134,0.08430305868387222,1.2591244475864665
WRD25,hrnet32,compound_severe,10,0,0.5493127107620239,0.29512014985084534,0.15556713938713074,1.411970306512766
WRD25,hrnet32,compound_severe,11,0,0.11426463723182678,0.645626962184906,0.2401084005832672,1.2593353824099587
WRD25,hrnet32,compound_severe,12,0,0.2011171281337738,0.6510871648788452,0.1477956622838974,1.2761050287197546
WRD25,hrnet32,compound_severe,13,0,0.25356248021125793,0.5410222411155701,0.20541521906852722,1.4504666305567737
WRD25,hrnet32,compound_severe,14,0,0.0555354543030262,0.6995845437049866,0.24487997591495514,1.0892647260128174
WRD25,hrnet32,compound_severe,15,0,0.2083270102739334,0.20539098978042603,0.5862821340560913,1.3921144595782513
WRD25,hrnet32,compound_severe,16,0,0.18008165061473846,0.7105939984321594,0.10932429879903793,1.1447522095273692
WRD25,hrnet32,compound_severe,17,0,0.2826693654060364,0.5952364802360535,0.12209417670965195,1.331192668654464
WRD25,hrnet32,compound_severe,18,1,0.7364834547042847,0.14846140146255493,0.11505512148141861,1.0924600563185154
WRD25,hrnet32,compound_severe,19,1,0.2448626309633255,0.610921323299408,0.14421607553958893,1.3342854518435296
WRD25,hrnet32,compound_severe,20,1,0.5135502815246582,0.26673275232315063,0.2197170853614807,1.482636941033452
WRD25,hrnet32,compound_severe,21,1,0.1884191334247589,0.6341127157211304,0.17746824026107788,1.3131127404800027
WRD25,hrnet32,compound_severe,22,1,0.4097318649291992,0.5534166097640991,0.03685152158141136,1.1752938040315728
WRD25,hrnet32,compound_severe,23,1,0.34084340929985046,0.5492128729820251,0.10994374752044678,1.3542857717963448
WRD25,hrnet32,compound_severe,24,1,0.26989758014678955,0.6775283217430115,0.052574001252651215,1.1139209876033809
WRD25,hrnet32,compound_severe,25,2,0.05236591026186943,0.5921465754508972,0.3554874360561371,1.2009094541732386
WRD25,hrnet32,compound_severe,26,2,0.020755361765623093,0.2641597092151642,0.7150848507881165,0.9693213598413974
WRD25,hrnet32,compound_severe,27,2,0.0998070165514946,0.6922889351844788,0.2079038769006729,1.1702389240340678
WRD25,hrnet32,compound_severe,28,2,0.6259786486625671,0.10636939108371735,0.2676519453525543,1.2758801918765528
WRD25,hrnet32,compound_severe,29,2,0.29534924030303955,0.31887170672416687,0.3857789933681488,1.5755925213792148
WRD25,hrnet32,compound_severe,30,2,0.4111643433570862,0.4159163534641266,0.1729191541671753,1.4914003829465905
WRD25,hrnet32,compound_severe,31,2,0.28093916177749634,0.5614749789237976,0.15758587419986725,1.40222254849066
WRD25,hrnet32,compound_severe,32,2,0.3018374741077423,0.25917527079582214,0.43898722529411316,1.547902426290678
WRD25,hrnet32,compound_severe,33,2,0.12049277871847153,0.14048948884010315,0.7390177845954895,1.0881009379086812
WRD25,hrnet32,compound_severe,34,2,0.07833139598369598,0.2003682553768158,0.7213003039360046,1.0924883194271913
WRD25,hrnet32,compound_severe,35,2,0.4964260160923004,0.28937655687332153,0.21419739723205566,1.4954106606249153
WRD25,hrnet32,compound_severe,36,3,0.6693142652511597,0.14704450964927673,0.18364118039608002,1.2433835890552398
WRD25,hrnet32,compound_severe,37,3,0.1897498220205307,0.6398304104804993,0.17041967809200287,1.3022446411737432
WRD25,hrnet32,compound_severe,38,3,0.20490974187850952,0.6622121334075928,0.1328781247138977,1.2493082429124573
WRD25,hrnet32,compound_severe,39,3,0.30681726336479187,0.6159909963607788,0.07719174772500992,1.2388293168778926
WRD25,hrnet32,compound_severe,40,3,0.6200187802314758,0.28288981318473816,0.09709145873785019,1.2695772914657617
WRD25,hrnet32,compound_severe,41,4,0.40728163719177246,0.5545333623886108,0.03818502649664879,1.1793966516300587
WRD25,hrnet32,compound_severe,42,4,0.5087614059448242,0.170968696475029,0.32026976346969604,1.4577610811578143
WRD25,hrnet32,compound_severe,43,4,0.3585679233074188,0.03017713688313961,0.6112551093101501,1.1170579958626887
WRD25,hrnet32,compound_severe,44,4,0.21493345499038696,0.20363479852676392,0.5814318060874939,1.3991292961623505
WRD25,hrnet32,compound_severe,45,4,0.5289656519889832,0.13281045854091644,0.33822399377822876,1.4017727859721725
WRD25,hrnet32,compound_severe,46,5,0.7087699770927429,0.1717938780784607,0.11943605542182922,1.1547076413673385
WRD25,hrnet32,compound_severe,47,5,0.08215314149856567,0.7397699952125549,0.1780768483877182,1.061205934681906
WRD25,hrnet32,compound_severe,48,5,0.038643453270196915,0.6413196921348572,0.32003676891326904,1.1184312801968992
WRD25,hrnet32,compound_severe,49,5,0.19684898853302002,0.04687344282865524,0.7562776207923889,0.9733185063459685
WRD25,hrnet32,compound_severe,50,6,0.3714877665042877,0.1532965749502182,0.4752156734466553,1.4555427028019796
WRD25,hrnet32,compound_severe,51,6,0.16001379489898682,0.42160582542419434,0.4183802902698517,1.4743198457734104
WRD25,hrnet32,compound_severe,52,6,0.19180609285831451,0.1717020720243454,0.6364917159080505,1.3082625448815521
WRD25,hrnet32,compound_severe,53,7,0.1941155642271042,0.35423704981803894,0.4516473114490509,1.5073721983735533
WRD25,hrnet32,compound_severe,54,7,0.29072463512420654,0.30800187587738037,0.4012733995914459,1.5700575113410695
WRD25,hrnet32,compound_severe,55,7,0.3754364848136902,0.19197477400302887,0.43258875608444214,1.5106910965869333
WRD25,hrnet32,compound_severe,56,7,0.5324491858482361,0.2706367075443268,0.19691406190395355,1.4560901015793957
WRD25,hrnet32,compound_severe,57,7,0.29591670632362366,0.1878773421049118,0.516205906867981,1.4654845585562428
WRD25,hrnet32,compound_severe,58,7,0.37044557929039,0.36071035265922546,0.26884400844573975,1.570863458672042
WRD25,hrnet32,compound_severe,59,7,0.21874143183231354,0.40211641788482666,0.3791421055793762,1.5386338897471938
WRD25,hrnet32,compound_severe,60,7,0.4727896749973297,0.07559063285589218,0.4516197144985199,1.3105082812956685
WRD25,hrnet32,compound_severe,61,7,0.44818684458732605,0.36694276332855225,0.1848704069852829,1.4998952460536672
WRD25,hrnet32,compound_severe,62,7,0.28522753715515137,0.6082184910774231,0.10655401647090912,1.296713554469806
WRD25,hrnet32,compound_severe,63,7,0.4845758378505707,0.4027070105075836,0.11271705478429794,1.3898835811418826
WRD25,hrnet32,compound_severe,64,7,0.4145859181880951,0.2956012785434723,0.289812833070755,1.5642186512174867
WRD25,hrnet32,compound_severe,65,7,0.40593793988227844,0.47990551590919495,0.11415661126375198,1.3937105778801873
WRD25,hrnet32,compound_severe,66,7,0.21437785029411316,0.5043190121650696,0.2813032269477844,1.4890891180927883
WRD25,hrnet32,compound_severe,67,7,0.10905302315950394,0.5954166650772095,0.2955303192138672,1.3137461648277382
WRD25,hrnet32,compound_severe,68,7,0.38833147287368774,0.19843772053718567,0.4132308065891266,1.5197967664321013
WRD25,hrnet32,compound_severe,69,8,0.2450857162475586,0.6538533568382263,0.10106087476015091,1.2321560378406047
WRD25,hrnet32,compound_severe,70,8,0.21269308030605316,0.5193630456924438,0.2679438591003418,1.4749632558209946
WRD25,hrnet32,compound_severe,71,8,0.7172162532806396,0.018047165125608444,0.26473668217658997,0.9560483878565107
WRD25,hrnet32,compound_severe,72,8,0.07067757844924927,0.7572388052940369,0.17208370566368103,1.0108504176444169
WRD25,hrnet32,compound_severe,73,8,0.7738795280456543,0.1624482125043869,0.06367222219705582,0.9651081833841648
WRD25,hrnet32,compound_severe,74,8,0.5886598229408264,0.21268132328987122,0.19865888357162476,1.3881941479744537
WRD25,hrnet32,compound_severe,75,8,0.6892252564430237,0.10936345905065536,0.20141121745109558,1.1848758249601845
WRD25,hrnet32,compound_severe,76,8,0.7399551272392273,0.038734063506126404,0.2213107794523239,0.9847159165705237
WRD25,hrnet32,compound_severe,77,8,0.56452876329422,0.19227923452854156,0.24319210648536682,1.4191194694501068
WRD25,hrnet32,compound_severe,78,8,0.7734213471412659,0.08600340783596039,0.14057523012161255,0.989002858198095
WRD25,hrnet32,compound_severe,79,8,0.41724663972854614,0.4284280836582184,0.1543252021074295,1.4661272779114392
WRD25,hrnet32,compound_severe,80,8,0.4291238486766815,0.16516640782356262,0.40570977330207825,1.4808870390990285
WRD25,hrnet32,compound_severe,81,8,0.4780539870262146,0.32465940713882446,0.19728662073612213,1.4979059736811227
WRD25,hrnet32,compound_severe,82,8,0.4900599420070648,0.3325120210647583,0.17742805182933807,1.4750881328793064
WRD25,hrnet32,compound_severe,83,8,0.43984344601631165,0.4083541929721832,0.15180233120918274,1.4616865220743709
WRD25,hrnet32,compound_severe,84,8,0.31674012541770935,0.5690693259239197,0.11419059336185455,1.3456636030826634
WRD25,hrnet32,compound_severe,85,8,0.10365348309278488,0.7710509300231934,0.12529560923576355,1.0036459798139763
WRD25,hrnet32,compound_severe,86,9,0.5646739602088928,0.18318036198616028,0.2521457374095917,1.4153089271036465
WRD25,hrnet32,compound_severe,87,9,0.46399253606796265,0.3555294871330261,0.18047800660133362,1.4902582347938225
WRD25,hrnet32,compound_severe,88,9,0.2511477470397949,0.5135149955749512,0.23533716797828674,1.4855871384672321
WRD25,hrnet32,compound_severe,89,9,0.49224188923835754,0.2911206781864166,0.21663741767406464,1.4996744878904624
WRD25,hrnet32,compound_severe,90,9,0.5300254225730896,0.3204421401023865,0.1495325267314911,1.4214937810042896
WRD25,hrnet32,compound_severe,91,9,0.3673701286315918,0.4322219491004944,0.20040786266326904,1.5185368471865472
WRD25,hrnet32,compound_severe,92,9,0.1722813993692398,0.4279877841472626,0.39973077178001404,1.4899197672245277
WRD25,hrnet32,compound_severe,93,9,0.517504870891571,0.22134871780872345,0.26114657521247864,1.479240266293767
WRD25,hrnet32,compound_severe,94,9,0.48199301958084106,0.362926721572876,0.155080184340477,1.4551848555804425
WRD25,hrnet32,compound_severe,95,9,0.383232980966568,0.17772574722766876,0.43904125690460205,1.4946163429257409
WRD25,hrnet32,compound_severe,96,9,0.4422883093357086,0.098563551902771,0.459148108959198,1.365634528425377
WRD25,hrnet32,compound_severe,97,10,0.6087925434112549,0.20605692267417908,0.18515051901340485,1.3559754735038492
WRD25,hrnet32,compound_severe,98,10,0.6917242407798767,0.10109926760196686,0.20717653632164001,1.172573087205135
WRD25,hrnet32,compound_severe,99,10,0.6754826903343201,0.12814873456954956,0.19636866450309753,1.223321278366462
WRD25,hrnet32,compound_severe,100,10,0.17375104129314423,0.6095353960990906,0.21671360731124878,1.3521465416489318
WRD25,hrnet32,compound_severe,101,10,0.22893540561199188,0.5656454563140869,0.20541909337043762,1.4209655885833175
WRD25,hrnet32,compound_severe,102,10,0.269863486289978,0.48904862999916077,0.2410878986120224,1.5094356814597134
WRD25,hrnet32,compound_severe,103,10,0.7277976274490356,0.10129333287477493,0.1709090918302536,1.1038228073265468
WRD25,hrnet32,compound_severe,104,10,0.3143434226512909,0.43871474266052246,0.24694180488586426,1.5445681444195665
WRD25,hrnet32,compound_severe,105,10,0.6410375237464905,0.1407972276210785,0.21816521883010864,1.2886574451525679
WRD25,hrnet32,compound_severe,106,10,0.2944309711456299,0.5435859560966492,0.16198307275772095,1.4227974748473116
WRD25,hrnet32,compound_severe,107,11,0.17578235268592834,0.1429811418056488,0.6812365055084229,1.2193561538300492
WRD25,hrnet32,compound_severe,108,11,0.15086498856544495,0.05259903147816658,0.7965359687805176,0.8965585977645496
WRD25,hrnet32,compound_severe,109,11,0.1078716591000557,0.6240721344947815,0.26805612444877625,1.2801971361588464
WRD25,hrnet32,compound_severe,110,11,0.11813961714506149,0.7785890102386475,0.10327141731977463,0.9834259031978854
WRD25,hrnet32,compound_severe,111,11,0.13654041290283203,0.6361947059631348,0.2272648811340332,1.29310822894731
WRD25,hrnet32,compound_severe,112,11,0.2049351930618286,0.10495281964540482,0.6901119947433472,1.1792411495004664
WRD25,hrnet32,compound_severe,113,11,0.5581669807434082,0.15680436789989471,0.2850286066532135,1.4048156046352276
WRD25,hrnet32,compound_severe,114,12,0.4468741714954376,0.5089160799980164,0.044209808111190796,1.2141548190380151
WRD25,hrnet32,compound_severe,115,13,0.16512054204940796,0.3256610631942749,0.5092183351516724,1.4519488029675949
WRD25,hrnet32,compound_severe,116,13,0.20284722745418549,0.3663184940814972,0.4308342933654785,1.5209683020438143
WRD25,hrnet32,compound_severe,117,13,0.4818550944328308,0.09982575476169586,0.41831907629966736,1.3653796970739562
WRD25,hrnet32,compound_severe,118,13,0.19476404786109924,0.6267656683921814,0.17847026884555817,1.3258442116043194
WRD25,hrnet32,compound_severe,119,13,0.04425845295190811,0.21662269532680511,0.7391188740730286,0.9994467777521844
WRD25,hrnet32,compound_severe,120,13,0.2606875002384186,0.23844070732593536,0.5008717179298401,1.4984105494522484
WRD25,hrnet32,compound_severe,121,14,0.07456927001476288,0.7806520462036133,0.14477869868278503,0.9618235686541226
WRD25,hrnet32,compound_severe,122,14,0.11283361911773682,0.18922263383865356,0.6979438066482544,1.1717583064394184
WRD25,hrnet32,compound_severe,123,14,0.5902544260025024,0.33572569489479065,0.07401978224515915,1.2556053546142
WRD25,hrnet32,compound_severe,124,14,0.4427201449871063,0.539219856262207,0.018059976398944855,1.1054928394009076
WRD25,hrnet32,compound_severe,125,14,0.4779684245586395,0.470964252948761,0.05106736719608307,1.2398092022216263
WRD25,hrnet32,compound_severe,126,15,0.21542790532112122,0.5140981674194336,0.2704738974571228,1.48082028326071
WRD25,hrnet32,compound_severe,127,15,0.3070618510246277,0.4866490364074707,0.20628908276557922,1.4984737258437653
WRD25,hrnet32,compound_severe,128,15,0.36982622742652893,0.48147305846214294,0.1487007439136505,1.4472858869876526
WRD25,hrnet32,compound_severe,129,15,0.25091633200645447,0.5753467082977295,0.17373701930046082,1.3980351970228595
WRD25,hrnet32,compound_severe,130,15,0.1903209537267685,0.562280535697937,0.24739857017993927,1.4211141914327252
WRD25,hrnet32,compound_severe,131,15,0.3906545341014862,0.43501776456832886,0.17432773113250732,1.4914616924124338
WRD25,hrnet32,compound_severe,132,15,0.2697977125644684,0.4727419316768646,0.2574602961540222,1.5249048682304953
WRD25,hrnet32,compound_severe,133,15,0.30366283655166626,0.5060292482376099,0.19030798971652985,1.4749337330809222
WRD25,hrnet32,compound_severe,134,15,0.23791496455669403,0.48604369163513184,0.2760414779186249,1.5113522097100884
WRD25,hrnet32,compound_severe,135,15,0.19139344990253448,0.6023893356323242,0.20621716976165771,1.3667476228469897
WRD25,hrnet32,compound_severe,136,15,0.19632302224636078,0.5691906213760376,0.234486386179924,1.4145097582881563
WRD25,hrnet32,compound_severe,137,15,0.18115735054016113,0.6091713309288025,0.20967131853103638,1.3546589417204506
WRD25,hrnet32,compound_severe,138,15,0.24059699475765228,0.43499284982681274,0.324410080909729,1.5437775164691427
WRD25,hrnet32,compound_severe,139,15,0.21801328659057617,0.6426003575325012,0.13938629627227783,1.285322745177992
WRD25,hrnet32,compound_severe,140,15,0.30479198694229126,0.521783173084259,0.17342489957809448,1.4504784870069691
WRD25,hrnet32,compound_severe,141,16,0.1443612277507782,0.17496638000011444,0.6806724071502686,1.2208571934415513
WRD25,hrnet32,compound_severe,142,16,0.1903132051229477,0.6678950786590576,0.14179158210754395,1.2440351546797241
WRD25,hrnet32,compound_severe,143,16,0.2561606168746948,0.4907189905643463,0.25312039256095886,1.5090193640768215
WRD25,hrnet32,compound_severe,144,16,0.4270302355289459,0.20506250858306885,0.36790731549263,1.5237009085115736
WRD25,hrnet32,compound_severe,145,16,0.2014792263507843,0.5278355479240417,0.27068525552749634,1.462584134182804
WRD25,hrnet32,compound_severe,146,16,0.5221002101898193,0.1894344836473465,0.2884652614593506,1.4615792748687024
WRD25,hrnet32,compound_severe,147,16,0.7295804023742676,0.21220561861991882,0.05821402743458748,1.0452706943510797
WRD25,hrnet32,compound_severe,148,17,0.5563498735427856,0.12169831246137619,0.32195180654525757,1.3668490281847925
WRD25,hrnet32,compound_severe,149,17,0.4231643080711365,0.26994243264198303,0.3068931996822357,1.5580248604744007
WRD25,hrnet32,compound_severe,150,17,0.5426521301269531,0.15970706939697266,0.29764071106910706,1.4216118906680735
WRD25,hrnet32,compound_severe,151,17,0.05195285752415657,0.5353951454162598,0.41265201568603516,1.2311869552561885
WRD25,hrnet32,compound_severe,152,18,0.15844210982322693,0.4349549114704132,0.4066029191017151,1.4714382857148565
WRD25,hrnet32,compound_severe,153,18,0.2650766968727112,0.18500521779060364,0.5499180555343628,1.4325495436751714
WRD25,hrnet32,compound_severe,154,18,0.2529953420162201,0.3578451871871948,0.38915950059890747,1.5620486732083911
WRD25,hrnet32,compound_severe,155,18,0.46231168508529663,0.4333120882511139,0.1043761596083641,1.3776625483345808
WRD25,hrnet32,compound_severe,156,18,0.07208339124917984,0.44980719685554504,0.4781094491481781,1.3009446044537876
WRD25,hrnet32,compound_severe,157,18,0.3221018612384796,0.24672061204910278,0.4311774671077728,1.5478850178111432
WRD25,hrnet32,compound_severe,158,18,0.14692524075508118,0.6242162585258484,0.2288585752248764,1.317803150053341
WRD25,hrnet32,compound_severe,159,18,0.5158925652503967,0.2233707457780838,0.26073676347732544,1.4812960644296578
WRD25,hrnet32,compound_severe,160,18,0.29450759291648865,0.5348367094993591,0.17065571248531342,1.4375821704394292
WRD25,hrnet32,compound_severe,161,18,0.6114193797111511,0.14561134576797485,0.24296927452087402,1.3346735253550697
WRD25,hrnet32,compound_severe,162,18,0.24007189273834229,0.45441266894340515,0.30551546812057495,1.5339063373492996
WRD25,hrnet32,compound_severe,163,18,0.19314803183078766,0.6054587364196777,0.2013932317495346,1.3620846989502704
WRD25,hrnet32,compound_severe,164,18,0.4623028635978699,0.18684975802898407,0.3508473336696625,1.4969302839409904
WRD25,hrnet32,compound_severe,165,18,0.20057803392410278,0.6893220543861389,0.11009994149208069,1.1853469157306913
WRD25,hrnet32,compound_severe,166,18,0.6280267834663391,0.16486579179763794,0.20710736513137817,1.3206805202268619
WRD25,hrnet32,compound_severe,167,18,0.0916023999452591,0.6510377526283264,0.2573598623275757,1.2229491498063483
WRD25,hrnet32,compound_severe,168,18,0.39209669828414917,0.4576111137866974,0.15029220283031464,1.4566314837909442
WRD25,hrnet32,compound_severe,169,18,0.18820874392986298,0.5574761629104614,0.2543151080608368,1.4258205811623847
WRD25,hrnet32,compound_severe,170,19,0.06543277949094772,0.5982618927955627,0.3363052308559418,1.2295291726375606
WRD25,hrnet32,compound_severe,171,19,0.5300756692886353,0.1772780418395996,0.2926463186740875,1.4466714659399993
WRD25,hrnet32,compound_severe,172,19,0.12165682017803192,0.5844500660896301,0.29389309883117676,1.3417910293824882
WRD25,hrnet32,compound_severe,173,19,0.40008822083473206,0.0605957917869091,0.5393159985542297,1.2542698650398054
WRD25,hrnet32,compound_severe,174,20,0.34453779458999634,0.6114094257354736,0.04405276104807854,1.1620591611841742
WRD25,hrnet32,compound_severe,175,20,0.26055607199668884,0.6036927700042725,0.1357511729001999,1.3362169280582015
WRD25,hrnet32,compound_severe,176,20,0.0440162755548954,0.5946893095970154,0.3612944781780243,1.1748749605143172
WRD25,hrnet32,compound_severe,177,20,0.27767202258110046,0.5717864632606506,0.1505415439605713,1.385652043858624
WRD25,hrnet32,compound_severe,178,21,0.11566924303770065,0.7021636962890625,0.18216703832149506,1.1656655738878552
WRD25,hrnet32,compound_severe,179,21,0.5328973531723022,0.45279645919799805,0.014306142926216125,1.0891411910406374
WRD25,hrnet32,compound_severe,180,21,0.221736341714859,0.6294482946395874,0.1488153636455536,1.3112271627389134
WRD25,hrnet32,compound_severe,181,21,0.40643155574798584,0.09551195800304413,0.498056560754776,1.352386431862799
WRD25,hrnet32,compound_severe,182,21,0.03191390633583069,0.2900051176548004,0.6780808568000793,1.0565516369593229
WRD25,hrnet32,compound_severe,183,21,0.2457118183374405,0.4691550135612488,0.28513309359550476,1.5259843410835932
WRD25,hrnet32,compound_severe,184,21,0.2093779444694519,0.17996734380722046,0.6106546521186829,1.3521169674765545
WRD25,hrnet32,compound_severe,185,22,0.20026995241641998,0.4717130959033966,0.3280169367790222,1.5034713938388555
WRD25,hrnet32,compound_severe,186,22,0.04328285902738571,0.7852001786231995,0.17151693999767303,0.906271397900815
WRD25,hrnet32,compound_severe,187,22,0.20485472679138184,0.6447017788887024,0.15044339001178741,1.2879746169957653
WRD25,hrnet32,compound_severe,188,22,0.5824599862098694,0.23894648253917694,0.17859342694282532,1.3915154482052385
WRD25,hrnet32,compound_severe,189,22,0.2670212984085083,0.12734457850456238,0.6056341528892517,1.3254532628135114
WRD25,hrnet32,compound_severe,190,23,0.16944874823093414,0.6926712989807129,0.13787993788719177,1.1950511984858916
WRD25,hrnet32,compound_severe,191,23,0.2559552788734436,0.5942465662956238,0.1497981995344162,1.3597006401309653
WRD25,hrnet32,compound_severe,192,23,0.6889495849609375,0.11631421744823456,0.19473618268966675,1.1910152939212408
WRD25,hrnet32,compound_severe,193,23,0.6630531549453735,0.05294448509812355,0.2840021848678589,1.1332671569474897
WRD25,hrnet32,compound_severe,194,24,0.7245797514915466,0.18193690478801727,0.09348343312740326,1.1036963156594681
WRD25,hrnet32,compound_severe,195,24,0.43338894844055176,0.5124654173851013,0.054145697504282,1.2448329980012711
WRD25,hrnet32,compound_severe,196,24,0.22523507475852966,0.681394100189209,0.09337084740400314,1.180887927732568
WRD25,hrnet32,compound_severe,197,24,0.17584404349327087,0.6895622611045837,0.13459357619285583,1.200150029167748
WRD25,hrnet32,compound_severe,198,24,0.7672902941703796,0.13954320549964905,0.09316647052764893,1.0087028998738368
WRD25,hrnet32,compound_severe,199,24,0.4564039707183838,0.1768578737974167,0.3667382001876831,1.4892372074724811
WRD25,hrnet32,compound_optical_severe,0,0,0.4832226634025574,0.2579724192619324,0.25880491733551025,1.5159640399358363
WRD25,hrnet32,compound_optical_severe,1,0,0.25364911556243896,0.31601661443710327,0.430334210395813,1.55068109861657
WRD25,hrnet32,compound_optical_severe,2,0,0.14409029483795166,0.4725058078765869,0.38340383768081665,1.4440580703863224
WRD25,hrnet32,compound_optical_severe,3,0,0.32195812463760376,0.23475345969200134,0.44328832626342773,1.5375173443163375
WRD25,hrnet32,compound_optical_severe,4,0,0.27059367299079895,0.31842610239982605,0.4109801948070526,1.5632270627723601
WRD25,hrnet32,compound_optical_severe,5,0,0.267957866191864,0.27785006165504456,0.4541921615600586,1.539615454058782
WRD25,hrnet32,compound_optical_severe,6,0,0.3037101924419403,0.3037426471710205,0.39254721999168396,1.5738764882151575
WRD25,hrnet32,compound_optical_severe,7,0,0.41385287046432495,0.3109110891819,0.2752361297607422,1.5630592678139497
WRD25,hrnet32,compound_optical_severe,8,0,0.30793893337249756,0.2396460324525833,0.45241495966911316,1.5348816967026908
WRD25,hrnet32,compound_optical_severe,9,0,0.37917324900627136,0.3375195264816284,0.28330713510513306,1.5748635606949102
WRD25,hrnet32,compound_optical_severe,10,0,0.33215975761413574,0.361034631729126,0.30680564045906067,1.581778128956346
WRD25,hrnet32,compound_optical_severe,11,0,0.30878034234046936,0.38371676206588745,0.3075028657913208,1.576906136369852
WRD25,hrnet32,compound_optical_severe,12,0,0.13593804836273193,0.2911854088306427,0.5728765726089478,1.3700929353419382
WRD25,hrnet32,compound_optical_severe,13,0,0.4258054494857788,0.2964287996292114,0.27776584029197693,1.5578145300089923
WRD25,hrnet32,compound_optical_severe,14,0,0.23444437980651855,0.24060972034931183,0.524945855140686,1.4732000863457837
WRD25,hrnet32,compound_optical_severe,15,0,0.22081856429576874,0.45139026641845703,0.32779112458229065,1.5266380413206975
WRD25,hrnet32,compound_optical_severe,16,0,0.3104635775089264,0.3094664514064789,0.3800698518753052,1.57802031936723
WRD25,hrnet32,compound_optical_severe,17,0,0.41036921739578247,0.3138638734817505,0.2757669985294342,1.5645479064213825
WRD25,hrnet32,compound_optical_severe,18,1,0.27241945266723633,0.5111104846000671,0.21647003293037415,1.4839043977934216
WRD25,hrnet32,compound_optical_severe,19,1,0.26960232853889465,0.45138847827911377,0.2790091633796692,1.5416659660997682
WRD25,hrnet32,compound_optical_severe,20,1,0.4338931441307068,0.3722818195819855,0.19382497668266296,1.5121799728682768
WRD25,hrnet32,compound_optical_severe,21,1,0.3366006910800934,0.4316042959690094,0.231795072555542,1.5408354446497445
WRD25,hrnet32,compound_optical_severe,22,1,0.282320499420166,0.4471943974494934,0.2704850137233734,1.544562037415467
WRD25,hrnet32,compound_optical_severe,23,1,0.33867716789245605,0.3343067765235901,0.3270159363746643,1.5848120653509195
WRD25,hrnet32,compound_optical_severe,24,1,0.40983983874320984,0.22151032090187073,0.36864978075027466,1.539832599989134
WRD25,hrnet32,compound_optical_severe,25,2,0.253449946641922,0.4150155782699585,0.3315344452857971,1.5565026308361503
WRD25,hrnet32,compound_optical_severe,26,2,0.37777194380760193,0.403076171875,0.21915189921855927,1.5388723511626918
WRD25,hrnet32,compound_optical_severe,27,2,0.183729350566864,0.5187370181083679,0.2975336015224457,1.4606522534149124
WRD25,hrnet32,compound_optical_severe,28,2,0.41206175088882446,0.2758837044239044,0.3120545744895935,1.563902441385593
WRD25,hrnet32,compound_optical_severe,29,2,0.45236095786094666,0.30965423583984375,0.2379848062992096,1.534295539250298
WRD25,hrnet32,compound_optical_severe,30,2,0.40962961316108704,0.320465624332428,0.269904762506485,1.5635485767927668
WRD25,hrnet32,compound_optical_severe,31,2,0.05957213044166565,0.7489409446716309,0.1914868801832199,1.0114128164887017
WRD25,hrnet32,compound_optical_severe,32,2,0.05333827808499336,0.7980076670646667,0.1486539989709854,0.8941165881530009
WRD25,hrnet32,compound_optical_severe,33,2,0.3972172141075134,0.11631028354167938,0.48647260665893555,1.395836650000871
WRD25,hrnet32,compound_optical_severe,34,2,0.2782277464866638,0.4537421762943268,0.268030047416687,1.5399375244366
WRD25,hrnet32,compound_optical_severe,35,2,0.3523658514022827,0.39166557788848877,0.2559686303138733,1.563135126041627
WRD25,hrnet32,compound_optical_severe,36,3,0.4735561013221741,0.35405847430229187,0.17238537967205048,1.4782574059662275
WRD25,hrnet32,compound_optical_severe,37,3,0.3449086844921112,0.3419339954853058,0.3131573498249054,1.5836178756007455
WRD25,hrnet32,compound_optical_severe,38,3,0.28066977858543396,0.29923588037490845,0.4200943410396576,1.5609746113398413
WRD25,hrnet32,compound_optical_severe,39,3,0.9469590783119202,0.049292828887701035,0.0037480718456208706,0.3187167312816151
WRD25,hrnet32,compound_optical_severe,40,3,0.6366268992424011,0.0,0.3633730709552765,0.9454475299714689
WRD25,hrnet32,compound_optical_severe,41,4,0.32176873087882996,0.35784900188446045,0.32038217782974243,1.5830320344955475
WRD25,hrnet32,compound_optical_severe,42,4,0.3474299907684326,0.47848695516586304,0.17408306896686554,1.4778124669491377
WRD25,hrnet32,compound_optical_severe,43,4,0.39820170402526855,0.19090339541435242,0.4108949303627014,1.5123104207295048
WRD25,hrnet32,compound_optical_severe,44,4,0.24010677635669708,0.27674978971481323,0.48314347863197327,1.514161006068103
WRD25,hrnet32,compound_optical_severe,45,4,0.4418516755104065,0.35007724165916443,0.20807114243507385,1.5220192879903585
WRD25,hrnet32,compound_optical_severe,46,5,0.46926409006118774,0.38835254311561584,0.1423833668231964,1.442548738637023
WRD25,hrnet32,compound_optical_severe,47,5,0.22379174828529358,0.47272342443466187,0.3034849464893341,1.516406835088878
WRD25,hrnet32,compound_optical_severe,48,5,0.40683186054229736,0.3891029953956604,0.20406517386436462,1.5256342509516045
WRD25,hrnet32,compound_optical_severe,49,5,0.25825855135917664,0.39538341760635376,0.3463580906391144,1.5635094525537765
WRD25,hrnet32,compound_optical_severe,50,6,0.34110838174819946,0.3342379033565521,0.3246537744998932,1.5846664563806587
WRD25,hrnet32,compound_optical_severe,51,6,0.2145010381937027,0.4327312707901001,0.3527677059173584,1.529615489777683
WRD25,hrnet32,compound_optical_severe,52,6,0.4267261326313019,0.3858182728290558,0.1874556690454483,1.507176525931231
WRD25,hrnet32,compound_optical_severe,53,7,0.2909475862979889,0.5680124163627625,0.14103999733924866,1.380282270099419
WRD25,hrnet32,compound_optical_severe,54,7,0.4407002925872803,0.3338252007961273,0.22547459602355957,1.5338920308901252
WRD25,hrnet32,compound_optical_severe,55,7,0.5015773773193359,0.3162629306316376,0.1821596771478653,1.472064873787907
WRD25,hrnet32,compound_optical_severe,56,7,0.26548317074775696,0.48057690262794495,0.2539399266242981,1.5181492297067756
WRD25,hrnet32,compound_optical_severe,57,7,0.3736473023891449,0.28304293751716614,0.3433097302913666,1.5755947519853233
WRD25,hrnet32,compound_optical_severe,58,7,0.39296889305114746,0.3695405125617981,0.23749059438705444,1.5528323274117999
WRD25,hrnet32,compound_optical_severe,59,7,0.20937025547027588,0.2993167042732239,0.49131307005882263,1.4969360469171802
WRD25,hrnet32,compound_optical_severe,60,7,0.20549359917640686,0.3936796486377716,0.40082672238349915,1.5272401802940392
WRD25,hrnet32,compound_optical_severe,61,7,0.4469384253025055,0.2778785824775696,0.2751829922199249,1.5449128752576096
WRD25,hrnet32,compound_optical_severe,62,7,0.28304243087768555,0.43819332122802734,0.27876418828964233,1.5507325376513839
WRD25,hrnet32,compound_optical_severe,63,7,0.35115286707878113,0.18426500260829926,0.4645821154117584,1.4936395056495946
WRD25,hrnet32,compound_optical_severe,64,7,0.3653089702129364,0.24564887583255768,0.3890421986579895,1.5581210410514277
WRD25,hrnet32,compound_optical_severe,65,7,0.3307923674583435,0.41495898365974426,0.25424864888191223,1.5568274141246043
WRD25,hrnet32,compound_optical_severe,66,7,0.30527329444885254,0.2856903374195099,0.4090363085269928,1.5664871654172814
WRD25,hrnet32,compound_optical_severe,67,7,0.22109821438789368,0.404646635055542,0.3742552399635315,1.5402139107994874
WRD25,hrnet32,compound_optical_severe,68,7,0.3967322111129761,0.41894128918647766,0.18432649970054626,1.5046881398093437
WRD25,hrnet32,compound_optical_severe,69,8,0.31268730759620667,0.24959026277065277,0.43772247433662415,1.5459391496779555
WRD25,hrnet32,compound_optical_severe,70,8,0.15941071510314941,0.24654144048690796,0.5940478444099426,1.3666826831870102
WRD25,hrnet32,compound_optical_severe,71,8,0.34624722599983215,0.36645445227622986,0.2872983515262604,1.5774940351466338
WRD25,hrnet32,compound_optical_severe,72,8,0.34880390763282776,0.2638168931007385,0.38737916946411133,1.5671760462086564
WRD25,hrnet32,compound_optical_severe,73,8,0.460011750459671,0.28887784481048584,0.25111040472984314,1.5334624093603852
WRD25,hrnet32,compound_optical_severe,74,8,0.3297339081764221,0.3069169819355011,0.3633490204811096,1.5814890346313142
WRD25,hrnet32,compound_optical_severe,75,8,0.3448129892349243,0.25054869055747986,0.4046382009983063,1.5581494343414968
WRD25,hrnet32,compound_optical_severe,76,8,0.4118398427963257,0.18332476913928986,0.40483543276786804,1.5039285201736625
WRD25,hrnet32,compound_optical_severe,77,8,0.36701855063438416,0.23865817487239838,0.3943231999874115,1.5534370475383312
WRD25,hrnet32,compound_optical_severe,78,8,0.40818122029304504,0.16727274656295776,0.4245460629463196,1.483923033622343
WRD25,hrnet32,compound_optical_severe,79,8,0.2606238126754761,0.3105090856552124,0.4288671314716339,1.5533364180776101
WRD25,hrnet32,compound_optical_severe,80,8,0.46733957529067993,0.26472070813179016,0.2679396867752075,1.5295663332168363
WRD25,hrnet32,compound_optical_severe,81,8,0.23611201345920563,0.46848729252815247,0.2954006493091583,1.5238648993955126
WRD25,hrnet32,compound_optical_severe,82,8,0.20420721173286438,0.3562588691711426,0.43953385949134827,1.5197584170691538
WRD25,hrnet32,compound_optical_severe,83,8,0.22652652859687805,0.26515746116638184,0.5083159804344177,1.4892927767127195
WRD25,hrnet32,compound_optical_severe,84,8,0.32871538400650024,0.22136318683624268,0.44992145895957947,1.5276201378414975
WRD25,hrnet32,compound_optical_severe,85,8,0.3421083688735962,0.48783043026924133,0.17006118595600128,1.4692310337922558
WRD25,hrnet32,compound_optical_severe,86,9,0.29397961497306824,0.21076178550720215,0.4952586591243744,1.494734061698498
WRD25,hrnet32,compound_optical_severe,87,9,0.22095659375190735,0.256348580121994,0.5226948261260986,1.4739237562559917
WRD25,hrnet32,compound_optical_severe,88,9,0.31612709164619446,0.4159640967845917,0.2679087519645691,1.5606872273393857
WRD25,hrnet32,compound_optical_severe,89,9,0.34529727697372437,0.3307461142539978,0.32395660877227783,1.5844497874504229
WRD25,hrnet32,compound_optical_severe,90,9,0.4263729751110077,0.21088460087776184,0.3627423942089081,1.5285804638985434
WRD25,hrnet32,compound_optical_severe,91,9,0.1792411506175995,0.24316927790641785,0.5775895118713379,1.3979637129672993
WRD25,hrnet32,compound_optical_severe,92,9,0.33060628175735474,0.20754392445087433,0.4618498682975769,1.5134660670062847
WRD25,hrnet32,compound_optical_severe,93,9,0.21311849355697632,0.3967305123806,0.3901509642601013,1.5342433197872232
WRD25,hrnet32,compound_optical_severe,94,9,0.2540566921234131,0.3427217900753021,0.4032215476036072,1.5600446232832184
WRD25,hrnet32,compound_optical_severe,95,9,0.46467551589012146,0.27272072434425354,0.2626037895679474,1.5315831213274071
WRD25,hrnet32,compound_optical_severe,96,9,0.23033614456653595,0.23515194654464722,0.5345118641853333,1.4620127347893888
WRD25,hrnet32,compound_optical_severe,97,10,0.396378755569458,0.40106019377708435,0.20256111025810242,1.5244398905708714
WRD25,hrnet32,compound_optical_severe,98,10,0.5310234427452087,0.2827173173427582,0.18625925481319427,1.4517840633012724
WRD25,hrnet32,compound_optical_severe,99,10,0.3538336455821991,0.35068002343177795,0.29548633098602295,1.580206726152321
WRD25,hrnet32,compound_optical_severe,100,10,0.26807084679603577,0.272128701210022,0.4598004221916199,1.5355097349121651
WRD25,hrnet32,compound_optical_severe,101,10,0.5064681768417358,0.31953513622283936,0.17399659752845764,1.4619870749032151
WRD25,hrnet32,compound_optical_severe,102,10,0.41355323791503906,0.3405858874320984,0.24586084485054016,1.55369002010189
WRD25,hrnet32,compound_optical_severe,103,10,0.48507755994796753,0.2952079474925995,0.2197144776582718,1.506266952049444
WRD25,hrnet32,compound_optical_severe,104,10,0.47730961441993713,0.2786991000175476,0.2439911663532257,1.5195405636026824
WRD25,hrnet32,compound_optical_severe,105,10,0.47301146388053894,0.29158106446266174,0.2354075163602829,1.5205584149990201
WRD25,hrnet32,compound_optical_severe,106,10,0.3930739164352417,0.3506677746772766,0.2562582790851593,1.5630440534906156
WRD25,hrnet32,compound_optical_severe,107,11,0.39614367485046387,0.3282449543476105,0.27561134099960327,1.5691928515704752
WRD25,hrnet32,compound_optical_severe,108,11,0.18339133262634277,0.4759748578071594,0.3406337797641754,1.4877934319413484
WRD25,hrnet32,compound_optical_severe,109,11,0.40127143263816833,0.46147939562797546,0.1372492015361786,1.4367065910175794
WRD25,hrnet32,compound_optical_severe,110,11,0.4199955463409424,0.3672304153442383,0.21277402341365814,1.531424728929722
WRD25,hrnet32,compound_optical_severe,111,11,0.4026435315608978,0.3713989853858948,0.22595739364624023,1.544029903021739
WRD25,hrnet32,compound_optical_severe,112,11,0.43364405632019043,0.3401249051094055,0.2262311577796936,1.5369788242403446
WRD25,hrnet32,compound_optical_severe,113,11,0.37225329875946045,0.2994607090950012,0.3282860219478607,1.5791781136701106
WRD25,hrnet32,compound_optical_severe,114,12,0.38528093695640564,0.2933293581008911,0.32138967514038086,1.5754813257817846
WRD25,hrnet32,compound_optical_severe,115,13,0.2849656641483307,0.45929449796676636,0.2557397782802582,1.5347792054879172
WRD25,hrnet32,compound_optical_severe,116,13,0.3851375877857208,0.372478723526001,0.24238359928131104,1.5564455351697004
WRD25,hrnet32,compound_optical_severe,117,13,0.34903839230537415,0.36193886399269104,0.2890228033065796,1.5782639217956516
WRD25,hrnet32,compound_optical_severe,118,13,0.4083801507949829,0.43333497643470764,0.1582850068807602,1.4713721106184634
WRD25,hrnet32,compound_optical_severe,119,13,0.3908523619174957,0.3961784541606903,0.21296915411949158,1.5341248200559403
WRD25,hrnet32,compound_optical_severe,120,13,0.39842066168785095,0.18781892955303192,0.41376039385795593,1.508858537207819
WRD25,hrnet32,compound_optical_severe,121,14,0.27979955077171326,0.47929704189300537,0.24090339243412018,1.517368043129295
WRD25,hrnet32,compound_optical_severe,122,14,0.4205208420753479,0.2795499563217163,0.29992926120758057,1.560657699914879
WRD25,hrnet32,compound_optical_severe,123,14,0.5363259315490723,0.18491409718990326,0.2787599265575409,1.44606678885574
WRD25,hrnet32,compound_optical_severe,124,14,0.33832570910453796,0.25265201926231384,0.40902233123779297,1.5579711030658996
WRD25,hrnet32,compound_optical_severe,125,14,0.54173344373703,0.1862039864063263,0.2720625102519989,1.4415627666781208
WRD25,hrnet32,compound_optical_severe,126,15,0.33593252301216125,0.251562237739563,0.41250520944595337,1.5565215549989972
WRD25,hrnet32,compound_optical_severe,127,15,0.2897798717021942,0.29767096042633057,0.4125491678714752,1.5651940158989894
WRD25,hrnet32,compound_optical_severe,128,15,0.30701544880867004,0.39012786746025085,0.3028567135334015,1.5747336964516792
WRD25,hrnet32,compound_optical_severe,129,15,0.3021080195903778,0.2915719151496887,0.40632009506225586,1.5680727867662203
WRD25,hrnet32,compound_optical_severe,130,15,0.1236073300242424,0.36738067865371704,0.5090119242668152,1.3994513035844003
WRD25,hrnet32,compound_optical_severe,131,15,0.24601460993289948,0.2569330632686615,0.4970524311065674,1.5027515580837387
WRD25,hrnet32,compound_optical_severe,132,15,0.1795966476202011,0.2928556203842163,0.5275477170944214,1.450484096228024
WRD25,hrnet32,compound_optical_severe,133,15,0.30551207065582275,0.4454052150249481,0.2490827888250351,1.5418286028703792
WRD25,hrnet32,compound_optical_severe,134,15,0.18301038444042206,0.21210069954395294,0.604888916015625,1.3615835318112677
WRD25,hrnet32,compound_optical_severe,135,15,0.28409457206726074,0.13974829018115997,0.5761571526527405,1.3708621213718906
WRD25,hrnet32,compound_optical_severe,136,15,0.2933952808380127,0.3820292353630066,0.3245755136013031,1.576298053257881
WRD25,hrnet32,compound_optical_severe,137,15,0.3164943754673004,0.30424270033836365,0.37926292419433594,1.578082416597838
WRD25,hrnet32,compound_optical_severe,138,15,0.32657232880592346,0.3124085068702698,0.36101922392845154,1.5822802582225166
WRD25,hrnet32,compound_optical_severe,139,15,0.4055688679218292,0.2613881230354309,0.3330429792404175,1.5623003897289867
WRD25,hrnet32,compound_optical_severe,140,15,0.26690930128097534,0.5042064785957336,0.22888417541980743,1.4936366688769713
WRD25,hrnet32,compound_optical_severe,141,16,0.19048605859279633,0.4352942407131195,0.37421974539756775,1.5086740831400614
WRD25,hrnet32,compound_optical_severe,142,16,0.26609116792678833,0.38215339183807373,0.3517554700374603,1.5687999689948857
WRD25,hrnet32,compound_optical_severe,143,16,0.3341594934463501,0.38363584876060486,0.28220465779304504,1.5737708143248021
WRD25,hrnet32,compound_optical_severe,144,16,0.42693981528282166,0.4329296350479126,0.14013060927391052,1.4444200422219091
WRD25,hrnet32,compound_optical_severe,145,16,0.42599788308143616,0.30909430980682373,0.2649078369140625,1.5556865614388116
WRD25,hrnet32,compound_optical_severe,146,16,0.3656364381313324,0.32572218775749207,0.3086414635181427,1.5812943868853426
WRD25,hrnet32,compound_optical_severe,147,16,0.37827786803245544,0.3320945203304291,0.2896275818347931,1.5764447209020669
WRD25,hrnet32,compound_optical_severe,148,17,0.32761654257774353,0.3743370473384857,0.2980463206768036,1.5785985223143209
WRD25,hrnet32,compound_optical_severe,149,17,0.5119612812995911,0.3151366710662842,0.17290213704109192,1.457285532797727
WRD25,hrnet32,compound_optical_severe,150,17,0.38678407669067383,0.31965288519859314,0.29356300830841064,1.5751077777208797
WRD25,hrnet32,compound_optical_severe,151,17,0.5006186962127686,0.27027708292007446,0.22910436987876892,1.496928818020629
WRD25,hrnet32,compound_optical_severe,152,18,0.4159175455570221,0.1849726289510727,0.399109810590744,1.5056126409118948
WRD25,hrnet32,compound_optical_severe,153,18,0.29662635922431946,0.5529568791389465,0.15041661262512207,1.4037986926387052
WRD25,hrnet32,compound_optical_severe,154,18,0.29089972376823425,0.4237174987792969,0.28538277745246887,1.5593885107868353
WRD25,hrnet32,compound_optical_severe,155,18,0.43925100564956665,0.2699659764766693,0.29078295826911926,1.5495166780415182
WRD25,hrnet32,compound_optical_severe,156,18,0.32545578479766846,0.4188702702522278,0.25567394495010376,1.5559947172324542
WRD25,hrnet32,compound_optical_severe,157,18,0.2588594853878021,0.5220448970794678,0.21909570693969727,1.4741633641652305
WRD25,hrnet32,compound_optical_severe,158,18,0.05609690025448799,0.5599294304847717,0.3839736878871918,1.2318557567554769
WRD25,hrnet32,compound_optical_severe,159,18,0.41562801599502563,0.3168237507343292,0.2675482928752899,1.560732595149613
WRD25,hrnet32,compound_optical_severe,160,18,0.42147254943847656,0.2684277296066284,0.31009966135025024,1.5584934999813278
WRD25,hrnet32,compound_optical_severe,161,18,0.3618234694004059,0.3657219409942627,0.27245470881462097,1.5724951871882635
WRD25,hrnet32,compound_optical_severe,162,18,0.5241370797157288,0.24749310314655304,0.22836990654468536,1.4736267972420438
WRD25,hrnet32,compound_optical_severe,163,18,0.48411643505096436,0.21927028894424438,0.2966131865978241,1.506759453737121
WRD25,hrnet32,compound_optical_severe,164,18,0.35532301664352417,0.25295132398605347,0.3917255997657776,1.5616910586565589
WRD25,hrnet32,compound_optical_severe,165,18,0.26369085907936096,0.3642473816871643,0.37206166982650757,1.5685143401281045
WRD25,hrnet32,compound_optical_severe,166,18,0.2541513442993164,0.5099875926971436,0.23586112260818481,1.4892320174871048
WRD25,hrnet32,compound_optical_severe,167,18,0.2713894844055176,0.4644959270954132,0.26411452889442444,1.531792546447324
WRD25,hrnet32,compound_optical_severe,168,18,0.4785614311695099,0.24366047978401184,0.2777780294418335,1.5185005615245257
WRD25,hrnet32,compound_optical_severe,169,18,0.20209889113903046,0.53534334897995,0.2625576853752136,1.4553586323851768
WRD25,hrnet32,compound_optical_severe,170,19,0.3116828203201294,0.4203720986843109,0.26794490218162537,1.5588716159149452
WRD25,hrnet32,compound_optical_severe,171,19,0.2762361168861389,0.38235005736351013,0.3414137661457062,1.5723642380807983
WRD25,hrnet32,compound_optical_severe,172,19,0.3433611989021301,0.204038605093956,0.4526002109050751,1.5150447829077913
WRD25,hrnet32,compound_optical_severe,173,19,0.4356265366077423,0.2868078947067261,0.2775656282901764,1.552274151995468
WRD25,hrnet32,compound_optical_severe,174,20,0.09623067080974579,0.4108661711215973,0.4929031729698181,1.3553222205745028
WRD25,hrnet32,compound_optical_severe,175,20,0.12994085252285004,0.27223092317581177,0.597828209400177,1.3372656195216508
WRD25,hrnet32,compound_optical_severe,176,20,0.1072949692606926,0.48668545484542847,0.4060194492340088,1.379142375966592
WRD25,hrnet32,compound_optical_severe,177,20,0.06803195178508759,0.3674945533275604,0.5644735097885132,1.2602444137723114
WRD25,hrnet32,compound_optical_severe,178,21,0.5251134634017944,0.11071651428937912,0.36417001485824585,1.37022945948343
WRD25,hrnet32,compound_optical_severe,179,21,0.4364728629589081,0.3557438254356384,0.2077833116054535,1.523496404213755
WRD25,hrnet32,compound_optical_severe,180,21,0.5585533380508423,0.18434478342533112,0.2571018636226654,1.422841765832185
WRD25,hrnet32,compound_optical_severe,181,21,0.3971070945262909,0.4422440528869629,0.16064877808094025,1.47345885809679
WRD25,hrnet32,compound_optical_severe,182,21,0.15931236743927002,0.5106616020202637,0.33002594113349915,1.4451327709246717
WRD25,hrnet32,compound_optical_severe,183,21,0.27598729729652405,0.4149351119995117,0.30907753109931946,1.5627334463420461
WRD25,hrnet32,compound_optical_severe,184,21,0.3421894311904907,0.39172157645225525,0.26608896255493164,1.5672941634719355
WRD25,hrnet32,compound_optical_severe,185,22,0.3561916947364807,0.16306057572364807,0.4807477295398712,1.4650995294814304
WRD25,hrnet32,compound_optical_severe,186,22,0.35024699568748474,0.3074817359447479,0.34227123856544495,1.5826971401800445
WRD25,hrnet32,compound_optical_severe,187,22,0.4017939865589142,0.14972592890262604,0.4484800696372986,1.4575780603152517
WRD25,hrnet32,compound_optical_severe,188,22,0.10338953137397766,0.5687423348426819,0.3278680443763733,1.329002090753024
WRD25,hrnet32,compound_optical_severe,189,22,0.22646526992321014,0.2758997976779938,0.49763497710227966,1.4988342004332522
WRD25,hrnet32,compound_optical_severe,190,23,0.2648907005786896,0.4639274477958679,0.27118176221847534,1.5322614449630283
WRD25,hrnet32,compound_optical_severe,191,23,0.39968055486679077,0.19181343913078308,0.4085058867931366,1.5133667238630144
WRD25,hrnet32,compound_optical_severe,192,23,0.32757553458213806,0.40807101130485535,0.264353483915329,1.5625252315995928
WRD25,hrnet32,compound_optical_severe,193,23,0.4267853796482086,0.2525944113731384,0.32062026858329773,1.551854966026673
WRD25,hrnet32,compound_optical_severe,194,24,0.4749561846256256,0.20753976702690125,0.31750398874282837,1.506496555521125
WRD25,hrnet32,compound_optical_severe,195,24,0.4590907096862793,0.16426314413547516,0.37664613127708435,1.4742720297493173
WRD25,hrnet32,compound_optical_severe,196,24,0.43629077076911926,0.24223503470420837,0.3214742839336395,1.543904567393195
WRD25,hrnet32,compound_optical_severe,197,24,0.33013206720352173,0.441163569688797,0.22870440781116486,1.5354717298733183
WRD25,hrnet32,compound_optical_severe,198,24,0.3660520911216736,0.16652414202690125,0.46742361783981323,1.4742514934806952
WRD25,hrnet32,compound_optical_severe,199,24,0.3611563444137573,0.370749294757843,0.26809436082839966,1.570531793101579
WRD25,hrnet32,compound_digital_severe,0,0,0.6223184466362,0.1542232185602188,0.22345833480358124,1.3248623999415265
WRD25,hrnet32,compound_digital_severe,1,0,0.3382123112678528,0.32640472054481506,0.33538296818733215,1.5847975501814933
WRD25,hrnet32,compound_digital_severe,2,0,0.2345094382762909,0.4051284193992615,0.36036214232444763,1.5493908446394937
WRD25,hrnet32,compound_digital_severe,3,0,0.28614142537117004,0.24674847722053528,0.4671100378036499,1.5276638944951084
WRD25,hrnet32,compound_digital_severe,4,0,0.21311895549297333,0.3519909083843231,0.4348902106285095,1.5279717378655227
WRD25,hrnet32,compound_digital_severe,5,0,0.22365795075893402,0.33763620257377625,0.4387059211730957,1.5336143591949307
WRD25,hrnet32,compound_digital_severe,6,0,0.3389098346233368,0.15553832054138184,0.505551815032959,1.444112400456354
WRD25,hrnet32,compound_digital_severe,7,0,0.38839393854141235,0.17974118888378143,0.43186482787132263,1.4981067321119483
WRD25,hrnet32,compound_digital_severe,8,0,0.30888351798057556,0.2836105227470398,0.40750598907470703,1.5668884748309062
WRD25,hrnet32,compound_digital_severe,9,0,0.3789505958557129,0.2075219601392746,0.4135275185108185,1.5281087065897396
WRD25,hrnet32,compound_digital_severe,10,0,0.2933228611946106,0.4377972483634949,0.26887986063957214,1.5502428386963807
WRD25,hrnet32,compound_digital_severe,11,0,0.1704542487859726,0.3024698793888092,0.5270759463310242,1.4438683072000653
WRD25,hrnet32,compound_digital_severe,12,0,0.4189812242984772,0.10601655393838882,0.47500211000442505,1.3792320158472275
WRD25,hrnet32,compound_digital_severe,13,0,0.40239572525024414,0.14065779745578766,0.4569464325904846,1.4428015432090842
WRD25,hrnet32,compound_digital_severe,14,0,0.1855093389749527,0.24970564246177673,0.5647850632667542,1.416214955568298
WRD25,hrnet32,compound_digital_severe,15,0,0.25180450081825256,0.34237441420555115,0.40582096576690674,1.5584355171807511
WRD25,hrnet32,compound_digital_severe,16,0,0.1778898537158966,0.3782919645309448,0.4438181519508362,1.4937777354446697
WRD25,hrnet32,compound_digital_severe,17,0,0.33032697439193726,0.27782997488975525,0.3918430805206299,1.570862639587792
WRD25,hrnet32,compound_digital_severe,18,1,0.7333276867866516,0.06931700557470322,0.19735537469387054,1.0570925776177957
WRD25,hrnet32,compound_digital_severe,19,1,0.4881923198699951,0.13852931559085846,0.3732783794403076,1.4307545694519501
WRD25,hrnet32,compound_digital_severe,20,1,0.6314334273338318,0.3267309367656708,0.04183565080165863,1.1376853595684715
WRD25,hrnet32,compound_digital_severe,21,1,0.10413914918899536,0.7678300142288208,0.1280309110879898,1.0121684226264438
WRD25,hrnet32,compound_digital_severe,22,1,0.0548858717083931,0.48527559638023376,0.4598384499549866,1.2514201624347046
WRD25,hrnet32,compound_digital_severe,23,1,0.2172589749097824,0.5849270820617676,0.19781406223773956,1.3935032479745366
WRD25,hrnet32,compound_digital_severe,24,1,0.04825003445148468,0.4644860327243805,0.48726382851600647,1.230272916960349
WRD25,hrnet32,compound_digital_severe,25,2,0.2083081305027008,0.41827666759490967,0.37341511249542236,1.5280934896706575
WRD25,hrnet32,compound_digital_severe,26,2,0.12004362791776657,0.6954197883605957,0.1845366209745407,1.1814724504634389
WRD25,hrnet32,compound_digital_severe,27,2,0.5216280221939087,0.31211286783218384,0.16625921428203583,1.4444270026058563
WRD25,hrnet32,compound_digital_severe,28,2,0.7151262760162354,0.18178436160087585,0.10308932512998581,1.130993299190171
WRD25,hrnet32,compound_digital_severe,29,2,0.20722422003746033,0.13195930421352386,0.6608163714408875,1.251070528215009
WRD25,hrnet32,compound_digital_severe,30,2,0.30109313130378723,0.46663951873779297,0.23226723074913025,1.5237223357098417
WRD25,hrnet32,compound_digital_severe,31,2,0.10544770956039429,0.7725609540939331,0.12199121713638306,1.000090195784586
WRD25,hrnet32,compound_digital_severe,32,2,0.8699971437454224,0.07952502369880676,0.050477929413318634,0.6827278117093523
WRD25,hrnet32,compound_digital_severe,33,2,0.7041927576065063,0.2516128122806549,0.044194504618644714,1.0560579130507963
WRD25,hrnet32,compound_digital_severe,34,2,0.4052659571170807,0.4798019528388977,0.11493217945098877,1.3951504535815258
WRD25,hrnet32,compound_digital_severe,35,2,0.5520784854888916,0.16724328696727753,0.28067833185195923,1.4191320737061608
WRD25,hrnet32,compound_digital_severe,36,3,0.06870588660240173,0.3478619456291199,0.5834321975708008,1.2489160183931562
WRD25,hrnet32,compound_digital_severe,37,3,0.17375630140304565,0.3317085802555084,0.49453508853912354,1.469170828709176
WRD25,hrnet32,compound_digital_severe,38,3,0.16309607028961182,0.5196105241775513,0.3172934055328369,1.4429367000851983
WRD25,hrnet32,compound_digital_severe,39,3,0.4307701289653778,0.13822171092033386,0.4310082495212555,1.4413408404015078
WRD25,hrnet32,compound_digital_severe,40,3,0.31209316849708557,0.5948183536529541,0.09308850765228271,1.288956859242845
WRD25,hrnet32,compound_digital_severe,41,4,0.7781714200973511,0.1678231805562973,0.05400542542338371,0.9411194377182677
WRD25,hrnet32,compound_digital_severe,42,4,0.3222423791885376,0.48844075202941895,0.18931692838668823,1.4859702488414281
WRD25,hrnet32,compound_digital_severe,43,4,0.06277431547641754,0.7928886413574219,0.14433710277080536,0.9192269121320938
WRD25,hrnet32,compound_digital_severe,44,4,0.10820536315441132,0.7809107303619385,0.11088388413190842,0.9775666437522066
WRD25,hrnet32,compound_digital_severe,45,4,0.13460466265678406,0.6021226644515991,0.26327264308929443,1.337011461413225
WRD25,hrnet32,compound_digital_severe,46,5,0.4439145624637604,0.13606899976730347,0.42001649737358093,1.4373046247079944
WRD25,hrnet32,compound_digital_severe,47,5,0.06675655394792557,0.4348655045032501,0.49837785959243774,1.2838245961506276
WRD25,hrnet32,compound_digital_severe,48,5,0.04555439576506615,0.4501864016056061,0.5042591094970703,1.219438048144767
WRD25,hrnet32,compound_digital_severe,49,5,0.07779214531183243,0.499280720949173,0.4229271113872528,1.3119940241250505
WRD25,hrnet32,compound_digital_severe,50,6,0.48017969727516174,0.34663817286491394,0.1731821894645691,1.4761237184149283
WRD25,hrnet32,compound_digital_severe,51,6,0.36084404587745667,0.6031827926635742,0.035973187536001205,1.1431221956839848
WRD25,hrnet32,compound_digital_severe,52,6,0.022776858881115913,0.5062533617019653,0.4709698259830475,1.1330640308587665
WRD25,hrnet32,compound_digital_severe,53,7,0.25506290793418884,0.4052045941352844,0.3397325575351715,1.5599853448579752
WRD25,hrnet32,compound_digital_severe,54,7,0.4068673551082611,0.2555461823940277,0.33758649230003357,1.559747067737181
WRD25,hrnet32,compound_digital_severe,55,7,0.5363210439682007,0.13934020698070526,0.3243386149406433,1.4051149068817523
WRD25,hrnet32,compound_digital_severe,56,7,0.538027822971344,0.3940872848033905,0.06788482517004013,1.273997058285216
WRD25,hrnet32,compound_digital_severe,57,7,0.30591821670532227,0.48751452565193176,0.2065672129392624,1.4980538848095648
WRD25,hrnet32,compound_digital_severe,58,7,0.4907352328300476,0.4366123080253601,0.0726524144411087,1.3008125970175664
WRD25,hrnet32,compound_digital_severe,59,7,0.3852744996547699,0.32590174674987793,0.28882378339767456,1.574793507582739
WRD25,hrnet32,compound_digital_severe,60,7,0.23554709553718567,0.4503767490386963,0.31407618522644043,1.534385029985013
WRD25,hrnet32,compound_digital_severe,61,7,0.25866949558258057,0.5130413770675659,0.22828912734985352,1.4850997185210326
WRD25,hrnet32,compound_digital_severe,62,7,0.4081840217113495,0.2994539141654968,0.2923620641231537,1.5672917508678736
WRD25,hrnet32,compound_digital_severe,63,7,0.1593092530965805,0.5657978653907776,0.2748929262161255,1.3992096191197667
WRD25,hrnet32,compound_digital_severe,64,7,0.27827638387680054,0.48920026421546936,0.23252332210540771,1.5075029918900953
WRD25,hrnet32,compound_digital_severe,65,7,0.19979378581047058,0.5885620713233948,0.2116442173719406,1.3884410982683844
WRD25,hrnet32,compound_digital_severe,66,7,0.29678279161453247,0.2002166211605072,0.5030004978179932,1.4833526173379854
WRD25,hrnet32,compound_digital_severe,67,7,0.2618556618690491,0.4766247570514679,0.2615196406841278,1.5217979542394002
WRD25,hrnet32,compound_digital_severe,68,7,0.34833744168281555,0.26088404655456543,0.3907785415649414,1.5654345203659066
WRD25,hrnet32,compound_digital_severe,69,8,0.490487664937973,0.2452252060174942,0.26428717374801636,1.508736708065813
WRD25,hrnet32,compound_digital_severe,70,8,0.47131597995758057,0.3878152072429657,0.14086881279945374,1.4397773952104709
WRD25,hrnet32,compound_digital_severe,71,8,0.529784619808197,0.3538368344306946,0.11637862026691437,1.3770402345228625
WRD25,hrnet32,compound_digital_severe,72,8,0.6803680062294006,0.17024186253547668,0.14939023554325104,1.2226310232904183
WRD25,hrnet32,compound_digital_severe,73,8,0.2262626737356186,0.486883282661438,0.28685399889945984,1.5074469679011429
WRD25,hrnet32,compound_digital_severe,74,8,0.557939350605011,0.3237762451171875,0.11828430742025375,1.3607225365659072
WRD25,hrnet32,compound_digital_severe,75,8,0.3388083875179291,0.48655056953430176,0.17464101314544678,1.4743908818083309
WRD25,hrnet32,compound_digital_severe,76,8,0.3702241778373718,0.3734947144985199,0.2562812268733978,1.564791064586248
WRD25,hrnet32,compound_digital_severe,77,8,0.4744831323623657,0.45221149921417236,0.07330533117055893,1.3044476899353152
WRD25,hrnet32,compound_digital_severe,78,8,0.3863754868507385,0.4309787154197693,0.1826457530260086,1.5014285031202437
WRD25,hrnet32,compound_digital_severe,79,8,0.4428178668022156,0.387328177690506,0.16985394060611725,1.484839054679463
WRD25,hrnet32,compound_digital_severe,80,8,0.6181431412696838,0.31291463971138,0.06894217431545258,1.219489319164917
WRD25,hrnet32,compound_digital_severe,81,8,0.4003359377384186,0.23625178635120392,0.3634122908115387,1.5512114130833563
WRD25,hrnet32,compound_digital_severe,82,8,0.4989759624004364,0.21079231798648834,0.29023173451423645,1.4918968701405735
WRD25,hrnet32,compound_digital_severe,83,8,0.30742862820625305,0.3227354884147644,0.36983588337898254,1.5804418837968064
WRD25,hrnet32,compound_digital_severe,84,8,0.5011515617370605,0.3728038966655731,0.12604455649852753,1.4067992178196929
WRD25,hrnet32,compound_digital_severe,85,8,0.23100213706493378,0.3694648742675781,0.3995330333709717,1.5479037336268378
WRD25,hrnet32,compound_digital_severe,86,9,0.3401954174041748,0.23633353412151337,0.42347103357315063,1.5459926165511249
WRD25,hrnet32,compound_digital_severe,87,9,0.1572386771440506,0.12831364572048187,0.7144476175308228,1.146341584802084
WRD25,hrnet32,compound_digital_severe,88,9,0.05461350455880165,0.5587323307991028,0.386654257774353,1.2283469667774385
WRD25,hrnet32,compound_digital_severe,89,9,0.08878695219755173,0.4043838679790497,0.5068291425704956,1.3352950424556898
WRD25,hrnet32,compound_digital_severe,90,9,0.40031173825263977,0.09540840238332748,0.5042798519134521,1.3502220590636114
WRD25,hrnet32,compound_digital_severe,91,9,0.0607084259390831,0.3456209897994995,0.5936706066131592,1.2217250298054525
WRD25,hrnet32,compound_digital_severe,92,9,0.08023717254400253,0.3286355435848236,0.591127336025238,1.2679804997540216
WRD25,hrnet32,compound_digital_severe,93,9,0.3193776607513428,0.40184491872787476,0.27877742052078247,1.5681852598347157
WRD25,hrnet32,compound_digital_severe,94,9,0.21141454577445984,0.2978677451610565,0.4907177686691284,1.498395805812553
WRD25,hrnet32,compound_digital_severe,95,9,0.3781505525112152,0.37577641010284424,0.24607311189174652,1.5589161035554722
WRD25,hrnet32,compound_digital_severe,96,9,0.07488998025655746,0.4182874262332916,0.5068225860595703,1.3029013184847682
WRD25,hrnet32,compound_digital_severe,97,10,0.6470255255699158,0.1991381198167801,0.1538364440202713,1.2854654772685294
WRD25,hrnet32,compound_digital_severe,98,10,0.24725523591041565,0.49038273096084595,0.26236197352409363,1.5090272732870433
WRD25,hrnet32,compound_digital_severe,99,10,0.703330934047699,0.1822606325149536,0.1144084632396698,1.1625560428159636
WRD25,hrnet32,compound_digital_severe,100,10,0.47590890526771545,0.24207569658756256,0.2820153534412384,1.5202181067221787
WRD25,hrnet32,compound_digital_severe,101,10,0.5125489830970764,0.3499487340450287,0.13750231266021729,1.4179127832279956
WRD25,hrnet32,compound_digital_severe,102,10,0.34160178899765015,0.158636212348938,0.49976205825805664,1.4508261301072363
WRD25,hrnet32,compound_digital_severe,103,10,0.5151236653327942,0.30082714557647705,0.18404912948608398,1.4637275709425808
WRD25,hrnet32,compound_digital_severe,104,10,0.37211868166923523,0.36840859055519104,0.25947269797325134,1.566463521293131
WRD25,hrnet32,compound_digital_severe,105,10,0.8431047201156616,0.10530214756727219,0.05159328505396843,0.7701912773306423
WRD25,hrnet32,compound_digital_severe,106,10,0.20712293684482574,0.6038498282432556,0.189027339220047,1.3642078071469244
WRD25,hrnet32,compound_digital_severe,107,11,0.8389447927474976,0.12263208627700806,0.03842317312955856,0.7644895638288163
WRD25,hrnet32,compound_digital_severe,108,11,1.0,0.0,0.0,6.932395220526425e-09
WRD25,hrnet32,compound_digital_severe,109,11,0.3089786469936371,0.4907147288322449,0.20030657947063446,1.4921801140033404
WRD25,hrnet32,compound_digital_severe,110,11,0.2788817584514618,0.5292671918869019,0.19185106456279755,1.4565859592482762
WRD25,hrnet32,compound_digital_severe,111,11,0.3671521842479706,0.5174527764320374,0.11539509892463684,1.3820718117049953
WRD25,hrnet32,compound_digital_severe,112,11,0.23806162178516388,0.5537840723991394,0.20815430581569672,1.4364060739362876
WRD25,hrnet32,compound_digital_severe,113,11,0.5045700669288635,0.4582136273384094,0.03721621632575989,1.1905528528292098
WRD25,hrnet32,compound_digital_severe,114,12,0.437236487865448,0.4911137521266937,0.07164980471134186,1.2981438693615723
WRD25,hrnet32,compound_digital_severe,115,13,0.7034430503845215,0.21226540207862854,0.08429151773452759,1.1324230223279228
WRD25,hrnet32,compound_digital_severe,116,13,0.40236222743988037,0.3921617567539215,0.20547603070735931,1.527175371803292
WRD25,hrnet32,compound_digital_severe,117,13,0.08275405317544937,0.5265901684761047,0.3906557857990265,1.314470242524296
WRD25,hrnet32,compound_digital_severe,118,13,0.06760764122009277,0.40036797523498535,0.5320243835449219,1.27586914332624
WRD25,hrnet32,compound_digital_severe,119,13,0.8658010959625244,0.02842717058956623,0.10577167570590973,0.6688154096882242
WRD25,hrnet32,compound_digital_severe,120,13,0.24691130220890045,0.5353417992591858,0.21774686872959137,1.4597298923608155
WRD25,hrnet32,compound_digital_severe,121,14,0.6927388906478882,0.24702277779579163,0.060238465666770935,1.1093578532544415
WRD25,hrnet32,compound_digital_severe,122,14,0.4351610541343689,0.4488603472709656,0.11597861349582672,1.4015582034927125
WRD25,hrnet32,compound_digital_severe,123,14,0.4939332902431488,0.42531508207321167,0.08075162768363953,1.3203722134788993
WRD25,hrnet32,compound_digital_severe,124,14,0.31211572885513306,0.6430153846740723,0.04486903175711632,1.1348852809425085
WRD25,hrnet32,compound_digital_severe,125,14,0.5712961554527283,0.2728881239891052,0.1558157205581665,1.3906293750215935
WRD25,hrnet32,compound_digital_severe,126,15,0.3775273561477661,0.3302055299282074,0.2922670841217041,1.5770805909800663
WRD25,hrnet32,compound_digital_severe,127,15,0.34251895546913147,0.18021677434444427,0.4772642254829407,1.4842853793141433
WRD25,hrnet32,compound_digital_severe,128,15,0.11539117246866226,0.37068164348602295,0.5139273405075073,1.3837687626892825
WRD25,hrnet32,compound_digital_severe,129,15,0.1533033847808838,0.4127396047115326,0.4339570701122284,1.4643586851142736
WRD25,hrnet32,compound_digital_severe,130,15,0.21125897765159607,0.2925334572792053,0.4962075352668762,1.494251447595816
WRD25,hrnet32,compound_digital_severe,131,15,0.29352712631225586,0.30942481756210327,0.39704814553260803,1.571847129005487
WRD25,hrnet32,compound_digital_severe,132,15,0.464033305644989,0.07399029284715652,0.4619763493537903,1.3066476465340366
WRD25,hrnet32,compound_digital_severe,133,15,0.5350179672241211,0.2665877640247345,0.19839423894882202,1.4542004875830499
WRD25,hrnet32,compound_digital_severe,134,15,0.4683322608470917,0.11750420928001404,0.4141635298728943,1.4022398250351342
WRD25,hrnet32,compound_digital_severe,135,15,0.21160416305065155,0.2547416090965271,0.5336541533470154,1.460192847713194
WRD25,hrnet32,compound_digital_severe,136,15,0.2205229103565216,0.2758892774581909,0.5035877823829651,1.4919113282665044
WRD25,hrnet32,compound_digital_severe,137,15,0.27633970975875854,0.2972487807273865,0.426411509513855,1.5573564987519495
WRD25,hrnet32,compound_digital_severe,138,15,0.32410863041877747,0.22280673682689667,0.4530845284461975,1.5269416473095432
WRD25,hrnet32,compound_digital_severe,139,15,0.3133140206336975,0.40750354528427124,0.27918243408203125,1.5662483637744347
WRD25,hrnet32,compound_digital_severe,140,15,0.44837889075279236,0.1521168053150177,0.39950427412986755,1.4609621903344328
WRD25,hrnet32,compound_digital_severe,141,16,0.06927211582660675,0.6742281317710876,0.2564998269081116,1.1537363983134368
WRD25,hrnet32,compound_digital_severe,142,16,0.12366239726543427,0.27007365226745605,0.6062639951705933,1.3206726489948384
WRD25,hrnet32,compound_digital_severe,143,16,0.19264721870422363,0.22503207623958588,0.5823206901550293,1.3962234760130732
WRD25,hrnet32,compound_digital_severe,144,16,0.038460973650217056,0.46527209877967834,0.49626681208610535,1.1960089791488866
WRD25,hrnet32,compound_digital_severe,145,16,0.034608785063028336,0.5327739715576172,0.43261730670928955,1.174884640428285
WRD25,hrnet32,compound_digital_severe,146,16,0.05059877038002014,0.50143963098526,0.44796159863471985,1.236162215893271
WRD25,hrnet32,compound_digital_severe,147,16,0.09331873804330826,0.4260326623916626,0.48064857721328735,1.3517580412803238
WRD25,hrnet32,compound_digital_severe,148,17,0.02630319818854332,0.40030592679977417,0.5733910202980042,1.126883598964013
WRD25,hrnet32,compound_digital_severe,149,17,0.5047852993011475,0.18968674540519714,0.3055279552936554,1.4754194739037225
WRD25,hrnet32,compound_digital_severe,150,17,0.01776762492954731,0.6233451962471008,0.3588871657848358,1.0589467836791107
WRD25,hrnet32,compound_digital_severe,151,17,0.46128174662590027,0.4286305606365204,0.11008774489164352,1.3892284539449375
WRD25,hrnet32,compound_digital_severe,152,18,0.04342758655548096,0.5054522156715393,0.45112016797065735,1.2121377946861873
WRD25,hrnet32,compound_digital_severe,153,18,0.6858339309692383,0.020055018365383148,0.29411110281944275,1.0055218437687923
WRD25,hrnet32,compound_digital_severe,154,18,0.4739181101322174,0.2933698892593384,0.23271209001541138,1.5190619293734524
WRD25,hrnet32,compound_digital_severe,155,18,0.045250993221998215,0.6325415372848511,0.3222074508666992,1.1465169114277407
WRD25,hrnet32,compound_digital_severe,156,18,0.7208753824234009,0.004623887594789267,0.27450066804885864,0.8882238782622651
WRD25,hrnet32,compound_digital_severe,157,18,0.2628897428512573,0.4280547797679901,0.30905547738075256,1.5542672127363648
WRD25,hrnet32,compound_digital_severe,158,18,0.3985641598701477,0.20578806102275848,0.3956477642059326,1.527558470116401
WRD25,hrnet32,compound_digital_severe,159,18,0.17776846885681152,0.5354975461959839,0.28673407435417175,1.4422517762730518
WRD25,hrnet32,compound_digital_severe,160,18,0.03207036107778549,0.5092066526412964,0.4587230682373047,1.1707000861556363
WRD25,hrnet32,compound_digital_severe,161,18,0.06913552433252335,0.5752153396606445,0.35564905405044556,1.2558409102411279
WRD25,hrnet32,compound_digital_severe,162,18,0.5740019083023071,0.10021089762449265,0.32578712701797485,1.3194142665565582
WRD25,hrnet32,compound_digital_severe,163,18,0.08668121695518494,0.462094247341156,0.45122453570365906,1.3385195109000398
WRD25,hrnet32,compound_digital_severe,164,18,0.04053189232945442,0.6301554441452026,0.32931268215179443,1.1349879250260169
WRD25,hrnet32,compound_digital_severe,165,18,0.1968570351600647,0.15200553834438324,0.6511375904083252,1.277739535255655
WRD25,hrnet32,compound_digital_severe,166,18,0.28455206751823425,0.5081176161766052,0.20733025670051575,1.4829108568255036
WRD25,hrnet32,compound_digital_severe,167,18,0.5454663634300232,0.3255341053009033,0.12899956107139587,1.3851922187426169
WRD25,hrnet32,compound_digital_severe,168,18,0.41378816962242126,0.2531431019306183,0.3330686688423157,1.5567734262415702
WRD25,hrnet32,compound_digital_severe,169,18,0.3388512134552002,0.398937463760376,0.26221126317977905,1.5643198288010174
WRD25,hrnet32,compound_digital_severe,170,19,0.001423280918970704,0.6181955933570862,0.38038119673728943,0.9728382894010363
WRD25,hrnet32,compound_digital_severe,171,19,0.17236147820949554,0.5668169856071472,0.260821670293808,1.4071398103513286
WRD25,hrnet32,compound_digital_severe,172,19,0.5999791622161865,0.164360910654068,0.23565985262393951,1.3617673636359269
WRD25,hrnet32,compound_digital_severe,173,19,0.685851514339447,0.2793044149875641,0.03484406694769859,1.0558180676919224
WRD25,hrnet32,compound_digital_severe,174,20,0.30739808082580566,0.21250267326831818,0.4800992012023926,1.5061930507700096
WRD25,hrnet32,compound_digital_severe,175,20,0.07442615181207657,0.5072475075721741,0.4183262884616852,1.301630227167828
WRD25,hrnet32,compound_digital_severe,176,20,0.4340798556804657,0.15258647501468658,0.4133336544036865,1.463322404490476
WRD25,hrnet32,compound_digital_severe,177,20,0.14922894537448883,0.42940911650657654,0.42136192321777344,1.458623522944107
WRD25,hrnet32,compound_digital_severe,178,21,0.013326006010174751,0.4462609589099884,0.540412962436676,1.0822958409954362
WRD25,hrnet32,compound_digital_severe,179,21,0.8139733076095581,0.05028676986694336,0.13573989272117615,0.8497054344529669
WRD25,hrnet32,compound_digital_severe,180,21,0.18112552165985107,0.6365091800689697,0.1823653131723404,1.3090305198723422
WRD25,hrnet32,compound_digital_severe,181,21,0.08601880818605423,0.481323778629303,0.43265751004219055,1.3351506749645377
WRD25,hrnet32,compound_digital_severe,182,21,0.10032130777835846,0.5358806848526001,0.3637980818748474,1.3458022859591932
WRD25,hrnet32,compound_digital_severe,183,21,0.16676023602485657,0.3573022484779358,0.47593754529953003,1.4712535412985948
WRD25,hrnet32,compound_digital_severe,184,21,0.09303518384695053,0.6868398785591125,0.2201249897480011,1.1716478568810942
WRD25,hrnet32,compound_digital_severe,185,22,0.08081427216529846,0.3822200894355774,0.5369656682014465,1.305345577089084
WRD25,hrnet32,compound_digital_severe,186,22,0.48520416021347046,0.427645742893219,0.08715009689331055,1.3371151916676975
WRD25,hrnet32,compound_digital_severe,187,22,0.062169961631298065,0.7581945061683655,0.17963546514511108,0.9968784891989808
WRD25,hrnet32,compound_digital_severe,188,22,0.05677417665719986,0.7737827897071838,0.16944293677806854,0.9552311304605559
WRD25,hrnet32,compound_digital_severe,189,22,0.10329863429069519,0.5273116827011108,0.36938977241516113,1.355899640753705
WRD25,hrnet32,compound_digital_severe,190,23,0.16080869734287262,0.6034654378890991,0.23572590947151184,1.3551502727425841
WRD25,hrnet32,compound_digital_severe,191,23,0.7217142581939697,0.08246729522943497,0.19581834971904755,1.09709730528798
WRD25,hrnet32,compound_digital_severe,192,23,0.43732383847236633,0.35111328959465027,0.21156282722949982,1.5260831583744703
WRD25,hrnet32,compound_digital_severe,193,23,0.13709254562854767,0.6181489825248718,0.24475830793380737,1.3189918272489156
WRD25,hrnet32,compound_digital_severe,194,24,0.5167458057403564,0.34383532404899597,0.13941892981529236,1.4180638481130985
WRD25,hrnet32,compound_digital_severe,195,24,0.2572740316390991,0.4992848336696625,0.24344108998775482,1.5004379674205348
WRD25,hrnet32,compound_digital_severe,196,24,0.23129190504550934,0.6224433779716492,0.1462647020816803,1.3199227717212114
WRD25,hrnet32,compound_digital_severe,197,24,0.39713993668556213,0.19222590327262878,0.4106341004371643,1.5137162146402003
WRD25,hrnet32,compound_digital_severe,198,24,0.3182331919670105,0.06928305327892303,0.6124837398529053,1.2256881940087387
WRD25,hrnet32,compound_digital_severe,199,24,0.6112514734268188,0.20480407774448395,0.183944433927536,1.3519279000664186
WRD25,hrnet32,compound_field_severe,0,0,0.4576646089553833,0.31529560685157776,0.22703982889652252,1.5267514765147958
WRD25,hrnet32,compound_field_severe,1,0,0.5603709816932678,0.22222326695919037,0.2174057513475418,1.4290489819965329
WRD25,hrnet32,compound_field_severe,2,0,0.22792869806289673,0.18825002014636993,0.5838212370872498,1.3930769370235678
WRD25,hrnet32,compound_field_severe,3,0,0.3752425014972687,0.317985475063324,0.30677202343940735,1.5792248462756522
WRD25,hrnet32,compound_field_severe,4,0,0.4479665458202362,0.19719582796096802,0.35483765602111816,1.5112777836958955
WRD25,hrnet32,compound_field_severe,5,0,0.35238680243492126,0.29806089401245117,0.3495522141456604,1.5808384739804189
WRD25,hrnet32,compound_field_severe,6,0,0.3969650864601135,0.28702545166015625,0.3160095512866974,1.57117721969681
WRD25,hrnet32,compound_field_severe,7,0,0.5069187879562378,0.14516842365264893,0.34791284799575806,1.430987922035487
WRD25,hrnet32,compound_field_severe,8,0,0.29384005069732666,0.4314708411693573,0.2746891379356384,1.5544704913261516
WRD25,hrnet32,compound_field_severe,9,0,0.19617235660552979,0.4575388729572296,0.3462887406349182,1.506891713781751
WRD25,hrnet32,compound_field_severe,10,0,0.5329482555389404,0.22003798186779022,0.24701371788978577,1.4627925797365169
WRD25,hrnet32,compound_field_severe,11,0,0.22361551225185394,0.3010612726211548,0.4753231704235077,1.5146427540438616
WRD25,hrnet32,compound_field_severe,12,0,0.18463820219039917,0.529772937297821,0.2855888903141022,1.4519120448462235
WRD25,hrnet32,compound_field_severe,13,0,0.47850140929222107,0.2514774203300476,0.27002114057540894,1.5196888225404082
WRD25,hrnet32,compound_field_severe,14,0,0.27500513195991516,0.3335455060005188,0.3914494216442108,1.570210666073968
WRD25,hrnet32,compound_field_severe,15,0,0.3625914454460144,0.2311331033706665,0.4062753915786743,1.547056929112029
WRD25,hrnet32,compound_field_severe,16,0,0.5814364552497864,0.11974512040615082,0.298818439245224,1.342255092194847
WRD25,hrnet32,compound_field_severe,17,0,0.3001120388507843,0.4819929301738739,0.2178950011730194,1.5076182312665287
WRD25,hrnet32,compound_field_severe,18,1,0.5177238583564758,0.3312722146511078,0.15100401639938354,1.4315636598233696
WRD25,hrnet32,compound_field_severe,19,1,0.3385784924030304,0.3120099604129791,0.3494115173816681,1.58334699566475
WRD25,hrnet32,compound_field_severe,20,1,0.4547002911567688,0.13278211653232574,0.41251757740974426,1.4307563019528864
WRD25,hrnet32,compound_field_severe,21,1,0.6164580583572388,0.07143188267946243,0.3121100068092346,1.2265087732281663
WRD25,hrnet32,compound_field_severe,22,1,0.01964876987040043,0.319683700799942,0.6606675982475281,1.0324487687428632
WRD25,hrnet32,compound_field_severe,23,1,0.02208431251347065,0.47081246972084045,0.5071032643318176,1.1299326139276686
WRD25,hrnet32,compound_field_severe,24,1,0.44320040941238403,0.06933267414569855,0.4874670207500458,1.2925762986258396
WRD25,hrnet32,compound_field_severe,25,2,0.3577338755130768,0.3754175305366516,0.2668486535549164,1.5697498496134472
WRD25,hrnet32,compound_field_severe,26,2,0.30555832386016846,0.4446446895599365,0.24979707598686218,1.5424502602304386
WRD25,hrnet32,compound_field_severe,27,2,0.40642982721328735,0.4350280165672302,0.15854211151599884,1.4715670352492904
WRD25,hrnet32,compound_field_severe,28,2,0.39519721269607544,0.2980816662311554,0.30672115087509155,1.572785485346146
WRD25,hrnet32,compound_field_severe,29,2,0.16273309290409088,0.7208739519119263,0.11639298498630524,1.127808020405829
WRD25,hrnet32,compound_field_severe,30,2,0.20206408202648163,0.5661935210227966,0.2317424863576889,1.4196610042486986
WRD25,hrnet32,compound_field_severe,31,2,0.06345325708389282,0.4580017030239105,0.47854506969451904,1.2772248587521529
WRD25,hrnet32,compound_field_severe,32,2,0.4952445328235626,0.1953895539045334,0.3093658685684204,1.4859642128590864
WRD25,hrnet32,compound_field_severe,33,2,0.6705687046051025,0.23713824152946472,0.09229300916194916,1.1962276637310825
WRD25,hrnet32,compound_field_severe,34,2,0.37882286310195923,0.25244876742362976,0.3687283992767334,1.562589208364733
WRD25,hrnet32,compound_field_severe,35,2,0.29422667622566223,0.41479673981666565,0.29097655415534973,1.5641408952450448
WRD25,hrnet32,compound_field_severe,36,3,0.39419281482696533,0.08576424419879913,0.5200429558753967,1.3238704337109761
WRD25,hrnet32,compound_field_severe,37,3,0.6647672653198242,0.09192711114883423,0.2433054894208908,1.2042775419130207
WRD25,hrnet32,compound_field_severe,38,3,0.23784847557544708,0.513867974281311,0.24828355014324188,1.4854154441657763
WRD25,hrnet32,compound_field_severe,39,3,0.08032060414552689,0.404033899307251,0.515645444393158,1.3131924169867488
WRD25,hrnet32,compound_field_severe,40,3,0.4924229383468628,0.24046844244003296,0.26710864901542664,1.5064023531028634
WRD25,hrnet32,compound_field_severe,41,4,0.5649664402008057,0.3790079355239868,0.056025613099336624,1.2288374203253656
WRD25,hrnet32,compound_field_severe,42,4,0.4290723502635956,0.39764177799224854,0.17328591644763947,1.4910185382344363
WRD25,hrnet32,compound_field_severe,43,4,0.07005275785923004,0.716437578201294,0.21350954473018646,1.0889699150552103
WRD25,hrnet32,compound_field_severe,44,4,0.16436168551445007,0.3888961970806122,0.4467420279979706,1.4773902608041776
WRD25,hrnet32,compound_field_severe,45,4,0.6804397702217102,0.21566227078437805,0.10389796644449234,1.194661175647031
WRD25,hrnet32,compound_field_severe,46,5,0.30670005083084106,0.5170961618423462,0.17620374262332916,1.4563034437608773
WRD25,hrnet32,compound_field_severe,47,5,0.024637358263134956,0.42680034041404724,0.5485622882843018,1.1311094750899227
WRD25,hrnet32,compound_field_severe,48,5,0.11832485347986221,0.41203126311302185,0.4696437418460846,1.4034840835326858
WRD25,hrnet32,compound_field_severe,49,5,0.09166378527879715,0.5836266279220581,0.3247096538543701,1.2963521774338242
WRD25,hrnet32,compound_field_severe,50,6,0.5361509323120117,0.15855392813682556,0.30529505014419556,1.4260059836172423
WRD25,hrnet32,compound_field_severe,51,6,0.3334408700466156,0.4503939151763916,0.21616525948047638,1.524303305753362
WRD25,hrnet32,compound_field_severe,52,6,0.4030897915363312,0.1327534317970276,0.46415674686431885,1.4290836170288523
WRD25,hrnet32,compound_field_severe,53,7,0.41868317127227783,0.3253326117992401,0.25598424673080444,1.5561704990720386
WRD25,hrnet32,compound_field_severe,54,7,0.5512104630470276,0.26294851303100586,0.1858411580324173,1.4316054219226113
WRD25,hrnet32,compound_field_severe,55,7,0.541571855545044,0.23922713100910187,0.2192009687423706,1.4528045085763868
WRD25,hrnet32,compound_field_severe,56,7,0.36604616045951843,0.23101654648780823,0.40293726325035095,1.5474854890480496
WRD25,hrnet32,compound_field_severe,57,7,0.3409571945667267,0.127254918217659,0.5317879319190979,1.3922628418215215
WRD25,hrnet32,compound_field_severe,58,7,0.4253065884113312,0.25734391808509827,0.31734949350357056,1.554007339740612
WRD25,hrnet32,compound_field_severe,59,7,0.5930995345115662,0.14354750514030457,0.26335299015045166,1.3559183019785515
WRD25,hrnet32,compound_field_severe,60,7,0.29591119289398193,0.46273207664489746,0.2413567453622818,1.5292539081164194
WRD25,hrnet32,compound_field_severe,61,7,0.20995505154132843,0.6052712202072144,0.1847737729549408,1.3613527464555295
WRD25,hrnet32,compound_field_severe,62,7,0.1961144059896469,0.6316741108894348,0.17221148312091827,1.3165841304335735
WRD25,hrnet32,compound_field_severe,63,7,0.6707668900489807,0.23840835690498352,0.09082479029893875,1.1939097620865216
WRD25,hrnet32,compound_field_severe,64,7,0.30171579122543335,0.33680346608161926,0.36148083209991455,1.5810331543510472
WRD25,hrnet32,compound_field_severe,65,7,0.2887411415576935,0.24335438013076782,0.4679044485092163,1.5263251587768711
WRD25,hrnet32,compound_field_severe,66,7,0.06264488399028778,0.7116379737854004,0.22571708261966705,1.0843388880017397
WRD25,hrnet32,compound_field_severe,67,7,0.5394170880317688,0.18456190824508667,0.27602097392082214,1.4429071318958435
WRD25,hrnet32,compound_field_severe,68,7,0.10488757491111755,0.47054263949394226,0.42456984519958496,1.3777085311271282
WRD25,hrnet32,compound_field_severe,69,8,0.4070435166358948,0.42209333181381226,0.1708630919456482,1.488615222810128
WRD25,hrnet32,compound_field_severe,70,8,0.4299895167350769,0.28421300649642944,0.2857974171638489,1.5558180652955227
WRD25,hrnet32,compound_field_severe,71,8,0.39999935030937195,0.3442381024360657,0.25576257705688477,1.561505391073755
WRD25,hrnet32,compound_field_severe,72,8,0.3781074285507202,0.41189995408058167,0.2099926471710205,1.5304330252220675
WRD25,hrnet32,compound_field_severe,73,8,0.2491089403629303,0.5329265594482422,0.21796444058418274,1.4624437703532371
WRD25,hrnet32,compound_field_severe,74,8,0.07146362960338593,0.5694517493247986,0.3590846359729767,1.2652184542717388
WRD25,hrnet32,compound_field_severe,75,8,0.4290802478790283,0.34769415855407715,0.22322557866573334,1.5366257902984954
WRD25,hrnet32,compound_field_severe,76,8,0.45150747895240784,0.1847848743200302,0.36370760202407837,1.4988141329672349
WRD25,hrnet32,compound_field_severe,77,8,0.5239216089248657,0.2002357542514801,0.27584266662597656,1.4657284332578633
WRD25,hrnet32,compound_field_severe,78,8,0.4308202266693115,0.39133915305137634,0.17784063518047333,1.4961215135449522
WRD25,hrnet32,compound_field_severe,79,8,0.3095477819442749,0.33319219946861267,0.357260137796402,1.58249766456618
WRD25,hrnet32,compound_field_severe,80,8,0.5609428286552429,0.24064624309539795,0.19841082394123077,1.4253787021285924
WRD25,hrnet32,compound_field_severe,81,8,0.33545494079589844,0.2072787880897522,0.45726636052131653,1.5154144351630787
WRD25,hrnet32,compound_field_severe,82,8,0.298152357339859,0.39550188183784485,0.30634579062461853,1.5726764854831363
WRD25,hrnet32,compound_field_severe,83,8,0.2209150642156601,0.44367101788520813,0.3354138135910034,1.5300335374496112
WRD25,hrnet32,compound_field_severe,84,8,0.2820867598056793,0.4746708273887634,0.24324244260787964,1.5214034328320911
WRD25,hrnet32,compound_field_severe,85,8,0.4466908574104309,0.3643394112586975,0.18896973133087158,1.5042992545908738
WRD25,hrnet32,compound_field_severe,86,9,0.31610575318336487,0.24619649350643158,0.43769773840904236,1.5447873304484965
WRD25,hrnet32,compound_field_severe,87,9,0.31476473808288574,0.30141305923461914,0.3838222622871399,1.57666592763535
WRD25,hrnet32,compound_field_severe,88,9,0.347122460603714,0.38916733860969543,0.26371026039123535,1.566850645357066
WRD25,hrnet32,compound_field_severe,89,9,0.2888028025627136,0.40266895294189453,0.308528333902359,1.569351535009185
WRD25,hrnet32,compound_field_severe,90,9,0.2576572597026825,0.23275762796401978,0.5095851421356201,1.4892374293887038
WRD25,hrnet32,compound_field_severe,91,9,0.31341058015823364,0.10107828676700592,0.5855112075805664,1.3109707880264754
WRD25,hrnet32,compound_field_severe,92,9,0.3422505855560303,0.2185429036617279,0.4392065405845642,1.5302552641348495
WRD25,hrnet32,compound_field_severe,93,9,0.18556001782417297,0.6337763667106628,0.18066367506980896,1.3139047816340281
WRD25,hrnet32,compound_field_severe,94,9,0.2939307391643524,0.11995033919811249,0.586118757724762,1.3379437384254853
WRD25,hrnet32,compound_field_severe,95,9,0.41005566716194153,0.3839274048805237,0.20601700246334076,1.5271627222607242
WRD25,hrnet32,compound_field_severe,96,9,0.37859106063842773,0.11148105561733246,0.5099279284477234,1.378830688403129
WRD25,hrnet32,compound_field_severe,97,10,0.3441354036331177,0.21057415008544922,0.4452904164791107,1.5226289507571433
WRD25,hrnet32,compound_field_severe,98,10,0.40076810121536255,0.4689945876598358,0.13023725152015686,1.4239867268721347
WRD25,hrnet32,compound_field_severe,99,10,0.38248494267463684,0.18775050342082977,0.42976465821266174,1.5070050475993293
WRD25,hrnet32,compound_field_severe,100,10,0.37567293643951416,0.356937050819397,0.26739004254341125,1.5699588096902213
WRD25,hrnet32,compound_field_severe,101,10,0.45422857999801636,0.32607945799827576,0.21969203650951385,1.5246624060366751
WRD25,hrnet32,compound_field_severe,102,10,0.1364089995622635,0.5640789866447449,0.29951202869415283,1.3789301848005509
WRD25,hrnet32,compound_field_severe,103,10,0.24049162864685059,0.344210684299469,0.41529762744903564,1.5505587812605186
WRD25,hrnet32,compound_field_severe,104,10,0.3209952712059021,0.36261433362960815,0.3163905441761017,1.5821935858408376
WRD25,hrnet32,compound_field_severe,105,10,0.45096486806869507,0.10923973470926285,0.4397953748703003,1.3882777386338063
WRD25,hrnet32,compound_field_severe,106,10,0.46613556146621704,0.1444445252418518,0.3894197642803192,1.4463480346585982
WRD25,hrnet32,compound_field_severe,107,11,0.09184115380048752,0.1690509170293808,0.7391078472137451,1.0722495209020217
WRD25,hrnet32,compound_field_severe,108,11,0.5551882982254028,0.39097651839256287,0.05383509397506714,1.2279721982948215
WRD25,hrnet32,compound_field_severe,109,11,0.2745012640953064,0.4924318790435791,0.23306676745414734,1.5049601767975522
WRD25,hrnet32,compound_field_severe,110,11,0.01870247907936573,0.6184929013252258,0.362804651260376,1.0667724543848476
WRD25,hrnet32,compound_field_severe,111,11,0.4507182836532593,0.4365655481815338,0.11271613836288452,1.3951757009610235
WRD25,hrnet32,compound_field_severe,112,11,0.24603544175624847,0.5353491306304932,0.21861542761325836,1.4598744892954747
WRD25,hrnet32,compound_field_severe,113,11,0.12009380012750626,0.6956365704536438,0.18426959216594696,1.1810882224136048
WRD25,hrnet32,compound_field_severe,114,12,0.9247764348983765,0.06787849217653275,0.00734509015455842,0.41983562194029694
WRD25,hrnet32,compound_field_severe,115,13,0.4689510464668274,0.41244372725486755,0.11860531568527222,1.4041181625525256
WRD25,hrnet32,compound_field_severe,116,13,0.5662021040916443,0.33533212542533875,0.09846574813127518,1.3225207566061485
WRD25,hrnet32,compound_field_severe,117,13,0.39175134897232056,0.28898361325263977,0.31926506757736206,1.573081197041089
WRD25,hrnet32,compound_field_severe,118,13,0.3517182469367981,0.26058441400527954,0.38769736886024475,1.565779199273089
WRD25,hrnet32,compound_field_severe,119,13,0.38916444778442383,0.11428306251764297,0.49655255675315857,1.389003000404827
WRD25,hrnet32,compound_field_severe,120,13,0.4501166343688965,0.35098615288734436,0.19889718294143677,1.5119485496730534
WRD25,hrnet32,compound_field_severe,121,14,0.5270440578460693,0.19648389518260956,0.2764720320701599,1.461039203708809
WRD25,hrnet32,compound_field_severe,122,14,0.5109652280807495,0.23861372470855713,0.25042104721069336,1.4884821556764756
WRD25,hrnet32,compound_field_severe,123,14,0.6400333642959595,0.041336074471473694,0.318630576133728,1.1277949826220972
WRD25,hrnet32,compound_field_severe,124,14,0.5604449510574341,0.34750524163246155,0.09204968065023422,1.3148629189979721
WRD25,hrnet32,compound_field_severe,125,14,0.16372720897197723,0.5213350057601929,0.3149378299713135,1.4422969699339383
WRD25,hrnet32,compound_field_severe,126,15,0.20853237807750702,0.23782823979854584,0.5536393523216248,1.4366548606721838
WRD25,hrnet32,compound_field_severe,127,15,0.3102249205112457,0.37376868724823,0.3160064220428467,1.5797147118353196
WRD25,hrnet32,compound_field_severe,128,15,0.1993074268102646,0.4969635307788849,0.30372920632362366,1.4872596197740462
WRD25,hrnet32,compound_field_severe,129,15,0.4562031030654907,0.29969322681427,0.2441037893295288,1.5341488703422677
WRD25,hrnet32,compound_field_severe,130,15,0.3250409960746765,0.4416877031326294,0.23327134549617767,1.5375482371810758
WRD25,hrnet32,compound_field_severe,131,15,0.3115053176879883,0.5222027897834778,0.16629189252853394,1.444029479563182
WRD25,hrnet32,compound_field_severe,132,15,0.34499025344848633,0.4323325455188751,0.22267724573612213,1.5352544735985658
WRD25,hrnet32,compound_field_severe,133,15,0.23909622430801392,0.2683428227901459,0.4925609230995178,1.5060627678567102
WRD25,hrnet32,compound_field_severe,134,15,0.33325210213661194,0.3223603367805481,0.34438759088516235,1.5844374511239478
WRD25,hrnet32,compound_field_severe,135,15,0.7345847487449646,0.20093293488025665,0.06448238343000412,1.047117042686267
WRD25,hrnet32,compound_field_severe,136,15,0.2674584984779358,0.4528336226940155,0.2797079086303711,1.5405399705905682
WRD25,hrnet32,compound_field_severe,137,15,0.26815730333328247,0.4713631272315979,0.2604796588420868,1.5261889519167282
WRD25,hrnet32,compound_field_severe,138,15,0.2963883578777313,0.5057203769683838,0.19789135456085205,1.4799315064825176
WRD25,hrnet32,compound_field_severe,139,15,0.3381136655807495,0.5177163481712341,0.14416998624801636,1.4234948123164362
WRD25,hrnet32,compound_field_severe,140,15,0.33275532722473145,0.42926934361457825,0.2379753291606903,1.5448403033445897
WRD25,hrnet32,compound_field_severe,141,16,0.42272302508354187,0.4217241406440735,0.1555527001619339,1.468009716943398
WRD25,hrnet32,compound_field_severe,142,16,0.19108857214450836,0.4411771297454834,0.3677343428134918,1.5078379468120153
WRD25,hrnet32,compound_field_severe,143,16,0.17858120799064636,0.3929804265499115,0.4284383952617645,1.4972777445762215
WRD25,hrnet32,compound_field_severe,144,16,0.04111672192811966,0.5752679109573364,0.38361525535583496,1.178453651384805
WRD25,hrnet32,compound_field_severe,145,16,0.09959296137094498,0.3651156723499298,0.535291314125061,1.3447702280254759
WRD25,hrnet32,compound_field_severe,146,16,0.1416569948196411,0.5407851934432983,0.31755784153938293,1.4045423373783508
WRD25,hrnet32,compound_field_severe,147,16,0.48471444845199585,0.37058186531066895,0.14470362663269043,1.4407032097128565
WRD25,hrnet32,compound_field_severe,148,17,0.013285545632243156,0.4820612072944641,0.5046532154083252,1.0882024672748098
WRD25,hrnet32,compound_field_severe,149,17,0.45969969034194946,0.07867191731929779,0.4616284966468811,1.3188073825971598
WRD25,hrnet32,compound_field_severe,150,17,0.4352659583091736,0.23571544885635376,0.32901856303215027,1.5414379664392686
WRD25,hrnet32,compound_field_severe,151,17,0.33836454153060913,0.3764266073703766,0.28520894050598145,1.5757799860512658
WRD25,hrnet32,compound_field_severe,152,18,0.36699965596199036,0.34517088532447815,0.28782951831817627,1.5775887282601306
WRD25,hrnet32,compound_field_severe,153,18,0.07733853161334991,0.6457624435424805,0.276899129152298,1.205987340995737
WRD25,hrnet32,compound_field_severe,154,18,0.3206116557121277,0.5071713328361511,0.1722170114517212,1.4599428082540715
WRD25,hrnet32,compound_field_severe,155,18,0.09107198566198349,0.5783976316452026,0.3305303752422333,1.2995839858340608
WRD25,hrnet32,compound_field_severe,156,18,0.42105063796043396,0.13780668377876282,0.4411427974700928,1.4403212758605508
WRD25,hrnet32,compound_field_severe,157,18,0.4908255934715271,0.2160567045211792,0.2931177616119385,1.5004862026419366
WRD25,hrnet32,compound_field_severe,158,18,0.44831353425979614,0.10909276455640793,0.44259363412857056,1.3880541426614692
WRD25,hrnet32,compound_field_severe,159,18,0.7797788977622986,0.18579533696174622,0.034425679594278336,0.8983061116124272
WRD25,hrnet32,compound_field_severe,160,18,0.1443055123090744,0.6351617574691772,0.22053277492523193,1.2998908217352987
WRD25,hrnet32,compound_field_severe,161,18,0.32350480556488037,0.48757404088974,0.1889212429523468,1.4861814159419133
WRD25,hrnet32,compound_field_severe,162,18,0.38094809651374817,0.44031548500061035,0.17873646318912506,1.4954702143919791
WRD25,hrnet32,compound_field_severe,163,18,0.18255583941936493,0.3635518252849579,0.453892320394516,1.4958639212257274
WRD25,hrnet32,compound_field_severe,164,18,0.2782297432422638,0.5003520250320435,0.22141821682453156,1.4949778668058895
WRD25,hrnet32,compound_field_severe,165,18,0.17602941393852234,0.19304600358009338,0.630924642086029,1.3184687599097327
WRD25,hrnet32,compound_field_severe,166,18,0.21351410448551178,0.6292002201080322,0.1572856605052948,1.315909581350382
WRD25,hrnet32,compound_field_severe,167,18,0.3161545693874359,0.29368412494659424,0.39016130566596985,1.574144879435523
WRD25,hrnet32,compound_field_severe,168,18,0.26406824588775635,0.5170625448226929,0.21886932849884033,1.4790413911745022
WRD25,hrnet32,compound_field_severe,169,18,0.4117514491081238,0.25872862339019775,0.32951992750167847,1.559499320810672
WRD25,hrnet32,compound_field_severe,170,19,0.41936150193214417,0.3792200982570648,0.20141851902008057,1.5218814272487582
WRD25,hrnet32,compound_field_severe,171,19,0.31816354393959045,0.3142242133617401,0.3676123023033142,1.5811910977091572
WRD25,hrnet32,compound_field_severe,172,19,0.363104909658432,0.24129429459571838,0.395600825548172,1.5548874341808516
WRD25,hrnet32,compound_field_severe,173,19,0.3305724859237671,0.3654528856277466,0.30397456884384155,1.5808592559055026
WRD25,hrnet32,compound_field_severe,174,20,0.2605866491794586,0.2031945139169693,0.5362188220024109,1.4548564913844104
WRD25,hrnet32,compound_field_severe,175,20,0.1132592111825943,0.4870535433292389,0.3996872007846832,1.39019062760093
WRD25,hrnet32,compound_field_severe,176,20,0.34723156690597534,0.40541619062423706,0.24735216796398163,1.5564543164930245
WRD25,hrnet32,compound_field_severe,177,20,0.12418092042207718,0.5102218389511108,0.3655972480773926,1.3997732930721052
WRD25,hrnet32,compound_field_severe,178,21,0.4008025825023651,0.31459274888038635,0.28460466861724854,1.569532494863584
WRD25,hrnet32,compound_field_severe,179,21,0.4430679976940155,0.19179894030094147,0.36513304710388184,1.507991073233621
WRD25,hrnet32,compound_field_severe,180,21,0.4572916328907013,0.3801513910293579,0.1625569462776184,1.472701750968795
WRD25,hrnet32,compound_field_severe,181,21,0.41406384110450745,0.3034628927707672,0.2824733555316925,1.5639788431325474
WRD25,hrnet32,compound_field_severe,182,21,0.07421191781759262,0.5540287494659424,0.3717593848705292,1.2811811418759782
WRD25,hrnet32,compound_field_severe,183,21,0.4617873728275299,0.40302416682243347,0.13518847525119781,1.4334268309243168
WRD25,hrnet32,compound_field_severe,184,21,0.2651807963848114,0.30459317564964294,0.43022602796554565,1.5537126360882518
WRD25,hrnet32,compound_field_severe,185,22,0.04064115881919861,0.5494771003723145,0.40988171100616455,1.1898785981233995
WRD25,hrnet32,compound_field_severe,186,22,0.6525217294692993,0.10877635329961777,0.23870190978050232,1.2433646502301468
WRD25,hrnet32,compound_field_severe,187,22,0.3330523669719696,0.1268806755542755,0.5400668978691101,1.3861952052335385
WRD25,hrnet32,compound_field_severe,188,22,0.06739521026611328,0.7205224633216858,0.21208235621452332,1.077465570128024
WRD25,hrnet32,compound_field_severe,189,22,0.21875423192977905,0.21615716814994812,0.5650885701179504,1.4226414402342369
WRD25,hrnet32,compound_field_severe,190,23,0.5583791732788086,0.13073322176933289,0.31088757514953613,1.377173312251365
WRD25,hrnet32,compound_field_severe,191,23,0.47177398204803467,0.13502053916454315,0.393205463886261,1.4308723903154998
WRD25,hrnet32,compound_field_severe,192,23,0.7337579727172852,0.07898459583520889,0.18725736439228058,1.0695612345690937
WRD25,hrnet32,compound_field_severe,193,23,0.668225109577179,0.1706032007932663,0.16117176413536072,1.2483110655044276
WRD25,hrnet32,compound_field_severe,194,24,0.5124573707580566,0.15836720168590546,0.3291754722595215,1.4429985470016806
WRD25,hrnet32,compound_field_severe,195,24,0.3819904923439026,0.3178805410861969,0.3001289367675781,1.5770773648354224
WRD25,hrnet32,compound_field_severe,196,24,0.6017934083938599,0.16702038049697876,0.23118625581264496,1.3606074881387602
WRD25,hrnet32,compound_field_severe,197,24,0.429514616727829,0.2605036497116089,0.30998173356056213,1.5530030014133436
WRD25,hrnet32,compound_field_severe,198,24,0.38006940484046936,0.22805948555469513,0.39187121391296387,1.5464235202224934
WRD25,hrnet32,compound_field_severe,199,24,0.4993005394935608,0.3526492416858673,0.1480502486228943,1.4385885181171811
